prclient,prid,prid_filtered,prname,prurl,prshortdescription,prdescription,prdisplayprice,prprice,primageurl,prcategory,prsubcategory,prcreatedon,pralternativeurl,prbestseller,prsku,pravailablequantity,pravailability,prquantitysold,prsize,prcolor,prcountry,prfromprice,prposition,isactive,isdefault
40395299,40395299,40395299,2-pack 90D Recycle Tights Boden,https://us.boden.com/products/women-2-pack-90d-recycle-tights-black-a1399blk?tc_ch=display&tc_ve=ba&tc_so=tradedesk&tc_me=pp&tc_ca=bau,,,45.00,45.00,https://cdn.shopify.com/s/files/1/0680/4619/2892/files/25wxms_a1399_blk_01aac0b0-5756-4460-900c-8a709e778b82.jpg?v=1&width=800,Women,Women,22/09/2026,https://us.boden.com/products/women-2-pack-90d-recycle-tights-black-a1399blk?tc_ch=display&tc_ve=ba&tc_so=tradedesk&tc_me=pp&tc_ca=bau,,,1464,IN STOCK,,,Black,,,,TRUE,TRUE
40122532,40122532,40122532,Plain Cami Top Boden,https://us.boden.com/products/women-plain-cami-top-light-beige-wo064lpk?tc_ch=display&tc_ve=ba&tc_so=tradedesk&tc_me=pp&tc_ca=bau,,,29.00,29.00,https://cdn.shopify.com/s/files/1/0680/4619/2892/files/25wxms_wo064_lpk_m01_5cc48547-7f0a-420b-9b27-d2265e02366b.jpg?v=1&width=800,Women,Women,22/09/2026,https://us.boden.com/products/women-plain-cami-top-light-beige-wo064lpk?tc_ch=display&tc_ve=ba&tc_so=tradedesk&tc_me=pp&tc_ca=bau,,,118,IN STOCK,,,Light Beige,,,,TRUE,TRUE
55038892,55038892,55038892,Supersoft Boat Neck T-Shirt Boden,https://us.boden.com/products/women-supersoft-boat-neck-t-shirt-navy-t1658nav?tc_ch=display&tc_ve=ba&tc_so=tradedesk&tc_me=pp&tc_ca=bau,,,27.00,45.00,https://cdn.shopify.com/s/files/1/0680/4619/2892/files/25waut_t1658_nav_m01_5432bbd6-ee2c-40fa-893d-cbee5b236e37.jpg?v=1&width=800,Women,Women,22/09/2026,https://us.boden.com/products/women-supersoft-boat-neck-t-shirt-navy-t1658nav?tc_ch=display&tc_ve=ba&tc_so=tradedesk&tc_me=pp&tc_ca=bau,,,17,IN STOCK,,,Navy,,,,TRUE,TRUE
55038790,55038790,55038790,Supersoft Frill Detail Top Boden,https://us.boden.com/products/women-supersoft-frill-detail-top-navy-t1657nav?tc_ch=display&tc_ve=ba&tc_so=tradedesk&tc_me=pp&tc_ca=bau,,,59.00,59.00,https://cdn.shopify.com/s/files/1/0680/4619/2892/files/24waut_t1657_nav_m02_4e56cac7-6571-4aed-afa2-fcbaa4970032.jpg?v=1&width=800,Women,Women,22/09/2026,https://us.boden.com/products/women-supersoft-frill-detail-top-navy-t1657nav?tc_ch=display&tc_ve=ba&tc_so=tradedesk&tc_me=pp&tc_ca=bau,,,275,IN STOCK,,,Navy,,,,TRUE,TRUE
40332357,40332357,40332357,Classic Bikini Bottoms Boden,https://us.boden.com/products/women-classic-bikini-bottoms-black-s0197blk?tc_ch=display&tc_ve=ba&tc_so=tradedesk&tc_me=pp&tc_ca=bau,,,69.00,69.00,https://cdn.shopify.com/s/files/1/0680/4619/2892/files/23wspr_s0197_blk_m01_c0ef97a4-a093-45db-a69f-9c3b40cfb60c.jpg?v=1&width=800,Women,Women,22/09/2026,https://us.boden.com/products/women-classic-bikini-bottoms-black-s0197blk?tc_ch=display&tc_ve=ba&tc_so=tradedesk&tc_me=pp&tc_ca=bau,,,141,IN STOCK,,,Black,,,,TRUE,TRUE
40495413,40495413,40495413,Whipstitch Classic Belt Boden,https://us.boden.com/products/women-whipstitch-classic-belt-tan-a1764tan?tc_ch=display&tc_ve=ba&tc_so=tradedesk&tc_me=pp&tc_ca=bau,,,66.00,110.00,https://cdn.shopify.com/s/files/1/0680/4619/2892/files/25wxms_a1764_tan_1ad6d7f8-cd82-4fe2-85d8-a647d02b92e0.jpg?v=1&width=800,Women,Women,22/09/2026,https://us.boden.com/products/women-whipstitch-classic-belt-tan-a1764tan?tc_ch=display&tc_ve=ba&tc_so=tradedesk&tc_me=pp&tc_ca=bau,,,386,IN STOCK,,,Tan,,,,TRUE,TRUE
40461139,40461139,40461139,Sparkle Tights Boden,https://us.boden.com/products/women-sparkle-tights-silver-a1635sil?tc_ch=display&tc_ve=ba&tc_so=tradedesk&tc_me=pp&tc_ca=bau,,,45.00,45.00,https://cdn.shopify.com/s/files/1/0680/4619/2892/files/25wxms_a1635_sil_d01.jpg?v=1&width=800,Women,Women,22/09/2026,https://us.boden.com/products/women-sparkle-tights-silver-a1635sil?tc_ch=display&tc_ve=ba&tc_so=tradedesk&tc_me=pp&tc_ca=bau,,,271,IN STOCK,,,Silver,,,,TRUE,TRUE
55003319,55003319,55003319,Slim Pull On Trousers Boden,https://us.boden.com/products/boys-slim-pull-on-trousers-black-b2795blk?tc_ch=display&tc_ve=ba&tc_so=tradedesk&tc_me=pp&tc_ca=bau,,,49.00,49.00,https://cdn.shopify.com/s/files/1/0680/4619/2892/files/25baut_b2795_blk_85c51993-4097-4349-8038-40c1052db084.jpg?v=1&width=800,Boys,Boys,22/09/2026,https://us.boden.com/products/boys-slim-pull-on-trousers-black-b2795blk?tc_ch=display&tc_ve=ba&tc_so=tradedesk&tc_me=pp&tc_ca=bau,,,149,IN STOCK,,,Black,,,,TRUE,TRUE
55038762,55038762,55038762,Supersoft Frill Detail T-shirt Boden,https://us.boden.com/products/women-supersoft-frill-detail-t-shirt-white-t1685wht?tc_ch=display&tc_ve=ba&tc_so=tradedesk&tc_me=pp&tc_ca=bau,,,49.00,49.00,https://cdn.shopify.com/s/files/1/0680/4619/2892/files/25wxms_t1685_wht_m04_50284bb0-0ab6-4d6e-a05f-521a8970c676.jpg?v=1&width=800,Women,Women,22/09/2026,https://us.boden.com/products/women-supersoft-frill-detail-t-shirt-white-t1685wht?tc_ch=display&tc_ve=ba&tc_so=tradedesk&tc_me=pp&tc_ca=bau,,,228,IN STOCK,,,White,,,,TRUE,TRUE
55051867,55051867,55051867,Supersoft Frill Henley Top Boden,https://us.boden.com/products/women-supersoft-frill-henley-top-navy-t1734nav?tc_ch=display&tc_ve=ba&tc_so=tradedesk&tc_me=pp&tc_ca=bau,,,69.00,69.00,https://cdn.shopify.com/s/files/1/0680/4619/2892/files/25wxms_t1734_nav_m01_ed0d2ad0-9be5-4b1e-9119-da242069718e.jpg?v=1&width=800,Women,Women,22/09/2026,https://us.boden.com/products/women-supersoft-frill-henley-top-navy-t1734nav?tc_ch=display&tc_ve=ba&tc_so=tradedesk&tc_me=pp&tc_ca=bau,,,235,IN STOCK,,,Navy,,,,TRUE,TRUE
40332381,40332381,40332381,Classic Bikini Bottoms Boden,https://us.boden.com/products/women-classic-bikini-bottoms-navy-s0197nav?tc_ch=display&tc_ve=ba&tc_so=tradedesk&tc_me=pp&tc_ca=bau,,,69.00,69.00,https://cdn.shopify.com/s/files/1/0680/4619/2892/files/23wspr_s0197_nav_m01_f63ca67a-4848-466e-b190-0cfac74c40ff.jpg?v=1&width=800,Women,Women,22/09/2026,https://us.boden.com/products/women-classic-bikini-bottoms-navy-s0197nav?tc_ch=display&tc_ve=ba&tc_so=tradedesk&tc_me=pp&tc_ca=bau,,,74,IN STOCK,,,Navy,,,,TRUE,TRUE
55010890,55010890,55010890,Chunky T-bar Chain Necklace Boden,https://us.boden.com/products/women-chunky-t-bar-chain-necklace-gold-colour-a1773gld?tc_ch=display&tc_ve=ba&tc_so=tradedesk&tc_me=pp&tc_ca=bau,,,89.00,89.00,https://cdn.shopify.com/s/files/1/0680/4619/2892/files/24waut_a1773_gld_v1.jpg?v=1&width=800,Women,Women,22/09/2026,https://us.boden.com/products/women-chunky-t-bar-chain-necklace-gold-colour-a1773gld?tc_ch=display&tc_ve=ba&tc_so=tradedesk&tc_me=pp&tc_ca=bau,,,144,IN STOCK,,,Gold Colour,,,,TRUE,TRUE
55015974,55015974,55015974,Slim Pull On Trousers Boden,https://us.boden.com/products/boys-slim-pull-on-trousers-college-navy-cord-b2795nvy?tc_ch=display&tc_ve=ba&tc_so=tradedesk&tc_me=pp&tc_ca=bau,,,49.00,49.00,https://cdn.shopify.com/s/files/1/0680/4619/2892/files/25bspr_b2795_nvy_v1_57577322-bdd4-4776-8d3c-a0b9dbb5f9f7.jpg?v=1&width=800,Boys,Boys,22/09/2026,https://us.boden.com/products/boys-slim-pull-on-trousers-college-navy-cord-b2795nvy?tc_ch=display&tc_ve=ba&tc_so=tradedesk&tc_me=pp&tc_ca=bau,,,165,IN STOCK,,,College Navy Cord,,,,TRUE,TRUE
55028664,55028664,55028664,Supersoft Frill Detail T-shirt Boden,https://us.boden.com/products/women-supersoft-frill-detail-t-shirt-black-t1685blk?tc_ch=display&tc_ve=ba&tc_so=tradedesk&tc_me=pp&tc_ca=bau,,,49.00,49.00,https://cdn.shopify.com/s/files/1/0680/4619/2892/files/25wxms_t1685_blk_m01_a5799397-aaa6-4b43-a908-250cb6c977fd.jpg?v=1&width=800,Women,Women,22/09/2026,https://us.boden.com/products/women-supersoft-frill-detail-t-shirt-black-t1685blk?tc_ch=display&tc_ve=ba&tc_so=tradedesk&tc_me=pp&tc_ca=bau,,,304,IN STOCK,,,Black,,,,TRUE,TRUE
55020389,55020389,55020389,Everyday Long Sleeve T-Shirt Boden,https://us.boden.com/products/boys-everyday-long-sleeve-t-shirt-soft-ivory-college-navy-b2814nav?tc_ch=display&tc_ve=ba&tc_so=tradedesk&tc_me=pp&tc_ca=bau,,,25.00,25.00,https://cdn.shopify.com/s/files/1/0680/4619/2892/files/25bwin_b2814_nav_f23c1bdf-b6a8-45fa-8068-5fb29958a274.jpg?v=1&width=800,Boys,Boys,22/09/2026,https://us.boden.com/products/boys-everyday-long-sleeve-t-shirt-soft-ivory-college-navy-b2814nav?tc_ch=display&tc_ve=ba&tc_so=tradedesk&tc_me=pp&tc_ca=bau,,,133,IN STOCK,,,Soft Ivory/ College Navy,,,,TRUE,TRUE
55029251,55029251,55029251,Supersoft Boat Neck T-Shirt Boden,https://us.boden.com/products/women-supersoft-boat-neck-t-shirt-white-t1658wht?tc_ch=display&tc_ve=ba&tc_so=tradedesk&tc_me=pp&tc_ca=bau,,,27.00,45.00,https://cdn.shopify.com/s/files/1/0680/4619/2892/files/25wxms_t1658_wht_m01_69afc498-bc8b-481d-9118-6660fe2c8071.jpg?v=1&width=800,Women,Women,22/09/2026,https://us.boden.com/products/women-supersoft-boat-neck-t-shirt-white-t1658wht?tc_ch=display&tc_ve=ba&tc_so=tradedesk&tc_me=pp&tc_ca=bau,,,13,IN STOCK,,,White,,,,TRUE,TRUE
35794866,35794866,35794866,Plain Cami Top Boden,https://us.boden.com/products/women-plain-cami-top-white-wo064wht?tc_ch=display&tc_ve=ba&tc_so=tradedesk&tc_me=pp&tc_ca=bau,,,29.00,29.00,https://cdn.shopify.com/s/files/1/0680/4619/2892/files/25wxms_wo064_wht_m01_64d51a12-c035-4806-8cf0-316fc68185e3.jpg?v=1&width=800,Women,Women,22/09/2026,https://us.boden.com/products/women-plain-cami-top-white-wo064wht?tc_ch=display&tc_ve=ba&tc_so=tradedesk&tc_me=pp&tc_ca=bau,,,161,IN STOCK,,,White,,,,TRUE,TRUE
55059693,55059693,55059693,Everyday Short Sleeve T-Shirt Boden,https://us.boden.com/products/boys-everyday-short-sleeve-t-shirt-white-b2967wht?tc_ch=display&tc_ve=ba&tc_so=tradedesk&tc_me=pp&tc_ca=bau,,,19.00,19.00,https://cdn.shopify.com/s/files/1/0680/4619/2892/files/25bwin_b2967_wht.jpg?v=1&width=800,Boys,Boys,22/09/2026,https://us.boden.com/products/boys-everyday-short-sleeve-t-shirt-white-b2967wht?tc_ch=display&tc_ve=ba&tc_so=tradedesk&tc_me=pp&tc_ca=bau,,,149,IN STOCK,,,White,,,,TRUE,TRUE
55059548,55059548,55059548,Everyday Short Sleeve T-Shirt Boden,https://us.boden.com/products/boys-everyday-short-sleeve-t-shirt-ivory-college-navy-b2967nav?tc_ch=display&tc_ve=ba&tc_so=tradedesk&tc_me=pp&tc_ca=bau,,,20.00,20.00,https://cdn.shopify.com/s/files/1/0680/4619/2892/files/25bwin_b2967_nav_02eff662-d11e-4b06-8554-834ba94c0f63.jpg?v=1&width=800,Boys,Boys,22/09/2026,https://us.boden.com/products/boys-everyday-short-sleeve-t-shirt-ivory-college-navy-b2967nav?tc_ch=display&tc_ve=ba&tc_so=tradedesk&tc_me=pp&tc_ca=bau,,,161,IN STOCK,,,Ivory/College Navy,,,,TRUE,TRUE
55053396,55053396,55053396,Sienna Linen Shirt Boden,https://us.boden.com/products/women-sienna-linen-shirt-white-t1736wht?tc_ch=display&tc_ve=ba&tc_so=tradedesk&tc_me=pp&tc_ca=bau,,,110.00,110.00,https://cdn.shopify.com/s/files/1/0680/4619/2892/files/25wspr_t1736_wht_m01.jpg?v=1&width=800,Women,Women,22/09/2026,https://us.boden.com/products/women-sienna-linen-shirt-white-t1736wht?tc_ch=display&tc_ve=ba&tc_so=tradedesk&tc_me=pp&tc_ca=bau,,,112,IN STOCK,,,White,,,,TRUE,TRUE
55053421,55053421,55053421,Sienna Linen Shirt Boden,https://us.boden.com/products/women-sienna-linen-shirt-navy-t1736nav?tc_ch=display&tc_ve=ba&tc_so=tradedesk&tc_me=pp&tc_ca=bau,,,110.00,110.00,https://cdn.shopify.com/s/files/1/0680/4619/2892/files/25wspr_t1736_nav_m01.jpg?v=1&width=800,Women,Women,22/09/2026,https://us.boden.com/products/women-sienna-linen-shirt-navy-t1736nav?tc_ch=display&tc_ve=ba&tc_so=tradedesk&tc_me=pp&tc_ca=bau,,,81,IN STOCK,,,Navy,,,,TRUE,TRUE
55049750,55049750,55049750,Supersoft Frill Henley Top Boden,https://us.boden.com/products/women-supersoft-frill-henley-top-white-t1734wht?tc_ch=display&tc_ve=ba&tc_so=tradedesk&tc_me=pp&tc_ca=bau,,,33.99,69.00,https://cdn.shopify.com/s/files/1/0680/4619/2892/files/25wspr_t1734_wht_m01_654be0d8-6e87-4e3b-93b6-32c6727fa2b3.jpg?v=1&width=800,Women,Women,22/09/2026,https://us.boden.com/products/women-supersoft-frill-henley-top-white-t1734wht?tc_ch=display&tc_ve=ba&tc_so=tradedesk&tc_me=pp&tc_ca=bau,,,69,IN STOCK,,,White,,,,TRUE,TRUE
55046276,55046276,55046276,Mykonos Deep V Swimsuit Boden,https://us.boden.com/products/women-mykonos-deep-v-swimsuit-black-s0405blk?tc_ch=display&tc_ve=ba&tc_so=tradedesk&tc_me=pp&tc_ca=bau,,,149.00,149.00,https://cdn.shopify.com/s/files/1/0680/4619/2892/files/25wspr_s0405_blk_m01_v1_c318d01a-05a2-48b2-b395-515f322dedd5.jpg?v=1&width=800,Women,Women,22/09/2026,https://us.boden.com/products/women-mykonos-deep-v-swimsuit-black-s0405blk?tc_ch=display&tc_ve=ba&tc_so=tradedesk&tc_me=pp&tc_ca=bau,,,203,IN STOCK,,,Black,,,,TRUE,TRUE
55049653,55049653,55049653,High Rise Column Leg Jeans Boden,https://us.boden.com/products/women-high-rise-column-leg-jeans-dark-vintage-r0713ind?tc_ch=display&tc_ve=ba&tc_so=tradedesk&tc_me=pp&tc_ca=bau,,,149.00,149.00,https://cdn.shopify.com/s/files/1/0680/4619/2892/files/26waut_r0713_ind_m01.jpg?v=1&width=800,Women,Women,22/09/2026,https://us.boden.com/products/women-high-rise-column-leg-jeans-dark-vintage-r0713ind?tc_ch=display&tc_ve=ba&tc_so=tradedesk&tc_me=pp&tc_ca=bau,,,46,IN STOCK,,,Dark Vintage,,,,TRUE,TRUE
55056088,55056088,55056088,Small Umbrella Boden,https://us.boden.com/products/women-small-umbrella-green-pink-stripe-a1942mul?tc_ch=display&tc_ve=ba&tc_so=tradedesk&tc_me=pp&tc_ca=bau,,,42.00,42.00,https://cdn.shopify.com/s/files/1/0680/4619/2892/files/25wspr_a1942_mul_a402f94c-892e-44b2-a8d3-8563b0eafaf7.jpg?v=1&width=800,Women,Women,22/09/2026,https://us.boden.com/products/women-small-umbrella-green-pink-stripe-a1942mul?tc_ch=display&tc_ve=ba&tc_so=tradedesk&tc_me=pp&tc_ca=bau,,,68,IN STOCK,,,Green/Pink Stripe,,,,TRUE,TRUE
55065287,55065287,55065287,Cotton Crew Long Sleeve Top Boden,https://us.boden.com/products/women-cotton-crew-long-sleeve-top-white-t1829wht?tc_ch=display&tc_ve=ba&tc_so=tradedesk&tc_me=pp&tc_ca=bau,,,45.00,45.00,https://cdn.shopify.com/s/files/1/0680/4619/2892/files/25wspr_t1829_wht_m01_5efc4747-fc54-45b1-a73c-5d03f19eaede.jpg?v=1&width=800,Women,Women,22/09/2026,https://us.boden.com/products/women-cotton-crew-long-sleeve-top-white-t1829wht?tc_ch=display&tc_ve=ba&tc_so=tradedesk&tc_me=pp&tc_ca=bau,,,468,IN STOCK,,,White,,,,TRUE,TRUE
55066826,55066826,55066826,High Rise Column Leg Jeans Boden,https://us.boden.com/products/women-high-rise-column-leg-jeans-mid-vintage-r0713den?tc_ch=display&tc_ve=ba&tc_so=tradedesk&tc_me=pp&tc_ca=bau,,,149.00,149.00,https://cdn.shopify.com/s/files/1/0680/4619/2892/files/26wspr_r0713_den_m01.jpg?v=1&width=800,Women,Women,22/09/2026,https://us.boden.com/products/women-high-rise-column-leg-jeans-mid-vintage-r0713den?tc_ch=display&tc_ve=ba&tc_so=tradedesk&tc_me=pp&tc_ca=bau,,,29,IN STOCK,,,Mid Vintage,,,,TRUE,TRUE
55052516,55052516,55052516,Regular V-Neck Slub Tank Boden,https://us.boden.com/products/women-regular-v-neck-slub-tank-navy-t1825nav?tc_ch=display&tc_ve=ba&tc_so=tradedesk&tc_me=pp&tc_ca=bau,,,32.00,32.00,https://cdn.shopify.com/s/files/1/0680/4619/2892/files/25wspr_t1825_nav_m01_03c356bf-d564-40e8-92d3-246405d7d430.jpg?v=1&width=800,Women,Women,22/09/2026,https://us.boden.com/products/women-regular-v-neck-slub-tank-navy-t1825nav?tc_ch=display&tc_ve=ba&tc_so=tradedesk&tc_me=pp&tc_ca=bau,,,298,IN STOCK,,,Navy,,,,TRUE,TRUE
55067788,55067788,55067788,Rosaline Jersey Skirt Boden,https://us.boden.com/products/women-rosaline-jersey-skirt-navy-r0742nav?tc_ch=display&tc_ve=ba&tc_so=tradedesk&tc_me=pp&tc_ca=bau,,,130.00,130.00,https://cdn.shopify.com/s/files/1/0680/4619/2892/files/25wspr_r0742_nav_m01_4cc8a872-5643-40bd-9e8f-8b235f0e8ba5.jpg?v=1&width=800,Women,Women,22/09/2026,https://us.boden.com/products/women-rosaline-jersey-skirt-navy-r0742nav?tc_ch=display&tc_ve=ba&tc_so=tradedesk&tc_me=pp&tc_ca=bau,,,180,IN STOCK,,,Navy,,,,TRUE,TRUE
55059139,55059139,55059139,Woven Leather Belt Boden,https://us.boden.com/products/women-woven-leather-belt-gold-a1540gol?tc_ch=display&tc_ve=ba&tc_so=tradedesk&tc_me=pp&tc_ca=bau,,,98.00,98.00,https://cdn.shopify.com/s/files/1/0680/4619/2892/files/25wspr_a1540_gol_v1_0040eb8e-f4ec-4e87-983a-63cb61fd1aac.jpg?v=1&width=800,Women,Women,22/09/2026,https://us.boden.com/products/women-woven-leather-belt-gold-a1540gol?tc_ch=display&tc_ve=ba&tc_so=tradedesk&tc_me=pp&tc_ca=bau,,,84,IN STOCK,,,Gold,,,,TRUE,TRUE
55067063,55067063,55067063,Mid Rise Relaxed Jeans Boden,https://us.boden.com/products/women-mid-rise-relaxed-jeans-mid-vintage-r0729den?tc_ch=display&tc_ve=ba&tc_so=tradedesk&tc_me=pp&tc_ca=bau,,,79.99,160.00,https://cdn.shopify.com/s/files/1/0680/4619/2892/files/26wspr_r0729_den_m01_7facb678-2732-486c-a968-2e9d5401feb5.jpg?v=1&width=800,Women,Women,22/09/2026,https://us.boden.com/products/women-mid-rise-relaxed-jeans-mid-vintage-r0729den?tc_ch=display&tc_ve=ba&tc_so=tradedesk&tc_me=pp&tc_ca=bau,,,78,IN STOCK,,,Mid Vintage,,,,TRUE,TRUE
55114442,55114442,55114442,High Rise Jersey Leggings Boden,https://us.boden.com/products/women-high-rise-jersey-leggings-black-r0819blk?tc_ch=display&tc_ve=ba&tc_so=tradedesk&tc_me=pp&tc_ca=bau,,,45.00,45.00,https://cdn.shopify.com/s/files/1/0680/4619/2892/files/25waut_r0819_blk_m01_ca7b6e8b-3d47-44fb-80bb-89bd22c54f15.jpg?v=1&width=800,Women,Women,22/09/2026,https://us.boden.com/products/women-high-rise-jersey-leggings-black-r0819blk?tc_ch=display&tc_ve=ba&tc_so=tradedesk&tc_me=pp&tc_ca=bau,,,78,IN STOCK,,,Black,,,,TRUE,TRUE
55114485,55114485,55114485,High Rise Jersey Leggings Boden,https://us.boden.com/products/women-high-rise-jersey-leggings-navy-r0819nav?tc_ch=display&tc_ve=ba&tc_so=tradedesk&tc_me=pp&tc_ca=bau,,,45.00,45.00,https://cdn.shopify.com/s/files/1/0680/4619/2892/files/25waut_r0819_nav_m01_78354091-1100-40f1-88b6-a6ee7461046c.jpg?v=1&width=800,Women,Women,22/09/2026,https://us.boden.com/products/women-high-rise-jersey-leggings-navy-r0819nav?tc_ch=display&tc_ve=ba&tc_so=tradedesk&tc_me=pp&tc_ca=bau,,,91,IN STOCK,,,Navy,,,,TRUE,TRUE
55091350,55091350,55091350,High Rise Straight Leg Jeans Boden,https://us.boden.com/products/women-high-rise-straight-leg-jeans-mid-vintage-r0761mdn?tc_ch=display&tc_ve=ba&tc_so=tradedesk&tc_me=pp&tc_ca=bau,,,54.99,139.00,https://cdn.shopify.com/s/files/1/0680/4619/2892/files/25wspr_r0761_mdn_m01_77141f0b-a34d-4484-9c5b-f0781a2f3eb2.jpg?v=1&width=800,Women,Women,22/09/2026,https://us.boden.com/products/women-high-rise-straight-leg-jeans-mid-vintage-r0761mdn?tc_ch=display&tc_ve=ba&tc_so=tradedesk&tc_me=pp&tc_ca=bau,,,32,IN STOCK,,,Mid Vintage,,,,TRUE,TRUE
55091474,55091474,55091474,High Rise Straight Leg Jeans Boden,https://us.boden.com/products/women-high-rise-straight-leg-jeans-light-vintage-r0761den?tc_ch=display&tc_ve=ba&tc_so=tradedesk&tc_me=pp&tc_ca=bau,,,97.30,139.00,https://cdn.shopify.com/s/files/1/0680/4619/2892/files/25wspr_r0761_den_m01_d40edb72-3a2b-43e8-bf1d-b2c3c852d9d5.jpg?v=1&width=800,Women,Women,22/09/2026,https://us.boden.com/products/women-high-rise-straight-leg-jeans-light-vintage-r0761den?tc_ch=display&tc_ve=ba&tc_so=tradedesk&tc_me=pp&tc_ca=bau,,,38,IN STOCK,,,Light Vintage,,,,TRUE,TRUE
55091376,55091376,55091376,High Rise Straight Leg Jeans Boden,https://us.boden.com/products/women-high-rise-straight-leg-jeans-indigo-rinse-r0761ind?tc_ch=display&tc_ve=ba&tc_so=tradedesk&tc_me=pp&tc_ca=bau,,,54.99,139.00,https://cdn.shopify.com/s/files/1/0680/4619/2892/files/25wspr_r0761_ind_m01.jpg?v=1&width=800,Women,Women,22/09/2026,https://us.boden.com/products/women-high-rise-straight-leg-jeans-indigo-rinse-r0761ind?tc_ch=display&tc_ve=ba&tc_so=tradedesk&tc_me=pp&tc_ca=bau,,,43,IN STOCK,,,Indigo Rinse,,,,TRUE,TRUE
55064492,55064492,55064492,Classic Bikini Bottoms Boden,https://us.boden.com/products/women-classic-bikini-bottoms-fine-navy-ivory-stripe-s0197nay?tc_ch=display&tc_ve=ba&tc_so=tradedesk&tc_me=pp&tc_ca=bau,,,26.99,69.00,https://cdn.shopify.com/s/files/1/0680/4619/2892/files/25wspr_s0197_nay_m04.jpg?v=1&width=800,Women,Women,22/09/2026,https://us.boden.com/products/women-classic-bikini-bottoms-fine-navy-ivory-stripe-s0197nay?tc_ch=display&tc_ve=ba&tc_so=tradedesk&tc_me=pp&tc_ca=bau,,,43,IN STOCK,,,"Fine Navy, Ivory Stripe",,,,TRUE,TRUE
55125225,55125225,55125225,Naomi Relaxed Jersey Dress Boden,https://us.boden.com/products/women-naomi-relaxed-jersey-dress-black-d1053bla?tc_ch=display&tc_ve=ba&tc_so=tradedesk&tc_me=pp&tc_ca=bau,,,99.00,99.00,https://cdn.shopify.com/s/files/1/0680/4619/2892/files/25wspr_d1053_bla_m01_055b1ec8-f7d8-435e-a741-469b8f5b6945.jpg?v=1&width=800,Women,Women,22/09/2026,https://us.boden.com/products/women-naomi-relaxed-jersey-dress-black-d1053bla?tc_ch=display&tc_ve=ba&tc_so=tradedesk&tc_me=pp&tc_ca=bau,,,415,IN STOCK,,,Black,,,,TRUE,TRUE
55117393,55117393,55117393,7-pack Pointelle Underwear Boden,https://us.boden.com/products/girls-7-pack-pointelle-underwear-multi-colours-c1893mpt?tc_ch=display&tc_ve=ba&tc_so=tradedesk&tc_me=pp&tc_ca=bau,,,59.00,59.00,https://cdn.shopify.com/s/files/1/0680/4619/2892/files/25ghsm_c1893_mpt_v2_ffba50ec-b7fb-4f54-9c16-6bcc3163e3de.jpg?v=1&width=800,Girls,Girls,22/09/2026,https://us.boden.com/products/girls-7-pack-pointelle-underwear-multi-colours-c1893mpt?tc_ch=display&tc_ve=ba&tc_so=tradedesk&tc_me=pp&tc_ca=bau,,,406,IN STOCK,,,Multi Colours,,,,TRUE,TRUE
55111706,55111706,55111706,Layering Necklace Boden,https://us.boden.com/products/women-layering-necklace-gold-colour-a2056pnt?tc_ch=display&tc_ve=ba&tc_so=tradedesk&tc_me=pp&tc_ca=bau,,,79.00,79.00,https://cdn.shopify.com/s/files/1/0680/4619/2892/files/25waut_a2056_pnt_61c0779a-13e2-4be3-9a2b-34a07d778a69.jpg?v=1&width=800,Women,Women,22/09/2026,https://us.boden.com/products/women-layering-necklace-gold-colour-a2056pnt?tc_ch=display&tc_ve=ba&tc_so=tradedesk&tc_me=pp&tc_ca=bau,,,232,IN STOCK,,,Gold Colour,,,,TRUE,TRUE
55111810,55111810,55111810,Layering Necklace Boden,https://us.boden.com/products/women-layering-necklace-gold-colour-a2056spt?tc_ch=display&tc_ve=ba&tc_so=tradedesk&tc_me=pp&tc_ca=bau,,,89.00,89.00,https://cdn.shopify.com/s/files/1/0680/4619/2892/files/25waut_a2056_spt.jpg?v=1&width=800,Women,Women,22/09/2026,https://us.boden.com/products/women-layering-necklace-gold-colour-a2056spt?tc_ch=display&tc_ve=ba&tc_so=tradedesk&tc_me=pp&tc_ca=bau,,,557,IN STOCK,,,Gold Colour,,,,TRUE,TRUE
55094611,55094611,55094611,Belgravia Ponte Pants Boden,https://us.boden.com/products/women-belgravia-ponte-pants-black-r0814blk?tc_ch=display&tc_ve=ba&tc_so=tradedesk&tc_me=pp&tc_ca=bau,,,140.00,140.00,https://cdn.shopify.com/s/files/1/0680/4619/2892/files/26waut_r0814_blk_m01_v1.jpg?v=1&width=800,Women,Women,22/09/2026,https://us.boden.com/products/women-belgravia-ponte-pants-black-r0814blk?tc_ch=display&tc_ve=ba&tc_so=tradedesk&tc_me=pp&tc_ca=bau,,,228,IN STOCK,,,Black,,,,TRUE,TRUE
55095503,55095503,55095503,Naomi Relaxed Jersey Dress Boden,https://us.boden.com/products/women-naomi-relaxed-jersey-dress-navy-d1053nav?tc_ch=display&tc_ve=ba&tc_so=tradedesk&tc_me=pp&tc_ca=bau,,,99.00,99.00,https://cdn.shopify.com/s/files/1/0680/4619/2892/files/25waut_d1053_nav_m04_f9b3daca-fed5-46f6-ac17-473320534d88.jpg?v=1&width=800,Women,Women,22/09/2026,https://us.boden.com/products/women-naomi-relaxed-jersey-dress-navy-d1053nav?tc_ch=display&tc_ve=ba&tc_so=tradedesk&tc_me=pp&tc_ca=bau,,,288,IN STOCK,,,Navy,,,,TRUE,TRUE
55106928,55106928,55106928,High Rise Clean Wide Jeans Boden,https://us.boden.com/products/women-high-rise-clean-wide-jeans-mid-vintage-r0767mdn?tc_ch=display&tc_ve=ba&tc_so=tradedesk&tc_me=pp&tc_ca=bau,,,88.99,179.00,https://cdn.shopify.com/s/files/1/0680/4619/2892/files/25waut_r0767_mdn_m01.jpg?v=1&width=800,Women,Women,22/09/2026,https://us.boden.com/products/women-high-rise-clean-wide-jeans-mid-vintage-r0767mdn?tc_ch=display&tc_ve=ba&tc_so=tradedesk&tc_me=pp&tc_ca=bau,,,10,IN STOCK,,,Mid Vintage,,,,TRUE,TRUE
55133863,55133863,55133863,Twist Buckle Belt Boden,https://us.boden.com/products/women-twist-buckle-belt-tan-suede-a2064tor?tc_ch=display&tc_ve=ba&tc_so=tradedesk&tc_me=pp&tc_ca=bau,,,99.00,99.00,https://cdn.shopify.com/s/files/1/0680/4619/2892/files/25waut_a2064_tor_667ea57a-4abd-457a-bb9e-b1139cbfcf33.jpg?v=1&width=800,Women,Women,22/09/2026,https://us.boden.com/products/women-twist-buckle-belt-tan-suede-a2064tor?tc_ch=display&tc_ve=ba&tc_so=tradedesk&tc_me=pp&tc_ca=bau,,,162,IN STOCK,,,Tan Suede,,,,TRUE,TRUE
55101881,55101881,55101881,Ailsa Block Heel Slingbacks Boden,https://us.boden.com/products/women-ailsa-block-heel-slingbacks-oxblood-a1921brd?tc_ch=display&tc_ve=ba&tc_so=tradedesk&tc_me=pp&tc_ca=bau,,,98.99,199.00,https://cdn.shopify.com/s/files/1/0680/4619/2892/files/25waut_a1921_brd.jpg?v=1&width=800,Women,Women,22/09/2026,https://us.boden.com/products/women-ailsa-block-heel-slingbacks-oxblood-a1921brd?tc_ch=display&tc_ve=ba&tc_so=tradedesk&tc_me=pp&tc_ca=bau,,,28,IN STOCK,,,Oxblood,,,,TRUE,TRUE
55120666,55120666,55120666,Double Twist Earrings Boden,https://us.boden.com/products/women-double-twist-earrings-gold-colour-a2065gol?tc_ch=display&tc_ve=ba&tc_so=tradedesk&tc_me=pp&tc_ca=bau,,,49.00,49.00,https://cdn.shopify.com/s/files/1/0680/4619/2892/files/25waut_a2065_gol_v1_a3bc79b3-d979-4d01-b971-5154306029f7.jpg?v=1&width=800,Women,Women,22/09/2026,https://us.boden.com/products/women-double-twist-earrings-gold-colour-a2065gol?tc_ch=display&tc_ve=ba&tc_so=tradedesk&tc_me=pp&tc_ca=bau,,,347,IN STOCK,,,Gold Colour,,,,TRUE,TRUE
55118732,55118732,55118732,Smooth Dome 2-Pack Earrings Boden,https://us.boden.com/products/women-smooth-dome-2-pack-earrings-gold-colour-a2088gld?tc_ch=display&tc_ve=ba&tc_so=tradedesk&tc_me=pp&tc_ca=bau,,,59.00,59.00,https://cdn.shopify.com/s/files/1/0680/4619/2892/files/25waut_a2088_gld_v1_77e04b05-5893-4998-af7e-722f070c4067.jpg?v=1&width=800,Women,Women,22/09/2026,https://us.boden.com/products/women-smooth-dome-2-pack-earrings-gold-colour-a2088gld?tc_ch=display&tc_ve=ba&tc_so=tradedesk&tc_me=pp&tc_ca=bau,,,269,IN STOCK,,,Gold Colour,,,,TRUE,TRUE
55105609,55105609,55105609,Kensington Cord Pants Boden,https://us.boden.com/products/women-kensington-cord-pants-latte-r0817dbr?tc_ch=display&tc_ve=ba&tc_so=tradedesk&tc_me=pp&tc_ca=bau,,,107.40,179.00,https://cdn.shopify.com/s/files/1/0680/4619/2892/files/25waut_r0817_dbr_m01_fd303b60-0159-4433-b8e4-ebc899b70883.jpg?v=1&width=800,Women,Women,22/09/2026,https://us.boden.com/products/women-kensington-cord-pants-latte-r0817dbr?tc_ch=display&tc_ve=ba&tc_so=tradedesk&tc_me=pp&tc_ca=bau,,,30,IN STOCK,,,Latte,,,,TRUE,TRUE
55130267,55130267,55130267,Canonbury Cotton 7/8 Pants Boden,https://us.boden.com/products/women-canonbury-cotton-7-8-pants-navy-r0836nav?tc_ch=display&tc_ve=ba&tc_so=tradedesk&tc_me=pp&tc_ca=bau,,,110.00,110.00,https://cdn.shopify.com/s/files/1/0680/4619/2892/files/26wspr_r0836_nav_m01.jpg?v=1&width=800,Women,Women,22/09/2026,https://us.boden.com/products/women-canonbury-cotton-7-8-pants-navy-r0836nav?tc_ch=display&tc_ve=ba&tc_so=tradedesk&tc_me=pp&tc_ca=bau,,,67,IN STOCK,,,Navy,,,,TRUE,TRUE
55109028,55109028,55109028,Alice Fluffy Raglan Jumper Boden,https://us.boden.com/products/women-alice-fluffy-raglan-jumper-botanical-garden-k1077grn?tc_ch=display&tc_ve=ba&tc_so=tradedesk&tc_me=pp&tc_ca=bau,,,107.40,179.00,https://cdn.shopify.com/s/files/1/0680/4619/2892/files/25wwin_k1077_grn_m01_d11d2ba2-2abc-4431-9f64-3c45006b3f2d.jpg?v=1&width=800,Women,Women,22/09/2026,https://us.boden.com/products/women-alice-fluffy-raglan-jumper-botanical-garden-k1077grn?tc_ch=display&tc_ve=ba&tc_so=tradedesk&tc_me=pp&tc_ca=bau,,,59,IN STOCK,,,Botanical Garden,,,,TRUE,TRUE
55130650,55130650,55130650,Charlotte Cotton Midi Dress Boden,https://us.boden.com/products/women-charlotte-cotton-midi-dress-navy-d1446nav?tc_ch=display&tc_ve=ba&tc_so=tradedesk&tc_me=pp&tc_ca=bau,,,137.40,229.00,https://cdn.shopify.com/s/files/1/0680/4619/2892/files/25wwin_d1446_nav_m01.jpg?v=1&width=800,Women,Women,22/09/2026,https://us.boden.com/products/women-charlotte-cotton-midi-dress-navy-d1446nav?tc_ch=display&tc_ve=ba&tc_so=tradedesk&tc_me=pp&tc_ca=bau,,,6,IN STOCK,,,Navy,,,,TRUE,TRUE
55113576,55113576,55113576,Orla Short Jersey Shirt Dress Boden,https://us.boden.com/products/women-orla-short-jersey-shirt-dress-chestnut-blossomy-paisley-d1394brn?tc_ch=display&tc_ve=ba&tc_so=tradedesk&tc_me=pp&tc_ca=bau,,,68.99,139.00,https://cdn.shopify.com/s/files/1/0680/4619/2892/files/25wwin_d1394_brn_m01_548bb2e6-7a14-44af-9cee-7ce8fcdce64f.jpg?v=1&width=800,Women,Women,22/09/2026,https://us.boden.com/products/women-orla-short-jersey-shirt-dress-chestnut-blossomy-paisley-d1394brn?tc_ch=display&tc_ve=ba&tc_so=tradedesk&tc_me=pp&tc_ca=bau,,,15,IN STOCK,,,"Chestnut, Blossomy Paisley",,,,TRUE,TRUE
55133940,55133940,55133940,Pleat Jeans Boden,https://us.boden.com/products/girls-pleat-jeans-mid-vintage-denim-g5755mdn?tc_ch=display&tc_ve=ba&tc_so=tradedesk&tc_me=pp&tc_ca=bau,,,38.35,59.00,https://cdn.shopify.com/s/files/1/0680/4619/2892/files/26gspr_g5755_mdn_m01_989e8fee-15e1-484b-a823-122eeb5182a2.jpg?v=1&width=800,Girls,Girls,22/09/2026,https://us.boden.com/products/girls-pleat-jeans-mid-vintage-denim-g5755mdn?tc_ch=display&tc_ve=ba&tc_so=tradedesk&tc_me=pp&tc_ca=bau,,,81,IN STOCK,,,Mid Vintage Denim,,,,TRUE,TRUE
55108959,55108959,55108959,Bloomsbury Wool Pants Boden,https://us.boden.com/products/women-bloomsbury-wool-pants-blue-and-grey-prince-of-wales-r0782blu?tc_ch=display&tc_ve=ba&tc_so=tradedesk&tc_me=pp&tc_ca=bau,,,143.40,239.00,https://cdn.shopify.com/s/files/1/0680/4619/2892/files/25wwin_r0782_blu_m01.jpg?v=1&width=800,Women,Women,22/09/2026,https://us.boden.com/products/women-bloomsbury-wool-pants-blue-and-grey-prince-of-wales-r0782blu?tc_ch=display&tc_ve=ba&tc_so=tradedesk&tc_me=pp&tc_ca=bau,,,46,IN STOCK,,,Blue and Grey Prince of Wales,,,,TRUE,TRUE
55127744,55127744,55127744,Mid Rise Relaxed Jeans Boden,https://us.boden.com/products/women-mid-rise-relaxed-jeans-indigo-r0729ind?tc_ch=display&tc_ve=ba&tc_so=tradedesk&tc_me=pp&tc_ca=bau,,,63.99,160.00,https://cdn.shopify.com/s/files/1/0680/4619/2892/files/25wwin_r0729_ind_m01_cebb4fc6-94b9-458d-bfb2-32288036970a.jpg?v=1&width=800,Women,Women,22/09/2026,https://us.boden.com/products/women-mid-rise-relaxed-jeans-indigo-r0729ind?tc_ch=display&tc_ve=ba&tc_so=tradedesk&tc_me=pp&tc_ca=bau,,,51,IN STOCK,,,Indigo,,,,TRUE,TRUE
55126732,55126732,55126732,Stitch Detail Wide Leg Jeans Boden,https://us.boden.com/products/women-stitch-detail-wide-leg-jeans-mid-vintage-r0831mdn?tc_ch=display&tc_ve=ba&tc_so=tradedesk&tc_me=pp&tc_ca=bau,,,93.99,189.00,https://cdn.shopify.com/s/files/1/0680/4619/2892/files/25wwin_r0831_mdn_m01_ec39486c-1a50-4ddd-adb6-d618b70a656c.jpg?v=1&width=800,Women,Women,22/09/2026,https://us.boden.com/products/women-stitch-detail-wide-leg-jeans-mid-vintage-r0831mdn?tc_ch=display&tc_ve=ba&tc_so=tradedesk&tc_me=pp&tc_ca=bau,,,24,IN STOCK,,,Mid Vintage,,,,TRUE,TRUE
55133875,55133875,55133875,Block Heel Stretch Boots Boden,https://us.boden.com/products/women-block-heel-stretch-boots-acorn-a2132ntl?tc_ch=display&tc_ve=ba&tc_so=tradedesk&tc_me=pp&tc_ca=bau,,,220.00,220.00,https://cdn.shopify.com/s/files/1/0680/4619/2892/files/25wwin_a2132_ntl_0f9cc48a-a7ab-4225-9713-feb383afb44f.jpg?v=1&width=800,Women,Women,22/09/2026,https://us.boden.com/products/women-block-heel-stretch-boots-acorn-a2132ntl?tc_ch=display&tc_ve=ba&tc_so=tradedesk&tc_me=pp&tc_ca=bau,,,57,IN STOCK,,,Acorn,,,,TRUE,TRUE
55126438,55126438,55126438,Bouclé  Raglan Sweater Boden,https://us.boden.com/products/women-boucle-raglan-sweater-warm-ivory-fair-isle-k1181ivo?tc_ch=display&tc_ve=ba&tc_so=tradedesk&tc_me=pp&tc_ca=bau,,,88.99,179.00,https://cdn.shopify.com/s/files/1/0680/4619/2892/files/25wxms_k1181_ivo_m01.jpg?v=1&width=800,Women,Women,22/09/2026,https://us.boden.com/products/women-boucle-raglan-sweater-warm-ivory-fair-isle-k1181ivo?tc_ch=display&tc_ve=ba&tc_so=tradedesk&tc_me=pp&tc_ca=bau,,,37,IN STOCK,,,Warm Ivory Fair Isle,,,,TRUE,TRUE
55126317,55126317,55126317,Fur Collar Cropped Cardigan Boden,https://us.boden.com/products/women-fur-collar-cropped-cardigan-warm-ivory-k1170ivo?tc_ch=display&tc_ve=ba&tc_so=tradedesk&tc_me=pp&tc_ca=bau,,,98.99,199.00,https://cdn.shopify.com/s/files/1/0680/4619/2892/files/25wxms_k1170_ivo_m01_96816a4a-5c27-4909-b4e7-e5cf9d8e0b9d.jpg?v=1&width=800,Women,Women,22/09/2026,https://us.boden.com/products/women-fur-collar-cropped-cardigan-warm-ivory-k1170ivo?tc_ch=display&tc_ve=ba&tc_so=tradedesk&tc_me=pp&tc_ca=bau,,,10,IN STOCK,,,Warm Ivory,,,,TRUE,TRUE
55136117,55136117,55136117,Mid Rise Relaxed Leg Jeans Boden,https://us.boden.com/products/women-mid-rise-relaxed-leg-jeans-dark-vintage-r0847ind?tc_ch=display&tc_ve=ba&tc_so=tradedesk&tc_me=pp&tc_ca=bau,,,125.30,179.00,https://cdn.shopify.com/s/files/1/0680/4619/2892/files/25wxms_r0847_ind_m01_a3f5d931-4d71-4168-8412-30c5a69e29d5.jpg?v=1&width=800,Women,Women,22/09/2026,https://us.boden.com/products/women-mid-rise-relaxed-leg-jeans-dark-vintage-r0847ind?tc_ch=display&tc_ve=ba&tc_so=tradedesk&tc_me=pp&tc_ca=bau,,,38,IN STOCK,,,Dark Vintage,,,,TRUE,TRUE
55136081,55136081,55136081,Lucy Chunky Cotton Sweater Boden,https://us.boden.com/products/women-lucy-chunky-cotton-sweater-camel-melange-neon-stripe-k1239mul?tc_ch=display&tc_ve=ba&tc_so=tradedesk&tc_me=pp&tc_ca=bau,,,98.00,140.00,https://cdn.shopify.com/s/files/1/0680/4619/2892/files/25wxms_k1239_mul_w01_91a8b439-c928-4c34-a51e-1df977343373.jpg?v=1&width=800,Women,Women,22/09/2026,https://us.boden.com/products/women-lucy-chunky-cotton-sweater-camel-melange-neon-stripe-k1239mul?tc_ch=display&tc_ve=ba&tc_so=tradedesk&tc_me=pp&tc_ca=bau,,,33,IN STOCK,,,"Camel Melange, Neon Stripe",,,,TRUE,TRUE
55134385,55134385,55134385,Pretty Interest Shirt Dress Boden,https://us.boden.com/products/girls-pretty-interest-shirt-dress-salmon-pink-meadow-floral-g5762pnk?tc_ch=display&tc_ve=ba&tc_so=tradedesk&tc_me=pp&tc_ca=bau,,,30.99,79.00,https://cdn.shopify.com/s/files/1/0680/4619/2892/files/25gwin_g5762_pnk_w01_43f27ff6-4c1d-460a-8643-f7103c5b9de0.jpg?v=1&width=800,Girls,Girls,22/09/2026,https://us.boden.com/products/girls-pretty-interest-shirt-dress-salmon-pink-meadow-floral-g5762pnk?tc_ch=display&tc_ve=ba&tc_so=tradedesk&tc_me=pp&tc_ca=bau,,,180,IN STOCK,,,Salmon Pink Meadow Floral,,,,TRUE,TRUE
55148797,55148797,55148797,Bridget Ponte Shirt Dress Boden,https://us.boden.com/products/women-bridget-ponte-shirt-dress-navy-d1491nav?tc_ch=display&tc_ve=ba&tc_so=tradedesk&tc_me=pp&tc_ca=bau,,,132.00,220.00,https://cdn.shopify.com/s/files/1/0680/4619/2892/files/25wxms_d1491_nav_m04_v1_557b1b49-d44b-4a8f-9163-93947a7e9006.jpg?v=1&width=800,Women,Women,22/09/2026,https://us.boden.com/products/women-bridget-ponte-shirt-dress-navy-d1491nav?tc_ch=display&tc_ve=ba&tc_so=tradedesk&tc_me=pp&tc_ca=bau,,,177,IN STOCK,,,Navy,,,,TRUE,TRUE
55145482,55145482,55145482,Caryl Double Strap Sandals Boden,https://us.boden.com/products/women-caryl-double-strap-sandals-tan-a2178brn?tc_ch=display&tc_ve=ba&tc_so=tradedesk&tc_me=pp&tc_ca=bau,,,75.99,190.00,https://cdn.shopify.com/s/files/1/0680/4619/2892/files/26wspr_a2178_brn_v1_3019c5d2-092a-4c5d-a695-f6ddba589d66.jpg?v=1&width=800,Women,Women,22/09/2026,https://us.boden.com/products/women-caryl-double-strap-sandals-tan-a2178brn?tc_ch=display&tc_ve=ba&tc_so=tradedesk&tc_me=pp&tc_ca=bau,,,26,IN STOCK,,,Tan,,,,TRUE,TRUE
55139650,55139650,55139650,Etta Ghillie Mule Clogs Boden,https://us.boden.com/products/women-etta-ghillie-mule-clogs-classic-leopard-a2147ltu?tc_ch=display&tc_ve=ba&tc_so=tradedesk&tc_me=pp&tc_ca=bau,,,87.99,220.00,https://cdn.shopify.com/s/files/1/0680/4619/2892/files/26wspr_a2147_ltu_v1_9841cbdc-6c3f-417e-b784-c5941b0f0629.jpg?v=1&width=800,Women,Women,22/09/2026,https://us.boden.com/products/women-etta-ghillie-mule-clogs-classic-leopard-a2147ltu?tc_ch=display&tc_ve=ba&tc_so=tradedesk&tc_me=pp&tc_ca=bau,,,30,IN STOCK,,,Classic Leopard,,,,TRUE,TRUE
55138573,55138573,55138573,Point Flexi Sole Flats Boden,https://us.boden.com/products/women-point-flexi-sole-flats-pink-suede-a2029prl?tc_ch=display&tc_ve=ba&tc_so=tradedesk&tc_me=pp&tc_ca=bau,,,79.99,160.00,https://cdn.shopify.com/s/files/1/0680/4619/2892/files/26wspr_a2029_prl_v1_e6ecc210-739f-4dfd-b385-27302353b996.jpg?v=1&width=800,Women,Women,22/09/2026,https://us.boden.com/products/women-point-flexi-sole-flats-pink-suede-a2029prl?tc_ch=display&tc_ve=ba&tc_so=tradedesk&tc_me=pp&tc_ca=bau,,,29,IN STOCK,,,Pink Suede,,,,TRUE,TRUE
55144169,55144169,55144169,Lyla Double Buckle Sliders Boden,https://us.boden.com/products/women-lyla-double-buckle-sliders-khaki-pink-a1692chk?tc_ch=display&tc_ve=ba&tc_so=tradedesk&tc_me=pp&tc_ca=bau,,,89.00,89.00,https://cdn.shopify.com/s/files/1/0680/4619/2892/files/26wspr_a1692_chk_v1_fe96cfb7-3131-469c-b7a7-b2382c7eb905.jpg?v=1&width=800,Women,Women,22/09/2026,https://us.boden.com/products/women-lyla-double-buckle-sliders-khaki-pink-a1692chk?tc_ch=display&tc_ve=ba&tc_so=tradedesk&tc_me=pp&tc_ca=bau,,,176,IN STOCK,,,Khaki/Pink,,,,TRUE,TRUE
55138540,55138540,55138540,Etta Ghillie Mule Clogs Boden,https://us.boden.com/products/women-etta-ghillie-mule-clogs-tan-a2147tor?tc_ch=display&tc_ve=ba&tc_so=tradedesk&tc_me=pp&tc_ca=bau,,,87.99,220.00,https://cdn.shopify.com/s/files/1/0680/4619/2892/files/26wspr_a2147_tor_v1_5be1c2fb-d0fb-4606-8258-675370ae1bfe.jpg?v=1&width=800,Women,Women,22/09/2026,https://us.boden.com/products/women-etta-ghillie-mule-clogs-tan-a2147tor?tc_ch=display&tc_ve=ba&tc_so=tradedesk&tc_me=pp&tc_ca=bau,,,53,IN STOCK,,,Tan,,,,TRUE,TRUE
55137293,55137293,55137293,Leather High Tops Boden,https://us.boden.com/products/boys-leather-high-tops-multi-stripe-c1949mul?tc_ch=display&tc_ve=ba&tc_so=tradedesk&tc_me=pp&tc_ca=bau,,,52.50,75.00,https://cdn.shopify.com/s/files/1/0680/4619/2892/files/26bspr_c1949_mul_a102a87c-6681-4156-adf5-c0635a7ea0ae.jpg?v=1&width=800,Boys,Boys,22/09/2026,https://us.boden.com/products/boys-leather-high-tops-multi-stripe-c1949mul?tc_ch=display&tc_ve=ba&tc_so=tradedesk&tc_me=pp&tc_ca=bau,,,29,IN STOCK,,,Multi Stripe,,,,TRUE,TRUE
55139161,55139161,55139161,Classic Bikini Bottoms Boden,https://us.boden.com/products/women-classic-bikini-bottoms-multi-ornamental-stamp-s0197mul?tc_ch=display&tc_ve=ba&tc_so=tradedesk&tc_me=pp&tc_ca=bau,,,48.99,99.00,https://cdn.shopify.com/s/files/1/0680/4619/2892/files/26wspr_s0197_mul_m01_570b5115-b41f-4658-8a04-9c244f40d642.jpg?v=1&width=800,Women,Women,22/09/2026,https://us.boden.com/products/women-classic-bikini-bottoms-multi-ornamental-stamp-s0197mul?tc_ch=display&tc_ve=ba&tc_so=tradedesk&tc_me=pp&tc_ca=bau,,,32,IN STOCK,,,"Multi, Ornamental Stamp",,,,TRUE,TRUE
55136556,55136556,55136556,Colourblock Zip-through Hoodie Boden,https://us.boden.com/products/boys-colourblock-zip-through-hoodie-grey-marl-colourblock-b3187gry?tc_ch=display&tc_ve=ba&tc_so=tradedesk&tc_me=pp&tc_ca=bau,,,38.50,55.00,https://cdn.shopify.com/s/files/1/0680/4619/2892/files/26bspr_b3187_gry_3a9669f2-976f-4a11-a13d-d729de7e7a34.jpg?v=1&width=800,Boys,Boys,22/09/2026,https://us.boden.com/products/boys-colourblock-zip-through-hoodie-grey-marl-colourblock-b3187gry?tc_ch=display&tc_ve=ba&tc_so=tradedesk&tc_me=pp&tc_ca=bau,,,23,IN STOCK,,,GREY MARL COLOURBLOCK,,,,TRUE,TRUE
55155286,55155286,55155286,Classic Fold Bikini Bottoms Boden,https://us.boden.com/products/women-classic-fold-bikini-bottoms-navy-rhythmic-wave-s0154ngm?tc_ch=display&tc_ve=ba&tc_so=tradedesk&tc_me=pp&tc_ca=bau,,,62.30,89.00,https://cdn.shopify.com/s/files/1/0680/4619/2892/files/26wspr_s0154_ngm_m01.jpg?v=1&width=800,Women,Women,22/09/2026,https://us.boden.com/products/women-classic-fold-bikini-bottoms-navy-rhythmic-wave-s0154ngm?tc_ch=display&tc_ve=ba&tc_so=tradedesk&tc_me=pp&tc_ca=bau,,,93,IN STOCK,,,"Navy, Rhythmic Wave",,,,TRUE,TRUE
55136216,55136216,55136216,Sophie Puff Sleeve T-shirt Boden,https://us.boden.com/products/women-sophie-puff-sleeve-t-shirt-navy-t2017nav?tc_ch=display&tc_ve=ba&tc_so=tradedesk&tc_me=pp&tc_ca=bau,,,39.00,39.00,https://cdn.shopify.com/s/files/1/0680/4619/2892/files/26wspr_t2017_nav_m01.jpg?v=1&width=800,Women,Women,22/09/2026,https://us.boden.com/products/women-sophie-puff-sleeve-t-shirt-navy-t2017nav?tc_ch=display&tc_ve=ba&tc_so=tradedesk&tc_me=pp&tc_ca=bau,,,297,IN STOCK,,,Navy,,,,TRUE,TRUE
55142609,55142609,55142609,Towelling Zip-Up Throw-On Boden,https://us.boden.com/products/boys-towelling-zip-up-throw-on-blue-waves-b2997mbl?tc_ch=display&tc_ve=ba&tc_so=tradedesk&tc_me=pp&tc_ca=bau,,,34.30,49.00,https://cdn.shopify.com/s/files/1/0680/4619/2892/files/26bspr_b2997_mbl_3fc3b86c-8da5-44be-8330-b11b30fffc98.jpg?v=1&width=800,Boys,Boys,22/09/2026,https://us.boden.com/products/boys-towelling-zip-up-throw-on-blue-waves-b2997mbl?tc_ch=display&tc_ve=ba&tc_so=tradedesk&tc_me=pp&tc_ca=bau,,,46,IN STOCK,,,Blue Waves,,,,TRUE,TRUE
55142215,55142215,55142215,High Rise Straight Jeans Boden,https://us.boden.com/products/women-high-rise-straight-jeans-pink-blue-ivory-stripe-r0888pnk?tc_ch=display&tc_ve=ba&tc_so=tradedesk&tc_me=pp&tc_ca=bau,,,63.99,160.00,https://cdn.shopify.com/s/files/1/0680/4619/2892/files/26wspr_r0888_pnk_m01_b317c931-ea90-4c04-bacc-a9d8381f203e.jpg?v=1&width=800,Women,Women,22/09/2026,https://us.boden.com/products/women-high-rise-straight-jeans-pink-blue-ivory-stripe-r0888pnk?tc_ch=display&tc_ve=ba&tc_so=tradedesk&tc_me=pp&tc_ca=bau,,,11,IN STOCK,,,"Pink, Blue & Ivory Stripe",,,,TRUE,TRUE
55152713,55152713,55152713,Supersoft Open Neck Henley Boden,https://us.boden.com/products/women-supersoft-open-neck-henley-pomegranate-t2014red?tc_ch=display&tc_ve=ba&tc_so=tradedesk&tc_me=pp&tc_ca=bau,,,33.99,69.00,https://cdn.shopify.com/s/files/1/0680/4619/2892/files/26wspr_t2014_red_m01_b7aba38e-08e4-4990-b1d6-c9dcc66844a3.jpg?v=1&width=800,Women,Women,22/09/2026,https://us.boden.com/products/women-supersoft-open-neck-henley-pomegranate-t2014red?tc_ch=display&tc_ve=ba&tc_so=tradedesk&tc_me=pp&tc_ca=bau,,,9,IN STOCK,,,Pomegranate,,,,TRUE,TRUE
55149251,55149251,55149251,Brooke Double Layer T-shirt Boden,https://us.boden.com/products/women-brooke-double-layer-t-shirt-black-t2024blk?tc_ch=display&tc_ve=ba&tc_so=tradedesk&tc_me=pp&tc_ca=bau,,,49.00,49.00,https://cdn.shopify.com/s/files/1/0680/4619/2892/files/26wspr_t2024_blk_m01_44a3e70e-6481-4945-833b-f11deab24eff.jpg?v=1&width=800,Women,Women,22/09/2026,https://us.boden.com/products/women-brooke-double-layer-t-shirt-black-t2024blk?tc_ch=display&tc_ve=ba&tc_so=tradedesk&tc_me=pp&tc_ca=bau,,,276,IN STOCK,,,Black,,,,TRUE,TRUE
55151352,55151352,55151352,Trim Knitted Dress Boden,https://us.boden.com/products/women-trim-knitted-dress-navy-d1507nav?tc_ch=display&tc_ve=ba&tc_so=tradedesk&tc_me=pp&tc_ca=bau,,,132.00,220.00,https://cdn.shopify.com/s/files/1/0680/4619/2892/files/26wspr_d1507_nav_m01_c620e41c-a21f-4aa9-ba37-4a44bf933bd1.jpg?v=1&width=800,Women,Women,22/09/2026,https://us.boden.com/products/women-trim-knitted-dress-navy-d1507nav?tc_ch=display&tc_ve=ba&tc_so=tradedesk&tc_me=pp&tc_ca=bau,,,30,IN STOCK,,,Navy,,,,TRUE,TRUE
55161931,55161931,55161931,Long Sleeve Mix Media Dress Boden,https://us.boden.com/products/women-long-sleeve-mix-media-dress-navy-d1602nav?tc_ch=display&tc_ve=ba&tc_so=tradedesk&tc_me=pp&tc_ca=bau,,,114.00,190.00,https://cdn.shopify.com/s/files/1/0680/4619/2892/files/26wspr_d1602_nav_m01_v1_9709b407-dba4-4ad6-92d0-61179fd6ee4e.jpg?v=1&width=800,Women,Women,22/09/2026,https://us.boden.com/products/women-long-sleeve-mix-media-dress-navy-d1602nav?tc_ch=display&tc_ve=ba&tc_so=tradedesk&tc_me=pp&tc_ca=bau,,,25,IN STOCK,,,Navy,,,,TRUE,TRUE
55137567,55137567,55137567,Duffle Quilted Parka Boden,https://us.boden.com/products/women-duffle-quilted-parka-green-u0422grn?tc_ch=display&tc_ve=ba&tc_so=tradedesk&tc_me=pp&tc_ca=bau,,,162.00,270.00,https://cdn.shopify.com/s/files/1/0680/4619/2892/files/26wspr_u0422_grn_m01_1fc6e6dd-c88f-42f4-8a5a-927156379b73.jpg?v=1&width=800,Women,Women,22/09/2026,https://us.boden.com/products/women-duffle-quilted-parka-green-u0422grn?tc_ch=display&tc_ve=ba&tc_so=tradedesk&tc_me=pp&tc_ca=bau,,,20,IN STOCK,,,Green,,,,TRUE,TRUE
55161202,55161202,55161202,Cary Cotton Midi Dress Boden,https://us.boden.com/products/women-cary-cotton-midi-dress-bright-blue-varigated-stripe-d1523blu?tc_ch=display&tc_ve=ba&tc_so=tradedesk&tc_me=pp&tc_ca=bau,,,176.00,220.00,https://cdn.shopify.com/s/files/1/0680/4619/2892/files/26wspr_d1523_blu_m01_v3.jpg?v=1&width=800,Women,Women,22/09/2026,https://us.boden.com/products/women-cary-cotton-midi-dress-bright-blue-varigated-stripe-d1523blu?tc_ch=display&tc_ve=ba&tc_so=tradedesk&tc_me=pp&tc_ca=bau,,,47,IN STOCK,,,Bright Blue Varigated Stripe,,,,TRUE,TRUE
55160574,55160574,55160574,Ava Cotton Midi Dress Boden,https://us.boden.com/products/women-ava-cotton-midi-dress-denim-blue-blossomy-sprig-d1519blu?tc_ch=display&tc_ve=ba&tc_so=tradedesk&tc_me=pp&tc_ca=bau,,,132.00,220.00,https://cdn.shopify.com/s/files/1/0680/4619/2892/files/26wspr_d1519_blu_m04.jpg?v=1&width=800,Women,Women,22/09/2026,https://us.boden.com/products/women-ava-cotton-midi-dress-denim-blue-blossomy-sprig-d1519blu?tc_ch=display&tc_ve=ba&tc_so=tradedesk&tc_me=pp&tc_ca=bau,,,11,IN STOCK,,,"Denim Blue, Blossomy Sprig",,,,TRUE,TRUE
55138556,55138556,55138556,Bloomsbury Cotton Pants Boden,https://us.boden.com/products/women-bloomsbury-cotton-pants-pink-peony-r0861bpk?tc_ch=display&tc_ve=ba&tc_so=tradedesk&tc_me=pp&tc_ca=bau,,,107.40,179.00,https://cdn.shopify.com/s/files/1/0680/4619/2892/files/26wspr_r0861_bpk_m01_v2_083b886a-ce7e-4ad8-a5a7-99ebb68f4bbc.jpg?v=1&width=800,Women,Women,22/09/2026,https://us.boden.com/products/women-bloomsbury-cotton-pants-pink-peony-r0861bpk?tc_ch=display&tc_ve=ba&tc_so=tradedesk&tc_me=pp&tc_ca=bau,,,13,IN STOCK,,,Pink Peony,,,,TRUE,TRUE
55140410,55140410,55140410,Exposed Button Straight Jeans Boden,https://us.boden.com/products/women-exposed-button-straight-jeans-brown-r0841brn?tc_ch=display&tc_ve=ba&tc_so=tradedesk&tc_me=pp&tc_ca=bau,,,114.00,190.00,https://cdn.shopify.com/s/files/1/0680/4619/2892/files/26wspr_r0841_brn_m01_v1.jpg?v=1&width=800,Women,Women,22/09/2026,https://us.boden.com/products/women-exposed-button-straight-jeans-brown-r0841brn?tc_ch=display&tc_ve=ba&tc_so=tradedesk&tc_me=pp&tc_ca=bau,,,20,IN STOCK,,,Brown,,,,TRUE,TRUE
55181281,55181281,55181281,Rib Henley Boden,https://us.boden.com/products/women-rib-henley-sailor-blue-t1928lbl?tc_ch=display&tc_ve=ba&tc_so=tradedesk&tc_me=pp&tc_ca=bau,,,41.40,69.00,https://cdn.shopify.com/s/files/1/0680/4619/2892/files/26wspr_t1928_lbl_m01.jpg?v=1&width=800,Women,Women,22/09/2026,https://us.boden.com/products/women-rib-henley-sailor-blue-t1928lbl?tc_ch=display&tc_ve=ba&tc_so=tradedesk&tc_me=pp&tc_ca=bau,,,27,IN STOCK,,,Sailor Blue,,,,TRUE,TRUE
55149611,55149611,55149611,Brooke Double Layer Tank Boden,https://us.boden.com/products/women-brooke-double-layer-tank-navy-t2033nav?tc_ch=display&tc_ve=ba&tc_so=tradedesk&tc_me=pp&tc_ca=bau,,,45.00,45.00,https://cdn.shopify.com/s/files/1/0680/4619/2892/files/26wspr_t2033_nav_m01_v2.jpg?v=1&width=800,Women,Women,22/09/2026,https://us.boden.com/products/women-brooke-double-layer-tank-navy-t2033nav?tc_ch=display&tc_ve=ba&tc_so=tradedesk&tc_me=pp&tc_ca=bau,,,151,IN STOCK,,,Navy,,,,TRUE,TRUE
55171518,55171518,55171518,Cotton Crew Neck T-shirt Boden,https://us.boden.com/products/women-cotton-crew-neck-t-shirt-black-t2135blk?tc_ch=display&tc_ve=ba&tc_so=tradedesk&tc_me=pp&tc_ca=bau,,,45.00,45.00,https://cdn.shopify.com/s/files/1/0680/4619/2892/files/26wspr_t2135_blk_m01.jpg?v=1&width=800,Women,Women,22/09/2026,https://us.boden.com/products/women-cotton-crew-neck-t-shirt-black-t2135blk?tc_ch=display&tc_ve=ba&tc_so=tradedesk&tc_me=pp&tc_ca=bau,,,454,IN STOCK,,,Black,,,,TRUE,TRUE
55153725,55153725,55153725,Closed Back Block Heel Boden,https://us.boden.com/products/women-closed-back-block-heel-red-a2152red?tc_ch=display&tc_ve=ba&tc_so=tradedesk&tc_me=pp&tc_ca=bau,,,87.99,220.00,https://cdn.shopify.com/s/files/1/0680/4619/2892/files/26wspr_a2152_red_v1_9839f79f-9bcb-47c6-8877-24abea1cf095.jpg?v=1&width=800,Women,Women,22/09/2026,https://us.boden.com/products/women-closed-back-block-heel-red-a2152red?tc_ch=display&tc_ve=ba&tc_so=tradedesk&tc_me=pp&tc_ca=bau,,,15,IN STOCK,,,Red,,,,TRUE,TRUE
55149356,55149356,55149356,Brooke Double Layer T-shirt Boden,https://us.boden.com/products/women-brooke-double-layer-t-shirt-white-t2024wht?tc_ch=display&tc_ve=ba&tc_so=tradedesk&tc_me=pp&tc_ca=bau,,,49.00,49.00,https://cdn.shopify.com/s/files/1/0680/4619/2892/files/26wspr_t2024_wht_m01_dd4bce8c-10f2-45be-ab09-6e76fd135976.jpg?v=1&width=800,Women,Women,22/09/2026,https://us.boden.com/products/women-brooke-double-layer-t-shirt-white-t2024wht?tc_ch=display&tc_ve=ba&tc_so=tradedesk&tc_me=pp&tc_ca=bau,,,920,IN STOCK,,,White,,,,TRUE,TRUE
55138661,55138661,55138661,Pocket Detail Wide Leg Jeans Boden,https://us.boden.com/products/women-pocket-detail-wide-leg-jeans-mid-vintage-r0890mdn?tc_ch=display&tc_ve=ba&tc_so=tradedesk&tc_me=pp&tc_ca=bau,,,63.99,160.00,https://cdn.shopify.com/s/files/1/0680/4619/2892/files/26wspr_r0890_mdn_m01_393d0382-b183-4d89-a089-205a1d9865c4.jpg?v=1&width=800,Women,Women,22/09/2026,https://us.boden.com/products/women-pocket-detail-wide-leg-jeans-mid-vintage-r0890mdn?tc_ch=display&tc_ve=ba&tc_so=tradedesk&tc_me=pp&tc_ca=bau,,,31,IN STOCK,,,Mid Vintage,,,,TRUE,TRUE
55156194,55156194,55156194,Classic Fold Bikini Bottoms Boden,https://us.boden.com/products/women-classic-fold-bikini-bottoms-pink-zig-zag-wave-s0154ltu?tc_ch=display&tc_ve=ba&tc_so=tradedesk&tc_me=pp&tc_ca=bau,,,62.30,89.00,https://cdn.shopify.com/s/files/1/0680/4619/2892/files/26wsum_s0154_ltu_m01.jpg?v=1&width=800,Women,Women,22/09/2026,https://us.boden.com/products/women-classic-fold-bikini-bottoms-pink-zig-zag-wave-s0154ltu?tc_ch=display&tc_ve=ba&tc_so=tradedesk&tc_me=pp&tc_ca=bau,,,71,IN STOCK,,,"Pink, Zig zag Wave",,,,TRUE,TRUE
55151506,55151506,55151506,Pull On Double Cloth Shorts Boden,https://us.boden.com/products/women-pull-on-double-cloth-shorts-pomegranate-r0885dpk?tc_ch=display&tc_ve=ba&tc_so=tradedesk&tc_me=pp&tc_ca=bau,,,62.30,89.00,https://cdn.shopify.com/s/files/1/0680/4619/2892/files/26wsum_r0885_dpk_m01_a916d60f-ca80-42ea-a7f1-ba2fe461a97c.jpg?v=1&width=800,Women,Women,22/09/2026,https://us.boden.com/products/women-pull-on-double-cloth-shorts-pomegranate-r0885dpk?tc_ch=display&tc_ve=ba&tc_so=tradedesk&tc_me=pp&tc_ca=bau,,,15,IN STOCK,,,Pomegranate,,,,TRUE,TRUE
55159357,55159357,55159357,Classic Bikini Bottoms Boden,https://us.boden.com/products/women-classic-bikini-bottoms-multi-leafy-cascade-s0197mrl?tc_ch=display&tc_ve=ba&tc_so=tradedesk&tc_me=pp&tc_ca=bau,,,26.99,69.00,https://cdn.shopify.com/s/files/1/0680/4619/2892/files/26wsum_s0197_mrl_m01_3d6b7473-cf66-4dd9-853f-78a39c538a13.jpg?v=1&width=800,Women,Women,22/09/2026,https://us.boden.com/products/women-classic-bikini-bottoms-multi-leafy-cascade-s0197mrl?tc_ch=display&tc_ve=ba&tc_so=tradedesk&tc_me=pp&tc_ca=bau,,,61,IN STOCK,,,"Multi, Leafy Cascade",,,,TRUE,TRUE
55147722,55147722,55147722,Bow Halter Swimsuit Boden,https://us.boden.com/products/women-bow-halter-swimsuit-multi-stripe-s0450mlt?tc_ch=display&tc_ve=ba&tc_so=tradedesk&tc_me=pp&tc_ca=bau,,,77.00,110.00,https://cdn.shopify.com/s/files/1/0680/4619/2892/files/26wsum_s0450_mlt_m01_f0053420-9508-4c2c-aa5e-049582ff4d1d.jpg?v=1&width=800,Women,Women,22/09/2026,https://us.boden.com/products/women-bow-halter-swimsuit-multi-stripe-s0450mlt?tc_ch=display&tc_ve=ba&tc_so=tradedesk&tc_me=pp&tc_ca=bau,,,39,IN STOCK,,,Multi Stripe,,,,TRUE,TRUE
55187775,55187775,55187775,Flexi Tie Mary Janes Boden,https://us.boden.com/products/women-flexi-tie-mary-janes-chocolate-a2198chc?tc_ch=display&tc_ve=ba&tc_so=tradedesk&tc_me=pp&tc_ca=bau,,,89.00,89.00,https://cdn.shopify.com/s/files/1/0680/4619/2892/files/26wwin_a2198_chc_ff7c2944-b28e-4897-b7f0-2baaf91455c4.jpg?v=1&width=800,Women,Women,22/09/2026,https://us.boden.com/products/women-flexi-tie-mary-janes-chocolate-a2198chc?tc_ch=display&tc_ve=ba&tc_so=tradedesk&tc_me=pp&tc_ca=bau,,,157,IN STOCK,,,Chocolate,,,,TRUE,TRUE
55189182,55189182,55189182,Liz Knitted Tank Boden,https://us.boden.com/products/women-liz-knitted-tank-true-navy-stripe-k1227blu?tc_ch=display&tc_ve=ba&tc_so=tradedesk&tc_me=pp&tc_ca=bau,,,54.99,110.00,https://cdn.shopify.com/s/files/1/0680/4619/2892/files/26wsum_k1227_blu_m01_5e2d9f36-3108-4789-9459-bf377f82a09e.jpg?v=1&width=800,Women,Women,22/09/2026,https://us.boden.com/products/women-liz-knitted-tank-true-navy-stripe-k1227blu?tc_ch=display&tc_ve=ba&tc_so=tradedesk&tc_me=pp&tc_ca=bau,,,24,IN STOCK,,,True Navy Stripe,,,,TRUE,TRUE
55159735,55159735,55159735,Short Sleeve Knit Shirt Boden,https://us.boden.com/products/women-short-sleeve-knit-shirt-bright-cherry-k1209red?tc_ch=display&tc_ve=ba&tc_so=tradedesk&tc_me=pp&tc_ca=bau,,,69.99,140.00,https://cdn.shopify.com/s/files/1/0680/4619/2892/files/26wsum_k1209_red_m01_0f73d54a-0b59-4d06-9f71-f720538f5841.jpg?v=1&width=800,Women,Women,22/09/2026,https://us.boden.com/products/women-short-sleeve-knit-shirt-bright-cherry-k1209red?tc_ch=display&tc_ve=ba&tc_so=tradedesk&tc_me=pp&tc_ca=bau,,,19,IN STOCK,,,Bright Cherry,,,,TRUE,TRUE
55151491,55151491,55151491,Kensington Linen Shorts Boden,https://us.boden.com/products/women-kensington-linen-shorts-poppy-red-ornamental-garden-r0902red?tc_ch=display&tc_ve=ba&tc_so=tradedesk&tc_me=pp&tc_ca=bau,,,84.00,140.00,https://cdn.shopify.com/s/files/1/0680/4619/2892/files/26wsum_r0902_red_m01.jpg?v=1&width=800,Women,Women,22/09/2026,https://us.boden.com/products/women-kensington-linen-shorts-poppy-red-ornamental-garden-r0902red?tc_ch=display&tc_ve=ba&tc_so=tradedesk&tc_me=pp&tc_ca=bau,,,44,IN STOCK,,,"Poppy Red, Ornamental Garden",,,,TRUE,TRUE
55155637,55155637,55155637,Edi Trim Detail T-shirt Boden,https://us.boden.com/products/women-edi-trim-detail-t-shirt-porcelain-rose-t2048pin?tc_ch=display&tc_ve=ba&tc_so=tradedesk&tc_me=pp&tc_ca=bau,,,30.99,79.00,https://cdn.shopify.com/s/files/1/0680/4619/2892/files/26wsum_t2048_pin_m02_663c75c0-2e10-484c-914b-8b76b8bf9852.jpg?v=1&width=800,Women,Women,22/09/2026,https://us.boden.com/products/women-edi-trim-detail-t-shirt-porcelain-rose-t2048pin?tc_ch=display&tc_ve=ba&tc_so=tradedesk&tc_me=pp&tc_ca=bau,,,47,IN STOCK,,,Porcelain Rose,,,,TRUE,TRUE
55163776,55163776,55163776,Short Sleeve Badge T-shirt Boden,https://us.boden.com/products/boys-short-sleeve-badge-t-shirt-glacier-blue-dino-b3154lbl?tc_ch=display&tc_ve=ba&tc_so=tradedesk&tc_me=pp&tc_ca=bau,,,22.20,37.00,https://cdn.shopify.com/s/files/1/0680/4619/2892/files/26bsum_b3154_lbl_8a63a088-ab25-445c-b2cd-45d855792e8f.jpg?v=1&width=800,Boys,Boys,22/09/2026,https://us.boden.com/products/boys-short-sleeve-badge-t-shirt-glacier-blue-dino-b3154lbl?tc_ch=display&tc_ve=ba&tc_so=tradedesk&tc_me=pp&tc_ca=bau,,,80,IN STOCK,,,Glacier Blue Dino,,,,TRUE,TRUE
55171682,55171682,55171682,Hallie Frill Strap Swimsuit Boden,https://us.boden.com/products/girls-hallie-frill-strap-swimsuit-air-blue-multi-foil-spot-g5402bue?tc_ch=display&tc_ve=ba&tc_so=tradedesk&tc_me=pp&tc_ca=bau,,,21.00,35.00,https://cdn.shopify.com/s/files/1/0680/4619/2892/files/26gsum_g5402_bue_700755c9-912f-4107-84e3-8c941fbe2190.jpg?v=1&width=800,Girls,Girls,22/09/2026,https://us.boden.com/products/girls-hallie-frill-strap-swimsuit-air-blue-multi-foil-spot-g5402bue?tc_ch=display&tc_ve=ba&tc_so=tradedesk&tc_me=pp&tc_ca=bau,,,166,IN STOCK,,,Air Blue Multi Foil Spot,,,,TRUE,TRUE
55151850,55151850,55151850,Elodie Jersey Maxi Dress Boden,https://us.boden.com/products/women-elodie-jersey-maxi-dress-pink-punch-zig-zag-wave-d1513pnk?tc_ch=display&tc_ve=ba&tc_so=tradedesk&tc_me=pp&tc_ca=bau,,,102.00,170.00,https://cdn.shopify.com/s/files/1/0680/4619/2892/files/26wsum_d1513_pnk_m01_e5762877-1745-4bc1-891c-70021b28a1c9.jpg?v=1&width=800,Women,Women,22/09/2026,https://us.boden.com/products/women-elodie-jersey-maxi-dress-pink-punch-zig-zag-wave-d1513pnk?tc_ch=display&tc_ve=ba&tc_so=tradedesk&tc_me=pp&tc_ca=bau,,,20,IN STOCK,,,"Pink Punch, Zig Zag Wave",,,,TRUE,TRUE
55141875,55141875,55141875,High Rise Wide Leg Jeans Boden,https://us.boden.com/products/women-high-rise-wide-leg-jeans-ecru-tan-stripe-r0657str?tc_ch=display&tc_ve=ba&tc_so=tradedesk&tc_me=pp&tc_ca=bau,,,88.99,179.00,https://cdn.shopify.com/s/files/1/0680/4619/2892/files/26wsum_r0657_str_m01.jpg?v=1&width=800,Women,Women,22/09/2026,https://us.boden.com/products/women-high-rise-wide-leg-jeans-ecru-tan-stripe-r0657str?tc_ch=display&tc_ve=ba&tc_so=tradedesk&tc_me=pp&tc_ca=bau,,,18,IN STOCK,,,Ecru Tan Stripe,,,,TRUE,TRUE
55183253,55183253,55183253,Denim Bermuda Short Boden,https://us.boden.com/products/women-denim-bermuda-short-ecru-r0907ecr?tc_ch=display&tc_ve=ba&tc_so=tradedesk&tc_me=pp&tc_ca=bau,,,98.00,140.00,https://cdn.shopify.com/s/files/1/0680/4619/2892/files/26wsum_r0907_ecr_m01_b0b3c04b-2ae6-4ebb-8e8e-3d72fd8d3a98.jpg?v=1&width=800,Women,Women,22/09/2026,https://us.boden.com/products/women-denim-bermuda-short-ecru-r0907ecr?tc_ch=display&tc_ve=ba&tc_so=tradedesk&tc_me=pp&tc_ca=bau,,,56,IN STOCK,,,Ecru,,,,TRUE,TRUE
55176894,55176894,55176894,Chiswick Crop Linen Pants Boden,https://us.boden.com/products/women-chiswick-crop-linen-pants-navy-r0920nav?tc_ch=display&tc_ve=ba&tc_so=tradedesk&tc_me=pp&tc_ca=bau,,,96.00,160.00,https://cdn.shopify.com/s/files/1/0680/4619/2892/files/26wsum_r0920_nav_m01_cd806819-59c1-469f-8e58-b82d638924a6.jpg?v=1&width=800,Women,Women,22/09/2026,https://us.boden.com/products/women-chiswick-crop-linen-pants-navy-r0920nav?tc_ch=display&tc_ve=ba&tc_so=tradedesk&tc_me=pp&tc_ca=bau,,,20,IN STOCK,,,Navy,,,,TRUE,TRUE
55151090,55151090,55151090,Kensington Linen Shorts Boden,https://us.boden.com/products/women-kensington-linen-shorts-navy-gingham-r0902nvy?tc_ch=display&tc_ve=ba&tc_so=tradedesk&tc_me=pp&tc_ca=bau,,,55.99,140.00,https://cdn.shopify.com/s/files/1/0680/4619/2892/files/26wsum_r0902_nvy_m01_a832468d-fffc-4294-9e80-7dda74bc4cf3.jpg?v=1&width=800,Women,Women,22/09/2026,https://us.boden.com/products/women-kensington-linen-shorts-navy-gingham-r0902nvy?tc_ch=display&tc_ve=ba&tc_so=tradedesk&tc_me=pp&tc_ca=bau,,,39,IN STOCK,,,Navy Gingham,,,,TRUE,TRUE
55184703,55184703,55184703,Relaxed Cotton T-shirt Boden,https://us.boden.com/products/women-relaxed-cotton-t-shirt-black-t2134blk?tc_ch=display&tc_ve=ba&tc_so=tradedesk&tc_me=pp&tc_ca=bau,,,45.00,45.00,https://cdn.shopify.com/s/files/1/0680/4619/2892/files/26wsum_t2134_blk_m01_4b907271-3984-4c4e-95d3-83fd3a99905d.jpg?v=1&width=800,Women,Women,22/09/2026,https://us.boden.com/products/women-relaxed-cotton-t-shirt-black-t2134blk?tc_ch=display&tc_ve=ba&tc_so=tradedesk&tc_me=pp&tc_ca=bau,,,549,IN STOCK,,,Black,,,,TRUE,TRUE
55186485,55186485,55186485,Hampstead Cotton Twill Blazer Boden,https://us.boden.com/products/women-hampstead-cotton-twill-blazer-navy-u0465nav?tc_ch=display&tc_ve=ba&tc_so=tradedesk&tc_me=pp&tc_ca=bau,,,129.99,260.00,https://cdn.shopify.com/s/files/1/0680/4619/2892/files/26wsum_u0465_nav_m01.jpg?v=1&width=800,Women,Women,22/09/2026,https://us.boden.com/products/women-hampstead-cotton-twill-blazer-navy-u0465nav?tc_ch=display&tc_ve=ba&tc_so=tradedesk&tc_me=pp&tc_ca=bau,,,30,IN STOCK,,,Navy,,,,TRUE,TRUE
55167159,55167159,55167159,Hattie Jersey T-shirt Dress Boden,https://us.boden.com/products/women-hattie-jersey-t-shirt-dress-red-coral-d1601red?tc_ch=display&tc_ve=ba&tc_so=tradedesk&tc_me=pp&tc_ca=bau,,,71.20,89.00,https://cdn.shopify.com/s/files/1/0680/4619/2892/files/26wsum_d1601_red_m01_v1_6b459b35-1245-4f49-a659-bf6c41e3e34c.jpg?v=1&width=800,Women,Women,22/09/2026,https://us.boden.com/products/women-hattie-jersey-t-shirt-dress-red-coral-d1601red?tc_ch=display&tc_ve=ba&tc_so=tradedesk&tc_me=pp&tc_ca=bau,,,15,IN STOCK,,,Red Coral,,,,TRUE,TRUE
55158448,55158448,55158448,Zip-front Mix Media Dress Boden,https://us.boden.com/products/women-zip-front-mix-media-dress-ginger-and-ivory-stripe-d1528brn?tc_ch=display&tc_ve=ba&tc_so=tradedesk&tc_me=pp&tc_ca=bau,,,102.00,170.00,https://cdn.shopify.com/s/files/1/0680/4619/2892/files/26wsum_d1528_brn_m01_v2.jpg?v=1&width=800,Women,Women,22/09/2026,https://us.boden.com/products/women-zip-front-mix-media-dress-ginger-and-ivory-stripe-d1528brn?tc_ch=display&tc_ve=ba&tc_so=tradedesk&tc_me=pp&tc_ca=bau,,,31,IN STOCK,,,Ginger and Ivory Stripe,,,,TRUE,TRUE
55156067,55156067,55156067,Agnes Linen V Neck T-Shirt Boden,https://us.boden.com/products/women-agnes-linen-v-neck-t-shirt-burnt-orange-k1217brn?tc_ch=display&tc_ve=ba&tc_so=tradedesk&tc_me=pp&tc_ca=bau,,,98.00,140.00,https://cdn.shopify.com/s/files/1/0680/4619/2892/files/26wsum_k1217_brn_m01_v4_44bb9bcf-d06c-41bf-8a5e-4599bdf9bdfe.jpg?v=1&width=800,Women,Women,22/09/2026,https://us.boden.com/products/women-agnes-linen-v-neck-t-shirt-burnt-orange-k1217brn?tc_ch=display&tc_ve=ba&tc_so=tradedesk&tc_me=pp&tc_ca=bau,,,21,IN STOCK,,,Burnt Orange,,,,TRUE,TRUE
55183318,55183318,55183318,Zinnia Tie Jersey Short Dress Boden,https://us.boden.com/products/women-zinnia-tie-jersey-short-dress-rich-chestnut-d1627brn?tc_ch=display&tc_ve=ba&tc_so=tradedesk&tc_me=pp&tc_ca=bau,,,43.99,110.00,https://cdn.shopify.com/s/files/1/0680/4619/2892/files/26wsum_d1627_brn_m01_v2.jpg?v=1&width=800,Women,Women,22/09/2026,https://us.boden.com/products/women-zinnia-tie-jersey-short-dress-rich-chestnut-d1627brn?tc_ch=display&tc_ve=ba&tc_so=tradedesk&tc_me=pp&tc_ca=bau,,,16,IN STOCK,,,Rich Chestnut,,,,TRUE,TRUE
55156511,55156511,55156511,Mykonos Deep V Swimsuit Boden,https://us.boden.com/products/women-mykonos-deep-v-swimsuit-pink-punch-zig-zag-wave-s0405pnk?tc_ch=display&tc_ve=ba&tc_so=tradedesk&tc_me=pp&tc_ca=bau,,,79.99,160.00,https://cdn.shopify.com/s/files/1/0680/4619/2892/files/26wsum_s0405_pnk_m01_v2_6220fd6b-6f85-4825-ab5b-ea4dde201195.jpg?v=1&width=800,Women,Women,22/09/2026,https://us.boden.com/products/women-mykonos-deep-v-swimsuit-pink-punch-zig-zag-wave-s0405pnk?tc_ch=display&tc_ve=ba&tc_so=tradedesk&tc_me=pp&tc_ca=bau,,,117,IN STOCK,,,"Pink Punch, Zig Zag Wave",,,,TRUE,TRUE
55159238,55159238,55159238,Rash Guard Swim Shorts Boden,https://us.boden.com/products/women-rash-guard-swim-shorts-multi-leafy-cascade-s0432col?tc_ch=display&tc_ve=ba&tc_so=tradedesk&tc_me=pp&tc_ca=bau,,,69.30,99.00,https://cdn.shopify.com/s/files/1/0680/4619/2892/files/26wsum_s0432_col_m01_v1.jpg?v=1&width=800,Women,Women,22/09/2026,https://us.boden.com/products/women-rash-guard-swim-shorts-multi-leafy-cascade-s0432col?tc_ch=display&tc_ve=ba&tc_so=tradedesk&tc_me=pp&tc_ca=bau,,,9,IN STOCK,,,"Multi, leafy cascade",,,,TRUE,TRUE
55187779,55187779,55187779,Denim Shorts Boden,https://us.boden.com/products/girls-denim-shorts-ivory-green-pink-stripe-g5915ivo?tc_ch=display&tc_ve=ba&tc_so=tradedesk&tc_me=pp&tc_ca=bau,,,34.30,49.00,https://cdn.shopify.com/s/files/1/0680/4619/2892/files/26gsum_g5915_ivo_d3b8a8e5-b0a0-4254-b52e-c65f2d4f7310.jpg?v=1&width=800,Girls,Girls,22/09/2026,https://us.boden.com/products/girls-denim-shorts-ivory-green-pink-stripe-g5915ivo?tc_ch=display&tc_ve=ba&tc_so=tradedesk&tc_me=pp&tc_ca=bau,,,11,IN STOCK,,,Ivory/Green/Pink Stripe,,,,TRUE,TRUE
55168274,55168274,55168274,Ringer T-shirt Boden,https://us.boden.com/products/boys-ringer-t-shirt-navy-b2974nvy?tc_ch=display&tc_ve=ba&tc_so=tradedesk&tc_me=pp&tc_ca=bau,,,17.50,25.00,https://cdn.shopify.com/s/files/1/0680/4619/2892/files/26bsum_b2974_nvy_81ef9f28-29e7-4322-ae4e-5339ae16adc2.jpg?v=1&width=800,Boys,Boys,22/09/2026,https://us.boden.com/products/boys-ringer-t-shirt-navy-b2974nvy?tc_ch=display&tc_ve=ba&tc_so=tradedesk&tc_me=pp&tc_ca=bau,,,86,IN STOCK,,,navy,,,,TRUE,TRUE
55161789,55161789,55161789,Liz Knitted Tank Boden,https://us.boden.com/products/women-liz-knitted-tank-pink-k1227pnk?tc_ch=display&tc_ve=ba&tc_so=tradedesk&tc_me=pp&tc_ca=bau,,,59.40,99.00,https://cdn.shopify.com/s/files/1/0680/4619/2892/files/26wsum_k1227_pnk_m01_c1075744-67ab-4311-a8fb-ba84f079a9da.jpg?v=1&width=800,Women,Women,22/09/2026,https://us.boden.com/products/women-liz-knitted-tank-pink-k1227pnk?tc_ch=display&tc_ve=ba&tc_so=tradedesk&tc_me=pp&tc_ca=bau,,,26,IN STOCK,,,Pink,,,,TRUE,TRUE
55150440,55150440,55150440,Belgravia Linen Shorts Boden,https://us.boden.com/products/women-belgravia-linen-shorts-cappuccino-chambray-r0882lbr?tc_ch=display&tc_ve=ba&tc_so=tradedesk&tc_me=pp&tc_ca=bau,,,69.30,99.00,https://cdn.shopify.com/s/files/1/0680/4619/2892/files/26wsum_r0882_lbr_m01.jpg?v=1&width=800,Women,Women,22/09/2026,https://us.boden.com/products/women-belgravia-linen-shorts-cappuccino-chambray-r0882lbr?tc_ch=display&tc_ve=ba&tc_so=tradedesk&tc_me=pp&tc_ca=bau,,,21,IN STOCK,,,Cappuccino Chambray,,,,TRUE,TRUE
55163256,55163256,55163256,Islington Linen Pants Boden,https://us.boden.com/products/women-islington-linen-pants-navy-r0755nvy?tc_ch=display&tc_ve=ba&tc_so=tradedesk&tc_me=pp&tc_ca=bau,,,79.99,160.00,https://cdn.shopify.com/s/files/1/0680/4619/2892/files/26wsum_r0755_nvy_m01_v4_a28d6b91-5b0b-4600-8de7-c9dceecb3163.jpg?v=1&width=800,Women,Women,22/09/2026,https://us.boden.com/products/women-islington-linen-pants-navy-r0755nvy?tc_ch=display&tc_ve=ba&tc_so=tradedesk&tc_me=pp&tc_ca=bau,,,20,IN STOCK,,,Navy,,,,TRUE,TRUE
55186500,55186500,55186500,Short Sleeve Peplum Top Boden,https://us.boden.com/products/girls-short-sleeve-peplum-top-navy-blazer-19-3923-tcx-g6056nav?tc_ch=display&tc_ve=ba&tc_so=tradedesk&tc_me=pp&tc_ca=bau,,,15.00,25.00,https://cdn.shopify.com/s/files/1/0680/4619/2892/files/26gsum_g6056_nav_v1_9da26fd8-1729-4861-98f0-77ec344d942f.jpg?v=1&width=800,Girls,Girls,22/09/2026,https://us.boden.com/products/girls-short-sleeve-peplum-top-navy-blazer-19-3923-tcx-g6056nav?tc_ch=display&tc_ve=ba&tc_so=tradedesk&tc_me=pp&tc_ca=bau,,,63,IN STOCK,,,Navy Blazer (19-3923 TCX),,,,TRUE,TRUE
55186695,55186695,55186695,Short Sleeve Peplum Top Boden,https://us.boden.com/products/girls-short-sleeve-peplum-top-pink-g6056ppk?tc_ch=display&tc_ve=ba&tc_so=tradedesk&tc_me=pp&tc_ca=bau,,,15.00,25.00,https://cdn.shopify.com/s/files/1/0680/4619/2892/files/26gsum_g6056_ppk_v1.jpg?v=1&width=800,Girls,Girls,22/09/2026,https://us.boden.com/products/girls-short-sleeve-peplum-top-pink-g6056ppk?tc_ch=display&tc_ve=ba&tc_so=tradedesk&tc_me=pp&tc_ca=bau,,,40,IN STOCK,,,Pink,,,,TRUE,TRUE
55165269,55165269,55165269,Capri Pants Boden,https://us.boden.com/products/girls-capri-pants-multi-summerflower-bed-g6024mul?tc_ch=display&tc_ve=ba&tc_so=tradedesk&tc_me=pp&tc_ca=bau,,,33.00,55.00,https://cdn.shopify.com/s/files/1/0680/4619/2892/files/26gsum_g6024_mul_v1.jpg?v=1&width=800,Girls,Girls,22/09/2026,https://us.boden.com/products/girls-capri-pants-multi-summerflower-bed-g6024mul?tc_ch=display&tc_ve=ba&tc_so=tradedesk&tc_me=pp&tc_ca=bau,,,54,IN STOCK,,,Multi Summerflower Bed,,,,TRUE,TRUE
55159952,55159952,55159952,Colourblock Chunky Trainer Boden,https://us.boden.com/products/boys-colourblock-chunky-trainer-colourblock-c1941drd?tc_ch=display&tc_ve=ba&tc_so=tradedesk&tc_me=pp&tc_ca=bau,,,45.50,65.00,https://cdn.shopify.com/s/files/1/0680/4619/2892/files/26bsum_c1941_drd_v1_db1a4d57-3b90-4b3f-a840-8bcb5121eb7c.jpg?v=1&width=800,Boys,Boys,22/09/2026,https://us.boden.com/products/boys-colourblock-chunky-trainer-colourblock-c1941drd?tc_ch=display&tc_ve=ba&tc_so=tradedesk&tc_me=pp&tc_ca=bau,,,41,IN STOCK,,,Colourblock,,,,TRUE,TRUE
55174420,55174420,55174420,Espadrille Mary Janes Boden,https://us.boden.com/products/girls-espadrille-mary-janes-sea-pink-ticking-stripe-c1948pin?tc_ch=display&tc_ve=ba&tc_so=tradedesk&tc_me=pp&tc_ca=bau,,,35.75,55.00,https://cdn.shopify.com/s/files/1/0680/4619/2892/files/26bsum_c1948_pin_a85a11cc-8e53-4fa6-9630-1eb06d8f427c.jpg?v=1&width=800,Girls,Girls,22/09/2026,https://us.boden.com/products/girls-espadrille-mary-janes-sea-pink-ticking-stripe-c1948pin?tc_ch=display&tc_ve=ba&tc_so=tradedesk&tc_me=pp&tc_ca=bau,,,24,IN STOCK,,,Sea Pink Ticking stripe,,,,TRUE,TRUE
55170394,55170394,55170394,Swim Shorts Boden,https://us.boden.com/products/boys-swim-shorts-seersucker-stripe-b3194mpt?tc_ch=display&tc_ve=ba&tc_so=tradedesk&tc_me=pp&tc_ca=bau,,,22.40,32.00,https://cdn.shopify.com/s/files/1/0680/4619/2892/files/26bsum_b3194_mpt_v1.jpg?v=1&width=800,Boys,Boys,22/09/2026,https://us.boden.com/products/boys-swim-shorts-seersucker-stripe-b3194mpt?tc_ch=display&tc_ve=ba&tc_so=tradedesk&tc_me=pp&tc_ca=bau,,,89,IN STOCK,,,Seersucker Stripe,,,,TRUE,TRUE
55177126,55177126,55177126,Smart Shorts Boden,https://us.boden.com/products/boys-smart-shorts-red-gingham-b3201lrd?tc_ch=display&tc_ve=ba&tc_so=tradedesk&tc_me=pp&tc_ca=bau,,,29.25,45.00,https://cdn.shopify.com/s/files/1/0680/4619/2892/files/26bsum_b3201_lrd_420e8cbc-b064-4874-a02a-7e44ff2d0c30.jpg?v=1&width=800,Boys,Boys,22/09/2026,https://us.boden.com/products/boys-smart-shorts-red-gingham-b3201lrd?tc_ch=display&tc_ve=ba&tc_so=tradedesk&tc_me=pp&tc_ca=bau,,,39,IN STOCK,,,Red Gingham,,,,TRUE,TRUE
55182672,55182672,55182672,Mega Motif Earrings Boden,https://us.boden.com/products/women-mega-motif-earrings-gold-colour-a2201gol?tc_ch=display&tc_ve=ba&tc_so=tradedesk&tc_me=pp&tc_ca=bau,,,38.99,79.00,https://cdn.shopify.com/s/files/1/0680/4619/2892/files/26wsum_a2201_gol_v1_a0a4f816-95b5-47ea-8911-5863fe18afa4.jpg?v=1&width=800,Women,Women,22/09/2026,https://us.boden.com/products/women-mega-motif-earrings-gold-colour-a2201gol?tc_ch=display&tc_ve=ba&tc_so=tradedesk&tc_me=pp&tc_ca=bau,,,62,IN STOCK,,,Gold Colour,,,,TRUE,TRUE
55182969,55182969,55182969,Mega Jewel Earrings Boden,https://us.boden.com/products/women-mega-jewel-earrings-clear-a2200ntl?tc_ch=display&tc_ve=ba&tc_so=tradedesk&tc_me=pp&tc_ca=bau,,,38.99,79.00,https://cdn.shopify.com/s/files/1/0680/4619/2892/files/26wsum_a2200_ntl_v1_11bd279f-b005-4f1a-a1ad-da880b3bf194.jpg?v=1&width=800,Women,Women,22/09/2026,https://us.boden.com/products/women-mega-jewel-earrings-clear-a2200ntl?tc_ch=display&tc_ve=ba&tc_so=tradedesk&tc_me=pp&tc_ca=bau,,,45,IN STOCK,,,Clear,,,,TRUE,TRUE
55164292,55164292,55164292,Peplum Towelling Top Boden,https://us.boden.com/products/girls-peplum-towelling-top-festival-pink-giant-daisy-g5973pnk?tc_ch=display&tc_ve=ba&tc_so=tradedesk&tc_me=pp&tc_ca=bau,,,20.30,29.00,https://cdn.shopify.com/s/files/1/0680/4619/2892/files/26gsum_g5973_pnk_v1_790ccd53-7982-47bc-af2d-ab3e08531c84.jpg?v=1&width=800,Girls,Girls,22/09/2026,https://us.boden.com/products/girls-peplum-towelling-top-festival-pink-giant-daisy-g5973pnk?tc_ch=display&tc_ve=ba&tc_so=tradedesk&tc_me=pp&tc_ca=bau,,,80,IN STOCK,,,Festival Pink Giant Daisy,,,,TRUE,TRUE
55176561,55176561,55176561,Bias Cut Linen Slip Skirt Boden,https://us.boden.com/products/women-bias-cut-linen-slip-skirt-cherry-blush-r0917pnk?tc_ch=display&tc_ve=ba&tc_so=tradedesk&tc_me=pp&tc_ca=bau,,,128.00,160.00,https://cdn.shopify.com/s/files/1/0680/4619/2892/files/26wsum_r0917_pnk_m01_v2.jpg?v=1&width=800,Women,Women,22/09/2026,https://us.boden.com/products/women-bias-cut-linen-slip-skirt-cherry-blush-r0917pnk?tc_ch=display&tc_ve=ba&tc_so=tradedesk&tc_me=pp&tc_ca=bau,,,6,IN STOCK,,,Cherry Blush,,,,TRUE,TRUE
55177462,55177462,55177462,Chelsea Belted Tailored Shorts Boden,https://us.boden.com/products/women-chelsea-belted-tailored-shorts-sangria-sunset-floral-print-r0943pnk?tc_ch=display&tc_ve=ba&tc_so=tradedesk&tc_me=pp&tc_ca=bau,,,63.99,160.00,https://cdn.shopify.com/s/files/1/0680/4619/2892/files/26wsum_r0943_pnk_m01.jpg?v=1&width=800,Women,Women,22/09/2026,https://us.boden.com/products/women-chelsea-belted-tailored-shorts-sangria-sunset-floral-print-r0943pnk?tc_ch=display&tc_ve=ba&tc_so=tradedesk&tc_me=pp&tc_ca=bau,,,33,IN STOCK,,,"Sangria Sunset, Floral Print",,,,TRUE,TRUE
55169889,55169889,55169889,Bow Detail Linen Empire Dress Boden,https://us.boden.com/products/women-bow-detail-linen-empire-dress-ivory-painted-dot-spaced-d1675ivo?tc_ch=display&tc_ve=ba&tc_so=tradedesk&tc_me=pp&tc_ca=bau,,,162.00,270.00,https://cdn.shopify.com/s/files/1/0680/4619/2892/files/26wsum_d1675_ivo_m01_b316de3f-fd9a-440e-adde-0636a21314f8.jpg?v=1&width=800,Women,Women,22/09/2026,https://us.boden.com/products/women-bow-detail-linen-empire-dress-ivory-painted-dot-spaced-d1675ivo?tc_ch=display&tc_ve=ba&tc_so=tradedesk&tc_me=pp&tc_ca=bau,,,62,IN STOCK,,,Ivory Painted Dot Spaced,,,,TRUE,TRUE
55165177,55165177,55165177,V-neck Cable Sweater Boden,https://us.boden.com/products/boys-v-neck-cable-sweater-ivory-b3255ivo?tc_ch=display&tc_ve=ba&tc_so=tradedesk&tc_me=pp&tc_ca=bau,,,48.30,69.00,https://cdn.shopify.com/s/files/1/0680/4619/2892/files/26bsum_b3255_ivo_m01.jpg?v=1&width=800,Boys,Boys,22/09/2026,https://us.boden.com/products/boys-v-neck-cable-sweater-ivory-b3255ivo?tc_ch=display&tc_ve=ba&tc_so=tradedesk&tc_me=pp&tc_ca=bau,,,41,IN STOCK,,,Ivory,,,,TRUE,TRUE
55175253,55175253,55175253,Snug Short John Pajamas Boden,https://us.boden.com/products/boys-snug-short-john-pajamas-calico-white-turtles-b3002ecr?tc_ch=display&tc_ve=ba&tc_so=tradedesk&tc_me=pp&tc_ca=bau,,,27.00,45.00,https://cdn.shopify.com/s/files/1/0680/4619/2892/files/26bsum_b3002_ecr_v1.jpg?v=1&width=800,Boys,Boys,22/09/2026,https://us.boden.com/products/boys-snug-short-john-pajamas-calico-white-turtles-b3002ecr?tc_ch=display&tc_ve=ba&tc_so=tradedesk&tc_me=pp&tc_ca=bau,,,82,IN STOCK,,,Calico White Turtles,,,,TRUE,TRUE
55178913,55178913,55178913,Twill Jacket Boden,https://us.boden.com/products/boys-twill-jacket-red-gingham-b3164red?tc_ch=display&tc_ve=ba&tc_so=tradedesk&tc_me=pp&tc_ca=bau,,,45.00,75.00,https://cdn.shopify.com/s/files/1/0680/4619/2892/files/26bsum_b3164_red_m01_1acbc8e2-7fe8-4363-972e-87b1a8d21c08.jpg?v=1&width=800,Boys,Boys,22/09/2026,https://us.boden.com/products/boys-twill-jacket-red-gingham-b3164red?tc_ch=display&tc_ve=ba&tc_so=tradedesk&tc_me=pp&tc_ca=bau,,,50,IN STOCK,,,Red Gingham,,,,TRUE,TRUE
55171539,55171539,55171539,Asymmetric Cross Strap Sandals Boden,https://us.boden.com/products/girls-asymmetric-cross-strap-sandals-tan-c1971tan?tc_ch=display&tc_ve=ba&tc_so=tradedesk&tc_me=pp&tc_ca=bau,,,31.99,65.00,https://cdn.shopify.com/s/files/1/0680/4619/2892/files/26gsum_c1971_tan_5173c334-27da-4a9e-b3ab-9962e54d330a.jpg?v=1&width=800,Girls,Girls,22/09/2026,https://us.boden.com/products/girls-asymmetric-cross-strap-sandals-tan-c1971tan?tc_ch=display&tc_ve=ba&tc_so=tradedesk&tc_me=pp&tc_ca=bau,,,13,IN STOCK,,,Tan,,,,TRUE,TRUE
55163017,55163017,55163017,Cotton Pocket Shorts Boden,https://us.boden.com/products/boys-cotton-pocket-shorts-tradewinds-b3180gry?tc_ch=display&tc_ve=ba&tc_so=tradedesk&tc_me=pp&tc_ca=bau,,,23.40,39.00,https://cdn.shopify.com/s/files/1/0680/4619/2892/files/26bsum_b3180_gry_v1_bf165137-2171-486a-89e5-9538de4d59e6.jpg?v=1&width=800,Boys,Boys,22/09/2026,https://us.boden.com/products/boys-cotton-pocket-shorts-tradewinds-b3180gry?tc_ch=display&tc_ve=ba&tc_so=tradedesk&tc_me=pp&tc_ca=bau,,,135,IN STOCK,,,Tradewinds,,,,TRUE,TRUE
55164031,55164031,55164031,Relaxed Towelling Hoodie Boden,https://us.boden.com/products/girls-relaxed-towelling-hoodie-blue-embroidery-g5873blu?tc_ch=display&tc_ve=ba&tc_so=tradedesk&tc_me=pp&tc_ca=bau,,,35.40,59.00,https://cdn.shopify.com/s/files/1/0680/4619/2892/files/26gsum_g5873_blu_v1_3d811241-01a6-4757-ab06-8f3a83ada5ed.jpg?v=1&width=800,Girls,Girls,22/09/2026,https://us.boden.com/products/girls-relaxed-towelling-hoodie-blue-embroidery-g5873blu?tc_ch=display&tc_ve=ba&tc_so=tradedesk&tc_me=pp&tc_ca=bau,,,52,IN STOCK,,,Blue Embroidery,,,,TRUE,TRUE
55192329,55192329,55192329,Tassel Sarong Boden,https://us.boden.com/products/women-tassel-sarong-multi-enchanted-paisley-a2224mul?tc_ch=display&tc_ve=ba&tc_so=tradedesk&tc_me=pp&tc_ca=bau,,,38.99,99.00,https://cdn.shopify.com/s/files/1/0680/4619/2892/files/26wsum_a2224_mul_m01_v2_090d653d-38c4-4478-9f23-8cd8cb1d0a9d.jpg?v=1&width=800,Women,Women,22/09/2026,https://us.boden.com/products/women-tassel-sarong-multi-enchanted-paisley-a2224mul?tc_ch=display&tc_ve=ba&tc_so=tradedesk&tc_me=pp&tc_ca=bau,,,43,IN STOCK,,,"Multi, Enchanted Paisley",,,,TRUE,TRUE
55182947,55182947,55182947,Straight Leg Pocket Jeans Boden,https://us.boden.com/products/women-straight-leg-pocket-jeans-white-r0840wht?tc_ch=display&tc_ve=ba&tc_so=tradedesk&tc_me=pp&tc_ca=bau,,,114.00,190.00,https://cdn.shopify.com/s/files/1/0680/4619/2892/files/26wsum_r0840_wht_m01_e065231f-5e83-432f-b092-c7c108371eeb.jpg?v=1&width=800,Women,Women,22/09/2026,https://us.boden.com/products/women-straight-leg-pocket-jeans-white-r0840wht?tc_ch=display&tc_ve=ba&tc_so=tradedesk&tc_me=pp&tc_ca=bau,,,45,IN STOCK,,,White,,,,TRUE,TRUE
55174520,55174520,55174520,Twill Jacket Boden,https://us.boden.com/products/boys-twill-jacket-grey-stripe-b3164gry?tc_ch=display&tc_ve=ba&tc_so=tradedesk&tc_me=pp&tc_ca=bau,,,45.00,75.00,https://cdn.shopify.com/s/files/1/0680/4619/2892/files/26bsum_b3164_gry.jpg?v=1&width=800,Boys,Boys,22/09/2026,https://us.boden.com/products/boys-twill-jacket-grey-stripe-b3164gry?tc_ch=display&tc_ve=ba&tc_so=tradedesk&tc_me=pp&tc_ca=bau,,,21,IN STOCK,,,Grey Stripe,,,,TRUE,TRUE
55187767,55187767,55187767,Short Sleeve Pointelle Top Boden,https://us.boden.com/products/girls-short-sleeve-pointelle-top-neon-pink-ditsy-floral-g5259npk?tc_ch=display&tc_ve=ba&tc_so=tradedesk&tc_me=pp&tc_ca=bau,,,15.40,22.00,https://cdn.shopify.com/s/files/1/0680/4619/2892/files/26gsum_g5259_npk.jpg?v=1&width=800,Girls,Girls,22/09/2026,https://us.boden.com/products/girls-short-sleeve-pointelle-top-neon-pink-ditsy-floral-g5259npk?tc_ch=display&tc_ve=ba&tc_so=tradedesk&tc_me=pp&tc_ca=bau,,,209,IN STOCK,,,Neon Pink Ditsy Floral,,,,TRUE,TRUE
55164101,55164101,55164101,Embroidered Shirred Top Boden,https://us.boden.com/products/girls-embroidered-shirred-top-sapling-green-g5976grn?tc_ch=display&tc_ve=ba&tc_so=tradedesk&tc_me=pp&tc_ca=bau,,,27.00,45.00,https://cdn.shopify.com/s/files/1/0680/4619/2892/files/26gsum_g5976_grn.jpg?v=1&width=800,Girls,Girls,22/09/2026,https://us.boden.com/products/girls-embroidered-shirred-top-sapling-green-g5976grn?tc_ch=display&tc_ve=ba&tc_so=tradedesk&tc_me=pp&tc_ca=bau,,,36,IN STOCK,,,Sapling Green,,,,TRUE,TRUE
55176769,55176769,55176769,Novelty Swimsuit Boden,https://us.boden.com/products/baby-novelty-swimsuit-salmon-pink-flower-y2860pnk?tc_ch=display&tc_ve=ba&tc_so=tradedesk&tc_me=pp&tc_ca=bau,,,27.30,39.00,https://cdn.shopify.com/s/files/1/0680/4619/2892/files/26usum_y2860_pnk_5231b38f-6cfa-49ab-b945-8d2ee1ab04bb.jpg?v=1&width=800,Baby,Baby,22/09/2026,https://us.boden.com/products/baby-novelty-swimsuit-salmon-pink-flower-y2860pnk?tc_ch=display&tc_ve=ba&tc_so=tradedesk&tc_me=pp&tc_ca=bau,,,41,IN STOCK,,,Salmon Pink Flower,,,,TRUE,TRUE
55164966,55164966,55164966,Long Denim Shorts Boden,https://us.boden.com/products/girls-long-denim-shorts-bubblegum-pink-g5985pin?tc_ch=display&tc_ve=ba&tc_so=tradedesk&tc_me=pp&tc_ca=bau,,,18.99,49.00,https://cdn.shopify.com/s/files/1/0680/4619/2892/files/26gsum_g5985_pin_41e8b32b-dd12-40ea-b401-bcab98921f3f.jpg?v=1&width=800,Girls,Girls,22/09/2026,https://us.boden.com/products/girls-long-denim-shorts-bubblegum-pink-g5985pin?tc_ch=display&tc_ve=ba&tc_so=tradedesk&tc_me=pp&tc_ca=bau,,,25,IN STOCK,,,Bubblegum Pink,,,,TRUE,TRUE
55176276,55176276,55176276,Logo Rash Vest Set Boden,https://us.boden.com/products/baby-logo-rash-vest-set-pink-patchwork-sun-y2840pnt?tc_ch=display&tc_ve=ba&tc_so=tradedesk&tc_me=pp&tc_ca=bau,,,31.85,49.00,https://cdn.shopify.com/s/files/1/0680/4619/2892/files/26usum_y2840_pnt_3bca0f71-4ad8-4f44-925b-d9f90be0be6f.jpg?v=1&width=800,Baby,Baby,22/09/2026,https://us.boden.com/products/baby-logo-rash-vest-set-pink-patchwork-sun-y2840pnt?tc_ch=display&tc_ve=ba&tc_so=tradedesk&tc_me=pp&tc_ca=bau,,,221,IN STOCK,,,Pink Patchwork Sun,,,,TRUE,TRUE
55172537,55172537,55172537,High Cut Ballet Flats Boden,https://us.boden.com/products/women-high-cut-ballet-flats-flower-raffia-a2136nor?tc_ch=display&tc_ve=ba&tc_so=tradedesk&tc_me=pp&tc_ca=bau,,,94.99,190.00,https://cdn.shopify.com/s/files/1/0680/4619/2892/files/26wsum_a2136_nor_72b1d0f4-e6aa-4daa-b6c0-ccf4027c6665.jpg?v=1&width=800,Women,Women,22/09/2026,https://us.boden.com/products/women-high-cut-ballet-flats-flower-raffia-a2136nor?tc_ch=display&tc_ve=ba&tc_so=tradedesk&tc_me=pp&tc_ca=bau,,,27,IN STOCK,,,Flower Raffia,,,,TRUE,TRUE
55183956,55183956,55183956,Short Sleeve Jersey Overalls Boden,https://us.boden.com/products/baby-short-sleeve-jersey-overalls-pink-ditsy-floral-y2814mul?tc_ch=display&tc_ve=ba&tc_so=tradedesk&tc_me=pp&tc_ca=bau,,,35.40,59.00,https://cdn.shopify.com/s/files/1/0680/4619/2892/files/26usum_y2814_mul.jpg?v=1&width=800,Baby,Baby,22/09/2026,https://us.boden.com/products/baby-short-sleeve-jersey-overalls-pink-ditsy-floral-y2814mul?tc_ch=display&tc_ve=ba&tc_so=tradedesk&tc_me=pp&tc_ca=bau,,,43,IN STOCK,,,Pink Ditsy Floral,,,,TRUE,TRUE
55172411,55172411,55172411,Woven Slingback Flats Boden,https://us.boden.com/products/women-woven-slingback-flats-gold-a2193gld?tc_ch=display&tc_ve=ba&tc_so=tradedesk&tc_me=pp&tc_ca=bau,,,133.00,190.00,https://cdn.shopify.com/s/files/1/0680/4619/2892/files/26wsum_a2193_gld_1c819653-e6f9-4473-9fdf-170c837e04f0.jpg?v=1&width=800,Women,Women,22/09/2026,https://us.boden.com/products/women-woven-slingback-flats-gold-a2193gld?tc_ch=display&tc_ve=ba&tc_so=tradedesk&tc_me=pp&tc_ca=bau,,,19,IN STOCK,,,Gold,,,,TRUE,TRUE
55169645,55169645,55169645,Daphne Double Cloth Dress Boden,https://us.boden.com/products/women-daphne-double-cloth-dress-warm-mauve-d1588prp?tc_ch=display&tc_ve=ba&tc_so=tradedesk&tc_me=pp&tc_ca=bau,,,128.00,160.00,https://cdn.shopify.com/s/files/1/0680/4619/2892/files/26wsum_d1588_prp_m01_v1.jpg?v=1&width=800,Women,Women,22/09/2026,https://us.boden.com/products/women-daphne-double-cloth-dress-warm-mauve-d1588prp?tc_ch=display&tc_ve=ba&tc_so=tradedesk&tc_me=pp&tc_ca=bau,,,23,IN STOCK,,,Warm Mauve,,,,TRUE,TRUE
55182503,55182503,55182503,Zinnia Tie Jersey Ponte Dress Boden,https://us.boden.com/products/women-zinnia-tie-jersey-ponte-dress-hunter-green-d1604grn?tc_ch=display&tc_ve=ba&tc_so=tradedesk&tc_me=pp&tc_ca=bau,,,96.00,160.00,https://cdn.shopify.com/s/files/1/0680/4619/2892/files/26wsum_d1604_grn_m01_v2.jpg?v=1&width=800,Women,Women,22/09/2026,https://us.boden.com/products/women-zinnia-tie-jersey-ponte-dress-hunter-green-d1604grn?tc_ch=display&tc_ve=ba&tc_so=tradedesk&tc_me=pp&tc_ca=bau,,,77,IN STOCK,,,Hunter Green,,,,TRUE,TRUE
55168564,55168564,55168564,Classic Bikini Bottoms Boden,https://us.boden.com/products/women-classic-bikini-bottoms-pink-euphoric-gardens-s0197peb?tc_ch=display&tc_ve=ba&tc_so=tradedesk&tc_me=pp&tc_ca=bau,,,34.99,89.00,https://cdn.shopify.com/s/files/1/0680/4619/2892/files/26wsum_s0197_peb_m01.jpg?v=1&width=800,Women,Women,22/09/2026,https://us.boden.com/products/women-classic-bikini-bottoms-pink-euphoric-gardens-s0197peb?tc_ch=display&tc_ve=ba&tc_so=tradedesk&tc_me=pp&tc_ca=bau,,,36,IN STOCK,,,"Pink, Euphoric Gardens",,,,TRUE,TRUE
55164320,55164320,55164320,Classic Fold Bikini Bottoms Boden,https://us.boden.com/products/women-classic-fold-bikini-bottoms-sangria-sunset-daisy-blossom-s0154mul?tc_ch=display&tc_ve=ba&tc_so=tradedesk&tc_me=pp&tc_ca=bau,,,62.30,89.00,https://cdn.shopify.com/s/files/1/0680/4619/2892/files/26wsum_s0154_mul_m01_v2_e7812b46-1e2a-4892-a4ca-57793837be28.jpg?v=1&width=800,Women,Women,22/09/2026,https://us.boden.com/products/women-classic-fold-bikini-bottoms-sangria-sunset-daisy-blossom-s0154mul?tc_ch=display&tc_ve=ba&tc_so=tradedesk&tc_me=pp&tc_ca=bau,,,56,IN STOCK,,,"Sangria Sunset, Daisy Blossom",,,,TRUE,TRUE
55165389,55165389,55165389,Rhodes Cup Sized Bikini Top Boden,https://us.boden.com/products/women-rhodes-cup-sized-bikini-top-pink-euphoric-gardens-s0377pin?tc_ch=display&tc_ve=ba&tc_so=tradedesk&tc_me=pp&tc_ca=bau,,,38.99,99.00,https://cdn.shopify.com/s/files/1/0680/4619/2892/files/26wsum_s0377_pin_m01_v1_c73afdd7-c547-4aa2-8c4a-0fb6c4ac239a.jpg?v=1&width=800,Women,Women,22/09/2026,https://us.boden.com/products/women-rhodes-cup-sized-bikini-top-pink-euphoric-gardens-s0377pin?tc_ch=display&tc_ve=ba&tc_so=tradedesk&tc_me=pp&tc_ca=bau,,,15,IN STOCK,,,"Pink, Euphoric Gardens",,,,TRUE,TRUE
55176852,55176852,55176852,Belgravia Linen Pants Boden,https://us.boden.com/products/women-belgravia-linen-pants-spearmint-r0853plm?tc_ch=display&tc_ve=ba&tc_so=tradedesk&tc_me=pp&tc_ca=bau,,,112.00,160.00,https://cdn.shopify.com/s/files/1/0680/4619/2892/files/26wsum_r0853_plm_m01_v3.jpg?v=1&width=800,Women,Women,22/09/2026,https://us.boden.com/products/women-belgravia-linen-pants-spearmint-r0853plm?tc_ch=display&tc_ve=ba&tc_so=tradedesk&tc_me=pp&tc_ca=bau,,,33,IN STOCK,,,Spearmint,,,,TRUE,TRUE
55178983,55178983,55178983,Primrose Cropped Pants Boden,https://us.boden.com/products/women-primrose-cropped-pants-soft-green-r0736lgr?tc_ch=display&tc_ve=ba&tc_so=tradedesk&tc_me=pp&tc_ca=bau,,,119.20,149.00,https://cdn.shopify.com/s/files/1/0680/4619/2892/files/26wsum_r0736_lgr_m01_v3.jpg?v=1&width=800,Women,Women,22/09/2026,https://us.boden.com/products/women-primrose-cropped-pants-soft-green-r0736lgr?tc_ch=display&tc_ve=ba&tc_so=tradedesk&tc_me=pp&tc_ca=bau,,,21,IN STOCK,,,Soft Green,,,,TRUE,TRUE
55202184,55202184,55202184,Wide Leg Jeans Boden,https://us.boden.com/products/girls-wide-leg-jeans-dark-vintage-blue-g5860bck?tc_ch=display&tc_ve=ba&tc_so=tradedesk&tc_me=pp&tc_ca=bau,,,59.00,59.00,https://cdn.shopify.com/s/files/1/0680/4619/2892/files/26gspr_g5860_bck_v3.jpg?v=1&width=800,Girls,Girls,22/09/2026,https://us.boden.com/products/girls-wide-leg-jeans-dark-vintage-blue-g5860bck?tc_ch=display&tc_ve=ba&tc_so=tradedesk&tc_me=pp&tc_ca=bau,,,206,IN STOCK,,,Dark Vintage Blue,,,,TRUE,TRUE
55169613,55169613,55169613,Florence Linen Blend Dress Boden,https://us.boden.com/products/women-florence-linen-blend-dress-olive-leopard-flora-d1541grn?tc_ch=display&tc_ve=ba&tc_so=tradedesk&tc_me=pp&tc_ca=bau,,,224.00,320.00,https://cdn.shopify.com/s/files/1/0680/4619/2892/files/26wsum_d1541_grn_m01_v2_48052699-e99c-474a-8b89-5517d73e99b2.jpg?v=1&width=800,Women,Women,22/09/2026,https://us.boden.com/products/women-florence-linen-blend-dress-olive-leopard-flora-d1541grn?tc_ch=display&tc_ve=ba&tc_so=tradedesk&tc_me=pp&tc_ca=bau,,,45,IN STOCK,,,Olive Leopard Flora,,,,TRUE,TRUE
55184072,55184072,55184072,Tie Halter Neck Jumpsuit Boden,https://us.boden.com/products/women-tie-halter-neck-jumpsuit-rich-chestnut-d1716brm?tc_ch=display&tc_ve=ba&tc_so=tradedesk&tc_me=pp&tc_ca=bau,,,189.00,270.00,https://cdn.shopify.com/s/files/1/0680/4619/2892/files/26wsum_d1716_brm_m01.jpg?v=1&width=800,Women,Women,22/09/2026,https://us.boden.com/products/women-tie-halter-neck-jumpsuit-rich-chestnut-d1716brm?tc_ch=display&tc_ve=ba&tc_so=tradedesk&tc_me=pp&tc_ca=bau,,,19,IN STOCK,,,Rich Chestnut,,,,TRUE,TRUE
55175786,55175786,55175786,Chiswick Crop Linen Pants Boden,https://us.boden.com/products/women-chiswick-crop-linen-pants-ivory-r0920ivo?tc_ch=display&tc_ve=ba&tc_so=tradedesk&tc_me=pp&tc_ca=bau,,,112.00,160.00,https://cdn.shopify.com/s/files/1/0680/4619/2892/files/26wsum_r0920_ivo_m01_v1_77c0be6c-a7fd-441f-9559-92b42d17728f.jpg?v=1&width=800,Women,Women,22/09/2026,https://us.boden.com/products/women-chiswick-crop-linen-pants-ivory-r0920ivo?tc_ch=display&tc_ve=ba&tc_so=tradedesk&tc_me=pp&tc_ca=bau,,,7,IN STOCK,,,Ivory,,,,TRUE,TRUE
55176779,55176779,55176779,Linen V-Neck Waistcoat Boden,https://us.boden.com/products/women-linen-v-neck-waistcoat-spearmint-u0136prp?tc_ch=display&tc_ve=ba&tc_so=tradedesk&tc_me=pp&tc_ca=bau,,,112.00,160.00,https://cdn.shopify.com/s/files/1/0680/4619/2892/files/26wsum_u0136_prp_m01.jpg?v=1&width=800,Women,Women,22/09/2026,https://us.boden.com/products/women-linen-v-neck-waistcoat-spearmint-u0136prp?tc_ch=display&tc_ve=ba&tc_so=tradedesk&tc_me=pp&tc_ca=bau,,,6,IN STOCK,,,Spearmint,,,,TRUE,TRUE
55176471,55176471,55176471,Chelsea Belted Linen Shorts Boden,https://us.boden.com/products/women-chelsea-belted-linen-shorts-brown-ivory-ticking-stripe-r0923neu?tc_ch=display&tc_ve=ba&tc_so=tradedesk&tc_me=pp&tc_ca=bau,,,96.00,160.00,https://cdn.shopify.com/s/files/1/0680/4619/2892/files/26whsm_r0923_neu_m06.jpg?v=1&width=800,Women,Women,22/09/2026,https://us.boden.com/products/women-chelsea-belted-linen-shorts-brown-ivory-ticking-stripe-r0923neu?tc_ch=display&tc_ve=ba&tc_so=tradedesk&tc_me=pp&tc_ca=bau,,,24,IN STOCK,,,"Brown, Ivory Ticking Stripe",,,,TRUE,TRUE
55191367,55191367,55191367,High Rise Straight Jeans Boden,https://us.boden.com/products/women-high-rise-straight-jeans-yellow-stripe-r0888yel?tc_ch=display&tc_ve=ba&tc_so=tradedesk&tc_me=pp&tc_ca=bau,,,96.00,160.00,https://cdn.shopify.com/s/files/1/0680/4619/2892/files/26wsum_r0888_yel_m01_v2_9395918d-0a53-4676-a0b3-d19c4a329174.jpg?v=1&width=800,Women,Women,22/09/2026,https://us.boden.com/products/women-high-rise-straight-jeans-yellow-stripe-r0888yel?tc_ch=display&tc_ve=ba&tc_so=tradedesk&tc_me=pp&tc_ca=bau,,,22,IN STOCK,,,Yellow Stripe,,,,TRUE,TRUE
55179238,55179238,55179238,Verity Broderie Poplin Skirt Boden,https://us.boden.com/products/women-verity-broderie-poplin-skirt-navy-r0914nav?tc_ch=display&tc_ve=ba&tc_so=tradedesk&tc_me=pp&tc_ca=bau,,,176.00,220.00,https://cdn.shopify.com/s/files/1/0680/4619/2892/files/26wsum_r0914_nav_m01_v1_cb7289c7-2a8e-45f0-86cc-46e0408bfc73.jpg?v=1&width=800,Women,Women,22/09/2026,https://us.boden.com/products/women-verity-broderie-poplin-skirt-navy-r0914nav?tc_ch=display&tc_ve=ba&tc_so=tradedesk&tc_me=pp&tc_ca=bau,,,36,IN STOCK,,,Navy,,,,TRUE,TRUE
55169186,55169186,55169186,Lace Pencil Skirt Boden,https://us.boden.com/products/women-lace-pencil-skirt-fresh-green-r0946grn?tc_ch=display&tc_ve=ba&tc_so=tradedesk&tc_me=pp&tc_ca=bau,,,152.00,190.00,https://cdn.shopify.com/s/files/1/0680/4619/2892/files/26wsum_r0946_grn_m01_811b5ca3-8869-4a5e-9395-87a1559cae98.jpg?v=1&width=800,Women,Women,22/09/2026,https://us.boden.com/products/women-lace-pencil-skirt-fresh-green-r0946grn?tc_ch=display&tc_ve=ba&tc_so=tradedesk&tc_me=pp&tc_ca=bau,,,42,IN STOCK,,,Fresh Green,,,,TRUE,TRUE
55166061,55166061,55166061,Skiathos Bikini Top Boden,https://us.boden.com/products/women-skiathos-bikini-top-cobalt-blue-s0484bbl?tc_ch=display&tc_ve=ba&tc_so=tradedesk&tc_me=pp&tc_ca=bau,,,89.00,89.00,https://cdn.shopify.com/s/files/1/0680/4619/2892/files/26wsum_s0484_bbl_m01_v1_deea63a3-f7c4-4f7a-8301-2c08e3f9e72d.jpg?v=1&width=800,Women,Women,22/09/2026,https://us.boden.com/products/women-skiathos-bikini-top-cobalt-blue-s0484bbl?tc_ch=display&tc_ve=ba&tc_so=tradedesk&tc_me=pp&tc_ca=bau,,,272,IN STOCK,,,Cobalt Blue,,,,TRUE,TRUE
55165938,55165938,55165938,Arles Bikini Top Boden,https://us.boden.com/products/women-arles-bikini-top-air-blue-euphoric-gardens-s0459aqu?tc_ch=display&tc_ve=ba&tc_so=tradedesk&tc_me=pp&tc_ca=bau,,,34.99,89.00,https://cdn.shopify.com/s/files/1/0680/4619/2892/files/26wsum_s0459_aqu_m01_v1_7a653ae4-92ef-4bfa-b9d7-0d1d77a69fb0.jpg?v=1&width=800,Women,Women,22/09/2026,https://us.boden.com/products/women-arles-bikini-top-air-blue-euphoric-gardens-s0459aqu?tc_ch=display&tc_ve=ba&tc_so=tradedesk&tc_me=pp&tc_ca=bau,,,58,IN STOCK,,,"Air Blue, Euphoric Gardens",,,,TRUE,TRUE
55165640,55165640,55165640,Ruffle Bikini Bottoms Boden,https://us.boden.com/products/women-ruffle-bikini-bottoms-fiery-coral-s0483rus?tc_ch=display&tc_ve=ba&tc_so=tradedesk&tc_me=pp&tc_ca=bau,,,26.99,69.00,https://cdn.shopify.com/s/files/1/0680/4619/2892/files/26wsum_s0483_rus_m01_v1_d725608a-62fa-4ad6-8943-70d4787e072f.jpg?v=1&width=800,Women,Women,22/09/2026,https://us.boden.com/products/women-ruffle-bikini-bottoms-fiery-coral-s0483rus?tc_ch=display&tc_ve=ba&tc_so=tradedesk&tc_me=pp&tc_ca=bau,,,53,IN STOCK,,,Fiery Coral,,,,TRUE,TRUE
55164408,55164408,55164408,Rhodes Cup Sized Swimsuit Boden,https://us.boden.com/products/women-rhodes-cup-sized-swimsuit-pink-euphoric-gardens-s0368lpk?tc_ch=display&tc_ve=ba&tc_so=tradedesk&tc_me=pp&tc_ca=bau,,,96.00,160.00,https://cdn.shopify.com/s/files/1/0680/4619/2892/files/26wsum_s0368_lpk_m01_v1_653b3515-421c-4a8a-a623-032c7b31a2fc.jpg?v=1&width=800,Women,Women,22/09/2026,https://us.boden.com/products/women-rhodes-cup-sized-swimsuit-pink-euphoric-gardens-s0368lpk?tc_ch=display&tc_ve=ba&tc_so=tradedesk&tc_me=pp&tc_ca=bau,,,49,IN STOCK,,,"Pink, Euphoric Gardens",,,,TRUE,TRUE
55180540,55180540,55180540,Andrea Cotton Shell Top Boden,https://us.boden.com/products/women-andrea-cotton-shell-top-ivory-broderie-t2140ivo?tc_ch=display&tc_ve=ba&tc_so=tradedesk&tc_me=pp&tc_ca=bau,,,77.00,110.00,https://cdn.shopify.com/s/files/1/0680/4619/2892/files/26wsum_t2140_ivo_m01_v1_f9d762b1-b536-468e-a19f-9e8776f06e29.jpg?v=1&width=800,Women,Women,22/09/2026,https://us.boden.com/products/women-andrea-cotton-shell-top-ivory-broderie-t2140ivo?tc_ch=display&tc_ve=ba&tc_so=tradedesk&tc_me=pp&tc_ca=bau,,,16,IN STOCK,,,Ivory broderie,,,,TRUE,TRUE
55166884,55166884,55166884,Halter-neck Double Cloth Top Boden,https://us.boden.com/products/women-halter-neck-double-cloth-top-pomegranate-t2104dpk?tc_ch=display&tc_ve=ba&tc_so=tradedesk&tc_me=pp&tc_ca=bau,,,53.40,89.00,https://cdn.shopify.com/s/files/1/0680/4619/2892/files/26wsum_t2104_dpk_m01_6534d17c-833c-4a3e-89d3-fba9063be438.jpg?v=1&width=800,Women,Women,22/09/2026,https://us.boden.com/products/women-halter-neck-double-cloth-top-pomegranate-t2104dpk?tc_ch=display&tc_ve=ba&tc_so=tradedesk&tc_me=pp&tc_ca=bau,,,19,IN STOCK,,,Pomegranate,,,,TRUE,TRUE
55169883,55169883,55169883,Abigail Poplin Maxi Skirt Boden,https://us.boden.com/products/women-abigail-poplin-maxi-skirt-multi-enchanted-paisley-r0879mlt?tc_ch=display&tc_ve=ba&tc_so=tradedesk&tc_me=pp&tc_ca=bau,,,112.00,160.00,https://cdn.shopify.com/s/files/1/0680/4619/2892/files/26wsum_r0879_mlt_m01_v1_a33e2613-575f-488e-b809-c72479733c44.jpg?v=1&width=800,Women,Women,22/09/2026,https://us.boden.com/products/women-abigail-poplin-maxi-skirt-multi-enchanted-paisley-r0879mlt?tc_ch=display&tc_ve=ba&tc_so=tradedesk&tc_me=pp&tc_ca=bau,,,10,IN STOCK,,,"Multi, Enchanted Paisley",,,,TRUE,TRUE
55169737,55169737,55169737,Sadie Relaxed Linen Shirt Boden,https://us.boden.com/products/women-sadie-relaxed-linen-shirt-ivory-brown-pink-stripe-t1775str?tc_ch=display&tc_ve=ba&tc_so=tradedesk&tc_me=pp&tc_ca=bau,,,96.00,160.00,https://cdn.shopify.com/s/files/1/0680/4619/2892/files/26wsum_t1775_str_m01_v1_8228f088-9a0d-4ab3-a513-b716b12ecd1c.jpg?v=1&width=800,Women,Women,22/09/2026,https://us.boden.com/products/women-sadie-relaxed-linen-shirt-ivory-brown-pink-stripe-t1775str?tc_ch=display&tc_ve=ba&tc_so=tradedesk&tc_me=pp&tc_ca=bau,,,50,IN STOCK,,,"Ivory, Brown, Pink Stripe",,,,TRUE,TRUE
55194752,55194752,55194752,Short Sleeve Graphic T-shirt Boden,https://us.boden.com/products/boys-short-sleeve-graphic-t-shirt-blue-race-cars-b2959ind?tc_ch=display&tc_ve=ba&tc_so=tradedesk&tc_me=pp&tc_ca=bau,,,21.00,35.00,https://cdn.shopify.com/s/files/1/0680/4619/2892/files/26bsum_b2959_ind_m01.jpg?v=1&width=800,Boys,Boys,22/09/2026,https://us.boden.com/products/boys-short-sleeve-graphic-t-shirt-blue-race-cars-b2959ind?tc_ch=display&tc_ve=ba&tc_so=tradedesk&tc_me=pp&tc_ca=bau,,,74,IN STOCK,,,Blue Race Cars,,,,TRUE,TRUE
55184198,55184198,55184198,Slingback Clog Boden,https://us.boden.com/products/women-slingback-clog-golden-brown-a2223brn?tc_ch=display&tc_ve=ba&tc_so=tradedesk&tc_me=pp&tc_ca=bau,,,87.99,220.00,https://cdn.shopify.com/s/files/1/0680/4619/2892/files/26wsum_a2223_brn.jpg?v=1&width=800,Women,Women,22/09/2026,https://us.boden.com/products/women-slingback-clog-golden-brown-a2223brn?tc_ch=display&tc_ve=ba&tc_so=tradedesk&tc_me=pp&tc_ca=bau,,,12,IN STOCK,,,Golden Brown,,,,TRUE,TRUE
55186889,55186889,55186889,Draw Cord Jean Boden,https://us.boden.com/products/girls-draw-cord-jean-mid-vintage-denim-g5857mid?tc_ch=display&tc_ve=ba&tc_so=tradedesk&tc_me=pp&tc_ca=bau,,,59.00,59.00,https://cdn.shopify.com/s/files/1/0680/4619/2892/files/26gsum_g5857_mid_a0d18fe9-2c89-485e-809b-519eb995742a.jpg?v=1&width=800,Girls,Girls,22/09/2026,https://us.boden.com/products/girls-draw-cord-jean-mid-vintage-denim-g5857mid?tc_ch=display&tc_ve=ba&tc_so=tradedesk&tc_me=pp&tc_ca=bau,,,121,IN STOCK,,,Mid Vintage Denim,,,,TRUE,TRUE
55186296,55186296,55186296,Classic Bikini Bottoms Boden,https://us.boden.com/products/women-classic-bikini-bottoms-cinnamon-s0197brm?tc_ch=display&tc_ve=ba&tc_so=tradedesk&tc_me=pp&tc_ca=bau,,,69.00,69.00,https://cdn.shopify.com/s/files/1/0680/4619/2892/files/26wsum_s0197_brm_m01_57d6a04d-3932-47ce-9e21-0bcd067e2352.jpg?v=1&width=800,Women,Women,22/09/2026,https://us.boden.com/products/women-classic-bikini-bottoms-cinnamon-s0197brm?tc_ch=display&tc_ve=ba&tc_so=tradedesk&tc_me=pp&tc_ca=bau,,,75,IN STOCK,,,Cinnamon,,,,TRUE,TRUE
55185148,55185148,55185148,Erma Drop Waist Linen Dress Boden,https://us.boden.com/products/women-erma-drop-waist-linen-dress-chambray-d1608lbl?tc_ch=display&tc_ve=ba&tc_so=tradedesk&tc_me=pp&tc_ca=bau,,,208.00,260.00,https://cdn.shopify.com/s/files/1/0680/4619/2892/files/26wsum_d1608_lbl_m01_v2_80086579-ec2a-478d-900e-d57ae7f6b023.jpg?v=1&width=800,Women,Women,22/09/2026,https://us.boden.com/products/women-erma-drop-waist-linen-dress-chambray-d1608lbl?tc_ch=display&tc_ve=ba&tc_so=tradedesk&tc_me=pp&tc_ca=bau,,,24,IN STOCK,,,Chambray,,,,TRUE,TRUE
55166436,55166436,55166436,Naomi Jersey Midi Dress Boden,https://us.boden.com/products/women-naomi-jersey-midi-dress-blood-orange-elegant-blossom-d1632pnt?tc_ch=display&tc_ve=ba&tc_so=tradedesk&tc_me=pp&tc_ca=bau,,,102.00,170.00,https://cdn.shopify.com/s/files/1/0680/4619/2892/files/26wsum_d1632_pnt_m01_v1.jpg?v=1&width=800,Women,Women,22/09/2026,https://us.boden.com/products/women-naomi-jersey-midi-dress-blood-orange-elegant-blossom-d1632pnt?tc_ch=display&tc_ve=ba&tc_so=tradedesk&tc_me=pp&tc_ca=bau,,,53,IN STOCK,,,"Blood Orange, Elegant Blossom",,,,TRUE,TRUE
55189194,55189194,55189194,Sailor Collar sweater Boden,https://us.boden.com/products/women-sailor-collar-sweater-green-k1271grn?tc_ch=display&tc_ve=ba&tc_so=tradedesk&tc_me=pp&tc_ca=bau,,,73.99,149.00,https://cdn.shopify.com/s/files/1/0680/4619/2892/files/26wsum_k1271_grn_m01_v1_f07f3b38-fea7-411e-b76e-13ecbaa4fd63.jpg?v=1&width=800,Women,Women,22/09/2026,https://us.boden.com/products/women-sailor-collar-sweater-green-k1271grn?tc_ch=display&tc_ve=ba&tc_so=tradedesk&tc_me=pp&tc_ca=bau,,,16,IN STOCK,,,Green,,,,TRUE,TRUE
55189629,55189629,55189629,Short Belted Shirt Dress Boden,https://us.boden.com/products/women-short-belted-shirt-dress-brown-ivory-ticking-stripe-d1670mul?tc_ch=display&tc_ve=ba&tc_so=tradedesk&tc_me=pp&tc_ca=bau,,,98.99,199.00,https://cdn.shopify.com/s/files/1/0680/4619/2892/files/26wsum_d1670_mul_m01_v2.jpg?v=1&width=800,Women,Women,22/09/2026,https://us.boden.com/products/women-short-belted-shirt-dress-brown-ivory-ticking-stripe-d1670mul?tc_ch=display&tc_ve=ba&tc_so=tradedesk&tc_me=pp&tc_ca=bau,,,22,IN STOCK,,,"Brown, Ivory Ticking Stripe",,,,TRUE,TRUE
55169062,55169062,55169062,Knitted Pointelle Shorts Boden,https://us.boden.com/products/women-knitted-pointelle-shorts-blue-white-r0926ivo?tc_ch=display&tc_ve=ba&tc_so=tradedesk&tc_me=pp&tc_ca=bau,,,88.00,110.00,https://cdn.shopify.com/s/files/1/0680/4619/2892/files/26wsum_r0926_ivo_m01_2d95464f-1708-490e-b19b-36da4052cebe.jpg?v=1&width=800,Women,Women,22/09/2026,https://us.boden.com/products/women-knitted-pointelle-shorts-blue-white-r0926ivo?tc_ch=display&tc_ve=ba&tc_so=tradedesk&tc_me=pp&tc_ca=bau,,,24,IN STOCK,,,"Blue, White",,,,TRUE,TRUE
55170530,55170530,55170530,Emma Linen Maxi Skirt Boden,https://us.boden.com/products/women-emma-linen-maxi-skirt-highland-green-r0868grn?tc_ch=display&tc_ve=ba&tc_so=tradedesk&tc_me=pp&tc_ca=bau,,,133.00,190.00,https://cdn.shopify.com/s/files/1/0680/4619/2892/files/26wsum_r0868_grn_m01_16e887a9-2707-4c24-b5c7-940dc9b3936e.jpg?v=1&width=800,Women,Women,22/09/2026,https://us.boden.com/products/women-emma-linen-maxi-skirt-highland-green-r0868grn?tc_ch=display&tc_ve=ba&tc_so=tradedesk&tc_me=pp&tc_ca=bau,,,9,IN STOCK,,,Highland Green,,,,TRUE,TRUE
55187988,55187988,55187988,Laura V-neck Linen Playsuit Boden,https://us.boden.com/products/women-laura-v-neck-linen-playsuit-gingerbread-d1731brn?tc_ch=display&tc_ve=ba&tc_so=tradedesk&tc_me=pp&tc_ca=bau,,,132.00,220.00,https://cdn.shopify.com/s/files/1/0680/4619/2892/files/26wsum_d1731_brn_m01_6d8300e9-3ce4-4c6b-a17f-d614402d6e49.jpg?v=1&width=800,Women,Women,22/09/2026,https://us.boden.com/products/women-laura-v-neck-linen-playsuit-gingerbread-d1731brn?tc_ch=display&tc_ve=ba&tc_so=tradedesk&tc_me=pp&tc_ca=bau,,,19,IN STOCK,,,Gingerbread,,,,TRUE,TRUE
55190201,55190201,55190201,Slim Leg Cotton Pants Boden,https://us.boden.com/products/women-slim-leg-cotton-pants-black-r0948blk?tc_ch=display&tc_ve=ba&tc_so=tradedesk&tc_me=pp&tc_ca=bau,,,130.00,130.00,https://cdn.shopify.com/s/files/1/0680/4619/2892/files/26wsum_r0948_blk_m01_v2_9cf16810-e0c2-4498-9a13-e43d61de36c4.jpg?v=1&width=800,Women,Women,22/09/2026,https://us.boden.com/products/women-slim-leg-cotton-pants-black-r0948blk?tc_ch=display&tc_ve=ba&tc_so=tradedesk&tc_me=pp&tc_ca=bau,,,104,IN STOCK,,,Black,,,,TRUE,TRUE
55181349,55181349,55181349,Relaxed Appliqué Polo Shirt Boden,https://us.boden.com/products/boys-relaxed-applique-polo-shirt-robot-blue-tennis-b3234blu?tc_ch=display&tc_ve=ba&tc_so=tradedesk&tc_me=pp&tc_ca=bau,,,29.25,45.00,https://cdn.shopify.com/s/files/1/0680/4619/2892/files/26bsum_b3234_blu_m01.jpg?v=1&width=800,Boys,Boys,22/09/2026,https://us.boden.com/products/boys-relaxed-applique-polo-shirt-robot-blue-tennis-b3234blu?tc_ch=display&tc_ve=ba&tc_so=tradedesk&tc_me=pp&tc_ca=bau,,,7,IN STOCK,,,Robot Blue Tennis,,,,TRUE,TRUE
55177483,55177483,55177483,Mayfair Tailored Pants Boden,https://us.boden.com/products/women-mayfair-tailored-pants-ivory-navy-stripe-r0940ivo?tc_ch=display&tc_ve=ba&tc_so=tradedesk&tc_me=pp&tc_ca=bau,,,78.99,199.00,https://cdn.shopify.com/s/files/1/0680/4619/2892/files/26wsum_r0940_ivo_m01_958c4168-16b3-4fc0-956e-8e37803874ae.jpg?v=1&width=800,Women,Women,22/09/2026,https://us.boden.com/products/women-mayfair-tailored-pants-ivory-navy-stripe-r0940ivo?tc_ch=display&tc_ve=ba&tc_so=tradedesk&tc_me=pp&tc_ca=bau,,,35,IN STOCK,,,"Ivory, Navy Stripe",,,,TRUE,TRUE
55177455,55177455,55177455,Fun Sweatshorts Boden,https://us.boden.com/products/boys-fun-sweatshorts-seamist-blue-chillies-b3041bue?tc_ch=display&tc_ve=ba&tc_so=tradedesk&tc_me=pp&tc_ca=bau,,,36.00,45.00,https://cdn.shopify.com/s/files/1/0680/4619/2892/files/26bhsm_b3041_bue_4566c7bf-5357-4913-b7e3-157f105c4519.jpg?v=1&width=800,Boys,Boys,22/09/2026,https://us.boden.com/products/boys-fun-sweatshorts-seamist-blue-chillies-b3041bue?tc_ch=display&tc_ve=ba&tc_so=tradedesk&tc_me=pp&tc_ca=bau,,,13,IN STOCK,,,Seamist Blue Chillies,,,,TRUE,TRUE
55166215,55166215,55166215,Pointelle Knitted Polo Top Boden,https://us.boden.com/products/girls-pointelle-knitted-polo-top-wave-blue-g5914blu?tc_ch=display&tc_ve=ba&tc_so=tradedesk&tc_me=pp&tc_ca=bau,,,38.50,55.00,https://cdn.shopify.com/s/files/1/0680/4619/2892/files/26gsum_g5914_blu_0f978823-0c77-40e8-a570-aa121279df10.jpg?v=1&width=800,Girls,Girls,22/09/2026,https://us.boden.com/products/girls-pointelle-knitted-polo-top-wave-blue-g5914blu?tc_ch=display&tc_ve=ba&tc_so=tradedesk&tc_me=pp&tc_ca=bau,,,29,IN STOCK,,,Wave Blue,,,,TRUE,TRUE
55170421,55170421,55170421,Ivy Button Linen Midi Dress Boden,https://us.boden.com/products/women-ivy-button-linen-midi-dress-red-shadow-blossom-d1510brd?tc_ch=display&tc_ve=ba&tc_so=tradedesk&tc_me=pp&tc_ca=bau,,,199.20,249.00,https://cdn.shopify.com/s/files/1/0680/4619/2892/files/26wsum_d1510_brd_m01_b1a48a53-86f4-472e-b759-9d055af041bf.jpg?v=1&width=800,Women,Women,22/09/2026,https://us.boden.com/products/women-ivy-button-linen-midi-dress-red-shadow-blossom-d1510brd?tc_ch=display&tc_ve=ba&tc_so=tradedesk&tc_me=pp&tc_ca=bau,,,35,IN STOCK,,,Red Shadow Blossom,,,,TRUE,TRUE
55197520,55197520,55197520,Sasha Short Sleeve Lace Top Boden,https://us.boden.com/products/women-sasha-short-sleeve-lace-top-ivory-t2219ivo?tc_ch=display&tc_ve=ba&tc_so=tradedesk&tc_me=pp&tc_ca=bau,,,112.00,160.00,https://cdn.shopify.com/s/files/1/0680/4619/2892/files/26wsum_t2219_ivo_m01_v2.jpg?v=1&width=800,Women,Women,22/09/2026,https://us.boden.com/products/women-sasha-short-sleeve-lace-top-ivory-t2219ivo?tc_ch=display&tc_ve=ba&tc_so=tradedesk&tc_me=pp&tc_ca=bau,,,8,IN STOCK,,,Ivory,,,,TRUE,TRUE
55179232,55179232,55179232,High Rise Palazzo Jeans Boden,https://us.boden.com/products/women-high-rise-palazzo-jeans-cappuccino-r0911brn?tc_ch=display&tc_ve=ba&tc_so=tradedesk&tc_me=pp&tc_ca=bau,,,114.00,190.00,https://cdn.shopify.com/s/files/1/0680/4619/2892/files/26wsum_r0911_brn_m01_5d2b8e2a-f150-4ae7-89ed-b524c755dc1c.jpg?v=1&width=800,Women,Women,22/09/2026,https://us.boden.com/products/women-high-rise-palazzo-jeans-cappuccino-r0911brn?tc_ch=display&tc_ve=ba&tc_so=tradedesk&tc_me=pp&tc_ca=bau,,,18,IN STOCK,,,Cappuccino,,,,TRUE,TRUE
55169120,55169120,55169120,High Waisted Bikini Bottoms Boden,https://us.boden.com/products/women-high-waisted-bikini-bottoms-maroon-botanical-charm-s0192bur?tc_ch=display&tc_ve=ba&tc_so=tradedesk&tc_me=pp&tc_ca=bau,,,43.99,89.00,https://cdn.shopify.com/s/files/1/0680/4619/2892/files/26wsum_s0192_bur_m01_d1e83e67-e3b6-4bba-940a-3acf35977eee.jpg?v=1&width=800,Women,Women,22/09/2026,https://us.boden.com/products/women-high-waisted-bikini-bottoms-maroon-botanical-charm-s0192bur?tc_ch=display&tc_ve=ba&tc_so=tradedesk&tc_me=pp&tc_ca=bau,,,38,IN STOCK,,,"Maroon, Botanical Charm",,,,TRUE,TRUE
55172314,55172314,55172314,Kythira Ruched Bikini Top Boden,https://us.boden.com/products/women-kythira-ruched-bikini-top-brown-spot-s0426dbr?tc_ch=display&tc_ve=ba&tc_so=tradedesk&tc_me=pp&tc_ca=bau,,,89.00,89.00,https://cdn.shopify.com/s/files/1/0680/4619/2892/files/26wsum_s0426_dbr_m01_6bdc7381-3790-4ca9-a45d-f1cbd9965700.jpg?v=1&width=800,Women,Women,22/09/2026,https://us.boden.com/products/women-kythira-ruched-bikini-top-brown-spot-s0426dbr?tc_ch=display&tc_ve=ba&tc_so=tradedesk&tc_me=pp&tc_ca=bau,,,86,IN STOCK,,,Brown Spot,,,,TRUE,TRUE
55165414,55165414,55165414,Cannes Cross Wrap Swimsuit Boden,https://us.boden.com/products/women-cannes-cross-wrap-swimsuit-bitter-chocolate-s0448brm?tc_ch=display&tc_ve=ba&tc_so=tradedesk&tc_me=pp&tc_ca=bau,,,73.99,149.00,https://cdn.shopify.com/s/files/1/0680/4619/2892/files/26wsum_s0448_brm_m01_ab9cf6c3-9174-4c3d-b8bf-17788390adb7.jpg?v=1&width=800,Women,Women,22/09/2026,https://us.boden.com/products/women-cannes-cross-wrap-swimsuit-bitter-chocolate-s0448brm?tc_ch=display&tc_ve=ba&tc_so=tradedesk&tc_me=pp&tc_ca=bau,,,349,IN STOCK,,,Bitter Chocolate,,,,TRUE,TRUE
55175075,55175075,55175075,Tilos Tie Side Swimsuit Boden,https://us.boden.com/products/women-tilos-tie-side-swimsuit-poppy-red-enchanted-paisley-s0452red?tc_ch=display&tc_ve=ba&tc_so=tradedesk&tc_me=pp&tc_ca=bau,,,63.99,160.00,https://cdn.shopify.com/s/files/1/0680/4619/2892/files/26wsum_s0452_red_m01_61879fad-cbe9-4934-9a76-9fe49bbc3caf.jpg?v=1&width=800,Women,Women,22/09/2026,https://us.boden.com/products/women-tilos-tie-side-swimsuit-poppy-red-enchanted-paisley-s0452red?tc_ch=display&tc_ve=ba&tc_so=tradedesk&tc_me=pp&tc_ca=bau,,,81,IN STOCK,,,"Poppy Red, Enchanted Paisley",,,,TRUE,TRUE
55182048,55182048,55182048,Minori Halter Tie Swimsuit Boden,https://us.boden.com/products/women-minori-halter-tie-swimsuit-cinnamon-s0449brn?tc_ch=display&tc_ve=ba&tc_so=tradedesk&tc_me=pp&tc_ca=bau,,,149.00,149.00,https://cdn.shopify.com/s/files/1/0680/4619/2892/files/26wsum_s0449_brn_m01_c83d5e5f-c763-4800-a7e3-0f9091e42187.jpg?v=1&width=800,Women,Women,22/09/2026,https://us.boden.com/products/women-minori-halter-tie-swimsuit-cinnamon-s0449brn?tc_ch=display&tc_ve=ba&tc_so=tradedesk&tc_me=pp&tc_ca=bau,,,171,IN STOCK,,,Cinnamon,,,,TRUE,TRUE
55165133,55165133,55165133,Skiathos Bikini Top Boden,https://us.boden.com/products/women-skiathos-bikini-top-black-s0484blk?tc_ch=display&tc_ve=ba&tc_so=tradedesk&tc_me=pp&tc_ca=bau,,,89.00,89.00,https://cdn.shopify.com/s/files/1/0680/4619/2892/files/26wsum_s0484_blk_m01_6e91b22f-7d57-4eb2-9a3c-2cb7633d78ac.jpg?v=1&width=800,Women,Women,22/09/2026,https://us.boden.com/products/women-skiathos-bikini-top-black-s0484blk?tc_ch=display&tc_ve=ba&tc_so=tradedesk&tc_me=pp&tc_ca=bau,,,42,IN STOCK,,,Black,,,,TRUE,TRUE
55166006,55166006,55166006,Skiathos Ruched Panel Swimsuit Boden,https://us.boden.com/products/women-skiathos-ruched-panel-swimsuit-cobalt-blue-s0475blu?tc_ch=display&tc_ve=ba&tc_so=tradedesk&tc_me=pp&tc_ca=bau,,,149.00,149.00,https://cdn.shopify.com/s/files/1/0680/4619/2892/files/26wsum_s0475_blu_m01_d3d9dfc0-6a37-42d1-8432-2dfbf28eb887.jpg?v=1&width=800,Women,Women,22/09/2026,https://us.boden.com/products/women-skiathos-ruched-panel-swimsuit-cobalt-blue-s0475blu?tc_ch=display&tc_ve=ba&tc_so=tradedesk&tc_me=pp&tc_ca=bau,,,251,IN STOCK,,,Cobalt Blue,,,,TRUE,TRUE
55170982,55170982,55170982,Minori Halter Tie Bikini Top Boden,https://us.boden.com/products/women-minori-halter-tie-bikini-top-multi-enchanted-paisley-s0460col?tc_ch=display&tc_ve=ba&tc_so=tradedesk&tc_me=pp&tc_ca=bau,,,53.40,89.00,https://cdn.shopify.com/s/files/1/0680/4619/2892/files/26wsum_s0460_col_m01_7af4ca2b-d034-49e3-b91c-9c718579f2c7.jpg?v=1&width=800,Women,Women,22/09/2026,https://us.boden.com/products/women-minori-halter-tie-bikini-top-multi-enchanted-paisley-s0460col?tc_ch=display&tc_ve=ba&tc_so=tradedesk&tc_me=pp&tc_ca=bau,,,60,IN STOCK,,,"Multi, Enchanted Paisley",,,,TRUE,TRUE
55165657,55165657,55165657,Sweetheart Sleeve Bikini Top Boden,https://us.boden.com/products/women-sweetheart-sleeve-bikini-top-maroon-botanical-charm-s0485rus?tc_ch=display&tc_ve=ba&tc_so=tradedesk&tc_me=pp&tc_ca=bau,,,43.99,89.00,https://cdn.shopify.com/s/files/1/0680/4619/2892/files/26wsum_s0485_rus_m01_d4c8b507-6bd6-4195-9570-c100959626fc.jpg?v=1&width=800,Women,Women,22/09/2026,https://us.boden.com/products/women-sweetheart-sleeve-bikini-top-maroon-botanical-charm-s0485rus?tc_ch=display&tc_ve=ba&tc_so=tradedesk&tc_me=pp&tc_ca=bau,,,50,IN STOCK,,,"Maroon, Botanical Charm",,,,TRUE,TRUE
55198126,55198126,55198126,Turn Back T-shirt Boden,https://us.boden.com/products/women-turn-back-t-shirt-white-t2145wht?tc_ch=display&tc_ve=ba&tc_so=tradedesk&tc_me=pp&tc_ca=bau,,,45.00,45.00,https://cdn.shopify.com/s/files/1/0680/4619/2892/files/26wsum_t2145_wht_m01.jpg?v=1&width=800,Women,Women,22/09/2026,https://us.boden.com/products/women-turn-back-t-shirt-white-t2145wht?tc_ch=display&tc_ve=ba&tc_so=tradedesk&tc_me=pp&tc_ca=bau,,,76,IN STOCK,,,White,,,,TRUE,TRUE
55186314,55186314,55186314,Tilos Tie Side Swimsuit Boden,https://us.boden.com/products/women-tilos-tie-side-swimsuit-black-s0452blk?tc_ch=display&tc_ve=ba&tc_so=tradedesk&tc_me=pp&tc_ca=bau,,,160.00,160.00,https://cdn.shopify.com/s/files/1/0680/4619/2892/files/26whsm_s0452_blk_m01_545aacc0-d78e-4007-a2b3-dfc5652438e5.jpg?v=1&width=800,Women,Women,22/09/2026,https://us.boden.com/products/women-tilos-tie-side-swimsuit-black-s0452blk?tc_ch=display&tc_ve=ba&tc_so=tradedesk&tc_me=pp&tc_ca=bau,,,97,IN STOCK,,,Black,,,,TRUE,TRUE
55167112,55167112,55167112,Una Ruched Front Ponte Dress Boden,https://us.boden.com/products/women-una-ruched-front-ponte-dress-black-d1640blk?tc_ch=display&tc_ve=ba&tc_so=tradedesk&tc_me=pp&tc_ca=bau,,,112.00,160.00,https://cdn.shopify.com/s/files/1/0680/4619/2892/files/26wspr_d1640_blk_m01_ad76508f-47f9-434e-a226-770f19aac835.jpg?v=1&width=800,Women,Women,22/09/2026,https://us.boden.com/products/women-una-ruched-front-ponte-dress-black-d1640blk?tc_ch=display&tc_ve=ba&tc_so=tradedesk&tc_me=pp&tc_ca=bau,,,57,IN STOCK,,,Black,,,,TRUE,TRUE
55179061,55179061,55179061,Chino Shorts Boden,https://us.boden.com/products/women-chino-shorts-woodland-green-r0898grn?tc_ch=display&tc_ve=ba&tc_so=tradedesk&tc_me=pp&tc_ca=bau,,,62.30,89.00,https://cdn.shopify.com/s/files/1/0680/4619/2892/files/26wspr_r0898_grn_m01_8b0c9f01-e7d5-4b24-bf91-0e9750911a8e.jpg?v=1&width=800,Women,Women,22/09/2026,https://us.boden.com/products/women-chino-shorts-woodland-green-r0898grn?tc_ch=display&tc_ve=ba&tc_so=tradedesk&tc_me=pp&tc_ca=bau,,,8,IN STOCK,,,Woodland Green,,,,TRUE,TRUE
55165763,55165763,55165763,Cannes Cross Wrap Swimsuit Boden,https://us.boden.com/products/women-cannes-cross-wrap-swimsuit-black-s0448bla?tc_ch=display&tc_ve=ba&tc_so=tradedesk&tc_me=pp&tc_ca=bau,,,149.00,149.00,https://cdn.shopify.com/s/files/1/0680/4619/2892/files/26wsum_s0448_bla_m01_56402dbd-3c6c-4b69-8351-fa43ab058d5a.jpg?v=1&width=800,Women,Women,22/09/2026,https://us.boden.com/products/women-cannes-cross-wrap-swimsuit-black-s0448bla?tc_ch=display&tc_ve=ba&tc_so=tradedesk&tc_me=pp&tc_ca=bau,,,180,IN STOCK,,,Black,,,,TRUE,TRUE
55182084,55182084,55182084,Minori Halter Tie Bikini Top Boden,https://us.boden.com/products/women-minori-halter-tie-bikini-top-cinnamon-s0460brm?tc_ch=display&tc_ve=ba&tc_so=tradedesk&tc_me=pp&tc_ca=bau,,,89.00,89.00,https://cdn.shopify.com/s/files/1/0680/4619/2892/files/26wsum_s0460_brm_m01_6166df49-81b9-4759-8afe-2f11fee0bca9.jpg?v=1&width=800,Women,Women,22/09/2026,https://us.boden.com/products/women-minori-halter-tie-bikini-top-cinnamon-s0460brm?tc_ch=display&tc_ve=ba&tc_so=tradedesk&tc_me=pp&tc_ca=bau,,,141,IN STOCK,,,Cinnamon,,,,TRUE,TRUE
55182169,55182169,55182169,Crystal Flat Sandals Boden,https://us.boden.com/products/women-crystal-flat-sandals-gold-a2186gol?tc_ch=display&tc_ve=ba&tc_so=tradedesk&tc_me=pp&tc_ca=bau,,,109.99,220.00,https://cdn.shopify.com/s/files/1/0680/4619/2892/files/26whsm_a2186_gol_813791d4-636d-4e78-9340-3f70c1d37d2c.jpg?v=1&width=800,Women,Women,22/09/2026,https://us.boden.com/products/women-crystal-flat-sandals-gold-a2186gol?tc_ch=display&tc_ve=ba&tc_so=tradedesk&tc_me=pp&tc_ca=bau,,,15,IN STOCK,,,Gold,,,,TRUE,TRUE
55192506,55192506,55192506,Jersey Short Dungaree Set Boden,https://us.boden.com/products/baby-jersey-short-dungaree-set-blue-multi-jungle-animals-y2881lbl?tc_ch=display&tc_ve=ba&tc_so=tradedesk&tc_me=pp&tc_ca=bau,,,33.00,55.00,https://cdn.shopify.com/s/files/1/0680/4619/2892/files/26uhsm_y2881_lbl.jpg?v=1&width=800,Baby,Baby,22/09/2026,https://us.boden.com/products/baby-jersey-short-dungaree-set-blue-multi-jungle-animals-y2881lbl?tc_ch=display&tc_ve=ba&tc_so=tradedesk&tc_me=pp&tc_ca=bau,,,33,IN STOCK,,,Blue Multi Jungle Animals,,,,TRUE,TRUE
55202006,55202006,55202006,Tia Ruched V-neck Top Boden,https://us.boden.com/products/women-tia-ruched-v-neck-top-black-t2151bla?tc_ch=display&tc_ve=ba&tc_so=tradedesk&tc_me=pp&tc_ca=bau,,,79.00,79.00,https://cdn.shopify.com/s/files/1/0680/4619/2892/files/26wsum_t2151_bla_m01_aba98b4e-6802-48e9-80d4-7c2d8498da8b.jpg?v=1&width=800,Women,Women,22/09/2026,https://us.boden.com/products/women-tia-ruched-v-neck-top-black-t2151bla?tc_ch=display&tc_ve=ba&tc_so=tradedesk&tc_me=pp&tc_ca=bau,,,72,IN STOCK,,,Black,,,,TRUE,TRUE
55220340,55220340,55220340,Woven Turn Back Short Boden,https://us.boden.com/products/girls-woven-turn-back-short-pale-green-g6204grn?tc_ch=display&tc_ve=ba&tc_so=tradedesk&tc_me=pp&tc_ca=bau,,,27.00,45.00,https://cdn.shopify.com/s/files/1/0680/4619/2892/files/26ghsm_g6204_grn.jpg?v=1&width=800,Girls,Girls,22/09/2026,https://us.boden.com/products/girls-woven-turn-back-short-pale-green-g6204grn?tc_ch=display&tc_ve=ba&tc_so=tradedesk&tc_me=pp&tc_ca=bau,,,23,IN STOCK,,,Pale Green,,,,TRUE,TRUE
55181392,55181392,55181392,Bardot Wrap Swimsuit Boden,https://us.boden.com/products/women-bardot-wrap-swimsuit-merida-red-s0479rus?tc_ch=display&tc_ve=ba&tc_so=tradedesk&tc_me=pp&tc_ca=bau,,,79.99,160.00,https://cdn.shopify.com/s/files/1/0680/4619/2892/files/26wsum_s0479_rus_w01.jpg?v=1&width=800,Women,Women,22/09/2026,https://us.boden.com/products/women-bardot-wrap-swimsuit-merida-red-s0479rus?tc_ch=display&tc_ve=ba&tc_so=tradedesk&tc_me=pp&tc_ca=bau,,,244,IN STOCK,,,Merida Red,,,,TRUE,TRUE
55188218,55188218,55188218,Irene Puff Sleeve Cotton Dress Boden,https://us.boden.com/products/women-irene-puff-sleeve-cotton-dress-pink-blossomy-garden-d1662ros?tc_ch=display&tc_ve=ba&tc_so=tradedesk&tc_me=pp&tc_ca=bau,,,156.00,260.00,https://cdn.shopify.com/s/files/1/0680/4619/2892/files/26whsm_d1662_ros_m01_da15e5b3-92e6-4874-ba30-4b29334c5138.jpg?v=1&width=800,Women,Women,22/09/2026,https://us.boden.com/products/women-irene-puff-sleeve-cotton-dress-pink-blossomy-garden-d1662ros?tc_ch=display&tc_ve=ba&tc_so=tradedesk&tc_me=pp&tc_ca=bau,,,74,IN STOCK,,,"Pink, Blossomy Garden",,,,TRUE,TRUE
55168439,55168439,55168439,Garment Dye Sweatshorts Boden,https://us.boden.com/products/boys-garment-dye-sweatshorts-misty-lavender-b2931prp?tc_ch=display&tc_ve=ba&tc_so=tradedesk&tc_me=pp&tc_ca=bau,,,25.35,39.00,https://cdn.shopify.com/s/files/1/0680/4619/2892/files/26bhsm_b2931_prp_v1.jpg?v=1&width=800,Boys,Boys,22/09/2026,https://us.boden.com/products/boys-garment-dye-sweatshorts-misty-lavender-b2931prp?tc_ch=display&tc_ve=ba&tc_so=tradedesk&tc_me=pp&tc_ca=bau,,,56,IN STOCK,,,Misty Lavender,,,,TRUE,TRUE
55173029,55173029,55173029,Una Ruched Front Ponte Dress Boden,https://us.boden.com/products/women-una-ruched-front-ponte-dress-russet-flowerbed-bloom-d1640mul?tc_ch=display&tc_ve=ba&tc_so=tradedesk&tc_me=pp&tc_ca=bau,,,136.00,170.00,https://cdn.shopify.com/s/files/1/0680/4619/2892/files/26whsm_d1640_mul_m01_75602e20-c6ca-448e-9d91-0a968ccd0c86.jpg?v=1&width=800,Women,Women,22/09/2026,https://us.boden.com/products/women-una-ruched-front-ponte-dress-russet-flowerbed-bloom-d1640mul?tc_ch=display&tc_ve=ba&tc_so=tradedesk&tc_me=pp&tc_ca=bau,,,40,IN STOCK,,,"Russet, Flowerbed Bloom",,,,TRUE,TRUE
55189977,55189977,55189977,Regent Wide Leg Pants Boden,https://us.boden.com/products/women-regent-wide-leg-pants-hunter-green-orchid-canopy-r0697tws?tc_ch=display&tc_ve=ba&tc_so=tradedesk&tc_me=pp&tc_ca=bau,,,208.00,260.00,https://cdn.shopify.com/s/files/1/0680/4619/2892/files/26whsm_r0697_tws_m01_31cae764-3ece-46ec-b5c1-f81d3e234d6e.jpg?v=1&width=800,Women,Women,22/09/2026,https://us.boden.com/products/women-regent-wide-leg-pants-hunter-green-orchid-canopy-r0697tws?tc_ch=display&tc_ve=ba&tc_so=tradedesk&tc_me=pp&tc_ca=bau,,,17,IN STOCK,,,"Hunter Green, Orchid Canopy",,,,TRUE,TRUE
55176634,55176634,55176634,Twist Strap Swimsuit Boden,https://us.boden.com/products/women-twist-strap-swimsuit-pink-khaki-stripe-s0477olv?tc_ch=display&tc_ve=ba&tc_so=tradedesk&tc_me=pp&tc_ca=bau,,,98.00,140.00,https://cdn.shopify.com/s/files/1/0680/4619/2892/files/26whsm_s0477_olv_m01.jpg?v=1&width=800,Women,Women,22/09/2026,https://us.boden.com/products/women-twist-strap-swimsuit-pink-khaki-stripe-s0477olv?tc_ch=display&tc_ve=ba&tc_so=tradedesk&tc_me=pp&tc_ca=bau,,,54,IN STOCK,,,"Pink, Khaki Stripe",,,,TRUE,TRUE
55178358,55178358,55178358,Arles Bikini Top Boden,https://us.boden.com/products/women-arles-bikini-top-mangrove-s0459mos?tc_ch=display&tc_ve=ba&tc_so=tradedesk&tc_me=pp&tc_ca=bau,,,89.00,89.00,https://cdn.shopify.com/s/files/1/0680/4619/2892/files/26whsm_s0459_mos_m01.jpg?v=1&width=800,Women,Women,22/09/2026,https://us.boden.com/products/women-arles-bikini-top-mangrove-s0459mos?tc_ch=display&tc_ve=ba&tc_so=tradedesk&tc_me=pp&tc_ca=bau,,,46,IN STOCK,,,Mangrove,,,,TRUE,TRUE
55182284,55182284,55182284,Short Sleeve Linen Shirt Boden,https://us.boden.com/products/women-short-sleeve-linen-shirt-seamist-blue-palm-paradise-t2123ble?tc_ch=display&tc_ve=ba&tc_so=tradedesk&tc_me=pp&tc_ca=bau,,,66.00,110.00,https://cdn.shopify.com/s/files/1/0680/4619/2892/files/26whsm_t2123_ble_m01_c1826a85-0fab-43d4-818f-f206797c4169.jpg?v=1&width=800,Women,Women,22/09/2026,https://us.boden.com/products/women-short-sleeve-linen-shirt-seamist-blue-palm-paradise-t2123ble?tc_ch=display&tc_ve=ba&tc_so=tradedesk&tc_me=pp&tc_ca=bau,,,31,IN STOCK,,,"Seamist Blue, Palm Paradise",,,,TRUE,TRUE
55190474,55190474,55190474,Catherine Broderie Dress Boden,https://us.boden.com/products/women-catherine-broderie-dress-navy-broderie-d1776nav?tc_ch=display&tc_ve=ba&tc_so=tradedesk&tc_me=pp&tc_ca=bau,,,209.30,299.00,https://cdn.shopify.com/s/files/1/0680/4619/2892/files/26whsm_d1776_nav_m01_7f735bb0-797b-4778-9895-ccc59ce3432e.jpg?v=1&width=800,Women,Women,22/09/2026,https://us.boden.com/products/women-catherine-broderie-dress-navy-broderie-d1776nav?tc_ch=display&tc_ve=ba&tc_so=tradedesk&tc_me=pp&tc_ca=bau,,,22,IN STOCK,,,Navy Broderie,,,,TRUE,TRUE
55184888,55184888,55184888,Empire Linen Broderie Dress Boden,https://us.boden.com/products/women-empire-linen-broderie-dress-multi-broderie-d1623ivo?tc_ch=display&tc_ve=ba&tc_so=tradedesk&tc_me=pp&tc_ca=bau,,,209.30,299.00,https://cdn.shopify.com/s/files/1/0680/4619/2892/files/26whsm_d1623_ivo_m01_v1.jpg?v=1&width=800,Women,Women,22/09/2026,https://us.boden.com/products/women-empire-linen-broderie-dress-multi-broderie-d1623ivo?tc_ch=display&tc_ve=ba&tc_so=tradedesk&tc_me=pp&tc_ca=bau,,,33,IN STOCK,,,Multi Broderie,,,,TRUE,TRUE
55188626,55188626,55188626,Ribbed Racer Vest Boden,https://us.boden.com/products/women-ribbed-racer-vest-black-t2139blk?tc_ch=display&tc_ve=ba&tc_so=tradedesk&tc_me=pp&tc_ca=bau,,,39.00,39.00,https://cdn.shopify.com/s/files/1/0680/4619/2892/files/26whsm_t2139_blk_m01_5afd5bb5-7de8-46e7-8b60-43bbfddbdf1a.jpg?v=1&width=800,Women,Women,22/09/2026,https://us.boden.com/products/women-ribbed-racer-vest-black-t2139blk?tc_ch=display&tc_ve=ba&tc_so=tradedesk&tc_me=pp&tc_ca=bau,,,149,IN STOCK,,,Black,,,,TRUE,TRUE
55172780,55172780,55172780,Swim Shorts Boden,https://us.boden.com/products/boys-swim-shorts-multi-chamelion-b3194mus?tc_ch=display&tc_ve=ba&tc_so=tradedesk&tc_me=pp&tc_ca=bau,,,20.80,32.00,https://cdn.shopify.com/s/files/1/0680/4619/2892/files/26gsum_b3194_mus_m01_8e1bc2b6-610d-468f-8f4b-97f796f89d23.jpg?v=1&width=800,Boys,Boys,22/09/2026,https://us.boden.com/products/boys-swim-shorts-multi-chamelion-b3194mus?tc_ch=display&tc_ve=ba&tc_so=tradedesk&tc_me=pp&tc_ca=bau,,,92,IN STOCK,,,Multi Chamelion,,,,TRUE,TRUE
55184544,55184544,55184544,Elodie Jersey Maxi Dress Boden,https://us.boden.com/products/women-elodie-jersey-maxi-dress-cherry-blush-tropical-forest-d1513pin?tc_ch=display&tc_ve=ba&tc_so=tradedesk&tc_me=pp&tc_ca=bau,,,136.00,170.00,https://cdn.shopify.com/s/files/1/0680/4619/2892/files/26whsm_d1513_pin_m01_172ebdf9-d108-4d65-b86a-0d264ffecbf2.jpg?v=1&width=800,Women,Women,22/09/2026,https://us.boden.com/products/women-elodie-jersey-maxi-dress-cherry-blush-tropical-forest-d1513pin?tc_ch=display&tc_ve=ba&tc_so=tradedesk&tc_me=pp&tc_ca=bau,,,15,IN STOCK,,,"Cherry Blush, Tropical Forest",,,,TRUE,TRUE
55167209,55167209,55167209,Imelda Kimono Jersey Dress Boden,https://us.boden.com/products/women-imelda-kimono-jersey-dress-olive-tropical-safari-d1492spt?tc_ch=display&tc_ve=ba&tc_so=tradedesk&tc_me=pp&tc_ca=bau,,,176.00,220.00,https://cdn.shopify.com/s/files/1/0680/4619/2892/files/26whsm_d1492_spt_m01_c56c38fb-596a-4cbd-9e0d-d0fd64d67fba.jpg?v=1&width=800,Women,Women,22/09/2026,https://us.boden.com/products/women-imelda-kimono-jersey-dress-olive-tropical-safari-d1492spt?tc_ch=display&tc_ve=ba&tc_so=tradedesk&tc_me=pp&tc_ca=bau,,,20,IN STOCK,,,"Olive, Tropical Safari",,,,TRUE,TRUE
55172998,55172998,55172998,Enola Appliqué Jersey Dress Boden,https://us.boden.com/products/girls-enola-applique-jersey-dress-starboard-blue-giant-cherries-g5964nvy?tc_ch=display&tc_ve=ba&tc_so=tradedesk&tc_me=pp&tc_ca=bau,,,30.25,55.00,https://cdn.shopify.com/s/files/1/0680/4619/2892/files/26ghsm_g5964_nvy_v1_bcded476-fbab-45f1-82b6-c585d4f903fe.jpg?v=1&width=800,Girls,Girls,22/09/2026,https://us.boden.com/products/girls-enola-applique-jersey-dress-starboard-blue-giant-cherries-g5964nvy?tc_ch=display&tc_ve=ba&tc_so=tradedesk&tc_me=pp&tc_ca=bau,,,36,IN STOCK,,,Starboard Blue Giant Cherries,,,,TRUE,TRUE
55183090,55183090,55183090,Twist Front Linen Blend Dress Boden,https://us.boden.com/products/women-twist-front-linen-blend-dress-black-d1650blk?tc_ch=display&tc_ve=ba&tc_so=tradedesk&tc_me=pp&tc_ca=bau,,,132.00,220.00,https://cdn.shopify.com/s/files/1/0680/4619/2892/files/26whsm_d1650_blk_m01.jpg?v=1&width=800,Women,Women,22/09/2026,https://us.boden.com/products/women-twist-front-linen-blend-dress-black-d1650blk?tc_ch=display&tc_ve=ba&tc_so=tradedesk&tc_me=pp&tc_ca=bau,,,14,IN STOCK,,,Black,,,,TRUE,TRUE
55175908,55175908,55175908,Islington Linen Crop Pants Boden,https://us.boden.com/products/women-islington-linen-crop-pants-blue-pink-red-multistripe-r0912sky?tc_ch=display&tc_ve=ba&tc_so=tradedesk&tc_me=pp&tc_ca=bau,,,112.00,160.00,https://cdn.shopify.com/s/files/1/0680/4619/2892/files/26whsm_r0912_sky_m01_a6f52343-7b61-4d4d-b46f-16fde277da49.jpg?v=1&width=800,Women,Women,22/09/2026,https://us.boden.com/products/women-islington-linen-crop-pants-blue-pink-red-multistripe-r0912sky?tc_ch=display&tc_ve=ba&tc_so=tradedesk&tc_me=pp&tc_ca=bau,,,7,IN STOCK,,,"Blue, Pink, Red Multistripe",,,,TRUE,TRUE
55186730,55186730,55186730,Amber Pleat Jersey Midi Dress Boden,https://us.boden.com/products/women-amber-pleat-jersey-midi-dress-calla-lilly-blossom-grove-d1503prp?tc_ch=display&tc_ve=ba&tc_so=tradedesk&tc_me=pp&tc_ca=bau,,,136.00,170.00,https://cdn.shopify.com/s/files/1/0680/4619/2892/files/26whsm_d1503_prp_m01_3a9cf6c1-d040-4ec4-9532-f74950fa0754.jpg?v=1&width=800,Women,Women,22/09/2026,https://us.boden.com/products/women-amber-pleat-jersey-midi-dress-calla-lilly-blossom-grove-d1503prp?tc_ch=display&tc_ve=ba&tc_so=tradedesk&tc_me=pp&tc_ca=bau,,,24,IN STOCK,,,"Calla Lilly, Blossom Grove",,,,TRUE,TRUE
55188917,55188917,55188917,Cross Back Jersey Dress Boden,https://us.boden.com/products/women-cross-back-jersey-dress-tourmaline-blue-d1638blu?tc_ch=display&tc_ve=ba&tc_so=tradedesk&tc_me=pp&tc_ca=bau,,,96.00,160.00,https://cdn.shopify.com/s/files/1/0680/4619/2892/files/26whsm_d1638_blu_m01.jpg?v=1&width=800,Women,Women,22/09/2026,https://us.boden.com/products/women-cross-back-jersey-dress-tourmaline-blue-d1638blu?tc_ch=display&tc_ve=ba&tc_so=tradedesk&tc_me=pp&tc_ca=bau,,,65,IN STOCK,,,Tourmaline Blue,,,,TRUE,TRUE
55179431,55179431,55179431,Mykonos Deep V Swimsuit Boden,https://us.boden.com/products/women-mykonos-deep-v-swimsuit-dark-green-paradise-s0405aqu?tc_ch=display&tc_ve=ba&tc_so=tradedesk&tc_me=pp&tc_ca=bau,,,160.00,160.00,https://cdn.shopify.com/s/files/1/0680/4619/2892/files/26whsm_s0405_aqu_m01_2605d9ca-809a-49dd-8d42-3880c70654b5.jpg?v=1&width=800,Women,Women,22/09/2026,https://us.boden.com/products/women-mykonos-deep-v-swimsuit-dark-green-paradise-s0405aqu?tc_ch=display&tc_ve=ba&tc_so=tradedesk&tc_me=pp&tc_ca=bau,,,194,IN STOCK,,,"Dark Green, Paradise",,,,TRUE,TRUE
55176056,55176056,55176056,Twist Strap Swimsuit Boden,https://us.boden.com/products/women-twist-strap-swimsuit-blue-enchanted-paisley-s0477blu?tc_ch=display&tc_ve=ba&tc_so=tradedesk&tc_me=pp&tc_ca=bau,,,98.00,140.00,https://cdn.shopify.com/s/files/1/0680/4619/2892/files/26whsm_s0477_blu_m01_4b990356-220a-4c68-9564-7e582fcb763f.jpg?v=1&width=800,Women,Women,22/09/2026,https://us.boden.com/products/women-twist-strap-swimsuit-blue-enchanted-paisley-s0477blu?tc_ch=display&tc_ve=ba&tc_so=tradedesk&tc_me=pp&tc_ca=bau,,,51,IN STOCK,,,"Blue, Enchanted Paisley",,,,TRUE,TRUE
55185606,55185606,55185606,Cary V-Neck Short Dress Boden,https://us.boden.com/products/women-cary-v-neck-short-dress-black-d1637blk?tc_ch=display&tc_ve=ba&tc_so=tradedesk&tc_me=pp&tc_ca=bau,,,48.99,99.00,https://cdn.shopify.com/s/files/1/0680/4619/2892/files/26whsm_d1637_blk_m01_85aac981-8104-4753-bb5a-d37e81d2fa30.jpg?v=1&width=800,Women,Women,22/09/2026,https://us.boden.com/products/women-cary-v-neck-short-dress-black-d1637blk?tc_ch=display&tc_ve=ba&tc_so=tradedesk&tc_me=pp&tc_ca=bau,,,30,IN STOCK,,,Black,,,,TRUE,TRUE
55178728,55178728,55178728,Notch Collar Linen Blend Tunic Boden,https://us.boden.com/products/women-notch-collar-linen-blend-tunic-multi-tiger-tapestry-d1669mul?tc_ch=display&tc_ve=ba&tc_so=tradedesk&tc_me=pp&tc_ca=bau,,,216.00,270.00,https://cdn.shopify.com/s/files/1/0680/4619/2892/files/26whsm_d1669_mul_m01_90223598-a179-4a07-b525-93054630f7f2.jpg?v=1&width=800,Women,Women,22/09/2026,https://us.boden.com/products/women-notch-collar-linen-blend-tunic-multi-tiger-tapestry-d1669mul?tc_ch=display&tc_ve=ba&tc_so=tradedesk&tc_me=pp&tc_ca=bau,,,36,IN STOCK,,,Multi Tiger Tapestry,,,,TRUE,TRUE
55173433,55173433,55173433,Halterneck Linen Top Boden,https://us.boden.com/products/women-halterneck-linen-top-bright-pink-t2092npk?tc_ch=display&tc_ve=ba&tc_so=tradedesk&tc_me=pp&tc_ca=bau,,,38.99,99.00,https://cdn.shopify.com/s/files/1/0680/4619/2892/files/26whsm_t2092_npk_m01_c58d075e-afa5-40e0-b258-198537f16bdd.jpg?v=1&width=800,Women,Women,22/09/2026,https://us.boden.com/products/women-halterneck-linen-top-bright-pink-t2092npk?tc_ch=display&tc_ve=ba&tc_so=tradedesk&tc_me=pp&tc_ca=bau,,,9,IN STOCK,,,Bright Pink,,,,TRUE,TRUE
55179018,55179018,55179018,Islington Towelling Shorts Boden,https://us.boden.com/products/women-islington-towelling-shorts-salsa-floral-r0931red?tc_ch=display&tc_ve=ba&tc_so=tradedesk&tc_me=pp&tc_ca=bau,,,59.40,99.00,https://cdn.shopify.com/s/files/1/0680/4619/2892/files/26whsm_r0931_red_m01.jpg?v=1&width=800,Women,Women,22/09/2026,https://us.boden.com/products/women-islington-towelling-shorts-salsa-floral-r0931red?tc_ch=display&tc_ve=ba&tc_so=tradedesk&tc_me=pp&tc_ca=bau,,,39,IN STOCK,,,"Salsa, Floral",,,,TRUE,TRUE
55180592,55180592,55180592,Cotton Embroidered Yoke Top Boden,https://us.boden.com/products/women-cotton-embroidered-yoke-top-vintage-rose-embroidered-t2136pin?tc_ch=display&tc_ve=ba&tc_so=tradedesk&tc_me=pp&tc_ca=bau,,,43.99,110.00,https://cdn.shopify.com/s/files/1/0680/4619/2892/files/26whsm_t2136_pin_m01_213c7c6c-0c9e-43f9-9b9f-65d5e3ae7aa2.jpg?v=1&width=800,Women,Women,22/09/2026,https://us.boden.com/products/women-cotton-embroidered-yoke-top-vintage-rose-embroidered-t2136pin?tc_ch=display&tc_ve=ba&tc_so=tradedesk&tc_me=pp&tc_ca=bau,,,69,IN STOCK,,,Vintage Rose Embroidered,,,,TRUE,TRUE
55174323,55174323,55174323,Ruffle Neck Trim Top Boden,https://us.boden.com/products/girls-ruffle-neck-trim-top-white-g5957wht?tc_ch=display&tc_ve=ba&tc_so=tradedesk&tc_me=pp&tc_ca=bau,,,11.99,25.00,https://cdn.shopify.com/s/files/1/0680/4619/2892/files/26ghsm_g5957_wht_f41b9d6e-4ce4-4cd2-98e7-75af87ad7faa.jpg?v=1&width=800,Girls,Girls,22/09/2026,https://us.boden.com/products/girls-ruffle-neck-trim-top-white-g5957wht?tc_ch=display&tc_ve=ba&tc_so=tradedesk&tc_me=pp&tc_ca=bau,,,103,IN STOCK,,,White,,,,TRUE,TRUE
55190558,55190558,55190558,Arabella Cotton Maxi Dress Boden,https://us.boden.com/products/women-arabella-cotton-maxi-dress-white-broderie-d1530wht?tc_ch=display&tc_ve=ba&tc_so=tradedesk&tc_me=pp&tc_ca=bau,,,224.00,320.00,https://cdn.shopify.com/s/files/1/0680/4619/2892/files/26whsm_d1530_wht_m01_687ab8a4-096c-4e31-be8a-2eab75fcf243.jpg?v=1&width=800,Women,Women,22/09/2026,https://us.boden.com/products/women-arabella-cotton-maxi-dress-white-broderie-d1530wht?tc_ch=display&tc_ve=ba&tc_so=tradedesk&tc_me=pp&tc_ca=bau,,,11,IN STOCK,,,White Broderie,,,,TRUE,TRUE
55164785,55164785,55164785,Capri Pants Boden,https://us.boden.com/products/girls-capri-pants-blue-gingham-g6024blu?tc_ch=display&tc_ve=ba&tc_so=tradedesk&tc_me=pp&tc_ca=bau,,,33.00,55.00,https://cdn.shopify.com/s/files/1/0680/4619/2892/files/26gsum_g6024_blu_m01.jpg?v=1&width=800,Girls,Girls,22/09/2026,https://us.boden.com/products/girls-capri-pants-blue-gingham-g6024blu?tc_ch=display&tc_ve=ba&tc_so=tradedesk&tc_me=pp&tc_ca=bau,,,61,IN STOCK,,,Blue Gingham,,,,TRUE,TRUE
55211347,55211347,55211347,Straight Leg Pocket Jeans Boden,https://us.boden.com/products/women-straight-leg-pocket-jeans-ivory-floral-r0840mul?tc_ch=display&tc_ve=ba&tc_so=tradedesk&tc_me=pp&tc_ca=bau,,,132.00,220.00,https://cdn.shopify.com/s/files/1/0680/4619/2892/files/26whsm_r0840_mul_m01_91e32eb7-3677-42f2-8064-c197ece027c1.jpg?v=1&width=800,Women,Women,22/09/2026,https://us.boden.com/products/women-straight-leg-pocket-jeans-ivory-floral-r0840mul?tc_ch=display&tc_ve=ba&tc_so=tradedesk&tc_me=pp&tc_ca=bau,,,42,IN STOCK,,,Ivory Floral,,,,TRUE,TRUE
55172282,55172282,55172282,Fun Cut-out Swimsuit Boden,https://us.boden.com/products/girls-fun-cut-out-swimsuit-whale-g6032jad?tc_ch=display&tc_ve=ba&tc_so=tradedesk&tc_me=pp&tc_ca=bau,,,29.40,49.00,https://cdn.shopify.com/s/files/1/0680/4619/2892/files/26ghsm_g6032_jad_704b8b39-31fb-4231-a9e3-ef86e2a61c74.jpg?v=1&width=800,Girls,Girls,22/09/2026,https://us.boden.com/products/girls-fun-cut-out-swimsuit-whale-g6032jad?tc_ch=display&tc_ve=ba&tc_so=tradedesk&tc_me=pp&tc_ca=bau,,,65,IN STOCK,,,Whale,,,,TRUE,TRUE
55181683,55181683,55181683,Easy Applique T-shirt Boden,https://us.boden.com/products/girls-easy-applique-t-shirt-aster-purple-ivory-shoes-g5920ivy?tc_ch=display&tc_ve=ba&tc_so=tradedesk&tc_me=pp&tc_ca=bau,,,17.99,37.00,https://cdn.shopify.com/s/files/1/0680/4619/2892/files/26ghsm_g5920_ivy_54930548-386f-445d-b279-60c9ec0297d9.jpg?v=1&width=800,Girls,Girls,22/09/2026,https://us.boden.com/products/girls-easy-applique-t-shirt-aster-purple-ivory-shoes-g5920ivy?tc_ch=display&tc_ve=ba&tc_so=tradedesk&tc_me=pp&tc_ca=bau,,,93,IN STOCK,,,Aster Purple/ Ivory Shoes,,,,TRUE,TRUE
55181566,55181566,55181566,Easy Breton T-shirt Boden,https://us.boden.com/products/girls-easy-breton-t-shirt-kingfisher-blue-cherries-g5882lbl?tc_ch=display&tc_ve=ba&tc_so=tradedesk&tc_me=pp&tc_ca=bau,,,18.85,29.00,https://cdn.shopify.com/s/files/1/0680/4619/2892/files/26ghsm_g5882_lbl_6d3f46ae-bc24-465d-8a3d-245a95b234a9.jpg?v=1&width=800,Girls,Girls,22/09/2026,https://us.boden.com/products/girls-easy-breton-t-shirt-kingfisher-blue-cherries-g5882lbl?tc_ch=display&tc_ve=ba&tc_so=tradedesk&tc_me=pp&tc_ca=bau,,,143,IN STOCK,,,Kingfisher Blue Cherries,,,,TRUE,TRUE
55179643,55179643,55179643,Short-sleeved Swimsuit Boden,https://us.boden.com/products/girls-short-sleeved-swimsuit-ivory-sunburst-g5205mil?tc_ch=display&tc_ve=ba&tc_so=tradedesk&tc_me=pp&tc_ca=bau,,,29.40,42.00,https://cdn.shopify.com/s/files/1/0680/4619/2892/files/26ghsm_g5205_mil_59b741f4-5dd6-4a5e-9f35-69630d4405d5.jpg?v=1&width=800,Girls,Girls,22/09/2026,https://us.boden.com/products/girls-short-sleeved-swimsuit-ivory-sunburst-g5205mil?tc_ch=display&tc_ve=ba&tc_so=tradedesk&tc_me=pp&tc_ca=bau,,,111,IN STOCK,,,Ivory Sunburst,,,,TRUE,TRUE
55187539,55187539,55187539,Short Sleeve Pointelle Top Boden,https://us.boden.com/products/girls-short-sleeve-pointelle-top-vintage-pink-leopard-g5259nud?tc_ch=display&tc_ve=ba&tc_so=tradedesk&tc_me=pp&tc_ca=bau,,,15.40,22.00,https://cdn.shopify.com/s/files/1/0680/4619/2892/files/26ghsm_g5259_nud_ee6c0c68-7dc0-4ddc-bf52-8646a1e8526b.jpg?v=1&width=800,Girls,Girls,22/09/2026,https://us.boden.com/products/girls-short-sleeve-pointelle-top-vintage-pink-leopard-g5259nud?tc_ch=display&tc_ve=ba&tc_so=tradedesk&tc_me=pp&tc_ca=bau,,,240,IN STOCK,,,Vintage Pink Leopard,,,,TRUE,TRUE
55187842,55187842,55187842,Short Sleeve Pointelle Top Boden,https://us.boden.com/products/girls-short-sleeve-pointelle-top-white-heart-spot-g5259crm?tc_ch=display&tc_ve=ba&tc_so=tradedesk&tc_me=pp&tc_ca=bau,,,15.40,22.00,https://cdn.shopify.com/s/files/1/0680/4619/2892/files/26ghsm_g5259_crm_c4ca19b1-3fc1-4c91-96a5-eb8b692e397b.jpg?v=1&width=800,Girls,Girls,22/09/2026,https://us.boden.com/products/girls-short-sleeve-pointelle-top-white-heart-spot-g5259crm?tc_ch=display&tc_ve=ba&tc_so=tradedesk&tc_me=pp&tc_ca=bau,,,150,IN STOCK,,,White Heart Spot,,,,TRUE,TRUE
55179172,55179172,55179172,Belgravia Linen Pants Boden,https://us.boden.com/products/women-belgravia-linen-pants-blue-and-white-stripe-r0853blu?tc_ch=display&tc_ve=ba&tc_so=tradedesk&tc_me=pp&tc_ca=bau,,,154.00,220.00,https://cdn.shopify.com/s/files/1/0680/4619/2892/files/26wsum_r0853_blu_w01.jpg?v=1&width=800,Women,Women,22/09/2026,https://us.boden.com/products/women-belgravia-linen-pants-blue-and-white-stripe-r0853blu?tc_ch=display&tc_ve=ba&tc_so=tradedesk&tc_me=pp&tc_ca=bau,,,82,IN STOCK,,,Blue and White Stripe,,,,TRUE,TRUE
55180331,55180331,55180331,Dimitra Linen Column Skirt Boden,https://us.boden.com/products/women-dimitra-linen-column-skirt-white-r0936wht?tc_ch=display&tc_ve=ba&tc_so=tradedesk&tc_me=pp&tc_ca=bau,,,63.99,160.00,https://cdn.shopify.com/s/files/1/0680/4619/2892/files/26whsm_r0936_wht_m01_27539f35-269a-4b45-a0c0-3cf0fd168db4.jpg?v=1&width=800,Women,Women,22/09/2026,https://us.boden.com/products/women-dimitra-linen-column-skirt-white-r0936wht?tc_ch=display&tc_ve=ba&tc_so=tradedesk&tc_me=pp&tc_ca=bau,,,22,IN STOCK,,,White,,,,TRUE,TRUE
55183984,55183984,55183984,Isabel Sleeveless Linen Top Boden,https://us.boden.com/products/women-isabel-sleeveless-linen-top-floral-embroidery-t2072wht?tc_ch=display&tc_ve=ba&tc_so=tradedesk&tc_me=pp&tc_ca=bau,,,91.00,130.00,https://cdn.shopify.com/s/files/1/0680/4619/2892/files/26whsm_t2072_wht_m01_v2_4c748408-b86d-413e-9a43-e2f44d0b30bf.jpg?v=1&width=800,Women,Women,22/09/2026,https://us.boden.com/products/women-isabel-sleeveless-linen-top-floral-embroidery-t2072wht?tc_ch=display&tc_ve=ba&tc_so=tradedesk&tc_me=pp&tc_ca=bau,,,28,IN STOCK,,,Floral Embroidery,,,,TRUE,TRUE
55173479,55173479,55173479,Halterneck Linen Top Boden,https://us.boden.com/products/women-halterneck-linen-top-black-t2092blk?tc_ch=display&tc_ve=ba&tc_so=tradedesk&tc_me=pp&tc_ca=bau,,,38.99,99.00,https://cdn.shopify.com/s/files/1/0680/4619/2892/files/26whsm_t2092_blk_m01_v1_c44c0d6b-3aa5-4e03-8be7-24e761dec0fa.jpg?v=1&width=800,Women,Women,22/09/2026,https://us.boden.com/products/women-halterneck-linen-top-black-t2092blk?tc_ch=display&tc_ve=ba&tc_so=tradedesk&tc_me=pp&tc_ca=bau,,,15,IN STOCK,,,Black,,,,TRUE,TRUE
55204398,55204398,55204398,Dartmouth Linen Blazer Boden,https://us.boden.com/products/women-dartmouth-linen-blazer-white-u0463whi?tc_ch=display&tc_ve=ba&tc_so=tradedesk&tc_me=pp&tc_ca=bau,,,189.00,270.00,https://cdn.shopify.com/s/files/1/0680/4619/2892/files/26wsum_u0463_whi_m01_v2_842dd97d-5ec7-4001-a7e3-f191e8d381ba.jpg?v=1&width=800,Women,Women,22/09/2026,https://us.boden.com/products/women-dartmouth-linen-blazer-white-u0463whi?tc_ch=display&tc_ve=ba&tc_so=tradedesk&tc_me=pp&tc_ca=bau,,,32,IN STOCK,,,White,,,,TRUE,TRUE
55187595,55187595,55187595,Ava Cotton Midi Dress Boden,https://us.boden.com/products/women-ava-cotton-midi-dress-pink-flourishing-meadow-border-d1519pnk?tc_ch=display&tc_ve=ba&tc_so=tradedesk&tc_me=pp&tc_ca=bau,,,174.30,249.00,https://cdn.shopify.com/s/files/1/0680/4619/2892/files/26whsm_d1519_pnk_m01.jpg?v=1&width=800,Women,Women,22/09/2026,https://us.boden.com/products/women-ava-cotton-midi-dress-pink-flourishing-meadow-border-d1519pnk?tc_ch=display&tc_ve=ba&tc_so=tradedesk&tc_me=pp&tc_ca=bau,,,10,IN STOCK,,,Pink Flourishing Meadow Border,,,,TRUE,TRUE
55181300,55181300,55181300,Superstitch Badge Shorts Boden,https://us.boden.com/products/boys-superstitch-badge-shorts-jam-red-holiday-b3222red?tc_ch=display&tc_ve=ba&tc_so=tradedesk&tc_me=pp&tc_ca=bau,,,21.99,45.00,https://cdn.shopify.com/s/files/1/0680/4619/2892/files/26bhsm_b3222_red_7fe7ace2-a4ed-4bbd-a42d-c440560880a1.jpg?v=1&width=800,Boys,Boys,22/09/2026,https://us.boden.com/products/boys-superstitch-badge-shorts-jam-red-holiday-b3222red?tc_ch=display&tc_ve=ba&tc_so=tradedesk&tc_me=pp&tc_ca=bau,,,89,IN STOCK,,,Jam Red Holiday,,,,TRUE,TRUE
55179821,55179821,55179821,Tie Waist Woven Playsuit Boden,https://us.boden.com/products/girls-tie-waist-woven-playsuit-blue-cherry-stripe-g6028blu?tc_ch=display&tc_ve=ba&tc_so=tradedesk&tc_me=pp&tc_ca=bau,,,48.30,69.00,https://cdn.shopify.com/s/files/1/0680/4619/2892/files/26ghsm_g6028_blu_a251e699-b25e-407c-9603-adf3070eee2e.jpg?v=1&width=800,Girls,Girls,22/09/2026,https://us.boden.com/products/girls-tie-waist-woven-playsuit-blue-cherry-stripe-g6028blu?tc_ch=display&tc_ve=ba&tc_so=tradedesk&tc_me=pp&tc_ca=bau,,,25,IN STOCK,,,Blue Cherry Stripe,,,,TRUE,TRUE
55189836,55189836,55189836,Embroidered Shirt Dress Boden,https://us.boden.com/products/women-embroidered-shirt-dress-pink-embroidery-d1679pin?tc_ch=display&tc_ve=ba&tc_so=tradedesk&tc_me=pp&tc_ca=bau,,,209.30,299.00,https://cdn.shopify.com/s/files/1/0680/4619/2892/files/26whsm_d1679_pin_m01.jpg?v=1&width=800,Women,Women,22/09/2026,https://us.boden.com/products/women-embroidered-shirt-dress-pink-embroidery-d1679pin?tc_ch=display&tc_ve=ba&tc_so=tradedesk&tc_me=pp&tc_ca=bau,,,23,IN STOCK,,,Pink Embroidery,,,,TRUE,TRUE
55189228,55189228,55189228,Puff Sleeve Ponte Shirt Dress Boden,https://us.boden.com/products/women-puff-sleeve-ponte-shirt-dress-red-pear-painted-dot-d1733red?tc_ch=display&tc_ve=ba&tc_so=tradedesk&tc_me=pp&tc_ca=bau,,,94.99,190.00,https://cdn.shopify.com/s/files/1/0680/4619/2892/files/26whsm_d1733_red_m01_d6a8f6db-f6ac-4c73-8626-f35e6b180929.jpg?v=1&width=800,Women,Women,22/09/2026,https://us.boden.com/products/women-puff-sleeve-ponte-shirt-dress-red-pear-painted-dot-d1733red?tc_ch=display&tc_ve=ba&tc_so=tradedesk&tc_me=pp&tc_ca=bau,,,31,IN STOCK,,,"Red Pear, Painted Dot",,,,TRUE,TRUE
55189265,55189265,55189265,Topstitch V-neck Ponte Dress Boden,https://us.boden.com/products/women-topstitch-v-neck-ponte-dress-pomegranate-d1734dpk?tc_ch=display&tc_ve=ba&tc_so=tradedesk&tc_me=pp&tc_ca=bau,,,94.99,190.00,https://cdn.shopify.com/s/files/1/0680/4619/2892/files/26whsm_d1734_dpk_m01.jpg?v=1&width=800,Women,Women,22/09/2026,https://us.boden.com/products/women-topstitch-v-neck-ponte-dress-pomegranate-d1734dpk?tc_ch=display&tc_ve=ba&tc_so=tradedesk&tc_me=pp&tc_ca=bau,,,19,IN STOCK,,,Pomegranate,,,,TRUE,TRUE
55176299,55176299,55176299,Islington Linen Crop Pants Boden,https://us.boden.com/products/women-islington-linen-crop-pants-mazarine-blue-tigers-paradise-r0912blu?tc_ch=display&tc_ve=ba&tc_so=tradedesk&tc_me=pp&tc_ca=bau,,,112.00,160.00,https://cdn.shopify.com/s/files/1/0680/4619/2892/files/26whsm_r0912_blu_m01_v1_919a9387-bc6c-4746-8b4e-4c30a407fc84.jpg?v=1&width=800,Women,Women,22/09/2026,https://us.boden.com/products/women-islington-linen-crop-pants-mazarine-blue-tigers-paradise-r0912blu?tc_ch=display&tc_ve=ba&tc_so=tradedesk&tc_me=pp&tc_ca=bau,,,13,IN STOCK,,,"Mazarine Blue, Tigers Paradise",,,,TRUE,TRUE
55176221,55176221,55176221,Embroidered Linen Shorts Boden,https://us.boden.com/products/women-embroidered-linen-shorts-pink-peony-embroidered-r0922bpk?tc_ch=display&tc_ve=ba&tc_so=tradedesk&tc_me=pp&tc_ca=bau,,,133.00,190.00,https://cdn.shopify.com/s/files/1/0680/4619/2892/files/26whsm_r0922_bpk_m01_v1_4c2f98df-6f99-4481-a729-8845a19bc71b.jpg?v=1&width=800,Women,Women,22/09/2026,https://us.boden.com/products/women-embroidered-linen-shorts-pink-peony-embroidered-r0922bpk?tc_ch=display&tc_ve=ba&tc_so=tradedesk&tc_me=pp&tc_ca=bau,,,50,IN STOCK,,,"Pink Peony, Embroidered",,,,TRUE,TRUE
55188778,55188778,55188778,Ribbed Racer Vest Boden,https://us.boden.com/products/women-ribbed-racer-vest-navy-ivory-stripe-t2139nav?tc_ch=display&tc_ve=ba&tc_so=tradedesk&tc_me=pp&tc_ca=bau,,,39.00,39.00,https://cdn.shopify.com/s/files/1/0680/4619/2892/files/26whsm_t2139_nav_m01_cf33967e-7200-40a5-b6d0-24dc3feea5f4.jpg?v=1&width=800,Women,Women,22/09/2026,https://us.boden.com/products/women-ribbed-racer-vest-navy-ivory-stripe-t2139nav?tc_ch=display&tc_ve=ba&tc_so=tradedesk&tc_me=pp&tc_ca=bau,,,331,IN STOCK,,,Navy & Ivory Stripe,,,,TRUE,TRUE
55185358,55185358,55185358,Arabella Short Linen Dress Boden,https://us.boden.com/products/women-arabella-short-linen-dress-brown-flowerbed-bloom-d1736brm?tc_ch=display&tc_ve=ba&tc_so=tradedesk&tc_me=pp&tc_ca=bau,,,138.00,230.00,https://cdn.shopify.com/s/files/1/0680/4619/2892/files/26wsum_d1736_brm_m01_346b387f-2e09-46c1-91aa-165b25122fe7.jpg?v=1&width=800,Women,Women,22/09/2026,https://us.boden.com/products/women-arabella-short-linen-dress-brown-flowerbed-bloom-d1736brm?tc_ch=display&tc_ve=ba&tc_so=tradedesk&tc_me=pp&tc_ca=bau,,,46,IN STOCK,,,Brown Flowerbed Bloom,,,,TRUE,TRUE
55188648,55188648,55188648,Ribbed Racer Vest Boden,https://us.boden.com/products/women-ribbed-racer-vest-heather-rose-t2139pnk?tc_ch=display&tc_ve=ba&tc_so=tradedesk&tc_me=pp&tc_ca=bau,,,39.00,39.00,https://cdn.shopify.com/s/files/1/0680/4619/2892/files/26whsm_t2139_pnk_m01_9914f2ba-ae4c-4121-b2c2-0b513610ac09.jpg?v=1&width=800,Women,Women,22/09/2026,https://us.boden.com/products/women-ribbed-racer-vest-heather-rose-t2139pnk?tc_ch=display&tc_ve=ba&tc_so=tradedesk&tc_me=pp&tc_ca=bau,,,180,IN STOCK,,,Heather Rose,,,,TRUE,TRUE
55181487,55181487,55181487,Embroidered Ruffle Top Boden,https://us.boden.com/products/girls-embroidered-ruffle-top-pink-punch-embroidery-g5975pnk?tc_ch=display&tc_ve=ba&tc_so=tradedesk&tc_me=pp&tc_ca=bau,,,29.25,39.00,https://cdn.shopify.com/s/files/1/0680/4619/2892/files/26gsum_g5975_pnk_m01_3952690b-85b6-49fc-9312-2a419fc5624a.jpg?v=1&width=800,Girls,Girls,22/09/2026,https://us.boden.com/products/girls-embroidered-ruffle-top-pink-punch-embroidery-g5975pnk?tc_ch=display&tc_ve=ba&tc_so=tradedesk&tc_me=pp&tc_ca=bau,,,12,IN STOCK,,,Pink Punch Embroidery,,,,TRUE,TRUE
55176497,55176497,55176497,Embroidered Linen Jacket Boden,https://us.boden.com/products/women-embroidered-linen-jacket-pink-peony-embroidered-u0446mlt?tc_ch=display&tc_ve=ba&tc_so=tradedesk&tc_me=pp&tc_ca=bau,,,252.00,360.00,https://cdn.shopify.com/s/files/1/0680/4619/2892/files/26whsm_u0446_mlt_m01_v1_08db8f30-b5e8-4ed6-b053-f12ff4941ec1.jpg?v=1&width=800,Women,Women,22/09/2026,https://us.boden.com/products/women-embroidered-linen-jacket-pink-peony-embroidered-u0446mlt?tc_ch=display&tc_ve=ba&tc_so=tradedesk&tc_me=pp&tc_ca=bau,,,23,IN STOCK,,,"Pink Peony, Embroidered",,,,TRUE,TRUE
55187260,55187260,55187260,Scoop Neck Jersey Dress Boden,https://us.boden.com/products/women-scoop-neck-jersey-dress-multi-zigzag-ripple-d1628mul?tc_ch=display&tc_ve=ba&tc_so=tradedesk&tc_me=pp&tc_ca=bau,,,128.00,160.00,https://cdn.shopify.com/s/files/1/0680/4619/2892/files/26whsm_d1628_mul_m01_v1_8e445c6e-8f68-48cc-97b1-5248f9dea4b5.jpg?v=1&width=800,Women,Women,22/09/2026,https://us.boden.com/products/women-scoop-neck-jersey-dress-multi-zigzag-ripple-d1628mul?tc_ch=display&tc_ve=ba&tc_so=tradedesk&tc_me=pp&tc_ca=bau,,,7,IN STOCK,,,"Multi, Zigzag Ripple",,,,TRUE,TRUE
55187315,55187315,55187315,Scoop Neck Jersey Dress Boden,https://us.boden.com/products/women-scoop-neck-jersey-dress-pink-enchanted-paisley-d1628pnk?tc_ch=display&tc_ve=ba&tc_so=tradedesk&tc_me=pp&tc_ca=bau,,,128.00,160.00,https://cdn.shopify.com/s/files/1/0680/4619/2892/files/26whsm_d1628_pnk_m01_v1_b3b3b6d6-be05-490d-b764-0a6551e80637.jpg?v=1&width=800,Women,Women,22/09/2026,https://us.boden.com/products/women-scoop-neck-jersey-dress-pink-enchanted-paisley-d1628pnk?tc_ch=display&tc_ve=ba&tc_so=tradedesk&tc_me=pp&tc_ca=bau,,,6,IN STOCK,,,"Pink, Enchanted Paisley",,,,TRUE,TRUE
55189362,55189362,55189362,Puff Sleeve Ponte Shirt Dress Boden,https://us.boden.com/products/women-puff-sleeve-ponte-shirt-dress-black-d1733blk?tc_ch=display&tc_ve=ba&tc_so=tradedesk&tc_me=pp&tc_ca=bau,,,170.00,170.00,https://cdn.shopify.com/s/files/1/0680/4619/2892/files/26whsm_d1733_blk_m01_2f01ae79-2969-4949-9584-0951991ecd90.jpg?v=1&width=800,Women,Women,22/09/2026,https://us.boden.com/products/women-puff-sleeve-ponte-shirt-dress-black-d1733blk?tc_ch=display&tc_ve=ba&tc_so=tradedesk&tc_me=pp&tc_ca=bau,,,34,IN STOCK,,,Black,,,,TRUE,TRUE
55189521,55189521,55189521,Double Cloth Puff Sleeve Dress Boden,https://us.boden.com/products/women-double-cloth-puff-sleeve-dress-blue-ivory-stripe-d1739blu?tc_ch=display&tc_ve=ba&tc_so=tradedesk&tc_me=pp&tc_ca=bau,,,133.00,190.00,https://cdn.shopify.com/s/files/1/0680/4619/2892/files/26whsm_d1739_blu_m01.jpg?v=1&width=800,Women,Women,22/09/2026,https://us.boden.com/products/women-double-cloth-puff-sleeve-dress-blue-ivory-stripe-d1739blu?tc_ch=display&tc_ve=ba&tc_so=tradedesk&tc_me=pp&tc_ca=bau,,,12,IN STOCK,,,Blue Ivory Stripe,,,,TRUE,TRUE
55211816,55211816,55211816,Knitted Ballet Flats Boden,https://us.boden.com/products/women-knitted-ballet-flats-gold-metallic-a2229gld?tc_ch=display&tc_ve=ba&tc_so=tradedesk&tc_me=pp&tc_ca=bau,,,109.99,220.00,https://cdn.shopify.com/s/files/1/0680/4619/2892/files/26waut_a2229_gld_e65e8098-96cd-4ecc-a7ef-64de759dd9c6.jpg?v=1&width=800,Women,Women,22/09/2026,https://us.boden.com/products/women-knitted-ballet-flats-gold-metallic-a2229gld?tc_ch=display&tc_ve=ba&tc_so=tradedesk&tc_me=pp&tc_ca=bau,,,68,IN STOCK,,,Gold Metallic,,,,TRUE,TRUE
55189872,55189872,55189872,Zoe Short Sleeve Shirt Dress Boden,https://us.boden.com/products/women-zoe-short-sleeve-shirt-dress-woodland-green-d1740grn?tc_ch=display&tc_ve=ba&tc_so=tradedesk&tc_me=pp&tc_ca=bau,,,119.40,199.00,https://cdn.shopify.com/s/files/1/0680/4619/2892/files/26whsm_d1740_grn_m01_v1_bd55beda-6776-43be-9a1f-dfa42e2d8a5c.jpg?v=1&width=800,Women,Women,22/09/2026,https://us.boden.com/products/women-zoe-short-sleeve-shirt-dress-woodland-green-d1740grn?tc_ch=display&tc_ve=ba&tc_so=tradedesk&tc_me=pp&tc_ca=bau,,,29,IN STOCK,,,Woodland Green,,,,TRUE,TRUE
55189782,55189782,55189782,Zoe Short Sleeve Shirt Dress Boden,https://us.boden.com/products/women-zoe-short-sleeve-shirt-dress-navy-d1740nav?tc_ch=display&tc_ve=ba&tc_so=tradedesk&tc_me=pp&tc_ca=bau,,,159.20,199.00,https://cdn.shopify.com/s/files/1/0680/4619/2892/files/26whsm_d1740_nav_m01_v1_023381e5-103d-4cf1-8a95-b41d92f2f0f2.jpg?v=1&width=800,Women,Women,22/09/2026,https://us.boden.com/products/women-zoe-short-sleeve-shirt-dress-navy-d1740nav?tc_ch=display&tc_ve=ba&tc_so=tradedesk&tc_me=pp&tc_ca=bau,,,13,IN STOCK,,,Navy,,,,TRUE,TRUE
55180504,55180504,55180504,Hattie Jersey T-shirt Dress Boden,https://us.boden.com/products/women-hattie-jersey-t-shirt-dress-glaze-blue-d1601dbl?tc_ch=display&tc_ve=ba&tc_so=tradedesk&tc_me=pp&tc_ca=bau,,,62.30,89.00,https://cdn.shopify.com/s/files/1/0680/4619/2892/files/26wsum_d1601_dbl_w01_2f09484e-0fb9-4960-937e-badeee1d30dd.jpg?v=1&width=800,Women,Women,22/09/2026,https://us.boden.com/products/women-hattie-jersey-t-shirt-dress-glaze-blue-d1601dbl?tc_ch=display&tc_ve=ba&tc_so=tradedesk&tc_me=pp&tc_ca=bau,,,34,IN STOCK,,,Glaze Blue,,,,TRUE,TRUE
55193140,55193140,55193140,Primrose Denim Shorts Boden,https://us.boden.com/products/women-primrose-denim-shorts-blue-pink-red-multistripe-r0887mlt?tc_ch=display&tc_ve=ba&tc_so=tradedesk&tc_me=pp&tc_ca=bau,,,98.00,140.00,https://cdn.shopify.com/s/files/1/0680/4619/2892/files/26whsm_r0887_mlt_m01_a0d0b442-0c62-49ec-a0af-c1b4a6bdfbe4.jpg?v=1&width=800,Women,Women,22/09/2026,https://us.boden.com/products/women-primrose-denim-shorts-blue-pink-red-multistripe-r0887mlt?tc_ch=display&tc_ve=ba&tc_so=tradedesk&tc_me=pp&tc_ca=bau,,,38,IN STOCK,,,"Blue, Pink, Red Multistripe",,,,TRUE,TRUE
55181386,55181386,55181386,Ruched Bardot Maxi Dress Boden,https://us.boden.com/products/women-ruched-bardot-maxi-dress-burgundy-d1704pnt?tc_ch=display&tc_ve=ba&tc_so=tradedesk&tc_me=pp&tc_ca=bau,,,132.00,220.00,https://cdn.shopify.com/s/files/1/0680/4619/2892/files/26wsum_d1704_pnt_w01_44877c68-fb08-4da9-8edd-30dc29a33c60.jpg?v=1&width=800,Women,Women,22/09/2026,https://us.boden.com/products/women-ruched-bardot-maxi-dress-burgundy-d1704pnt?tc_ch=display&tc_ve=ba&tc_so=tradedesk&tc_me=pp&tc_ca=bau,,,89,IN STOCK,,,Burgundy,,,,TRUE,TRUE
55201867,55201867,55201867,Tia Sleeveless Ruch Jersey Top Boden,https://us.boden.com/products/women-tia-sleeveless-ruch-jersey-top-black-t2150bla?tc_ch=display&tc_ve=ba&tc_so=tradedesk&tc_me=pp&tc_ca=bau,,,33.99,69.00,https://cdn.shopify.com/s/files/1/0680/4619/2892/files/26whsm_t2150_bla_m01_f0c3606c-af5a-4670-b394-204850259259.jpg?v=1&width=800,Women,Women,22/09/2026,https://us.boden.com/products/women-tia-sleeveless-ruch-jersey-top-black-t2150bla?tc_ch=display&tc_ve=ba&tc_so=tradedesk&tc_me=pp&tc_ca=bau,,,85,IN STOCK,,,Black,,,,TRUE,TRUE
55183313,55183313,55183313,Cross-back Linen Blend Dress Boden,https://us.boden.com/products/women-cross-back-linen-blend-dress-black-d1647blk?tc_ch=display&tc_ve=ba&tc_so=tradedesk&tc_me=pp&tc_ca=bau,,,154.00,220.00,https://cdn.shopify.com/s/files/1/0680/4619/2892/files/26whsm_d1647_blk_m01_fce99f68-1f22-4689-bd51-8d9b3be5875c.jpg?v=1&width=800,Women,Women,22/09/2026,https://us.boden.com/products/women-cross-back-linen-blend-dress-black-d1647blk?tc_ch=display&tc_ve=ba&tc_so=tradedesk&tc_me=pp&tc_ca=bau,,,15,IN STOCK,,,Black,,,,TRUE,TRUE
55190468,55190468,55190468,Octavia Cotton Dress Boden,https://us.boden.com/products/women-octavia-cotton-dress-yellow-radiant-bloom-d1641yel?tc_ch=display&tc_ve=ba&tc_so=tradedesk&tc_me=pp&tc_ca=bau,,,154.00,220.00,https://cdn.shopify.com/s/files/1/0680/4619/2892/files/26wsum_d1641_yel_w01_47e44c0c-1bb7-40f8-a7d7-4f2dc9777e39.jpg?v=1&width=800,Women,Women,22/09/2026,https://us.boden.com/products/women-octavia-cotton-dress-yellow-radiant-bloom-d1641yel?tc_ch=display&tc_ve=ba&tc_so=tradedesk&tc_me=pp&tc_ca=bau,,,15,IN STOCK,,,"Yellow, Radiant Bloom",,,,TRUE,TRUE
55201729,55201729,55201729,Tia Sleeveless Ruch Jersey Top Boden,https://us.boden.com/products/women-tia-sleeveless-ruch-jersey-top-white-t2150wht?tc_ch=display&tc_ve=ba&tc_so=tradedesk&tc_me=pp&tc_ca=bau,,,33.99,69.00,https://cdn.shopify.com/s/files/1/0680/4619/2892/files/26whsm_t2150_wht_m01_0ee9c0b1-70d6-476c-a3a4-716effb5c438.jpg?v=1&width=800,Women,Women,22/09/2026,https://us.boden.com/products/women-tia-sleeveless-ruch-jersey-top-white-t2150wht?tc_ch=display&tc_ve=ba&tc_so=tradedesk&tc_me=pp&tc_ca=bau,,,97,IN STOCK,,,White,,,,TRUE,TRUE
55180635,55180635,55180635,Belinda Linen Shirt Dress Boden,https://us.boden.com/products/women-belinda-linen-shirt-dress-fresh-green-d1618lgr?tc_ch=display&tc_ve=ba&tc_so=tradedesk&tc_me=pp&tc_ca=bau,,,208.00,260.00,https://cdn.shopify.com/s/files/1/0680/4619/2892/files/26whsm_d1618_lgr_m01_e771c584-1539-43e5-bde3-84a9630d5750.jpg?v=1&width=800,Women,Women,22/09/2026,https://us.boden.com/products/women-belinda-linen-shirt-dress-fresh-green-d1618lgr?tc_ch=display&tc_ve=ba&tc_so=tradedesk&tc_me=pp&tc_ca=bau,,,19,IN STOCK,,,Fresh Green,,,,TRUE,TRUE
55180695,55180695,55180695,Sydney Twist Neck Jersey Dress Boden,https://us.boden.com/products/women-sydney-twist-neck-jersey-dress-bitter-chocolate-d1599brn?tc_ch=display&tc_ve=ba&tc_so=tradedesk&tc_me=pp&tc_ca=bau,,,79.99,160.00,https://cdn.shopify.com/s/files/1/0680/4619/2892/files/26wsum_d1599_brn_w01_df0d0b2e-9a45-4fb8-8db7-e0bb33416ab5.jpg?v=1&width=800,Women,Women,22/09/2026,https://us.boden.com/products/women-sydney-twist-neck-jersey-dress-bitter-chocolate-d1599brn?tc_ch=display&tc_ve=ba&tc_so=tradedesk&tc_me=pp&tc_ca=bau,,,48,IN STOCK,,,Bitter Chocolate,,,,TRUE,TRUE
55181623,55181623,55181623,Erma Drop Waist Linen Dress Boden,https://us.boden.com/products/women-erma-drop-waist-linen-dress-white-d1608wht?tc_ch=display&tc_ve=ba&tc_so=tradedesk&tc_me=pp&tc_ca=bau,,,182.00,260.00,https://cdn.shopify.com/s/files/1/0680/4619/2892/files/26wsum_d1608_wht_w01_4a6b4c59-20a1-4d8b-a201-2c9ab6c7f285.jpg?v=1&width=800,Women,Women,22/09/2026,https://us.boden.com/products/women-erma-drop-waist-linen-dress-white-d1608wht?tc_ch=display&tc_ve=ba&tc_so=tradedesk&tc_me=pp&tc_ca=bau,,,62,IN STOCK,,,White,,,,TRUE,TRUE
55181322,55181322,55181322,Sydney Twist Neck Jersey Dress Boden,https://us.boden.com/products/women-sydney-twist-neck-jersey-dress-brillant-pink-radiant-paisley-d1599pnk?tc_ch=display&tc_ve=ba&tc_so=tradedesk&tc_me=pp&tc_ca=bau,,,84.99,170.00,https://cdn.shopify.com/s/files/1/0680/4619/2892/files/26wsum_d1599_pnk_w01.jpg?v=1&width=800,Women,Women,22/09/2026,https://us.boden.com/products/women-sydney-twist-neck-jersey-dress-brillant-pink-radiant-paisley-d1599pnk?tc_ch=display&tc_ve=ba&tc_so=tradedesk&tc_me=pp&tc_ca=bau,,,113,IN STOCK,,,"Brillant Pink, Radiant Paisley",,,,TRUE,TRUE
55184934,55184934,55184934,Irene Occasion Dress Boden,https://us.boden.com/products/women-irene-occasion-dress-almond-milk-paisley-frenzy-d1701blu?tc_ch=display&tc_ve=ba&tc_so=tradedesk&tc_me=pp&tc_ca=bau,,,189.00,270.00,https://cdn.shopify.com/s/files/1/0680/4619/2892/files/26wsum_d1701_blu_w01.jpg?v=1&width=800,Women,Women,22/09/2026,https://us.boden.com/products/women-irene-occasion-dress-almond-milk-paisley-frenzy-d1701blu?tc_ch=display&tc_ve=ba&tc_so=tradedesk&tc_me=pp&tc_ca=bau,,,91,IN STOCK,,,"Almond Milk, Paisley Frenzy",,,,TRUE,TRUE
55186953,55186953,55186953,Sorrento Hoop Sash Swimsuit Boden,https://us.boden.com/products/women-sorrento-hoop-sash-swimsuit-french-navy-bloom-tapestry-s0481nnv?tc_ch=display&tc_ve=ba&tc_so=tradedesk&tc_me=pp&tc_ca=bau,,,73.99,149.00,https://cdn.shopify.com/s/files/1/0680/4619/2892/files/26whsm_s0481_nnv_m01_b2c0318e-f77b-43a5-8cc3-19e28cfab439.jpg?v=1&width=800,Women,Women,22/09/2026,https://us.boden.com/products/women-sorrento-hoop-sash-swimsuit-french-navy-bloom-tapestry-s0481nnv?tc_ch=display&tc_ve=ba&tc_so=tradedesk&tc_me=pp&tc_ca=bau,,,66,IN STOCK,,,"French Navy, Bloom Tapestry",,,,TRUE,TRUE
55190069,55190069,55190069,Kay Denim Playsuit Boden,https://us.boden.com/products/women-kay-denim-playsuit-denim-d1715mdn?tc_ch=display&tc_ve=ba&tc_so=tradedesk&tc_me=pp&tc_ca=bau,,,114.00,190.00,https://cdn.shopify.com/s/files/1/0680/4619/2892/files/26whsm_d1715_mdn_m01_f73e4a1b-7f1b-4eef-a20c-4d2b128c7cc5.jpg?v=1&width=800,Women,Women,22/09/2026,https://us.boden.com/products/women-kay-denim-playsuit-denim-d1715mdn?tc_ch=display&tc_ve=ba&tc_so=tradedesk&tc_me=pp&tc_ca=bau,,,36,IN STOCK,,,Denim,,,,TRUE,TRUE
55181477,55181477,55181477,Rhodes Cup Sized Swimsuit Boden,https://us.boden.com/products/women-rhodes-cup-sized-swimsuit-sangria-sunset-paisley-s0368pnk?tc_ch=display&tc_ve=ba&tc_so=tradedesk&tc_me=pp&tc_ca=bau,,,96.00,160.00,https://cdn.shopify.com/s/files/1/0680/4619/2892/files/26whsm_s0368_pnk_m01_0cfea29b-6afd-49c7-acbb-5889b1566d2c.jpg?v=1&width=800,Women,Women,22/09/2026,https://us.boden.com/products/women-rhodes-cup-sized-swimsuit-sangria-sunset-paisley-s0368pnk?tc_ch=display&tc_ve=ba&tc_so=tradedesk&tc_me=pp&tc_ca=bau,,,39,IN STOCK,,,"Sangria Sunset, Paisley",,,,TRUE,TRUE
55181263,55181263,55181263,Classic Bikini Bottoms Boden,https://us.boden.com/products/women-classic-bikini-bottoms-pink-paisley-s0197rus?tc_ch=display&tc_ve=ba&tc_so=tradedesk&tc_me=pp&tc_ca=bau,,,43.99,89.00,https://cdn.shopify.com/s/files/1/0680/4619/2892/files/26wsum_s0197_rus_w01_af5caf9e-a016-4dd5-8f32-61635646892a.jpg?v=1&width=800,Women,Women,22/09/2026,https://us.boden.com/products/women-classic-bikini-bottoms-pink-paisley-s0197rus?tc_ch=display&tc_ve=ba&tc_so=tradedesk&tc_me=pp&tc_ca=bau,,,152,IN STOCK,,,Pink Paisley,,,,TRUE,TRUE
55210536,55210536,55210536,Crew Neck Henley Tank Boden,https://us.boden.com/products/women-crew-neck-henley-tank-navy-t2215nav?tc_ch=display&tc_ve=ba&tc_so=tradedesk&tc_me=pp&tc_ca=bau,,,69.00,69.00,https://cdn.shopify.com/s/files/1/0680/4619/2892/files/26whsm_t2215_nav_m01_ce902201-0c45-4137-b037-e70dfa21fb90.jpg?v=1&width=800,Women,Women,22/09/2026,https://us.boden.com/products/women-crew-neck-henley-tank-navy-t2215nav?tc_ch=display&tc_ve=ba&tc_so=tradedesk&tc_me=pp&tc_ca=bau,,,124,IN STOCK,,,Navy,,,,TRUE,TRUE
55179350,55179350,55179350,Salisbury Puff Sleeve Jacket Boden,https://us.boden.com/products/women-salisbury-puff-sleeve-jacket-ivory-fresh-green-stripe-u0455grn?tc_ch=display&tc_ve=ba&tc_so=tradedesk&tc_me=pp&tc_ca=bau,,,107.99,270.00,https://cdn.shopify.com/s/files/1/0680/4619/2892/files/26whsm_u0455_grn_m01_aecf2c22-a9fa-42b9-925a-e8038b81832a.jpg?v=1&width=800,Women,Women,22/09/2026,https://us.boden.com/products/women-salisbury-puff-sleeve-jacket-ivory-fresh-green-stripe-u0455grn?tc_ch=display&tc_ve=ba&tc_so=tradedesk&tc_me=pp&tc_ca=bau,,,9,IN STOCK,,,"Ivory, Fresh Green Stripe",,,,TRUE,TRUE
55189570,55189570,55189570,Irene Puff Sleeve Cotton Dress Boden,https://us.boden.com/products/women-irene-puff-sleeve-cotton-dress-papyrus-painted-dot-spaced-d1662ivo?tc_ch=display&tc_ve=ba&tc_so=tradedesk&tc_me=pp&tc_ca=bau,,,129.99,260.00,https://cdn.shopify.com/s/files/1/0680/4619/2892/files/26wsum_d1662_ivo_w01.jpg?v=1&width=800,Women,Women,22/09/2026,https://us.boden.com/products/women-irene-puff-sleeve-cotton-dress-papyrus-painted-dot-spaced-d1662ivo?tc_ch=display&tc_ve=ba&tc_so=tradedesk&tc_me=pp&tc_ca=bau,,,15,IN STOCK,,,"Papyrus, Painted Dot Spaced",,,,TRUE,TRUE
55178562,55178562,55178562,Kay Linen Playsuit Boden,https://us.boden.com/products/women-kay-linen-playsuit-yellow-radiant-bloom-d1719yel?tc_ch=display&tc_ve=ba&tc_so=tradedesk&tc_me=pp&tc_ca=bau,,,149.40,249.00,https://cdn.shopify.com/s/files/1/0680/4619/2892/files/26wsum_d1719_yel_w01_6cb92f27-13ca-4257-a98e-02ac200a3cbb.jpg?v=1&width=800,Women,Women,22/09/2026,https://us.boden.com/products/women-kay-linen-playsuit-yellow-radiant-bloom-d1719yel?tc_ch=display&tc_ve=ba&tc_so=tradedesk&tc_me=pp&tc_ca=bau,,,24,IN STOCK,,,Yellow Radiant Bloom,,,,TRUE,TRUE
55193924,55193924,55193924,Ribbed Leggings Boden,https://us.boden.com/products/girls-ribbed-leggings-winter-blush-g5120rus?tc_ch=display&tc_ve=ba&tc_so=tradedesk&tc_me=pp&tc_ca=bau,,,17.50,25.00,https://cdn.shopify.com/s/files/1/0680/4619/2892/files/26gaut_g5120_rus_v1_48a3bb4e-d32c-4169-b2a3-5aaf79376a28.jpg?v=1&width=800,Girls,Girls,22/09/2026,https://us.boden.com/products/girls-ribbed-leggings-winter-blush-g5120rus?tc_ch=display&tc_ve=ba&tc_so=tradedesk&tc_me=pp&tc_ca=bau,,,116,IN STOCK,,,Winter Blush,,,,TRUE,TRUE
55192611,55192611,55192611,Snug Long John Pajamas Boden,https://us.boden.com/products/boys-snug-long-john-pajamas-shadow-grey-constellation-b2829epl?tc_ch=display&tc_ve=ba&tc_so=tradedesk&tc_me=pp&tc_ca=bau,,,45.00,45.00,https://cdn.shopify.com/s/files/1/0680/4619/2892/files/26baut_b2829_epl_v1.jpg?v=1&width=800,Boys,Boys,22/09/2026,https://us.boden.com/products/boys-snug-long-john-pajamas-shadow-grey-constellation-b2829epl?tc_ch=display&tc_ve=ba&tc_so=tradedesk&tc_me=pp&tc_ca=bau,,,116,IN STOCK,,,Shadow Grey Constellation,,,,TRUE,TRUE
55212010,55212010,55212010,Everyday Short Sleeve T-Shirt Boden,https://us.boden.com/products/boys-everyday-short-sleeve-t-shirt-green-and-blue-stripe-b2967str?tc_ch=display&tc_ve=ba&tc_so=tradedesk&tc_me=pp&tc_ca=bau,,,20.00,20.00,https://cdn.shopify.com/s/files/1/0680/4619/2892/files/26bhsm_b2967_str_v1_f0472169-9c5f-41b1-ab4d-e807b9dbf2f7.jpg?v=1&width=800,Boys,Boys,22/09/2026,https://us.boden.com/products/boys-everyday-short-sleeve-t-shirt-green-and-blue-stripe-b2967str?tc_ch=display&tc_ve=ba&tc_so=tradedesk&tc_me=pp&tc_ca=bau,,,80,IN STOCK,,,Green and Blue Stripe,,,,TRUE,TRUE
55193070,55193070,55193070,Tape Detail Zip-through Hoody Boden,https://us.boden.com/products/boys-tape-detail-zip-through-hoody-brown-b3254dbr?tc_ch=display&tc_ve=ba&tc_so=tradedesk&tc_me=pp&tc_ca=bau,,,33.00,55.00,https://cdn.shopify.com/s/files/1/0680/4619/2892/files/26baut_b3254_dbr_v1_aeb2d4a6-2a99-4518-8321-c6c7916691cb.jpg?v=1&width=800,Boys,Boys,22/09/2026,https://us.boden.com/products/boys-tape-detail-zip-through-hoody-brown-b3254dbr?tc_ch=display&tc_ve=ba&tc_so=tradedesk&tc_me=pp&tc_ca=bau,,,103,IN STOCK,,,Brown,,,,TRUE,TRUE
55181525,55181525,55181525,High Waisted Bikini Bottoms Boden,https://us.boden.com/products/women-high-waisted-bikini-bottoms-red-radiant-bloom-s0192rus?tc_ch=display&tc_ve=ba&tc_so=tradedesk&tc_me=pp&tc_ca=bau,,,43.99,89.00,https://cdn.shopify.com/s/files/1/0680/4619/2892/files/26wsum_s0192_rus_w01_caffdd77-d9c3-4f29-8079-23f0af77b353.jpg?v=1&width=800,Women,Women,22/09/2026,https://us.boden.com/products/women-high-waisted-bikini-bottoms-red-radiant-bloom-s0192rus?tc_ch=display&tc_ve=ba&tc_so=tradedesk&tc_me=pp&tc_ca=bau,,,138,IN STOCK,,,"Red, Radiant Bloom",,,,TRUE,TRUE
55192512,55192512,55192512,Ribbed Flared Leggings Boden,https://us.boden.com/products/girls-ribbed-flared-leggings-navy-stripe-g5818nst?tc_ch=display&tc_ve=ba&tc_so=tradedesk&tc_me=pp&tc_ca=bau,,,27.00,27.00,https://cdn.shopify.com/s/files/1/0680/4619/2892/files/26gaut_g5818_nst_m01_b07fe1ca-b0f3-4df3-a67f-608fafee1045.jpg?v=1&width=800,Girls,Girls,22/09/2026,https://us.boden.com/products/girls-ribbed-flared-leggings-navy-stripe-g5818nst?tc_ch=display&tc_ve=ba&tc_so=tradedesk&tc_me=pp&tc_ca=bau,,,92,IN STOCK,,,Navy Stripe,,,,TRUE,TRUE
55192952,55192952,55192952,Chunky Loafer Boden,https://us.boden.com/products/girls-chunky-loafer-tan-c1974tan?tc_ch=display&tc_ve=ba&tc_so=tradedesk&tc_me=pp&tc_ca=bau,,,69.00,69.00,https://cdn.shopify.com/s/files/1/0680/4619/2892/files/26gaut_c1974_tan.jpg?v=1&width=800,Girls,Girls,22/09/2026,https://us.boden.com/products/girls-chunky-loafer-tan-c1974tan?tc_ch=display&tc_ve=ba&tc_so=tradedesk&tc_me=pp&tc_ca=bau,,,43,IN STOCK,,,Tan,,,,TRUE,TRUE
55193195,55193195,55193195,Snug Long John Pajamas Boden,https://us.boden.com/products/girls-snug-long-john-pajamas-vintage-blue-flowerbed-g5937flr?tc_ch=display&tc_ve=ba&tc_so=tradedesk&tc_me=pp&tc_ca=bau,,,45.00,45.00,https://cdn.shopify.com/s/files/1/0680/4619/2892/files/26gaut_g5937_flr.jpg?v=1&width=800,Girls,Girls,22/09/2026,https://us.boden.com/products/girls-snug-long-john-pajamas-vintage-blue-flowerbed-g5937flr?tc_ch=display&tc_ve=ba&tc_so=tradedesk&tc_me=pp&tc_ca=bau,,,140,IN STOCK,,,Vintage Blue Flowerbed,,,,TRUE,TRUE
55211405,55211405,55211405,Aya Ponte Skirt Boden,https://us.boden.com/products/women-aya-ponte-skirt-navy-r0953nav?tc_ch=display&tc_ve=ba&tc_so=tradedesk&tc_me=pp&tc_ca=bau,,,149.00,149.00,https://cdn.shopify.com/s/files/1/0680/4619/2892/files/26waut_r0953_nav_m01.jpg?v=1&width=800,Women,Women,22/09/2026,https://us.boden.com/products/women-aya-ponte-skirt-navy-r0953nav?tc_ch=display&tc_ve=ba&tc_so=tradedesk&tc_me=pp&tc_ca=bau,,,44,IN STOCK,,,Navy,,,,TRUE,TRUE
55215106,55215106,55215106,Hope Slingback Heels Boden,https://us.boden.com/products/women-hope-slingback-heels-dark-navy-a2233npt?tc_ch=display&tc_ve=ba&tc_so=tradedesk&tc_me=pp&tc_ca=bau,,,199.00,199.00,https://cdn.shopify.com/s/files/1/0680/4619/2892/files/26waut_a2233_npt.jpg?v=1&width=800,Women,Women,22/09/2026,https://us.boden.com/products/women-hope-slingback-heels-dark-navy-a2233npt?tc_ch=display&tc_ve=ba&tc_so=tradedesk&tc_me=pp&tc_ca=bau,,,36,IN STOCK,,,Dark Navy,,,,TRUE,TRUE
55192629,55192629,55192629,Ruffle Neck Sweatshirt Set Boden,https://us.boden.com/products/baby-ruffle-neck-sweatshirt-set-holly-berry-vintage-rose-y2816red?tc_ch=display&tc_ve=ba&tc_so=tradedesk&tc_me=pp&tc_ca=bau,,,41.30,59.00,https://cdn.shopify.com/s/files/1/0680/4619/2892/files/26uaut_y2816_red.jpg?v=1&width=800,Baby,Baby,22/09/2026,https://us.boden.com/products/baby-ruffle-neck-sweatshirt-set-holly-berry-vintage-rose-y2816red?tc_ch=display&tc_ve=ba&tc_so=tradedesk&tc_me=pp&tc_ca=bau,,,68,IN STOCK,,,Holly Berry Vintage Rose,,,,TRUE,TRUE
55217446,55217446,55217446,Bead Metal Necklace Boden,https://us.boden.com/products/women-bead-metal-necklace-pink-a2261rst?tc_ch=display&tc_ve=ba&tc_so=tradedesk&tc_me=pp&tc_ca=bau,,,59.00,59.00,https://cdn.shopify.com/s/files/1/0680/4619/2892/files/26waut_a2261_rst_v1.jpg?v=1&width=800,Women,Women,22/09/2026,https://us.boden.com/products/women-bead-metal-necklace-pink-a2261rst?tc_ch=display&tc_ve=ba&tc_so=tradedesk&tc_me=pp&tc_ca=bau,,,55,IN STOCK,,,Pink,,,,TRUE,TRUE
55190699,55190699,55190699,Fair isle Sweater Boden,https://us.boden.com/products/baby-fair-isle-sweater-grey-marl-puppy-y2726mgy?tc_ch=display&tc_ve=ba&tc_so=tradedesk&tc_me=pp&tc_ca=bau,,,45.50,65.00,https://cdn.shopify.com/s/files/1/0680/4619/2892/files/26uaut_y2726_mgy.jpg?v=1&width=800,Baby,Baby,22/09/2026,https://us.boden.com/products/baby-fair-isle-sweater-grey-marl-puppy-y2726mgy?tc_ch=display&tc_ve=ba&tc_so=tradedesk&tc_me=pp&tc_ca=bau,,,195,IN STOCK,,,Grey Marl Puppy,,,,TRUE,TRUE
55192906,55192906,55192906,Chunky Loafer Boden,https://us.boden.com/products/girls-chunky-loafer-college-navy-c1974nav?tc_ch=display&tc_ve=ba&tc_so=tradedesk&tc_me=pp&tc_ca=bau,,,69.00,69.00,https://cdn.shopify.com/s/files/1/0680/4619/2892/files/26gaut_c1974_nav_fdfec319-bade-4a32-8f56-9787967f4699.jpg?v=1&width=800,Girls,Girls,22/09/2026,https://us.boden.com/products/girls-chunky-loafer-college-navy-c1974nav?tc_ch=display&tc_ve=ba&tc_so=tradedesk&tc_me=pp&tc_ca=bau,,,36,IN STOCK,,,College Navy,,,,TRUE,TRUE
55193163,55193163,55193163,Pleat Front Denim Shorts Boden,https://us.boden.com/products/women-pleat-front-denim-shorts-stripe-r0927str?tc_ch=display&tc_ve=ba&tc_so=tradedesk&tc_me=pp&tc_ca=bau,,,43.99,110.00,https://cdn.shopify.com/s/files/1/0680/4619/2892/files/26whsm_r0927_str_m01_9e93ad16-131a-44f1-a76f-2e4d392c3869.jpg?v=1&width=800,Women,Women,22/09/2026,https://us.boden.com/products/women-pleat-front-denim-shorts-stripe-r0927str?tc_ch=display&tc_ve=ba&tc_so=tradedesk&tc_me=pp&tc_ca=bau,,,33,IN STOCK,,,Stripe,,,,TRUE,TRUE
55217449,55217449,55217449,Metal Layering Necklace Boden,https://us.boden.com/products/women-metal-layering-necklace-gold-a2268gld?tc_ch=display&tc_ve=ba&tc_so=tradedesk&tc_me=pp&tc_ca=bau,,,89.00,89.00,https://cdn.shopify.com/s/files/1/0680/4619/2892/files/26waut_a2268_gld_v1_608d314e-6be4-421f-961e-c895973ce43a.jpg?v=1&width=800,Women,Women,22/09/2026,https://us.boden.com/products/women-metal-layering-necklace-gold-a2268gld?tc_ch=display&tc_ve=ba&tc_so=tradedesk&tc_me=pp&tc_ca=bau,,,213,IN STOCK,,,Gold,,,,TRUE,TRUE
55191051,55191051,55191051,Suede Moccasin Shoe Boden,https://us.boden.com/products/boys-suede-moccasin-shoe-woodland-brown-c1978brn?tc_ch=display&tc_ve=ba&tc_so=tradedesk&tc_me=pp&tc_ca=bau,,,51.00,85.00,https://cdn.shopify.com/s/files/1/0680/4619/2892/files/26baut_c1978_brn_m01.jpg?v=1&width=800,Boys,Boys,22/09/2026,https://us.boden.com/products/boys-suede-moccasin-shoe-woodland-brown-c1978brn?tc_ch=display&tc_ve=ba&tc_so=tradedesk&tc_me=pp&tc_ca=bau,,,47,IN STOCK,,,Woodland Brown,,,,TRUE,TRUE
55217442,55217442,55217442,Statement Hammered Studs Boden,https://us.boden.com/products/women-statement-hammered-studs-butterfly-a2269gld?tc_ch=display&tc_ve=ba&tc_so=tradedesk&tc_me=pp&tc_ca=bau,,,55.30,79.00,https://cdn.shopify.com/s/files/1/0680/4619/2892/files/26waut_a2269_gld_v2_610d74e8-c1fb-4a0c-9357-5e995237bafa.jpg?v=1&width=800,Women,Women,22/09/2026,https://us.boden.com/products/women-statement-hammered-studs-butterfly-a2269gld?tc_ch=display&tc_ve=ba&tc_so=tradedesk&tc_me=pp&tc_ca=bau,,,168,IN STOCK,,,Butterfly,,,,TRUE,TRUE
55193210,55193210,55193210,Twin Pack Snug Pajamas Boden,https://us.boden.com/products/girls-twin-pack-snug-pajamas-vintage-rose-horses-g5936pin?tc_ch=display&tc_ve=ba&tc_so=tradedesk&tc_me=pp&tc_ca=bau,,,65.00,65.00,https://cdn.shopify.com/s/files/1/0680/4619/2892/files/26gaut_g5936_pin_9b0365f4-9008-474e-9689-d3eebb1c5252.jpg?v=1&width=800,Girls,Girls,22/09/2026,https://us.boden.com/products/girls-twin-pack-snug-pajamas-vintage-rose-horses-g5936pin?tc_ch=display&tc_ve=ba&tc_so=tradedesk&tc_me=pp&tc_ca=bau,,,69,IN STOCK,,,Vintage Rose Horses,,,,TRUE,TRUE
55192474,55192474,55192474,Super Soft Flexi Loafer Boden,https://us.boden.com/products/women-super-soft-flexi-loafer-oxblood-a2219eld?tc_ch=display&tc_ve=ba&tc_so=tradedesk&tc_me=pp&tc_ca=bau,,,179.00,179.00,https://cdn.shopify.com/s/files/1/0680/4619/2892/files/26waut_a2219_eld_a92d9d39-061a-490b-b3e0-a7ed88b6f402.jpg?v=1&width=800,Women,Women,22/09/2026,https://us.boden.com/products/women-super-soft-flexi-loafer-oxblood-a2219eld?tc_ch=display&tc_ve=ba&tc_so=tradedesk&tc_me=pp&tc_ca=bau,,,279,IN STOCK,,,Oxblood,,,,TRUE,TRUE
55193754,55193754,55193754,Ribbed Long Sleeve T-Shirt Boden,https://us.boden.com/products/girls-ribbed-long-sleeve-t-shirt-college-navy-g6096nav?tc_ch=display&tc_ve=ba&tc_so=tradedesk&tc_me=pp&tc_ca=bau,,,22.00,22.00,https://cdn.shopify.com/s/files/1/0680/4619/2892/files/26gaut_g6096_nav_18bf79ce-649d-4822-baa7-6504e411aa61.jpg?v=1&width=800,Girls,Girls,22/09/2026,https://us.boden.com/products/girls-ribbed-long-sleeve-t-shirt-college-navy-g6096nav?tc_ch=display&tc_ve=ba&tc_so=tradedesk&tc_me=pp&tc_ca=bau,,,280,IN STOCK,,,College Navy,,,,TRUE,TRUE
55191907,55191907,55191907,Ribbed Long Sleeve T-Shirt Boden,https://us.boden.com/products/girls-ribbed-long-sleeve-t-shirt-milk-chocolate-brown-leopard-g6096tan?tc_ch=display&tc_ve=ba&tc_so=tradedesk&tc_me=pp&tc_ca=bau,,,25.00,25.00,https://cdn.shopify.com/s/files/1/0680/4619/2892/files/26gaut_g6096_tan_ee2f5a00-d4fc-45ff-810c-0707288a81c1.jpg?v=1&width=800,Girls,Girls,22/09/2026,https://us.boden.com/products/girls-ribbed-long-sleeve-t-shirt-milk-chocolate-brown-leopard-g6096tan?tc_ch=display&tc_ve=ba&tc_so=tradedesk&tc_me=pp&tc_ca=bau,,,202,IN STOCK,,,Milk Chocolate Brown leopard,,,,TRUE,TRUE
55213071,55213071,55213071,Colour Block Printed T-shirt Boden,https://us.boden.com/products/boys-colour-block-printed-t-shirt-grey-marl-firetruck-b3318gry?tc_ch=display&tc_ve=ba&tc_so=tradedesk&tc_me=pp&tc_ca=bau,,,18.85,29.00,https://cdn.shopify.com/s/files/1/0680/4619/2892/files/26baut_b3318_gry_ce79254a-3faa-488e-bf27-2120f1bb6d76.jpg?v=1&width=800,Boys,Boys,22/09/2026,https://us.boden.com/products/boys-colour-block-printed-t-shirt-grey-marl-firetruck-b3318gry?tc_ch=display&tc_ve=ba&tc_so=tradedesk&tc_me=pp&tc_ca=bau,,,128,IN STOCK,,,Grey Marl Firetruck,,,,TRUE,TRUE
55201605,55201605,55201605,Everyday Long Sleeve T-Shirt Boden,https://us.boden.com/products/boys-everyday-long-sleeve-t-shirt-glacier-blue-russet-b3278mil?tc_ch=display&tc_ve=ba&tc_so=tradedesk&tc_me=pp&tc_ca=bau,,,25.00,25.00,https://cdn.shopify.com/s/files/1/0680/4619/2892/files/26baut_b3278_mil_73f1f245-7f2e-4d6e-99e1-de19a6ee9100.jpg?v=1&width=800,Boys,Boys,22/09/2026,https://us.boden.com/products/boys-everyday-long-sleeve-t-shirt-glacier-blue-russet-b3278mil?tc_ch=display&tc_ve=ba&tc_so=tradedesk&tc_me=pp&tc_ca=bau,,,46,IN STOCK,,,Glacier Blue / Russet,,,,TRUE,TRUE
55201628,55201628,55201628,Everyday Long Sleeve T-Shirt Boden,https://us.boden.com/products/boys-everyday-long-sleeve-t-shirt-brown-gallery-blue-b3278mmi?tc_ch=display&tc_ve=ba&tc_so=tradedesk&tc_me=pp&tc_ca=bau,,,25.00,25.00,https://cdn.shopify.com/s/files/1/0680/4619/2892/files/26baut_b3278_mmi_m01.jpg?v=1&width=800,Boys,Boys,22/09/2026,https://us.boden.com/products/boys-everyday-long-sleeve-t-shirt-brown-gallery-blue-b3278mmi?tc_ch=display&tc_ve=ba&tc_so=tradedesk&tc_me=pp&tc_ca=bau,,,110,IN STOCK,,,Brown / Gallery Blue,,,,TRUE,TRUE
55190970,55190970,55190970,Appliqué Jersey Play Set Boden,https://us.boden.com/products/baby-applique-jersey-play-set-ivory-blue-ladybird-y2895ivo?tc_ch=display&tc_ve=ba&tc_so=tradedesk&tc_me=pp&tc_ca=bau,,,59.00,59.00,https://cdn.shopify.com/s/files/1/0680/4619/2892/files/26uaut_y2895_ivo_ba619ab3-b8e6-4ebe-984f-2916e0b31232.jpg?v=1&width=800,Baby,Baby,22/09/2026,https://us.boden.com/products/baby-applique-jersey-play-set-ivory-blue-ladybird-y2895ivo?tc_ch=display&tc_ve=ba&tc_so=tradedesk&tc_me=pp&tc_ca=bau,,,109,IN STOCK,,,Ivory/Blue Ladybird,,,,TRUE,TRUE
55190714,55190714,55190714,Shower Resistant Fisherman Boden,https://us.boden.com/products/baby-shower-resistant-fisherman-green-dinosaur-y2899sag?tc_ch=display&tc_ve=ba&tc_so=tradedesk&tc_me=pp&tc_ca=bau,,,62.30,89.00,https://cdn.shopify.com/s/files/1/0680/4619/2892/files/26uaut_y2899_sag_c0ec0dcc-920b-470c-b80c-6cc42da01bc3.jpg?v=1&width=800,Baby,Baby,22/09/2026,https://us.boden.com/products/baby-shower-resistant-fisherman-green-dinosaur-y2899sag?tc_ch=display&tc_ve=ba&tc_so=tradedesk&tc_me=pp&tc_ca=bau,,,134,IN STOCK,,,Green Dinosaur,,,,TRUE,TRUE
55191607,55191607,55191607,Appliqué Jersey Play Set Boden,https://us.boden.com/products/baby-applique-jersey-play-set-blue-puppy-y2900blu?tc_ch=display&tc_ve=ba&tc_so=tradedesk&tc_me=pp&tc_ca=bau,,,41.30,59.00,https://cdn.shopify.com/s/files/1/0680/4619/2892/files/26uaut_y2900_blu_3d8a1501-438b-4f9d-bde9-e4a011624ab1.jpg?v=1&width=800,Baby,Baby,22/09/2026,https://us.boden.com/products/baby-applique-jersey-play-set-blue-puppy-y2900blu?tc_ch=display&tc_ve=ba&tc_so=tradedesk&tc_me=pp&tc_ca=bau,,,10,IN STOCK,,,Blue Puppy,,,,TRUE,TRUE
55211664,55211664,55211664,Cotton Pointelle Set Boden,https://us.boden.com/products/baby-cotton-pointelle-set-glacier-blue-ditsy-floral-y2896blu?tc_ch=display&tc_ve=ba&tc_so=tradedesk&tc_me=pp&tc_ca=bau,,,49.00,49.00,https://cdn.shopify.com/s/files/1/0680/4619/2892/files/26uaut_y2896_blu_bd56602b-0fc5-4377-99c1-6d84bfb814f8.jpg?v=1&width=800,Baby,Baby,22/09/2026,https://us.boden.com/products/baby-cotton-pointelle-set-glacier-blue-ditsy-floral-y2896blu?tc_ch=display&tc_ve=ba&tc_so=tradedesk&tc_me=pp&tc_ca=bau,,,32,IN STOCK,,,Glacier Blue Ditsy Floral,,,,TRUE,TRUE
55211460,55211460,55211460,Cotton Pointelle Top Boden,https://us.boden.com/products/baby-cotton-pointelle-top-multi-floral-print-y2911ivo?tc_ch=display&tc_ve=ba&tc_so=tradedesk&tc_me=pp&tc_ca=bau,,,14.00,20.00,https://cdn.shopify.com/s/files/1/0680/4619/2892/files/26uaut_y2911_ivo_b32ba461-a1f9-4a24-bd1c-44ce6c9abf80.jpg?v=1&width=800,Baby,Baby,22/09/2026,https://us.boden.com/products/baby-cotton-pointelle-top-multi-floral-print-y2911ivo?tc_ch=display&tc_ve=ba&tc_so=tradedesk&tc_me=pp&tc_ca=bau,,,94,IN STOCK,,,Multi Floral Print,,,,TRUE,TRUE
55192829,55192829,55192829,Chelsea Boots Boden,https://us.boden.com/products/boys-chelsea-boots-chocolate-c1981brn?tc_ch=display&tc_ve=ba&tc_so=tradedesk&tc_me=pp&tc_ca=bau,,,89.00,89.00,https://cdn.shopify.com/s/files/1/0680/4619/2892/files/26gaut_c1981_brn_1d3ed216-b109-4daf-976c-3aede5538f34.jpg?v=1&width=800,Boys,Boys,22/09/2026,https://us.boden.com/products/boys-chelsea-boots-chocolate-c1981brn?tc_ch=display&tc_ve=ba&tc_so=tradedesk&tc_me=pp&tc_ca=bau,,,54,IN STOCK,,,Chocolate,,,,TRUE,TRUE
55193099,55193099,55193099,Long Sleeve Badge T-shirt Boden,https://us.boden.com/products/boys-long-sleeve-badge-t-shirt-blue-stripe-b3193blu?tc_ch=display&tc_ve=ba&tc_so=tradedesk&tc_me=pp&tc_ca=bau,,,20.80,32.00,https://cdn.shopify.com/s/files/1/0680/4619/2892/files/26baut_b3193_blu_m01.jpg?v=1&width=800,Boys,Boys,22/09/2026,https://us.boden.com/products/boys-long-sleeve-badge-t-shirt-blue-stripe-b3193blu?tc_ch=display&tc_ve=ba&tc_so=tradedesk&tc_me=pp&tc_ca=bau,,,89,IN STOCK,,,Blue stripe,,,,TRUE,TRUE
55204822,55204822,55204822,5-Pack Underwear Boden,https://us.boden.com/products/boys-5-pack-underwear-multi-stars-c1895spt?tc_ch=display&tc_ve=ba&tc_so=tradedesk&tc_me=pp&tc_ca=bau,,,55.00,55.00,https://cdn.shopify.com/s/files/1/0680/4619/2892/files/26baut_c1895_spt.jpg?v=1&width=800,Boys,Boys,22/09/2026,https://us.boden.com/products/boys-5-pack-underwear-multi-stars-c1895spt?tc_ch=display&tc_ve=ba&tc_so=tradedesk&tc_me=pp&tc_ca=bau,,,87,IN STOCK,,,Multi Stars,,,,TRUE,TRUE
55196892,55196892,55196892,Waterproof Fisherman's Jacket Boden,https://us.boden.com/products/girls-waterproof-fishermans-jacket-vintage-rose-g5534pnk?tc_ch=display&tc_ve=ba&tc_so=tradedesk&tc_me=pp&tc_ca=bau,,,79.00,79.00,https://cdn.shopify.com/s/files/1/0680/4619/2892/files/26gaut_g5534_pnk_m01.jpg?v=1&width=800,Girls,Girls,22/09/2026,https://us.boden.com/products/girls-waterproof-fishermans-jacket-vintage-rose-g5534pnk?tc_ch=display&tc_ve=ba&tc_so=tradedesk&tc_me=pp&tc_ca=bau,,,27,IN STOCK,,,Vintage Rose,,,,TRUE,TRUE
55203092,55203092,55203092,7-Pack Underwear Boden,https://us.boden.com/products/girls-7-pack-underwear-purple-butterflies-c1986bck?tc_ch=display&tc_ve=ba&tc_so=tradedesk&tc_me=pp&tc_ca=bau,,,55.00,55.00,https://cdn.shopify.com/s/files/1/0680/4619/2892/files/26gaut_c1986_bck_abb04f90-2d70-4efd-b672-3cef0167babb.jpg?v=1&width=800,Girls,Girls,22/09/2026,https://us.boden.com/products/girls-7-pack-underwear-purple-butterflies-c1986bck?tc_ch=display&tc_ve=ba&tc_so=tradedesk&tc_me=pp&tc_ca=bau,,,241,IN STOCK,,,Purple Butterflies,,,,TRUE,TRUE
55192862,55192862,55192862,Novelty Cosy Borg Jacket Boden,https://us.boden.com/products/baby-novelty-cosy-borg-jacket-ladybird-y2730rst?tc_ch=display&tc_ve=ba&tc_so=tradedesk&tc_me=pp&tc_ca=bau,,,48.30,69.00,https://cdn.shopify.com/s/files/1/0680/4619/2892/files/26uaut_y2730_rst.jpg?v=1&width=800,Baby,Baby,22/09/2026,https://us.boden.com/products/baby-novelty-cosy-borg-jacket-ladybird-y2730rst?tc_ch=display&tc_ve=ba&tc_so=tradedesk&tc_me=pp&tc_ca=bau,,,132,IN STOCK,,,Ladybird,,,,TRUE,TRUE
55215749,55215749,55215749,Canonbury Cotton 7/8 Pants Boden,https://us.boden.com/products/women-canonbury-cotton-7-8-pants-camel-blue-gingham-r0992blu?tc_ch=display&tc_ve=ba&tc_so=tradedesk&tc_me=pp&tc_ca=bau,,,96.00,160.00,https://cdn.shopify.com/s/files/1/0680/4619/2892/files/26waut_r0992_blu_m01_596a13fb-be75-4df1-aca0-eb1b1cb47028.jpg?v=1&width=800,Women,Women,22/09/2026,https://us.boden.com/products/women-canonbury-cotton-7-8-pants-camel-blue-gingham-r0992blu?tc_ch=display&tc_ve=ba&tc_so=tradedesk&tc_me=pp&tc_ca=bau,,,103,IN STOCK,,,"Camel, Blue Gingham",,,,TRUE,TRUE
55192018,55192018,55192018,Long Sleeve Garment Dye Tee Boden,https://us.boden.com/products/boys-long-sleeve-garment-dye-tee-college-navy-denim-blue-b3290nav?tc_ch=display&tc_ve=ba&tc_so=tradedesk&tc_me=pp&tc_ca=bau,,,32.00,32.00,https://cdn.shopify.com/s/files/1/0680/4619/2892/files/26baut_b3290_nav_m01.jpg?v=1&width=800,Boys,Boys,22/09/2026,https://us.boden.com/products/boys-long-sleeve-garment-dye-tee-college-navy-denim-blue-b3290nav?tc_ch=display&tc_ve=ba&tc_so=tradedesk&tc_me=pp&tc_ca=bau,,,94,IN STOCK,,,College Navy / Denim Blue,,,,TRUE,TRUE
55192228,55192228,55192228,Short Sleeve Rib T-Shirt Boden,https://us.boden.com/products/girls-short-sleeve-rib-t-shirt-pink-stripe-g6087pin?tc_ch=display&tc_ve=ba&tc_so=tradedesk&tc_me=pp&tc_ca=bau,,,22.00,22.00,https://cdn.shopify.com/s/files/1/0680/4619/2892/files/26gaut_g6087_pin_m01_v1_b927dee0-0406-4ee3-8de1-22e997986606.jpg?v=1&width=800,Girls,Girls,22/09/2026,https://us.boden.com/products/girls-short-sleeve-rib-t-shirt-pink-stripe-g6087pin?tc_ch=display&tc_ve=ba&tc_so=tradedesk&tc_me=pp&tc_ca=bau,,,67,IN STOCK,,,Pink Stripe,,,,TRUE,TRUE
55195734,55195734,55195734,Garment Dye Sweatpants Boden,https://us.boden.com/products/boys-garment-dye-sweatpants-shadow-grey-b3267gry?tc_ch=display&tc_ve=ba&tc_so=tradedesk&tc_me=pp&tc_ca=bau,,,45.00,45.00,https://cdn.shopify.com/s/files/1/0680/4619/2892/files/26baut_b3267_gry_33d38b6d-b48d-4042-a0a9-65aa5db30321.jpg?v=1&width=800,Boys,Boys,22/09/2026,https://us.boden.com/products/boys-garment-dye-sweatpants-shadow-grey-b3267gry?tc_ch=display&tc_ve=ba&tc_so=tradedesk&tc_me=pp&tc_ca=bau,,,223,IN STOCK,,,Shadow Grey,,,,TRUE,TRUE
55231137,55231137,55231137,Chunky Love Lock Necklace Boden,https://us.boden.com/products/women-chunky-love-lock-necklace-tort-a2335brn?tc_ch=display&tc_ve=ba&tc_so=tradedesk&tc_me=pp&tc_ca=bau,,,53.40,89.00,https://cdn.shopify.com/s/files/1/0680/4619/2892/files/26waut_a2335_brn_v1.jpg?v=1&width=800,Women,Women,22/09/2026,https://us.boden.com/products/women-chunky-love-lock-necklace-tort-a2335brn?tc_ch=display&tc_ve=ba&tc_so=tradedesk&tc_me=pp&tc_ca=bau,,,247,IN STOCK,,,Tort,,,,TRUE,TRUE
55230593,55230593,55230593,Curved Resin Hoops Boden,https://us.boden.com/products/women-curved-resin-hoops-ivory-a2340ivo?tc_ch=display&tc_ve=ba&tc_so=tradedesk&tc_me=pp&tc_ca=bau,,,52.50,75.00,https://cdn.shopify.com/s/files/1/0680/4619/2892/files/26waut_a2340_ivo_v1.jpg?v=1&width=800,Women,Women,22/09/2026,https://us.boden.com/products/women-curved-resin-hoops-ivory-a2340ivo?tc_ch=display&tc_ve=ba&tc_so=tradedesk&tc_me=pp&tc_ca=bau,,,288,IN STOCK,,,Ivory,,,,TRUE,TRUE
55230841,55230841,55230841,Love Lock Layer Necklace Boden,https://us.boden.com/products/women-love-lock-layer-necklace-gold-a2334gld?tc_ch=display&tc_ve=ba&tc_so=tradedesk&tc_me=pp&tc_ca=bau,,,47.40,79.00,https://cdn.shopify.com/s/files/1/0680/4619/2892/files/26waut_a2334_gld_v1.jpg?v=1&width=800,Women,Women,22/09/2026,https://us.boden.com/products/women-love-lock-layer-necklace-gold-a2334gld?tc_ch=display&tc_ve=ba&tc_so=tradedesk&tc_me=pp&tc_ca=bau,,,325,IN STOCK,,,Gold,,,,TRUE,TRUE
55230821,55230821,55230821,Layered Teardrop Necklace Boden,https://us.boden.com/products/women-layered-teardrop-necklace-green-a2349grn?tc_ch=display&tc_ve=ba&tc_so=tradedesk&tc_me=pp&tc_ca=bau,,,89.00,89.00,https://cdn.shopify.com/s/files/1/0680/4619/2892/files/26waut_a2349_grn_v1.jpg?v=1&width=800,Women,Women,22/09/2026,https://us.boden.com/products/women-layered-teardrop-necklace-green-a2349grn?tc_ch=display&tc_ve=ba&tc_so=tradedesk&tc_me=pp&tc_ca=bau,,,429,IN STOCK,,,Green,,,,TRUE,TRUE
55218898,55218898,55218898,Velcro Low Tops Boden,https://us.boden.com/products/girls-velcro-low-tops-pink-metallic-c2013pnt?tc_ch=display&tc_ve=ba&tc_so=tradedesk&tc_me=pp&tc_ca=bau,,,69.00,69.00,https://cdn.shopify.com/s/files/1/0680/4619/2892/files/26gaut_c2013_pnt_v1.jpg?v=1&width=800,Girls,Girls,22/09/2026,https://us.boden.com/products/girls-velcro-low-tops-pink-metallic-c2013pnt?tc_ch=display&tc_ve=ba&tc_so=tradedesk&tc_me=pp&tc_ca=bau,,,83,IN STOCK,,,Pink Metallic,,,,TRUE,TRUE
55220386,55220386,55220386,Lace-Up Boat Shoes Boden,https://us.boden.com/products/women-lace-up-boat-shoes-bitter-chocolate-a2307ber?tc_ch=display&tc_ve=ba&tc_so=tradedesk&tc_me=pp&tc_ca=bau,,,109.99,220.00,https://cdn.shopify.com/s/files/1/0680/4619/2892/files/26waut_a2307_ber_2f31e242-07bb-44a6-921c-1f5b7540de3c.jpg?v=1&width=800,Women,Women,22/09/2026,https://us.boden.com/products/women-lace-up-boat-shoes-bitter-chocolate-a2307ber?tc_ch=display&tc_ve=ba&tc_so=tradedesk&tc_me=pp&tc_ca=bau,,,101,IN STOCK,,,Bitter Chocolate,,,,TRUE,TRUE
55192257,55192257,55192257,Bobbie Appliqué Sweatshirt Boden,https://us.boden.com/products/girls-bobbie-applique-sweatshirt-oatmeal-marl-cherries-g6075nav?tc_ch=display&tc_ve=ba&tc_so=tradedesk&tc_me=pp&tc_ca=bau,,,35.75,55.00,https://cdn.shopify.com/s/files/1/0680/4619/2892/files/26gaut_g6075_nav_v1_99bee6fd-6873-4c98-85c6-78e4203f85c7.jpg?v=1&width=800,Girls,Girls,22/09/2026,https://us.boden.com/products/girls-bobbie-applique-sweatshirt-oatmeal-marl-cherries-g6075nav?tc_ch=display&tc_ve=ba&tc_so=tradedesk&tc_me=pp&tc_ca=bau,,,111,IN STOCK,,,Oatmeal Marl Cherries,,,,TRUE,TRUE
55191837,55191837,55191837,Puff Sleeve Jersey Top Boden,https://us.boden.com/products/girls-puff-sleeve-jersey-top-cornish-blue-g6092grn?tc_ch=display&tc_ve=ba&tc_so=tradedesk&tc_me=pp&tc_ca=bau,,,12.00,20.00,https://cdn.shopify.com/s/files/1/0680/4619/2892/files/26gaut_g6092_grn_v1_af2d05e4-d536-43df-aa09-a13636e48015.jpg?v=1&width=800,Girls,Girls,22/09/2026,https://us.boden.com/products/girls-puff-sleeve-jersey-top-cornish-blue-g6092grn?tc_ch=display&tc_ve=ba&tc_so=tradedesk&tc_me=pp&tc_ca=bau,,,116,IN STOCK,,,Cornish Blue,,,,TRUE,TRUE
55192243,55192243,55192243,Puff Sleeve Jersey Top Boden,https://us.boden.com/products/girls-puff-sleeve-jersey-top-soft-ivory-g6092ivo?tc_ch=display&tc_ve=ba&tc_so=tradedesk&tc_me=pp&tc_ca=bau,,,12.00,20.00,https://cdn.shopify.com/s/files/1/0680/4619/2892/files/26gaut_g6092_ivo_v1.jpg?v=1&width=800,Girls,Girls,22/09/2026,https://us.boden.com/products/girls-puff-sleeve-jersey-top-soft-ivory-g6092ivo?tc_ch=display&tc_ve=ba&tc_so=tradedesk&tc_me=pp&tc_ca=bau,,,224,IN STOCK,,,Soft Ivory,,,,TRUE,TRUE
55196666,55196666,55196666,Topstitch Ponte Midi Dress Boden,https://us.boden.com/products/women-topstitch-ponte-midi-dress-navy-d1763nav?tc_ch=display&tc_ve=ba&tc_so=tradedesk&tc_me=pp&tc_ca=bau,,,119.40,199.00,https://cdn.shopify.com/s/files/1/0680/4619/2892/files/26waut_d1763_nav_m01_v2_7cce02ab-5575-431f-aee7-0b0447ecff3d.jpg?v=1&width=800,Women,Women,22/09/2026,https://us.boden.com/products/women-topstitch-ponte-midi-dress-navy-d1763nav?tc_ch=display&tc_ve=ba&tc_so=tradedesk&tc_me=pp&tc_ca=bau,,,53,IN STOCK,,,Navy,,,,TRUE,TRUE
55202815,55202815,55202815,Short Pleated Ponte Dress Boden,https://us.boden.com/products/women-short-pleated-ponte-dress-navy-d1732nvy?tc_ch=display&tc_ve=ba&tc_so=tradedesk&tc_me=pp&tc_ca=bau,,,71.40,119.00,https://cdn.shopify.com/s/files/1/0680/4619/2892/files/26waut_d1732_nvy_m01_aa63cc8b-1e37-4bc7-b1e2-ca73b995247d.jpg?v=1&width=800,Women,Women,22/09/2026,https://us.boden.com/products/women-short-pleated-ponte-dress-navy-d1732nvy?tc_ch=display&tc_ve=ba&tc_so=tradedesk&tc_me=pp&tc_ca=bau,,,162,IN STOCK,,,Navy,,,,TRUE,TRUE
55193225,55193225,55193225,Frill Sleeve Slub Top Boden,https://us.boden.com/products/girls-frill-sleeve-slub-top-soft-cream-garden-flowerbed-g6148crm?tc_ch=display&tc_ve=ba&tc_so=tradedesk&tc_me=pp&tc_ca=bau,,,29.00,29.00,https://cdn.shopify.com/s/files/1/0680/4619/2892/files/26gaut_g6148_crm_v1_1aba58c1-9b03-449f-874f-0263432b019b.jpg?v=1&width=800,Girls,Girls,22/09/2026,https://us.boden.com/products/girls-frill-sleeve-slub-top-soft-cream-garden-flowerbed-g6148crm?tc_ch=display&tc_ve=ba&tc_so=tradedesk&tc_me=pp&tc_ca=bau,,,80,IN STOCK,,,Soft Cream Garden Flowerbed,,,,TRUE,TRUE
55193367,55193367,55193367,Frill Sleeve Slub Top Boden,https://us.boden.com/products/girls-frill-sleeve-slub-top-milk-chocolate-brown-leopard-g6148brn?tc_ch=display&tc_ve=ba&tc_so=tradedesk&tc_me=pp&tc_ca=bau,,,29.00,29.00,https://cdn.shopify.com/s/files/1/0680/4619/2892/files/26gaut_g6148_brn_v1_b4801873-ea8d-4bfc-906a-47e5c7cd37cd.jpg?v=1&width=800,Girls,Girls,22/09/2026,https://us.boden.com/products/girls-frill-sleeve-slub-top-milk-chocolate-brown-leopard-g6148brn?tc_ch=display&tc_ve=ba&tc_so=tradedesk&tc_me=pp&tc_ca=bau,,,175,IN STOCK,,,Milk Chocolate Brown Leopard,,,,TRUE,TRUE
55203388,55203388,55203388,Fun Print Hoody Boden,https://us.boden.com/products/girls-fun-print-hoody-pink-checkerboard-g6149pin?tc_ch=display&tc_ve=ba&tc_so=tradedesk&tc_me=pp&tc_ca=bau,,,59.00,59.00,https://cdn.shopify.com/s/files/1/0680/4619/2892/files/26gaut_g6149_pin_v1_1a2581e0-14fb-42cf-82c8-484af2d5e5bd.jpg?v=1&width=800,Girls,Girls,22/09/2026,https://us.boden.com/products/girls-fun-print-hoody-pink-checkerboard-g6149pin?tc_ch=display&tc_ve=ba&tc_so=tradedesk&tc_me=pp&tc_ca=bau,,,68,IN STOCK,,,Pink Checkerboard,,,,TRUE,TRUE
55191743,55191743,55191743,Pretty Frill Sweatshirt Boden,https://us.boden.com/products/girls-pretty-frill-sweatshirt-calico-white-blue-leopard-g6094blu?tc_ch=display&tc_ve=ba&tc_so=tradedesk&tc_me=pp&tc_ca=bau,,,33.00,55.00,https://cdn.shopify.com/s/files/1/0680/4619/2892/files/26gaut_g6094_blu_v1_1bb401e4-fe3e-4835-9976-32c2bcf12d68.jpg?v=1&width=800,Girls,Girls,22/09/2026,https://us.boden.com/products/girls-pretty-frill-sweatshirt-calico-white-blue-leopard-g6094blu?tc_ch=display&tc_ve=ba&tc_so=tradedesk&tc_me=pp&tc_ca=bau,,,175,IN STOCK,,,Calico White/ Blue Leopard,,,,TRUE,TRUE
55192266,55192266,55192266,Fleece Lined Zip-Through Boden,https://us.boden.com/products/girls-fleece-lined-zip-through-floral-g6074mul?tc_ch=display&tc_ve=ba&tc_so=tradedesk&tc_me=pp&tc_ca=bau,,,44.85,69.00,https://cdn.shopify.com/s/files/1/0680/4619/2892/files/26gaut_g6074_mul_v1_355e5557-7b56-4e68-a070-e7fc57dba969.jpg?v=1&width=800,Girls,Girls,22/09/2026,https://us.boden.com/products/girls-fleece-lined-zip-through-floral-g6074mul?tc_ch=display&tc_ve=ba&tc_so=tradedesk&tc_me=pp&tc_ca=bau,,,82,IN STOCK,,,Floral,,,,TRUE,TRUE
55200357,55200357,55200357,Phoebe Collared Knitted Jacket Boden,https://us.boden.com/products/women-phoebe-collared-knitted-jacket-navy-k1296nav?tc_ch=display&tc_ve=ba&tc_so=tradedesk&tc_me=pp&tc_ca=bau,,,199.00,199.00,https://cdn.shopify.com/s/files/1/0680/4619/2892/files/26waut_k1296_nav_m01_v1_98858e7d-6bce-4a5d-b952-144abab83e7a.jpg?v=1&width=800,Women,Women,22/09/2026,https://us.boden.com/products/women-phoebe-collared-knitted-jacket-navy-k1296nav?tc_ch=display&tc_ve=ba&tc_so=tradedesk&tc_me=pp&tc_ca=bau,,,218,IN STOCK,,,Navy,,,,TRUE,TRUE
55201332,55201332,55201332,Supersoft Short Puff Shirt Boden,https://us.boden.com/products/women-supersoft-short-puff-shirt-red-earth-t2154red?tc_ch=display&tc_ve=ba&tc_so=tradedesk&tc_me=pp&tc_ca=bau,,,28.99,59.00,https://cdn.shopify.com/s/files/1/0680/4619/2892/files/26waut_t2154_red_m01_dc0ac384-e18c-4321-b823-1ec237ddd5ef.jpg?v=1&width=800,Women,Women,22/09/2026,https://us.boden.com/products/women-supersoft-short-puff-shirt-red-earth-t2154red?tc_ch=display&tc_ve=ba&tc_so=tradedesk&tc_me=pp&tc_ca=bau,,,105,IN STOCK,,,Red Earth,,,,TRUE,TRUE
55204465,55204465,55204465,Quilted Borg Jacket Boden,https://us.boden.com/products/boys-quilted-borg-jacket-black-iris-b3274dbl?tc_ch=display&tc_ve=ba&tc_so=tradedesk&tc_me=pp&tc_ca=bau,,,89.00,89.00,https://cdn.shopify.com/s/files/1/0680/4619/2892/files/26baut_b3274_dbl.jpg?v=1&width=800,Boys,Boys,22/09/2026,https://us.boden.com/products/boys-quilted-borg-jacket-black-iris-b3274dbl?tc_ch=display&tc_ve=ba&tc_so=tradedesk&tc_me=pp&tc_ca=bau,,,152,IN STOCK,,,BLACK IRIS,,,,TRUE,TRUE
55195539,55195539,55195539,Rhianne Cotton Rib Jumper Boden,https://us.boden.com/products/women-rhianne-cotton-rib-jumper-poppy-red-k1277rus?tc_ch=display&tc_ve=ba&tc_so=tradedesk&tc_me=pp&tc_ca=bau,,,59.40,99.00,https://cdn.shopify.com/s/files/1/0680/4619/2892/files/26waut_k1277_rus_m01_347d2d2c-2792-4345-8dab-43982e9192e4.jpg?v=1&width=800,Women,Women,22/09/2026,https://us.boden.com/products/women-rhianne-cotton-rib-jumper-poppy-red-k1277rus?tc_ch=display&tc_ve=ba&tc_so=tradedesk&tc_me=pp&tc_ca=bau,,,99,IN STOCK,,,Poppy Red,,,,TRUE,TRUE
55199701,55199701,55199701,Smart Zip-through Sweater Boden,https://us.boden.com/products/boys-smart-zip-through-sweater-grey-marl-b3282gry?tc_ch=display&tc_ve=ba&tc_so=tradedesk&tc_me=pp&tc_ca=bau,,,69.00,69.00,https://cdn.shopify.com/s/files/1/0680/4619/2892/files/26baut_b3282_gry_m01.jpg?v=1&width=800,Boys,Boys,22/09/2026,https://us.boden.com/products/boys-smart-zip-through-sweater-grey-marl-b3282gry?tc_ch=display&tc_ve=ba&tc_so=tradedesk&tc_me=pp&tc_ca=bau,,,168,IN STOCK,,,Grey Marl,,,,TRUE,TRUE
55191471,55191471,55191471,Chunky Everyday Cardigan Boden,https://us.boden.com/products/girls-chunky-everyday-cardigan-pink-heather-marl-g6100pnk?tc_ch=display&tc_ve=ba&tc_so=tradedesk&tc_me=pp&tc_ca=bau,,,65.00,65.00,https://cdn.shopify.com/s/files/1/0680/4619/2892/files/26gaut_g6100_pnk_v1.jpg?v=1&width=800,Girls,Girls,22/09/2026,https://us.boden.com/products/girls-chunky-everyday-cardigan-pink-heather-marl-g6100pnk?tc_ch=display&tc_ve=ba&tc_so=tradedesk&tc_me=pp&tc_ca=bau,,,29,IN STOCK,,,Pink Heather Marl,,,,TRUE,TRUE
55191078,55191078,55191078,Everyday Frilled Cardigan Boden,https://us.boden.com/products/girls-everyday-frilled-cardigan-grey-marl-g6079gry?tc_ch=display&tc_ve=ba&tc_so=tradedesk&tc_me=pp&tc_ca=bau,,,49.00,49.00,https://cdn.shopify.com/s/files/1/0680/4619/2892/files/26gaut_g6079_gry_m01.jpg?v=1&width=800,Girls,Girls,22/09/2026,https://us.boden.com/products/girls-everyday-frilled-cardigan-grey-marl-g6079gry?tc_ch=display&tc_ve=ba&tc_so=tradedesk&tc_me=pp&tc_ca=bau,,,156,IN STOCK,,,Grey Marl,,,,TRUE,TRUE
55191387,55191387,55191387,Collared Cardigan Boden,https://us.boden.com/products/girls-collared-cardigan-oatmeal-marl-flowers-g6076oat?tc_ch=display&tc_ve=ba&tc_so=tradedesk&tc_me=pp&tc_ca=bau,,,69.00,69.00,https://cdn.shopify.com/s/files/1/0680/4619/2892/files/26gaut_g6076_oat_v1_5a430755-5764-491b-8a37-ac0b50d0abe1.jpg?v=1&width=800,Girls,Girls,22/09/2026,https://us.boden.com/products/girls-collared-cardigan-oatmeal-marl-flowers-g6076oat?tc_ch=display&tc_ve=ba&tc_so=tradedesk&tc_me=pp&tc_ca=bau,,,89,IN STOCK,,,Oatmeal Marl Flowers,,,,TRUE,TRUE
55191151,55191151,55191151,Everyday Frilled Cardigan Boden,https://us.boden.com/products/girls-everyday-frilled-cardigan-french-blue-marl-g6079blu?tc_ch=display&tc_ve=ba&tc_so=tradedesk&tc_me=pp&tc_ca=bau,,,49.00,49.00,https://cdn.shopify.com/s/files/1/0680/4619/2892/files/26gaut_g6079_blu_m01.jpg?v=1&width=800,Girls,Girls,22/09/2026,https://us.boden.com/products/girls-everyday-frilled-cardigan-french-blue-marl-g6079blu?tc_ch=display&tc_ve=ba&tc_so=tradedesk&tc_me=pp&tc_ca=bau,,,150,IN STOCK,,,French Blue Marl,,,,TRUE,TRUE
55193588,55193588,55193588,Everyday Frilled Cardigan Boden,https://us.boden.com/products/girls-everyday-frilled-cardigan-deep-wisteria-g6079prp?tc_ch=display&tc_ve=ba&tc_so=tradedesk&tc_me=pp&tc_ca=bau,,,49.00,49.00,https://cdn.shopify.com/s/files/1/0680/4619/2892/files/26gaut_g6079_prp_m01_f6f75aba-4fcc-4342-ad7d-b660a972a89e.jpg?v=1&width=800,Girls,Girls,22/09/2026,https://us.boden.com/products/girls-everyday-frilled-cardigan-deep-wisteria-g6079prp?tc_ch=display&tc_ve=ba&tc_so=tradedesk&tc_me=pp&tc_ca=bau,,,232,IN STOCK,,,Deep Wisteria,,,,TRUE,TRUE
55192423,55192423,55192423,Ballerina Jersey Dress Boden,https://us.boden.com/products/girls-ballerina-jersey-dress-blue-horses-g5771ble?tc_ch=display&tc_ve=ba&tc_so=tradedesk&tc_me=pp&tc_ca=bau,,,25.35,39.00,https://cdn.shopify.com/s/files/1/0680/4619/2892/files/26gaut_g5771_ble.jpg?v=1&width=800,Girls,Girls,22/09/2026,https://us.boden.com/products/girls-ballerina-jersey-dress-blue-horses-g5771ble?tc_ch=display&tc_ve=ba&tc_so=tradedesk&tc_me=pp&tc_ca=bau,,,261,IN STOCK,,,Blue Horses,,,,TRUE,TRUE
55191726,55191726,55191726,Ballerina Jersey Dress Boden,https://us.boden.com/products/girls-ballerina-jersey-dress-multi-floral-g5771mul?tc_ch=display&tc_ve=ba&tc_so=tradedesk&tc_me=pp&tc_ca=bau,,,29.25,39.00,https://cdn.shopify.com/s/files/1/0680/4619/2892/files/26gaut_g5771_mul_e668563c-876a-401e-a994-6abd9e77b89a.jpg?v=1&width=800,Girls,Girls,22/09/2026,https://us.boden.com/products/girls-ballerina-jersey-dress-multi-floral-g5771mul?tc_ch=display&tc_ve=ba&tc_so=tradedesk&tc_me=pp&tc_ca=bau,,,98,IN STOCK,,,Multi Floral,,,,TRUE,TRUE
55218845,55218845,55218845,Ida Sweatshirt Appliqué Dress Boden,https://us.boden.com/products/girls-ida-sweatshirt-applique-dress-oatmeal-butterlies-g4875nor?tc_ch=display&tc_ve=ba&tc_so=tradedesk&tc_me=pp&tc_ca=bau,,,55.20,69.00,https://cdn.shopify.com/s/files/1/0680/4619/2892/files/26gaut_g4875_nor_8be3b865-495f-441f-a29f-83920ad0369b.jpg?v=1&width=800,Girls,Girls,22/09/2026,https://us.boden.com/products/girls-ida-sweatshirt-applique-dress-oatmeal-butterlies-g4875nor?tc_ch=display&tc_ve=ba&tc_so=tradedesk&tc_me=pp&tc_ca=bau,,,22,IN STOCK,,,Oatmeal Butterlies,,,,TRUE,TRUE
55193326,55193326,55193326,Minna Sweatshirt Dress Boden,https://us.boden.com/products/girls-minna-sweatshirt-dress-brown-floral-g5560brm?tc_ch=display&tc_ve=ba&tc_so=tradedesk&tc_me=pp&tc_ca=bau,,,49.00,49.00,https://cdn.shopify.com/s/files/1/0680/4619/2892/files/26gaut_g5560_brm_e627566e-2183-4da6-a52c-61f864613660.jpg?v=1&width=800,Girls,Girls,22/09/2026,https://us.boden.com/products/girls-minna-sweatshirt-dress-brown-floral-g5560brm?tc_ch=display&tc_ve=ba&tc_so=tradedesk&tc_me=pp&tc_ca=bau,,,116,IN STOCK,,,Brown  Floral,,,,TRUE,TRUE
55210746,55210746,55210746,Emi Embroidered Sweatshirt Boden,https://us.boden.com/products/women-emi-embroidered-sweatshirt-rhododendron-embroidery-t1646ros?tc_ch=display&tc_ve=ba&tc_so=tradedesk&tc_me=pp&tc_ca=bau,,,66.00,110.00,https://cdn.shopify.com/s/files/1/0680/4619/2892/files/26waut_t1646_ros_m01.jpg?v=1&width=800,Women,Women,22/09/2026,https://us.boden.com/products/women-emi-embroidered-sweatshirt-rhododendron-embroidery-t1646ros?tc_ch=display&tc_ve=ba&tc_so=tradedesk&tc_me=pp&tc_ca=bau,,,70,IN STOCK,,,Rhododendron Embroidery,,,,TRUE,TRUE
55193393,55193393,55193393,Briony Jersey Short Dress Boden,https://us.boden.com/products/women-briony-jersey-short-dress-ballet-slipper-floral-field-d1760pnk?tc_ch=display&tc_ve=ba&tc_so=tradedesk&tc_me=pp&tc_ca=bau,,,69.30,99.00,https://cdn.shopify.com/s/files/1/0680/4619/2892/files/26waut_d1760_pnk_m01.jpg?v=1&width=800,Women,Women,22/09/2026,https://us.boden.com/products/women-briony-jersey-short-dress-ballet-slipper-floral-field-d1760pnk?tc_ch=display&tc_ve=ba&tc_so=tradedesk&tc_me=pp&tc_ca=bau,,,25,IN STOCK,,,"Ballet Slipper, Floral Field",,,,TRUE,TRUE
55196802,55196802,55196802,Honor Column Jersey Midi Dress Boden,https://us.boden.com/products/women-honor-column-jersey-midi-dress-raw-umber-bouquet-breeze-d1767brm?tc_ch=display&tc_ve=ba&tc_so=tradedesk&tc_me=pp&tc_ca=bau,,,160.00,160.00,https://cdn.shopify.com/s/files/1/0680/4619/2892/files/26waut_d1767_brm_m01_41d20dc0-b76e-49da-9b7c-e65f2d41d592.jpg?v=1&width=800,Women,Women,22/09/2026,https://us.boden.com/products/women-honor-column-jersey-midi-dress-raw-umber-bouquet-breeze-d1767brm?tc_ch=display&tc_ve=ba&tc_so=tradedesk&tc_me=pp&tc_ca=bau,,,15,IN STOCK,,,"Raw Umber, Bouquet Breeze",,,,TRUE,TRUE
55213249,55213249,55213249,Val Button Denim Midi Skirt Boden,https://us.boden.com/products/women-val-button-denim-midi-skirt-indigo-r0955ldn?tc_ch=display&tc_ve=ba&tc_so=tradedesk&tc_me=pp&tc_ca=bau,,,180.00,180.00,https://cdn.shopify.com/s/files/1/0680/4619/2892/files/26waut_r0955_ldn_m01_73773621-8d81-4452-a2db-9a228511270a.jpg?v=1&width=800,Women,Women,22/09/2026,https://us.boden.com/products/women-val-button-denim-midi-skirt-indigo-r0955ldn?tc_ch=display&tc_ve=ba&tc_so=tradedesk&tc_me=pp&tc_ca=bau,,,41,IN STOCK,,,Indigo,,,,TRUE,TRUE
55214044,55214044,55214044,Jasmine Ruched Jersey Dress Boden,https://us.boden.com/products/women-jasmine-ruched-jersey-dress-sweet-cherry-scattered-flora-d1764red?tc_ch=display&tc_ve=ba&tc_so=tradedesk&tc_me=pp&tc_ca=bau,,,73.99,149.00,https://cdn.shopify.com/s/files/1/0680/4619/2892/files/26waut_d1764_red_w01_v1.jpg?v=1&width=800,Women,Women,22/09/2026,https://us.boden.com/products/women-jasmine-ruched-jersey-dress-sweet-cherry-scattered-flora-d1764red?tc_ch=display&tc_ve=ba&tc_so=tradedesk&tc_me=pp&tc_ca=bau,,,122,IN STOCK,,,"Sweet Cherry, Scattered Flora",,,,TRUE,TRUE
55202842,55202842,55202842,Belgravia Ponte Pants Boden,https://us.boden.com/products/women-belgravia-ponte-pants-forest-green-r0814khk?tc_ch=display&tc_ve=ba&tc_so=tradedesk&tc_me=pp&tc_ca=bau,,,140.00,140.00,https://cdn.shopify.com/s/files/1/0680/4619/2892/files/26waut_r0814_khk_m01_27dff5ef-94d0-4dac-91ff-41dcdf4d9a6a.jpg?v=1&width=800,Women,Women,22/09/2026,https://us.boden.com/products/women-belgravia-ponte-pants-forest-green-r0814khk?tc_ch=display&tc_ve=ba&tc_so=tradedesk&tc_me=pp&tc_ca=bau,,,32,IN STOCK,,,Forest Green,,,,TRUE,TRUE
55217418,55217418,55217418,Embroidered Peplum Top Boden,https://us.boden.com/products/women-embroidered-peplum-top-bitter-chocolate-t2177brn?tc_ch=display&tc_ve=ba&tc_so=tradedesk&tc_me=pp&tc_ca=bau,,,89.99,180.00,https://cdn.shopify.com/s/files/1/0680/4619/2892/files/26waut_t2177_brn_w01_v1_056dd751-5622-4bfc-838e-f4b612b91181.jpg?v=1&width=800,Women,Women,22/09/2026,https://us.boden.com/products/women-embroidered-peplum-top-bitter-chocolate-t2177brn?tc_ch=display&tc_ve=ba&tc_so=tradedesk&tc_me=pp&tc_ca=bau,,,124,IN STOCK,,,Bitter Chocolate,,,,TRUE,TRUE
55194697,55194697,55194697,Adele Belted Jersey Dress Boden,https://us.boden.com/products/women-adele-belted-jersey-dress-raw-umber-arabesque-meadows-d1759pnt?tc_ch=display&tc_ve=ba&tc_so=tradedesk&tc_me=pp&tc_ca=bau,,,71.40,119.00,https://cdn.shopify.com/s/files/1/0680/4619/2892/files/26waut_d1759_pnt_w01_v1_1be7cf71-e88d-4818-97c0-c6a3e5444c9d.jpg?v=1&width=800,Women,Women,22/09/2026,https://us.boden.com/products/women-adele-belted-jersey-dress-raw-umber-arabesque-meadows-d1759pnt?tc_ch=display&tc_ve=ba&tc_so=tradedesk&tc_me=pp&tc_ca=bau,,,42,IN STOCK,,,"Raw Umber, Arabesque Meadows",,,,TRUE,TRUE
55193805,55193805,55193805,Pia Ruffle Detail Top Boden,https://us.boden.com/products/women-pia-ruffle-detail-top-ivory-t2148ivo?tc_ch=display&tc_ve=ba&tc_so=tradedesk&tc_me=pp&tc_ca=bau,,,69.30,99.00,https://cdn.shopify.com/s/files/1/0680/4619/2892/files/26waut_t2148_ivo_m01.jpg?v=1&width=800,Women,Women,22/09/2026,https://us.boden.com/products/women-pia-ruffle-detail-top-ivory-t2148ivo?tc_ch=display&tc_ve=ba&tc_so=tradedesk&tc_me=pp&tc_ca=bau,,,13,IN STOCK,,,Ivory,,,,TRUE,TRUE
55196281,55196281,55196281,Eli Belted Jersey Midi Dress Boden,https://us.boden.com/products/women-eli-belted-jersey-midi-dress-hunter-green-bohemia-dream-d1769mul?tc_ch=display&tc_ve=ba&tc_so=tradedesk&tc_me=pp&tc_ca=bau,,,154.00,220.00,https://cdn.shopify.com/s/files/1/0680/4619/2892/files/26waut_d1769_mul_m01_v2.jpg?v=1&width=800,Women,Women,22/09/2026,https://us.boden.com/products/women-eli-belted-jersey-midi-dress-hunter-green-bohemia-dream-d1769mul?tc_ch=display&tc_ve=ba&tc_so=tradedesk&tc_me=pp&tc_ca=bau,,,34,IN STOCK,,,"Hunter Green, Bohemia Dream",,,,TRUE,TRUE
55196793,55196793,55196793,Embroidered Pointelle Cardigan Boden,https://us.boden.com/products/women-embroidered-pointelle-cardigan-french-blue-embroidered-k1291blu?tc_ch=display&tc_ve=ba&tc_so=tradedesk&tc_me=pp&tc_ca=bau,,,139.30,199.00,https://cdn.shopify.com/s/files/1/0680/4619/2892/files/26waut_k1291_blu_m01_f4c5e727-7c2b-4eda-b2ba-2e4abb793f34.jpg?v=1&width=800,Women,Women,22/09/2026,https://us.boden.com/products/women-embroidered-pointelle-cardigan-french-blue-embroidered-k1291blu?tc_ch=display&tc_ve=ba&tc_so=tradedesk&tc_me=pp&tc_ca=bau,,,154,IN STOCK,,,French Blue Embroidered,,,,TRUE,TRUE
55208709,55208709,55208709,Camilla Cotton V-neck T-shirt Boden,https://us.boden.com/products/women-camilla-cotton-v-neck-t-shirt-navy-k1282nav?tc_ch=display&tc_ve=ba&tc_so=tradedesk&tc_me=pp&tc_ca=bau,,,89.00,89.00,https://cdn.shopify.com/s/files/1/0680/4619/2892/files/26waut_k1282_nav_m01_2f888c44-cc41-44e6-89a8-733cfb193247.jpg?v=1&width=800,Women,Women,22/09/2026,https://us.boden.com/products/women-camilla-cotton-v-neck-t-shirt-navy-k1282nav?tc_ch=display&tc_ve=ba&tc_so=tradedesk&tc_me=pp&tc_ca=bau,,,258,IN STOCK,,,Navy,,,,TRUE,TRUE
55193716,55193716,55193716,Ara Jersey Shirt Boden,https://us.boden.com/products/women-ara-jersey-shirt-navy-t2149nav?tc_ch=display&tc_ve=ba&tc_so=tradedesk&tc_me=pp&tc_ca=bau,,,99.00,99.00,https://cdn.shopify.com/s/files/1/0680/4619/2892/files/26waut_t2149_nav_m04_abc6a351-6947-44cc-b846-508b9f201413.jpg?v=1&width=800,Women,Women,22/09/2026,https://us.boden.com/products/women-ara-jersey-shirt-navy-t2149nav?tc_ch=display&tc_ve=ba&tc_so=tradedesk&tc_me=pp&tc_ca=bau,,,162,IN STOCK,,,Navy,,,,TRUE,TRUE
55210633,55210633,55210633,Ribbed Long Sleeve Henley Boden,https://us.boden.com/products/women-ribbed-long-sleeve-henley-falcon-green-t2216olv?tc_ch=display&tc_ve=ba&tc_so=tradedesk&tc_me=pp&tc_ca=bau,,,89.00,89.00,https://cdn.shopify.com/s/files/1/0680/4619/2892/files/26waut_t2216_olv_m01_83a608be-39f7-440a-a63b-fbe8a4c61dac.jpg?v=1&width=800,Women,Women,22/09/2026,https://us.boden.com/products/women-ribbed-long-sleeve-henley-falcon-green-t2216olv?tc_ch=display&tc_ve=ba&tc_so=tradedesk&tc_me=pp&tc_ca=bau,,,454,IN STOCK,,,Falcon Green,,,,TRUE,TRUE
55197934,55197934,55197934,Twill Peplum Waistcoat Boden,https://us.boden.com/products/women-twill-peplum-waistcoat-indigo-u0468blu?tc_ch=display&tc_ve=ba&tc_so=tradedesk&tc_me=pp&tc_ca=bau,,,133.00,190.00,https://cdn.shopify.com/s/files/1/0680/4619/2892/files/26waut_u0468_blu_m01_b780df9b-b9ec-4b2d-a1aa-dd5ca14b1a80.jpg?v=1&width=800,Women,Women,22/09/2026,https://us.boden.com/products/women-twill-peplum-waistcoat-indigo-u0468blu?tc_ch=display&tc_ve=ba&tc_so=tradedesk&tc_me=pp&tc_ca=bau,,,30,IN STOCK,,,Indigo,,,,TRUE,TRUE
55212860,55212860,55212860,2-Pack Pointelle Tank Tops Boden,https://us.boden.com/products/girls-2-pack-pointelle-tank-tops-harbor-grey-c1894lbl?tc_ch=display&tc_ve=ba&tc_so=tradedesk&tc_me=pp&tc_ca=bau,,,32.00,32.00,https://cdn.shopify.com/s/files/1/0680/4619/2892/files/26gaut_c1894_lbl_7889fc01-9529-4215-8448-d56627f0208a.jpg?v=1&width=800,Boys,Boys,22/09/2026,https://us.boden.com/products/girls-2-pack-pointelle-tank-tops-harbor-grey-c1894lbl?tc_ch=display&tc_ve=ba&tc_so=tradedesk&tc_me=pp&tc_ca=bau,,,181,IN STOCK,,,Harbor Grey,,,,TRUE,TRUE
55206424,55206424,55206424,Borg Bomber Jacket Boden,https://us.boden.com/products/boys-borg-bomber-jacket-medieval-blue-b3268nav?tc_ch=display&tc_ve=ba&tc_so=tradedesk&tc_me=pp&tc_ca=bau,,,79.00,79.00,https://cdn.shopify.com/s/files/1/0680/4619/2892/files/26baut_b3268_nav_fadde91e-51d9-4b7b-9055-4e8378c06831.jpg?v=1&width=800,Boys,Boys,22/09/2026,https://us.boden.com/products/boys-borg-bomber-jacket-medieval-blue-b3268nav?tc_ch=display&tc_ve=ba&tc_so=tradedesk&tc_me=pp&tc_ca=bau,,,131,IN STOCK,,,Medieval Blue,,,,TRUE,TRUE
55193116,55193116,55193116,Smart Padded Jacket Boden,https://us.boden.com/products/boys-smart-padded-jacket-khaki-b3266khk?tc_ch=display&tc_ve=ba&tc_so=tradedesk&tc_me=pp&tc_ca=bau,,,75.00,75.00,https://cdn.shopify.com/s/files/1/0680/4619/2892/files/26baut_b3266_khk_d3ec6ff7-78e6-40e5-b195-4f8b2dc0e307.jpg?v=1&width=800,Boys,Boys,22/09/2026,https://us.boden.com/products/boys-smart-padded-jacket-khaki-b3266khk?tc_ch=display&tc_ve=ba&tc_so=tradedesk&tc_me=pp&tc_ca=bau,,,108,IN STOCK,,,Khaki,,,,TRUE,TRUE
55195983,55195983,55195983,Easy Straight Jeans Boden,https://us.boden.com/products/boys-easy-straight-jeans-mid-wash-b3311mbl?tc_ch=display&tc_ve=ba&tc_so=tradedesk&tc_me=pp&tc_ca=bau,,,55.00,55.00,https://cdn.shopify.com/s/files/1/0680/4619/2892/files/26baut_b3311_mbl_m01.jpg?v=1&width=800,Boys,Boys,22/09/2026,https://us.boden.com/products/boys-easy-straight-jeans-mid-wash-b3311mbl?tc_ch=display&tc_ve=ba&tc_so=tradedesk&tc_me=pp&tc_ca=bau,,,102,IN STOCK,,,Mid Wash,,,,TRUE,TRUE
55192599,55192599,55192599,Bow Front Woven Dress Boden,https://us.boden.com/products/girls-bow-front-woven-dress-soft-ivory-flowerbed-g6055mul?tc_ch=display&tc_ve=ba&tc_so=tradedesk&tc_me=pp&tc_ca=bau,,,55.20,69.00,https://cdn.shopify.com/s/files/1/0680/4619/2892/files/26gaut_g6055_mul_v1_d0e15888-8d7e-44c5-bbc6-02f96caf5ab2.jpg?v=1&width=800,Girls,Girls,22/09/2026,https://us.boden.com/products/girls-bow-front-woven-dress-soft-ivory-flowerbed-g6055mul?tc_ch=display&tc_ve=ba&tc_so=tradedesk&tc_me=pp&tc_ca=bau,,,34,IN STOCK,,,Soft Ivory Flowerbed,,,,TRUE,TRUE
55193275,55193275,55193275,Bow Front Woven Dress Boden,https://us.boden.com/products/girls-bow-front-woven-dress-blue-stripe-g6055blu?tc_ch=display&tc_ve=ba&tc_so=tradedesk&tc_me=pp&tc_ca=bau,,,55.20,69.00,https://cdn.shopify.com/s/files/1/0680/4619/2892/files/26gaut_g6055_blu_666c64ec-4360-49ec-a9bb-d3c91322aee3.jpg?v=1&width=800,Girls,Girls,22/09/2026,https://us.boden.com/products/girls-bow-front-woven-dress-blue-stripe-g6055blu?tc_ch=display&tc_ve=ba&tc_so=tradedesk&tc_me=pp&tc_ca=bau,,,10,IN STOCK,,,Blue Stripe,,,,TRUE,TRUE
55192625,55192625,55192625,Woven Button-Through Skirt Boden,https://us.boden.com/products/girls-woven-button-through-skirt-mid-wash-g6060den?tc_ch=display&tc_ve=ba&tc_so=tradedesk&tc_me=pp&tc_ca=bau,,,29.25,45.00,https://cdn.shopify.com/s/files/1/0680/4619/2892/files/26gaut_g6060_den_m01.jpg?v=1&width=800,Girls,Girls,22/09/2026,https://us.boden.com/products/girls-woven-button-through-skirt-mid-wash-g6060den?tc_ch=display&tc_ve=ba&tc_so=tradedesk&tc_me=pp&tc_ca=bau,,,182,IN STOCK,,,Mid Wash,,,,TRUE,TRUE
55191322,55191322,55191322,Relaxed Borg Zip-Through Boden,https://us.boden.com/products/girls-relaxed-borg-zip-through-heart-borg-g6080neu?tc_ch=display&tc_ve=ba&tc_so=tradedesk&tc_me=pp&tc_ca=bau,,,69.00,69.00,https://cdn.shopify.com/s/files/1/0680/4619/2892/files/26gaut_g6080_neu_26378654-5e7e-472b-b050-79ce397a007c.jpg?v=1&width=800,Girls,Girls,22/09/2026,https://us.boden.com/products/girls-relaxed-borg-zip-through-heart-borg-g6080neu?tc_ch=display&tc_ve=ba&tc_so=tradedesk&tc_me=pp&tc_ca=bau,,,275,IN STOCK,,,Heart Borg,,,,TRUE,TRUE
55192857,55192857,55192857,Quilted Bomber Jacket Boden,https://us.boden.com/products/girls-quilted-bomber-jacket-gold-metallic-g6084gol?tc_ch=display&tc_ve=ba&tc_so=tradedesk&tc_me=pp&tc_ca=bau,,,51.35,79.00,https://cdn.shopify.com/s/files/1/0680/4619/2892/files/26gaut_g6084_gol_64468c19-3dc2-4a06-9267-81148ac08cd9.jpg?v=1&width=800,Girls,Girls,22/09/2026,https://us.boden.com/products/girls-quilted-bomber-jacket-gold-metallic-g6084gol?tc_ch=display&tc_ve=ba&tc_so=tradedesk&tc_me=pp&tc_ca=bau,,,113,IN STOCK,,,Gold Metallic,,,,TRUE,TRUE
55192353,55192353,55192353,Quilted Bomber Jacket Boden,https://us.boden.com/products/girls-quilted-bomber-jacket-calico-white-blue-leopard-g6084bbl?tc_ch=display&tc_ve=ba&tc_so=tradedesk&tc_me=pp&tc_ca=bau,,,51.35,79.00,https://cdn.shopify.com/s/files/1/0680/4619/2892/files/26gaut_g6084_bbl_6bf5abbf-3b70-4ab4-b985-4d63eaaf26df.jpg?v=1&width=800,Girls,Girls,22/09/2026,https://us.boden.com/products/girls-quilted-bomber-jacket-calico-white-blue-leopard-g6084bbl?tc_ch=display&tc_ve=ba&tc_so=tradedesk&tc_me=pp&tc_ca=bau,,,171,IN STOCK,,,Calico White/ Blue Leopard,,,,TRUE,TRUE
55193845,55193845,55193845,Quilted Cord Jacket Boden,https://us.boden.com/products/girls-quilted-cord-jacket-heather-rose-floral-embroidery-g6083pnk?tc_ch=display&tc_ve=ba&tc_so=tradedesk&tc_me=pp&tc_ca=bau,,,129.00,129.00,https://cdn.shopify.com/s/files/1/0680/4619/2892/files/26gaut_g6083_pnk_w01.jpg?v=1&width=800,Girls,Girls,22/09/2026,https://us.boden.com/products/girls-quilted-cord-jacket-heather-rose-floral-embroidery-g6083pnk?tc_ch=display&tc_ve=ba&tc_so=tradedesk&tc_me=pp&tc_ca=bau,,,126,IN STOCK,,,Heather Rose Floral Embroidery,,,,TRUE,TRUE
55192757,55192757,55192757,Wide Leg Jeans Boden,https://us.boden.com/products/girls-wide-leg-jeans-pink-heather-g5860npk?tc_ch=display&tc_ve=ba&tc_so=tradedesk&tc_me=pp&tc_ca=bau,,,59.00,59.00,https://cdn.shopify.com/s/files/1/0680/4619/2892/files/26gaut_g5860_npk_v1_6bca5da7-9946-49c3-9bec-46b9c709c975.jpg?v=1&width=800,Girls,Girls,22/09/2026,https://us.boden.com/products/girls-wide-leg-jeans-pink-heather-g5860npk?tc_ch=display&tc_ve=ba&tc_so=tradedesk&tc_me=pp&tc_ca=bau,,,109,IN STOCK,,,Pink Heather,,,,TRUE,TRUE
55192699,55192699,55192699,Superstitch Hoodie Boden,https://us.boden.com/products/boys-superstitch-hoodie-blue-dino-b3231blu?tc_ch=display&tc_ve=ba&tc_so=tradedesk&tc_me=pp&tc_ca=bau,,,42.25,65.00,https://cdn.shopify.com/s/files/1/0680/4619/2892/files/26baut_b3231_blu.jpg?v=1&width=800,Boys,Boys,22/09/2026,https://us.boden.com/products/boys-superstitch-hoodie-blue-dino-b3231blu?tc_ch=display&tc_ve=ba&tc_so=tradedesk&tc_me=pp&tc_ca=bau,,,141,IN STOCK,,,Blue Dino,,,,TRUE,TRUE
55195305,55195305,55195305,Pack-away Padded Jacket Boden,https://us.boden.com/products/boys-pack-away-padded-jacket-college-navy-b3273nav?tc_ch=display&tc_ve=ba&tc_so=tradedesk&tc_me=pp&tc_ca=bau,,,69.00,69.00,https://cdn.shopify.com/s/files/1/0680/4619/2892/files/26baut_b3273_nav.jpg?v=1&width=800,Boys,Boys,22/09/2026,https://us.boden.com/products/boys-pack-away-padded-jacket-college-navy-b3273nav?tc_ch=display&tc_ve=ba&tc_so=tradedesk&tc_me=pp&tc_ca=bau,,,88,IN STOCK,,,College Navy,,,,TRUE,TRUE
55213661,55213661,55213661,Flutter Sleeve Denim Jumpsuit Boden,https://us.boden.com/products/girls-flutter-sleeve-denim-jumpsuit-mid-vintage-g6089den?tc_ch=display&tc_ve=ba&tc_so=tradedesk&tc_me=pp&tc_ca=bau,,,57.85,89.00,https://cdn.shopify.com/s/files/1/0680/4619/2892/files/26gaut_g6089_den_m01_2554371c-2cad-47c7-be72-eef62b378ee6.jpg?v=1&width=800,Girls,Girls,22/09/2026,https://us.boden.com/products/girls-flutter-sleeve-denim-jumpsuit-mid-vintage-g6089den?tc_ch=display&tc_ve=ba&tc_so=tradedesk&tc_me=pp&tc_ca=bau,,,130,IN STOCK,,,Mid Vintage,,,,TRUE,TRUE
55197112,55197112,55197112,Button Front Stitch Dress Boden,https://us.boden.com/products/women-button-front-stitch-dress-burnt-orange-d1761brn?tc_ch=display&tc_ve=ba&tc_so=tradedesk&tc_me=pp&tc_ca=bau,,,154.00,220.00,https://cdn.shopify.com/s/files/1/0680/4619/2892/files/26waut_d1761_brn_m01_add5df01-e26e-4fb2-a7bc-7420c0e53e7e.jpg?v=1&width=800,Women,Women,22/09/2026,https://us.boden.com/products/women-button-front-stitch-dress-burnt-orange-d1761brn?tc_ch=display&tc_ve=ba&tc_so=tradedesk&tc_me=pp&tc_ca=bau,,,65,IN STOCK,,,Burnt Orange,,,,TRUE,TRUE
55195322,55195322,55195322,Topstitch Ponte Midi Dress Boden,https://us.boden.com/products/women-topstitch-ponte-midi-dress-pomegranate-d1763dpk?tc_ch=display&tc_ve=ba&tc_so=tradedesk&tc_me=pp&tc_ca=bau,,,98.99,199.00,https://cdn.shopify.com/s/files/1/0680/4619/2892/files/26waut_d1763_dpk_m01_737add45-681a-4f51-a332-6057605b4595.jpg?v=1&width=800,Women,Women,22/09/2026,https://us.boden.com/products/women-topstitch-ponte-midi-dress-pomegranate-d1763dpk?tc_ch=display&tc_ve=ba&tc_so=tradedesk&tc_me=pp&tc_ca=bau,,,113,IN STOCK,,,Pomegranate,,,,TRUE,TRUE
55196501,55196501,55196501,Rhianne Cotton Rib Jumper Boden,https://us.boden.com/products/women-rhianne-cotton-rib-jumper-navy-k1277nav?tc_ch=display&tc_ve=ba&tc_so=tradedesk&tc_me=pp&tc_ca=bau,,,59.40,99.00,https://cdn.shopify.com/s/files/1/0680/4619/2892/files/26waut_k1277_nav_m02_a9a1b1a7-5798-497a-8840-f5595794a873.jpg?v=1&width=800,Women,Women,22/09/2026,https://us.boden.com/products/women-rhianne-cotton-rib-jumper-navy-k1277nav?tc_ch=display&tc_ve=ba&tc_so=tradedesk&tc_me=pp&tc_ca=bau,,,152,IN STOCK,,,Navy,,,,TRUE,TRUE
55209751,55209751,55209751,Button-through Puff Sleeve Top Boden,https://us.boden.com/products/women-button-through-puff-sleeve-top-navy-and-ivory-stripe-t2213nvy?tc_ch=display&tc_ve=ba&tc_so=tradedesk&tc_me=pp&tc_ca=bau,,,38.99,79.00,https://cdn.shopify.com/s/files/1/0680/4619/2892/files/26waut_t2213_nvy_m01_e47d75a7-e5cb-4f20-985c-aaa3415b67a1.jpg?v=1&width=800,Women,Women,22/09/2026,https://us.boden.com/products/women-button-through-puff-sleeve-top-navy-and-ivory-stripe-t2213nvy?tc_ch=display&tc_ve=ba&tc_so=tradedesk&tc_me=pp&tc_ca=bau,,,94,IN STOCK,,,Navy and Ivory Stripe,,,,TRUE,TRUE
55211160,55211160,55211160,Collared Knitted T-shirt Boden,https://us.boden.com/products/women-collared-knitted-t-shirt-toffee-brown-k1284brn?tc_ch=display&tc_ve=ba&tc_so=tradedesk&tc_me=pp&tc_ca=bau,,,79.20,99.00,https://cdn.shopify.com/s/files/1/0680/4619/2892/files/26waut_k1284_brn_m02_ca6b13b8-c196-4118-8413-77ae3728b83b.jpg?v=1&width=800,Women,Women,22/09/2026,https://us.boden.com/products/women-collared-knitted-t-shirt-toffee-brown-k1284brn?tc_ch=display&tc_ve=ba&tc_so=tradedesk&tc_me=pp&tc_ca=bau,,,117,IN STOCK,,,Toffee Brown,,,,TRUE,TRUE
55200780,55200780,55200780,Iris Puff Sleeve Mariner Boden,https://us.boden.com/products/women-iris-puff-sleeve-mariner-heather-rose-and-ivory-stripe-t2160pin?tc_ch=display&tc_ve=ba&tc_so=tradedesk&tc_me=pp&tc_ca=bau,,,43.99,89.00,https://cdn.shopify.com/s/files/1/0680/4619/2892/files/26waut_t2160_pin_m01_20848a15-9158-433d-adf2-8f40f85c85fb.jpg?v=1&width=800,Women,Women,22/09/2026,https://us.boden.com/products/women-iris-puff-sleeve-mariner-heather-rose-and-ivory-stripe-t2160pin?tc_ch=display&tc_ve=ba&tc_so=tradedesk&tc_me=pp&tc_ca=bau,,,112,IN STOCK,,,Heather Rose and Ivory Stripe,,,,TRUE,TRUE
55212391,55212391,55212391,5-Pack Socks Boden,https://us.boden.com/products/girls-5-pack-socks-leopard-c1989ani?tc_ch=display&tc_ve=ba&tc_so=tradedesk&tc_me=pp&tc_ca=bau,,,32.00,32.00,https://cdn.shopify.com/s/files/1/0680/4619/2892/files/26gaut_c1989_ani_32882f8e-4ff3-4223-b8e8-0564582077d6.jpg?v=1&width=800,Girls,Girls,22/09/2026,https://us.boden.com/products/girls-5-pack-socks-leopard-c1989ani?tc_ch=display&tc_ve=ba&tc_so=tradedesk&tc_me=pp&tc_ca=bau,,,201,IN STOCK,,,Leopard,,,,TRUE,TRUE
55212018,55212018,55212018,7-pack Baby Socks Boden,https://us.boden.com/products/baby-7-pack-baby-socks-tractors-c1858thn?tc_ch=display&tc_ve=ba&tc_so=tradedesk&tc_me=pp&tc_ca=bau,,,32.00,32.00,https://cdn.shopify.com/s/files/1/0680/4619/2892/files/26uaut_c1858_thn_a1ee3884-f200-4356-ae08-4532db18387b.jpg?v=1&width=800,Baby,Baby,22/09/2026,https://us.boden.com/products/baby-7-pack-baby-socks-tractors-c1858thn?tc_ch=display&tc_ve=ba&tc_so=tradedesk&tc_me=pp&tc_ca=bau,,,169,IN STOCK,,,Tractors,,,,TRUE,TRUE
55197796,55197796,55197796,Smocked Waist Ruffle Skirt Boden,https://us.boden.com/products/girls-smocked-waist-ruffle-skirt-brown-leopard-cord-g5828brn?tc_ch=display&tc_ve=ba&tc_so=tradedesk&tc_me=pp&tc_ca=bau,,,55.00,55.00,https://cdn.shopify.com/s/files/1/0680/4619/2892/files/26gaut_g5828_brn_63be942a-777c-4d75-8b21-dbe6b7c5e31f.jpg?v=1&width=800,Girls,Girls,22/09/2026,https://us.boden.com/products/girls-smocked-waist-ruffle-skirt-brown-leopard-cord-g5828brn?tc_ch=display&tc_ve=ba&tc_so=tradedesk&tc_me=pp&tc_ca=bau,,,67,IN STOCK,,,Brown Leopard Cord,,,,TRUE,TRUE
55213647,55213647,55213647,Front and Back Glow T-shirt Boden,https://us.boden.com/products/boys-front-and-back-glow-t-shirt-shadow-grey-space-b3272gry?tc_ch=display&tc_ve=ba&tc_so=tradedesk&tc_me=pp&tc_ca=bau,,,19.20,32.00,https://cdn.shopify.com/s/files/1/0680/4619/2892/files/26baut_b3272_gry_ff87c582-833c-4284-b6ab-477b4b8e2f62.jpg?v=1&width=800,Boys,Boys,22/09/2026,https://us.boden.com/products/boys-front-and-back-glow-t-shirt-shadow-grey-space-b3272gry?tc_ch=display&tc_ve=ba&tc_so=tradedesk&tc_me=pp&tc_ca=bau,,,113,IN STOCK,,,Shadow Grey Space,,,,TRUE,TRUE
55199222,55199222,55199222,Heritage Half-Zip Sweater Boden,https://us.boden.com/products/boys-heritage-half-zip-sweater-grey-marl-b3074gry?tc_ch=display&tc_ve=ba&tc_so=tradedesk&tc_me=pp&tc_ca=bau,,,65.00,65.00,https://cdn.shopify.com/s/files/1/0680/4619/2892/files/26baut_b3074_gry_m01.jpg?v=1&width=800,Boys,Boys,22/09/2026,https://us.boden.com/products/boys-heritage-half-zip-sweater-grey-marl-b3074gry?tc_ch=display&tc_ve=ba&tc_so=tradedesk&tc_me=pp&tc_ca=bau,,,218,IN STOCK,,,Grey Marl,,,,TRUE,TRUE
55194485,55194485,55194485,Draw Waist Cotton Dress Boden,https://us.boden.com/products/women-draw-waist-cotton-dress-multi-floral-field-d1742mul?tc_ch=display&tc_ve=ba&tc_so=tradedesk&tc_me=pp&tc_ca=bau,,,139.30,199.00,https://cdn.shopify.com/s/files/1/0680/4619/2892/files/26waut_d1742_mul_m01.jpg?v=1&width=800,Women,Women,22/09/2026,https://us.boden.com/products/women-draw-waist-cotton-dress-multi-floral-field-d1742mul?tc_ch=display&tc_ve=ba&tc_so=tradedesk&tc_me=pp&tc_ca=bau,,,68,IN STOCK,,,"Multi, Floral Field",,,,TRUE,TRUE
55194136,55194136,55194136,T-Shirt Jersey Midi Dress Boden,https://us.boden.com/products/women-t-shirt-jersey-midi-dress-lyons-blue-arabesque-meadows-d1756blu?tc_ch=display&tc_ve=ba&tc_so=tradedesk&tc_me=pp&tc_ca=bau,,,98.00,140.00,https://cdn.shopify.com/s/files/1/0680/4619/2892/files/26waut_d1756_blu_m01_v2_4cef2ed9-a8f5-4ee3-8479-23aef2d64c3b.jpg?v=1&width=800,Women,Women,22/09/2026,https://us.boden.com/products/women-t-shirt-jersey-midi-dress-lyons-blue-arabesque-meadows-d1756blu?tc_ch=display&tc_ve=ba&tc_so=tradedesk&tc_me=pp&tc_ca=bau,,,62,IN STOCK,,,"Lyons Blue, Arabesque Meadows",,,,TRUE,TRUE
55197327,55197327,55197327,Button Front Stitch Dress Boden,https://us.boden.com/products/women-button-front-stitch-dress-navy-d1761nav?tc_ch=display&tc_ve=ba&tc_so=tradedesk&tc_me=pp&tc_ca=bau,,,154.00,220.00,https://cdn.shopify.com/s/files/1/0680/4619/2892/files/26waut_d1761_nav_m01_84c8f02c-d678-481f-bf06-b205b1abba19.jpg?v=1&width=800,Women,Women,22/09/2026,https://us.boden.com/products/women-button-front-stitch-dress-navy-d1761nav?tc_ch=display&tc_ve=ba&tc_so=tradedesk&tc_me=pp&tc_ca=bau,,,66,IN STOCK,,,Navy,,,,TRUE,TRUE
55196570,55196570,55196570,Belted Ponte Midi Dress Boden,https://us.boden.com/products/women-belted-ponte-midi-dress-navy-d1783nav?tc_ch=display&tc_ve=ba&tc_so=tradedesk&tc_me=pp&tc_ca=bau,,,96.00,160.00,https://cdn.shopify.com/s/files/1/0680/4619/2892/files/26waut_d1783_nav_m01_9086d44e-ca94-42a3-aaa9-c2e31a0358b3.jpg?v=1&width=800,Women,Women,22/09/2026,https://us.boden.com/products/women-belted-ponte-midi-dress-navy-d1783nav?tc_ch=display&tc_ve=ba&tc_so=tradedesk&tc_me=pp&tc_ca=bau,,,141,IN STOCK,,,Navy,,,,TRUE,TRUE
55201765,55201765,55201765,Phoebe Collared Knitted Jacket Boden,https://us.boden.com/products/women-phoebe-collared-knitted-jacket-forest-green-k1296grn?tc_ch=display&tc_ve=ba&tc_so=tradedesk&tc_me=pp&tc_ca=bau,,,199.00,199.00,https://cdn.shopify.com/s/files/1/0680/4619/2892/files/26waut_k1296_grn_m01_v1.jpg?v=1&width=800,Women,Women,22/09/2026,https://us.boden.com/products/women-phoebe-collared-knitted-jacket-forest-green-k1296grn?tc_ch=display&tc_ve=ba&tc_so=tradedesk&tc_me=pp&tc_ca=bau,,,69,IN STOCK,,,Forest Green,,,,TRUE,TRUE
55208527,55208527,55208527,Camilla Cotton V-neck T-shirt Boden,https://us.boden.com/products/women-camilla-cotton-v-neck-t-shirt-laurel-green-k1282grn?tc_ch=display&tc_ve=ba&tc_so=tradedesk&tc_me=pp&tc_ca=bau,,,53.40,89.00,https://cdn.shopify.com/s/files/1/0680/4619/2892/files/26waut_k1282_grn_m01_v2.jpg?v=1&width=800,Women,Women,22/09/2026,https://us.boden.com/products/women-camilla-cotton-v-neck-t-shirt-laurel-green-k1282grn?tc_ch=display&tc_ve=ba&tc_so=tradedesk&tc_me=pp&tc_ca=bau,,,199,IN STOCK,,,Laurel Green,,,,TRUE,TRUE
55200757,55200757,55200757,Brooke Double Layer Tank Boden,https://us.boden.com/products/women-brooke-double-layer-tank-dark-cherry-t2033prp?tc_ch=display&tc_ve=ba&tc_so=tradedesk&tc_me=pp&tc_ca=bau,,,45.00,45.00,https://cdn.shopify.com/s/files/1/0680/4619/2892/files/26waut_t2033_prp_m04_faca39fe-055a-4da7-bd9b-b1f9ee7c30ae.jpg?v=1&width=800,Women,Women,22/09/2026,https://us.boden.com/products/women-brooke-double-layer-tank-dark-cherry-t2033prp?tc_ch=display&tc_ve=ba&tc_so=tradedesk&tc_me=pp&tc_ca=bau,,,11,IN STOCK,,,Dark Cherry,,,,TRUE,TRUE
55197105,55197105,55197105,Straight Leg Ponte Pants Boden,https://us.boden.com/products/women-straight-leg-ponte-pants-black-r0965blk?tc_ch=display&tc_ve=ba&tc_so=tradedesk&tc_me=pp&tc_ca=bau,,,130.00,130.00,https://cdn.shopify.com/s/files/1/0680/4619/2892/files/26waut_r0965_blk_m01_371c0c69-67f3-4ae6-b50c-866afbf3e1ba.jpg?v=1&width=800,Women,Women,22/09/2026,https://us.boden.com/products/women-straight-leg-ponte-pants-black-r0965blk?tc_ch=display&tc_ve=ba&tc_so=tradedesk&tc_me=pp&tc_ca=bau,,,109,IN STOCK,,,Black,,,,TRUE,TRUE
55213590,55213590,55213590,Lucy Relaxed Cotton Cardigan Boden,https://us.boden.com/products/women-lucy-relaxed-cotton-cardigan-camel-melange-stripe-k1214str?tc_ch=display&tc_ve=ba&tc_so=tradedesk&tc_me=pp&tc_ca=bau,,,119.20,149.00,https://cdn.shopify.com/s/files/1/0680/4619/2892/files/26waut_k1214_str_m04_be2e8705-611c-4aee-95a4-1f38d96937c8.jpg?v=1&width=800,Women,Women,22/09/2026,https://us.boden.com/products/women-lucy-relaxed-cotton-cardigan-camel-melange-stripe-k1214str?tc_ch=display&tc_ve=ba&tc_so=tradedesk&tc_me=pp&tc_ca=bau,,,127,IN STOCK,,,"Camel Melange, Stripe",,,,TRUE,TRUE
55208531,55208531,55208531,Camilla Cotton Crew Cardigan Boden,https://us.boden.com/products/women-camilla-cotton-crew-cardigan-forest-green-k1281lgr?tc_ch=display&tc_ve=ba&tc_so=tradedesk&tc_me=pp&tc_ca=bau,,,99.00,99.00,https://cdn.shopify.com/s/files/1/0680/4619/2892/files/26waut_k1281_lgr_m01_c5292b0c-19c3-4537-879a-efc6912880fe.jpg?v=1&width=800,Women,Women,22/09/2026,https://us.boden.com/products/women-camilla-cotton-crew-cardigan-forest-green-k1281lgr?tc_ch=display&tc_ve=ba&tc_so=tradedesk&tc_me=pp&tc_ca=bau,,,391,IN STOCK,,,Forest Green,,,,TRUE,TRUE
55213216,55213216,55213216,Wide Leg Culotte Jeans Boden,https://us.boden.com/products/women-wide-leg-culotte-jeans-ecru-r0952ecr?tc_ch=display&tc_ve=ba&tc_so=tradedesk&tc_me=pp&tc_ca=bau,,,108.00,180.00,https://cdn.shopify.com/s/files/1/0680/4619/2892/files/26waut_r0952_ecr_m01_v2.jpg?v=1&width=800,Women,Women,22/09/2026,https://us.boden.com/products/women-wide-leg-culotte-jeans-ecru-r0952ecr?tc_ch=display&tc_ve=ba&tc_so=tradedesk&tc_me=pp&tc_ca=bau,,,47,IN STOCK,,,Ecru,,,,TRUE,TRUE
55206011,55206011,55206011,Seam Detail Jersey Shirt Boden,https://us.boden.com/products/women-seam-detail-jersey-shirt-white-t2147wht?tc_ch=display&tc_ve=ba&tc_so=tradedesk&tc_me=pp&tc_ca=bau,,,99.00,99.00,https://cdn.shopify.com/s/files/1/0680/4619/2892/files/26waut_t2147_wht_m05_b5d0b20c-24ef-4a5e-b312-872f5db5420d.jpg?v=1&width=800,Women,Women,22/09/2026,https://us.boden.com/products/women-seam-detail-jersey-shirt-white-t2147wht?tc_ch=display&tc_ve=ba&tc_so=tradedesk&tc_me=pp&tc_ca=bau,,,101,IN STOCK,,,White,,,,TRUE,TRUE
55210815,55210815,55210815,Elsie Cashmere Crew Cardigan Boden,https://us.boden.com/products/women-elsie-cashmere-crew-cardigan-deep-sea-depths-k1273bst?tc_ch=display&tc_ve=ba&tc_so=tradedesk&tc_me=pp&tc_ca=bau,,,190.00,190.00,https://cdn.shopify.com/s/files/1/0680/4619/2892/files/26waut_k1273_bst_m01_5180b490-f920-413c-bc44-fddd4653b45a.jpg?v=1&width=800,Women,Women,22/09/2026,https://us.boden.com/products/women-elsie-cashmere-crew-cardigan-deep-sea-depths-k1273bst?tc_ch=display&tc_ve=ba&tc_so=tradedesk&tc_me=pp&tc_ca=bau,,,417,IN STOCK,,,Deep Sea Depths,,,,TRUE,TRUE
55209167,55209167,55209167,Tia Ruched V-neck Top Boden,https://us.boden.com/products/women-tia-ruched-v-neck-top-deep-wisteria-t2151prp?tc_ch=display&tc_ve=ba&tc_so=tradedesk&tc_me=pp&tc_ca=bau,,,38.99,79.00,https://cdn.shopify.com/s/files/1/0680/4619/2892/files/26waut_t2151_prp_m05_897c7a2a-a509-48cf-b637-f690110ae401.jpg?v=1&width=800,Women,Women,22/09/2026,https://us.boden.com/products/women-tia-ruched-v-neck-top-deep-wisteria-t2151prp?tc_ch=display&tc_ve=ba&tc_so=tradedesk&tc_me=pp&tc_ca=bau,,,90,IN STOCK,,,Deep Wisteria,,,,TRUE,TRUE
55210976,55210976,55210976,Elsie Cashmere Tank Boden,https://us.boden.com/products/women-elsie-cashmere-tank-navy-k1274nav?tc_ch=display&tc_ve=ba&tc_so=tradedesk&tc_me=pp&tc_ca=bau,,,149.00,149.00,https://cdn.shopify.com/s/files/1/0680/4619/2892/files/26waut_k1274_nav_m04_45e69cd9-39c0-43e4-ad8a-4371d0f59f9b.jpg?v=1&width=800,Women,Women,22/09/2026,https://us.boden.com/products/women-elsie-cashmere-tank-navy-k1274nav?tc_ch=display&tc_ve=ba&tc_so=tradedesk&tc_me=pp&tc_ca=bau,,,102,IN STOCK,,,Navy,,,,TRUE,TRUE
55196499,55196499,55196499,Heidi Jersey Midi Tea Dress Boden,https://us.boden.com/products/women-heidi-jersey-midi-tea-dress-olive-floral-field-spaced-d1765grn?tc_ch=display&tc_ve=ba&tc_so=tradedesk&tc_me=pp&tc_ca=bau,,,120.00,160.00,https://cdn.shopify.com/s/files/1/0680/4619/2892/files/26waut_d1765_grn_m01_v1.jpg?v=1&width=800,Women,Women,22/09/2026,https://us.boden.com/products/women-heidi-jersey-midi-tea-dress-olive-floral-field-spaced-d1765grn?tc_ch=display&tc_ve=ba&tc_so=tradedesk&tc_me=pp&tc_ca=bau,,,7,IN STOCK,,,"Olive, Floral Field Spaced",,,,TRUE,TRUE
55210668,55210668,55210668,Elsie Cashmere Tank Boden,https://us.boden.com/products/women-elsie-cashmere-tank-fresh-green-k1274lgr?tc_ch=display&tc_ve=ba&tc_so=tradedesk&tc_me=pp&tc_ca=bau,,,149.00,149.00,https://cdn.shopify.com/s/files/1/0680/4619/2892/files/26waut_k1274_lgr_m01_v1_6b2e4018-382e-439c-b75d-bd7b30f2cee1.jpg?v=1&width=800,Women,Women,22/09/2026,https://us.boden.com/products/women-elsie-cashmere-tank-fresh-green-k1274lgr?tc_ch=display&tc_ve=ba&tc_so=tradedesk&tc_me=pp&tc_ca=bau,,,44,IN STOCK,,,Fresh Green,,,,TRUE,TRUE
55214784,55214784,55214784,Lucy Chunky Cotton Cardigan Boden,https://us.boden.com/products/women-lucy-chunky-cotton-cardigan-pink-heather-navy-stripe-k1201spt?tc_ch=display&tc_ve=ba&tc_so=tradedesk&tc_me=pp&tc_ca=bau,,,104.30,149.00,https://cdn.shopify.com/s/files/1/0680/4619/2892/files/26waut_k1201_spt_m01_2fe71bf2-dc01-47bf-b05d-498b5d19ca85.jpg?v=1&width=800,Women,Women,22/09/2026,https://us.boden.com/products/women-lucy-chunky-cotton-cardigan-pink-heather-navy-stripe-k1201spt?tc_ch=display&tc_ve=ba&tc_so=tradedesk&tc_me=pp&tc_ca=bau,,,122,IN STOCK,,,"Pink Heather, Navy Stripe",,,,TRUE,TRUE
55213724,55213724,55213724,Mayfair Pleat Detail Pants Boden,https://us.boden.com/products/women-mayfair-pleat-detail-pants-woodland-green-r0966grn?tc_ch=display&tc_ve=ba&tc_so=tradedesk&tc_me=pp&tc_ca=bau,,,108.00,180.00,https://cdn.shopify.com/s/files/1/0680/4619/2892/files/26waut_r0966_grn_m01_818eef25-1d9c-4eb8-bd2e-5faf0bca9146.jpg?v=1&width=800,Women,Women,22/09/2026,https://us.boden.com/products/women-mayfair-pleat-detail-pants-woodland-green-r0966grn?tc_ch=display&tc_ve=ba&tc_so=tradedesk&tc_me=pp&tc_ca=bau,,,39,IN STOCK,,,Woodland Green,,,,TRUE,TRUE
55219790,55219790,55219790,Tia Ruched Wrap Top Boden,https://us.boden.com/products/women-tia-ruched-wrap-top-black-t2152blk?tc_ch=display&tc_ve=ba&tc_so=tradedesk&tc_me=pp&tc_ca=bau,,,79.00,79.00,https://cdn.shopify.com/s/files/1/0680/4619/2892/files/26waut_t2152_blk_m01_bf83dd8a-728d-4357-ab43-40ecbecce3eb.jpg?v=1&width=800,Women,Women,22/09/2026,https://us.boden.com/products/women-tia-ruched-wrap-top-black-t2152blk?tc_ch=display&tc_ve=ba&tc_so=tradedesk&tc_me=pp&tc_ca=bau,,,18,IN STOCK,,,Black,,,,TRUE,TRUE
55201419,55201419,55201419,Supersoft Short Puff Shirt Boden,https://us.boden.com/products/women-supersoft-short-puff-shirt-hunter-green-t2154grn?tc_ch=display&tc_ve=ba&tc_so=tradedesk&tc_me=pp&tc_ca=bau,,,28.99,59.00,https://cdn.shopify.com/s/files/1/0680/4619/2892/files/26waut_t2154_grn_m01_e3af6b4c-4608-4530-b6e9-e0d3812e18b2.jpg?v=1&width=800,Women,Women,22/09/2026,https://us.boden.com/products/women-supersoft-short-puff-shirt-hunter-green-t2154grn?tc_ch=display&tc_ve=ba&tc_so=tradedesk&tc_me=pp&tc_ca=bau,,,157,IN STOCK,,,Hunter Green,,,,TRUE,TRUE
55201141,55201141,55201141,Supersoft Open Collar Shirt Boden,https://us.boden.com/products/women-supersoft-open-collar-shirt-ivory-navy-stripe-t2201ivo?tc_ch=display&tc_ve=ba&tc_so=tradedesk&tc_me=pp&tc_ca=bau,,,69.00,69.00,https://cdn.shopify.com/s/files/1/0680/4619/2892/files/26waut_t2201_ivo_m04_d75548e5-dca3-4fc0-a8fc-06354dc1047a.jpg?v=1&width=800,Women,Women,22/09/2026,https://us.boden.com/products/women-supersoft-open-collar-shirt-ivory-navy-stripe-t2201ivo?tc_ch=display&tc_ve=ba&tc_so=tradedesk&tc_me=pp&tc_ca=bau,,,104,IN STOCK,,,Ivory/ Navy Stripe,,,,TRUE,TRUE
55219749,55219749,55219749,Tia Ruched Wrap Top Boden,https://us.boden.com/products/women-tia-ruched-wrap-top-ruby-red-t2152red?tc_ch=display&tc_ve=ba&tc_so=tradedesk&tc_me=pp&tc_ca=bau,,,38.99,79.00,https://cdn.shopify.com/s/files/1/0680/4619/2892/files/26waut_t2152_red_m04_bcde04b0-a10e-4645-bdee-cb1f29973237.jpg?v=1&width=800,Women,Women,22/09/2026,https://us.boden.com/products/women-tia-ruched-wrap-top-ruby-red-t2152red?tc_ch=display&tc_ve=ba&tc_so=tradedesk&tc_me=pp&tc_ca=bau,,,69,IN STOCK,,,Ruby Red,,,,TRUE,TRUE
55203702,55203702,55203702,Sienna Cropped Denim Shirt Boden,https://us.boden.com/products/women-sienna-cropped-denim-shirt-light-authentic-denim-t2166den?tc_ch=display&tc_ve=ba&tc_so=tradedesk&tc_me=pp&tc_ca=bau,,,110.00,110.00,https://cdn.shopify.com/s/files/1/0680/4619/2892/files/26waut_t2166_den_m04_v1.jpg?v=1&width=800,Women,Women,22/09/2026,https://us.boden.com/products/women-sienna-cropped-denim-shirt-light-authentic-denim-t2166den?tc_ch=display&tc_ve=ba&tc_so=tradedesk&tc_me=pp&tc_ca=bau,,,144,IN STOCK,,,Light Authentic Denim,,,,TRUE,TRUE
55207940,55207940,55207940,Camilla Cotton Crew Cardigan Boden,https://us.boden.com/products/women-camilla-cotton-crew-cardigan-crimson-red-k1281rst?tc_ch=display&tc_ve=ba&tc_so=tradedesk&tc_me=pp&tc_ca=bau,,,99.00,99.00,https://cdn.shopify.com/s/files/1/0680/4619/2892/files/26waut_k1281_rst_m01.jpg?v=1&width=800,Women,Women,22/09/2026,https://us.boden.com/products/women-camilla-cotton-crew-cardigan-crimson-red-k1281rst?tc_ch=display&tc_ve=ba&tc_so=tradedesk&tc_me=pp&tc_ca=bau,,,75,IN STOCK,,,Crimson Red,,,,TRUE,TRUE
55201398,55201398,55201398,Supersoft Short Puff Shirt Boden,https://us.boden.com/products/women-supersoft-short-puff-shirt-storm-blue-t2154blu?tc_ch=display&tc_ve=ba&tc_so=tradedesk&tc_me=pp&tc_ca=bau,,,28.99,59.00,https://cdn.shopify.com/s/files/1/0680/4619/2892/files/26waut_t2154_blu_m02_c292862e-c506-4cc1-866c-68c97a3cc4a6.jpg?v=1&width=800,Women,Women,22/09/2026,https://us.boden.com/products/women-supersoft-short-puff-shirt-storm-blue-t2154blu?tc_ch=display&tc_ve=ba&tc_so=tradedesk&tc_me=pp&tc_ca=bau,,,140,IN STOCK,,,Storm Blue,,,,TRUE,TRUE
55231236,55231236,55231236,Relaxed Cotton T-shirt Boden,https://us.boden.com/products/women-relaxed-cotton-t-shirt-ruby-red-t2134red?tc_ch=display&tc_ve=ba&tc_so=tradedesk&tc_me=pp&tc_ca=bau,,,21.99,45.00,https://cdn.shopify.com/s/files/1/0680/4619/2892/files/26waut_t2134_red_m01_292d116a-4c86-4ab8-8aa3-8d0000fbe90f.jpg?v=1&width=800,Women,Women,22/09/2026,https://us.boden.com/products/women-relaxed-cotton-t-shirt-ruby-red-t2134red?tc_ch=display&tc_ve=ba&tc_so=tradedesk&tc_me=pp&tc_ca=bau,,,60,IN STOCK,,,Ruby Red,,,,TRUE,TRUE
55201679,55201679,55201679,Supersoft Short Puff Shirt Boden,https://us.boden.com/products/women-supersoft-short-puff-shirt-navy-t2154nav?tc_ch=display&tc_ve=ba&tc_so=tradedesk&tc_me=pp&tc_ca=bau,,,59.00,59.00,https://cdn.shopify.com/s/files/1/0680/4619/2892/files/26waut_t2154_nav_m01_b72f73d7-03e6-4578-81a6-2103f5f81b01.jpg?v=1&width=800,Women,Women,22/09/2026,https://us.boden.com/products/women-supersoft-short-puff-shirt-navy-t2154nav?tc_ch=display&tc_ve=ba&tc_so=tradedesk&tc_me=pp&tc_ca=bau,,,264,IN STOCK,,,Navy,,,,TRUE,TRUE
55212309,55212309,55212309,Ribbed Cotton T-Shirt Boden,https://us.boden.com/products/women-ribbed-cotton-t-shirt-ivory-and-navy-stripe-t2159nvy?tc_ch=display&tc_ve=ba&tc_so=tradedesk&tc_me=pp&tc_ca=bau,,,49.00,49.00,https://cdn.shopify.com/s/files/1/0680/4619/2892/files/26waut_t2159_nvy_m01_v2.jpg?v=1&width=800,Women,Women,22/09/2026,https://us.boden.com/products/women-ribbed-cotton-t-shirt-ivory-and-navy-stripe-t2159nvy?tc_ch=display&tc_ve=ba&tc_so=tradedesk&tc_me=pp&tc_ca=bau,,,132,IN STOCK,,,Ivory and Navy Stripe,,,,TRUE,TRUE
55201479,55201479,55201479,Supersoft Open Collar Shirt Boden,https://us.boden.com/products/women-supersoft-open-collar-shirt-white-t2201wht?tc_ch=display&tc_ve=ba&tc_so=tradedesk&tc_me=pp&tc_ca=bau,,,69.00,69.00,https://cdn.shopify.com/s/files/1/0680/4619/2892/files/26waut_t2201_wht_m01_5116429e-5f32-427b-aaa9-3262697b992c.jpg?v=1&width=800,Women,Women,22/09/2026,https://us.boden.com/products/women-supersoft-open-collar-shirt-white-t2201wht?tc_ch=display&tc_ve=ba&tc_so=tradedesk&tc_me=pp&tc_ca=bau,,,381,IN STOCK,,,White,,,,TRUE,TRUE
55192372,55192372,55192372,5-pack Cotton Bodies Boden,https://us.boden.com/products/baby-5-pack-cotton-bodies-blue-multi-dogs-y2910mlt?tc_ch=display&tc_ve=ba&tc_so=tradedesk&tc_me=pp&tc_ca=bau,,,69.00,69.00,https://cdn.shopify.com/s/files/1/0680/4619/2892/files/26uaut_y2910_mlt_25755ee4-d822-4207-834f-99e4806403d5.jpg?v=1&width=800,Baby,Baby,22/09/2026,https://us.boden.com/products/baby-5-pack-cotton-bodies-blue-multi-dogs-y2910mlt?tc_ch=display&tc_ve=ba&tc_so=tradedesk&tc_me=pp&tc_ca=bau,,,107,IN STOCK,,,Blue Multi Dogs,,,,TRUE,TRUE
55191615,55191615,55191615,5-pack Cotton Bodies Boden,https://us.boden.com/products/baby-5-pack-cotton-bodies-multi-floral-spots-y2909mul?tc_ch=display&tc_ve=ba&tc_so=tradedesk&tc_me=pp&tc_ca=bau,,,69.00,69.00,https://cdn.shopify.com/s/files/1/0680/4619/2892/files/26uaut_y2909_mul_v1_12a3dbb9-4347-48e7-b731-495374ba8856.jpg?v=1&width=800,Baby,Baby,22/09/2026,https://us.boden.com/products/baby-5-pack-cotton-bodies-multi-floral-spots-y2909mul?tc_ch=display&tc_ve=ba&tc_so=tradedesk&tc_me=pp&tc_ca=bau,,,119,IN STOCK,,,Multi Floral Spots,,,,TRUE,TRUE
55218358,55218358,55218358,5 Pack Pointelle Bodies Boden,https://us.boden.com/products/baby-5-pack-pointelle-bodies-multi-rainbow-y2907mlt?tc_ch=display&tc_ve=ba&tc_so=tradedesk&tc_me=pp&tc_ca=bau,,,75.00,75.00,https://cdn.shopify.com/s/files/1/0680/4619/2892/files/26uaut_y2907_mlt_v1_ba8aa2e3-db1e-40c9-85a0-5d96c88faf4c.jpg?v=1&width=800,Baby,Baby,22/09/2026,https://us.boden.com/products/baby-5-pack-pointelle-bodies-multi-rainbow-y2907mlt?tc_ch=display&tc_ve=ba&tc_so=tradedesk&tc_me=pp&tc_ca=bau,,,349,IN STOCK,,,Multi Rainbow,,,,TRUE,TRUE
55212220,55212220,55212220,Crew Milano Knit Waistcoat Boden,https://us.boden.com/products/women-crew-milano-knit-waistcoat-navy-k1349nav?tc_ch=display&tc_ve=ba&tc_so=tradedesk&tc_me=pp&tc_ca=bau,,,79.99,160.00,https://cdn.shopify.com/s/files/1/0680/4619/2892/files/26waut_k1349_nav_m01_d8dae092-31fb-4102-81d7-62bbf59eced8.jpg?v=1&width=800,Women,Women,22/09/2026,https://us.boden.com/products/women-crew-milano-knit-waistcoat-navy-k1349nav?tc_ch=display&tc_ve=ba&tc_so=tradedesk&tc_me=pp&tc_ca=bau,,,135,IN STOCK,,,Navy,,,,TRUE,TRUE
55193436,55193436,55193436,Nia Short Sleeve Ottoman Dress Boden,https://us.boden.com/products/women-nia-short-sleeve-ottoman-dress-navy-d1782nav?tc_ch=display&tc_ve=ba&tc_so=tradedesk&tc_me=pp&tc_ca=bau,,,59.40,99.00,https://cdn.shopify.com/s/files/1/0680/4619/2892/files/26waut_d1782_nav_m01_e2cec673-f91c-4768-8980-873715f0dd4f.jpg?v=1&width=800,Women,Women,22/09/2026,https://us.boden.com/products/women-nia-short-sleeve-ottoman-dress-navy-d1782nav?tc_ch=display&tc_ve=ba&tc_so=tradedesk&tc_me=pp&tc_ca=bau,,,63,IN STOCK,,,Navy,,,,TRUE,TRUE
55213580,55213580,55213580,Asymetric Ponte Midi Dress Boden,https://us.boden.com/products/women-asymetric-ponte-midi-dress-black-d1766blk?tc_ch=display&tc_ve=ba&tc_so=tradedesk&tc_me=pp&tc_ca=bau,,,84.00,140.00,https://cdn.shopify.com/s/files/1/0680/4619/2892/files/26waut_d1766_blk_m01_b613cc81-0835-402e-83de-a6c3beb4380b.jpg?v=1&width=800,Women,Women,22/09/2026,https://us.boden.com/products/women-asymetric-ponte-midi-dress-black-d1766blk?tc_ch=display&tc_ve=ba&tc_so=tradedesk&tc_me=pp&tc_ca=bau,,,39,IN STOCK,,,Black,,,,TRUE,TRUE
55196356,55196356,55196356,Garment Dye Sweatpants Boden,https://us.boden.com/products/boys-garment-dye-sweatpants-denim-blue-b3267blu?tc_ch=display&tc_ve=ba&tc_so=tradedesk&tc_me=pp&tc_ca=bau,,,45.00,45.00,https://cdn.shopify.com/s/files/1/0680/4619/2892/files/26baut_b3267_blu_6360e163-4e54-40ba-8027-45275575016d.jpg?v=1&width=800,Boys,Boys,22/09/2026,https://us.boden.com/products/boys-garment-dye-sweatpants-denim-blue-b3267blu?tc_ch=display&tc_ve=ba&tc_so=tradedesk&tc_me=pp&tc_ca=bau,,,286,IN STOCK,,,Denim Blue,,,,TRUE,TRUE
55204380,55204380,55204380,Pull-on Cord Pants Boden,https://us.boden.com/products/boys-pull-on-cord-pants-burnt-henna-b3316brn?tc_ch=display&tc_ve=ba&tc_so=tradedesk&tc_me=pp&tc_ca=bau,,,49.00,49.00,https://cdn.shopify.com/s/files/1/0680/4619/2892/files/26baut_b3316_brn_433b80c4-5418-41e0-9280-98d2a745f8c0.jpg?v=1&width=800,Boys,Boys,22/09/2026,https://us.boden.com/products/boys-pull-on-cord-pants-burnt-henna-b3316brn?tc_ch=display&tc_ve=ba&tc_so=tradedesk&tc_me=pp&tc_ca=bau,,,61,IN STOCK,,,BURNT HENNA,,,,TRUE,TRUE
55204328,55204328,55204328,Pull-on Cord Pants Boden,https://us.boden.com/products/boys-pull-on-cord-pants-faded-denim-gingham-b3316chk?tc_ch=display&tc_ve=ba&tc_so=tradedesk&tc_me=pp&tc_ca=bau,,,55.00,55.00,https://cdn.shopify.com/s/files/1/0680/4619/2892/files/26baut_b3316_chk_ac30e71d-7286-4c8b-8586-989fc40106f3.jpg?v=1&width=800,Boys,Boys,22/09/2026,https://us.boden.com/products/boys-pull-on-cord-pants-faded-denim-gingham-b3316chk?tc_ch=display&tc_ve=ba&tc_so=tradedesk&tc_me=pp&tc_ca=bau,,,84,IN STOCK,,,Faded Denim Gingham,,,,TRUE,TRUE
55214142,55214142,55214142,Stamford Tailored Blazer Boden,https://us.boden.com/products/women-stamford-tailored-blazer-navy-camel-tram-stripe-u0501nav?tc_ch=display&tc_ve=ba&tc_so=tradedesk&tc_me=pp&tc_ca=bau,,,270.00,270.00,https://cdn.shopify.com/s/files/1/0680/4619/2892/files/26waut_u0501_nav_m01_v2_69a8a3a3-f27f-436e-b0c0-ee12b50d2284.jpg?v=1&width=800,Women,Women,22/09/2026,https://us.boden.com/products/women-stamford-tailored-blazer-navy-camel-tram-stripe-u0501nav?tc_ch=display&tc_ve=ba&tc_so=tradedesk&tc_me=pp&tc_ca=bau,,,79,IN STOCK,,,"Navy, Camel Tram Stripe",,,,TRUE,TRUE
55204413,55204413,55204413,Colour Block T-shirt Boden,https://us.boden.com/products/boys-colour-block-t-shirt-navy-b3260nav?tc_ch=display&tc_ve=ba&tc_so=tradedesk&tc_me=pp&tc_ca=bau,,,32.00,32.00,https://cdn.shopify.com/s/files/1/0680/4619/2892/files/26baut_b3260_nav_983715a3-892e-423b-b6e9-06e178317f33.jpg?v=1&width=800,Boys,Boys,22/09/2026,https://us.boden.com/products/boys-colour-block-t-shirt-navy-b3260nav?tc_ch=display&tc_ve=ba&tc_so=tradedesk&tc_me=pp&tc_ca=bau,,,70,IN STOCK,,,Navy,,,,TRUE,TRUE
55212987,55212987,55212987,Cotton Crew Neck T-shirt Boden,https://us.boden.com/products/women-cotton-crew-neck-t-shirt-navy-and-dijon-stripe-t2135nvy?tc_ch=display&tc_ve=ba&tc_so=tradedesk&tc_me=pp&tc_ca=bau,,,45.00,45.00,https://cdn.shopify.com/s/files/1/0680/4619/2892/files/26waut_t2135_nvy_m04_b4603b6c-ee3b-41bb-ba19-7c1f8a1ff29c.jpg?v=1&width=800,Women,Women,22/09/2026,https://us.boden.com/products/women-cotton-crew-neck-t-shirt-navy-and-dijon-stripe-t2135nvy?tc_ch=display&tc_ve=ba&tc_so=tradedesk&tc_me=pp&tc_ca=bau,,,102,IN STOCK,,,Navy and Dijon Stripe,,,,TRUE,TRUE
55201114,55201114,55201114,Brooke Double Layer T-shirt Boden,https://us.boden.com/products/women-brooke-double-layer-t-shirt-dark-cherry-t2024prp?tc_ch=display&tc_ve=ba&tc_so=tradedesk&tc_me=pp&tc_ca=bau,,,49.00,49.00,https://cdn.shopify.com/s/files/1/0680/4619/2892/files/26waut_t2024_prp_m01_2f0c5ba1-c069-4ee3-97c9-50d8e758d04b.jpg?v=1&width=800,Women,Women,22/09/2026,https://us.boden.com/products/women-brooke-double-layer-t-shirt-dark-cherry-t2024prp?tc_ch=display&tc_ve=ba&tc_so=tradedesk&tc_me=pp&tc_ca=bau,,,8,IN STOCK,,,Dark Cherry,,,,TRUE,TRUE
55196656,55196656,55196656,Ribbed Long Sleeve T-Shirt Boden,https://us.boden.com/products/girls-ribbed-long-sleeve-t-shirt-soft-ivory-ditsy-floral-g6096mul?tc_ch=display&tc_ve=ba&tc_so=tradedesk&tc_me=pp&tc_ca=bau,,,25.00,25.00,https://cdn.shopify.com/s/files/1/0680/4619/2892/files/26gaut_g6096_mul_e6b201e7-d4fd-49f3-b947-e3518420f00e.jpg?v=1&width=800,Girls,Girls,22/09/2026,https://us.boden.com/products/girls-ribbed-long-sleeve-t-shirt-soft-ivory-ditsy-floral-g6096mul?tc_ch=display&tc_ve=ba&tc_so=tradedesk&tc_me=pp&tc_ca=bau,,,177,IN STOCK,,,Soft Ivory Ditsy Floral,,,,TRUE,TRUE
55199403,55199403,55199403,Warrior Knee Joggers Boden,https://us.boden.com/products/boys-warrior-knee-joggers-red-earth-b2791srd?tc_ch=display&tc_ve=ba&tc_so=tradedesk&tc_me=pp&tc_ca=bau,,,49.00,49.00,https://cdn.shopify.com/s/files/1/0680/4619/2892/files/26baut_b2791_srd_5f578b18-b05f-455f-b718-15ce768281ea.jpg?v=1&width=800,Boys,Boys,22/09/2026,https://us.boden.com/products/boys-warrior-knee-joggers-red-earth-b2791srd?tc_ch=display&tc_ve=ba&tc_so=tradedesk&tc_me=pp&tc_ca=bau,,,138,IN STOCK,,,Red Earth,,,,TRUE,TRUE
55209728,55209728,55209728,Tia Sleeveless Ruch Jersey Top Boden,https://us.boden.com/products/women-tia-sleeveless-ruch-jersey-top-midnight-teal-t2150grn?tc_ch=display&tc_ve=ba&tc_so=tradedesk&tc_me=pp&tc_ca=bau,,,33.99,69.00,https://cdn.shopify.com/s/files/1/0680/4619/2892/files/26waut_t2150_grn_m01_e5005f15-a05c-4833-9e43-c9a495a0734c.jpg?v=1&width=800,Women,Women,22/09/2026,https://us.boden.com/products/women-tia-sleeveless-ruch-jersey-top-midnight-teal-t2150grn?tc_ch=display&tc_ve=ba&tc_so=tradedesk&tc_me=pp&tc_ca=bau,,,99,IN STOCK,,,Midnight Teal,,,,TRUE,TRUE
55193969,55193969,55193969,Adele Belted Jersey Dress Boden,https://us.boden.com/products/women-adele-belted-jersey-dress-camel-animal-fields-d1759lbr?tc_ch=display&tc_ve=ba&tc_so=tradedesk&tc_me=pp&tc_ca=bau,,,58.99,119.00,https://cdn.shopify.com/s/files/1/0680/4619/2892/files/26waut_d1759_lbr_m01_v1.jpg?v=1&width=800,Women,Women,22/09/2026,https://us.boden.com/products/women-adele-belted-jersey-dress-camel-animal-fields-d1759lbr?tc_ch=display&tc_ve=ba&tc_so=tradedesk&tc_me=pp&tc_ca=bau,,,80,IN STOCK,,,"Camel, Animal Fields",,,,TRUE,TRUE
55212298,55212298,55212298,Supersoft Slash Neck T-Shirt Boden,https://us.boden.com/products/women-supersoft-slash-neck-t-shirt-french-navy-19-3921-tcx-t2155nav?tc_ch=display&tc_ve=ba&tc_so=tradedesk&tc_me=pp&tc_ca=bau,,,45.00,45.00,https://cdn.shopify.com/s/files/1/0680/4619/2892/files/26waut_t2155_nav_m01_v2_7c994676-0acb-4029-a420-d6ba224994c5.jpg?v=1&width=800,Women,Women,22/09/2026,https://us.boden.com/products/women-supersoft-slash-neck-t-shirt-french-navy-19-3921-tcx-t2155nav?tc_ch=display&tc_ve=ba&tc_so=tradedesk&tc_me=pp&tc_ca=bau,,,91,IN STOCK,,,French Navy (19-3921 TCX),,,,TRUE,TRUE
55193815,55193815,55193815,Ara Jersey Shirt Boden,https://us.boden.com/products/women-ara-jersey-shirt-ivory-t2149ivo?tc_ch=display&tc_ve=ba&tc_so=tradedesk&tc_me=pp&tc_ca=bau,,,99.00,99.00,https://cdn.shopify.com/s/files/1/0680/4619/2892/files/26waut_t2149_ivo_m01_94fa4ef1-c138-40de-9dfb-2d13357960f9.jpg?v=1&width=800,Women,Women,22/09/2026,https://us.boden.com/products/women-ara-jersey-shirt-ivory-t2149ivo?tc_ch=display&tc_ve=ba&tc_so=tradedesk&tc_me=pp&tc_ca=bau,,,168,IN STOCK,,,Ivory,,,,TRUE,TRUE
55195429,55195429,55195429,Bow Neck Knitted T-shirt Boden,https://us.boden.com/products/women-bow-neck-knitted-t-shirt-fresh-green-k1289grn?tc_ch=display&tc_ve=ba&tc_so=tradedesk&tc_me=pp&tc_ca=bau,,,91.00,130.00,https://cdn.shopify.com/s/files/1/0680/4619/2892/files/26waut_k1289_grn_m01_6127b660-c56b-4e2d-968a-a958bde6198e.jpg?v=1&width=800,Women,Women,22/09/2026,https://us.boden.com/products/women-bow-neck-knitted-t-shirt-fresh-green-k1289grn?tc_ch=display&tc_ve=ba&tc_so=tradedesk&tc_me=pp&tc_ca=bau,,,31,IN STOCK,,,Fresh Green,,,,TRUE,TRUE
55195623,55195623,55195623,Puff Sleeve Cotton Cardigan Boden,https://us.boden.com/products/women-puff-sleeve-cotton-cardigan-warm-ivory-embroidered-k1290ivo?tc_ch=display&tc_ve=ba&tc_so=tradedesk&tc_me=pp&tc_ca=bau,,,114.00,190.00,https://cdn.shopify.com/s/files/1/0680/4619/2892/files/26waut_k1290_ivo_m01_v1.jpg?v=1&width=800,Women,Women,22/09/2026,https://us.boden.com/products/women-puff-sleeve-cotton-cardigan-warm-ivory-embroidered-k1290ivo?tc_ch=display&tc_ve=ba&tc_so=tradedesk&tc_me=pp&tc_ca=bau,,,120,IN STOCK,,,"Warm Ivory, Embroidered",,,,TRUE,TRUE
55212307,55212307,55212307,Supersoft Slash Neck T-Shirt Boden,https://us.boden.com/products/women-supersoft-slash-neck-t-shirt-blue-aura-t2155blu?tc_ch=display&tc_ve=ba&tc_so=tradedesk&tc_me=pp&tc_ca=bau,,,45.00,45.00,https://cdn.shopify.com/s/files/1/0680/4619/2892/files/26waut_t2155_blu_m04_570a3ade-3506-4115-b861-a9ff811c9f37.jpg?v=1&width=800,Women,Women,22/09/2026,https://us.boden.com/products/women-supersoft-slash-neck-t-shirt-blue-aura-t2155blu?tc_ch=display&tc_ve=ba&tc_so=tradedesk&tc_me=pp&tc_ca=bau,,,28,IN STOCK,,,Blue Aura,,,,TRUE,TRUE
55215698,55215698,55215698,Supersoft Slash Neck T-Shirt Boden,https://us.boden.com/products/women-supersoft-slash-neck-t-shirt-ivory-and-navy-stripe-t2155ivo?tc_ch=display&tc_ve=ba&tc_so=tradedesk&tc_me=pp&tc_ca=bau,,,45.00,45.00,https://cdn.shopify.com/s/files/1/0680/4619/2892/files/26waut_t2155_ivo_m01_945e1572-beb3-4a89-b2e0-3374f1b84b20.jpg?v=1&width=800,Women,Women,22/09/2026,https://us.boden.com/products/women-supersoft-slash-neck-t-shirt-ivory-and-navy-stripe-t2155ivo?tc_ch=display&tc_ve=ba&tc_so=tradedesk&tc_me=pp&tc_ca=bau,,,115,IN STOCK,,,Ivory and Navy Stripe,,,,TRUE,TRUE
55196680,55196680,55196680,Eli Belted Jersey Midi Dress Boden,https://us.boden.com/products/women-eli-belted-jersey-midi-dress-pink-heather-floral-breeze-d1769lbl?tc_ch=display&tc_ve=ba&tc_so=tradedesk&tc_me=pp&tc_ca=bau,,,190.00,190.00,https://cdn.shopify.com/s/files/1/0680/4619/2892/files/26waut_d1769_lbl_w01.jpg?v=1&width=800,Women,Women,22/09/2026,https://us.boden.com/products/women-eli-belted-jersey-midi-dress-pink-heather-floral-breeze-d1769lbl?tc_ch=display&tc_ve=ba&tc_so=tradedesk&tc_me=pp&tc_ca=bau,,,68,IN STOCK,,,"Pink Heather, Floral Breeze",,,,TRUE,TRUE
55199756,55199756,55199756,Penelope Viscose Top Boden,https://us.boden.com/products/women-penelope-viscose-top-bright-rouge-enchanted-peony-t2170mlt?tc_ch=display&tc_ve=ba&tc_so=tradedesk&tc_me=pp&tc_ca=bau,,,66.00,110.00,https://cdn.shopify.com/s/files/1/0680/4619/2892/files/26waut_t2170_mlt_w01.jpg?v=1&width=800,Women,Women,22/09/2026,https://us.boden.com/products/women-penelope-viscose-top-bright-rouge-enchanted-peony-t2170mlt?tc_ch=display&tc_ve=ba&tc_so=tradedesk&tc_me=pp&tc_ca=bau,,,160,IN STOCK,,,"Bright Rouge, Enchanted Peony",,,,TRUE,TRUE
55199024,55199024,55199024,Aya Cotton Skirt Boden,https://us.boden.com/products/women-aya-cotton-skirt-ginger-r0954brn?tc_ch=display&tc_ve=ba&tc_so=tradedesk&tc_me=pp&tc_ca=bau,,,149.00,149.00,https://cdn.shopify.com/s/files/1/0680/4619/2892/files/26waut_r0954_brn_m01_v1.jpg?v=1&width=800,Women,Women,22/09/2026,https://us.boden.com/products/women-aya-cotton-skirt-ginger-r0954brn?tc_ch=display&tc_ve=ba&tc_so=tradedesk&tc_me=pp&tc_ca=bau,,,64,IN STOCK,,,Ginger,,,,TRUE,TRUE
55197052,55197052,55197052,Canonbury Cotton 7/8 Pants Boden,https://us.boden.com/products/women-canonbury-cotton-7-8-pants-salsa-red-r0836red?tc_ch=display&tc_ve=ba&tc_so=tradedesk&tc_me=pp&tc_ca=bau,,,110.00,110.00,https://cdn.shopify.com/s/files/1/0680/4619/2892/files/26waut_r0836_red_m01_v1_5f4e6679-ed7e-454e-ad4e-63becea0fd6c.jpg?v=1&width=800,Women,Women,22/09/2026,https://us.boden.com/products/women-canonbury-cotton-7-8-pants-salsa-red-r0836red?tc_ch=display&tc_ve=ba&tc_so=tradedesk&tc_me=pp&tc_ca=bau,,,24,IN STOCK,,,Salsa Red,,,,TRUE,TRUE
55193694,55193694,55193694,Supersoft Ruched Jersey Shirt Boden,https://us.boden.com/products/women-supersoft-ruched-jersey-shirt-midnight-teal-t2146grn?tc_ch=display&tc_ve=ba&tc_so=tradedesk&tc_me=pp&tc_ca=bau,,,99.00,99.00,https://cdn.shopify.com/s/files/1/0680/4619/2892/files/26waut_t2146_grn_m01_v1_700ec22c-4af1-4eae-9f1e-915ffaa6b79b.jpg?v=1&width=800,Women,Women,22/09/2026,https://us.boden.com/products/women-supersoft-ruched-jersey-shirt-midnight-teal-t2146grn?tc_ch=display&tc_ve=ba&tc_so=tradedesk&tc_me=pp&tc_ca=bau,,,227,IN STOCK,,,Midnight Teal,,,,TRUE,TRUE
55203875,55203875,55203875,Relaxed Seam Detail T-shirt Boden,https://us.boden.com/products/boys-relaxed-seam-detail-t-shirt-french-blue-b3309lbl?tc_ch=display&tc_ve=ba&tc_so=tradedesk&tc_me=pp&tc_ca=bau,,,29.00,29.00,https://cdn.shopify.com/s/files/1/0680/4619/2892/files/26baut_b3309_lbl_56d107bc-f6d7-4cdb-b241-cf8db1a84110.jpg?v=1&width=800,Boys,Boys,22/09/2026,https://us.boden.com/products/boys-relaxed-seam-detail-t-shirt-french-blue-b3309lbl?tc_ch=display&tc_ve=ba&tc_so=tradedesk&tc_me=pp&tc_ca=bau,,,62,IN STOCK,,,French Blue,,,,TRUE,TRUE
55200468,55200468,55200468,5-Pocket Cord Column Jeans Boden,https://us.boden.com/products/women-5-pocket-cord-column-jeans-navy-r0768nvy?tc_ch=display&tc_ve=ba&tc_so=tradedesk&tc_me=pp&tc_ca=bau,,,149.00,149.00,https://cdn.shopify.com/s/files/1/0680/4619/2892/files/26waut_r0768_nvy_m01_v1_fee7d48b-2749-4b6a-af4e-b9a6959f28a7.jpg?v=1&width=800,Women,Women,22/09/2026,https://us.boden.com/products/women-5-pocket-cord-column-jeans-navy-r0768nvy?tc_ch=display&tc_ve=ba&tc_so=tradedesk&tc_me=pp&tc_ca=bau,,,120,IN STOCK,,,Navy,,,,TRUE,TRUE
55219154,55219154,55219154,Aya Cotton Sateen Midi Skirt Boden,https://us.boden.com/products/women-aya-cotton-sateen-midi-skirt-navy-r0978nvy?tc_ch=display&tc_ve=ba&tc_so=tradedesk&tc_me=pp&tc_ca=bau,,,160.00,160.00,https://cdn.shopify.com/s/files/1/0680/4619/2892/files/26waut_r0978_nvy_m01_v1.jpg?v=1&width=800,Women,Women,22/09/2026,https://us.boden.com/products/women-aya-cotton-sateen-midi-skirt-navy-r0978nvy?tc_ch=display&tc_ve=ba&tc_so=tradedesk&tc_me=pp&tc_ca=bau,,,34,IN STOCK,,,Navy,,,,TRUE,TRUE
55196338,55196338,55196338,Elizabeth Bow Knitted Jacket Boden,https://us.boden.com/products/women-elizabeth-bow-knitted-jacket-bitter-chocolate-k1331brn?tc_ch=display&tc_ve=ba&tc_so=tradedesk&tc_me=pp&tc_ca=bau,,,220.00,220.00,https://cdn.shopify.com/s/files/1/0680/4619/2892/files/26waut_k1331_brn_m01_v2.jpg?v=1&width=800,Women,Women,22/09/2026,https://us.boden.com/products/women-elizabeth-bow-knitted-jacket-bitter-chocolate-k1331brn?tc_ch=display&tc_ve=ba&tc_so=tradedesk&tc_me=pp&tc_ca=bau,,,45,IN STOCK,,,Bitter Chocolate,,,,TRUE,TRUE
55214831,55214831,55214831,Patti Round Toe Ballet Flats Boden,https://us.boden.com/products/women-patti-round-toe-ballet-flats-ginger-snap-suede-a2245ber?tc_ch=display&tc_ve=ba&tc_so=tradedesk&tc_me=pp&tc_ca=bau,,,149.00,149.00,https://cdn.shopify.com/s/files/1/0680/4619/2892/files/26waut_a2245_ber_v1_76e39813-c053-4878-bd2a-27b6583d5fd5.jpg?v=1&width=800,Women,Women,22/09/2026,https://us.boden.com/products/women-patti-round-toe-ballet-flats-ginger-snap-suede-a2245ber?tc_ch=display&tc_ve=ba&tc_so=tradedesk&tc_me=pp&tc_ca=bau,,,89,IN STOCK,,,Ginger Snap Suede,,,,TRUE,TRUE
55216531,55216531,55216531,Smocked Cuff Supersoft Top Boden,https://us.boden.com/products/women-smocked-cuff-supersoft-top-dark-cherry-t1777pgr?tc_ch=display&tc_ve=ba&tc_so=tradedesk&tc_me=pp&tc_ca=bau,,,59.00,59.00,https://cdn.shopify.com/s/files/1/0680/4619/2892/files/26waut_t1777_pgr_m01_v1_318271c9-5b12-48cf-8fa0-5dc28635338d.jpg?v=1&width=800,Women,Women,22/09/2026,https://us.boden.com/products/women-smocked-cuff-supersoft-top-dark-cherry-t1777pgr?tc_ch=display&tc_ve=ba&tc_so=tradedesk&tc_me=pp&tc_ca=bau,,,265,IN STOCK,,,Dark Cherry,,,,TRUE,TRUE
55215459,55215459,55215459,Mya Ruched Jersey Midi Dress Boden,https://us.boden.com/products/women-mya-ruched-jersey-midi-dress-forest-green-botanical-medley-d1817dgr?tc_ch=display&tc_ve=ba&tc_so=tradedesk&tc_me=pp&tc_ca=bau,,,119.00,170.00,https://cdn.shopify.com/s/files/1/0680/4619/2892/files/26waut_d1817_dgr_m05_v1_cd71b34e-a4d3-4e62-9b5a-09132285f578.jpg?v=1&width=800,Women,Women,22/09/2026,https://us.boden.com/products/women-mya-ruched-jersey-midi-dress-forest-green-botanical-medley-d1817dgr?tc_ch=display&tc_ve=ba&tc_so=tradedesk&tc_me=pp&tc_ca=bau,,,64,IN STOCK,,,"Forest Green, Botanical Medley",,,,TRUE,TRUE
55210955,55210955,55210955,Fitted Wool Peplum Cardigan Boden,https://us.boden.com/products/women-fitted-wool-peplum-cardigan-sea-moss-k1347grn?tc_ch=display&tc_ve=ba&tc_so=tradedesk&tc_me=pp&tc_ca=bau,,,199.00,199.00,https://cdn.shopify.com/s/files/1/0680/4619/2892/files/26waut_k1347_grn_w01.jpg?v=1&width=800,Women,Women,22/09/2026,https://us.boden.com/products/women-fitted-wool-peplum-cardigan-sea-moss-k1347grn?tc_ch=display&tc_ve=ba&tc_so=tradedesk&tc_me=pp&tc_ca=bau,,,208,IN STOCK,,,Sea moss,,,,TRUE,TRUE
55234473,55234473,55234473,Isobel Kitten Heel Ankle Boots Boden,https://us.boden.com/products/women-isobel-kitten-heel-ankle-boots-cognac-suede-a2126lbr?tc_ch=display&tc_ve=ba&tc_so=tradedesk&tc_me=pp&tc_ca=bau,,,270.00,270.00,https://cdn.shopify.com/s/files/1/0680/4619/2892/files/26wsum_a2126_lbr_91092754-71bf-4e6f-9cd7-485e32ab7895.jpg?v=1&width=800,Women,Women,22/09/2026,https://us.boden.com/products/women-isobel-kitten-heel-ankle-boots-cognac-suede-a2126lbr?tc_ch=display&tc_ve=ba&tc_so=tradedesk&tc_me=pp&tc_ca=bau,,,108,IN STOCK,,,Cognac Suede,,,,TRUE,TRUE
55213044,55213044,55213044,Relaxed Appliqué T-shirt Boden,https://us.boden.com/products/boys-relaxed-applique-t-shirt-shadow-grey-skulls-b3310gry?tc_ch=display&tc_ve=ba&tc_so=tradedesk&tc_me=pp&tc_ca=bau,,,39.00,39.00,https://cdn.shopify.com/s/files/1/0680/4619/2892/files/26baut_b3310_gry_m01_3287ef4e-f392-4bfd-9ed2-cf2efd5e62b1.jpg?v=1&width=800,Boys,Boys,22/09/2026,https://us.boden.com/products/boys-relaxed-applique-t-shirt-shadow-grey-skulls-b3310gry?tc_ch=display&tc_ve=ba&tc_so=tradedesk&tc_me=pp&tc_ca=bau,,,66,IN STOCK,,,Shadow Grey Skulls,,,,TRUE,TRUE
55203938,55203938,55203938,Stacking Superstitch T-shirt Boden,https://us.boden.com/products/boys-stacking-superstitch-t-shirt-dill-recycle-trucks-b3312grn?tc_ch=display&tc_ve=ba&tc_so=tradedesk&tc_me=pp&tc_ca=bau,,,37.00,37.00,https://cdn.shopify.com/s/files/1/0680/4619/2892/files/26baut_b3312_grn_m01.jpg?v=1&width=800,Boys,Boys,22/09/2026,https://us.boden.com/products/boys-stacking-superstitch-t-shirt-dill-recycle-trucks-b3312grn?tc_ch=display&tc_ve=ba&tc_so=tradedesk&tc_me=pp&tc_ca=bau,,,309,IN STOCK,,,DILL RECYCLE TRUCKS,,,,TRUE,TRUE
55211541,55211541,55211541,Cotton Pointelle Set Boden,https://us.boden.com/products/baby-cotton-pointelle-set-multi-ditsy-floral-y2896mul?tc_ch=display&tc_ve=ba&tc_so=tradedesk&tc_me=pp&tc_ca=bau,,,34.30,49.00,https://cdn.shopify.com/s/files/1/0680/4619/2892/files/26uaut_y2896_mul.jpg?v=1&width=800,Baby,Baby,22/09/2026,https://us.boden.com/products/baby-cotton-pointelle-set-multi-ditsy-floral-y2896mul?tc_ch=display&tc_ve=ba&tc_so=tradedesk&tc_me=pp&tc_ca=bau,,,99,IN STOCK,,,Multi Ditsy Floral,,,,TRUE,TRUE
55197574,55197574,55197574,Fun Leggings Boden,https://us.boden.com/products/girls-fun-leggings-red-earth-spotty-hearts-g5517rus?tc_ch=display&tc_ve=ba&tc_so=tradedesk&tc_me=pp&tc_ca=bau,,,17.50,25.00,https://cdn.shopify.com/s/files/1/0680/4619/2892/files/26gaut_g5517_rus_f618724e-c73c-41ad-b0c9-91f89d2852c3.jpg?v=1&width=800,Girls,Girls,22/09/2026,https://us.boden.com/products/girls-fun-leggings-red-earth-spotty-hearts-g5517rus?tc_ch=display&tc_ve=ba&tc_so=tradedesk&tc_me=pp&tc_ca=bau,,,49,IN STOCK,,,Red Earth Spotty Hearts,,,,TRUE,TRUE
55199372,55199372,55199372,Smart Padded Jacket Boden,https://us.boden.com/products/boys-smart-padded-jacket-blue-b3266blu?tc_ch=display&tc_ve=ba&tc_so=tradedesk&tc_me=pp&tc_ca=bau,,,75.00,75.00,https://cdn.shopify.com/s/files/1/0680/4619/2892/files/26baut_b3266_blu_f8ed13da-5d28-4836-99ea-ba17407eec90.jpg?v=1&width=800,Boys,Boys,22/09/2026,https://us.boden.com/products/boys-smart-padded-jacket-blue-b3266blu?tc_ch=display&tc_ve=ba&tc_so=tradedesk&tc_me=pp&tc_ca=bau,,,149,IN STOCK,,,Blue,,,,TRUE,TRUE
55216985,55216985,55216985,Colour Block Printed T-shirt Boden,https://us.boden.com/products/boys-colour-block-printed-t-shirt-french-blue-tractor-b3318blu?tc_ch=display&tc_ve=ba&tc_so=tradedesk&tc_me=pp&tc_ca=bau,,,18.85,29.00,https://cdn.shopify.com/s/files/1/0680/4619/2892/files/26baut_b3318_blu_0a87adf1-d886-487f-a606-80d69024bcf5.jpg?v=1&width=800,Boys,Boys,22/09/2026,https://us.boden.com/products/boys-colour-block-printed-t-shirt-french-blue-tractor-b3318blu?tc_ch=display&tc_ve=ba&tc_so=tradedesk&tc_me=pp&tc_ca=bau,,,284,IN STOCK,,,French Blue Tractor,,,,TRUE,TRUE
55204627,55204627,55204627,Everyday Long Sleeve T-Shirt Boden,https://us.boden.com/products/boys-everyday-long-sleeve-t-shirt-bottle-green-b3278lgr?tc_ch=display&tc_ve=ba&tc_so=tradedesk&tc_me=pp&tc_ca=bau,,,20.00,20.00,https://cdn.shopify.com/s/files/1/0680/4619/2892/files/26baut_b3278_lgr_3c4afa80-8cb9-4aba-b847-bec847c7e201.jpg?v=1&width=800,Boys,Boys,22/09/2026,https://us.boden.com/products/boys-everyday-long-sleeve-t-shirt-bottle-green-b3278lgr?tc_ch=display&tc_ve=ba&tc_so=tradedesk&tc_me=pp&tc_ca=bau,,,62,IN STOCK,,,Bottle Green,,,,TRUE,TRUE
55199077,55199077,55199077,Bobbie Appliqué Sweatshirt Boden,https://us.boden.com/products/girls-bobbie-applique-sweatshirt-calla-lily-purple-skeleton-g6075psp?tc_ch=display&tc_ve=ba&tc_so=tradedesk&tc_me=pp&tc_ca=bau,,,55.00,55.00,https://cdn.shopify.com/s/files/1/0680/4619/2892/files/26gaut_g6075_psp_m01.jpg?v=1&width=800,Girls,Girls,22/09/2026,https://us.boden.com/products/girls-bobbie-applique-sweatshirt-calla-lily-purple-skeleton-g6075psp?tc_ch=display&tc_ve=ba&tc_so=tradedesk&tc_me=pp&tc_ca=bau,,,169,IN STOCK,,,Calla Lily Purple Skeleton,,,,TRUE,TRUE
55198911,55198911,55198911,Collared Cardigan Boden,https://us.boden.com/products/girls-collared-cardigan-glacier-blue-marl-roses-g6076blu?tc_ch=display&tc_ve=ba&tc_so=tradedesk&tc_me=pp&tc_ca=bau,,,69.00,69.00,https://cdn.shopify.com/s/files/1/0680/4619/2892/files/26gaut_g6076_blu_f1109133-b9f0-4732-9c3a-15ea0d8cb8ce.jpg?v=1&width=800,Girls,Girls,22/09/2026,https://us.boden.com/products/girls-collared-cardigan-glacier-blue-marl-roses-g6076blu?tc_ch=display&tc_ve=ba&tc_so=tradedesk&tc_me=pp&tc_ca=bau,,,139,IN STOCK,,,Glacier Blue Marl Roses,,,,TRUE,TRUE
55197444,55197444,55197444,Quilted Cord Jacket Boden,https://us.boden.com/products/girls-quilted-cord-jacket-navy-floral-print-g6083nav?tc_ch=display&tc_ve=ba&tc_so=tradedesk&tc_me=pp&tc_ca=bau,,,119.00,119.00,https://cdn.shopify.com/s/files/1/0680/4619/2892/files/26gaut_g6083_nav_fb7dc78e-bf1d-494b-ab85-de57985f87e5.jpg?v=1&width=800,Girls,Girls,22/09/2026,https://us.boden.com/products/girls-quilted-cord-jacket-navy-floral-print-g6083nav?tc_ch=display&tc_ve=ba&tc_so=tradedesk&tc_me=pp&tc_ca=bau,,,165,IN STOCK,,,Navy Floral Print,,,,TRUE,TRUE
55195769,55195769,55195769,3-pack Cotton Leggings Boden,https://us.boden.com/products/baby-3-pack-cotton-leggings-grey-marl-trains-y2930mul?tc_ch=display&tc_ve=ba&tc_so=tradedesk&tc_me=pp&tc_ca=bau,,,55.00,55.00,https://cdn.shopify.com/s/files/1/0680/4619/2892/files/26uaut_y2930_mul_21974c62-6ba7-4280-b730-46b03def9831.jpg?v=1&width=800,Baby,Baby,22/09/2026,https://us.boden.com/products/baby-3-pack-cotton-leggings-grey-marl-trains-y2930mul?tc_ch=display&tc_ve=ba&tc_so=tradedesk&tc_me=pp&tc_ca=bau,,,112,IN STOCK,,,Grey Marl Trains,,,,TRUE,TRUE
55198056,55198056,55198056,Relaxed Panel Sweatshirt Boden,https://us.boden.com/products/girls-relaxed-panel-sweatshirt-formica-pink-floral-g6142pnk?tc_ch=display&tc_ve=ba&tc_so=tradedesk&tc_me=pp&tc_ca=bau,,,55.00,55.00,https://cdn.shopify.com/s/files/1/0680/4619/2892/files/26gaut_g6142_pnk_0c45b34b-9147-4cd8-9edb-5c7a428c3f02.jpg?v=1&width=800,Girls,Girls,22/09/2026,https://us.boden.com/products/girls-relaxed-panel-sweatshirt-formica-pink-floral-g6142pnk?tc_ch=display&tc_ve=ba&tc_so=tradedesk&tc_me=pp&tc_ca=bau,,,132,IN STOCK,,,Formica Pink Floral,,,,TRUE,TRUE
55216657,55216657,55216657,Smocked Cuff Supersoft Top Boden,https://us.boden.com/products/women-smocked-cuff-supersoft-top-white-t1777wth?tc_ch=display&tc_ve=ba&tc_so=tradedesk&tc_me=pp&tc_ca=bau,,,59.00,59.00,https://cdn.shopify.com/s/files/1/0680/4619/2892/files/26waut_t1777_wth_m01.jpg?v=1&width=800,Women,Women,22/09/2026,https://us.boden.com/products/women-smocked-cuff-supersoft-top-white-t1777wth?tc_ch=display&tc_ve=ba&tc_so=tradedesk&tc_me=pp&tc_ca=bau,,,376,IN STOCK,,,White,,,,TRUE,TRUE
55216873,55216873,55216873,Smocked Cuff Supersoft Top Boden,https://us.boden.com/products/women-smocked-cuff-supersoft-top-black-t1777bla?tc_ch=display&tc_ve=ba&tc_so=tradedesk&tc_me=pp&tc_ca=bau,,,59.00,59.00,https://cdn.shopify.com/s/files/1/0680/4619/2892/files/26waut_t1777_bla_m01.jpg?v=1&width=800,Women,Women,22/09/2026,https://us.boden.com/products/women-smocked-cuff-supersoft-top-black-t1777bla?tc_ch=display&tc_ve=ba&tc_so=tradedesk&tc_me=pp&tc_ca=bau,,,499,IN STOCK,,,Black,,,,TRUE,TRUE
55216647,55216647,55216647,Smocked Cuff Supersoft Top Boden,https://us.boden.com/products/women-smocked-cuff-supersoft-top-navy-t1777nar?tc_ch=display&tc_ve=ba&tc_so=tradedesk&tc_me=pp&tc_ca=bau,,,59.00,59.00,https://cdn.shopify.com/s/files/1/0680/4619/2892/files/26waut_t1777_nar_m01_v1_159dae92-03d0-4267-b1dd-5d6e85a26b05.jpg?v=1&width=800,Women,Women,22/09/2026,https://us.boden.com/products/women-smocked-cuff-supersoft-top-navy-t1777nar?tc_ch=display&tc_ve=ba&tc_so=tradedesk&tc_me=pp&tc_ca=bau,,,317,IN STOCK,,,Navy,,,,TRUE,TRUE
55200019,55200019,55200019,Sienna Frill Cotton Shirt Boden,https://us.boden.com/products/women-sienna-frill-cotton-shirt-forget-me-not-ivory-stripe-t2165blu?tc_ch=display&tc_ve=ba&tc_so=tradedesk&tc_me=pp&tc_ca=bau,,,110.00,110.00,https://cdn.shopify.com/s/files/1/0680/4619/2892/files/26waut_t2165_blu_m01_144bf362-62ba-4f7b-b2f7-594ede032cc2.jpg?v=1&width=800,Women,Women,22/09/2026,https://us.boden.com/products/women-sienna-frill-cotton-shirt-forget-me-not-ivory-stripe-t2165blu?tc_ch=display&tc_ve=ba&tc_so=tradedesk&tc_me=pp&tc_ca=bau,,,23,IN STOCK,,,"Forget Me Not, Ivory Stripe",,,,TRUE,TRUE
55198945,55198945,55198945,Kick Flare Jeans Boden,https://us.boden.com/products/girls-kick-flare-jeans-burnt-orange-g5858brn?tc_ch=display&tc_ve=ba&tc_so=tradedesk&tc_me=pp&tc_ca=bau,,,65.00,65.00,https://cdn.shopify.com/s/files/1/0680/4619/2892/files/26gaut_g5858_brn.jpg?v=1&width=800,Girls,Girls,22/09/2026,https://us.boden.com/products/girls-kick-flare-jeans-burnt-orange-g5858brn?tc_ch=display&tc_ve=ba&tc_so=tradedesk&tc_me=pp&tc_ca=bau,,,143,IN STOCK,,,Burnt Orange,,,,TRUE,TRUE
55196743,55196743,55196743,Quilted Jacket Boden,https://us.boden.com/products/baby-quilted-jacket-multi-patchwork-print-y2827mlt?tc_ch=display&tc_ve=ba&tc_so=tradedesk&tc_me=pp&tc_ca=bau,,,79.00,79.00,https://cdn.shopify.com/s/files/1/0680/4619/2892/files/26uaut_y2827_mlt.jpg?v=1&width=800,Baby,Baby,22/09/2026,https://us.boden.com/products/baby-quilted-jacket-multi-patchwork-print-y2827mlt?tc_ch=display&tc_ve=ba&tc_so=tradedesk&tc_me=pp&tc_ca=bau,,,98,IN STOCK,,,Multi Patchwork Print,,,,TRUE,TRUE
55227269,55227269,55227269,Button Cuff Ribbed Boatneck Boden,https://us.boden.com/products/women-button-cuff-ribbed-boatneck-bitter-chocolate-t2263brn?tc_ch=display&tc_ve=ba&tc_so=tradedesk&tc_me=pp&tc_ca=bau,,,89.00,89.00,https://cdn.shopify.com/s/files/1/0680/4619/2892/files/26waut_t2263_brn_m01_406c3a5d-cf2a-4b69-bef4-34e7967f00e2.jpg?v=1&width=800,Women,Women,22/09/2026,https://us.boden.com/products/women-button-cuff-ribbed-boatneck-bitter-chocolate-t2263brn?tc_ch=display&tc_ve=ba&tc_so=tradedesk&tc_me=pp&tc_ca=bau,,,35,IN STOCK,,,Bitter Chocolate,,,,TRUE,TRUE
55216954,55216954,55216954,Cord Leggings Boden,https://us.boden.com/products/girls-cord-leggings-college-navy-g5637nvy?tc_ch=display&tc_ve=ba&tc_so=tradedesk&tc_me=pp&tc_ca=bau,,,39.00,39.00,https://cdn.shopify.com/s/files/1/0680/4619/2892/files/26baut_g5637_nvy_5fe630f6-3829-4acc-8632-f31d35371f2f.jpg?v=1&width=800,Girls,Girls,22/09/2026,https://us.boden.com/products/girls-cord-leggings-college-navy-g5637nvy?tc_ch=display&tc_ve=ba&tc_so=tradedesk&tc_me=pp&tc_ca=bau,,,209,IN STOCK,,,College Navy,,,,TRUE,TRUE
55194225,55194225,55194225,Briony Jersey Short Dress Boden,https://us.boden.com/products/women-briony-jersey-short-dress-zodiac-purple-leopard-fields-d1760blu?tc_ch=display&tc_ve=ba&tc_so=tradedesk&tc_me=pp&tc_ca=bau,,,59.40,99.00,https://cdn.shopify.com/s/files/1/0680/4619/2892/files/26waut_d1760_blu_m01_a58b460a-7d94-4a49-8fd4-8b6ea8b75c2b.jpg?v=1&width=800,Women,Women,22/09/2026,https://us.boden.com/products/women-briony-jersey-short-dress-zodiac-purple-leopard-fields-d1760blu?tc_ch=display&tc_ve=ba&tc_so=tradedesk&tc_me=pp&tc_ca=bau,,,94,IN STOCK,,,"Zodiac Purple, Leopard Fields",,,,TRUE,TRUE
55195127,55195127,55195127,Briony Jersey Short Dress Boden,https://us.boden.com/products/women-briony-jersey-short-dress-hunter-green-d1760mos?tc_ch=display&tc_ve=ba&tc_so=tradedesk&tc_me=pp&tc_ca=bau,,,99.00,99.00,https://cdn.shopify.com/s/files/1/0680/4619/2892/files/26waut_d1760_mos_m01_0eac4346-7804-48dc-a3e3-692ee9949bb5.jpg?v=1&width=800,Women,Women,22/09/2026,https://us.boden.com/products/women-briony-jersey-short-dress-hunter-green-d1760mos?tc_ch=display&tc_ve=ba&tc_so=tradedesk&tc_me=pp&tc_ca=bau,,,73,IN STOCK,,,Hunter Green,,,,TRUE,TRUE
55201090,55201090,55201090,Iris Puff Sleeve Mariner Boden,https://us.boden.com/products/women-iris-puff-sleeve-mariner-navy-and-dijon-stripe-t2160brm?tc_ch=display&tc_ve=ba&tc_so=tradedesk&tc_me=pp&tc_ca=bau,,,89.00,89.00,https://cdn.shopify.com/s/files/1/0680/4619/2892/files/26waut_t2160_brm_m01.jpg?v=1&width=800,Women,Women,22/09/2026,https://us.boden.com/products/women-iris-puff-sleeve-mariner-navy-and-dijon-stripe-t2160brm?tc_ch=display&tc_ve=ba&tc_so=tradedesk&tc_me=pp&tc_ca=bau,,,22,IN STOCK,,,Navy and Dijon Stripe,,,,TRUE,TRUE
55211850,55211850,55211850,Ella Embroidered Knit Cardigan Boden,https://us.boden.com/products/women-ella-embroidered-knit-cardigan-camel-embroidery-k1317neu?tc_ch=display&tc_ve=ba&tc_so=tradedesk&tc_me=pp&tc_ca=bau,,,249.00,249.00,https://cdn.shopify.com/s/files/1/0680/4619/2892/files/26waut_k1317_neu_m01_d990cd31-e2d7-4761-bcc0-3f6655704467.jpg?v=1&width=800,Women,Women,22/09/2026,https://us.boden.com/products/women-ella-embroidered-knit-cardigan-camel-embroidery-k1317neu?tc_ch=display&tc_ve=ba&tc_so=tradedesk&tc_me=pp&tc_ca=bau,,,261,IN STOCK,,,"Camel, Embroidery",,,,TRUE,TRUE
55194413,55194413,55194413,Louise Cord Midi Shirt Dress Boden,https://us.boden.com/products/women-louise-cord-midi-shirt-dress-pink-heather-d1786plm?tc_ch=display&tc_ve=ba&tc_so=tradedesk&tc_me=pp&tc_ca=bau,,,220.00,220.00,https://cdn.shopify.com/s/files/1/0680/4619/2892/files/26wwin_d1786_plm_m06.jpg?v=1&width=800,Women,Women,22/09/2026,https://us.boden.com/products/women-louise-cord-midi-shirt-dress-pink-heather-d1786plm?tc_ch=display&tc_ve=ba&tc_so=tradedesk&tc_me=pp&tc_ca=bau,,,15,IN STOCK,,,Pink Heather,,,,TRUE,TRUE
55197437,55197437,55197437,Louise Midi Shirt Dress Boden,https://us.boden.com/products/women-louise-midi-shirt-dress-french-navy-geo-party-d1813mgr?tc_ch=display&tc_ve=ba&tc_so=tradedesk&tc_me=pp&tc_ca=bau,,,174.30,249.00,https://cdn.shopify.com/s/files/1/0680/4619/2892/files/26waut_d1813_mgr_m02_v1_3414a59b-e64b-4552-a62a-46127d940b2c.jpg?v=1&width=800,Women,Women,22/09/2026,https://us.boden.com/products/women-louise-midi-shirt-dress-french-navy-geo-party-d1813mgr?tc_ch=display&tc_ve=ba&tc_so=tradedesk&tc_me=pp&tc_ca=bau,,,33,IN STOCK,,,"French Navy, Geo Party",,,,TRUE,TRUE
55218558,55218558,55218558,Maeve Cotton Midi Shirt Dress Boden,https://us.boden.com/products/women-maeve-cotton-midi-shirt-dress-multi-blossoming-gardenia-d1795mul?tc_ch=display&tc_ve=ba&tc_so=tradedesk&tc_me=pp&tc_ca=bau,,,162.00,270.00,https://cdn.shopify.com/s/files/1/0680/4619/2892/files/26wwin_d1795_mul_m07.jpg?v=1&width=800,Women,Women,22/09/2026,https://us.boden.com/products/women-maeve-cotton-midi-shirt-dress-multi-blossoming-gardenia-d1795mul?tc_ch=display&tc_ve=ba&tc_so=tradedesk&tc_me=pp&tc_ca=bau,,,87,IN STOCK,,,"Multi, Blossoming Gardenia",,,,TRUE,TRUE
55212657,55212657,55212657,Rhoda Cord Short Dress Boden,https://us.boden.com/products/women-rhoda-cord-short-dress-navy-d1828nav?tc_ch=display&tc_ve=ba&tc_so=tradedesk&tc_me=pp&tc_ca=bau,,,160.00,160.00,https://cdn.shopify.com/s/files/1/0680/4619/2892/files/26wwin_d1828_nav_m05.jpg?v=1&width=800,Women,Women,22/09/2026,https://us.boden.com/products/women-rhoda-cord-short-dress-navy-d1828nav?tc_ch=display&tc_ve=ba&tc_so=tradedesk&tc_me=pp&tc_ca=bau,,,154,IN STOCK,,,Navy,,,,TRUE,TRUE
55227423,55227423,55227423,Ruched Long Sleeve Top Boden,https://us.boden.com/products/women-ruched-long-sleeve-top-midnight-teal-t2206grn?tc_ch=display&tc_ve=ba&tc_so=tradedesk&tc_me=pp&tc_ca=bau,,,43.99,89.00,https://cdn.shopify.com/s/files/1/0680/4619/2892/files/26waut_t2206_grn_m04_c5f9c898-82dd-47c5-9b06-9579485d8976.jpg?v=1&width=800,Women,Women,22/09/2026,https://us.boden.com/products/women-ruched-long-sleeve-top-midnight-teal-t2206grn?tc_ch=display&tc_ve=ba&tc_so=tradedesk&tc_me=pp&tc_ca=bau,,,326,IN STOCK,,,Midnight Teal,,,,TRUE,TRUE
55227287,55227287,55227287,Ruched Long Sleeve Top Boden,https://us.boden.com/products/women-ruched-long-sleeve-top-navy-t2206nvy?tc_ch=display&tc_ve=ba&tc_so=tradedesk&tc_me=pp&tc_ca=bau,,,43.99,89.00,https://cdn.shopify.com/s/files/1/0680/4619/2892/files/26waut_t2206_nvy_m01_a3ddff12-a6be-4ad0-9fdc-15fcd95902f9.jpg?v=1&width=800,Women,Women,22/09/2026,https://us.boden.com/products/women-ruched-long-sleeve-top-navy-t2206nvy?tc_ch=display&tc_ve=ba&tc_so=tradedesk&tc_me=pp&tc_ca=bau,,,201,IN STOCK,,,Navy,,,,TRUE,TRUE
55200734,55200734,55200734,Cotton Crew Long Sleeve Top Boden,https://us.boden.com/products/women-cotton-crew-long-sleeve-top-true-navy-t1829bck?tc_ch=display&tc_ve=ba&tc_so=tradedesk&tc_me=pp&tc_ca=bau,,,45.00,45.00,https://cdn.shopify.com/s/files/1/0680/4619/2892/files/26waut_t1829_bck_m01_7e398e4d-b037-472b-89d1-82a36d3084ea.jpg?v=1&width=800,Women,Women,22/09/2026,https://us.boden.com/products/women-cotton-crew-long-sleeve-top-true-navy-t1829bck?tc_ch=display&tc_ve=ba&tc_so=tradedesk&tc_me=pp&tc_ca=bau,,,246,IN STOCK,,,True Navy,,,,TRUE,TRUE
55218659,55218659,55218659,Supersoft Frill Henley Top Boden,https://us.boden.com/products/women-supersoft-frill-henley-top-calla-lilly-purple-t1734psp?tc_ch=display&tc_ve=ba&tc_so=tradedesk&tc_me=pp&tc_ca=bau,,,69.00,69.00,https://cdn.shopify.com/s/files/1/0680/4619/2892/files/26waut_t1734_psp_m01_ffde7ac4-de40-4d24-ab9a-2a93915edf69.jpg?v=1&width=800,Women,Women,22/09/2026,https://us.boden.com/products/women-supersoft-frill-henley-top-calla-lilly-purple-t1734psp?tc_ch=display&tc_ve=ba&tc_so=tradedesk&tc_me=pp&tc_ca=bau,,,169,IN STOCK,,,Calla Lilly Purple,,,,TRUE,TRUE
55201535,55201535,55201535,Supersoft Puff Sleeve Shirt Boden,https://us.boden.com/products/women-supersoft-puff-sleeve-shirt-white-t2204wht?tc_ch=display&tc_ve=ba&tc_so=tradedesk&tc_me=pp&tc_ca=bau,,,69.00,69.00,https://cdn.shopify.com/s/files/1/0680/4619/2892/files/26waut_t2204_wht_m01_8394b2e1-6595-4fa3-9e06-f2deb115142a.jpg?v=1&width=800,Women,Women,22/09/2026,https://us.boden.com/products/women-supersoft-puff-sleeve-shirt-white-t2204wht?tc_ch=display&tc_ve=ba&tc_so=tradedesk&tc_me=pp&tc_ca=bau,,,265,IN STOCK,,,White,,,,TRUE,TRUE
55201347,55201347,55201347,Supersoft Puff Sleeve Shirt Boden,https://us.boden.com/products/women-supersoft-puff-sleeve-shirt-hunter-green-t2204lgr?tc_ch=display&tc_ve=ba&tc_so=tradedesk&tc_me=pp&tc_ca=bau,,,89.00,89.00,https://cdn.shopify.com/s/files/1/0680/4619/2892/files/26waut_t2204_lgr_m02_e19b52bf-c44f-4f1d-a54a-da4aa27f3c08.jpg?v=1&width=800,Women,Women,22/09/2026,https://us.boden.com/products/women-supersoft-puff-sleeve-shirt-hunter-green-t2204lgr?tc_ch=display&tc_ve=ba&tc_so=tradedesk&tc_me=pp&tc_ca=bau,,,422,IN STOCK,,,Hunter Green,,,,TRUE,TRUE
55214870,55214870,55214870,Ria Embellished Knit T-Shirt Boden,https://us.boden.com/products/women-ria-embellished-knit-t-shirt-amethyst-purple-k1316psp?tc_ch=display&tc_ve=ba&tc_so=tradedesk&tc_me=pp&tc_ca=bau,,,220.00,220.00,https://cdn.shopify.com/s/files/1/0680/4619/2892/files/26waut_k1316_psp_w01.jpg?v=1&width=800,Women,Women,22/09/2026,https://us.boden.com/products/women-ria-embellished-knit-t-shirt-amethyst-purple-k1316psp?tc_ch=display&tc_ve=ba&tc_so=tradedesk&tc_me=pp&tc_ca=bau,,,38,IN STOCK,,,Amethyst Purple,,,,TRUE,TRUE
55214552,55214552,55214552,Ella Embroidered Knit Sweater Boden,https://us.boden.com/products/women-ella-embroidered-knit-sweater-ivory-embroidery-k1318oat?tc_ch=display&tc_ve=ba&tc_so=tradedesk&tc_me=pp&tc_ca=bau,,,220.00,220.00,https://cdn.shopify.com/s/files/1/0680/4619/2892/files/26wwin_k1318_oat_w01.jpg?v=1&width=800,Women,Women,22/09/2026,https://us.boden.com/products/women-ella-embroidered-knit-sweater-ivory-embroidery-k1318oat?tc_ch=display&tc_ve=ba&tc_so=tradedesk&tc_me=pp&tc_ca=bau,,,129,IN STOCK,,,Ivory Embroidery,,,,TRUE,TRUE
55207903,55207903,55207903,Marianne Merino Wool Sweater Boden,https://us.boden.com/products/women-marianne-merino-wool-sweater-hunter-green-k1301grn?tc_ch=display&tc_ve=ba&tc_so=tradedesk&tc_me=pp&tc_ca=bau,,,160.00,160.00,https://cdn.shopify.com/s/files/1/0680/4619/2892/files/26waut_k1301_grn_m01_v1_c6ceb598-f9ba-404c-aeb1-5c3f5b178141.jpg?v=1&width=800,Women,Women,22/09/2026,https://us.boden.com/products/women-marianne-merino-wool-sweater-hunter-green-k1301grn?tc_ch=display&tc_ve=ba&tc_so=tradedesk&tc_me=pp&tc_ca=bau,,,560,IN STOCK,,,Hunter Green,,,,TRUE,TRUE
55207767,55207767,55207767,Marianne Merino Wool Sweater Boden,https://us.boden.com/products/women-marianne-merino-wool-sweater-navy-k1301nav?tc_ch=display&tc_ve=ba&tc_so=tradedesk&tc_me=pp&tc_ca=bau,,,160.00,160.00,https://cdn.shopify.com/s/files/1/0680/4619/2892/files/26waut_k1301_nav_w01.jpg?v=1&width=800,Women,Women,22/09/2026,https://us.boden.com/products/women-marianne-merino-wool-sweater-navy-k1301nav?tc_ch=display&tc_ve=ba&tc_so=tradedesk&tc_me=pp&tc_ca=bau,,,587,IN STOCK,,,Navy,,,,TRUE,TRUE
55204364,55204364,55204364,Bow Neck Knitted Sweater Boden,https://us.boden.com/products/women-bow-neck-knitted-sweater-ivory-k1304ivo?tc_ch=display&tc_ve=ba&tc_so=tradedesk&tc_me=pp&tc_ca=bau,,,140.00,140.00,https://cdn.shopify.com/s/files/1/0680/4619/2892/files/26waut_k1304_ivo_m01_v2.jpg?v=1&width=800,Women,Women,22/09/2026,https://us.boden.com/products/women-bow-neck-knitted-sweater-ivory-k1304ivo?tc_ch=display&tc_ve=ba&tc_so=tradedesk&tc_me=pp&tc_ca=bau,,,54,IN STOCK,,,Ivory,,,,TRUE,TRUE
55206138,55206138,55206138,Erica Cotton Frill Top Boden,https://us.boden.com/products/women-erica-cotton-frill-top-white-cross-stitch-floral-t2186flr?tc_ch=display&tc_ve=ba&tc_so=tradedesk&tc_me=pp&tc_ca=bau,,,108.00,180.00,https://cdn.shopify.com/s/files/1/0680/4619/2892/files/26waut_t2186_flr_m01_v2_c4c454e7-8fbf-4426-831e-72dd39da2c16.jpg?v=1&width=800,Women,Women,22/09/2026,https://us.boden.com/products/women-erica-cotton-frill-top-white-cross-stitch-floral-t2186flr?tc_ch=display&tc_ve=ba&tc_so=tradedesk&tc_me=pp&tc_ca=bau,,,107,IN STOCK,,,White Cross Stitch Floral,,,,TRUE,TRUE
55216424,55216424,55216424,Liz Henley Sweater Boden,https://us.boden.com/products/women-liz-henley-sweater-pink-heather-k1199pin?tc_ch=display&tc_ve=ba&tc_so=tradedesk&tc_me=pp&tc_ca=bau,,,140.00,140.00,https://cdn.shopify.com/s/files/1/0680/4619/2892/files/26waut_k1199_pin_m01_v1_3c3f112c-8815-436f-bf63-2184c5913446.jpg?v=1&width=800,Women,Women,22/09/2026,https://us.boden.com/products/women-liz-henley-sweater-pink-heather-k1199pin?tc_ch=display&tc_ve=ba&tc_so=tradedesk&tc_me=pp&tc_ca=bau,,,319,IN STOCK,,,Pink Heather,,,,TRUE,TRUE
55216269,55216269,55216269,Liz Henley Sweater Boden,https://us.boden.com/products/women-liz-henley-sweater-forest-glade-k1199dgr?tc_ch=display&tc_ve=ba&tc_so=tradedesk&tc_me=pp&tc_ca=bau,,,140.00,140.00,https://cdn.shopify.com/s/files/1/0680/4619/2892/files/26waut_k1199_dgr_m01_v2_0c406584-5ffb-4b7a-a594-1dc0508f322a.jpg?v=1&width=800,Women,Women,22/09/2026,https://us.boden.com/products/women-liz-henley-sweater-forest-glade-k1199dgr?tc_ch=display&tc_ve=ba&tc_so=tradedesk&tc_me=pp&tc_ca=bau,,,277,IN STOCK,,,Forest Glade,,,,TRUE,TRUE
55200008,55200008,55200008,Clara Tie Neck Denim Top Boden,https://us.boden.com/products/women-clara-tie-neck-denim-top-dark-indigo-t2174den?tc_ch=display&tc_ve=ba&tc_so=tradedesk&tc_me=pp&tc_ca=bau,,,89.40,149.00,https://cdn.shopify.com/s/files/1/0680/4619/2892/files/26waut_t2174_den_m01_v1_d2df429b-212a-4d24-a34e-860247b09480.jpg?v=1&width=800,Women,Women,22/09/2026,https://us.boden.com/products/women-clara-tie-neck-denim-top-dark-indigo-t2174den?tc_ch=display&tc_ve=ba&tc_so=tradedesk&tc_me=pp&tc_ca=bau,,,55,IN STOCK,,,Dark Indigo,,,,TRUE,TRUE
55219143,55219143,55219143,Jacquard Knitted Midi Skirt Boden,https://us.boden.com/products/women-jacquard-knitted-midi-skirt-camel-stripe-r0980neu?tc_ch=display&tc_ve=ba&tc_so=tradedesk&tc_me=pp&tc_ca=bau,,,98.99,199.00,https://cdn.shopify.com/s/files/1/0680/4619/2892/files/26waut_r0980_neu_m01_v1_cd93460a-28f8-4028-805f-cab874e9a97b.jpg?v=1&width=800,Women,Women,22/09/2026,https://us.boden.com/products/women-jacquard-knitted-midi-skirt-camel-stripe-r0980neu?tc_ch=display&tc_ve=ba&tc_so=tradedesk&tc_me=pp&tc_ca=bau,,,180,IN STOCK,,,Camel Stripe,,,,TRUE,TRUE
55194827,55194827,55194827,Briony Jersey Short Dress Boden,https://us.boden.com/products/women-briony-jersey-short-dress-navy-d1760nav?tc_ch=display&tc_ve=ba&tc_so=tradedesk&tc_me=pp&tc_ca=bau,,,99.00,99.00,https://cdn.shopify.com/s/files/1/0680/4619/2892/files/26waut_d1760_nav_m03_477a5481-57a5-4f2a-949f-c484afd6b3b8.jpg?v=1&width=800,Women,Women,22/09/2026,https://us.boden.com/products/women-briony-jersey-short-dress-navy-d1760nav?tc_ch=display&tc_ve=ba&tc_so=tradedesk&tc_me=pp&tc_ca=bau,,,138,IN STOCK,,,Navy,,,,TRUE,TRUE
55210694,55210694,55210694,Elsie Cashmere V Neck Sweater Boden,https://us.boden.com/products/women-elsie-cashmere-v-neck-sweater-pink-heather-k1333pnt?tc_ch=display&tc_ve=ba&tc_so=tradedesk&tc_me=pp&tc_ca=bau,,,170.00,170.00,https://cdn.shopify.com/s/files/1/0680/4619/2892/files/26waut_k1333_pnt_m01_v1.jpg?v=1&width=800,Women,Women,22/09/2026,https://us.boden.com/products/women-elsie-cashmere-v-neck-sweater-pink-heather-k1333pnt?tc_ch=display&tc_ve=ba&tc_so=tradedesk&tc_me=pp&tc_ca=bau,,,273,IN STOCK,,,Pink Heather,,,,TRUE,TRUE
55200247,55200247,55200247,The New Sienna Cotton Shirt Boden,https://us.boden.com/products/women-the-new-sienna-cotton-shirt-soft-cream-delicate-garden-t2164flr?tc_ch=display&tc_ve=ba&tc_so=tradedesk&tc_me=pp&tc_ca=bau,,,59.40,99.00,https://cdn.shopify.com/s/files/1/0680/4619/2892/files/26waut_t2164_flr_m01_d10ea1c2-a152-4c79-83f3-6864dcd82f54.jpg?v=1&width=800,Women,Women,22/09/2026,https://us.boden.com/products/women-the-new-sienna-cotton-shirt-soft-cream-delicate-garden-t2164flr?tc_ch=display&tc_ve=ba&tc_so=tradedesk&tc_me=pp&tc_ca=bau,,,25,IN STOCK,,,"Soft Cream, Delicate Garden",,,,TRUE,TRUE
55197026,55197026,55197026,Canonbury Cotton Pants Boden,https://us.boden.com/products/women-canonbury-cotton-pants-deep-grape-r0837pur?tc_ch=display&tc_ve=ba&tc_so=tradedesk&tc_me=pp&tc_ca=bau,,,130.00,130.00,https://cdn.shopify.com/s/files/1/0680/4619/2892/files/26waut_r0837_pur_w01.jpg?v=1&width=800,Women,Women,22/09/2026,https://us.boden.com/products/women-canonbury-cotton-pants-deep-grape-r0837pur?tc_ch=display&tc_ve=ba&tc_so=tradedesk&tc_me=pp&tc_ca=bau,,,66,IN STOCK,,,Deep Grape,,,,TRUE,TRUE
55215802,55215802,55215802,Canonbury Cotton 7/8 Pants Boden,https://us.boden.com/products/women-canonbury-cotton-7-8-pants-pink-brown-puppytooth-r0992pin?tc_ch=display&tc_ve=ba&tc_so=tradedesk&tc_me=pp&tc_ca=bau,,,160.00,160.00,https://cdn.shopify.com/s/files/1/0680/4619/2892/files/26waut_r0992_pin_m01_v1_6a2885a1-b53a-4602-85e1-50903d4c9e6f.jpg?v=1&width=800,Women,Women,22/09/2026,https://us.boden.com/products/women-canonbury-cotton-7-8-pants-pink-brown-puppytooth-r0992pin?tc_ch=display&tc_ve=ba&tc_so=tradedesk&tc_me=pp&tc_ca=bau,,,116,IN STOCK,,,"Pink, Brown Puppytooth",,,,TRUE,TRUE
55201189,55201189,55201189,Supersoft Ruched Jersey Shirt Boden,https://us.boden.com/products/women-supersoft-ruched-jersey-shirt-navy-t2146nav?tc_ch=display&tc_ve=ba&tc_so=tradedesk&tc_me=pp&tc_ca=bau,,,99.00,99.00,https://cdn.shopify.com/s/files/1/0680/4619/2892/files/26waut_t2146_nav_m02_1d0e30e5-0550-430b-9608-efa46247157d.jpg?v=1&width=800,Women,Women,22/09/2026,https://us.boden.com/products/women-supersoft-ruched-jersey-shirt-navy-t2146nav?tc_ch=display&tc_ve=ba&tc_so=tradedesk&tc_me=pp&tc_ca=bau,,,292,IN STOCK,,,Navy,,,,TRUE,TRUE
55194037,55194037,55194037,Fleur Cord Midi Dress Boden,https://us.boden.com/products/women-fleur-cord-midi-dress-raw-umber-d1790brn?tc_ch=display&tc_ve=ba&tc_so=tradedesk&tc_me=pp&tc_ca=bau,,,199.00,199.00,https://cdn.shopify.com/s/files/1/0680/4619/2892/files/26waut_d1790_brn_w01.jpg?v=1&width=800,Women,Women,22/09/2026,https://us.boden.com/products/women-fleur-cord-midi-dress-raw-umber-d1790brn?tc_ch=display&tc_ve=ba&tc_so=tradedesk&tc_me=pp&tc_ca=bau,,,226,IN STOCK,,,Raw Umber,,,,TRUE,TRUE
55198922,55198922,55198922,Tiered Woven Top Boden,https://us.boden.com/products/girls-tiered-woven-top-mid-vintage-g6138den?tc_ch=display&tc_ve=ba&tc_so=tradedesk&tc_me=pp&tc_ca=bau,,,49.00,49.00,https://cdn.shopify.com/s/files/1/0680/4619/2892/files/26gaut_g6138_den_eb0bc493-d8a6-4e1e-aa9d-ae2e6a273916.jpg?v=1&width=800,Girls,Girls,22/09/2026,https://us.boden.com/products/girls-tiered-woven-top-mid-vintage-g6138den?tc_ch=display&tc_ve=ba&tc_so=tradedesk&tc_me=pp&tc_ca=bau,,,192,IN STOCK,,,Mid Vintage,,,,TRUE,TRUE
55198011,55198011,55198011,Pretty Embroidered Cardigan Boden,https://us.boden.com/products/girls-pretty-embroidered-cardigan-vintage-rose-floral-embroidery-g6122pnk?tc_ch=display&tc_ve=ba&tc_so=tradedesk&tc_me=pp&tc_ca=bau,,,69.00,69.00,https://cdn.shopify.com/s/files/1/0680/4619/2892/files/26gaut_g6122_pnk.jpg?v=1&width=800,Girls,Girls,22/09/2026,https://us.boden.com/products/girls-pretty-embroidered-cardigan-vintage-rose-floral-embroidery-g6122pnk?tc_ch=display&tc_ve=ba&tc_so=tradedesk&tc_me=pp&tc_ca=bau,,,25,IN STOCK,,,Vintage Rose Floral Embroidery,,,,TRUE,TRUE
55198678,55198678,55198678,Pretty Peplum Cardigan Boden,https://us.boden.com/products/girls-pretty-peplum-cardigan-navy-g6121nav?tc_ch=display&tc_ve=ba&tc_so=tradedesk&tc_me=pp&tc_ca=bau,,,55.00,55.00,https://cdn.shopify.com/s/files/1/0680/4619/2892/files/26gaut_g6121_nav_m01_7e6636c8-b98d-405e-826d-08e32501b632.jpg?v=1&width=800,Girls,Girls,22/09/2026,https://us.boden.com/products/girls-pretty-peplum-cardigan-navy-g6121nav?tc_ch=display&tc_ve=ba&tc_so=tradedesk&tc_me=pp&tc_ca=bau,,,196,IN STOCK,,,Navy,,,,TRUE,TRUE
55198622,55198622,55198622,Pretty Peplum Cardigan Boden,https://us.boden.com/products/girls-pretty-peplum-cardigan-camel-college-navy-stripe-g6121neu?tc_ch=display&tc_ve=ba&tc_so=tradedesk&tc_me=pp&tc_ca=bau,,,55.00,55.00,https://cdn.shopify.com/s/files/1/0680/4619/2892/files/26gaut_g6121_neu_m01_9eba23ad-0bc9-48e5-809b-91e30c92c95b.jpg?v=1&width=800,Girls,Girls,22/09/2026,https://us.boden.com/products/girls-pretty-peplum-cardigan-camel-college-navy-stripe-g6121neu?tc_ch=display&tc_ve=ba&tc_so=tradedesk&tc_me=pp&tc_ca=bau,,,120,IN STOCK,,,Camel/ College Navy Stripe,,,,TRUE,TRUE
55218679,55218679,55218679,Supersoft Frill Henley Top Boden,https://us.boden.com/products/women-supersoft-frill-henley-top-black-t1734blk?tc_ch=display&tc_ve=ba&tc_so=tradedesk&tc_me=pp&tc_ca=bau,,,69.00,69.00,https://cdn.shopify.com/s/files/1/0680/4619/2892/files/26waut_t1734_blk_m01_899f3143-3709-482f-800c-51f75a554a2b.jpg?v=1&width=800,Women,Women,22/09/2026,https://us.boden.com/products/women-supersoft-frill-henley-top-black-t1734blk?tc_ch=display&tc_ve=ba&tc_so=tradedesk&tc_me=pp&tc_ca=bau,,,234,IN STOCK,,,Black,,,,TRUE,TRUE
55198883,55198883,55198883,Fun Borg Mix Fleece Boden,https://us.boden.com/products/girls-fun-borg-mix-fleece-brown-borg-mix-g6108brn?tc_ch=display&tc_ve=ba&tc_so=tradedesk&tc_me=pp&tc_ca=bau,,,69.00,69.00,https://cdn.shopify.com/s/files/1/0680/4619/2892/files/26gaut_g6108_brn_6a9c3077-1058-4d51-afd3-fb5bbf9232aa.jpg?v=1&width=800,Girls,Girls,22/09/2026,https://us.boden.com/products/girls-fun-borg-mix-fleece-brown-borg-mix-g6108brn?tc_ch=display&tc_ve=ba&tc_so=tradedesk&tc_me=pp&tc_ca=bau,,,168,IN STOCK,,,Brown Borg Mix,,,,TRUE,TRUE
55198401,55198401,55198401,Fun Borg Mix Fleece Boden,https://us.boden.com/products/girls-fun-borg-mix-fleece-rainbow-trim-borg-g6108mul?tc_ch=display&tc_ve=ba&tc_so=tradedesk&tc_me=pp&tc_ca=bau,,,69.00,69.00,https://cdn.shopify.com/s/files/1/0680/4619/2892/files/26gaut_g6108_mul_fca7daf0-b0c6-468d-adae-8e43de2a90d2.jpg?v=1&width=800,Girls,Girls,22/09/2026,https://us.boden.com/products/girls-fun-borg-mix-fleece-rainbow-trim-borg-g6108mul?tc_ch=display&tc_ve=ba&tc_so=tradedesk&tc_me=pp&tc_ca=bau,,,147,IN STOCK,,,Rainbow Trim Borg,,,,TRUE,TRUE
55202984,55202984,55202984,Borg Lined Anorak Boden,https://us.boden.com/products/boys-borg-lined-anorak-rubicondo-b3166red?tc_ch=display&tc_ve=ba&tc_so=tradedesk&tc_me=pp&tc_ca=bau,,,89.00,89.00,https://cdn.shopify.com/s/files/1/0680/4619/2892/files/26baut_b3166_red_84e7bac2-fa79-4005-a731-a31fa2f384bc.jpg?v=1&width=800,Boys,Boys,22/09/2026,https://us.boden.com/products/boys-borg-lined-anorak-rubicondo-b3166red?tc_ch=display&tc_ve=ba&tc_so=tradedesk&tc_me=pp&tc_ca=bau,,,111,IN STOCK,,,RUBICONDO,,,,TRUE,TRUE
55198727,55198727,55198727,Pretty Embroidered Cardigan Boden,https://us.boden.com/products/girls-pretty-embroidered-cardigan-ecru-marl-floral-embroidery-g6122ivo?tc_ch=display&tc_ve=ba&tc_so=tradedesk&tc_me=pp&tc_ca=bau,,,69.00,69.00,https://cdn.shopify.com/s/files/1/0680/4619/2892/files/26gwin_g6122_ivo_m01_v1_ace555f5-070f-40c8-87c3-60ed1bb65a90.jpg?v=1&width=800,Girls,Girls,22/09/2026,https://us.boden.com/products/girls-pretty-embroidered-cardigan-ecru-marl-floral-embroidery-g6122ivo?tc_ch=display&tc_ve=ba&tc_so=tradedesk&tc_me=pp&tc_ca=bau,,,59,IN STOCK,,,Ecru Marl Floral Embroidery,,,,TRUE,TRUE
55217972,55217972,55217972,Long Sleeve Henley Top Boden,https://us.boden.com/products/girls-long-sleeve-henley-top-soft-ivory-navy-stripe-g6126nav?tc_ch=display&tc_ve=ba&tc_so=tradedesk&tc_me=pp&tc_ca=bau,,,29.00,29.00,https://cdn.shopify.com/s/files/1/0680/4619/2892/files/26gaut_g6126_nav_831ccabf-6e7f-4379-b67c-4c8b94842a85.jpg?v=1&width=800,Girls,Girls,22/09/2026,https://us.boden.com/products/girls-long-sleeve-henley-top-soft-ivory-navy-stripe-g6126nav?tc_ch=display&tc_ve=ba&tc_so=tradedesk&tc_me=pp&tc_ca=bau,,,205,IN STOCK,,,Soft Ivory/ Navy Stripe,,,,TRUE,TRUE
55196489,55196489,55196489,Snug Long John Pajamas Boden,https://us.boden.com/products/girls-snug-long-john-pajamas-bee-garden-g5937bck?tc_ch=display&tc_ve=ba&tc_so=tradedesk&tc_me=pp&tc_ca=bau,,,45.00,45.00,https://cdn.shopify.com/s/files/1/0680/4619/2892/files/26gaut_g5937_bck_b1983ae8-929d-4020-8df6-4490bc0c0c70.jpg?v=1&width=800,Girls,Girls,22/09/2026,https://us.boden.com/products/girls-snug-long-john-pajamas-bee-garden-g5937bck?tc_ch=display&tc_ve=ba&tc_so=tradedesk&tc_me=pp&tc_ca=bau,,,152,IN STOCK,,,Bee Garden,,,,TRUE,TRUE
55204483,55204483,55204483,Cosy Mid-weight T-shirt Boden,https://us.boden.com/products/boys-cosy-mid-weight-t-shirt-sweet-cherry-french-blue-b3091brd?tc_ch=display&tc_ve=ba&tc_so=tradedesk&tc_me=pp&tc_ca=bau,,,39.00,39.00,https://cdn.shopify.com/s/files/1/0680/4619/2892/files/26baut_b3091_brd_a94270e5-80ac-46b0-a9ec-addfb840be4f.jpg?v=1&width=800,Boys,Boys,22/09/2026,https://us.boden.com/products/boys-cosy-mid-weight-t-shirt-sweet-cherry-french-blue-b3091brd?tc_ch=display&tc_ve=ba&tc_so=tradedesk&tc_me=pp&tc_ca=bau,,,237,IN STOCK,,,Sweet Cherry / French Blue,,,,TRUE,TRUE
55204127,55204127,55204127,Argyle Jumper Boden,https://us.boden.com/products/boys-argyle-jumper-stone-melange-b3289gry?tc_ch=display&tc_ve=ba&tc_so=tradedesk&tc_me=pp&tc_ca=bau,,,65.00,65.00,https://cdn.shopify.com/s/files/1/0680/4619/2892/files/26baut_b3289_gry.jpg?v=1&width=800,Boys,Boys,22/09/2026,https://us.boden.com/products/boys-argyle-jumper-stone-melange-b3289gry?tc_ch=display&tc_ve=ba&tc_so=tradedesk&tc_me=pp&tc_ca=bau,,,182,IN STOCK,,,Stone Melange,,,,TRUE,TRUE
55197956,55197956,55197956,Fun Padded Coat Boden,https://us.boden.com/products/girls-fun-padded-coat-patchwork-flowers-g5701mml?tc_ch=display&tc_ve=ba&tc_so=tradedesk&tc_me=pp&tc_ca=bau,,,99.00,99.00,https://cdn.shopify.com/s/files/1/0680/4619/2892/files/26gaut_g5701_mml_9c8aa84f-04eb-4147-9543-2e463c9e7b24.jpg?v=1&width=800,Girls,Girls,22/09/2026,https://us.boden.com/products/girls-fun-padded-coat-patchwork-flowers-g5701mml?tc_ch=display&tc_ve=ba&tc_so=tradedesk&tc_me=pp&tc_ca=bau,,,124,IN STOCK,,,Patchwork Flowers,,,,TRUE,TRUE
55219297,55219297,55219297,Polo Collar Mariner Boden,https://us.boden.com/products/women-polo-collar-mariner-garnet-and-ivory-stripe-t2223red?tc_ch=display&tc_ve=ba&tc_so=tradedesk&tc_me=pp&tc_ca=bau,,,99.00,99.00,https://cdn.shopify.com/s/files/1/0680/4619/2892/files/26waut_t2223_red_m01_30b6094b-560f-4615-a91c-27327c78731b.jpg?v=1&width=800,Women,Women,22/09/2026,https://us.boden.com/products/women-polo-collar-mariner-garnet-and-ivory-stripe-t2223red?tc_ch=display&tc_ve=ba&tc_so=tradedesk&tc_me=pp&tc_ca=bau,,,348,IN STOCK,,,Garnet and Ivory Stripe,,,,TRUE,TRUE
55211278,55211278,55211278,Elizabeth Bow Knitted Jacket Boden,https://us.boden.com/products/women-elizabeth-bow-knitted-jacket-camel-dogstooth-k1331neu?tc_ch=display&tc_ve=ba&tc_so=tradedesk&tc_me=pp&tc_ca=bau,,,249.00,249.00,https://cdn.shopify.com/s/files/1/0680/4619/2892/files/26waut_k1331_neu_m05_7023cdb9-0a0a-4186-82e8-9eb9a13fcfe6.jpg?v=1&width=800,Women,Women,22/09/2026,https://us.boden.com/products/women-elizabeth-bow-knitted-jacket-camel-dogstooth-k1331neu?tc_ch=display&tc_ve=ba&tc_so=tradedesk&tc_me=pp&tc_ca=bau,,,107,IN STOCK,,,"Camel, Dogstooth",,,,TRUE,TRUE
55207668,55207668,55207668,Printed Tiered Woven Dress Boden,https://us.boden.com/products/girls-printed-tiered-woven-dress-blue-birds-placement-g6072blu?tc_ch=display&tc_ve=ba&tc_so=tradedesk&tc_me=pp&tc_ca=bau,,,89.00,89.00,https://cdn.shopify.com/s/files/1/0680/4619/2892/files/26gaut_g6072_blu_w01.jpg?v=1&width=800,Girls,Girls,22/09/2026,https://us.boden.com/products/girls-printed-tiered-woven-dress-blue-birds-placement-g6072blu?tc_ch=display&tc_ve=ba&tc_so=tradedesk&tc_me=pp&tc_ca=bau,,,162,IN STOCK,,,Blue Birds Placement,,,,TRUE,TRUE
55198332,55198332,55198332,Wide Leg Jeans Boden,https://us.boden.com/products/girls-wide-leg-jeans-mid-wash-heart-applique-g5860dvn?tc_ch=display&tc_ve=ba&tc_so=tradedesk&tc_me=pp&tc_ca=bau,,,65.00,65.00,https://cdn.shopify.com/s/files/1/0680/4619/2892/files/26gaut_g5860_dvn_03274070-84f8-409b-8366-0005ebfeaece.jpg?v=1&width=800,Girls,Girls,22/09/2026,https://us.boden.com/products/girls-wide-leg-jeans-mid-wash-heart-applique-g5860dvn?tc_ch=display&tc_ve=ba&tc_so=tradedesk&tc_me=pp&tc_ca=bau,,,66,IN STOCK,,,Mid Wash Heart Applique,,,,TRUE,TRUE
55198896,55198896,55198896,Reversible Borg Quilted Jacket Boden,https://us.boden.com/products/girls-reversible-borg-quilted-jacket-falcon-green-g6107grn?tc_ch=display&tc_ve=ba&tc_so=tradedesk&tc_me=pp&tc_ca=bau,,,99.00,99.00,https://cdn.shopify.com/s/files/1/0680/4619/2892/files/26gaut_g6107_grn_m01.jpg?v=1&width=800,Girls,Girls,22/09/2026,https://us.boden.com/products/girls-reversible-borg-quilted-jacket-falcon-green-g6107grn?tc_ch=display&tc_ve=ba&tc_so=tradedesk&tc_me=pp&tc_ca=bau,,,296,IN STOCK,,,Falcon Green,,,,TRUE,TRUE
55199106,55199106,55199106,Patch Pocket Straight Jeans Boden,https://us.boden.com/products/girls-patch-pocket-straight-jeans-denim-embroidery-g5861win?tc_ch=display&tc_ve=ba&tc_so=tradedesk&tc_me=pp&tc_ca=bau,,,65.00,65.00,https://cdn.shopify.com/s/files/1/0680/4619/2892/files/26gaut_g5861_win_bddf67da-0b15-4385-8a6e-631d12731a84.jpg?v=1&width=800,Girls,Girls,22/09/2026,https://us.boden.com/products/girls-patch-pocket-straight-jeans-denim-embroidery-g5861win?tc_ch=display&tc_ve=ba&tc_so=tradedesk&tc_me=pp&tc_ca=bau,,,102,IN STOCK,,,Denim Embroidery,,,,TRUE,TRUE
55197927,55197927,55197927,Embroidered Sleeve Dress Boden,https://us.boden.com/products/girls-embroidered-sleeve-dress-spring-blossom-pink-g6062pnk?tc_ch=display&tc_ve=ba&tc_so=tradedesk&tc_me=pp&tc_ca=bau,,,65.00,65.00,https://cdn.shopify.com/s/files/1/0680/4619/2892/files/26gaut_g6062_pnk.jpg?v=1&width=800,Girls,Girls,22/09/2026,https://us.boden.com/products/girls-embroidered-sleeve-dress-spring-blossom-pink-g6062pnk?tc_ch=display&tc_ve=ba&tc_so=tradedesk&tc_me=pp&tc_ca=bau,,,74,IN STOCK,,,Spring Blossom Pink,,,,TRUE,TRUE
55198039,55198039,55198039,Long Sleeve Bubble Hem Dress Boden,https://us.boden.com/products/girls-long-sleeve-bubble-hem-dress-blue-multi-floral-g6116mml?tc_ch=display&tc_ve=ba&tc_so=tradedesk&tc_me=pp&tc_ca=bau,,,79.00,79.00,https://cdn.shopify.com/s/files/1/0680/4619/2892/files/26gaut_g6116_mml.jpg?v=1&width=800,Girls,Girls,22/09/2026,https://us.boden.com/products/girls-long-sleeve-bubble-hem-dress-blue-multi-floral-g6116mml?tc_ch=display&tc_ve=ba&tc_so=tradedesk&tc_me=pp&tc_ca=bau,,,131,IN STOCK,,,Blue Multi Floral,,,,TRUE,TRUE
55219678,55219678,55219678,Minna Sweatshirt Dress Boden,https://us.boden.com/products/girls-minna-sweatshirt-dress-leopard-g5560lbr?tc_ch=display&tc_ve=ba&tc_so=tradedesk&tc_me=pp&tc_ca=bau,,,49.00,49.00,https://cdn.shopify.com/s/files/1/0680/4619/2892/files/26gaut_g5560_lbr_4e4b5bbd-bb6f-4b5f-946f-519018631420.jpg?v=1&width=800,Girls,Girls,22/09/2026,https://us.boden.com/products/girls-minna-sweatshirt-dress-leopard-g5560lbr?tc_ch=display&tc_ve=ba&tc_so=tradedesk&tc_me=pp&tc_ca=bau,,,79,IN STOCK,,,Leopard,,,,TRUE,TRUE
55198146,55198146,55198146,Cora Jersey RaRa Dress Boden,https://us.boden.com/products/girls-cora-jersey-rara-dress-pomegranate-red-spotty-hearts-g6054red?tc_ch=display&tc_ve=ba&tc_so=tradedesk&tc_me=pp&tc_ca=bau,,,45.50,65.00,https://cdn.shopify.com/s/files/1/0680/4619/2892/files/26gaut_g6054_red_ba52a078-3aaa-48f0-9c95-593a7263d612.jpg?v=1&width=800,Girls,Girls,22/09/2026,https://us.boden.com/products/girls-cora-jersey-rara-dress-pomegranate-red-spotty-hearts-g6054red?tc_ch=display&tc_ve=ba&tc_so=tradedesk&tc_me=pp&tc_ca=bau,,,69,IN STOCK,,,Pomegranate Red Spotty Hearts,,,,TRUE,TRUE
55197680,55197680,55197680,Ami Relaxed Sweatshirt Dress Boden,https://us.boden.com/products/girls-ami-relaxed-sweatshirt-dress-pink-flower-embroidery-g5746ppk?tc_ch=display&tc_ve=ba&tc_so=tradedesk&tc_me=pp&tc_ca=bau,,,48.30,69.00,https://cdn.shopify.com/s/files/1/0680/4619/2892/files/26gaut_g5746_ppk_51497996-cc8a-419c-8f6d-13e75a4d4666.jpg?v=1&width=800,Girls,Girls,22/09/2026,https://us.boden.com/products/girls-ami-relaxed-sweatshirt-dress-pink-flower-embroidery-g5746ppk?tc_ch=display&tc_ve=ba&tc_so=tradedesk&tc_me=pp&tc_ca=bau,,,154,IN STOCK,,,Pink Flower Embroidery,,,,TRUE,TRUE
55196313,55196313,55196313,Minna Sweatshirt Dress Boden,https://us.boden.com/products/girls-minna-sweatshirt-dress-pink-floral-g5560cor?tc_ch=display&tc_ve=ba&tc_so=tradedesk&tc_me=pp&tc_ca=bau,,,49.00,49.00,https://cdn.shopify.com/s/files/1/0680/4619/2892/files/26gaut_g5560_cor_1a43c33f-ccfb-452b-88c6-e2ebec7a28f7.jpg?v=1&width=800,Girls,Girls,22/09/2026,https://us.boden.com/products/girls-minna-sweatshirt-dress-pink-floral-g5560cor?tc_ch=display&tc_ve=ba&tc_so=tradedesk&tc_me=pp&tc_ca=bau,,,70,IN STOCK,,,Pink Floral,,,,TRUE,TRUE
55198251,55198251,55198251,Long Sleeve Twirly Dress Boden,https://us.boden.com/products/girls-long-sleeve-twirly-dress-milk-chocolate-brown-leopard-g6146brn?tc_ch=display&tc_ve=ba&tc_so=tradedesk&tc_me=pp&tc_ca=bau,,,42.00,42.00,https://cdn.shopify.com/s/files/1/0680/4619/2892/files/26gaut_g6146_brn_e5f6b501-8d6e-406d-99b2-4e0b2be3e562.jpg?v=1&width=800,Girls,Girls,22/09/2026,https://us.boden.com/products/girls-long-sleeve-twirly-dress-milk-chocolate-brown-leopard-g6146brn?tc_ch=display&tc_ve=ba&tc_so=tradedesk&tc_me=pp&tc_ca=bau,,,116,IN STOCK,,,Milk Chocolate Brown Leopard,,,,TRUE,TRUE
55197854,55197854,55197854,Betsy Woven Puff Sleeve Dress Boden,https://us.boden.com/products/girls-betsy-woven-puff-sleeve-dress-denim-tiny-hearts-g6119den?tc_ch=display&tc_ve=ba&tc_so=tradedesk&tc_me=pp&tc_ca=bau,,,65.00,65.00,https://cdn.shopify.com/s/files/1/0680/4619/2892/files/26gaut_g6119_den_b00e93e4-cc99-416c-8f9c-093c1526e87e.jpg?v=1&width=800,Girls,Girls,22/09/2026,https://us.boden.com/products/girls-betsy-woven-puff-sleeve-dress-denim-tiny-hearts-g6119den?tc_ch=display&tc_ve=ba&tc_so=tradedesk&tc_me=pp&tc_ca=bau,,,133,IN STOCK,,,Denim Tiny Hearts,,,,TRUE,TRUE
55201615,55201615,55201615,Dinah Everyday Flexi Loafers Boden,https://us.boden.com/products/women-dinah-everyday-flexi-loafers-chocolate-a2236dbr?tc_ch=display&tc_ve=ba&tc_so=tradedesk&tc_me=pp&tc_ca=bau,,,190.00,190.00,https://cdn.shopify.com/s/files/1/0680/4619/2892/files/26waut_a2236_dbr_2172b7f5-45ab-41a4-8b0f-ced2d5d7aa9b.jpg?v=1&width=800,Women,Women,22/09/2026,https://us.boden.com/products/women-dinah-everyday-flexi-loafers-chocolate-a2236dbr?tc_ch=display&tc_ve=ba&tc_so=tradedesk&tc_me=pp&tc_ca=bau,,,153,IN STOCK,,,Chocolate,,,,TRUE,TRUE
55221450,55221450,55221450,Elisabeth Silk Square Scarf Boden,https://us.boden.com/products/women-elisabeth-silk-square-scarf-pink-peony-houndstooth-a1592ros?tc_ch=display&tc_ve=ba&tc_so=tradedesk&tc_me=pp&tc_ca=bau,,,99.00,99.00,https://cdn.shopify.com/s/files/1/0680/4619/2892/files/26waut_a1592_ros_a179f780-f91f-4a1d-920d-62892064aa2b.jpg?v=1&width=800,Women,Women,22/09/2026,https://us.boden.com/products/women-elisabeth-silk-square-scarf-pink-peony-houndstooth-a1592ros?tc_ch=display&tc_ve=ba&tc_so=tradedesk&tc_me=pp&tc_ca=bau,,,85,IN STOCK,,,"Pink Peony, Houndstooth",,,,TRUE,TRUE
55192311,55192311,55192311,Dinah Everyday Flexi Loafers Boden,https://us.boden.com/products/women-dinah-everyday-flexi-loafers-wine-patent-a2236bur?tc_ch=display&tc_ve=ba&tc_so=tradedesk&tc_me=pp&tc_ca=bau,,,190.00,190.00,https://cdn.shopify.com/s/files/1/0680/4619/2892/files/26waut_a2236_bur_fe2c2cfa-76fe-4193-b694-01ad808f38ac.jpg?v=1&width=800,Women,Women,22/09/2026,https://us.boden.com/products/women-dinah-everyday-flexi-loafers-wine-patent-a2236bur?tc_ch=display&tc_ve=ba&tc_so=tradedesk&tc_me=pp&tc_ca=bau,,,146,IN STOCK,,,Wine Patent,,,,TRUE,TRUE
55201360,55201360,55201360,Dinah Everyday Flexi Loafers Boden,https://us.boden.com/products/women-dinah-everyday-flexi-loafers-black-and-ivory-speckled-a2236mlt?tc_ch=display&tc_ve=ba&tc_so=tradedesk&tc_me=pp&tc_ca=bau,,,109.99,220.00,https://cdn.shopify.com/s/files/1/0680/4619/2892/files/26waut_a2236_mlt_c9ec29af-c5b0-44ef-be50-596c03da2051.jpg?v=1&width=800,Women,Women,22/09/2026,https://us.boden.com/products/women-dinah-everyday-flexi-loafers-black-and-ivory-speckled-a2236mlt?tc_ch=display&tc_ve=ba&tc_so=tradedesk&tc_me=pp&tc_ca=bau,,,87,IN STOCK,,,Black and Ivory Speckled,,,,TRUE,TRUE
55207610,55207610,55207610,Camilla Ruched Ballet Flats Boden,https://us.boden.com/products/women-camilla-ruched-ballet-flats-bitter-chocolate-a2230mbr?tc_ch=display&tc_ve=ba&tc_so=tradedesk&tc_me=pp&tc_ca=bau,,,190.00,190.00,https://cdn.shopify.com/s/files/1/0680/4619/2892/files/26waut_a2230_mbr_19c155b6-3ffd-4439-b70a-43e006286799.jpg?v=1&width=800,Women,Women,22/09/2026,https://us.boden.com/products/women-camilla-ruched-ballet-flats-bitter-chocolate-a2230mbr?tc_ch=display&tc_ve=ba&tc_so=tradedesk&tc_me=pp&tc_ca=bau,,,46,IN STOCK,,,Bitter Chocolate,,,,TRUE,TRUE
55216879,55216879,55216879,Nigella Pointed Toe Flats Boden,https://us.boden.com/products/women-nigella-pointed-toe-flats-oxblood-snake-print-a2243eld?tc_ch=display&tc_ve=ba&tc_so=tradedesk&tc_me=pp&tc_ca=bau,,,220.00,220.00,https://cdn.shopify.com/s/files/1/0680/4619/2892/files/26waut_a2243_eld_ea4629c2-be56-4f64-b0f9-232470eacd73.jpg?v=1&width=800,Women,Women,22/09/2026,https://us.boden.com/products/women-nigella-pointed-toe-flats-oxblood-snake-print-a2243eld?tc_ch=display&tc_ve=ba&tc_so=tradedesk&tc_me=pp&tc_ca=bau,,,6,IN STOCK,,,Oxblood Snake Print,,,,TRUE,TRUE
55217443,55217443,55217443,Jewel Tear Earrings Boden,https://us.boden.com/products/women-jewel-tear-earrings-topaz-a2290lbr?tc_ch=display&tc_ve=ba&tc_so=tradedesk&tc_me=pp&tc_ca=bau,,,79.00,79.00,https://cdn.shopify.com/s/files/1/0680/4619/2892/files/26waut_a2290_lbr.jpg?v=1&width=800,Women,Women,22/09/2026,https://us.boden.com/products/women-jewel-tear-earrings-topaz-a2290lbr?tc_ch=display&tc_ve=ba&tc_so=tradedesk&tc_me=pp&tc_ca=bau,,,48,IN STOCK,,,Topaz,,,,TRUE,TRUE
55191934,55191934,55191934,Dinah Everyday Flexi Loafers Boden,https://us.boden.com/products/women-dinah-everyday-flexi-loafers-classic-leopard-a2236mul?tc_ch=display&tc_ve=ba&tc_so=tradedesk&tc_me=pp&tc_ca=bau,,,220.00,220.00,https://cdn.shopify.com/s/files/1/0680/4619/2892/files/26waut_a2236_mul_e24e9365-6c9e-4c4a-8959-e28d446b4936.jpg?v=1&width=800,Women,Women,22/09/2026,https://us.boden.com/products/women-dinah-everyday-flexi-loafers-classic-leopard-a2236mul?tc_ch=display&tc_ve=ba&tc_so=tradedesk&tc_me=pp&tc_ca=bau,,,67,IN STOCK,,,Classic Leopard,,,,TRUE,TRUE
55214481,55214481,55214481,Double Ring Belt Boden,https://us.boden.com/products/women-double-ring-belt-black-a2256blk?tc_ch=display&tc_ve=ba&tc_so=tradedesk&tc_me=pp&tc_ca=bau,,,99.00,99.00,https://cdn.shopify.com/s/files/1/0680/4619/2892/files/26waut_a2256_blk_977163a1-2906-459d-bacf-703a17390aa7.jpg?v=1&width=800,Women,Women,22/09/2026,https://us.boden.com/products/women-double-ring-belt-black-a2256blk?tc_ch=display&tc_ve=ba&tc_so=tradedesk&tc_me=pp&tc_ca=bau,,,72,IN STOCK,,,Black,,,,TRUE,TRUE
55217651,55217651,55217651,Cashmere Neckerchief Boden,https://us.boden.com/products/women-cashmere-neckerchief-gingerbread-a2284brn?tc_ch=display&tc_ve=ba&tc_so=tradedesk&tc_me=pp&tc_ca=bau,,,99.00,99.00,https://cdn.shopify.com/s/files/1/0680/4619/2892/files/26waut_a2284_brn_c3f49db1-5c58-499a-ad57-43e20ac53694.jpg?v=1&width=800,Women,Women,22/09/2026,https://us.boden.com/products/women-cashmere-neckerchief-gingerbread-a2284brn?tc_ch=display&tc_ve=ba&tc_so=tradedesk&tc_me=pp&tc_ca=bau,,,391,IN STOCK,,,Gingerbread,,,,TRUE,TRUE
55214528,55214528,55214528,Jasmine Ruched Jersey Dress Boden,https://us.boden.com/products/women-jasmine-ruched-jersey-dress-crimson-red-d1764drd?tc_ch=display&tc_ve=ba&tc_so=tradedesk&tc_me=pp&tc_ca=bau,,,149.00,149.00,https://cdn.shopify.com/s/files/1/0680/4619/2892/files/26waut_d1764_drd_m01_210dcd1b-4553-4169-8261-a016abb7d098.jpg?v=1&width=800,Women,Women,22/09/2026,https://us.boden.com/products/women-jasmine-ruched-jersey-dress-crimson-red-d1764drd?tc_ch=display&tc_ve=ba&tc_so=tradedesk&tc_me=pp&tc_ca=bau,,,81,IN STOCK,,,Crimson Red,,,,TRUE,TRUE
55194477,55194477,55194477,T-Shirt Jersey Midi Dress Boden,https://us.boden.com/products/women-t-shirt-jersey-midi-dress-hunter-green-boden-spot-d1756grn?tc_ch=display&tc_ve=ba&tc_so=tradedesk&tc_me=pp&tc_ca=bau,,,84.00,140.00,https://cdn.shopify.com/s/files/1/0680/4619/2892/files/26waut_d1756_grn_m05_bd68b78b-f560-4cdb-8d1e-1c31e8a3fa50.jpg?v=1&width=800,Women,Women,22/09/2026,https://us.boden.com/products/women-t-shirt-jersey-midi-dress-hunter-green-boden-spot-d1756grn?tc_ch=display&tc_ve=ba&tc_so=tradedesk&tc_me=pp&tc_ca=bau,,,85,IN STOCK,,,"Hunter Green, Boden Spot",,,,TRUE,TRUE
55196080,55196080,55196080,Honor Column Jersey Midi Dress Boden,https://us.boden.com/products/women-honor-column-jersey-midi-dress-black-d1767bck?tc_ch=display&tc_ve=ba&tc_so=tradedesk&tc_me=pp&tc_ca=bau,,,149.00,149.00,https://cdn.shopify.com/s/files/1/0680/4619/2892/files/26waut_d1767_bck_m01_3f04db72-029b-4571-b1f6-2ef1525bf4ff.jpg?v=1&width=800,Women,Women,22/09/2026,https://us.boden.com/products/women-honor-column-jersey-midi-dress-black-d1767bck?tc_ch=display&tc_ve=ba&tc_so=tradedesk&tc_me=pp&tc_ca=bau,,,265,IN STOCK,,,Black,,,,TRUE,TRUE
55194253,55194253,55194253,Alex Ponte Contrast Midi Dress Boden,https://us.boden.com/products/women-alex-ponte-contrast-midi-dress-raspberry-coulis-d1758prp?tc_ch=display&tc_ve=ba&tc_so=tradedesk&tc_me=pp&tc_ca=bau,,,220.00,220.00,https://cdn.shopify.com/s/files/1/0680/4619/2892/files/26waut_d1758_prp_m01_97323474-668d-4136-861d-23bf872990f9.jpg?v=1&width=800,Women,Women,22/09/2026,https://us.boden.com/products/women-alex-ponte-contrast-midi-dress-raspberry-coulis-d1758prp?tc_ch=display&tc_ve=ba&tc_so=tradedesk&tc_me=pp&tc_ca=bau,,,103,IN STOCK,,,Raspberry Coulis,,,,TRUE,TRUE
55202597,55202597,55202597,Ula Ponte Short Dress Boden,https://us.boden.com/products/women-ula-ponte-short-dress-dark-cherry-navy-d1820pur?tc_ch=display&tc_ve=ba&tc_so=tradedesk&tc_me=pp&tc_ca=bau,,,190.00,190.00,https://cdn.shopify.com/s/files/1/0680/4619/2892/files/26waut_d1820_pur_m01_7277964a-239e-4e19-9249-aebc5cc148d6.jpg?v=1&width=800,Women,Women,22/09/2026,https://us.boden.com/products/women-ula-ponte-short-dress-dark-cherry-navy-d1820pur?tc_ch=display&tc_ve=ba&tc_so=tradedesk&tc_me=pp&tc_ca=bau,,,53,IN STOCK,,,"Dark Cherry, Navy",,,,TRUE,TRUE
55216746,55216746,55216746,Nia Ottoman Long Sleeve Dress Boden,https://us.boden.com/products/women-nia-ottoman-long-sleeve-dress-navy-d1831nav?tc_ch=display&tc_ve=ba&tc_so=tradedesk&tc_me=pp&tc_ca=bau,,,119.00,119.00,https://cdn.shopify.com/s/files/1/0680/4619/2892/files/26waut_d1831_nav_m01_1ca7bf77-6703-4848-aa61-2c9aa7fe36db.jpg?v=1&width=800,Women,Women,22/09/2026,https://us.boden.com/products/women-nia-ottoman-long-sleeve-dress-navy-d1831nav?tc_ch=display&tc_ve=ba&tc_so=tradedesk&tc_me=pp&tc_ca=bau,,,197,IN STOCK,,,Navy,,,,TRUE,TRUE
55218947,55218947,55218947,Elsie Cashmere Crew Cardigan Boden,https://us.boden.com/products/women-elsie-cashmere-crew-cardigan-grey-argyle-k1273gry?tc_ch=display&tc_ve=ba&tc_so=tradedesk&tc_me=pp&tc_ca=bau,,,230.00,230.00,https://cdn.shopify.com/s/files/1/0680/4619/2892/files/26waut_k1273_gry_m01_v4.jpg?v=1&width=800,Women,Women,22/09/2026,https://us.boden.com/products/women-elsie-cashmere-crew-cardigan-grey-argyle-k1273gry?tc_ch=display&tc_ve=ba&tc_so=tradedesk&tc_me=pp&tc_ca=bau,,,117,IN STOCK,,,Grey Argyle,,,,TRUE,TRUE
55211061,55211061,55211061,Paula Ribbed Crew Cardigan Boden,https://us.boden.com/products/women-paula-ribbed-crew-cardigan-midnight-teal-k1345grn?tc_ch=display&tc_ve=ba&tc_so=tradedesk&tc_me=pp&tc_ca=bau,,,96.00,160.00,https://cdn.shopify.com/s/files/1/0680/4619/2892/files/26waut_k1345_grn_m01_60bdb1d5-2e67-41d8-bc9b-041b23b711c9.jpg?v=1&width=800,Women,Women,22/09/2026,https://us.boden.com/products/women-paula-ribbed-crew-cardigan-midnight-teal-k1345grn?tc_ch=display&tc_ve=ba&tc_so=tradedesk&tc_me=pp&tc_ca=bau,,,125,IN STOCK,,,Midnight Teal,,,,TRUE,TRUE
55209044,55209044,55209044,Alex Ponte Contrast Midi Dress Boden,https://us.boden.com/products/women-alex-ponte-contrast-midi-dress-midnight-ocean-d1758lgr?tc_ch=display&tc_ve=ba&tc_so=tradedesk&tc_me=pp&tc_ca=bau,,,220.00,220.00,https://cdn.shopify.com/s/files/1/0680/4619/2892/files/26wwin_d1758_lgr_m01.jpg?v=1&width=800,Women,Women,22/09/2026,https://us.boden.com/products/women-alex-ponte-contrast-midi-dress-midnight-ocean-d1758lgr?tc_ch=display&tc_ve=ba&tc_so=tradedesk&tc_me=pp&tc_ca=bau,,,141,IN STOCK,,,Midnight Ocean,,,,TRUE,TRUE
55210871,55210871,55210871,Fitted Wool Peplum Cardigan Boden,https://us.boden.com/products/women-fitted-wool-peplum-cardigan-ivory-k1347ivo?tc_ch=display&tc_ve=ba&tc_so=tradedesk&tc_me=pp&tc_ca=bau,,,199.00,199.00,https://cdn.shopify.com/s/files/1/0680/4619/2892/files/26waut_k1347_ivo_m01_c2202386-a19c-401d-af76-cf0e7214bee5.jpg?v=1&width=800,Women,Women,22/09/2026,https://us.boden.com/products/women-fitted-wool-peplum-cardigan-ivory-k1347ivo?tc_ch=display&tc_ve=ba&tc_so=tradedesk&tc_me=pp&tc_ca=bau,,,75,IN STOCK,,,Ivory,,,,TRUE,TRUE
55217824,55217824,55217824,Anna Longline Cotton Shirt Boden,https://us.boden.com/products/women-anna-longline-cotton-shirt-white-t2172wht?tc_ch=display&tc_ve=ba&tc_so=tradedesk&tc_me=pp&tc_ca=bau,,,110.00,110.00,https://cdn.shopify.com/s/files/1/0680/4619/2892/files/26waut_t2172_wht_m05_871aa7dc-93e9-4686-9660-86876bc8fd95.jpg?v=1&width=800,Women,Women,22/09/2026,https://us.boden.com/products/women-anna-longline-cotton-shirt-white-t2172wht?tc_ch=display&tc_ve=ba&tc_so=tradedesk&tc_me=pp&tc_ca=bau,,,31,IN STOCK,,,White,,,,TRUE,TRUE
55197197,55197197,55197197,Fitzrovia Tailored Pants Boden,https://us.boden.com/products/women-fitzrovia-tailored-pants-deep-wisteria-r0976pur?tc_ch=display&tc_ve=ba&tc_so=tradedesk&tc_me=pp&tc_ca=bau,,,199.00,199.00,https://cdn.shopify.com/s/files/1/0680/4619/2892/files/26waut_r0976_pur_m01_v1_137099b6-4ed4-4d82-a5d3-1d72950eb6d0.jpg?v=1&width=800,Women,Women,22/09/2026,https://us.boden.com/products/women-fitzrovia-tailored-pants-deep-wisteria-r0976pur?tc_ch=display&tc_ve=ba&tc_so=tradedesk&tc_me=pp&tc_ca=bau,,,10,IN STOCK,,,Deep Wisteria,,,,TRUE,TRUE
55211288,55211288,55211288,Paula Ribbed V Neck Jumper Boden,https://us.boden.com/products/women-paula-ribbed-v-neck-jumper-gold-wheat-k1339yel?tc_ch=display&tc_ve=ba&tc_so=tradedesk&tc_me=pp&tc_ca=bau,,,89.40,149.00,https://cdn.shopify.com/s/files/1/0680/4619/2892/files/26waut_k1339_yel_m01_a21b6fc6-7fdd-4eca-a32f-8e40ed47635b.jpg?v=1&width=800,Women,Women,22/09/2026,https://us.boden.com/products/women-paula-ribbed-v-neck-jumper-gold-wheat-k1339yel?tc_ch=display&tc_ve=ba&tc_so=tradedesk&tc_me=pp&tc_ca=bau,,,194,IN STOCK,,,Gold Wheat,,,,TRUE,TRUE
55218662,55218662,55218662,Supersoft Frill Detail Top Boden,https://us.boden.com/products/women-supersoft-frill-detail-top-midnight-teal-t1657lgr?tc_ch=display&tc_ve=ba&tc_so=tradedesk&tc_me=pp&tc_ca=bau,,,59.00,59.00,https://cdn.shopify.com/s/files/1/0680/4619/2892/files/26waut_t1657_lgr_m01_9df88bde-293f-4ee8-bd3c-e886211a0b92.jpg?v=1&width=800,Women,Women,22/09/2026,https://us.boden.com/products/women-supersoft-frill-detail-top-midnight-teal-t1657lgr?tc_ch=display&tc_ve=ba&tc_so=tradedesk&tc_me=pp&tc_ca=bau,,,137,IN STOCK,,,Midnight Teal,,,,TRUE,TRUE
55201573,55201573,55201573,Camilla Ruched Ballet Flats Boden,https://us.boden.com/products/women-camilla-ruched-ballet-flats-wine-a2230drd?tc_ch=display&tc_ve=ba&tc_so=tradedesk&tc_me=pp&tc_ca=bau,,,190.00,190.00,https://cdn.shopify.com/s/files/1/0680/4619/2892/files/26waut_a2230_drd_32e0ecd8-0e4b-4285-a664-43822b8ef35d.jpg?v=1&width=800,Women,Women,22/09/2026,https://us.boden.com/products/women-camilla-ruched-ballet-flats-wine-a2230drd?tc_ch=display&tc_ve=ba&tc_so=tradedesk&tc_me=pp&tc_ca=bau,,,49,IN STOCK,,,Wine,,,,TRUE,TRUE
55201369,55201369,55201369,Supersoft Ruched Jersey Shirt Boden,https://us.boden.com/products/women-supersoft-ruched-jersey-shirt-camel-leopard-fields-t2146brn?tc_ch=display&tc_ve=ba&tc_so=tradedesk&tc_me=pp&tc_ca=bau,,,99.00,99.00,https://cdn.shopify.com/s/files/1/0680/4619/2892/files/26waut_t2146_brn_m03_90284257-0f4e-44d8-a223-a8a0b37a4aad.jpg?v=1&width=800,Women,Women,22/09/2026,https://us.boden.com/products/women-supersoft-ruched-jersey-shirt-camel-leopard-fields-t2146brn?tc_ch=display&tc_ve=ba&tc_so=tradedesk&tc_me=pp&tc_ca=bau,,,65,IN STOCK,,,"Camel, Leopard Fields",,,,TRUE,TRUE
55208905,55208905,55208905,Camilla Cotton Crew Sweater Boden,https://us.boden.com/products/women-camilla-cotton-crew-sweater-crimson-red-k1280rec?tc_ch=display&tc_ve=ba&tc_so=tradedesk&tc_me=pp&tc_ca=bau,,,89.00,89.00,https://cdn.shopify.com/s/files/1/0680/4619/2892/files/26waut_k1280_rec_m01_eae454bd-3459-4dbf-998c-9aba88b845ca.jpg?v=1&width=800,Women,Women,22/09/2026,https://us.boden.com/products/women-camilla-cotton-crew-sweater-crimson-red-k1280rec?tc_ch=display&tc_ve=ba&tc_so=tradedesk&tc_me=pp&tc_ca=bau,,,240,IN STOCK,,,Crimson Red,,,,TRUE,TRUE
55202737,55202737,55202737,Reversible Borg Hoody Boden,https://us.boden.com/products/boys-reversible-borg-hoody-grey-marl-b3315grm?tc_ch=display&tc_ve=ba&tc_so=tradedesk&tc_me=pp&tc_ca=bau,,,75.00,75.00,https://cdn.shopify.com/s/files/1/0680/4619/2892/files/26baut_b3315_grm_0f71cbcd-74f8-461e-8c4a-e30336f502cd.jpg?v=1&width=800,Boys,Boys,22/09/2026,https://us.boden.com/products/boys-reversible-borg-hoody-grey-marl-b3315grm?tc_ch=display&tc_ve=ba&tc_so=tradedesk&tc_me=pp&tc_ca=bau,,,114,IN STOCK,,,Grey Marl,,,,TRUE,TRUE
55199365,55199365,55199365,4-in-1 Waterproof Coat Boden,https://us.boden.com/products/boys-4-in-1-waterproof-coat-storm-blue-b2864col?tc_ch=display&tc_ve=ba&tc_so=tradedesk&tc_me=pp&tc_ca=bau,,,119.00,119.00,https://cdn.shopify.com/s/files/1/0680/4619/2892/files/26baut_b2864_col_w01.jpg?v=1&width=800,Boys,Boys,22/09/2026,https://us.boden.com/products/boys-4-in-1-waterproof-coat-storm-blue-b2864col?tc_ch=display&tc_ve=ba&tc_so=tradedesk&tc_me=pp&tc_ca=bau,,,222,IN STOCK,,,Storm Blue,,,,TRUE,TRUE
55220169,55220169,55220169,Ruched Long Sleeve Wrap Top Boden,https://us.boden.com/products/women-ruched-long-sleeve-wrap-top-emerald-night-t2205grn?tc_ch=display&tc_ve=ba&tc_so=tradedesk&tc_me=pp&tc_ca=bau,,,89.00,89.00,https://cdn.shopify.com/s/files/1/0680/4619/2892/files/26waut_t2205_grn_m01.jpg?v=1&width=800,Women,Women,22/09/2026,https://us.boden.com/products/women-ruched-long-sleeve-wrap-top-emerald-night-t2205grn?tc_ch=display&tc_ve=ba&tc_so=tradedesk&tc_me=pp&tc_ca=bau,,,125,IN STOCK,,,Emerald Night,,,,TRUE,TRUE
55218537,55218537,55218537,7 Pack Ribbed Socks Boden,https://us.boden.com/products/boys-7-pack-ribbed-socks-space-checkerboard-c1999spt?tc_ch=display&tc_ve=ba&tc_so=tradedesk&tc_me=pp&tc_ca=bau,,,36.00,36.00,https://cdn.shopify.com/s/files/1/0680/4619/2892/files/26baut_c1999_spt_8d9cea42-d0f9-4e21-817c-a14ce6fa967e.jpg?v=1&width=800,Boys,Boys,22/09/2026,https://us.boden.com/products/boys-7-pack-ribbed-socks-space-checkerboard-c1999spt?tc_ch=display&tc_ve=ba&tc_so=tradedesk&tc_me=pp&tc_ca=bau,,,163,IN STOCK,,,Space Checkerboard,,,,TRUE,TRUE
55203345,55203345,55203345,Meg Raglan Sleeve Cardigan Boden,https://us.boden.com/products/women-meg-raglan-sleeve-cardigan-red-colour-block-k1002red?tc_ch=display&tc_ve=ba&tc_so=tradedesk&tc_me=pp&tc_ca=bau,,,130.00,130.00,https://cdn.shopify.com/s/files/1/0680/4619/2892/files/26waut_k1002_red_m01_ca43e1bb-5bde-4fc7-8cb1-f888f1d4469d.jpg?v=1&width=800,Women,Women,22/09/2026,https://us.boden.com/products/women-meg-raglan-sleeve-cardigan-red-colour-block-k1002red?tc_ch=display&tc_ve=ba&tc_so=tradedesk&tc_me=pp&tc_ca=bau,,,143,IN STOCK,,,Red colour block,,,,TRUE,TRUE
55218738,55218738,55218738,Supersoft Square Neck Top Boden,https://us.boden.com/products/women-supersoft-square-neck-top-white-t2208whi?tc_ch=display&tc_ve=ba&tc_so=tradedesk&tc_me=pp&tc_ca=bau,,,59.00,59.00,https://cdn.shopify.com/s/files/1/0680/4619/2892/files/26waut_t2208_whi_m01.jpg?v=1&width=800,Women,Women,22/09/2026,https://us.boden.com/products/women-supersoft-square-neck-top-white-t2208whi?tc_ch=display&tc_ve=ba&tc_so=tradedesk&tc_me=pp&tc_ca=bau,,,225,IN STOCK,,,White,,,,TRUE,TRUE
55198611,55198611,55198611,Patterned Tights Boden,https://us.boden.com/products/girls-patterned-tights-college-navy-cobwebs-c1736nvy?tc_ch=display&tc_ve=ba&tc_so=tradedesk&tc_me=pp&tc_ca=bau,,,20.00,20.00,https://cdn.shopify.com/s/files/1/0680/4619/2892/files/26gaut_c1736_nvy.jpg?v=1&width=800,Girls,Girls,22/09/2026,https://us.boden.com/products/girls-patterned-tights-college-navy-cobwebs-c1736nvy?tc_ch=display&tc_ve=ba&tc_so=tradedesk&tc_me=pp&tc_ca=bau,,,229,IN STOCK,,,College Navy Cobwebs,,,,TRUE,TRUE
55218765,55218765,55218765,Cotton Pointelle Top Boden,https://us.boden.com/products/baby-cotton-pointelle-top-heart-y2911crm?tc_ch=display&tc_ve=ba&tc_so=tradedesk&tc_me=pp&tc_ca=bau,,,20.00,20.00,https://cdn.shopify.com/s/files/1/0680/4619/2892/files/26uaut_y2911_crm_75833f69-151a-4a6c-8128-c9da821abe95.jpg?v=1&width=800,Baby,Baby,22/09/2026,https://us.boden.com/products/baby-cotton-pointelle-top-heart-y2911crm?tc_ch=display&tc_ve=ba&tc_so=tradedesk&tc_me=pp&tc_ca=bau,,,105,IN STOCK,,,Heart,,,,TRUE,TRUE
55199258,55199258,55199258,2-in-1 Borg Mix Panel Jacket Boden,https://us.boden.com/products/boys-2-in-1-borg-mix-panel-jacket-khaki-b3306grn?tc_ch=display&tc_ve=ba&tc_so=tradedesk&tc_me=pp&tc_ca=bau,,,99.00,99.00,https://cdn.shopify.com/s/files/1/0680/4619/2892/files/26baut_b3306_grn_m01_a5c23a93-c34f-4e1b-bf96-6b09456c1520.jpg?v=1&width=800,Boys,Boys,22/09/2026,https://us.boden.com/products/boys-2-in-1-borg-mix-panel-jacket-khaki-b3306grn?tc_ch=display&tc_ve=ba&tc_so=tradedesk&tc_me=pp&tc_ca=bau,,,164,IN STOCK,,,Khaki,,,,TRUE,TRUE
55201148,55201148,55201148,Nya Ghillie Flat Loafers Boden,https://us.boden.com/products/women-nya-ghillie-flat-loafers-black-a2254blw?tc_ch=display&tc_ve=ba&tc_so=tradedesk&tc_me=pp&tc_ca=bau,,,220.00,220.00,https://cdn.shopify.com/s/files/1/0680/4619/2892/files/26waut_a2254_blw.jpg?v=1&width=800,Women,Women,22/09/2026,https://us.boden.com/products/women-nya-ghillie-flat-loafers-black-a2254blw?tc_ch=display&tc_ve=ba&tc_so=tradedesk&tc_me=pp&tc_ca=bau,,,70,IN STOCK,,,Black,,,,TRUE,TRUE
55218729,55218729,55218729,Supersoft Square Neck Top Boden,https://us.boden.com/products/women-supersoft-square-neck-top-black-t2208blk?tc_ch=display&tc_ve=ba&tc_so=tradedesk&tc_me=pp&tc_ca=bau,,,59.00,59.00,https://cdn.shopify.com/s/files/1/0680/4619/2892/files/26waut_t2208_blk_m01_69cd318e-aeee-4b2c-aef0-48e7f0f31982.jpg?v=1&width=800,Women,Women,22/09/2026,https://us.boden.com/products/women-supersoft-square-neck-top-black-t2208blk?tc_ch=display&tc_ve=ba&tc_so=tradedesk&tc_me=pp&tc_ca=bau,,,119,IN STOCK,,,Black,,,,TRUE,TRUE
55218695,55218695,55218695,Supersoft Square Neck Top Boden,https://us.boden.com/products/women-supersoft-square-neck-top-brunswick-green-t2208lgr?tc_ch=display&tc_ve=ba&tc_so=tradedesk&tc_me=pp&tc_ca=bau,,,59.00,59.00,https://cdn.shopify.com/s/files/1/0680/4619/2892/files/26waut_t2208_lgr_m02_e9cb3e3e-f835-460b-953f-48f59c041bc0.jpg?v=1&width=800,Women,Women,22/09/2026,https://us.boden.com/products/women-supersoft-square-neck-top-brunswick-green-t2208lgr?tc_ch=display&tc_ve=ba&tc_so=tradedesk&tc_me=pp&tc_ca=bau,,,193,IN STOCK,,,Brunswick Green,,,,TRUE,TRUE
55218758,55218758,55218758,Supersoft Frill Henley Top Boden,https://us.boden.com/products/women-supersoft-frill-henley-top-storm-blue-t1734lbl?tc_ch=display&tc_ve=ba&tc_so=tradedesk&tc_me=pp&tc_ca=bau,,,69.00,69.00,https://cdn.shopify.com/s/files/1/0680/4619/2892/files/26waut_t1734_lbl_m01_72c17e68-57d5-4290-aa03-9d1c750c1645.jpg?v=1&width=800,Women,Women,22/09/2026,https://us.boden.com/products/women-supersoft-frill-henley-top-storm-blue-t1734lbl?tc_ch=display&tc_ve=ba&tc_so=tradedesk&tc_me=pp&tc_ca=bau,,,236,IN STOCK,,,Storm Blue,,,,TRUE,TRUE
55194868,55194868,55194868,Etta Piping Detail Ponte Dress Boden,https://us.boden.com/products/women-etta-piping-detail-ponte-dress-navy-ivory-d1815nvy?tc_ch=display&tc_ve=ba&tc_so=tradedesk&tc_me=pp&tc_ca=bau,,,230.00,230.00,https://cdn.shopify.com/s/files/1/0680/4619/2892/files/26waut_d1815_nvy_m03_v1_78dca394-467a-41ee-91c2-cb60031dac38.jpg?v=1&width=800,Women,Women,22/09/2026,https://us.boden.com/products/women-etta-piping-detail-ponte-dress-navy-ivory-d1815nvy?tc_ch=display&tc_ve=ba&tc_so=tradedesk&tc_me=pp&tc_ca=bau,,,234,IN STOCK,,,"Navy, Ivory",,,,TRUE,TRUE
55195984,55195984,55195984,Fair Isle Cardigan Boden,https://us.boden.com/products/baby-fair-isle-cardigan-pink-heather-marl-y2927ppk?tc_ch=display&tc_ve=ba&tc_so=tradedesk&tc_me=pp&tc_ca=bau,,,65.00,65.00,https://cdn.shopify.com/s/files/1/0680/4619/2892/files/26uaut_y2927_ppk.jpg?v=1&width=800,Baby,Baby,22/09/2026,https://us.boden.com/products/baby-fair-isle-cardigan-pink-heather-marl-y2927ppk?tc_ch=display&tc_ve=ba&tc_so=tradedesk&tc_me=pp&tc_ca=bau,,,155,IN STOCK,,,Pink Heather Marl,,,,TRUE,TRUE
55218621,55218621,55218621,7-pack Socks Boden,https://us.boden.com/products/girls-7-pack-socks-vintage-flower-posy-c1649mnt?tc_ch=display&tc_ve=ba&tc_so=tradedesk&tc_me=pp&tc_ca=bau,,,36.00,36.00,https://cdn.shopify.com/s/files/1/0680/4619/2892/files/26gwin_c1649_mnt_3a95cf7f-a51e-421a-badc-a84d80c24776.jpg?v=1&width=800,Girls,Girls,22/09/2026,https://us.boden.com/products/girls-7-pack-socks-vintage-flower-posy-c1649mnt?tc_ch=display&tc_ve=ba&tc_so=tradedesk&tc_me=pp&tc_ca=bau,,,443,IN STOCK,,,Vintage Flower Posy,,,,TRUE,TRUE
55217569,55217569,55217569,Cashmere Neckerchief Boden,https://us.boden.com/products/women-cashmere-neckerchief-navy-a2284nav?tc_ch=display&tc_ve=ba&tc_so=tradedesk&tc_me=pp&tc_ca=bau,,,99.00,99.00,https://cdn.shopify.com/s/files/1/0680/4619/2892/files/26waut_a2284_nav_36edad58-457c-4033-bb91-fe70b8e38ba6.jpg?v=1&width=800,Women,Women,22/09/2026,https://us.boden.com/products/women-cashmere-neckerchief-navy-a2284nav?tc_ch=display&tc_ve=ba&tc_so=tradedesk&tc_me=pp&tc_ca=bau,,,250,IN STOCK,,,Navy,,,,TRUE,TRUE
55196015,55196015,55196015,Chunky Chelsea Boots Boden,https://us.boden.com/products/girls-chunky-chelsea-boots-raw-umber-c1990brn?tc_ch=display&tc_ve=ba&tc_so=tradedesk&tc_me=pp&tc_ca=bau,,,89.00,89.00,https://cdn.shopify.com/s/files/1/0680/4619/2892/files/26gaut_c1990_brn_656d1941-86c0-4ec4-9352-a36ac7160a2f.jpg?v=1&width=800,Girls,Girls,22/09/2026,https://us.boden.com/products/girls-chunky-chelsea-boots-raw-umber-c1990brn?tc_ch=display&tc_ve=ba&tc_so=tradedesk&tc_me=pp&tc_ca=bau,,,112,IN STOCK,,,Raw Umber,,,,TRUE,TRUE
55207402,55207402,55207402,Pointed Court Shoes Boden,https://us.boden.com/products/women-pointed-court-shoes-chocolate-a2247cam?tc_ch=display&tc_ve=ba&tc_so=tradedesk&tc_me=pp&tc_ca=bau,,,98.99,199.00,https://cdn.shopify.com/s/files/1/0680/4619/2892/files/26waut_a2247_cam_960d5c1e-5a66-4646-bcbb-6fdc9b3888c7.jpg?v=1&width=800,Women,Women,22/09/2026,https://us.boden.com/products/women-pointed-court-shoes-chocolate-a2247cam?tc_ch=display&tc_ve=ba&tc_so=tradedesk&tc_me=pp&tc_ca=bau,,,128,IN STOCK,,,Chocolate,,,,TRUE,TRUE
55218546,55218546,55218546,Boys Ribbed Socks 5 Pack Boden,https://us.boden.com/products/boys-boys-ribbed-socks-5-pack-multi-argyle-c1962mix?tc_ch=display&tc_ve=ba&tc_so=tradedesk&tc_me=pp&tc_ca=bau,,,32.00,32.00,https://cdn.shopify.com/s/files/1/0680/4619/2892/files/26baut_c1962_mix_808ae73d-0c9e-4d10-9194-77907f0ff2e9.jpg?v=1&width=800,Boys,Boys,22/09/2026,https://us.boden.com/products/boys-boys-ribbed-socks-5-pack-multi-argyle-c1962mix?tc_ch=display&tc_ve=ba&tc_so=tradedesk&tc_me=pp&tc_ca=bau,,,352,IN STOCK,,,Multi Argyle,,,,TRUE,TRUE
55196927,55196927,55196927,Girl's Cotton Ribbed Beanie Boden,https://us.boden.com/products/girls-girls-cotton-ribbed-beanie-pink-colourblock-c2000mlt?tc_ch=display&tc_ve=ba&tc_so=tradedesk&tc_me=pp&tc_ca=bau,,,29.00,29.00,https://cdn.shopify.com/s/files/1/0680/4619/2892/files/26gaut_c2000_mlt_197835b0-410e-4e93-a1eb-7f2b27686fee.jpg?v=1&width=800,Girls,Girls,22/09/2026,https://us.boden.com/products/girls-girls-cotton-ribbed-beanie-pink-colourblock-c2000mlt?tc_ch=display&tc_ve=ba&tc_so=tradedesk&tc_me=pp&tc_ca=bau,,,428,IN STOCK,,,Pink Colourblock,,,,TRUE,TRUE
55201974,55201974,55201974,Belgravia Cord Pants Boden,https://us.boden.com/products/women-belgravia-cord-pants-navy-r0994nav?tc_ch=display&tc_ve=ba&tc_so=tradedesk&tc_me=pp&tc_ca=bau,,,180.00,180.00,https://cdn.shopify.com/s/files/1/0680/4619/2892/files/26waut_r0994_nav_m01_c0af4816-63f5-4e89-9df9-76702ce5cb9d.jpg?v=1&width=800,Women,Women,22/09/2026,https://us.boden.com/products/women-belgravia-cord-pants-navy-r0994nav?tc_ch=display&tc_ve=ba&tc_so=tradedesk&tc_me=pp&tc_ca=bau,,,92,IN STOCK,,,Navy,,,,TRUE,TRUE
55195957,55195957,55195957,Chunky Chelsea Boots Boden,https://us.boden.com/products/boys-chunky-chelsea-boots-khaki-c1995khk?tc_ch=display&tc_ve=ba&tc_so=tradedesk&tc_me=pp&tc_ca=bau,,,89.00,89.00,https://cdn.shopify.com/s/files/1/0680/4619/2892/files/26gaut_c1995_khk_9cc7a34a-27cb-4675-8e3c-7c7a451e9f21.jpg?v=1&width=800,Boys,Boys,22/09/2026,https://us.boden.com/products/boys-chunky-chelsea-boots-khaki-c1995khk?tc_ch=display&tc_ve=ba&tc_so=tradedesk&tc_me=pp&tc_ca=bau,,,76,IN STOCK,,,Khaki,,,,TRUE,TRUE
55197189,55197189,55197189,Chunky Chelsea Boots Boden,https://us.boden.com/products/girls-chunky-chelsea-boots-black-and-festival-pink-c1990blk?tc_ch=display&tc_ve=ba&tc_so=tradedesk&tc_me=pp&tc_ca=bau,,,89.00,89.00,https://cdn.shopify.com/s/files/1/0680/4619/2892/files/26gaut_c1990_blk_4158d36f-ee6f-4da0-aaa9-955c6c3cd2e6.jpg?v=1&width=800,Girls,Girls,22/09/2026,https://us.boden.com/products/girls-chunky-chelsea-boots-black-and-festival-pink-c1990blk?tc_ch=display&tc_ve=ba&tc_so=tradedesk&tc_me=pp&tc_ca=bau,,,37,IN STOCK,,,Black and Festival Pink,,,,TRUE,TRUE
55199787,55199787,55199787,Jersey Overalls Set Boden,https://us.boden.com/products/baby-jersey-overalls-set-blue-linear-farm-y2800lbl?tc_ch=display&tc_ve=ba&tc_so=tradedesk&tc_me=pp&tc_ca=bau,,,55.00,55.00,https://cdn.shopify.com/s/files/1/0680/4619/2892/files/26uaut_y2800_lbl_239d0746-414e-47f1-b22a-2b38df36edcf.jpg?v=1&width=800,Baby,Baby,22/09/2026,https://us.boden.com/products/baby-jersey-overalls-set-blue-linear-farm-y2800lbl?tc_ch=display&tc_ve=ba&tc_so=tradedesk&tc_me=pp&tc_ca=bau,,,177,IN STOCK,,,Blue Linear Farm,,,,TRUE,TRUE
55217049,55217049,55217049,Long Sleeve Glow T-shirt Boden,https://us.boden.com/products/boys-long-sleeve-glow-t-shirt-french-navy-halloween-castle-b3086dbl?tc_ch=display&tc_ve=ba&tc_so=tradedesk&tc_me=pp&tc_ca=bau,,,32.00,32.00,https://cdn.shopify.com/s/files/1/0680/4619/2892/files/26baut_b3086_dbl_m01.jpg?v=1&width=800,Boys,Boys,22/09/2026,https://us.boden.com/products/boys-long-sleeve-glow-t-shirt-french-navy-halloween-castle-b3086dbl?tc_ch=display&tc_ve=ba&tc_so=tradedesk&tc_me=pp&tc_ca=bau,,,96,IN STOCK,,,"French Navy, Halloween Castle",,,,TRUE,TRUE
55214035,55214035,55214035,Glow Appliqué T-shirt Boden,https://us.boden.com/products/boys-glow-applique-t-shirt-moons-and-bats-b3314blu?tc_ch=display&tc_ve=ba&tc_so=tradedesk&tc_me=pp&tc_ca=bau,,,37.00,37.00,https://cdn.shopify.com/s/files/1/0680/4619/2892/files/26baut_b3314_blu_m01.jpg?v=1&width=800,Boys,Boys,22/09/2026,https://us.boden.com/products/boys-glow-applique-t-shirt-moons-and-bats-b3314blu?tc_ch=display&tc_ve=ba&tc_so=tradedesk&tc_me=pp&tc_ca=bau,,,182,IN STOCK,,,Moons and Bats,,,,TRUE,TRUE
55217736,55217736,55217736,Lucy Relaxed Cotton Sweater Boden,https://us.boden.com/products/women-lucy-relaxed-cotton-sweater-camel-blue-stripe-k1205ntl?tc_ch=display&tc_ve=ba&tc_so=tradedesk&tc_me=pp&tc_ca=bau,,,140.00,140.00,https://cdn.shopify.com/s/files/1/0680/4619/2892/files/26waut_k1205_ntl_m01_f9847d2f-4799-4402-8727-61afc822c8ef.jpg?v=1&width=800,Women,Women,22/09/2026,https://us.boden.com/products/women-lucy-relaxed-cotton-sweater-camel-blue-stripe-k1205ntl?tc_ch=display&tc_ve=ba&tc_so=tradedesk&tc_me=pp&tc_ca=bau,,,307,IN STOCK,,,"Camel, Blue Stripe",,,,TRUE,TRUE
55197480,55197480,55197480,Evelyn Button Cord Wrap Skirt Boden,https://us.boden.com/products/women-evelyn-button-cord-wrap-skirt-forest-green-r0959grn?tc_ch=display&tc_ve=ba&tc_so=tradedesk&tc_me=pp&tc_ca=bau,,,110.00,110.00,https://cdn.shopify.com/s/files/1/0680/4619/2892/files/26waut_r0959_grn_m01_3e56fe07-2fc2-4f37-b1c1-460b99c1e33c.jpg?v=1&width=800,Women,Women,22/09/2026,https://us.boden.com/products/women-evelyn-button-cord-wrap-skirt-forest-green-r0959grn?tc_ch=display&tc_ve=ba&tc_so=tradedesk&tc_me=pp&tc_ca=bau,,,183,IN STOCK,,,Forest Green,,,,TRUE,TRUE
55200642,55200642,55200642,Canonbury Cord Pants Boden,https://us.boden.com/products/women-canonbury-cord-pants-forest-green-r0784lgr?tc_ch=display&tc_ve=ba&tc_so=tradedesk&tc_me=pp&tc_ca=bau,,,149.00,149.00,https://cdn.shopify.com/s/files/1/0680/4619/2892/files/26waut_r0784_lgr_m01_v1_8e67d803-eb1f-4e0e-b848-004c46fe3825.jpg?v=1&width=800,Women,Women,22/09/2026,https://us.boden.com/products/women-canonbury-cord-pants-forest-green-r0784lgr?tc_ch=display&tc_ve=ba&tc_so=tradedesk&tc_me=pp&tc_ca=bau,,,105,IN STOCK,,,Forest Green,,,,TRUE,TRUE
55195748,55195748,55195748,Hope Zip Detail Jersey Dress Boden,https://us.boden.com/products/women-hope-zip-detail-jersey-dress-navy-d1816nst?tc_ch=display&tc_ve=ba&tc_so=tradedesk&tc_me=pp&tc_ca=bau,,,149.00,149.00,https://cdn.shopify.com/s/files/1/0680/4619/2892/files/26waut_d1816_nst_m01_b35c8fb5-ba27-421b-999d-d20f483a7d97.jpg?v=1&width=800,Women,Women,22/09/2026,https://us.boden.com/products/women-hope-zip-detail-jersey-dress-navy-d1816nst?tc_ch=display&tc_ve=ba&tc_so=tradedesk&tc_me=pp&tc_ca=bau,,,413,IN STOCK,,,Navy,,,,TRUE,TRUE
55200039,55200039,55200039,Jersey Overalls Set Boden,https://us.boden.com/products/baby-jersey-overalls-set-grey-marl-trains-y2579lgy?tc_ch=display&tc_ve=ba&tc_so=tradedesk&tc_me=pp&tc_ca=bau,,,49.00,49.00,https://cdn.shopify.com/s/files/1/0680/4619/2892/files/26uaut_y2579_lgy_403b4717-a30b-4697-aef8-b5d9a406542b.jpg?v=1&width=800,Baby,Baby,22/09/2026,https://us.boden.com/products/baby-jersey-overalls-set-grey-marl-trains-y2579lgy?tc_ch=display&tc_ve=ba&tc_so=tradedesk&tc_me=pp&tc_ca=bau,,,146,IN STOCK,,,Grey Marl Trains,,,,TRUE,TRUE
55233358,55233358,55233358,7-pack Pointelle Underwear Boden,https://us.boden.com/products/girls-7-pack-pointelle-underwear-multi-stripes-c1893lbl?tc_ch=display&tc_ve=ba&tc_so=tradedesk&tc_me=pp&tc_ca=bau,,,55.00,55.00,https://cdn.shopify.com/s/files/1/0680/4619/2892/files/26uaut_c1893_lbl_84535f12-0fab-4cea-9dec-5af678ddecd8.jpg?v=1&width=800,Girls,Girls,22/09/2026,https://us.boden.com/products/girls-7-pack-pointelle-underwear-multi-stripes-c1893lbl?tc_ch=display&tc_ve=ba&tc_so=tradedesk&tc_me=pp&tc_ca=bau,,,111,IN STOCK,,,Multi Stripes,,,,TRUE,TRUE
55211214,55211214,55211214,Paula Ribbed V Neck Jumper Boden,https://us.boden.com/products/women-paula-ribbed-v-neck-jumper-merlot-k1339red?tc_ch=display&tc_ve=ba&tc_so=tradedesk&tc_me=pp&tc_ca=bau,,,89.40,149.00,https://cdn.shopify.com/s/files/1/0680/4619/2892/files/26waut_k1339_red_m02.jpg?v=1&width=800,Women,Women,22/09/2026,https://us.boden.com/products/women-paula-ribbed-v-neck-jumper-merlot-k1339red?tc_ch=display&tc_ve=ba&tc_so=tradedesk&tc_me=pp&tc_ca=bau,,,208,IN STOCK,,,Merlot,,,,TRUE,TRUE
55196366,55196366,55196366,Twin Pack Snug Pajamas Boden,https://us.boden.com/products/girls-twin-pack-snug-pajamas-floral-g5936flr?tc_ch=display&tc_ve=ba&tc_so=tradedesk&tc_me=pp&tc_ca=bau,,,65.00,65.00,https://cdn.shopify.com/s/files/1/0680/4619/2892/files/26gaut_g5936_flr_64319375-26d1-4418-8dce-3d126343f3cd.jpg?v=1&width=800,Girls,Girls,22/09/2026,https://us.boden.com/products/girls-twin-pack-snug-pajamas-floral-g5936flr?tc_ch=display&tc_ve=ba&tc_so=tradedesk&tc_me=pp&tc_ca=bau,,,212,IN STOCK,,,Floral,,,,TRUE,TRUE
55196653,55196653,55196653,Shirred Drop Waist Dress Boden,https://us.boden.com/products/girls-shirred-drop-waist-dress-light-denim-g6068den?tc_ch=display&tc_ve=ba&tc_so=tradedesk&tc_me=pp&tc_ca=bau,,,44.85,69.00,https://cdn.shopify.com/s/files/1/0680/4619/2892/files/26gaut_g6068_den_aab4ba02-e03f-4fe1-a411-c812015c95c6.jpg?v=1&width=800,Girls,Girls,22/09/2026,https://us.boden.com/products/girls-shirred-drop-waist-dress-light-denim-g6068den?tc_ch=display&tc_ve=ba&tc_so=tradedesk&tc_me=pp&tc_ca=bau,,,150,IN STOCK,,,Light Denim,,,,TRUE,TRUE
55202163,55202163,55202163,Halloween Glow Hoodie Boden,https://us.boden.com/products/boys-halloween-glow-hoodie-shadow-grey-skeleton-b3304gry?tc_ch=display&tc_ve=ba&tc_so=tradedesk&tc_me=pp&tc_ca=bau,,,65.00,65.00,https://cdn.shopify.com/s/files/1/0680/4619/2892/files/26baut_b3304_gry_e5ca8566-5e86-4b1c-aa04-57abf5d98c60.jpg?v=1&width=800,Boys,Boys,22/09/2026,https://us.boden.com/products/boys-halloween-glow-hoodie-shadow-grey-skeleton-b3304gry?tc_ch=display&tc_ve=ba&tc_so=tradedesk&tc_me=pp&tc_ca=bau,,,37,IN STOCK,,,Shadow Grey Skeleton,,,,TRUE,TRUE
55204612,55204612,55204612,Relaxed Seam Detail T-shirt Boden,https://us.boden.com/products/boys-relaxed-seam-detail-t-shirt-starboard-blue-b3309nav?tc_ch=display&tc_ve=ba&tc_so=tradedesk&tc_me=pp&tc_ca=bau,,,29.00,29.00,https://cdn.shopify.com/s/files/1/0680/4619/2892/files/26baut_b3309_nav.jpg?v=1&width=800,Boys,Boys,22/09/2026,https://us.boden.com/products/boys-relaxed-seam-detail-t-shirt-starboard-blue-b3309nav?tc_ch=display&tc_ve=ba&tc_so=tradedesk&tc_me=pp&tc_ca=bau,,,192,IN STOCK,,,Starboard Blue,,,,TRUE,TRUE
55197687,55197687,55197687,All-Weather Waterproof Coat Boden,https://us.boden.com/products/girls-all-weather-waterproof-coat-zebra-g5566lbl?tc_ch=display&tc_ve=ba&tc_so=tradedesk&tc_me=pp&tc_ca=bau,,,129.00,129.00,https://cdn.shopify.com/s/files/1/0680/4619/2892/files/26gaut_g5566_lbl_m01_04788c7d-b949-46dc-adf2-a693cbf75313.jpg?v=1&width=800,Girls,Girls,22/09/2026,https://us.boden.com/products/girls-all-weather-waterproof-coat-zebra-g5566lbl?tc_ch=display&tc_ve=ba&tc_so=tradedesk&tc_me=pp&tc_ca=bau,,,248,IN STOCK,,,Zebra,,,,TRUE,TRUE
55198312,55198312,55198312,Sherpa Lined Anorak Boden,https://us.boden.com/products/girls-sherpa-lined-anorak-soft-cream-garden-flowerbed-g5564ivo?tc_ch=display&tc_ve=ba&tc_so=tradedesk&tc_me=pp&tc_ca=bau,,,89.00,89.00,https://cdn.shopify.com/s/files/1/0680/4619/2892/files/26gaut_g5564_ivo_m01_280ba227-bc01-4ba6-a8fa-1b55f0a7a65d.jpg?v=1&width=800,Girls,Girls,22/09/2026,https://us.boden.com/products/girls-sherpa-lined-anorak-soft-cream-garden-flowerbed-g5564ivo?tc_ch=display&tc_ve=ba&tc_so=tradedesk&tc_me=pp&tc_ca=bau,,,106,IN STOCK,,,Soft Cream Garden Flowerbed,,,,TRUE,TRUE
55214848,55214848,55214848,Shacket Boden,https://us.boden.com/products/boys-shacket-true-navy-b3305blu?tc_ch=display&tc_ve=ba&tc_so=tradedesk&tc_me=pp&tc_ca=bau,,,69.00,69.00,https://cdn.shopify.com/s/files/1/0680/4619/2892/files/26baut_b3305_blu_5663975f-e236-4587-b0c8-7feccba6a3f9.jpg?v=1&width=800,Boys,Boys,22/09/2026,https://us.boden.com/products/boys-shacket-true-navy-b3305blu?tc_ch=display&tc_ve=ba&tc_so=tradedesk&tc_me=pp&tc_ca=bau,,,60,IN STOCK,,,True Navy,,,,TRUE,TRUE
55198819,55198819,55198819,Quilted Bomber Jacket Boden,https://us.boden.com/products/girls-quilted-bomber-jacket-vintage-rose-sprouting-garden-g6084pin?tc_ch=display&tc_ve=ba&tc_so=tradedesk&tc_me=pp&tc_ca=bau,,,51.35,79.00,https://cdn.shopify.com/s/files/1/0680/4619/2892/files/26gaut_g6084_pin.jpg?v=1&width=800,Girls,Girls,22/09/2026,https://us.boden.com/products/girls-quilted-bomber-jacket-vintage-rose-sprouting-garden-g6084pin?tc_ch=display&tc_ve=ba&tc_so=tradedesk&tc_me=pp&tc_ca=bau,,,80,IN STOCK,,,Vintage Rose Sprouting Garden,,,,TRUE,TRUE
55197760,55197760,55197760,Reversible Borg Hooded Bomber Boden,https://us.boden.com/products/girls-reversible-borg-hooded-bomber-pink-metallic-g6101pin?tc_ch=display&tc_ve=ba&tc_so=tradedesk&tc_me=pp&tc_ca=bau,,,99.00,99.00,https://cdn.shopify.com/s/files/1/0680/4619/2892/files/26gaut_g6101_pin_m01_bb1b6c3c-6cbc-4a1d-9245-fd0e9600ca7c.jpg?v=1&width=800,Girls,Girls,22/09/2026,https://us.boden.com/products/girls-reversible-borg-hooded-bomber-pink-metallic-g6101pin?tc_ch=display&tc_ve=ba&tc_so=tradedesk&tc_me=pp&tc_ca=bau,,,166,IN STOCK,,,Pink Metallic,,,,TRUE,TRUE
55198191,55198191,55198191,Celia Wing Sleeve Dress Boden,https://us.boden.com/products/girls-celia-wing-sleeve-dress-floral-patchwork-g6111mml?tc_ch=display&tc_ve=ba&tc_so=tradedesk&tc_me=pp&tc_ca=bau,,,75.00,75.00,https://cdn.shopify.com/s/files/1/0680/4619/2892/files/26gaut_g6111_mml.jpg?v=1&width=800,Girls,Girls,22/09/2026,https://us.boden.com/products/girls-celia-wing-sleeve-dress-floral-patchwork-g6111mml?tc_ch=display&tc_ve=ba&tc_so=tradedesk&tc_me=pp&tc_ca=bau,,,58,IN STOCK,,,Floral Patchwork,,,,TRUE,TRUE
55194118,55194118,55194118,Etta Piping Detail Ponte Dress Boden,https://us.boden.com/products/women-etta-piping-detail-ponte-dress-midnight-teal-boden-spot-d1815grn?tc_ch=display&tc_ve=ba&tc_so=tradedesk&tc_me=pp&tc_ca=bau,,,249.00,249.00,https://cdn.shopify.com/s/files/1/0680/4619/2892/files/26waut_d1815_grn_m01.jpg?v=1&width=800,Women,Women,22/09/2026,https://us.boden.com/products/women-etta-piping-detail-ponte-dress-midnight-teal-boden-spot-d1815grn?tc_ch=display&tc_ve=ba&tc_so=tradedesk&tc_me=pp&tc_ca=bau,,,127,IN STOCK,,,"Midnight Teal, Boden Spot",,,,TRUE,TRUE
55196445,55196445,55196445,Jersey Pinny Dress Set Boden,https://us.boden.com/products/baby-jersey-pinny-dress-set-pink-ditsy-vintage-roses-y2902pnk?tc_ch=display&tc_ve=ba&tc_so=tradedesk&tc_me=pp&tc_ca=bau,,,35.75,55.00,https://cdn.shopify.com/s/files/1/0680/4619/2892/files/26uaut_y2902_pnk.jpg?v=1&width=800,Baby,Baby,22/09/2026,https://us.boden.com/products/baby-jersey-pinny-dress-set-pink-ditsy-vintage-roses-y2902pnk?tc_ch=display&tc_ve=ba&tc_so=tradedesk&tc_me=pp&tc_ca=bau,,,170,IN STOCK,,,Pink Ditsy Vintage Roses,,,,TRUE,TRUE
55221098,55221098,55221098,Volume Sleeve Shirt Boden,https://us.boden.com/products/women-volume-sleeve-shirt-blue-oxford-t2182blu?tc_ch=display&tc_ve=ba&tc_so=tradedesk&tc_me=pp&tc_ca=bau,,,130.00,130.00,https://cdn.shopify.com/s/files/1/0680/4619/2892/files/26wwin_t2182_blu_m01_da124ceb-225d-4726-8af0-979dfa50ded5.jpg?v=1&width=800,Women,Women,22/09/2026,https://us.boden.com/products/women-volume-sleeve-shirt-blue-oxford-t2182blu?tc_ch=display&tc_ve=ba&tc_so=tradedesk&tc_me=pp&tc_ca=bau,,,315,IN STOCK,,,Blue Oxford,,,,TRUE,TRUE
55199194,55199194,55199194,Glow-In-The-Dark Sweatshirt Boden,https://us.boden.com/products/boys-glow-in-the-dark-sweatshirt-shadow-grey-spaceman-b3283gry?tc_ch=display&tc_ve=ba&tc_so=tradedesk&tc_me=pp&tc_ca=bau,,,49.00,49.00,https://cdn.shopify.com/s/files/1/0680/4619/2892/files/26baut_b3283_gry_m01_bf3e2319-e45b-495e-bc9a-c47e2a01bc25.jpg?v=1&width=800,Boys,Boys,22/09/2026,https://us.boden.com/products/boys-glow-in-the-dark-sweatshirt-shadow-grey-spaceman-b3283gry?tc_ch=display&tc_ve=ba&tc_so=tradedesk&tc_me=pp&tc_ca=bau,,,254,IN STOCK,,,Shadow Grey Spaceman,,,,TRUE,TRUE
55218796,55218796,55218796,Front and Back Glow T-shirt Boden,https://us.boden.com/products/boys-front-and-back-glow-t-shirt-bright-blue-dinos-b3272blu?tc_ch=display&tc_ve=ba&tc_so=tradedesk&tc_me=pp&tc_ca=bau,,,22.40,32.00,https://cdn.shopify.com/s/files/1/0680/4619/2892/files/26baut_b3272_blu_1989c3de-e73e-48ca-b75e-644e2b16430e.jpg?v=1&width=800,Boys,Boys,22/09/2026,https://us.boden.com/products/boys-front-and-back-glow-t-shirt-bright-blue-dinos-b3272blu?tc_ch=display&tc_ve=ba&tc_so=tradedesk&tc_me=pp&tc_ca=bau,,,128,IN STOCK,,,Bright Blue Dinos,,,,TRUE,TRUE
55197185,55197185,55197185,Snug Glow-In-The-Dark Pajamas Boden,https://us.boden.com/products/girls-snug-glow-in-the-dark-pajamas-blue-spotty-dog-g5940blu?tc_ch=display&tc_ve=ba&tc_so=tradedesk&tc_me=pp&tc_ca=bau,,,34.30,49.00,https://cdn.shopify.com/s/files/1/0680/4619/2892/files/26gaut_g5940_blu_dda867ba-0035-4ab9-a834-557ef9d78632.jpg?v=1&width=800,Girls,Girls,22/09/2026,https://us.boden.com/products/girls-snug-glow-in-the-dark-pajamas-blue-spotty-dog-g5940blu?tc_ch=display&tc_ve=ba&tc_so=tradedesk&tc_me=pp&tc_ca=bau,,,171,IN STOCK,,,Blue Spotty Dog,,,,TRUE,TRUE
55203714,55203714,55203714,Halloween Glow Sweatshirt Boden,https://us.boden.com/products/boys-halloween-glow-sweatshirt-college-navy-skull-b3301nav?tc_ch=display&tc_ve=ba&tc_so=tradedesk&tc_me=pp&tc_ca=bau,,,59.00,59.00,https://cdn.shopify.com/s/files/1/0680/4619/2892/files/26baut_b3301_nav_m01_6394a201-0fca-49ce-b03f-538a8ca434ce.jpg?v=1&width=800,Boys,Boys,22/09/2026,https://us.boden.com/products/boys-halloween-glow-sweatshirt-college-navy-skull-b3301nav?tc_ch=display&tc_ve=ba&tc_so=tradedesk&tc_me=pp&tc_ca=bau,,,50,IN STOCK,,,College Navy Skull,,,,TRUE,TRUE
55215520,55215520,55215520,Georgia Jersey Midi Dress Boden,https://us.boden.com/products/women-georgia-jersey-midi-dress-dark-green-ditsy-carnation-d1034dgr?tc_ch=display&tc_ve=ba&tc_so=tradedesk&tc_me=pp&tc_ca=bau,,,149.00,149.00,https://cdn.shopify.com/s/files/1/0680/4619/2892/files/26wwin_d1034_dgr_m01_97d2803f-d1fe-49d6-963b-2409318b1e32.jpg?v=1&width=800,Women,Women,22/09/2026,https://us.boden.com/products/women-georgia-jersey-midi-dress-dark-green-ditsy-carnation-d1034dgr?tc_ch=display&tc_ve=ba&tc_so=tradedesk&tc_me=pp&tc_ca=bau,,,79,IN STOCK,,,"Dark Green, Ditsy Carnation",,,,TRUE,TRUE
55215170,55215170,55215170,Georgia Jersey Midi Dress Boden,https://us.boden.com/products/women-georgia-jersey-midi-dress-multi-bohemia-charm-d1034mix?tc_ch=display&tc_ve=ba&tc_so=tradedesk&tc_me=pp&tc_ca=bau,,,149.00,149.00,https://cdn.shopify.com/s/files/1/0680/4619/2892/files/26wwin_d1034_mix_m01_d3093861-0cda-46ef-8169-274b53427bdb.jpg?v=1&width=800,Women,Women,22/09/2026,https://us.boden.com/products/women-georgia-jersey-midi-dress-multi-bohemia-charm-d1034mix?tc_ch=display&tc_ve=ba&tc_so=tradedesk&tc_me=pp&tc_ca=bau,,,50,IN STOCK,,,"Multi, Bohemia Charm",,,,TRUE,TRUE
55233064,55233064,55233064,Imogen Collared Jersey Dress Boden,https://us.boden.com/products/women-imogen-collared-jersey-dress-sea-moss-d1147mgr?tc_ch=display&tc_ve=ba&tc_so=tradedesk&tc_me=pp&tc_ca=bau,,,149.00,149.00,https://cdn.shopify.com/s/files/1/0680/4619/2892/files/26wwin_d1147_mgr_m01_e540d0cd-6ec6-4b89-946b-a3b824ac86c5.jpg?v=1&width=800,Women,Women,22/09/2026,https://us.boden.com/products/women-imogen-collared-jersey-dress-sea-moss-d1147mgr?tc_ch=display&tc_ve=ba&tc_so=tradedesk&tc_me=pp&tc_ca=bau,,,174,IN STOCK,,,Sea Moss,,,,TRUE,TRUE
55208149,55208149,55208149,Hope Zip Detail Jersey Dress Boden,https://us.boden.com/products/women-hope-zip-detail-jersey-dress-storm-blue-flourishing-buds-d1816blu?tc_ch=display&tc_ve=ba&tc_so=tradedesk&tc_me=pp&tc_ca=bau,,,160.00,160.00,https://cdn.shopify.com/s/files/1/0680/4619/2892/files/26wwin_d1816_blu_m01_eb04a109-0df2-4344-9155-778d0ee1accb.jpg?v=1&width=800,Women,Women,22/09/2026,https://us.boden.com/products/women-hope-zip-detail-jersey-dress-storm-blue-flourishing-buds-d1816blu?tc_ch=display&tc_ve=ba&tc_so=tradedesk&tc_me=pp&tc_ca=bau,,,214,IN STOCK,,,"Storm Blue, Flourishing Buds",,,,TRUE,TRUE
55211686,55211686,55211686,Paula Ribbed Crew Dress Boden,https://us.boden.com/products/women-paula-ribbed-crew-dress-deep-wisteria-navy-d1825prp?tc_ch=display&tc_ve=ba&tc_so=tradedesk&tc_me=pp&tc_ca=bau,,,249.00,249.00,https://cdn.shopify.com/s/files/1/0680/4619/2892/files/26wwin_d1825_prp_m01_d1a4ed7e-20dc-4bff-890b-6de719a845fc.jpg?v=1&width=800,Women,Women,22/09/2026,https://us.boden.com/products/women-paula-ribbed-crew-dress-deep-wisteria-navy-d1825prp?tc_ch=display&tc_ve=ba&tc_so=tradedesk&tc_me=pp&tc_ca=bau,,,249,IN STOCK,,,"Deep Wisteria, Navy",,,,TRUE,TRUE
55212356,55212356,55212356,Rhoda Cord Short Dress Boden,https://us.boden.com/products/women-rhoda-cord-short-dress-gingerbread-d1828brn?tc_ch=display&tc_ve=ba&tc_so=tradedesk&tc_me=pp&tc_ca=bau,,,160.00,160.00,https://cdn.shopify.com/s/files/1/0680/4619/2892/files/26wwin_d1828_brn_m01_dab5e142-e8d6-411a-b773-d25bd5adcee5.jpg?v=1&width=800,Women,Women,22/09/2026,https://us.boden.com/products/women-rhoda-cord-short-dress-gingerbread-d1828brn?tc_ch=display&tc_ve=ba&tc_so=tradedesk&tc_me=pp&tc_ca=bau,,,228,IN STOCK,,,Gingerbread,,,,TRUE,TRUE
55211020,55211020,55211020,Ariadne Wool Blend Cardigan Boden,https://us.boden.com/products/women-ariadne-wool-blend-cardigan-brown-argyle-k1327brm?tc_ch=display&tc_ve=ba&tc_so=tradedesk&tc_me=pp&tc_ca=bau,,,199.00,199.00,https://cdn.shopify.com/s/files/1/0680/4619/2892/files/26waut_k1327_brm_w01.jpg?v=1&width=800,Women,Women,22/09/2026,https://us.boden.com/products/women-ariadne-wool-blend-cardigan-brown-argyle-k1327brm?tc_ch=display&tc_ve=ba&tc_so=tradedesk&tc_me=pp&tc_ca=bau,,,534,IN STOCK,,,Brown Argyle,,,,TRUE,TRUE
55200159,55200159,55200159,Sara Silk Shirt Boden,https://us.boden.com/products/women-sara-silk-shirt-pink-heather-frosted-flora-t2000mus?tc_ch=display&tc_ve=ba&tc_so=tradedesk&tc_me=pp&tc_ca=bau,,,220.00,220.00,https://cdn.shopify.com/s/files/1/0680/4619/2892/files/26waut_t2000_mus_w01.jpg?v=1&width=800,Women,Women,22/09/2026,https://us.boden.com/products/women-sara-silk-shirt-pink-heather-frosted-flora-t2000mus?tc_ch=display&tc_ve=ba&tc_so=tradedesk&tc_me=pp&tc_ca=bau,,,155,IN STOCK,,,"Pink Heather, Frosted Flora",,,,TRUE,TRUE
55201072,55201072,55201072,Double Layer Square Neck Top Boden,https://us.boden.com/products/women-double-layer-square-neck-top-winetasting-t2032prp?tc_ch=display&tc_ve=ba&tc_so=tradedesk&tc_me=pp&tc_ca=bau,,,55.00,55.00,https://cdn.shopify.com/s/files/1/0680/4619/2892/files/26waut_t2032_prp_m01_v1_f550b0f7-cb9d-4530-ac2f-f39252e1fcb4.jpg?v=1&width=800,Women,Women,22/09/2026,https://us.boden.com/products/women-double-layer-square-neck-top-winetasting-t2032prp?tc_ch=display&tc_ve=ba&tc_so=tradedesk&tc_me=pp&tc_ca=bau,,,25,IN STOCK,,,Winetasting,,,,TRUE,TRUE
55198748,55198748,55198748,Suki Shirred Jersey Dress Boden,https://us.boden.com/products/girls-suki-shirred-jersey-dress-purple-hearts-g6147prp?tc_ch=display&tc_ve=ba&tc_so=tradedesk&tc_me=pp&tc_ca=bau,,,29.40,49.00,https://cdn.shopify.com/s/files/1/0680/4619/2892/files/26gaut_g6147_prp_v1_a9629b0e-6f4c-4de2-b7aa-6a5b26aefe44.jpg?v=1&width=800,Girls,Girls,22/09/2026,https://us.boden.com/products/girls-suki-shirred-jersey-dress-purple-hearts-g6147prp?tc_ch=display&tc_ve=ba&tc_so=tradedesk&tc_me=pp&tc_ca=bau,,,132,IN STOCK,,,Purple Hearts,,,,TRUE,TRUE
55208770,55208770,55208770,Hope Zip Detail Jersey Dress Boden,https://us.boden.com/products/women-hope-zip-detail-jersey-dress-russet-tickled-meadows-d1816brn?tc_ch=display&tc_ve=ba&tc_so=tradedesk&tc_me=pp&tc_ca=bau,,,160.00,160.00,https://cdn.shopify.com/s/files/1/0680/4619/2892/files/26wwin_d1816_brn_m01_ff9353aa-b66e-4278-abe5-acee658b3fe2.jpg?v=1&width=800,Women,Women,22/09/2026,https://us.boden.com/products/women-hope-zip-detail-jersey-dress-russet-tickled-meadows-d1816brn?tc_ch=display&tc_ve=ba&tc_so=tradedesk&tc_me=pp&tc_ca=bau,,,103,IN STOCK,,,"Russet, Tickled Meadows",,,,TRUE,TRUE
55207349,55207349,55207349,Cora Jersey RaRa Dress Boden,https://us.boden.com/products/girls-cora-jersey-rara-dress-blue-floral-g6054bel?tc_ch=display&tc_ve=ba&tc_so=tradedesk&tc_me=pp&tc_ca=bau,,,65.00,65.00,https://cdn.shopify.com/s/files/1/0680/4619/2892/files/26gwin_g6054_bel_8e3257f7-38b4-4aa2-a75d-72345f4b06f2.jpg?v=1&width=800,Girls,Girls,22/09/2026,https://us.boden.com/products/girls-cora-jersey-rara-dress-blue-floral-g6054bel?tc_ch=display&tc_ve=ba&tc_so=tradedesk&tc_me=pp&tc_ca=bau,,,194,IN STOCK,,,Blue Floral,,,,TRUE,TRUE
55204973,55204973,55204973,Fun Padded Coat Boden,https://us.boden.com/products/girls-fun-padded-coat-navy-bird-placement-print-g5701nav?tc_ch=display&tc_ve=ba&tc_so=tradedesk&tc_me=pp&tc_ca=bau,,,99.00,99.00,https://cdn.shopify.com/s/files/1/0680/4619/2892/files/26gaut_g5701_nav_w01.jpg?v=1&width=800,Girls,Girls,22/09/2026,https://us.boden.com/products/girls-fun-padded-coat-navy-bird-placement-print-g5701nav?tc_ch=display&tc_ve=ba&tc_so=tradedesk&tc_me=pp&tc_ca=bau,,,229,IN STOCK,,,Navy Bird Placement Print,,,,TRUE,TRUE
55219489,55219489,55219489,Long Sleeve Pointelle Top Boden,https://us.boden.com/products/girls-long-sleeve-pointelle-top-heather-rose-floral-g4920pur?tc_ch=display&tc_ve=ba&tc_so=tradedesk&tc_me=pp&tc_ca=bau,,,25.00,25.00,https://cdn.shopify.com/s/files/1/0680/4619/2892/files/26gwin_g4920_pur_412473f7-4e18-4152-8940-6493edb1d72e.jpg?v=1&width=800,Girls,Girls,22/09/2026,https://us.boden.com/products/girls-long-sleeve-pointelle-top-heather-rose-floral-g4920pur?tc_ch=display&tc_ve=ba&tc_so=tradedesk&tc_me=pp&tc_ca=bau,,,314,IN STOCK,,,Heather Rose Floral,,,,TRUE,TRUE
55218820,55218820,55218820,Ida Sweatshirt Appliqué Dress Boden,https://us.boden.com/products/girls-ida-sweatshirt-applique-dress-navy-floral-embroidery-g4875nav?tc_ch=display&tc_ve=ba&tc_so=tradedesk&tc_me=pp&tc_ca=bau,,,65.00,65.00,https://cdn.shopify.com/s/files/1/0680/4619/2892/files/26gwin_g4875_nav_v1.jpg?v=1&width=800,Girls,Girls,22/09/2026,https://us.boden.com/products/girls-ida-sweatshirt-applique-dress-navy-floral-embroidery-g4875nav?tc_ch=display&tc_ve=ba&tc_so=tradedesk&tc_me=pp&tc_ca=bau,,,207,IN STOCK,,,Navy Floral Embroidery,,,,TRUE,TRUE
55203159,55203159,55203159,Novelty Ear Muffs Boden,https://us.boden.com/products/girls-novelty-ear-muffs-leopard-c1907ani?tc_ch=display&tc_ve=ba&tc_so=tradedesk&tc_me=pp&tc_ca=bau,,,32.00,32.00,https://cdn.shopify.com/s/files/1/0680/4619/2892/files/26gwin_c1907_ani.jpg?v=1&width=800,Girls,Girls,22/09/2026,https://us.boden.com/products/girls-novelty-ear-muffs-leopard-c1907ani?tc_ch=display&tc_ve=ba&tc_so=tradedesk&tc_me=pp&tc_ca=bau,,,885,IN STOCK,,,Leopard,,,,TRUE,TRUE
55205019,55205019,55205019,Chunky Everyday Cardigan Boden,https://us.boden.com/products/girls-chunky-everyday-cardigan-soft-green-marl-g6100grn?tc_ch=display&tc_ve=ba&tc_so=tradedesk&tc_me=pp&tc_ca=bau,,,65.00,65.00,https://cdn.shopify.com/s/files/1/0680/4619/2892/files/26gaut_g6100_grn_w01.jpg?v=1&width=800,Girls,Girls,22/09/2026,https://us.boden.com/products/girls-chunky-everyday-cardigan-soft-green-marl-g6100grn?tc_ch=display&tc_ve=ba&tc_so=tradedesk&tc_me=pp&tc_ca=bau,,,111,IN STOCK,,,Soft Green Marl,,,,TRUE,TRUE
55203625,55203625,55203625,Front Pocket Romper Set Boden,https://us.boden.com/products/baby-front-pocket-romper-set-green-family-check-y2750mgr?tc_ch=display&tc_ve=ba&tc_so=tradedesk&tc_me=pp&tc_ca=bau,,,59.00,59.00,https://cdn.shopify.com/s/files/1/0680/4619/2892/files/26uaut_y2750_mgr_w01_37e89c13-e96f-4be1-beb5-1f4c6313430d.jpg?v=1&width=800,Baby,Baby,22/09/2026,https://us.boden.com/products/baby-front-pocket-romper-set-green-family-check-y2750mgr?tc_ch=display&tc_ve=ba&tc_so=tradedesk&tc_me=pp&tc_ca=bau,,,113,IN STOCK,,,Green Family Check,,,,TRUE,TRUE
55203780,55203780,55203780,Novelty Cosy Borg Jacket Boden,https://us.boden.com/products/baby-novelty-cosy-borg-jacket-brown-hedgehog-y2730lbr?tc_ch=display&tc_ve=ba&tc_so=tradedesk&tc_me=pp&tc_ca=bau,,,69.00,69.00,https://cdn.shopify.com/s/files/1/0680/4619/2892/files/26uaut_y2730_lbr_w01.jpg?v=1&width=800,Baby,Baby,22/09/2026,https://us.boden.com/products/baby-novelty-cosy-borg-jacket-brown-hedgehog-y2730lbr?tc_ch=display&tc_ve=ba&tc_so=tradedesk&tc_me=pp&tc_ca=bau,,,96,IN STOCK,,,Brown Hedgehog,,,,TRUE,TRUE
55207898,55207898,55207898,Reversible Borg Hoody Boden,https://us.boden.com/products/girls-reversible-borg-hoody-dusty-rose-sprouting-garden-g5606ppk?tc_ch=display&tc_ve=ba&tc_so=tradedesk&tc_me=pp&tc_ca=bau,,,75.00,75.00,https://cdn.shopify.com/s/files/1/0680/4619/2892/files/26gwin_g5606_ppk_v1_3eca3680-bc24-4ad7-9238-2a5b9af8757e.jpg?v=1&width=800,Girls,Girls,22/09/2026,https://us.boden.com/products/girls-reversible-borg-hoody-dusty-rose-sprouting-garden-g5606ppk?tc_ch=display&tc_ve=ba&tc_so=tradedesk&tc_me=pp&tc_ca=bau,,,220,IN STOCK,,,Dusty Rose Sprouting Garden,,,,TRUE,TRUE
55207513,55207513,55207513,Winnie Frill Trim Shirt Dress Boden,https://us.boden.com/products/girls-winnie-frill-trim-shirt-dress-formica-pink-cord-g6117ppk?tc_ch=display&tc_ve=ba&tc_so=tradedesk&tc_me=pp&tc_ca=bau,,,69.00,69.00,https://cdn.shopify.com/s/files/1/0680/4619/2892/files/26gwin_g6117_ppk_0898d682-720c-4448-b2fd-7e578437eb8c.jpg?v=1&width=800,Girls,Girls,22/09/2026,https://us.boden.com/products/girls-winnie-frill-trim-shirt-dress-formica-pink-cord-g6117ppk?tc_ch=display&tc_ve=ba&tc_so=tradedesk&tc_me=pp&tc_ca=bau,,,250,IN STOCK,,,Formica Pink Cord,,,,TRUE,TRUE
55211109,55211109,55211109,Frill Button Through Woven Top Boden,https://us.boden.com/products/girls-frill-button-through-woven-top-soft-cream-floral-trellis-g6137ivo?tc_ch=display&tc_ve=ba&tc_so=tradedesk&tc_me=pp&tc_ca=bau,,,49.00,49.00,https://cdn.shopify.com/s/files/1/0680/4619/2892/files/26gaut_g6137_ivo_w01.jpg?v=1&width=800,Girls,Girls,22/09/2026,https://us.boden.com/products/girls-frill-button-through-woven-top-soft-cream-floral-trellis-g6137ivo?tc_ch=display&tc_ve=ba&tc_so=tradedesk&tc_me=pp&tc_ca=bau,,,190,IN STOCK,,,Soft Cream Floral Trellis,,,,TRUE,TRUE
55219767,55219767,55219767,Nya Penny Loafers Boden,https://us.boden.com/products/women-nya-penny-loafers-chocolate-brown-leather-a1805reo?tc_ch=display&tc_ve=ba&tc_so=tradedesk&tc_me=pp&tc_ca=bau,,,190.00,190.00,https://cdn.shopify.com/s/files/1/0680/4619/2892/files/26wwin_a1805_reo_1bbe7ae9-9535-46c1-8910-cd4602077d2a.jpg?v=1&width=800,Women,Women,22/09/2026,https://us.boden.com/products/women-nya-penny-loafers-chocolate-brown-leather-a1805reo?tc_ch=display&tc_ve=ba&tc_so=tradedesk&tc_me=pp&tc_ca=bau,,,46,IN STOCK,,,Chocolate Brown Leather,,,,TRUE,TRUE
55204895,55204895,55204895,Woven Bubble Romper Boden,https://us.boden.com/products/baby-woven-bubble-romper-green-red-check-y2934grn?tc_ch=display&tc_ve=ba&tc_so=tradedesk&tc_me=pp&tc_ca=bau,,,55.00,55.00,https://cdn.shopify.com/s/files/1/0680/4619/2892/files/26uwin_y2934_grn_m01.jpg?v=1&width=800,Baby,Baby,22/09/2026,https://us.boden.com/products/baby-woven-bubble-romper-green-red-check-y2934grn?tc_ch=display&tc_ve=ba&tc_so=tradedesk&tc_me=pp&tc_ca=bau,,,146,IN STOCK,,,Green/Red Check,,,,TRUE,TRUE
55210229,55210229,55210229,Nadia Chisel Toe Flats Boden,https://us.boden.com/products/women-nadia-chisel-toe-flats-bitter-chocolate-a2244brm?tc_ch=display&tc_ve=ba&tc_so=tradedesk&tc_me=pp&tc_ca=bau,,,190.00,190.00,https://cdn.shopify.com/s/files/1/0680/4619/2892/files/26wwin_a2244_brm_013292e6-d6fd-4dba-9580-bbb26c8830a0.jpg?v=1&width=800,Women,Women,22/09/2026,https://us.boden.com/products/women-nadia-chisel-toe-flats-bitter-chocolate-a2244brm?tc_ch=display&tc_ve=ba&tc_so=tradedesk&tc_me=pp&tc_ca=bau,,,110,IN STOCK,,,Bitter Chocolate,,,,TRUE,TRUE
55203689,55203689,55203689,Smocked Occasion Dress Boden,https://us.boden.com/products/baby-smocked-occasion-dress-green-family-check-y2752mgr?tc_ch=display&tc_ve=ba&tc_so=tradedesk&tc_me=pp&tc_ca=bau,,,65.00,65.00,https://cdn.shopify.com/s/files/1/0680/4619/2892/files/26uwin_y2752_mgr_m01_v1_2154dec7-b4ae-4f3e-976c-7e60666de745.jpg?v=1&width=800,Baby,Baby,22/09/2026,https://us.boden.com/products/baby-smocked-occasion-dress-green-family-check-y2752mgr?tc_ch=display&tc_ve=ba&tc_so=tradedesk&tc_me=pp&tc_ca=bau,,,231,IN STOCK,,,Green Family Check,,,,TRUE,TRUE
55219086,55219086,55219086,Loafer Ankle Boots Boden,https://us.boden.com/products/women-loafer-ankle-boots-chocolate-suede-a2241dcm?tc_ch=display&tc_ve=ba&tc_so=tradedesk&tc_me=pp&tc_ca=bau,,,270.00,270.00,https://cdn.shopify.com/s/files/1/0680/4619/2892/files/26wwin_a2241_dcm_b5bddaac-dccc-4c85-8111-c2f59632826a.jpg?v=1&width=800,Women,Women,22/09/2026,https://us.boden.com/products/women-loafer-ankle-boots-chocolate-suede-a2241dcm?tc_ch=display&tc_ve=ba&tc_so=tradedesk&tc_me=pp&tc_ca=bau,,,51,IN STOCK,,,Chocolate Suede,,,,TRUE,TRUE
55203437,55203437,55203437,Cotton Cord Pants Boden,https://us.boden.com/products/baby-cotton-cord-pants-embroidered-taupe-y2916ntl?tc_ch=display&tc_ve=ba&tc_so=tradedesk&tc_me=pp&tc_ca=bau,,,49.00,49.00,https://cdn.shopify.com/s/files/1/0680/4619/2892/files/26uwin_y2916_ntl.jpg?v=1&width=800,Baby,Baby,22/09/2026,https://us.boden.com/products/baby-cotton-cord-pants-embroidered-taupe-y2916ntl?tc_ch=display&tc_ve=ba&tc_so=tradedesk&tc_me=pp&tc_ca=bau,,,130,IN STOCK,,,Embroidered Taupe,,,,TRUE,TRUE
55219740,55219740,55219740,Nya Penny Loafers Boden,https://us.boden.com/products/women-nya-penny-loafers-green-a1805grn?tc_ch=display&tc_ve=ba&tc_so=tradedesk&tc_me=pp&tc_ca=bau,,,190.00,190.00,https://cdn.shopify.com/s/files/1/0680/4619/2892/files/26wwin_a1805_grn_f907efb8-3a03-4a2f-9509-821ff1aac8ad.jpg?v=1&width=800,Women,Women,22/09/2026,https://us.boden.com/products/women-nya-penny-loafers-green-a1805grn?tc_ch=display&tc_ve=ba&tc_so=tradedesk&tc_me=pp&tc_ca=bau,,,42,IN STOCK,,,Green,,,,TRUE,TRUE
55204358,55204358,55204358,7-Pack Underwear Boden,https://us.boden.com/products/girls-7-pack-underwear-floral-bunches-c1986mlt?tc_ch=display&tc_ve=ba&tc_so=tradedesk&tc_me=pp&tc_ca=bau,,,55.00,55.00,https://cdn.shopify.com/s/files/1/0680/4619/2892/files/26gaut_c1986_mlt_49b82ac6-533e-48c0-be07-d4eb70a2d77e.jpg?v=1&width=800,Girls,Girls,22/09/2026,https://us.boden.com/products/girls-7-pack-underwear-floral-bunches-c1986mlt?tc_ch=display&tc_ve=ba&tc_so=tradedesk&tc_me=pp&tc_ca=bau,,,237,IN STOCK,,,Floral Bunches,,,,TRUE,TRUE
55210293,55210293,55210293,Dinah Embellished Loafers Boden,https://us.boden.com/products/women-dinah-embellished-loafers-navy-heart-and-key-a2278nav?tc_ch=display&tc_ve=ba&tc_so=tradedesk&tc_me=pp&tc_ca=bau,,,220.00,220.00,https://cdn.shopify.com/s/files/1/0680/4619/2892/files/26wwin_a2278_nav_98836c78-cf7b-46d9-b4ad-6a7d877a4566.jpg?v=1&width=800,Women,Women,22/09/2026,https://us.boden.com/products/women-dinah-embellished-loafers-navy-heart-and-key-a2278nav?tc_ch=display&tc_ve=ba&tc_so=tradedesk&tc_me=pp&tc_ca=bau,,,49,IN STOCK,,,Navy Heart and Key,,,,TRUE,TRUE
55217880,55217880,55217880,Etta Piping Velvet Dress Boden,https://us.boden.com/products/women-etta-piping-velvet-dress-douglas-fir-d1832dgr?tc_ch=display&tc_ve=ba&tc_so=tradedesk&tc_me=pp&tc_ca=bau,,,230.00,230.00,https://cdn.shopify.com/s/files/1/0680/4619/2892/files/26waut_d1832_dgr_w01_7ec4c81f-5d4b-4b8a-90a2-0e0ef8dc6db9.jpg?v=1&width=800,Women,Women,22/09/2026,https://us.boden.com/products/women-etta-piping-velvet-dress-douglas-fir-d1832dgr?tc_ch=display&tc_ve=ba&tc_so=tradedesk&tc_me=pp&tc_ca=bau,,,64,IN STOCK,,,Douglas Fir,,,,TRUE,TRUE
55217753,55217753,55217753,Etta Piping Velvet Dress Boden,https://us.boden.com/products/women-etta-piping-velvet-dress-navy-d1832nav?tc_ch=display&tc_ve=ba&tc_so=tradedesk&tc_me=pp&tc_ca=bau,,,230.00,230.00,https://cdn.shopify.com/s/files/1/0680/4619/2892/files/26wwin_d1832_nav_m01.jpg?v=1&width=800,Women,Women,22/09/2026,https://us.boden.com/products/women-etta-piping-velvet-dress-navy-d1832nav?tc_ch=display&tc_ve=ba&tc_so=tradedesk&tc_me=pp&tc_ca=bau,,,41,IN STOCK,,,Navy,,,,TRUE,TRUE
55201052,55201052,55201052,Ara Jersey Shirt Boden,https://us.boden.com/products/women-ara-jersey-shirt-chive-tickled-meadows-t2149spt?tc_ch=display&tc_ve=ba&tc_so=tradedesk&tc_me=pp&tc_ca=bau,,,99.00,99.00,https://cdn.shopify.com/s/files/1/0680/4619/2892/files/26wwin_t2149_spt_m01.jpg?v=1&width=800,Women,Women,22/09/2026,https://us.boden.com/products/women-ara-jersey-shirt-chive-tickled-meadows-t2149spt?tc_ch=display&tc_ve=ba&tc_so=tradedesk&tc_me=pp&tc_ca=bau,,,166,IN STOCK,,,"Chive, Tickled Meadows",,,,TRUE,TRUE
55215044,55215044,55215044,Tie Waist Ponte Dress Boden,https://us.boden.com/products/women-tie-waist-ponte-dress-black-d1808blk?tc_ch=display&tc_ve=ba&tc_so=tradedesk&tc_me=pp&tc_ca=bau,,,149.00,149.00,https://cdn.shopify.com/s/files/1/0680/4619/2892/files/26wwin_d1808_blk_m02_e42b8e8e-4faa-431b-9d6d-2e476826b5eb.jpg?v=1&width=800,Women,Women,22/09/2026,https://us.boden.com/products/women-tie-waist-ponte-dress-black-d1808blk?tc_ch=display&tc_ve=ba&tc_so=tradedesk&tc_me=pp&tc_ca=bau,,,141,IN STOCK,,,Black,,,,TRUE,TRUE
55215253,55215253,55215253,Crew Neck Jacquard Dress Boden,https://us.boden.com/products/women-crew-neck-jacquard-dress-navy-camel-red-check-d1822nav?tc_ch=display&tc_ve=ba&tc_so=tradedesk&tc_me=pp&tc_ca=bau,,,220.00,220.00,https://cdn.shopify.com/s/files/1/0680/4619/2892/files/26wwin_d1822_nav_m01_17abdc5f-6b34-4a15-b60a-2472beaaaccd.jpg?v=1&width=800,Women,Women,22/09/2026,https://us.boden.com/products/women-crew-neck-jacquard-dress-navy-camel-red-check-d1822nav?tc_ch=display&tc_ve=ba&tc_so=tradedesk&tc_me=pp&tc_ca=bau,,,64,IN STOCK,,,"Navy, Camel, Red Check",,,,TRUE,TRUE
55199425,55199425,55199425,Quilted Borg Jacket Boden,https://us.boden.com/products/boys-quilted-borg-jacket-colourblock-b3274mul?tc_ch=display&tc_ve=ba&tc_so=tradedesk&tc_me=pp&tc_ca=bau,,,89.00,89.00,https://cdn.shopify.com/s/files/1/0680/4619/2892/files/26baut_b3274_mul_2ec32c34-df29-4094-84d8-1bbbe800a9a0.jpg?v=1&width=800,Boys,Boys,22/09/2026,https://us.boden.com/products/boys-quilted-borg-jacket-colourblock-b3274mul?tc_ch=display&tc_ve=ba&tc_so=tradedesk&tc_me=pp&tc_ca=bau,,,167,IN STOCK,,,Colourblock,,,,TRUE,TRUE
55205107,55205107,55205107,Quilted Coat Boden,https://us.boden.com/products/boys-quilted-coat-khaki-colourblock-b3298grn?tc_ch=display&tc_ve=ba&tc_so=tradedesk&tc_me=pp&tc_ca=bau,,,99.00,99.00,https://cdn.shopify.com/s/files/1/0680/4619/2892/files/26baut_b3298_grn_m01.jpg?v=1&width=800,Boys,Boys,22/09/2026,https://us.boden.com/products/boys-quilted-coat-khaki-colourblock-b3298grn?tc_ch=display&tc_ve=ba&tc_so=tradedesk&tc_me=pp&tc_ca=bau,,,135,IN STOCK,,,Khaki Colourblock,,,,TRUE,TRUE
55204311,55204311,55204311,Smart Collared Sweatshirt Boden,https://us.boden.com/products/boys-smart-collared-sweatshirt-brunswick-green-college-navy-b3259lgr?tc_ch=display&tc_ve=ba&tc_so=tradedesk&tc_me=pp&tc_ca=bau,,,55.00,55.00,https://cdn.shopify.com/s/files/1/0680/4619/2892/files/26baut_b3259_lgr_e2b19f16-7fae-40f9-9c9e-392bf9564608.jpg?v=1&width=800,Boys,Boys,22/09/2026,https://us.boden.com/products/boys-smart-collared-sweatshirt-brunswick-green-college-navy-b3259lgr?tc_ch=display&tc_ve=ba&tc_so=tradedesk&tc_me=pp&tc_ca=bau,,,82,IN STOCK,,,Brunswick Green / College Navy,,,,TRUE,TRUE
55198217,55198217,55198217,Ribbed Flared Leggings Boden,https://us.boden.com/products/girls-ribbed-flared-leggings-green-g5818grn?tc_ch=display&tc_ve=ba&tc_so=tradedesk&tc_me=pp&tc_ca=bau,,,25.00,25.00,https://cdn.shopify.com/s/files/1/0680/4619/2892/files/26gaut_g5818_grn.jpg?v=1&width=800,Girls,Girls,22/09/2026,https://us.boden.com/products/girls-ribbed-flared-leggings-green-g5818grn?tc_ch=display&tc_ve=ba&tc_so=tradedesk&tc_me=pp&tc_ca=bau,,,109,IN STOCK,,,Green,,,,TRUE,TRUE
55207298,55207298,55207298,Marianne Merino Wool Cardigan Boden,https://us.boden.com/products/women-marianne-merino-wool-cardigan-spiced-chai-k1314yel?tc_ch=display&tc_ve=ba&tc_so=tradedesk&tc_me=pp&tc_ca=bau,,,190.00,190.00,https://cdn.shopify.com/s/files/1/0680/4619/2892/files/26waut_k1314_yel_m01_v1_0213e38e-68ba-4f7a-9c66-3672b66f6728.jpg?v=1&width=800,Women,Women,22/09/2026,https://us.boden.com/products/women-marianne-merino-wool-cardigan-spiced-chai-k1314yel?tc_ch=display&tc_ve=ba&tc_so=tradedesk&tc_me=pp&tc_ca=bau,,,269,IN STOCK,,,Spiced Chai,,,,TRUE,TRUE
55207086,55207086,55207086,Marianne Merino Wool Cardigan Boden,https://us.boden.com/products/women-marianne-merino-wool-cardigan-crimson-red-k1314red?tc_ch=display&tc_ve=ba&tc_so=tradedesk&tc_me=pp&tc_ca=bau,,,190.00,190.00,https://cdn.shopify.com/s/files/1/0680/4619/2892/files/26waut_k1314_red_m04_v1_9e188ad2-0512-43f1-b4d1-d7b0913361c8.jpg?v=1&width=800,Women,Women,22/09/2026,https://us.boden.com/products/women-marianne-merino-wool-cardigan-crimson-red-k1314red?tc_ch=display&tc_ve=ba&tc_so=tradedesk&tc_me=pp&tc_ca=bau,,,330,IN STOCK,,,Crimson Red,,,,TRUE,TRUE
55207762,55207762,55207762,Marianne Merino Wool Cardigan Boden,https://us.boden.com/products/women-marianne-merino-wool-cardigan-black-k1314blk?tc_ch=display&tc_ve=ba&tc_so=tradedesk&tc_me=pp&tc_ca=bau,,,190.00,190.00,https://cdn.shopify.com/s/files/1/0680/4619/2892/files/26waut_k1314_blk_m01_d3e40a87-7efd-4ebc-9f13-942c8cac99b3.jpg?v=1&width=800,Women,Women,22/09/2026,https://us.boden.com/products/women-marianne-merino-wool-cardigan-black-k1314blk?tc_ch=display&tc_ve=ba&tc_so=tradedesk&tc_me=pp&tc_ca=bau,,,494,IN STOCK,,,Black,,,,TRUE,TRUE
55204421,55204421,55204421,Sweatshirt Play Set Boden,https://us.boden.com/products/baby-sweatshirt-play-set-green-woodland-animals-y2708khk?tc_ch=display&tc_ve=ba&tc_so=tradedesk&tc_me=pp&tc_ca=bau,,,59.00,59.00,https://cdn.shopify.com/s/files/1/0680/4619/2892/files/26uwin_y2708_khk_2a55647d-4b4b-48d7-970d-bb7b9611cc3d.jpg?v=1&width=800,Baby,Baby,22/09/2026,https://us.boden.com/products/baby-sweatshirt-play-set-green-woodland-animals-y2708khk?tc_ch=display&tc_ve=ba&tc_so=tradedesk&tc_me=pp&tc_ca=bau,,,55,IN STOCK,,,Green Woodland Animals,,,,TRUE,TRUE
55204428,55204428,55204428,Embroidered Borg Vest Boden,https://us.boden.com/products/baby-embroidered-borg-vest-neutral-embroidery-y2918neu?tc_ch=display&tc_ve=ba&tc_so=tradedesk&tc_me=pp&tc_ca=bau,,,59.00,59.00,https://cdn.shopify.com/s/files/1/0680/4619/2892/files/26uwin_y2918_neu_m01.jpg?v=1&width=800,Baby,Baby,22/09/2026,https://us.boden.com/products/baby-embroidered-borg-vest-neutral-embroidery-y2918neu?tc_ch=display&tc_ve=ba&tc_so=tradedesk&tc_me=pp&tc_ca=bau,,,95,IN STOCK,,,Neutral Embroidery,,,,TRUE,TRUE
55203816,55203816,55203816,Fair Isle Knitted Play Set Boden,https://us.boden.com/products/baby-fair-isle-knitted-play-set-denim-blue-bear-fair-isle-y2797blu?tc_ch=display&tc_ve=ba&tc_so=tradedesk&tc_me=pp&tc_ca=bau,,,75.00,75.00,https://cdn.shopify.com/s/files/1/0680/4619/2892/files/26uwin_y2797_blu_e9d259e5-5171-41c9-86d0-ebaac44867b7.jpg?v=1&width=800,Baby,Baby,22/09/2026,https://us.boden.com/products/baby-fair-isle-knitted-play-set-denim-blue-bear-fair-isle-y2797blu?tc_ch=display&tc_ve=ba&tc_so=tradedesk&tc_me=pp&tc_ca=bau,,,121,IN STOCK,,,Denim Blue Bear Fair Isle,,,,TRUE,TRUE
55203696,55203696,55203696,3-in-1 Shower Resistant Coat Boden,https://us.boden.com/products/baby-3-in-1-shower-resistant-coat-poppy-field-y2731mlt?tc_ch=display&tc_ve=ba&tc_so=tradedesk&tc_me=pp&tc_ca=bau,,,99.00,99.00,https://cdn.shopify.com/s/files/1/0680/4619/2892/files/26uwin_y2731_mlt_v1_a807a3aa-fe80-424d-aa6e-7f2259a8ec20.jpg?v=1&width=800,Baby,Baby,22/09/2026,https://us.boden.com/products/baby-3-in-1-shower-resistant-coat-poppy-field-y2731mlt?tc_ch=display&tc_ve=ba&tc_so=tradedesk&tc_me=pp&tc_ca=bau,,,282,IN STOCK,,,Poppy Field,,,,TRUE,TRUE
55203060,55203060,55203060,Collared Jersey Set Boden,https://us.boden.com/products/baby-collared-jersey-set-ivory-pink-embroidered-y2699ecr?tc_ch=display&tc_ve=ba&tc_so=tradedesk&tc_me=pp&tc_ca=bau,,,59.00,59.00,https://cdn.shopify.com/s/files/1/0680/4619/2892/files/26uwin_y2699_ecr.jpg?v=1&width=800,Baby,Baby,22/09/2026,https://us.boden.com/products/baby-collared-jersey-set-ivory-pink-embroidered-y2699ecr?tc_ch=display&tc_ve=ba&tc_so=tradedesk&tc_me=pp&tc_ca=bau,,,256,IN STOCK,,,Ivory/Pink Embroidered,,,,TRUE,TRUE
55203197,55203197,55203197,Ruffle Neck Sweatshirt Set Boden,https://us.boden.com/products/baby-ruffle-neck-sweatshirt-set-blue-marl-y2816blu?tc_ch=display&tc_ve=ba&tc_so=tradedesk&tc_me=pp&tc_ca=bau,,,59.00,59.00,https://cdn.shopify.com/s/files/1/0680/4619/2892/files/26uwin_y2816_blu_b7c75510-44b1-43b1-8cb6-f974419c4d53.jpg?v=1&width=800,Baby,Baby,22/09/2026,https://us.boden.com/products/baby-ruffle-neck-sweatshirt-set-blue-marl-y2816blu?tc_ch=display&tc_ve=ba&tc_so=tradedesk&tc_me=pp&tc_ca=bau,,,137,IN STOCK,,,Blue Marl,,,,TRUE,TRUE
55203424,55203424,55203424,Smocked Occasion Dress Boden,https://us.boden.com/products/baby-smocked-occasion-dress-pink-sprouting-garden-y2752pnt?tc_ch=display&tc_ve=ba&tc_so=tradedesk&tc_me=pp&tc_ca=bau,,,65.00,65.00,https://cdn.shopify.com/s/files/1/0680/4619/2892/files/26uaut_y2752_pnt_w01.jpg?v=1&width=800,Baby,Baby,22/09/2026,https://us.boden.com/products/baby-smocked-occasion-dress-pink-sprouting-garden-y2752pnt?tc_ch=display&tc_ve=ba&tc_so=tradedesk&tc_me=pp&tc_ca=bau,,,176,IN STOCK,,,Pink Sprouting Garden,,,,TRUE,TRUE
55207857,55207857,55207857,Stripe Collar Sweatshirt Boden,https://us.boden.com/products/girls-stripe-collar-sweatshirt-pink-stripe-g6136mml?tc_ch=display&tc_ve=ba&tc_so=tradedesk&tc_me=pp&tc_ca=bau,,,55.00,55.00,https://cdn.shopify.com/s/files/1/0680/4619/2892/files/26gwin_g6136_mml_m01_009aadbf-a367-4269-9b5f-c57d6a939205.jpg?v=1&width=800,Girls,Girls,22/09/2026,https://us.boden.com/products/girls-stripe-collar-sweatshirt-pink-stripe-g6136mml?tc_ch=display&tc_ve=ba&tc_so=tradedesk&tc_me=pp&tc_ca=bau,,,120,IN STOCK,,,Pink Stripe,,,,TRUE,TRUE
55203039,55203039,55203039,Sweatshirt & Legging Set Boden,https://us.boden.com/products/baby-sweatshirt-legging-set-blue-sprouting-garden-y2925blu?tc_ch=display&tc_ve=ba&tc_so=tradedesk&tc_me=pp&tc_ca=bau,,,55.00,55.00,https://cdn.shopify.com/s/files/1/0680/4619/2892/files/26uwin_y2925_blu_ffa69f35-c8f4-487b-bfbe-d5a777839117.jpg?v=1&width=800,Baby,Baby,22/09/2026,https://us.boden.com/products/baby-sweatshirt-legging-set-blue-sprouting-garden-y2925blu?tc_ch=display&tc_ve=ba&tc_so=tradedesk&tc_me=pp&tc_ca=bau,,,101,IN STOCK,,,Blue Sprouting Garden,,,,TRUE,TRUE
55203632,55203632,55203632,Woven Overalls Set Boden,https://us.boden.com/products/baby-woven-overalls-set-formica-pink-floral-embroidery-y2921pnk?tc_ch=display&tc_ve=ba&tc_so=tradedesk&tc_me=pp&tc_ca=bau,,,69.00,69.00,https://cdn.shopify.com/s/files/1/0680/4619/2892/files/26uwin_y2921_pnk.jpg?v=1&width=800,Baby,Baby,22/09/2026,https://us.boden.com/products/baby-woven-overalls-set-formica-pink-floral-embroidery-y2921pnk?tc_ch=display&tc_ve=ba&tc_so=tradedesk&tc_me=pp&tc_ca=bau,,,69,IN STOCK,,,Formica Pink Floral Embroidery,,,,TRUE,TRUE
55203681,55203681,55203681,Pointelle Knitted Play Set Boden,https://us.boden.com/products/baby-pointelle-knitted-play-set-harbor-grey-oatmeal-marl-y2926lbl?tc_ch=display&tc_ve=ba&tc_so=tradedesk&tc_me=pp&tc_ca=bau,,,69.00,69.00,https://cdn.shopify.com/s/files/1/0680/4619/2892/files/26uwin_y2926_lbl.jpg?v=1&width=800,Baby,Baby,22/09/2026,https://us.boden.com/products/baby-pointelle-knitted-play-set-harbor-grey-oatmeal-marl-y2926lbl?tc_ch=display&tc_ve=ba&tc_so=tradedesk&tc_me=pp&tc_ca=bau,,,141,IN STOCK,,,Harbor Grey/Oatmeal Marl,,,,TRUE,TRUE
55204929,55204929,55204929,Woven Pull-on Pants Boden,https://us.boden.com/products/baby-woven-pull-on-pants-green-red-check-y2933grn?tc_ch=display&tc_ve=ba&tc_so=tradedesk&tc_me=pp&tc_ca=bau,,,42.00,42.00,https://cdn.shopify.com/s/files/1/0680/4619/2892/files/26uwin_y2933_grn_fa603644-8627-4dab-8848-940b4e698f61.jpg?v=1&width=800,Baby,Baby,22/09/2026,https://us.boden.com/products/baby-woven-pull-on-pants-green-red-check-y2933grn?tc_ch=display&tc_ve=ba&tc_so=tradedesk&tc_me=pp&tc_ca=bau,,,172,IN STOCK,,,Green/Red Check,,,,TRUE,TRUE
55205004,55205004,55205004,Fun Leggings Boden,https://us.boden.com/products/girls-fun-leggings-sapphire-blue-floral-blue-g5517blm?tc_ch=display&tc_ve=ba&tc_so=tradedesk&tc_me=pp&tc_ca=bau,,,25.00,25.00,https://cdn.shopify.com/s/files/1/0680/4619/2892/files/26gwin_g5517_blm_913aa936-2f56-4d1e-890d-c8b34097144d.jpg?v=1&width=800,Girls,Girls,22/09/2026,https://us.boden.com/products/girls-fun-leggings-sapphire-blue-floral-blue-g5517blm?tc_ch=display&tc_ve=ba&tc_so=tradedesk&tc_me=pp&tc_ca=bau,,,108,IN STOCK,,,Sapphire Blue Floral Blue,,,,TRUE,TRUE
55203040,55203040,55203040,2-in-1 Borg Mix Panel Jacket Boden,https://us.boden.com/products/boys-2-in-1-borg-mix-panel-jacket-navy-b3306mbl?tc_ch=display&tc_ve=ba&tc_so=tradedesk&tc_me=pp&tc_ca=bau,,,99.00,99.00,https://cdn.shopify.com/s/files/1/0680/4619/2892/files/26bwin_b3306_mbl_v1_e35b2e36-b677-409d-b0b8-6a02ae6d4540.jpg?v=1&width=800,Boys,Boys,22/09/2026,https://us.boden.com/products/boys-2-in-1-borg-mix-panel-jacket-navy-b3306mbl?tc_ch=display&tc_ve=ba&tc_so=tradedesk&tc_me=pp&tc_ca=bau,,,182,IN STOCK,,,Navy,,,,TRUE,TRUE
55215257,55215257,55215257,Long Sleeve Superstitch Tee Boden,https://us.boden.com/products/girls-long-sleeve-superstitch-tee-nocturnal-purple-owl-g6077pur?tc_ch=display&tc_ve=ba&tc_so=tradedesk&tc_me=pp&tc_ca=bau,,,37.00,37.00,https://cdn.shopify.com/s/files/1/0680/4619/2892/files/26gwin_g6077_pur_043a4240-1e80-43a2-bd4c-831002b93dda.jpg?v=1&width=800,Girls,Girls,22/09/2026,https://us.boden.com/products/girls-long-sleeve-superstitch-tee-nocturnal-purple-owl-g6077pur?tc_ch=display&tc_ve=ba&tc_so=tradedesk&tc_me=pp&tc_ca=bau,,,121,IN STOCK,,,Nocturnal Purple Owl,,,,TRUE,TRUE
55204880,55204880,55204880,Cord Leggings Boden,https://us.boden.com/products/girls-cord-leggings-pomegranate-red-g5637srd?tc_ch=display&tc_ve=ba&tc_so=tradedesk&tc_me=pp&tc_ca=bau,,,39.00,39.00,https://cdn.shopify.com/s/files/1/0680/4619/2892/files/26gwin_g5637_srd_a1289df3-f8a0-4238-b39a-12fe7a31bbd7.jpg?v=1&width=800,Girls,Girls,22/09/2026,https://us.boden.com/products/girls-cord-leggings-pomegranate-red-g5637srd?tc_ch=display&tc_ve=ba&tc_so=tradedesk&tc_me=pp&tc_ca=bau,,,148,IN STOCK,,,Pomegranate red,,,,TRUE,TRUE
55233912,55233912,55233912,Draw Cord Pants Boden,https://us.boden.com/products/girls-draw-cord-pants-crimson-red-cord-g6207rus?tc_ch=display&tc_ve=ba&tc_so=tradedesk&tc_me=pp&tc_ca=bau,,,59.00,59.00,https://cdn.shopify.com/s/files/1/0680/4619/2892/files/26gwin_g6207_rus_9c9c1374-d56b-49a0-b31f-6d7fdd05deb2.jpg?v=1&width=800,Girls,Girls,22/09/2026,https://us.boden.com/products/girls-draw-cord-pants-crimson-red-cord-g6207rus?tc_ch=display&tc_ve=ba&tc_so=tradedesk&tc_me=pp&tc_ca=bau,,,27,IN STOCK,,,Crimson Red Cord,,,,TRUE,TRUE
55209871,55209871,55209871,Wedge Mary Janes Boden,https://us.boden.com/products/women-wedge-mary-janes-black-croc-embossed-a2248bla?tc_ch=display&tc_ve=ba&tc_so=tradedesk&tc_me=pp&tc_ca=bau,,,220.00,220.00,https://cdn.shopify.com/s/files/1/0680/4619/2892/files/26wwin_a2248_bla_9e28ed23-b47e-43e3-86ec-79b5df095d5a.jpg?v=1&width=800,Women,Women,22/09/2026,https://us.boden.com/products/women-wedge-mary-janes-black-croc-embossed-a2248bla?tc_ch=display&tc_ve=ba&tc_so=tradedesk&tc_me=pp&tc_ca=bau,,,73,IN STOCK,,,Black Croc Embossed,,,,TRUE,TRUE
55220600,55220600,55220600,Cotton Pointelle Top Boden,https://us.boden.com/products/baby-cotton-pointelle-top-pink-y2911pnk?tc_ch=display&tc_ve=ba&tc_so=tradedesk&tc_me=pp&tc_ca=bau,,,19.00,19.00,https://cdn.shopify.com/s/files/1/0680/4619/2892/files/26uwin_y2911_pnk_5c8a5224-6da6-4f8d-b567-b313b9e6c7bd.jpg?v=1&width=800,Baby,Baby,22/09/2026,https://us.boden.com/products/baby-cotton-pointelle-top-pink-y2911pnk?tc_ch=display&tc_ve=ba&tc_so=tradedesk&tc_me=pp&tc_ca=bau,,,132,IN STOCK,,,Pink,,,,TRUE,TRUE
55210141,55210141,55210141,Smocked Cord Midi Dress Boden,https://us.boden.com/products/women-smocked-cord-midi-dress-storm-blue-embroidery-d1791blu?tc_ch=display&tc_ve=ba&tc_so=tradedesk&tc_me=pp&tc_ca=bau,,,270.00,270.00,https://cdn.shopify.com/s/files/1/0680/4619/2892/files/26waut_d1791_blu_w01_22c5fb6d-69f8-4d50-a3ee-3794a773029b.jpg?v=1&width=800,Women,Women,22/09/2026,https://us.boden.com/products/women-smocked-cord-midi-dress-storm-blue-embroidery-d1791blu?tc_ch=display&tc_ve=ba&tc_so=tradedesk&tc_me=pp&tc_ca=bau,,,85,IN STOCK,,,"Storm Blue, Embroidery",,,,TRUE,TRUE
55217690,55217690,55217690,Stretch Kitten Heel Boots Boden,https://us.boden.com/products/women-stretch-kitten-heel-boots-black-a2252blk?tc_ch=display&tc_ve=ba&tc_so=tradedesk&tc_me=pp&tc_ca=bau,,,220.00,220.00,https://cdn.shopify.com/s/files/1/0680/4619/2892/files/26wwin_a2252_blk_27f35550-d496-4279-a069-4e6ab69e0722.jpg?v=1&width=800,Women,Women,22/09/2026,https://us.boden.com/products/women-stretch-kitten-heel-boots-black-a2252blk?tc_ch=display&tc_ve=ba&tc_so=tradedesk&tc_me=pp&tc_ca=bau,,,50,IN STOCK,,,Black,,,,TRUE,TRUE
55208986,55208986,55208986,Hope Zip Detail Jersey Dress Boden,https://us.boden.com/products/women-hope-zip-detail-jersey-dress-red-earth-d1816red?tc_ch=display&tc_ve=ba&tc_so=tradedesk&tc_me=pp&tc_ca=bau,,,149.00,149.00,https://cdn.shopify.com/s/files/1/0680/4619/2892/files/26wwin_d1816_red_m01_6b5b6249-b642-46a7-b7b1-754cc9e1c5bc.jpg?v=1&width=800,Women,Women,22/09/2026,https://us.boden.com/products/women-hope-zip-detail-jersey-dress-red-earth-d1816red?tc_ch=display&tc_ve=ba&tc_so=tradedesk&tc_me=pp&tc_ca=bau,,,125,IN STOCK,,,Red Earth,,,,TRUE,TRUE
55216000,55216000,55216000,Suede Panelled Midi Skirt Boden,https://us.boden.com/products/women-suede-panelled-midi-skirt-tan-r0960brm?tc_ch=display&tc_ve=ba&tc_so=tradedesk&tc_me=pp&tc_ca=bau,,,460.00,460.00,https://cdn.shopify.com/s/files/1/0680/4619/2892/files/26wwin_r0960_brm_m01_3f8ad5a8-fb12-4374-bc76-4f3376f5db32.jpg?v=1&width=800,Women,Women,22/09/2026,https://us.boden.com/products/women-suede-panelled-midi-skirt-tan-r0960brm?tc_ch=display&tc_ve=ba&tc_so=tradedesk&tc_me=pp&tc_ca=bau,,,36,IN STOCK,,,Tan,,,,TRUE,TRUE
55220037,55220037,55220037,Tapered Leg Jeans Boden,https://us.boden.com/products/women-tapered-leg-jeans-washed-black-r0996blk?tc_ch=display&tc_ve=ba&tc_so=tradedesk&tc_me=pp&tc_ca=bau,,,160.00,160.00,https://cdn.shopify.com/s/files/1/0680/4619/2892/files/26wwin_r0996_blk_m01_v1.jpg?v=1&width=800,Women,Women,22/09/2026,https://us.boden.com/products/women-tapered-leg-jeans-washed-black-r0996blk?tc_ch=display&tc_ve=ba&tc_so=tradedesk&tc_me=pp&tc_ca=bau,,,134,IN STOCK,,,Washed Black,,,,TRUE,TRUE
55209338,55209338,55209338,Woodbridge Cord Blazer Boden,https://us.boden.com/products/women-woodbridge-cord-blazer-cherry-blush-u0504pin?tc_ch=display&tc_ve=ba&tc_so=tradedesk&tc_me=pp&tc_ca=bau,,,230.00,230.00,https://cdn.shopify.com/s/files/1/0680/4619/2892/files/26wwin_u0504_pin_m01_00120d23-4382-43bc-96a6-04cdbfcd505c.jpg?v=1&width=800,Women,Women,22/09/2026,https://us.boden.com/products/women-woodbridge-cord-blazer-cherry-blush-u0504pin?tc_ch=display&tc_ve=ba&tc_so=tradedesk&tc_me=pp&tc_ca=bau,,,90,IN STOCK,,,Cherry Blush,,,,TRUE,TRUE
55210640,55210640,55210640,Elsie Cashmere Crew Cardigan Boden,https://us.boden.com/products/women-elsie-cashmere-crew-cardigan-deep-grape-k1273pur?tc_ch=display&tc_ve=ba&tc_so=tradedesk&tc_me=pp&tc_ca=bau,,,190.00,190.00,https://cdn.shopify.com/s/files/1/0680/4619/2892/files/26wwin_k1273_pur_m01_241616d1-10e1-4e9f-a4e9-ad65ddcb82d0.jpg?v=1&width=800,Women,Women,22/09/2026,https://us.boden.com/products/women-elsie-cashmere-crew-cardigan-deep-grape-k1273pur?tc_ch=display&tc_ve=ba&tc_so=tradedesk&tc_me=pp&tc_ca=bau,,,198,IN STOCK,,,Deep Grape,,,,TRUE,TRUE
55216692,55216692,55216692,Cable Stitch Knitted Dress Boden,https://us.boden.com/products/women-cable-stitch-knitted-dress-navy-d1823nav?tc_ch=display&tc_ve=ba&tc_so=tradedesk&tc_me=pp&tc_ca=bau,,,270.00,270.00,https://cdn.shopify.com/s/files/1/0680/4619/2892/files/26wwin_d1823_nav_m01_baf24943-03fa-46bb-a137-409f632822b5.jpg?v=1&width=800,Women,Women,22/09/2026,https://us.boden.com/products/women-cable-stitch-knitted-dress-navy-d1823nav?tc_ch=display&tc_ve=ba&tc_so=tradedesk&tc_me=pp&tc_ca=bau,,,238,IN STOCK,,,Navy,,,,TRUE,TRUE
55207460,55207460,55207460,Marta Merino Wool Cardigan Boden,https://us.boden.com/products/women-marta-merino-wool-cardigan-sunset-orange-k1308org?tc_ch=display&tc_ve=ba&tc_so=tradedesk&tc_me=pp&tc_ca=bau,,,190.00,190.00,https://cdn.shopify.com/s/files/1/0680/4619/2892/files/26wwin_k1308_org_m01.jpg?v=1&width=800,Women,Women,22/09/2026,https://us.boden.com/products/women-marta-merino-wool-cardigan-sunset-orange-k1308org?tc_ch=display&tc_ve=ba&tc_so=tradedesk&tc_me=pp&tc_ca=bau,,,166,IN STOCK,,,Sunset Orange,,,,TRUE,TRUE
55207459,55207459,55207459,Rib Bow Trim Top Boden,https://us.boden.com/products/girls-rib-bow-trim-top-navy-stripe-g6133nvy?tc_ch=display&tc_ve=ba&tc_so=tradedesk&tc_me=pp&tc_ca=bau,,,32.00,32.00,https://cdn.shopify.com/s/files/1/0680/4619/2892/files/26gaut_g6133_nvy_w01.jpg?v=1&width=800,Girls,Girls,22/09/2026,https://us.boden.com/products/girls-rib-bow-trim-top-navy-stripe-g6133nvy?tc_ch=display&tc_ve=ba&tc_so=tradedesk&tc_me=pp&tc_ca=bau,,,198,IN STOCK,,,Navy Stripe,,,,TRUE,TRUE
55206486,55206486,55206486,Warrior Knee Joggers Boden,https://us.boden.com/products/boys-warrior-knee-joggers-charcoal-b2791cha?tc_ch=display&tc_ve=ba&tc_so=tradedesk&tc_me=pp&tc_ca=bau,,,49.00,49.00,https://cdn.shopify.com/s/files/1/0680/4619/2892/files/26bwin_b2791_cha_50a5c06a-4bbb-4666-b6b5-57d0be6d53f8.jpg?v=1&width=800,Boys,Boys,22/09/2026,https://us.boden.com/products/boys-warrior-knee-joggers-charcoal-b2791cha?tc_ch=display&tc_ve=ba&tc_so=tradedesk&tc_me=pp&tc_ca=bau,,,137,IN STOCK,,,Charcoal,,,,TRUE,TRUE
55205535,55205535,55205535,Borg Lined Hooded Shirt Boden,https://us.boden.com/products/boys-borg-lined-hooded-shirt-surf-the-web-navy-b3313blu?tc_ch=display&tc_ve=ba&tc_so=tradedesk&tc_me=pp&tc_ca=bau,,,75.00,75.00,https://cdn.shopify.com/s/files/1/0680/4619/2892/files/26bwin_b3313_blu.jpg?v=1&width=800,Boys,Boys,22/09/2026,https://us.boden.com/products/boys-borg-lined-hooded-shirt-surf-the-web-navy-b3313blu?tc_ch=display&tc_ve=ba&tc_so=tradedesk&tc_me=pp&tc_ca=bau,,,204,IN STOCK,,,Surf The Web/Navy,,,,TRUE,TRUE
55207038,55207038,55207038,Collared Borg Jacket Boden,https://us.boden.com/products/girls-collared-borg-jacket-navy-fair-isle-g6099nav?tc_ch=display&tc_ve=ba&tc_so=tradedesk&tc_me=pp&tc_ca=bau,,,69.00,69.00,https://cdn.shopify.com/s/files/1/0680/4619/2892/files/26gwin_g6099_nav_m01_80a61df0-0da8-4b74-ad6f-2111f29d8349.jpg?v=1&width=800,Girls,Girls,22/09/2026,https://us.boden.com/products/girls-collared-borg-jacket-navy-fair-isle-g6099nav?tc_ch=display&tc_ve=ba&tc_so=tradedesk&tc_me=pp&tc_ca=bau,,,245,IN STOCK,,,Navy Fair isle,,,,TRUE,TRUE
55205271,55205271,55205271,Wide Leg Jeans Boden,https://us.boden.com/products/girls-wide-leg-jeans-malachite-green-cord-g5860mgr?tc_ch=display&tc_ve=ba&tc_so=tradedesk&tc_me=pp&tc_ca=bau,,,65.00,65.00,https://cdn.shopify.com/s/files/1/0680/4619/2892/files/26gwin_g5860_mgr_m01_v1_a68241de-b98d-48da-b976-69553a93c0b0.jpg?v=1&width=800,Girls,Girls,22/09/2026,https://us.boden.com/products/girls-wide-leg-jeans-malachite-green-cord-g5860mgr?tc_ch=display&tc_ve=ba&tc_so=tradedesk&tc_me=pp&tc_ca=bau,,,94,IN STOCK,,,Malachite Green Cord,,,,TRUE,TRUE
55206242,55206242,55206242,Everyday Long Sleeve T-Shirt Boden,https://us.boden.com/products/boys-everyday-long-sleeve-t-shirt-conker-brown-navy-marl-b3278ora?tc_ch=display&tc_ve=ba&tc_so=tradedesk&tc_me=pp&tc_ca=bau,,,25.00,25.00,https://cdn.shopify.com/s/files/1/0680/4619/2892/files/26bwin_b3278_ora_e05f9477-9974-4b8a-af99-37fde1154c97.jpg?v=1&width=800,Boys,Boys,22/09/2026,https://us.boden.com/products/boys-everyday-long-sleeve-t-shirt-conker-brown-navy-marl-b3278ora?tc_ch=display&tc_ve=ba&tc_so=tradedesk&tc_me=pp&tc_ca=bau,,,72,IN STOCK,,,Conker Brown / Navy Marl,,,,TRUE,TRUE
55204710,55204710,55204710,Joni Quilted Parka Coat Boden,https://us.boden.com/products/girls-joni-quilted-parka-coat-multi-colourblock-g5621mlt?tc_ch=display&tc_ve=ba&tc_so=tradedesk&tc_me=pp&tc_ca=bau,,,119.00,119.00,https://cdn.shopify.com/s/files/1/0680/4619/2892/files/26gwin_g5621_mlt_m01_63f35db3-57ca-43d8-a398-e7d8d2799ede.jpg?v=1&width=800,Girls,Girls,22/09/2026,https://us.boden.com/products/girls-joni-quilted-parka-coat-multi-colourblock-g5621mlt?tc_ch=display&tc_ve=ba&tc_so=tradedesk&tc_me=pp&tc_ca=bau,,,257,IN STOCK,,,Multi Colourblock,,,,TRUE,TRUE
55204789,55204789,55204789,Pleated Skort Boden,https://us.boden.com/products/girls-pleated-skort-ruby-red-cord-g6069rus?tc_ch=display&tc_ve=ba&tc_so=tradedesk&tc_me=pp&tc_ca=bau,,,59.00,59.00,https://cdn.shopify.com/s/files/1/0680/4619/2892/files/26gwin_g6069_rus_m01.jpg?v=1&width=800,Girls,Girls,22/09/2026,https://us.boden.com/products/girls-pleated-skort-ruby-red-cord-g6069rus?tc_ch=display&tc_ve=ba&tc_so=tradedesk&tc_me=pp&tc_ca=bau,,,101,IN STOCK,,,Ruby Red Cord,,,,TRUE,TRUE
55205448,55205448,55205448,Ribbed Tights Boden,https://us.boden.com/products/girls-ribbed-tights-sweet-cherry-c1755lrd?tc_ch=display&tc_ve=ba&tc_so=tradedesk&tc_me=pp&tc_ca=bau,,,19.00,19.00,https://cdn.shopify.com/s/files/1/0680/4619/2892/files/26gwin_c1755_lrd_b50e7b36-8946-4cd7-bf2f-f21a6db88cfc.jpg?v=1&width=800,Girls,Girls,22/09/2026,https://us.boden.com/products/girls-ribbed-tights-sweet-cherry-c1755lrd?tc_ch=display&tc_ve=ba&tc_so=tradedesk&tc_me=pp&tc_ca=bau,,,338,IN STOCK,,,Sweet Cherry,,,,TRUE,TRUE
55206730,55206730,55206730,Everyday Long Sleeve T-Shirt Boden,https://us.boden.com/products/boys-everyday-long-sleeve-t-shirt-hunter-green-grey-marl-b3278bgr?tc_ch=display&tc_ve=ba&tc_so=tradedesk&tc_me=pp&tc_ca=bau,,,25.00,25.00,https://cdn.shopify.com/s/files/1/0680/4619/2892/files/26bwin_b3278_bgr_a0c2ba41-ba9c-41d0-b3c4-cfd0bc4da4b3.jpg?v=1&width=800,Boys,Boys,22/09/2026,https://us.boden.com/products/boys-everyday-long-sleeve-t-shirt-hunter-green-grey-marl-b3278bgr?tc_ch=display&tc_ve=ba&tc_so=tradedesk&tc_me=pp&tc_ca=bau,,,86,IN STOCK,,,Hunter Green / Grey Marl,,,,TRUE,TRUE
55207264,55207264,55207264,Snug Long John Pajamas Boden,https://us.boden.com/products/girls-snug-long-john-pajamas-bird-floral-g5937pnt?tc_ch=display&tc_ve=ba&tc_so=tradedesk&tc_me=pp&tc_ca=bau,,,45.00,45.00,https://cdn.shopify.com/s/files/1/0680/4619/2892/files/26gwin_g5937_pnt_bdfed138-d6f5-430d-a241-84d1692d9285.jpg?v=1&width=800,Girls,Girls,22/09/2026,https://us.boden.com/products/girls-snug-long-john-pajamas-bird-floral-g5937pnt?tc_ch=display&tc_ve=ba&tc_so=tradedesk&tc_me=pp&tc_ca=bau,,,202,IN STOCK,,,Bird Floral,,,,TRUE,TRUE
55206745,55206745,55206745,Colour Block T-shirt Boden,https://us.boden.com/products/boys-colour-block-t-shirt-hunter-green-b3260dgr?tc_ch=display&tc_ve=ba&tc_so=tradedesk&tc_me=pp&tc_ca=bau,,,32.00,32.00,https://cdn.shopify.com/s/files/1/0680/4619/2892/files/26bwin_b3260_dgr_d9090ba3-b975-4d0b-8a27-64f26e8826ff.jpg?v=1&width=800,Boys,Boys,22/09/2026,https://us.boden.com/products/boys-colour-block-t-shirt-hunter-green-b3260dgr?tc_ch=display&tc_ve=ba&tc_so=tradedesk&tc_me=pp&tc_ca=bau,,,146,IN STOCK,,,Hunter Green,,,,TRUE,TRUE
55206226,55206226,55206226,Long Sleeve Slub Polo Boden,https://us.boden.com/products/boys-long-sleeve-slub-polo-green-marl-b3095mgr?tc_ch=display&tc_ve=ba&tc_so=tradedesk&tc_me=pp&tc_ca=bau,,,32.00,32.00,https://cdn.shopify.com/s/files/1/0680/4619/2892/files/26bwin_b3095_mgr_b9bb8736-33ef-475d-bd73-75b1741b7acf.jpg?v=1&width=800,Boys,Boys,22/09/2026,https://us.boden.com/products/boys-long-sleeve-slub-polo-green-marl-b3095mgr?tc_ch=display&tc_ve=ba&tc_so=tradedesk&tc_me=pp&tc_ca=bau,,,107,IN STOCK,,,Green Marl,,,,TRUE,TRUE
55204729,55204729,55204729,Borg Padded Jacket Boden,https://us.boden.com/products/girls-borg-padded-jacket-winter-blush-floral-bird-g6081red?tc_ch=display&tc_ve=ba&tc_so=tradedesk&tc_me=pp&tc_ca=bau,,,89.00,89.00,https://cdn.shopify.com/s/files/1/0680/4619/2892/files/26gwin_g6081_red_f051268e-7786-4902-8bc5-5a1c984efeb1.jpg?v=1&width=800,Girls,Girls,22/09/2026,https://us.boden.com/products/girls-borg-padded-jacket-winter-blush-floral-bird-g6081red?tc_ch=display&tc_ve=ba&tc_so=tradedesk&tc_me=pp&tc_ca=bau,,,279,IN STOCK,,,Winter Blush Floral Bird,,,,TRUE,TRUE
55204093,55204093,55204093,Square Toe Mary Janes Boden,https://us.boden.com/products/girls-square-toe-mary-janes-burnt-orange-c1975rst?tc_ch=display&tc_ve=ba&tc_so=tradedesk&tc_me=pp&tc_ca=bau,,,69.00,69.00,https://cdn.shopify.com/s/files/1/0680/4619/2892/files/26gwin_c1975_rst_5093e48f-b0be-4bb2-94f7-c4f17e1babaf.jpg?v=1&width=800,Girls,Girls,22/09/2026,https://us.boden.com/products/girls-square-toe-mary-janes-burnt-orange-c1975rst?tc_ch=display&tc_ve=ba&tc_so=tradedesk&tc_me=pp&tc_ca=bau,,,66,IN STOCK,,,Burnt Orange,,,,TRUE,TRUE
55209847,55209847,55209847,Isobel Kitten Heel Ankle Boots Boden,https://us.boden.com/products/women-isobel-kitten-heel-ankle-boots-mini-leopard-a2126mnk?tc_ch=display&tc_ve=ba&tc_so=tradedesk&tc_me=pp&tc_ca=bau,,,270.00,270.00,https://cdn.shopify.com/s/files/1/0680/4619/2892/files/26wwin_a2126_mnk_63a87c1c-f6f0-44f8-90d6-81ad0dd89551.jpg?v=1&width=800,Women,Women,22/09/2026,https://us.boden.com/products/women-isobel-kitten-heel-ankle-boots-mini-leopard-a2126mnk?tc_ch=display&tc_ve=ba&tc_so=tradedesk&tc_me=pp&tc_ca=bau,,,11,IN STOCK,,,Mini Leopard,,,,TRUE,TRUE
55203457,55203457,55203457,Woven Overalls Set Boden,https://us.boden.com/products/baby-woven-overalls-set-denim-woodland-embroidery-y2922mdn?tc_ch=display&tc_ve=ba&tc_so=tradedesk&tc_me=pp&tc_ca=bau,,,69.00,69.00,https://cdn.shopify.com/s/files/1/0680/4619/2892/files/26uwin_y2922_mdn.jpg?v=1&width=800,Baby,Baby,22/09/2026,https://us.boden.com/products/baby-woven-overalls-set-denim-woodland-embroidery-y2922mdn?tc_ch=display&tc_ve=ba&tc_so=tradedesk&tc_me=pp&tc_ca=bau,,,218,IN STOCK,,,Denim Woodland Embroidery,,,,TRUE,TRUE
55218596,55218596,55218596,Classic Leather Belt Boden,https://us.boden.com/products/women-classic-leather-belt-mini-leopard-a1615lbr?tc_ch=display&tc_ve=ba&tc_so=tradedesk&tc_me=pp&tc_ca=bau,,,110.00,110.00,https://cdn.shopify.com/s/files/1/0680/4619/2892/files/26wwin_a1615_lbr_1224c5ae-2c2f-4219-ba5d-eeccce3aab23.jpg?v=1&width=800,Women,Women,22/09/2026,https://us.boden.com/products/women-classic-leather-belt-mini-leopard-a1615lbr?tc_ch=display&tc_ve=ba&tc_so=tradedesk&tc_me=pp&tc_ca=bau,,,241,IN STOCK,,,Mini Leopard,,,,TRUE,TRUE
55210102,55210102,55210102,Heeled Crepe Chelsea Boots Boden,https://us.boden.com/products/women-heeled-crepe-chelsea-boots-cognac-suede-a2239brn?tc_ch=display&tc_ve=ba&tc_so=tradedesk&tc_me=pp&tc_ca=bau,,,270.00,270.00,https://cdn.shopify.com/s/files/1/0680/4619/2892/files/26wwin_a2239_brn_9cd388d2-9c51-4b13-93d1-e6203324b39a.jpg?v=1&width=800,Women,Women,22/09/2026,https://us.boden.com/products/women-heeled-crepe-chelsea-boots-cognac-suede-a2239brn?tc_ch=display&tc_ve=ba&tc_so=tradedesk&tc_me=pp&tc_ca=bau,,,121,IN STOCK,,,Cognac Suede,,,,TRUE,TRUE
55214837,55214837,55214837,Belted Wrap Knitted Cardigan Boden,https://us.boden.com/products/women-belted-wrap-knitted-cardigan-navy-k1320nav?tc_ch=display&tc_ve=ba&tc_so=tradedesk&tc_me=pp&tc_ca=bau,,,249.00,249.00,https://cdn.shopify.com/s/files/1/0680/4619/2892/files/26wwin_k1320_nav_m01_7d768c9e-795b-46c3-b1af-550a454e1603.jpg?v=1&width=800,Women,Women,22/09/2026,https://us.boden.com/products/women-belted-wrap-knitted-cardigan-navy-k1320nav?tc_ch=display&tc_ve=ba&tc_so=tradedesk&tc_me=pp&tc_ca=bau,,,95,IN STOCK,,,Navy,,,,TRUE,TRUE
55209189,55209189,55209189,Nadia Chisel Toe Flats Boden,https://us.boden.com/products/women-nadia-chisel-toe-flats-classic-leopard-a2244leo?tc_ch=display&tc_ve=ba&tc_so=tradedesk&tc_me=pp&tc_ca=bau,,,190.00,190.00,https://cdn.shopify.com/s/files/1/0680/4619/2892/files/26wwin_a2244_leo_1f9441cf-f9a2-44a2-b9e7-029205f38e38.jpg?v=1&width=800,Women,Women,22/09/2026,https://us.boden.com/products/women-nadia-chisel-toe-flats-classic-leopard-a2244leo?tc_ch=display&tc_ve=ba&tc_so=tradedesk&tc_me=pp&tc_ca=bau,,,37,IN STOCK,,,Classic Leopard,,,,TRUE,TRUE
55230392,55230392,55230392,Chunky Resin Hoops Boden,https://us.boden.com/products/women-chunky-resin-hoops-mottled-blue-a2344bbl?tc_ch=display&tc_ve=ba&tc_so=tradedesk&tc_me=pp&tc_ca=bau,,,75.00,75.00,https://cdn.shopify.com/s/files/1/0680/4619/2892/files/26wwin_a2344_bbl.jpg?v=1&width=800,Women,Women,22/09/2026,https://us.boden.com/products/women-chunky-resin-hoops-mottled-blue-a2344bbl?tc_ch=display&tc_ve=ba&tc_so=tradedesk&tc_me=pp&tc_ca=bau,,,225,IN STOCK,,,Mottled Blue,,,,TRUE,TRUE
55229721,55229721,55229721,Borg Pompom Slippers Boden,https://us.boden.com/products/women-borg-pompom-slippers-pink-a2304peb?tc_ch=display&tc_ve=ba&tc_so=tradedesk&tc_me=pp&tc_ca=bau,,,59.00,59.00,https://cdn.shopify.com/s/files/1/0680/4619/2892/files/26wwin_a2304_peb_967d97e9-d685-4e51-828d-0fecf481b1e9.jpg?v=1&width=800,Women,Women,22/09/2026,https://us.boden.com/products/women-borg-pompom-slippers-pink-a2304peb?tc_ch=display&tc_ve=ba&tc_so=tradedesk&tc_me=pp&tc_ca=bau,,,234,IN STOCK,,,Pink,,,,TRUE,TRUE
55220583,55220583,55220583,Merino Knitted Neckerchief Boden,https://us.boden.com/products/women-merino-knitted-neckerchief-blush-pink-a2286pin?tc_ch=display&tc_ve=ba&tc_so=tradedesk&tc_me=pp&tc_ca=bau,,,79.00,79.00,https://cdn.shopify.com/s/files/1/0680/4619/2892/files/26wwin_a2286_pin.jpg?v=1&width=800,Women,Women,22/09/2026,https://us.boden.com/products/women-merino-knitted-neckerchief-blush-pink-a2286pin?tc_ch=display&tc_ve=ba&tc_so=tradedesk&tc_me=pp&tc_ca=bau,,,207,IN STOCK,,,Blush Pink,,,,TRUE,TRUE
55219447,55219447,55219447,Straight Leg Heeled Boots Boden,https://us.boden.com/products/women-straight-leg-heeled-boots-chocolate-leather-a2251tor?tc_ch=display&tc_ve=ba&tc_so=tradedesk&tc_me=pp&tc_ca=bau,,,360.00,360.00,https://cdn.shopify.com/s/files/1/0680/4619/2892/files/26wwin_a2251_tor_a31175d4-04a5-4cdb-a06f-80891d0ba5c2.jpg?v=1&width=800,Women,Women,22/09/2026,https://us.boden.com/products/women-straight-leg-heeled-boots-chocolate-leather-a2251tor?tc_ch=display&tc_ve=ba&tc_so=tradedesk&tc_me=pp&tc_ca=bau,,,24,IN STOCK,,,Chocolate Leather,,,,TRUE,TRUE
55217459,55217459,55217459,3-Pack Sparkle Socks Boden,https://us.boden.com/products/women-3-pack-sparkle-socks-multi-a2287mlt?tc_ch=display&tc_ve=ba&tc_so=tradedesk&tc_me=pp&tc_ca=bau,,,39.00,39.00,https://cdn.shopify.com/s/files/1/0680/4619/2892/files/26wwin_a2287_mlt_fbec264b-61e3-46af-95a9-6305d1daa8fb.jpg?v=1&width=800,Women,Women,22/09/2026,https://us.boden.com/products/women-3-pack-sparkle-socks-multi-a2287mlt?tc_ch=display&tc_ve=ba&tc_so=tradedesk&tc_me=pp&tc_ca=bau,,,473,IN STOCK,,,Multi,,,,TRUE,TRUE
55210401,55210401,55210401,Buckle Strap Block Heels Boden,https://us.boden.com/products/women-buckle-strap-block-heels-oxblood-a2274bur?tc_ch=display&tc_ve=ba&tc_so=tradedesk&tc_me=pp&tc_ca=bau,,,220.00,220.00,https://cdn.shopify.com/s/files/1/0680/4619/2892/files/26wwin_a2274_bur_2766381b-19ad-43d6-a7cd-1d92e5511846.jpg?v=1&width=800,Women,Women,22/09/2026,https://us.boden.com/products/women-buckle-strap-block-heels-oxblood-a2274bur?tc_ch=display&tc_ve=ba&tc_so=tradedesk&tc_me=pp&tc_ca=bau,,,102,IN STOCK,,,Oxblood,,,,TRUE,TRUE
55230406,55230406,55230406,Borg Pompom Slippers Boden,https://us.boden.com/products/women-borg-pompom-slippers-blue-a2304blu?tc_ch=display&tc_ve=ba&tc_so=tradedesk&tc_me=pp&tc_ca=bau,,,59.00,59.00,https://cdn.shopify.com/s/files/1/0680/4619/2892/files/26wwin_a2304_blu_m01_2f3b9e40-6e88-4c1f-957b-cd88314b7a1a.jpg?v=1&width=800,Women,Women,22/09/2026,https://us.boden.com/products/women-borg-pompom-slippers-blue-a2304blu?tc_ch=display&tc_ve=ba&tc_so=tradedesk&tc_me=pp&tc_ca=bau,,,247,IN STOCK,,,Blue,,,,TRUE,TRUE
55217580,55217580,55217580,Stretch Kitten Heel Boots Boden,https://us.boden.com/products/women-stretch-kitten-heel-boots-leopard-print-a2252col?tc_ch=display&tc_ve=ba&tc_so=tradedesk&tc_me=pp&tc_ca=bau,,,220.00,220.00,https://cdn.shopify.com/s/files/1/0680/4619/2892/files/26wwin_a2252_col_f39ed0f9-a261-47d1-b2fc-118ab369e87f.jpg?v=1&width=800,Women,Women,22/09/2026,https://us.boden.com/products/women-stretch-kitten-heel-boots-leopard-print-a2252col?tc_ch=display&tc_ve=ba&tc_so=tradedesk&tc_me=pp&tc_ca=bau,,,49,IN STOCK,,,Leopard Print,,,,TRUE,TRUE
55231065,55231065,55231065,Resin T Bar Chain Necklace Boden,https://us.boden.com/products/women-resin-t-bar-chain-necklace-brown-a2336brn?tc_ch=display&tc_ve=ba&tc_so=tradedesk&tc_me=pp&tc_ca=bau,,,99.00,99.00,https://cdn.shopify.com/s/files/1/0680/4619/2892/files/26wwin_a2336_brn_55b4bf45-dfc5-4c9b-97f6-2d351948a2a7.jpg?v=1&width=800,Women,Women,22/09/2026,https://us.boden.com/products/women-resin-t-bar-chain-necklace-brown-a2336brn?tc_ch=display&tc_ve=ba&tc_so=tradedesk&tc_me=pp&tc_ca=bau,,,182,IN STOCK,,,Brown,,,,TRUE,TRUE
55210498,55210498,55210498,Fiona Zip Front Knitted Dress Boden,https://us.boden.com/products/women-fiona-zip-front-knitted-dress-hunter-green-d1457jad?tc_ch=display&tc_ve=ba&tc_so=tradedesk&tc_me=pp&tc_ca=bau,,,220.00,220.00,https://cdn.shopify.com/s/files/1/0680/4619/2892/files/26wwin_d1457_jad_m01.jpg?v=1&width=800,Women,Women,22/09/2026,https://us.boden.com/products/women-fiona-zip-front-knitted-dress-hunter-green-d1457jad?tc_ch=display&tc_ve=ba&tc_so=tradedesk&tc_me=pp&tc_ca=bau,,,81,IN STOCK,,,Hunter Green,,,,TRUE,TRUE
55211047,55211047,55211047,Lydia Tie Neck Knit Cardigan Boden,https://us.boden.com/products/women-lydia-tie-neck-knit-cardigan-camel-melange-navy-stripe-k1319nav?tc_ch=display&tc_ve=ba&tc_so=tradedesk&tc_me=pp&tc_ca=bau,,,220.00,220.00,https://cdn.shopify.com/s/files/1/0680/4619/2892/files/26wwin_k1319_nav_m01_447c0795-6308-46e0-b017-874ea16e1c85.jpg?v=1&width=800,Women,Women,22/09/2026,https://us.boden.com/products/women-lydia-tie-neck-knit-cardigan-camel-melange-navy-stripe-k1319nav?tc_ch=display&tc_ve=ba&tc_so=tradedesk&tc_me=pp&tc_ca=bau,,,244,IN STOCK,,,"Camel Melange, Navy Stripe",,,,TRUE,TRUE
55211191,55211191,55211191,Lydia Tie Neck Knit Cardigan Boden,https://us.boden.com/products/women-lydia-tie-neck-knit-cardigan-heather-rose-melange-k1319pin?tc_ch=display&tc_ve=ba&tc_so=tradedesk&tc_me=pp&tc_ca=bau,,,220.00,220.00,https://cdn.shopify.com/s/files/1/0680/4619/2892/files/26wwin_k1319_pin_m01.jpg?v=1&width=800,Women,Women,22/09/2026,https://us.boden.com/products/women-lydia-tie-neck-knit-cardigan-heather-rose-melange-k1319pin?tc_ch=display&tc_ve=ba&tc_so=tradedesk&tc_me=pp&tc_ca=bau,,,171,IN STOCK,,,Heather Rose Melange,,,,TRUE,TRUE
55210906,55210906,55210906,Camilla Roll Neck Sweater Boden,https://us.boden.com/products/women-camilla-roll-neck-sweater-black-k1313blk?tc_ch=display&tc_ve=ba&tc_so=tradedesk&tc_me=pp&tc_ca=bau,,,99.00,99.00,https://cdn.shopify.com/s/files/1/0680/4619/2892/files/26wwin_k1313_blk_m01_5b2c0c1d-1c42-4c00-a8b2-029fcb560c9d.jpg?v=1&width=800,Women,Women,22/09/2026,https://us.boden.com/products/women-camilla-roll-neck-sweater-black-k1313blk?tc_ch=display&tc_ve=ba&tc_so=tradedesk&tc_me=pp&tc_ca=bau,,,298,IN STOCK,,,Black,,,,TRUE,TRUE
55218926,55218926,55218926,Kat Brushed Cashmere T-shirt Boden,https://us.boden.com/products/women-kat-brushed-cashmere-t-shirt-soft-lavender-k1344pur?tc_ch=display&tc_ve=ba&tc_so=tradedesk&tc_me=pp&tc_ca=bau,,,220.00,220.00,https://cdn.shopify.com/s/files/1/0680/4619/2892/files/26wwin_k1344_pur_m01.jpg?v=1&width=800,Women,Women,22/09/2026,https://us.boden.com/products/women-kat-brushed-cashmere-t-shirt-soft-lavender-k1344pur?tc_ch=display&tc_ve=ba&tc_so=tradedesk&tc_me=pp&tc_ca=bau,,,93,IN STOCK,,,Soft Lavender,,,,TRUE,TRUE
55222453,55222453,55222453,Fay Cashmere Crew Neck Sweater Boden,https://us.boden.com/products/women-fay-cashmere-crew-neck-sweater-mink-melange-k1346neu?tc_ch=display&tc_ve=ba&tc_so=tradedesk&tc_me=pp&tc_ca=bau,,,190.00,190.00,https://cdn.shopify.com/s/files/1/0680/4619/2892/files/26wwin_k1346_neu_m01.jpg?v=1&width=800,Women,Women,22/09/2026,https://us.boden.com/products/women-fay-cashmere-crew-neck-sweater-mink-melange-k1346neu?tc_ch=display&tc_ve=ba&tc_so=tradedesk&tc_me=pp&tc_ca=bau,,,47,IN STOCK,,,Mink Melange,,,,TRUE,TRUE
55220756,55220756,55220756,Cassie Checked Tea Dress Boden,https://us.boden.com/products/women-cassie-checked-tea-dress-navy-and-camel-check-d1875nvy?tc_ch=display&tc_ve=ba&tc_so=tradedesk&tc_me=pp&tc_ca=bau,,,199.00,199.00,https://cdn.shopify.com/s/files/1/0680/4619/2892/files/26wwin_d1875_nvy_m01_40cc4071-54c9-47f5-8152-7a7ca3882eae.jpg?v=1&width=800,Women,Women,22/09/2026,https://us.boden.com/products/women-cassie-checked-tea-dress-navy-and-camel-check-d1875nvy?tc_ch=display&tc_ve=ba&tc_so=tradedesk&tc_me=pp&tc_ca=bau,,,65,IN STOCK,,,Navy and Camel Check,,,,TRUE,TRUE
55218510,55218510,55218510,Jacquard Boat Neck Dress Boden,https://us.boden.com/products/women-jacquard-boat-neck-dress-gold-floral-jacquard-d1805gld?tc_ch=display&tc_ve=ba&tc_so=tradedesk&tc_me=pp&tc_ca=bau,,,460.00,460.00,https://cdn.shopify.com/s/files/1/0680/4619/2892/files/26waut_d1805_gld_w01_2f114680-aca5-484e-a496-01ae94e8d766.jpg?v=1&width=800,Women,Women,22/09/2026,https://us.boden.com/products/women-jacquard-boat-neck-dress-gold-floral-jacquard-d1805gld?tc_ch=display&tc_ve=ba&tc_so=tradedesk&tc_me=pp&tc_ca=bau,,,125,IN STOCK,,,Gold Floral Jacquard,,,,TRUE,TRUE
55217724,55217724,55217724,Lucy Half Zip Sweater Boden,https://us.boden.com/products/women-lucy-half-zip-sweater-green-stripe-k1172grn?tc_ch=display&tc_ve=ba&tc_so=tradedesk&tc_me=pp&tc_ca=bau,,,190.00,190.00,https://cdn.shopify.com/s/files/1/0680/4619/2892/files/26wwin_k1172_grn_m01_1adbfbd1-25e0-480c-a8fc-ddcdf6ce42d9.jpg?v=1&width=800,Women,Women,22/09/2026,https://us.boden.com/products/women-lucy-half-zip-sweater-green-stripe-k1172grn?tc_ch=display&tc_ve=ba&tc_so=tradedesk&tc_me=pp&tc_ca=bau,,,409,IN STOCK,,,Green Stripe,,,,TRUE,TRUE
55208309,55208309,55208309,Etta Piping Detail Ponte Dress Boden,https://us.boden.com/products/women-etta-piping-detail-ponte-dress-dark-cherry-navy-d1815pnt?tc_ch=display&tc_ve=ba&tc_so=tradedesk&tc_me=pp&tc_ca=bau,,,230.00,230.00,https://cdn.shopify.com/s/files/1/0680/4619/2892/files/26wwin_d1815_pnt_m01_5dfa052b-c644-430c-8039-309e12f13e3c.jpg?v=1&width=800,Women,Women,22/09/2026,https://us.boden.com/products/women-etta-piping-detail-ponte-dress-dark-cherry-navy-d1815pnt?tc_ch=display&tc_ve=ba&tc_so=tradedesk&tc_me=pp&tc_ca=bau,,,217,IN STOCK,,,"Dark Cherry, Navy",,,,TRUE,TRUE
55213961,55213961,55213961,Pleat Side Split Midi Skirt Boden,https://us.boden.com/products/women-pleat-side-split-midi-skirt-dark-cherry-r0986prp?tc_ch=display&tc_ve=ba&tc_so=tradedesk&tc_me=pp&tc_ca=bau,,,180.00,180.00,https://cdn.shopify.com/s/files/1/0680/4619/2892/files/26wwin_r0986_prp_m01_4fd27aec-d091-4098-8c66-5064444afa2a.jpg?v=1&width=800,Women,Women,22/09/2026,https://us.boden.com/products/women-pleat-side-split-midi-skirt-dark-cherry-r0986prp?tc_ch=display&tc_ve=ba&tc_so=tradedesk&tc_me=pp&tc_ca=bau,,,22,IN STOCK,,,Dark Cherry,,,,TRUE,TRUE
55210991,55210991,55210991,Elsie Cashmere Tank Boden,https://us.boden.com/products/women-elsie-cashmere-tank-poppy-red-camel-stripe-k1274ree?tc_ch=display&tc_ve=ba&tc_so=tradedesk&tc_me=pp&tc_ca=bau,,,160.00,160.00,https://cdn.shopify.com/s/files/1/0680/4619/2892/files/26waut_k1274_ree_w01.jpg?v=1&width=800,Women,Women,22/09/2026,https://us.boden.com/products/women-elsie-cashmere-tank-poppy-red-camel-stripe-k1274ree?tc_ch=display&tc_ve=ba&tc_so=tradedesk&tc_me=pp&tc_ca=bau,,,155,IN STOCK,,,"Poppy Red, Camel Stripe",,,,TRUE,TRUE
55214733,55214733,55214733,Multi Panel Wool Blend Skirt Boden,https://us.boden.com/products/women-multi-panel-wool-blend-skirt-red-green-check-hotch-r0988grn?tc_ch=display&tc_ve=ba&tc_so=tradedesk&tc_me=pp&tc_ca=bau,,,249.00,249.00,https://cdn.shopify.com/s/files/1/0680/4619/2892/files/26wwin_r0988_grn_m01_cc440b8c-6426-4d08-b396-50fab87958b6.jpg?v=1&width=800,Women,Women,22/09/2026,https://us.boden.com/products/women-multi-panel-wool-blend-skirt-red-green-check-hotch-r0988grn?tc_ch=display&tc_ve=ba&tc_so=tradedesk&tc_me=pp&tc_ca=bau,,,61,IN STOCK,,,RED/GREEN CHECK HOTCH,,,,TRUE,TRUE
55211844,55211844,55211844,Lydia Tie Neck Knitted Sweater Boden,https://us.boden.com/products/women-lydia-tie-neck-knitted-sweater-poppy-red-k1323red?tc_ch=display&tc_ve=ba&tc_so=tradedesk&tc_me=pp&tc_ca=bau,,,190.00,190.00,https://cdn.shopify.com/s/files/1/0680/4619/2892/files/26waut_k1323_red_w01_b5d6dccc-dc0c-46f0-b80c-9f41a2197f28.jpg?v=1&width=800,Women,Women,22/09/2026,https://us.boden.com/products/women-lydia-tie-neck-knitted-sweater-poppy-red-k1323red?tc_ch=display&tc_ve=ba&tc_so=tradedesk&tc_me=pp&tc_ca=bau,,,279,IN STOCK,,,Poppy Red,,,,TRUE,TRUE
55205590,55205590,55205590,Val Button Cord Midi Skirt Boden,https://us.boden.com/products/women-val-button-cord-midi-skirt-red-earth-r1000rus?tc_ch=display&tc_ve=ba&tc_so=tradedesk&tc_me=pp&tc_ca=bau,,,180.00,180.00,https://cdn.shopify.com/s/files/1/0680/4619/2892/files/26wwin_r1000_rus_m01_v1_6782006f-7044-472e-9905-9381a850c05d.jpg?v=1&width=800,Women,Women,22/09/2026,https://us.boden.com/products/women-val-button-cord-midi-skirt-red-earth-r1000rus?tc_ch=display&tc_ve=ba&tc_so=tradedesk&tc_me=pp&tc_ca=bau,,,177,IN STOCK,,,Red Earth,,,,TRUE,TRUE
55211829,55211829,55211829,Lydia Tie Neck Knitted Sweater Boden,https://us.boden.com/products/women-lydia-tie-neck-knitted-sweater-hunter-green-melange-k1323grn?tc_ch=display&tc_ve=ba&tc_so=tradedesk&tc_me=pp&tc_ca=bau,,,190.00,190.00,https://cdn.shopify.com/s/files/1/0680/4619/2892/files/26wwin_k1323_grn_m01_c78d1c88-7422-400c-bef6-4485e5f102d2.jpg?v=1&width=800,Women,Women,22/09/2026,https://us.boden.com/products/women-lydia-tie-neck-knitted-sweater-hunter-green-melange-k1323grn?tc_ch=display&tc_ve=ba&tc_so=tradedesk&tc_me=pp&tc_ca=bau,,,163,IN STOCK,,,Hunter Green Melange,,,,TRUE,TRUE
55211243,55211243,55211243,Marta Merino Wool Crew Sweater Boden,https://us.boden.com/products/women-marta-merino-wool-crew-sweater-pink-power-k1306pnt?tc_ch=display&tc_ve=ba&tc_so=tradedesk&tc_me=pp&tc_ca=bau,,,180.00,180.00,https://cdn.shopify.com/s/files/1/0680/4619/2892/files/26waut_k1306_pnt_w01_90af3e60-050c-4ca0-99e6-78cd9ee0f8a6.jpg?v=1&width=800,Women,Women,22/09/2026,https://us.boden.com/products/women-marta-merino-wool-crew-sweater-pink-power-k1306pnt?tc_ch=display&tc_ve=ba&tc_so=tradedesk&tc_me=pp&tc_ca=bau,,,144,IN STOCK,,,Pink Power,,,,TRUE,TRUE
55214645,55214645,55214645,Reversible Borg Mix Coat Boden,https://us.boden.com/products/women-reversible-borg-mix-coat-leopard-u0483neu?tc_ch=display&tc_ve=ba&tc_so=tradedesk&tc_me=pp&tc_ca=bau,,,249.00,249.00,https://cdn.shopify.com/s/files/1/0680/4619/2892/files/26wwin_u0483_neu_m03_83d15f35-695f-46bd-ab58-40f483f0d086.jpg?v=1&width=800,Women,Women,22/09/2026,https://us.boden.com/products/women-reversible-borg-mix-coat-leopard-u0483neu?tc_ch=display&tc_ve=ba&tc_so=tradedesk&tc_me=pp&tc_ca=bau,,,161,IN STOCK,,,Leopard,,,,TRUE,TRUE
55203857,55203857,55203857,Chunky Cardigan Boden,https://us.boden.com/products/baby-chunky-cardigan-glacier-blue-marl-y2912blu?tc_ch=display&tc_ve=ba&tc_so=tradedesk&tc_me=pp&tc_ca=bau,,,49.00,49.00,https://cdn.shopify.com/s/files/1/0680/4619/2892/files/26uaut_y2912_blu_w01.jpg?v=1&width=800,Baby,Baby,22/09/2026,https://us.boden.com/products/baby-chunky-cardigan-glacier-blue-marl-y2912blu?tc_ch=display&tc_ve=ba&tc_so=tradedesk&tc_me=pp&tc_ca=bau,,,84,IN STOCK,,,Glacier Blue Marl,,,,TRUE,TRUE
55216054,55216054,55216054,Funnel Neck Borg Gilet Boden,https://us.boden.com/products/women-funnel-neck-borg-gilet-natural-borg-u0520mus?tc_ch=display&tc_ve=ba&tc_so=tradedesk&tc_me=pp&tc_ca=bau,,,179.00,179.00,https://cdn.shopify.com/s/files/1/0680/4619/2892/files/26wwin_u0520_mus_m01_fa78ca99-1258-4024-bfa5-a757d30b3abd.jpg?v=1&width=800,Women,Women,22/09/2026,https://us.boden.com/products/women-funnel-neck-borg-gilet-natural-borg-u0520mus?tc_ch=display&tc_ve=ba&tc_so=tradedesk&tc_me=pp&tc_ca=bau,,,73,IN STOCK,,,Natural Borg,,,,TRUE,TRUE
55211156,55211156,55211156,Marta Merino Wool Waistcoat Boden,https://us.boden.com/products/women-marta-merino-wool-waistcoat-navy-k1305nav?tc_ch=display&tc_ve=ba&tc_so=tradedesk&tc_me=pp&tc_ca=bau,,,160.00,160.00,https://cdn.shopify.com/s/files/1/0680/4619/2892/files/26wwin_k1305_nav_m01_71b16553-79aa-4c74-b4fb-985391c10630.jpg?v=1&width=800,Women,Women,22/09/2026,https://us.boden.com/products/women-marta-merino-wool-waistcoat-navy-k1305nav?tc_ch=display&tc_ve=ba&tc_so=tradedesk&tc_me=pp&tc_ca=bau,,,106,IN STOCK,,,Navy,,,,TRUE,TRUE
55207816,55207816,55207816,Fair Isle Cardigan Boden,https://us.boden.com/products/baby-fair-isle-cardigan-vintage-pink-marl-festive-y2927chk?tc_ch=display&tc_ve=ba&tc_so=tradedesk&tc_me=pp&tc_ca=bau,,,65.00,65.00,https://cdn.shopify.com/s/files/1/0680/4619/2892/files/26uwin_y2927_chk_7f60a66b-43d7-4e2b-873e-64a5ec5ec57a.jpg?v=1&width=800,Baby,Baby,22/09/2026,https://us.boden.com/products/baby-fair-isle-cardigan-vintage-pink-marl-festive-y2927chk?tc_ch=display&tc_ve=ba&tc_so=tradedesk&tc_me=pp&tc_ca=bau,,,246,IN STOCK,,,Vintage Pink Marl Festive,,,,TRUE,TRUE
55225392,55225392,55225392,High Neck Jersey Top Boden,https://us.boden.com/products/women-high-neck-jersey-top-dark-green-t2209dgr?tc_ch=display&tc_ve=ba&tc_so=tradedesk&tc_me=pp&tc_ca=bau,,,69.00,69.00,https://cdn.shopify.com/s/files/1/0680/4619/2892/files/26wwin_t2209_dgr_m01_7d1e55a0-875d-461b-b7aa-93be913c5af6.jpg?v=1&width=800,Women,Women,22/09/2026,https://us.boden.com/products/women-high-neck-jersey-top-dark-green-t2209dgr?tc_ch=display&tc_ve=ba&tc_so=tradedesk&tc_me=pp&tc_ca=bau,,,187,IN STOCK,,,Dark Green,,,,TRUE,TRUE
55203271,55203271,55203271,Cotton Logo Jumper Boden,https://us.boden.com/products/baby-cotton-logo-jumper-multi-farm-scene-y2914dbl?tc_ch=display&tc_ve=ba&tc_so=tradedesk&tc_me=pp&tc_ca=bau,,,65.00,65.00,https://cdn.shopify.com/s/files/1/0680/4619/2892/files/26uaut_y2914_dbl_w01_1c5f0664-248e-49e8-b557-7843d2cc686b.jpg?v=1&width=800,Baby,Baby,22/09/2026,https://us.boden.com/products/baby-cotton-logo-jumper-multi-farm-scene-y2914dbl?tc_ch=display&tc_ve=ba&tc_so=tradedesk&tc_me=pp&tc_ca=bau,,,113,IN STOCK,,,Multi Farm Scene,,,,TRUE,TRUE
55205257,55205257,55205257,Wool Check Coat Boden,https://us.boden.com/products/girls-wool-check-coat-green-check-g6118grn?tc_ch=display&tc_ve=ba&tc_so=tradedesk&tc_me=pp&tc_ca=bau,,,149.00,149.00,https://cdn.shopify.com/s/files/1/0680/4619/2892/files/26gaut_g6118_grn_w01_ff84471e-f7cd-40df-88e5-c6b29a326f82.jpg?v=1&width=800,Girls,Girls,22/09/2026,https://us.boden.com/products/girls-wool-check-coat-green-check-g6118grn?tc_ch=display&tc_ve=ba&tc_so=tradedesk&tc_me=pp&tc_ca=bau,,,130,IN STOCK,,,Green Check,,,,TRUE,TRUE
55222834,55222834,55222834,Fay Cashmere Crew Neck Sweater Boden,https://us.boden.com/products/women-fay-cashmere-crew-neck-sweater-dark-courtyard-melange-k1346grn?tc_ch=display&tc_ve=ba&tc_so=tradedesk&tc_me=pp&tc_ca=bau,,,190.00,190.00,https://cdn.shopify.com/s/files/1/0680/4619/2892/files/26wwin_k1346_grn_m01_edf7ffc8-cc49-4915-b12b-e7fb065c5a0f.jpg?v=1&width=800,Women,Women,22/09/2026,https://us.boden.com/products/women-fay-cashmere-crew-neck-sweater-dark-courtyard-melange-k1346grn?tc_ch=display&tc_ve=ba&tc_so=tradedesk&tc_me=pp&tc_ca=bau,,,36,IN STOCK,,,Dark Courtyard melange,,,,TRUE,TRUE
55223176,55223176,55223176,Fay Cashmere Crew Neck Sweater Boden,https://us.boden.com/products/women-fay-cashmere-crew-neck-sweater-charcoal-blue-stripe-k1346gry?tc_ch=display&tc_ve=ba&tc_so=tradedesk&tc_me=pp&tc_ca=bau,,,199.00,199.00,https://cdn.shopify.com/s/files/1/0680/4619/2892/files/26wwin_k1346_gry_m01_dac221cf-28f0-43f6-a110-ffdf3483dfa0.jpg?v=1&width=800,Women,Women,22/09/2026,https://us.boden.com/products/women-fay-cashmere-crew-neck-sweater-charcoal-blue-stripe-k1346gry?tc_ch=display&tc_ve=ba&tc_so=tradedesk&tc_me=pp&tc_ca=bau,,,40,IN STOCK,,,"Charcoal, Blue Stripe",,,,TRUE,TRUE
55205057,55205057,55205057,Longline Padded Coat Boden,https://us.boden.com/products/girls-longline-padded-coat-gold-metallic-g5578gol?tc_ch=display&tc_ve=ba&tc_so=tradedesk&tc_me=pp&tc_ca=bau,,,119.00,119.00,https://cdn.shopify.com/s/files/1/0680/4619/2892/files/26gwin_g5578_gol_m01.jpg?v=1&width=800,Girls,Girls,22/09/2026,https://us.boden.com/products/girls-longline-padded-coat-gold-metallic-g5578gol?tc_ch=display&tc_ve=ba&tc_so=tradedesk&tc_me=pp&tc_ca=bau,,,229,IN STOCK,,,Gold Metallic,,,,TRUE,TRUE
55210656,55210656,55210656,Fair isle Sweater Boden,https://us.boden.com/products/baby-fair-isle-sweater-college-navy-marl-festive-y2726nvm?tc_ch=display&tc_ve=ba&tc_so=tradedesk&tc_me=pp&tc_ca=bau,,,65.00,65.00,https://cdn.shopify.com/s/files/1/0680/4619/2892/files/26uwin_y2726_nvm.jpg?v=1&width=800,Baby,Baby,22/09/2026,https://us.boden.com/products/baby-fair-isle-sweater-college-navy-marl-festive-y2726nvm?tc_ch=display&tc_ve=ba&tc_so=tradedesk&tc_me=pp&tc_ca=bau,,,220,IN STOCK,,,College Navy Marl Festive,,,,TRUE,TRUE
55203128,55203128,55203128,Pretty Cotton Knitted Jacket Boden,https://us.boden.com/products/baby-pretty-cotton-knitted-jacket-dusty-rose-y2913pnk?tc_ch=display&tc_ve=ba&tc_so=tradedesk&tc_me=pp&tc_ca=bau,,,59.00,59.00,https://cdn.shopify.com/s/files/1/0680/4619/2892/files/26uwin_y2913_pnk.jpg?v=1&width=800,Baby,Baby,22/09/2026,https://us.boden.com/products/baby-pretty-cotton-knitted-jacket-dusty-rose-y2913pnk?tc_ch=display&tc_ve=ba&tc_so=tradedesk&tc_me=pp&tc_ca=bau,,,150,IN STOCK,,,Dusty Rose,,,,TRUE,TRUE
55226434,55226434,55226434,Lace Trim V-Neck Velvet Top Boden,https://us.boden.com/products/women-lace-trim-v-neck-velvet-top-harbour-blue-t2259blu?tc_ch=display&tc_ve=ba&tc_so=tradedesk&tc_me=pp&tc_ca=bau,,,99.00,99.00,https://cdn.shopify.com/s/files/1/0680/4619/2892/files/26wwin_t2259_blu_m01.jpg?v=1&width=800,Women,Women,22/09/2026,https://us.boden.com/products/women-lace-trim-v-neck-velvet-top-harbour-blue-t2259blu?tc_ch=display&tc_ve=ba&tc_so=tradedesk&tc_me=pp&tc_ca=bau,,,523,IN STOCK,,,Harbour Blue,,,,TRUE,TRUE
55207022,55207022,55207022,Edie Fair Isle Cardigan Boden,https://us.boden.com/products/girls-edie-fair-isle-cardigan-medieval-blue-sparkle-multi-g5530dnv?tc_ch=display&tc_ve=ba&tc_so=tradedesk&tc_me=pp&tc_ca=bau,,,69.00,69.00,https://cdn.shopify.com/s/files/1/0680/4619/2892/files/26gwin_g5530_dnv_701f0c59-8274-4b56-841d-049225e2e92e.jpg?v=1&width=800,Girls,Girls,22/09/2026,https://us.boden.com/products/girls-edie-fair-isle-cardigan-medieval-blue-sparkle-multi-g5530dnv?tc_ch=display&tc_ve=ba&tc_so=tradedesk&tc_me=pp&tc_ca=bau,,,149,IN STOCK,,,Medieval blue sparkle multi,,,,TRUE,TRUE
55210447,55210447,55210447,Pleated Tulle Midi Dress Boden,https://us.boden.com/products/women-pleated-tulle-midi-dress-black-d1797blk?tc_ch=display&tc_ve=ba&tc_so=tradedesk&tc_me=pp&tc_ca=bau,,,249.00,249.00,https://cdn.shopify.com/s/files/1/0680/4619/2892/files/26wwin_d1797_blk_m01_18b02558-e0b6-4254-9685-c4d464488295.jpg?v=1&width=800,Women,Women,22/09/2026,https://us.boden.com/products/women-pleated-tulle-midi-dress-black-d1797blk?tc_ch=display&tc_ve=ba&tc_so=tradedesk&tc_me=pp&tc_ca=bau,,,298,IN STOCK,,,Black,,,,TRUE,TRUE
55214619,55214619,55214619,Multi Tiered Maxi Dress Boden,https://us.boden.com/products/women-multi-tiered-maxi-dress-pink-heather-frosted-flora-d1788pnk?tc_ch=display&tc_ve=ba&tc_so=tradedesk&tc_me=pp&tc_ca=bau,,,299.00,299.00,https://cdn.shopify.com/s/files/1/0680/4619/2892/files/26waut_d1788_pnk_w01_0cb0abd8-7456-483e-bfc1-99daa71de804.jpg?v=1&width=800,Women,Women,22/09/2026,https://us.boden.com/products/women-multi-tiered-maxi-dress-pink-heather-frosted-flora-d1788pnk?tc_ch=display&tc_ve=ba&tc_so=tradedesk&tc_me=pp&tc_ca=bau,,,44,IN STOCK,,,"Pink Heather, Frosted Flora",,,,TRUE,TRUE
55212622,55212622,55212622,Isla Funnel Neck Button Blouse Boden,https://us.boden.com/products/women-isla-funnel-neck-button-blouse-fudge-enchanted-sprigs-t2214brn?tc_ch=display&tc_ve=ba&tc_so=tradedesk&tc_me=pp&tc_ca=bau,,,110.00,110.00,https://cdn.shopify.com/s/files/1/0680/4619/2892/files/26waut_t2214_brn_w01.jpg?v=1&width=800,Women,Women,22/09/2026,https://us.boden.com/products/women-isla-funnel-neck-button-blouse-fudge-enchanted-sprigs-t2214brn?tc_ch=display&tc_ve=ba&tc_so=tradedesk&tc_me=pp&tc_ca=bau,,,363,IN STOCK,,,"Fudge, Enchanted Sprigs",,,,TRUE,TRUE
55212424,55212424,55212424,Isla Funnel Neck Button Blouse Boden,https://us.boden.com/products/women-isla-funnel-neck-button-blouse-navy-spot-t2214nav?tc_ch=display&tc_ve=ba&tc_so=tradedesk&tc_me=pp&tc_ca=bau,,,110.00,110.00,https://cdn.shopify.com/s/files/1/0680/4619/2892/files/26wwin_t2214_nav_m01_77f0f85a-2cf6-44cc-a140-4f19742c9f42.jpg?v=1&width=800,Women,Women,22/09/2026,https://us.boden.com/products/women-isla-funnel-neck-button-blouse-navy-spot-t2214nav?tc_ch=display&tc_ve=ba&tc_so=tradedesk&tc_me=pp&tc_ca=bau,,,274,IN STOCK,,,Navy Spot,,,,TRUE,TRUE
55227604,55227604,55227604,Isla Funnel Neck Button Blouse Boden,https://us.boden.com/products/women-isla-funnel-neck-button-blouse-deep-wisteria-t2214pur?tc_ch=display&tc_ve=ba&tc_so=tradedesk&tc_me=pp&tc_ca=bau,,,99.00,99.00,https://cdn.shopify.com/s/files/1/0680/4619/2892/files/26wwin_t2214_pur_m01_720fd0ac-f122-4bac-b9b4-4a06dd010e47.jpg?v=1&width=800,Women,Women,22/09/2026,https://us.boden.com/products/women-isla-funnel-neck-button-blouse-deep-wisteria-t2214pur?tc_ch=display&tc_ve=ba&tc_so=tradedesk&tc_me=pp&tc_ca=bau,,,96,IN STOCK,,,Deep Wisteria,,,,TRUE,TRUE
55212159,55212159,55212159,Isla Funnel Neck Button Blouse Boden,https://us.boden.com/products/women-isla-funnel-neck-button-blouse-emerald-night-t2214grn?tc_ch=display&tc_ve=ba&tc_so=tradedesk&tc_me=pp&tc_ca=bau,,,99.00,99.00,https://cdn.shopify.com/s/files/1/0680/4619/2892/files/26wwin_t2214_grn_m01_34688465-e3c6-43a3-b187-179c66d772e4.jpg?v=1&width=800,Women,Women,22/09/2026,https://us.boden.com/products/women-isla-funnel-neck-button-blouse-emerald-night-t2214grn?tc_ch=display&tc_ve=ba&tc_so=tradedesk&tc_me=pp&tc_ca=bau,,,193,IN STOCK,,,Emerald Night,,,,TRUE,TRUE
55226342,55226342,55226342,Jersey Velvet Ribbed Shirt Boden,https://us.boden.com/products/women-jersey-velvet-ribbed-shirt-dark-cherry-t2267pst?tc_ch=display&tc_ve=ba&tc_so=tradedesk&tc_me=pp&tc_ca=bau,,,99.00,99.00,https://cdn.shopify.com/s/files/1/0680/4619/2892/files/26wwin_t2267_pst_m01_9fd9bb7a-a73e-4e82-87d0-8349e4bd6840.jpg?v=1&width=800,Women,Women,22/09/2026,https://us.boden.com/products/women-jersey-velvet-ribbed-shirt-dark-cherry-t2267pst?tc_ch=display&tc_ve=ba&tc_so=tradedesk&tc_me=pp&tc_ca=bau,,,246,IN STOCK,,,Dark Cherry,,,,TRUE,TRUE
55217313,55217313,55217313,Jersey Frill Blouse Boden,https://us.boden.com/products/women-jersey-frill-blouse-dark-cherry-t2217pur?tc_ch=display&tc_ve=ba&tc_so=tradedesk&tc_me=pp&tc_ca=bau,,,110.00,110.00,https://cdn.shopify.com/s/files/1/0680/4619/2892/files/26wwin_t2217_pur_m01_b2319a7f-fe86-4a14-9b10-a489d39638c7.jpg?v=1&width=800,Women,Women,22/09/2026,https://us.boden.com/products/women-jersey-frill-blouse-dark-cherry-t2217pur?tc_ch=display&tc_ve=ba&tc_so=tradedesk&tc_me=pp&tc_ca=bau,,,110,IN STOCK,,,Dark Cherry,,,,TRUE,TRUE
55217253,55217253,55217253,Jersey Frill Blouse Boden,https://us.boden.com/products/women-jersey-frill-blouse-pink-heather-t2217pnk?tc_ch=display&tc_ve=ba&tc_so=tradedesk&tc_me=pp&tc_ca=bau,,,110.00,110.00,https://cdn.shopify.com/s/files/1/0680/4619/2892/files/26wwin_t2217_pnk_m01_1fa9b516-a5e0-4a44-90c2-0b8ec1e10fdd.jpg?v=1&width=800,Women,Women,22/09/2026,https://us.boden.com/products/women-jersey-frill-blouse-pink-heather-t2217pnk?tc_ch=display&tc_ve=ba&tc_so=tradedesk&tc_me=pp&tc_ca=bau,,,73,IN STOCK,,,Pink Heather,,,,TRUE,TRUE
55226298,55226298,55226298,Velvet Ruffle Trim Henley Top Boden,https://us.boden.com/products/women-velvet-ruffle-trim-henley-top-dark-cherry-t2264prp?tc_ch=display&tc_ve=ba&tc_so=tradedesk&tc_me=pp&tc_ca=bau,,,89.00,89.00,https://cdn.shopify.com/s/files/1/0680/4619/2892/files/26wwin_t2264_prp_m01_39cec9ba-eed0-4931-9e27-ef71254a13eb.jpg?v=1&width=800,Women,Women,22/09/2026,https://us.boden.com/products/women-velvet-ruffle-trim-henley-top-dark-cherry-t2264prp?tc_ch=display&tc_ve=ba&tc_so=tradedesk&tc_me=pp&tc_ca=bau,,,184,IN STOCK,,,Dark Cherry,,,,TRUE,TRUE
55225939,55225939,55225939,Velvet Ruffle Trim Henley Top Boden,https://us.boden.com/products/women-velvet-ruffle-trim-henley-top-sailor-blue-t2264blu?tc_ch=display&tc_ve=ba&tc_so=tradedesk&tc_me=pp&tc_ca=bau,,,89.00,89.00,https://cdn.shopify.com/s/files/1/0680/4619/2892/files/26wwin_t2264_blu_m01_bc85a3d0-5710-4d67-aabd-be6e36e79dc5.jpg?v=1&width=800,Women,Women,22/09/2026,https://us.boden.com/products/women-velvet-ruffle-trim-henley-top-sailor-blue-t2264blu?tc_ch=display&tc_ve=ba&tc_so=tradedesk&tc_me=pp&tc_ca=bau,,,182,IN STOCK,,,Sailor Blue,,,,TRUE,TRUE
55214252,55214252,55214252,Longline Quilted Jacket Boden,https://us.boden.com/products/girls-longline-quilted-jacket-maroon-banner-multi-g6145prp?tc_ch=display&tc_ve=ba&tc_so=tradedesk&tc_me=pp&tc_ca=bau,,,119.00,119.00,https://cdn.shopify.com/s/files/1/0680/4619/2892/files/26gwin_g6145_prp_b1493a68-1c28-4438-8e9c-9bd1b48f6000.jpg?v=1&width=800,Girls,Girls,22/09/2026,https://us.boden.com/products/girls-longline-quilted-jacket-maroon-banner-multi-g6145prp?tc_ch=display&tc_ve=ba&tc_so=tradedesk&tc_me=pp&tc_ca=bau,,,288,IN STOCK,,,Maroon Banner Multi,,,,TRUE,TRUE
55208616,55208616,55208616,Maeve Cord Midi Shirt Dress Boden,https://us.boden.com/products/women-maeve-cord-midi-shirt-dress-spiced-apple-d1807mbr?tc_ch=display&tc_ve=ba&tc_so=tradedesk&tc_me=pp&tc_ca=bau,,,230.00,230.00,https://cdn.shopify.com/s/files/1/0680/4619/2892/files/26wwin_d1807_mbr_m01_2db241a9-7df8-4c89-b5f4-8561dde2d264.jpg?v=1&width=800,Women,Women,22/09/2026,https://us.boden.com/products/women-maeve-cord-midi-shirt-dress-spiced-apple-d1807mbr?tc_ch=display&tc_ve=ba&tc_so=tradedesk&tc_me=pp&tc_ca=bau,,,164,IN STOCK,,,Spiced Apple,,,,TRUE,TRUE
55200721,55200721,55200721,Sienna Relaxed Cord Shirt Boden,https://us.boden.com/products/women-sienna-relaxed-cord-shirt-spiced-ginger-t2169ora?tc_ch=display&tc_ve=ba&tc_so=tradedesk&tc_me=pp&tc_ca=bau,,,149.00,149.00,https://cdn.shopify.com/s/files/1/0680/4619/2892/files/26wwin_t2169_ora_w01_456c3c66-e648-4e05-8537-b3f322355aab.jpg?v=1&width=800,Women,Women,22/09/2026,https://us.boden.com/products/women-sienna-relaxed-cord-shirt-spiced-ginger-t2169ora?tc_ch=display&tc_ve=ba&tc_so=tradedesk&tc_me=pp&tc_ca=bau,,,186,IN STOCK,,,Spiced Ginger,,,,TRUE,TRUE
55200609,55200609,55200609,Sienna Relaxed Cord Shirt Boden,https://us.boden.com/products/women-sienna-relaxed-cord-shirt-sand-t2169snd?tc_ch=display&tc_ve=ba&tc_so=tradedesk&tc_me=pp&tc_ca=bau,,,149.00,149.00,https://cdn.shopify.com/s/files/1/0680/4619/2892/files/26wwin_t2169_snd_m01.jpg?v=1&width=800,Women,Women,22/09/2026,https://us.boden.com/products/women-sienna-relaxed-cord-shirt-sand-t2169snd?tc_ch=display&tc_ve=ba&tc_so=tradedesk&tc_me=pp&tc_ca=bau,,,120,IN STOCK,,,Sand,,,,TRUE,TRUE
55209718,55209718,55209718,Lace Trim Top Boden,https://us.boden.com/products/women-lace-trim-top-ivory-t2197ivo?tc_ch=display&tc_ve=ba&tc_so=tradedesk&tc_me=pp&tc_ca=bau,,,149.00,149.00,https://cdn.shopify.com/s/files/1/0680/4619/2892/files/26wwin_t2197_ivo_m01_cb77ffd2-b2f0-4afa-8f64-609e9491296a.jpg?v=1&width=800,Women,Women,22/09/2026,https://us.boden.com/products/women-lace-trim-top-ivory-t2197ivo?tc_ch=display&tc_ve=ba&tc_so=tradedesk&tc_me=pp&tc_ca=bau,,,152,IN STOCK,,,Ivory,,,,TRUE,TRUE
55219099,55219099,55219099,Violet Cotton Top Boden,https://us.boden.com/products/women-violet-cotton-top-brown-beaded-t2192brn?tc_ch=display&tc_ve=ba&tc_so=tradedesk&tc_me=pp&tc_ca=bau,,,190.00,190.00,https://cdn.shopify.com/s/files/1/0680/4619/2892/files/26wwin_t2192_brn_m01_3d5f9255-7843-46fd-bdf0-e95662a63f40.jpg?v=1&width=800,Women,Women,22/09/2026,https://us.boden.com/products/women-violet-cotton-top-brown-beaded-t2192brn?tc_ch=display&tc_ve=ba&tc_so=tradedesk&tc_me=pp&tc_ca=bau,,,148,IN STOCK,,,Brown Beaded,,,,TRUE,TRUE
55204561,55204561,55204561,Violet Cotton Top Boden,https://us.boden.com/products/women-violet-cotton-top-soft-cream-floral-heart-vine-t2192ivo?tc_ch=display&tc_ve=ba&tc_so=tradedesk&tc_me=pp&tc_ca=bau,,,110.00,110.00,https://cdn.shopify.com/s/files/1/0680/4619/2892/files/26waut_t2192_ivo_w01.jpg?v=1&width=800,Women,Women,22/09/2026,https://us.boden.com/products/women-violet-cotton-top-soft-cream-floral-heart-vine-t2192ivo?tc_ch=display&tc_ve=ba&tc_so=tradedesk&tc_me=pp&tc_ca=bau,,,159,IN STOCK,,,"Soft Cream, Floral Heart Vine",,,,TRUE,TRUE
55209956,55209956,55209956,Bronte Cord Short Dress Boden,https://us.boden.com/products/women-bronte-cord-short-dress-navy-d1470nav?tc_ch=display&tc_ve=ba&tc_so=tradedesk&tc_me=pp&tc_ca=bau,,,170.00,170.00,https://cdn.shopify.com/s/files/1/0680/4619/2892/files/26wwin_d1470_nav_m01_6f10eb68-5331-4425-8aeb-b2f89aa59e2a.jpg?v=1&width=800,Women,Women,22/09/2026,https://us.boden.com/products/women-bronte-cord-short-dress-navy-d1470nav?tc_ch=display&tc_ve=ba&tc_so=tradedesk&tc_me=pp&tc_ca=bau,,,407,IN STOCK,,,Navy,,,,TRUE,TRUE
55208716,55208716,55208716,Fleur Cord Midi Dress Boden,https://us.boden.com/products/women-fleur-cord-midi-dress-ruby-red-d1790lrd?tc_ch=display&tc_ve=ba&tc_so=tradedesk&tc_me=pp&tc_ca=bau,,,199.00,199.00,https://cdn.shopify.com/s/files/1/0680/4619/2892/files/26wwin_d1790_lrd_m01_b37d5b6e-ec02-40a6-b0c9-77fce8e263fa.jpg?v=1&width=800,Women,Women,22/09/2026,https://us.boden.com/products/women-fleur-cord-midi-dress-ruby-red-d1790lrd?tc_ch=display&tc_ve=ba&tc_so=tradedesk&tc_me=pp&tc_ca=bau,,,38,IN STOCK,,,Ruby Red,,,,TRUE,TRUE
55212189,55212189,55212189,Rhoda Cord Short Dress Boden,https://us.boden.com/products/women-rhoda-cord-short-dress-ginger-cow-fields-d1828lbr?tc_ch=display&tc_ve=ba&tc_so=tradedesk&tc_me=pp&tc_ca=bau,,,190.00,190.00,https://cdn.shopify.com/s/files/1/0680/4619/2892/files/26wwin_d1828_lbr_m01_3961bbe5-0fc2-47d8-bd16-9daf7634a673.jpg?v=1&width=800,Women,Women,22/09/2026,https://us.boden.com/products/women-rhoda-cord-short-dress-ginger-cow-fields-d1828lbr?tc_ch=display&tc_ve=ba&tc_so=tradedesk&tc_me=pp&tc_ca=bau,,,201,IN STOCK,,,"Ginger, Cow Fields",,,,TRUE,TRUE
55208212,55208212,55208212,Marla Seamed Ottoman Dress Boden,https://us.boden.com/products/women-marla-seamed-ottoman-dress-dark-cherry-d1821pur?tc_ch=display&tc_ve=ba&tc_so=tradedesk&tc_me=pp&tc_ca=bau,,,99.00,99.00,https://cdn.shopify.com/s/files/1/0680/4619/2892/files/26wwin_d1821_pur_m01_368b81d1-722c-45aa-b16c-259138b8db5d.jpg?v=1&width=800,Women,Women,22/09/2026,https://us.boden.com/products/women-marla-seamed-ottoman-dress-dark-cherry-d1821pur?tc_ch=display&tc_ve=ba&tc_so=tradedesk&tc_me=pp&tc_ca=bau,,,347,IN STOCK,,,Dark Cherry,,,,TRUE,TRUE
55204192,55204192,55204192,Belgravia Cord Pants Boden,https://us.boden.com/products/women-belgravia-cord-pants-dark-crimson-r0994red?tc_ch=display&tc_ve=ba&tc_so=tradedesk&tc_me=pp&tc_ca=bau,,,180.00,180.00,https://cdn.shopify.com/s/files/1/0680/4619/2892/files/26wwin_r0994_red_m01_a4df4a0f-335f-48d1-8265-db65b9690935.jpg?v=1&width=800,Women,Women,22/09/2026,https://us.boden.com/products/women-belgravia-cord-pants-dark-crimson-r0994red?tc_ch=display&tc_ve=ba&tc_so=tradedesk&tc_me=pp&tc_ca=bau,,,34,IN STOCK,,,Dark Crimson,,,,TRUE,TRUE
55233441,55233441,55233441,Edie Fair Isle Cardigan Boden,https://us.boden.com/products/women-edie-fair-isle-cardigan-pink-fair-isle-k0851peb?tc_ch=display&tc_ve=ba&tc_so=tradedesk&tc_me=pp&tc_ca=bau,,,180.00,180.00,https://cdn.shopify.com/s/files/1/0680/4619/2892/files/26wwin_k0851_peb_m01_8620c941-1277-44f7-9e59-de3d42a3d66f.jpg?v=1&width=800,Women,Women,22/09/2026,https://us.boden.com/products/women-edie-fair-isle-cardigan-pink-fair-isle-k0851peb?tc_ch=display&tc_ve=ba&tc_so=tradedesk&tc_me=pp&tc_ca=bau,,,264,IN STOCK,,,Pink fair isle,,,,TRUE,TRUE
55216924,55216924,55216924,Nia Ottoman Long Sleeve Dress Boden,https://us.boden.com/products/women-nia-ottoman-long-sleeve-dress-malachite-green-d1831dgr?tc_ch=display&tc_ve=ba&tc_so=tradedesk&tc_me=pp&tc_ca=bau,,,119.00,119.00,https://cdn.shopify.com/s/files/1/0680/4619/2892/files/26wwin_d1831_dgr_m01_ced94a54-31c8-48fc-931c-9f4e1fe5eaa0.jpg?v=1&width=800,Women,Women,22/09/2026,https://us.boden.com/products/women-nia-ottoman-long-sleeve-dress-malachite-green-d1831dgr?tc_ch=display&tc_ve=ba&tc_so=tradedesk&tc_me=pp&tc_ca=bau,,,210,IN STOCK,,,Malachite green,,,,TRUE,TRUE
55233451,55233451,55233451,Edie Fair Isle Sweater Boden,https://us.boden.com/products/women-edie-fair-isle-sweater-navy-reindeer-k0853nvy?tc_ch=display&tc_ve=ba&tc_so=tradedesk&tc_me=pp&tc_ca=bau,,,160.00,160.00,https://cdn.shopify.com/s/files/1/0680/4619/2892/files/26wwin_k0853_nvy_m01_b3486e8f-0035-4133-8563-af2c854982d7.jpg?v=1&width=800,Women,Women,22/09/2026,https://us.boden.com/products/women-edie-fair-isle-sweater-navy-reindeer-k0853nvy?tc_ch=display&tc_ve=ba&tc_so=tradedesk&tc_me=pp&tc_ca=bau,,,549,IN STOCK,,,Navy reindeer,,,,TRUE,TRUE
55206150,55206150,55206150,Thea Cord Shirt Boden,https://us.boden.com/products/women-thea-cord-shirt-red-earth-t2194red?tc_ch=display&tc_ve=ba&tc_so=tradedesk&tc_me=pp&tc_ca=bau,,,99.00,99.00,https://cdn.shopify.com/s/files/1/0680/4619/2892/files/26wwin_t2194_red_m01_097a6bf0-25cb-427a-b94b-74e89662b24c.jpg?v=1&width=800,Women,Women,22/09/2026,https://us.boden.com/products/women-thea-cord-shirt-red-earth-t2194red?tc_ch=display&tc_ve=ba&tc_so=tradedesk&tc_me=pp&tc_ca=bau,,,162,IN STOCK,,,Red Earth,,,,TRUE,TRUE
55220218,55220218,55220218,Tia Ruched High Neck Top Boden,https://us.boden.com/products/women-tia-ruched-high-neck-top-dark-olive-t2207grn?tc_ch=display&tc_ve=ba&tc_so=tradedesk&tc_me=pp&tc_ca=bau,,,89.00,89.00,https://cdn.shopify.com/s/files/1/0680/4619/2892/files/26wwin_t2207_grn_m01_f2556a41-7e88-49f4-9fc2-5bf5f2c1c1db.jpg?v=1&width=800,Women,Women,22/09/2026,https://us.boden.com/products/women-tia-ruched-high-neck-top-dark-olive-t2207grn?tc_ch=display&tc_ve=ba&tc_so=tradedesk&tc_me=pp&tc_ca=bau,,,175,IN STOCK,,,Dark Olive,,,,TRUE,TRUE
55206894,55206894,55206894,Sky Cord Shirt Boden,https://us.boden.com/products/women-sky-cord-shirt-multi-brushed-animal-small-t2196brn?tc_ch=display&tc_ve=ba&tc_so=tradedesk&tc_me=pp&tc_ca=bau,,,160.00,160.00,https://cdn.shopify.com/s/files/1/0680/4619/2892/files/26wwin_t2196_brn_m01_24407cad-3a63-4cce-a806-f7d77562b883.jpg?v=1&width=800,Women,Women,22/09/2026,https://us.boden.com/products/women-sky-cord-shirt-multi-brushed-animal-small-t2196brn?tc_ch=display&tc_ve=ba&tc_so=tradedesk&tc_me=pp&tc_ca=bau,,,173,IN STOCK,,,"Multi, Brushed Animal Small",,,,TRUE,TRUE
55206453,55206453,55206453,Thea Cord Shirt Boden,https://us.boden.com/products/women-thea-cord-shirt-ginger-t2194brn?tc_ch=display&tc_ve=ba&tc_so=tradedesk&tc_me=pp&tc_ca=bau,,,99.00,99.00,https://cdn.shopify.com/s/files/1/0680/4619/2892/files/26wwin_t2194_brn_m01_99ccb3e0-e365-4a1c-a9fe-a960597f5434.jpg?v=1&width=800,Women,Women,22/09/2026,https://us.boden.com/products/women-thea-cord-shirt-ginger-t2194brn?tc_ch=display&tc_ve=ba&tc_so=tradedesk&tc_me=pp&tc_ca=bau,,,193,IN STOCK,,,Ginger,,,,TRUE,TRUE
55205964,55205964,55205964,Violet Smock Shoulder Cord Top Boden,https://us.boden.com/products/women-violet-smock-shoulder-cord-top-cherry-blush-t2191mpk?tc_ch=display&tc_ve=ba&tc_so=tradedesk&tc_me=pp&tc_ca=bau,,,140.00,140.00,https://cdn.shopify.com/s/files/1/0680/4619/2892/files/26wwin_t2191_mpk_m01_6d3ab45c-4551-407d-a544-1ebe9789082e.jpg?v=1&width=800,Women,Women,22/09/2026,https://us.boden.com/products/women-violet-smock-shoulder-cord-top-cherry-blush-t2191mpk?tc_ch=display&tc_ve=ba&tc_so=tradedesk&tc_me=pp&tc_ca=bau,,,155,IN STOCK,,,Cherry Blush,,,,TRUE,TRUE
55211486,55211486,55211486,5-Pocket Cord Column Jeans Boden,https://us.boden.com/products/women-5-pocket-cord-column-jeans-deep-grape-r0768pur?tc_ch=display&tc_ve=ba&tc_so=tradedesk&tc_me=pp&tc_ca=bau,,,149.00,149.00,https://cdn.shopify.com/s/files/1/0680/4619/2892/files/26wwin_r0768_pur_m01_2df9e460-768b-46bd-9fc5-fae75e38f897.jpg?v=1&width=800,Women,Women,22/09/2026,https://us.boden.com/products/women-5-pocket-cord-column-jeans-deep-grape-r0768pur?tc_ch=display&tc_ve=ba&tc_so=tradedesk&tc_me=pp&tc_ca=bau,,,60,IN STOCK,,,Deep Grape,,,,TRUE,TRUE
55219855,55219855,55219855,High Rise Column Leg Jeans Boden,https://us.boden.com/products/women-high-rise-column-leg-jeans-camel-r0713neu?tc_ch=display&tc_ve=ba&tc_so=tradedesk&tc_me=pp&tc_ca=bau,,,149.00,149.00,https://cdn.shopify.com/s/files/1/0680/4619/2892/files/26wwin_r0713_neu_m01_v1.jpg?v=1&width=800,Women,Women,22/09/2026,https://us.boden.com/products/women-high-rise-column-leg-jeans-camel-r0713neu?tc_ch=display&tc_ve=ba&tc_so=tradedesk&tc_me=pp&tc_ca=bau,,,71,IN STOCK,,,Camel,,,,TRUE,TRUE
55216342,55216342,55216342,Belted Wrap Knitted Cardigan Boden,https://us.boden.com/products/women-belted-wrap-knitted-cardigan-winetasting-k1320pur?tc_ch=display&tc_ve=ba&tc_so=tradedesk&tc_me=pp&tc_ca=bau,,,249.00,249.00,https://cdn.shopify.com/s/files/1/0680/4619/2892/files/26waut_k1320_pur_w01.jpg?v=1&width=800,Women,Women,22/09/2026,https://us.boden.com/products/women-belted-wrap-knitted-cardigan-winetasting-k1320pur?tc_ch=display&tc_ve=ba&tc_so=tradedesk&tc_me=pp&tc_ca=bau,,,264,IN STOCK,,,Winetasting,,,,TRUE,TRUE
55211788,55211788,55211788,Mae Fair Isle Knitted Sweater Boden,https://us.boden.com/products/women-mae-fair-isle-knitted-sweater-red-bud-melange-k1335red?tc_ch=display&tc_ve=ba&tc_so=tradedesk&tc_me=pp&tc_ca=bau,,,199.00,199.00,https://cdn.shopify.com/s/files/1/0680/4619/2892/files/26waut_k1335_red_w01.jpg?v=1&width=800,Women,Women,22/09/2026,https://us.boden.com/products/women-mae-fair-isle-knitted-sweater-red-bud-melange-k1335red?tc_ch=display&tc_ve=ba&tc_so=tradedesk&tc_me=pp&tc_ca=bau,,,268,IN STOCK,,,Red Bud Melange,,,,TRUE,TRUE
55209132,55209132,55209132,Canonbury Cord Pants Boden,https://us.boden.com/products/women-canonbury-cord-pants-navy-r0784nnv?tc_ch=display&tc_ve=ba&tc_so=tradedesk&tc_me=pp&tc_ca=bau,,,149.00,149.00,https://cdn.shopify.com/s/files/1/0680/4619/2892/files/26wwin_r0784_nnv_m01_f50da7d8-b0cf-4405-beda-c3edc0e0f349.jpg?v=1&width=800,Women,Women,22/09/2026,https://us.boden.com/products/women-canonbury-cord-pants-navy-r0784nnv?tc_ch=display&tc_ve=ba&tc_so=tradedesk&tc_me=pp&tc_ca=bau,,,110,IN STOCK,,,Navy,,,,TRUE,TRUE
55215961,55215961,55215961,Wool Blend Slip Skirt Boden,https://us.boden.com/products/women-wool-blend-slip-skirt-brown-check-r0987brn?tc_ch=display&tc_ve=ba&tc_so=tradedesk&tc_me=pp&tc_ca=bau,,,249.00,249.00,https://cdn.shopify.com/s/files/1/0680/4619/2892/files/26wwin_r0987_brn_m01_657cf03e-7241-490e-85b3-3578d80db0d2.jpg?v=1&width=800,Women,Women,22/09/2026,https://us.boden.com/products/women-wool-blend-slip-skirt-brown-check-r0987brn?tc_ch=display&tc_ve=ba&tc_so=tradedesk&tc_me=pp&tc_ca=bau,,,93,IN STOCK,,,Brown Check,,,,TRUE,TRUE
55210622,55210622,55210622,Emi Embroidered Sweatshirt Boden,https://us.boden.com/products/women-emi-embroidered-sweatshirt-navy-multi-flower-embroidery-t1646mlt?tc_ch=display&tc_ve=ba&tc_so=tradedesk&tc_me=pp&tc_ca=bau,,,140.00,140.00,https://cdn.shopify.com/s/files/1/0680/4619/2892/files/26wwin_t1646_mlt_m01_eac5c29c-566e-4e0c-877b-f60a0bb3472d.jpg?v=1&width=800,Women,Women,22/09/2026,https://us.boden.com/products/women-emi-embroidered-sweatshirt-navy-multi-flower-embroidery-t1646mlt?tc_ch=display&tc_ve=ba&tc_so=tradedesk&tc_me=pp&tc_ca=bau,,,214,IN STOCK,,,"Navy, Multi flower embroidery",,,,TRUE,TRUE
55221794,55221794,55221794,Fitzrovia Cord Column Pants Boden,https://us.boden.com/products/women-fitzrovia-cord-column-pants-gingerbread-r0991brn?tc_ch=display&tc_ve=ba&tc_so=tradedesk&tc_me=pp&tc_ca=bau,,,180.00,180.00,https://cdn.shopify.com/s/files/1/0680/4619/2892/files/26wwin_r0991_brn_m01_a613d189-1558-43e1-93f2-eb088b91cc64.jpg?v=1&width=800,Women,Women,22/09/2026,https://us.boden.com/products/women-fitzrovia-cord-column-pants-gingerbread-r0991brn?tc_ch=display&tc_ve=ba&tc_so=tradedesk&tc_me=pp&tc_ca=bau,,,50,IN STOCK,,,Gingerbread,,,,TRUE,TRUE
55209739,55209739,55209739,Stamford Cord Blazer Boden,https://us.boden.com/products/women-stamford-cord-blazer-dark-crimson-u0349drd?tc_ch=display&tc_ve=ba&tc_so=tradedesk&tc_me=pp&tc_ca=bau,,,230.00,230.00,https://cdn.shopify.com/s/files/1/0680/4619/2892/files/26wwin_u0349_drd_m01_4c1fbfad-7c37-4cb8-9ff2-fc69a3f5368c.jpg?v=1&width=800,Women,Women,22/09/2026,https://us.boden.com/products/women-stamford-cord-blazer-dark-crimson-u0349drd?tc_ch=display&tc_ve=ba&tc_so=tradedesk&tc_me=pp&tc_ca=bau,,,56,IN STOCK,,,Dark Crimson,,,,TRUE,TRUE
55206813,55206813,55206813,Relaxed Mid-weight T-shirt Boden,https://us.boden.com/products/boys-relaxed-mid-weight-t-shirt-oatmeal-b3206neu?tc_ch=display&tc_ve=ba&tc_so=tradedesk&tc_me=pp&tc_ca=bau,,,39.00,39.00,https://cdn.shopify.com/s/files/1/0680/4619/2892/files/26bwin_b3206_neu_08f456d1-91d8-414f-80e2-ae8583bc5bd0.jpg?v=1&width=800,Boys,Boys,22/09/2026,https://us.boden.com/products/boys-relaxed-mid-weight-t-shirt-oatmeal-b3206neu?tc_ch=display&tc_ve=ba&tc_so=tradedesk&tc_me=pp&tc_ca=bau,,,82,IN STOCK,,,Oatmeal,,,,TRUE,TRUE
55209266,55209266,55209266,Stamford Cord Blazer Boden,https://us.boden.com/products/women-stamford-cord-blazer-latte-u0349ivo?tc_ch=display&tc_ve=ba&tc_so=tradedesk&tc_me=pp&tc_ca=bau,,,230.00,230.00,https://cdn.shopify.com/s/files/1/0680/4619/2892/files/26waut_u0349_ivo_w01.jpg?v=1&width=800,Women,Women,22/09/2026,https://us.boden.com/products/women-stamford-cord-blazer-latte-u0349ivo?tc_ch=display&tc_ve=ba&tc_so=tradedesk&tc_me=pp&tc_ca=bau,,,67,IN STOCK,,,Latte,,,,TRUE,TRUE
55233586,55233586,55233586,Collared Pointelle Top Boden,https://us.boden.com/products/girls-collared-pointelle-top-navy-g6205nvy?tc_ch=display&tc_ve=ba&tc_so=tradedesk&tc_me=pp&tc_ca=bau,,,39.00,39.00,https://cdn.shopify.com/s/files/1/0680/4619/2892/files/26gwin_g6205_nvy_m01.jpg?v=1&width=800,Girls,Girls,22/09/2026,https://us.boden.com/products/girls-collared-pointelle-top-navy-g6205nvy?tc_ch=display&tc_ve=ba&tc_so=tradedesk&tc_me=pp&tc_ca=bau,,,150,IN STOCK,,,Navy,,,,TRUE,TRUE
55205122,55205122,55205122,Wide Leg Printed Sweatpants Boden,https://us.boden.com/products/girls-wide-leg-printed-sweatpants-vintage-rose-sprouting-garden-g5664pgr?tc_ch=display&tc_ve=ba&tc_so=tradedesk&tc_me=pp&tc_ca=bau,,,49.00,49.00,https://cdn.shopify.com/s/files/1/0680/4619/2892/files/26gwin_g5664_pgr_v1.jpg?v=1&width=800,Girls,Girls,22/09/2026,https://us.boden.com/products/girls-wide-leg-printed-sweatpants-vintage-rose-sprouting-garden-g5664pgr?tc_ch=display&tc_ve=ba&tc_so=tradedesk&tc_me=pp&tc_ca=bau,,,120,IN STOCK,,,Vintage Rose Sprouting Garden,,,,TRUE,TRUE
55205133,55205133,55205133,Embroidered Borg Jacket Boden,https://us.boden.com/products/girls-embroidered-borg-jacket-pink-heather-g6141ppk?tc_ch=display&tc_ve=ba&tc_so=tradedesk&tc_me=pp&tc_ca=bau,,,99.00,99.00,https://cdn.shopify.com/s/files/1/0680/4619/2892/files/26gaut_g6141_ppk_w01.jpg?v=1&width=800,Girls,Girls,22/09/2026,https://us.boden.com/products/girls-embroidered-borg-jacket-pink-heather-g6141ppk?tc_ch=display&tc_ve=ba&tc_so=tradedesk&tc_me=pp&tc_ca=bau,,,217,IN STOCK,,,Pink Heather,,,,TRUE,TRUE
55207870,55207870,55207870,Frill Neck Breton Boden,https://us.boden.com/products/girls-frill-neck-breton-soft-ivory-g6130ivo?tc_ch=display&tc_ve=ba&tc_so=tradedesk&tc_me=pp&tc_ca=bau,,,32.00,32.00,https://cdn.shopify.com/s/files/1/0680/4619/2892/files/26gwin_g6130_ivo_60f55b66-6763-439b-b4d5-f72c0d62f4bc.jpg?v=1&width=800,Girls,Girls,22/09/2026,https://us.boden.com/products/girls-frill-neck-breton-soft-ivory-g6130ivo?tc_ch=display&tc_ve=ba&tc_so=tradedesk&tc_me=pp&tc_ca=bau,,,155,IN STOCK,,,Soft Ivory,,,,TRUE,TRUE
55217348,55217348,55217348,Frill Neck Breton Boden,https://us.boden.com/products/girls-frill-neck-breton-pink-stripe-g6130pnk?tc_ch=display&tc_ve=ba&tc_so=tradedesk&tc_me=pp&tc_ca=bau,,,32.00,32.00,https://cdn.shopify.com/s/files/1/0680/4619/2892/files/26gwin_g6130_pnk_6f448fbd-af80-456a-9fac-0ed791994191.jpg?v=1&width=800,Girls,Girls,22/09/2026,https://us.boden.com/products/girls-frill-neck-breton-pink-stripe-g6130pnk?tc_ch=display&tc_ve=ba&tc_so=tradedesk&tc_me=pp&tc_ca=bau,,,213,IN STOCK,,,Pink Stripe,,,,TRUE,TRUE
55210214,55210214,55210214,V-Neck Waistcoat Boden,https://us.boden.com/products/women-v-neck-waistcoat-dark-crimson-u0514drd?tc_ch=display&tc_ve=ba&tc_so=tradedesk&tc_me=pp&tc_ca=bau,,,160.00,160.00,https://cdn.shopify.com/s/files/1/0680/4619/2892/files/26wwin_u0514_drd_m01_d5479999-7904-4a8a-98ed-c2b7431a16a4.jpg?v=1&width=800,Women,Women,22/09/2026,https://us.boden.com/products/women-v-neck-waistcoat-dark-crimson-u0514drd?tc_ch=display&tc_ve=ba&tc_so=tradedesk&tc_me=pp&tc_ca=bau,,,36,IN STOCK,,,Dark Crimson,,,,TRUE,TRUE
55209821,55209821,55209821,V-Neck Waistcoat Boden,https://us.boden.com/products/women-v-neck-waistcoat-storm-blue-u0514blu?tc_ch=display&tc_ve=ba&tc_so=tradedesk&tc_me=pp&tc_ca=bau,,,160.00,160.00,https://cdn.shopify.com/s/files/1/0680/4619/2892/files/26wwin_u0514_blu_m01_02d5c212-5312-464f-96f2-abe7a1500537.jpg?v=1&width=800,Women,Women,22/09/2026,https://us.boden.com/products/women-v-neck-waistcoat-storm-blue-u0514blu?tc_ch=display&tc_ve=ba&tc_so=tradedesk&tc_me=pp&tc_ca=bau,,,111,IN STOCK,,,Storm Blue,,,,TRUE,TRUE
55207288,55207288,55207288,Frill Neck Breton Boden,https://us.boden.com/products/girls-frill-neck-breton-navy-soft-ivory-stripe-g6130nav?tc_ch=display&tc_ve=ba&tc_so=tradedesk&tc_me=pp&tc_ca=bau,,,32.00,32.00,https://cdn.shopify.com/s/files/1/0680/4619/2892/files/26gwin_g6130_nav_3986162e-ae53-4feb-9682-775b95639e1e.jpg?v=1&width=800,Girls,Girls,22/09/2026,https://us.boden.com/products/girls-frill-neck-breton-navy-soft-ivory-stripe-g6130nav?tc_ch=display&tc_ve=ba&tc_so=tradedesk&tc_me=pp&tc_ca=bau,,,200,IN STOCK,,,Navy/ Soft Ivory Stripe,,,,TRUE,TRUE
55207206,55207206,55207206,Metallic Tulle Party Dress Boden,https://us.boden.com/products/girls-metallic-tulle-party-dress-gold-metallic-g6140gld?tc_ch=display&tc_ve=ba&tc_so=tradedesk&tc_me=pp&tc_ca=bau,,,129.00,129.00,https://cdn.shopify.com/s/files/1/0680/4619/2892/files/26gaut_g6140_gld_w01_c46c3075-13be-49a0-b7a0-f55bd54cd7f6.jpg?v=1&width=800,Girls,Girls,22/09/2026,https://us.boden.com/products/girls-metallic-tulle-party-dress-gold-metallic-g6140gld?tc_ch=display&tc_ve=ba&tc_so=tradedesk&tc_me=pp&tc_ca=bau,,,232,IN STOCK,,,Gold Metallic,,,,TRUE,TRUE
55222460,55222460,55222460,Fay Cashmere Crew Neck Sweater Boden,https://us.boden.com/products/women-fay-cashmere-crew-neck-sweater-winetasting-k1346pur?tc_ch=display&tc_ve=ba&tc_so=tradedesk&tc_me=pp&tc_ca=bau,,,190.00,190.00,https://cdn.shopify.com/s/files/1/0680/4619/2892/files/26wwin_k1346_pur_m01_cb8ba1aa-9496-4a4c-adfb-61c5bcde11bd.jpg?v=1&width=800,Women,Women,22/09/2026,https://us.boden.com/products/women-fay-cashmere-crew-neck-sweater-winetasting-k1346pur?tc_ch=display&tc_ve=ba&tc_so=tradedesk&tc_me=pp&tc_ca=bau,,,48,IN STOCK,,,Winetasting,,,,TRUE,TRUE
55211399,55211399,55211399,Collared Cable Knit Sweater Boden,https://us.boden.com/products/women-collared-cable-knit-sweater-raw-umber-k1310brn?tc_ch=display&tc_ve=ba&tc_so=tradedesk&tc_me=pp&tc_ca=bau,,,220.00,220.00,https://cdn.shopify.com/s/files/1/0680/4619/2892/files/26waut_k1310_brn_w01.jpg?v=1&width=800,Women,Women,22/09/2026,https://us.boden.com/products/women-collared-cable-knit-sweater-raw-umber-k1310brn?tc_ch=display&tc_ve=ba&tc_so=tradedesk&tc_me=pp&tc_ca=bau,,,378,IN STOCK,,,Raw Umber,,,,TRUE,TRUE
55207331,55207331,55207331,Metallic Tulle Party Dress Boden,https://us.boden.com/products/girls-metallic-tulle-party-dress-blue-tulle-g6140blu?tc_ch=display&tc_ve=ba&tc_so=tradedesk&tc_me=pp&tc_ca=bau,,,129.00,129.00,https://cdn.shopify.com/s/files/1/0680/4619/2892/files/26gwin_g6140_blu.jpg?v=1&width=800,Girls,Girls,22/09/2026,https://us.boden.com/products/girls-metallic-tulle-party-dress-blue-tulle-g6140blu?tc_ch=display&tc_ve=ba&tc_so=tradedesk&tc_me=pp&tc_ca=bau,,,155,IN STOCK,,,Blue Tulle,,,,TRUE,TRUE
55200289,55200289,55200289,Sienna Frill Cotton Shirt Boden,https://us.boden.com/products/women-sienna-frill-cotton-shirt-embroidered-pink-maroon-check-t2165chk?tc_ch=display&tc_ve=ba&tc_so=tradedesk&tc_me=pp&tc_ca=bau,,,149.00,149.00,https://cdn.shopify.com/s/files/1/0680/4619/2892/files/26wwin_t2165_chk_m01_29a512e4-4aec-466d-b205-845acf88e547.jpg?v=1&width=800,Women,Women,22/09/2026,https://us.boden.com/products/women-sienna-frill-cotton-shirt-embroidered-pink-maroon-check-t2165chk?tc_ch=display&tc_ve=ba&tc_so=tradedesk&tc_me=pp&tc_ca=bau,,,39,IN STOCK,,,"Embroidered Pink, Maroon Check",,,,TRUE,TRUE
55209659,55209659,55209659,Double Breasted Blazer Boden,https://us.boden.com/products/women-double-breasted-blazer-storm-blue-u0500blu?tc_ch=display&tc_ve=ba&tc_so=tradedesk&tc_me=pp&tc_ca=bau,,,249.00,249.00,https://cdn.shopify.com/s/files/1/0680/4619/2892/files/26waut_u0500_blu_w01.jpg?v=1&width=800,Women,Women,22/09/2026,https://us.boden.com/products/women-double-breasted-blazer-storm-blue-u0500blu?tc_ch=display&tc_ve=ba&tc_so=tradedesk&tc_me=pp&tc_ca=bau,,,163,IN STOCK,,,Storm Blue,,,,TRUE,TRUE
55216900,55216900,55216900,Norah Button-through Bow Dress Boden,https://us.boden.com/products/girls-norah-button-through-bow-dress-pink-heather-g5656ppk?tc_ch=display&tc_ve=ba&tc_so=tradedesk&tc_me=pp&tc_ca=bau,,,79.00,79.00,https://cdn.shopify.com/s/files/1/0680/4619/2892/files/26gaut_g5656_ppk_w01.jpg?v=1&width=800,Girls,Girls,22/09/2026,https://us.boden.com/products/girls-norah-button-through-bow-dress-pink-heather-g5656ppk?tc_ch=display&tc_ve=ba&tc_so=tradedesk&tc_me=pp&tc_ca=bau,,,250,IN STOCK,,,Pink Heather,,,,TRUE,TRUE
55216792,55216792,55216792,Norah Button-through Bow Dress Boden,https://us.boden.com/products/girls-norah-button-through-bow-dress-mid-vintage-g5656den?tc_ch=display&tc_ve=ba&tc_so=tradedesk&tc_me=pp&tc_ca=bau,,,69.00,69.00,https://cdn.shopify.com/s/files/1/0680/4619/2892/files/26gwin_g5656_den_b3867aee-8a83-4c31-b56e-8be797ee0ec3.jpg?v=1&width=800,Girls,Girls,22/09/2026,https://us.boden.com/products/girls-norah-button-through-bow-dress-mid-vintage-g5656den?tc_ch=display&tc_ve=ba&tc_so=tradedesk&tc_me=pp&tc_ca=bau,,,63,IN STOCK,,,Mid Vintage,,,,TRUE,TRUE
55204856,55204856,55204856,Embroidered Borg Jacket Boden,https://us.boden.com/products/girls-embroidered-borg-jacket-ivory-embroidery-g6141ivo?tc_ch=display&tc_ve=ba&tc_so=tradedesk&tc_me=pp&tc_ca=bau,,,99.00,99.00,https://cdn.shopify.com/s/files/1/0680/4619/2892/files/26gaut_g6141_ivo_w01.jpg?v=1&width=800,Girls,Girls,22/09/2026,https://us.boden.com/products/girls-embroidered-borg-jacket-ivory-embroidery-g6141ivo?tc_ch=display&tc_ve=ba&tc_so=tradedesk&tc_me=pp&tc_ca=bau,,,275,IN STOCK,,,Ivory Embroidery,,,,TRUE,TRUE
55203321,55203321,55203321,Cotton Cord Pants Boden,https://us.boden.com/products/baby-cotton-cord-pants-pink-y2916ros?tc_ch=display&tc_ve=ba&tc_so=tradedesk&tc_me=pp&tc_ca=bau,,,49.00,49.00,https://cdn.shopify.com/s/files/1/0680/4619/2892/files/26uwin_y2916_ros.jpg?v=1&width=800,Baby,Baby,22/09/2026,https://us.boden.com/products/baby-cotton-cord-pants-pink-y2916ros?tc_ch=display&tc_ve=ba&tc_so=tradedesk&tc_me=pp&tc_ca=bau,,,143,IN STOCK,,,Pink,,,,TRUE,TRUE
55203316,55203316,55203316,Cotton Cord Pants Boden,https://us.boden.com/products/baby-cotton-cord-pants-green-y2917grn?tc_ch=display&tc_ve=ba&tc_so=tradedesk&tc_me=pp&tc_ca=bau,,,49.00,49.00,https://cdn.shopify.com/s/files/1/0680/4619/2892/files/26uwin_y2917_grn_a0e7ba4a-87e9-4a31-8887-76bf17ecf1ec.jpg?v=1&width=800,Baby,Baby,22/09/2026,https://us.boden.com/products/baby-cotton-cord-pants-green-y2917grn?tc_ch=display&tc_ve=ba&tc_so=tradedesk&tc_me=pp&tc_ca=bau,,,68,IN STOCK,,,Green,,,,TRUE,TRUE
55212413,55212413,55212413,Heritage Half-Zip Sweater Boden,https://us.boden.com/products/boys-heritage-half-zip-sweater-festive-b3074nvy?tc_ch=display&tc_ve=ba&tc_so=tradedesk&tc_me=pp&tc_ca=bau,,,65.00,65.00,https://cdn.shopify.com/s/files/1/0680/4619/2892/files/26bwin_b3074_nvy_9029ca93-4573-4f97-be3a-861c94edaa61.jpg?v=1&width=800,Boys,Boys,22/09/2026,https://us.boden.com/products/boys-heritage-half-zip-sweater-festive-b3074nvy?tc_ch=display&tc_ve=ba&tc_so=tradedesk&tc_me=pp&tc_ca=bau,,,339,IN STOCK,,,Festive,,,,TRUE,TRUE
55205701,55205701,55205701,Stacking Superstitch T-shirt Boden,https://us.boden.com/products/boys-stacking-superstitch-t-shirt-grey-ridge-cool-cars-b3312prp?tc_ch=display&tc_ve=ba&tc_so=tradedesk&tc_me=pp&tc_ca=bau,,,37.00,37.00,https://cdn.shopify.com/s/files/1/0680/4619/2892/files/26bwin_b3312_prp_06ad3962-e11e-488f-801c-bd5d6cbdff73.jpg?v=1&width=800,Boys,Boys,22/09/2026,https://us.boden.com/products/boys-stacking-superstitch-t-shirt-grey-ridge-cool-cars-b3312prp?tc_ch=display&tc_ve=ba&tc_so=tradedesk&tc_me=pp&tc_ca=bau,,,312,IN STOCK,,,GREY RIDGE COOL CARS,,,,TRUE,TRUE
55203452,55203452,55203452,All-weather Waterproof Coat Boden,https://us.boden.com/products/boys-all-weather-waterproof-coat-phantom-camo-b3082mix?tc_ch=display&tc_ve=ba&tc_so=tradedesk&tc_me=pp&tc_ca=bau,,,129.00,129.00,https://cdn.shopify.com/s/files/1/0680/4619/2892/files/26bwin_b3082_mix_c816c1f6-0c64-4d2a-b67c-58344550ed71.jpg?v=1&width=800,Boys,Boys,22/09/2026,https://us.boden.com/products/boys-all-weather-waterproof-coat-phantom-camo-b3082mix?tc_ch=display&tc_ve=ba&tc_so=tradedesk&tc_me=pp&tc_ca=bau,,,126,IN STOCK,,,Phantom Camo,,,,TRUE,TRUE
55206104,55206104,55206104,Colourblock Cuffed Joggers Boden,https://us.boden.com/products/boys-colourblock-cuffed-joggers-storm-blue-b3142blu?tc_ch=display&tc_ve=ba&tc_so=tradedesk&tc_me=pp&tc_ca=bau,,,49.00,49.00,https://cdn.shopify.com/s/files/1/0680/4619/2892/files/26bwin_b3142_blu_16f16b65-e691-4ac7-9411-103524124f13.jpg?v=1&width=800,Boys,Boys,22/09/2026,https://us.boden.com/products/boys-colourblock-cuffed-joggers-storm-blue-b3142blu?tc_ch=display&tc_ve=ba&tc_so=tradedesk&tc_me=pp&tc_ca=bau,,,100,IN STOCK,,,Storm Blue,,,,TRUE,TRUE
55205834,55205834,55205834,Borg Lined Puffer Coat Boden,https://us.boden.com/products/boys-borg-lined-puffer-coat-college-navy-b3300nav?tc_ch=display&tc_ve=ba&tc_so=tradedesk&tc_me=pp&tc_ca=bau,,,119.00,119.00,https://cdn.shopify.com/s/files/1/0680/4619/2892/files/26bwin_b3300_nav_m01_261bf6ee-660d-4657-8d01-3da30e649812.jpg?v=1&width=800,Boys,Boys,22/09/2026,https://us.boden.com/products/boys-borg-lined-puffer-coat-college-navy-b3300nav?tc_ch=display&tc_ve=ba&tc_so=tradedesk&tc_me=pp&tc_ca=bau,,,166,IN STOCK,,,College Navy,,,,TRUE,TRUE
55203745,55203745,55203745,Heritage Half-Zip Sweater Boden,https://us.boden.com/products/boys-heritage-half-zip-sweater-navy-b3074nav?tc_ch=display&tc_ve=ba&tc_so=tradedesk&tc_me=pp&tc_ca=bau,,,65.00,65.00,https://cdn.shopify.com/s/files/1/0680/4619/2892/files/26bwin_b3074_nav.jpg?v=1&width=800,Boys,Boys,22/09/2026,https://us.boden.com/products/boys-heritage-half-zip-sweater-navy-b3074nav?tc_ch=display&tc_ve=ba&tc_so=tradedesk&tc_me=pp&tc_ca=bau,,,224,IN STOCK,,,Navy,,,,TRUE,TRUE
55208822,55208822,55208822,4-in-1 Waterproof Coat Boden,https://us.boden.com/products/boys-4-in-1-waterproof-coat-rubber-b2864mbr?tc_ch=display&tc_ve=ba&tc_so=tradedesk&tc_me=pp&tc_ca=bau,,,119.00,119.00,https://cdn.shopify.com/s/files/1/0680/4619/2892/files/26bwin_b2864_mbr_v1.jpg?v=1&width=800,Boys,Boys,22/09/2026,https://us.boden.com/products/boys-4-in-1-waterproof-coat-rubber-b2864mbr?tc_ch=display&tc_ve=ba&tc_so=tradedesk&tc_me=pp&tc_ca=bau,,,155,IN STOCK,,,Rubber,,,,TRUE,TRUE
55211947,55211947,55211947,Chunky Cotton Hoodie Boden,https://us.boden.com/products/boys-chunky-cotton-hoodie-denim-blue-stripe-b3280cbl?tc_ch=display&tc_ve=ba&tc_so=tradedesk&tc_me=pp&tc_ca=bau,,,59.00,59.00,https://cdn.shopify.com/s/files/1/0680/4619/2892/files/26bwin_b3280_cbl_9c17c18a-3ee9-49e4-acf0-886442696835.jpg?v=1&width=800,Boys,Boys,22/09/2026,https://us.boden.com/products/boys-chunky-cotton-hoodie-denim-blue-stripe-b3280cbl?tc_ch=display&tc_ve=ba&tc_so=tradedesk&tc_me=pp&tc_ca=bau,,,81,IN STOCK,,,Denim Blue Stripe,,,,TRUE,TRUE
55206537,55206537,55206537,Fair Isle Jumper Boden,https://us.boden.com/products/boys-fair-isle-jumper-multi-fairisle-b3072tws?tc_ch=display&tc_ve=ba&tc_so=tradedesk&tc_me=pp&tc_ca=bau,,,69.00,69.00,https://cdn.shopify.com/s/files/1/0680/4619/2892/files/26bwin_b3072_tws_m01.jpg?v=1&width=800,Boys,Boys,22/09/2026,https://us.boden.com/products/boys-fair-isle-jumper-multi-fairisle-b3072tws?tc_ch=display&tc_ve=ba&tc_so=tradedesk&tc_me=pp&tc_ca=bau,,,94,IN STOCK,,,Multi Fairisle,,,,TRUE,TRUE
55206396,55206396,55206396,Fair Isle Jumper Boden,https://us.boden.com/products/boys-fair-isle-jumper-charcoal-marl-space-b3072dgy?tc_ch=display&tc_ve=ba&tc_so=tradedesk&tc_me=pp&tc_ca=bau,,,69.00,69.00,https://cdn.shopify.com/s/files/1/0680/4619/2892/files/26bwin_b3072_dgy_3bbee30c-ed63-4e72-b28b-ead80003666e.jpg?v=1&width=800,Boys,Boys,22/09/2026,https://us.boden.com/products/boys-fair-isle-jumper-charcoal-marl-space-b3072dgy?tc_ch=display&tc_ve=ba&tc_so=tradedesk&tc_me=pp&tc_ca=bau,,,160,IN STOCK,,,Charcoal Marl Space,,,,TRUE,TRUE
55220936,55220936,55220936,Long Sleeve Glow T-shirt Boden,https://us.boden.com/products/boys-long-sleeve-glow-t-shirt-bottle-green-toxic-nature-b3086lgr?tc_ch=display&tc_ve=ba&tc_so=tradedesk&tc_me=pp&tc_ca=bau,,,32.00,32.00,https://cdn.shopify.com/s/files/1/0680/4619/2892/files/26bwin_b3086_lgr_m03_eaf7b537-59aa-4b8a-b19d-cfd627d14602.jpg?v=1&width=800,Boys,Boys,22/09/2026,https://us.boden.com/products/boys-long-sleeve-glow-t-shirt-bottle-green-toxic-nature-b3086lgr?tc_ch=display&tc_ve=ba&tc_so=tradedesk&tc_me=pp&tc_ca=bau,,,92,IN STOCK,,,"Bottle Green, Toxic Nature",,,,TRUE,TRUE
55203828,55203828,55203828,4-in-1 Waterproof Coat Boden,https://us.boden.com/products/boys-4-in-1-waterproof-coat-rust-b2864rst?tc_ch=display&tc_ve=ba&tc_so=tradedesk&tc_me=pp&tc_ca=bau,,,119.00,119.00,https://cdn.shopify.com/s/files/1/0680/4619/2892/files/26baut_b2864_rst_w01.jpg?v=1&width=800,Boys,Boys,22/09/2026,https://us.boden.com/products/boys-4-in-1-waterproof-coat-rust-b2864rst?tc_ch=display&tc_ve=ba&tc_so=tradedesk&tc_me=pp&tc_ca=bau,,,80,IN STOCK,,,Rust,,,,TRUE,TRUE
55203792,55203792,55203792,Heritage Half-Zip Sweater Boden,https://us.boden.com/products/boys-heritage-half-zip-sweater-camel-melange-b3074brn?tc_ch=display&tc_ve=ba&tc_so=tradedesk&tc_me=pp&tc_ca=bau,,,65.00,65.00,https://cdn.shopify.com/s/files/1/0680/4619/2892/files/26bwin_b3074_brn_a6d8606e-57c7-4a91-a01d-ca5be0a34993.jpg?v=1&width=800,Boys,Boys,22/09/2026,https://us.boden.com/products/boys-heritage-half-zip-sweater-camel-melange-b3074brn?tc_ch=display&tc_ve=ba&tc_so=tradedesk&tc_me=pp&tc_ca=bau,,,153,IN STOCK,,,Camel Melange,,,,TRUE,TRUE
55205067,55205067,55205067,Fun Padded Coat Boden,https://us.boden.com/products/girls-fun-padded-coat-pink-applique-metallic-hearts-g5701pin?tc_ch=display&tc_ve=ba&tc_so=tradedesk&tc_me=pp&tc_ca=bau,,,99.00,99.00,https://cdn.shopify.com/s/files/1/0680/4619/2892/files/26gwin_g5701_pin_m01_v1_ab570052-5673-4168-9708-ecb74ca26652.jpg?v=1&width=800,Girls,Girls,22/09/2026,https://us.boden.com/products/girls-fun-padded-coat-pink-applique-metallic-hearts-g5701pin?tc_ch=display&tc_ve=ba&tc_so=tradedesk&tc_me=pp&tc_ca=bau,,,151,IN STOCK,,,Pink Applique Metallic Hearts,,,,TRUE,TRUE
55204253,55204253,55204253,Pull-on Cord Pants Boden,https://us.boden.com/products/boys-pull-on-cord-pants-mallard-green-b3316sgr?tc_ch=display&tc_ve=ba&tc_so=tradedesk&tc_me=pp&tc_ca=bau,,,49.00,49.00,https://cdn.shopify.com/s/files/1/0680/4619/2892/files/26bwin_b3316_sgr_m01_v1_5a8f93bc-bedf-450f-8eb1-10da8db96a29.jpg?v=1&width=800,Boys,Boys,22/09/2026,https://us.boden.com/products/boys-pull-on-cord-pants-mallard-green-b3316sgr?tc_ch=display&tc_ve=ba&tc_so=tradedesk&tc_me=pp&tc_ca=bau,,,184,IN STOCK,,,MALLARD GREEN,,,,TRUE,TRUE
55205041,55205041,55205041,Eleanor Fair Isle Sweater Boden,https://us.boden.com/products/girls-eleanor-fair-isle-sweater-sweet-cherry-g5562pgr?tc_ch=display&tc_ve=ba&tc_so=tradedesk&tc_me=pp&tc_ca=bau,,,69.00,69.00,https://cdn.shopify.com/s/files/1/0680/4619/2892/files/26gwin_g5562_pgr_m01.jpg?v=1&width=800,Girls,Girls,22/09/2026,https://us.boden.com/products/girls-eleanor-fair-isle-sweater-sweet-cherry-g5562pgr?tc_ch=display&tc_ve=ba&tc_so=tradedesk&tc_me=pp&tc_ca=bau,,,116,IN STOCK,,,Sweet Cherry,,,,TRUE,TRUE
55233554,55233554,55233554,Frill Pointelle Top Boden,https://us.boden.com/products/girls-frill-pointelle-top-pink-g6176pnk?tc_ch=display&tc_ve=ba&tc_so=tradedesk&tc_me=pp&tc_ca=bau,,,39.00,39.00,https://cdn.shopify.com/s/files/1/0680/4619/2892/files/26gwin_g6176_pnk_v1_3c946a96-7dc2-4499-8d4b-31efb014ae45.jpg?v=1&width=800,Girls,Girls,22/09/2026,https://us.boden.com/products/girls-frill-pointelle-top-pink-g6176pnk?tc_ch=display&tc_ve=ba&tc_so=tradedesk&tc_me=pp&tc_ca=bau,,,284,IN STOCK,,,Pink,,,,TRUE,TRUE
55205914,55205914,55205914,Borg Mix Coat Boden,https://us.boden.com/products/women-borg-mix-coat-woodland-green-u0491khk?tc_ch=display&tc_ve=ba&tc_so=tradedesk&tc_me=pp&tc_ca=bau,,,270.00,270.00,https://cdn.shopify.com/s/files/1/0680/4619/2892/files/26wwin_u0491_khk_m01_3da8d848-9bb4-4f8b-bd30-34dacd5b6c09.jpg?v=1&width=800,Women,Women,22/09/2026,https://us.boden.com/products/women-borg-mix-coat-woodland-green-u0491khk?tc_ch=display&tc_ve=ba&tc_so=tradedesk&tc_me=pp&tc_ca=bau,,,121,IN STOCK,,,Woodland Green,,,,TRUE,TRUE
55206831,55206831,55206831,Aylesford Wool Coat Boden,https://us.boden.com/products/women-aylesford-wool-coat-black-u0494blk?tc_ch=display&tc_ve=ba&tc_so=tradedesk&tc_me=pp&tc_ca=bau,,,320.00,320.00,https://cdn.shopify.com/s/files/1/0680/4619/2892/files/26wwin_u0494_blk_m01.jpg?v=1&width=800,Women,Women,22/09/2026,https://us.boden.com/products/women-aylesford-wool-coat-black-u0494blk?tc_ch=display&tc_ve=ba&tc_so=tradedesk&tc_me=pp&tc_ca=bau,,,105,IN STOCK,,,Black,,,,TRUE,TRUE
55205305,55205305,55205305,Snug Long John Pajamas Boden,https://us.boden.com/products/boys-snug-long-john-pajamas-sausage-dogs-b2829spt?tc_ch=display&tc_ve=ba&tc_so=tradedesk&tc_me=pp&tc_ca=bau,,,45.00,45.00,https://cdn.shopify.com/s/files/1/0680/4619/2892/files/26bwin_b2829_spt_3474cf65-a48d-44b3-b14a-f9a2a021a0d9.jpg?v=1&width=800,Boys,Boys,22/09/2026,https://us.boden.com/products/boys-snug-long-john-pajamas-sausage-dogs-b2829spt?tc_ch=display&tc_ve=ba&tc_so=tradedesk&tc_me=pp&tc_ca=bau,,,117,IN STOCK,,,Sausage Dogs,,,,TRUE,TRUE
55220698,55220698,55220698,Long Sleeve Printed T-shirt Boden,https://us.boden.com/products/boys-long-sleeve-printed-t-shirt-red-steam-train-b3053red?tc_ch=display&tc_ve=ba&tc_so=tradedesk&tc_me=pp&tc_ca=bau,,,29.00,29.00,https://cdn.shopify.com/s/files/1/0680/4619/2892/files/26bwin_b3053_red_m01_7a5251a5-1495-4792-8d00-ff32ef9f5066.jpg?v=1&width=800,Boys,Boys,22/09/2026,https://us.boden.com/products/boys-long-sleeve-printed-t-shirt-red-steam-train-b3053red?tc_ch=display&tc_ve=ba&tc_so=tradedesk&tc_me=pp&tc_ca=bau,,,434,IN STOCK,,,Red Steam Train,,,,TRUE,TRUE
55205300,55205300,55205300,Val Button Cord Midi Skirt Boden,https://us.boden.com/products/women-val-button-cord-midi-skirt-gingerbread-r1000tan?tc_ch=display&tc_ve=ba&tc_so=tradedesk&tc_me=pp&tc_ca=bau,,,180.00,180.00,https://cdn.shopify.com/s/files/1/0680/4619/2892/files/26wwin_r1000_tan_m01_e35e079c-1f2a-4e6a-b9eb-d7085cdfdca2.jpg?v=1&width=800,Women,Women,22/09/2026,https://us.boden.com/products/women-val-button-cord-midi-skirt-gingerbread-r1000tan?tc_ch=display&tc_ve=ba&tc_so=tradedesk&tc_me=pp&tc_ca=bau,,,104,IN STOCK,,,Gingerbread,,,,TRUE,TRUE
55205329,55205329,55205329,Val Button Cord Midi Skirt Boden,https://us.boden.com/products/women-val-button-cord-midi-skirt-navy-r1000nav?tc_ch=display&tc_ve=ba&tc_so=tradedesk&tc_me=pp&tc_ca=bau,,,180.00,180.00,https://cdn.shopify.com/s/files/1/0680/4619/2892/files/26wwin_r1000_nav_m01_55d8ed35-cbe2-4237-9d03-8c7867ce73e2.jpg?v=1&width=800,Women,Women,22/09/2026,https://us.boden.com/products/women-val-button-cord-midi-skirt-navy-r1000nav?tc_ch=display&tc_ve=ba&tc_so=tradedesk&tc_me=pp&tc_ca=bau,,,165,IN STOCK,,,Navy,,,,TRUE,TRUE
55213344,55213344,55213344,Aylesford Longline Coat Boden,https://us.boden.com/products/women-aylesford-longline-coat-camel-swooping-hearts-u0521neu?tc_ch=display&tc_ve=ba&tc_so=tradedesk&tc_me=pp&tc_ca=bau,,,599.00,599.00,https://cdn.shopify.com/s/files/1/0680/4619/2892/files/26wwin_u0521_neu_m01_4054075f-1197-406c-9561-2c9554c156f2.jpg?v=1&width=800,Women,Women,22/09/2026,https://us.boden.com/products/women-aylesford-longline-coat-camel-swooping-hearts-u0521neu?tc_ch=display&tc_ve=ba&tc_so=tradedesk&tc_me=pp&tc_ca=bau,,,18,IN STOCK,,,Camel Swooping Hearts,,,,TRUE,TRUE
55219028,55219028,55219028,Pleated Midi Kilt Boden,https://us.boden.com/products/women-pleated-midi-kilt-navy-herringbone-r1014nvy?tc_ch=display&tc_ve=ba&tc_so=tradedesk&tc_me=pp&tc_ca=bau,,,299.00,299.00,https://cdn.shopify.com/s/files/1/0680/4619/2892/files/26wwin_r1014_nvy_m01_db3b6de5-b210-4435-bf6d-8ebcbcb294f0.jpg?v=1&width=800,Women,Women,22/09/2026,https://us.boden.com/products/women-pleated-midi-kilt-navy-herringbone-r1014nvy?tc_ch=display&tc_ve=ba&tc_so=tradedesk&tc_me=pp&tc_ca=bau,,,72,IN STOCK,,,Navy Herringbone,,,,TRUE,TRUE
55219650,55219650,55219650,Julia Darted Lace Shirt Boden,https://us.boden.com/products/women-julia-darted-lace-shirt-olive-t2189grn?tc_ch=display&tc_ve=ba&tc_so=tradedesk&tc_me=pp&tc_ca=bau,,,160.00,160.00,https://cdn.shopify.com/s/files/1/0680/4619/2892/files/26wwin_t2189_grn_m01_6104f7b3-639a-44aa-86ae-d0044af4bd77.jpg?v=1&width=800,Women,Women,22/09/2026,https://us.boden.com/products/women-julia-darted-lace-shirt-olive-t2189grn?tc_ch=display&tc_ve=ba&tc_so=tradedesk&tc_me=pp&tc_ca=bau,,,138,IN STOCK,,,Olive,,,,TRUE,TRUE
55206666,55206666,55206666,Authentic Waterproof Parka Boden,https://us.boden.com/products/boys-authentic-waterproof-parka-brunswick-green-b3297khk?tc_ch=display&tc_ve=ba&tc_so=tradedesk&tc_me=pp&tc_ca=bau,,,119.00,119.00,https://cdn.shopify.com/s/files/1/0680/4619/2892/files/26bwin_b3297_khk_m01_d6a1e1f1-7753-409b-8231-8564529476c3.jpg?v=1&width=800,Boys,Boys,22/09/2026,https://us.boden.com/products/boys-authentic-waterproof-parka-brunswick-green-b3297khk?tc_ch=display&tc_ve=ba&tc_so=tradedesk&tc_me=pp&tc_ca=bau,,,96,IN STOCK,,,Brunswick Green,,,,TRUE,TRUE
55220607,55220607,55220607,5-pack Twist Socks Boden,https://us.boden.com/products/girls-5-pack-twist-socks-multi-stripes-c1997mul?tc_ch=display&tc_ve=ba&tc_so=tradedesk&tc_me=pp&tc_ca=bau,,,36.00,36.00,https://cdn.shopify.com/s/files/1/0680/4619/2892/files/26gwin_c1997_mul_86b67628-1580-4bf2-ae7d-229884c83d05.jpg?v=1&width=800,Girls,Girls,22/09/2026,https://us.boden.com/products/girls-5-pack-twist-socks-multi-stripes-c1997mul?tc_ch=display&tc_ve=ba&tc_so=tradedesk&tc_me=pp&tc_ca=bau,,,376,IN STOCK,,,Multi Stripes,,,,TRUE,TRUE
55218440,55218440,55218440,7 Pack Ribbed Socks Boden,https://us.boden.com/products/boys-7-pack-ribbed-socks-multi-stripes-c1999str?tc_ch=display&tc_ve=ba&tc_so=tradedesk&tc_me=pp&tc_ca=bau,,,36.00,36.00,https://cdn.shopify.com/s/files/1/0680/4619/2892/files/26bwin_c1999_str.jpg?v=1&width=800,Boys,Boys,22/09/2026,https://us.boden.com/products/boys-7-pack-ribbed-socks-multi-stripes-c1999str?tc_ch=display&tc_ve=ba&tc_so=tradedesk&tc_me=pp&tc_ca=bau,,,410,IN STOCK,,,Multi Stripes,,,,TRUE,TRUE
55203116,55203116,55203116,Patterned Tights Boden,https://us.boden.com/products/girls-patterned-tights-argyle-c1736mlt?tc_ch=display&tc_ve=ba&tc_so=tradedesk&tc_me=pp&tc_ca=bau,,,20.00,20.00,https://cdn.shopify.com/s/files/1/0680/4619/2892/files/26gwin_c1736_mlt_987dcf90-dba4-4855-b2bd-7daa42fa90de.jpg?v=1&width=800,Girls,Girls,22/09/2026,https://us.boden.com/products/girls-patterned-tights-argyle-c1736mlt?tc_ch=display&tc_ve=ba&tc_so=tradedesk&tc_me=pp&tc_ca=bau,,,285,IN STOCK,,,Argyle,,,,TRUE,TRUE
55214910,55214910,55214910,Multi Panel Wool Blend Skirt Boden,https://us.boden.com/products/women-multi-panel-wool-blend-skirt-brown-hotch-check-r0988brn?tc_ch=display&tc_ve=ba&tc_so=tradedesk&tc_me=pp&tc_ca=bau,,,249.00,249.00,https://cdn.shopify.com/s/files/1/0680/4619/2892/files/26waut_r0988_brn_w01.jpg?v=1&width=800,Women,Women,22/09/2026,https://us.boden.com/products/women-multi-panel-wool-blend-skirt-brown-hotch-check-r0988brn?tc_ch=display&tc_ve=ba&tc_so=tradedesk&tc_me=pp&tc_ca=bau,,,81,IN STOCK,,,Brown Hotch Check,,,,TRUE,TRUE
55217304,55217304,55217304,Ribbed Knee Socks 3-Pack Boden,https://us.boden.com/products/women-ribbed-knee-socks-3-pack-multi-a2282mrl?tc_ch=display&tc_ve=ba&tc_so=tradedesk&tc_me=pp&tc_ca=bau,,,45.00,45.00,https://cdn.shopify.com/s/files/1/0680/4619/2892/files/26wwin_a2282_mrl_m01.jpg?v=1&width=800,Women,Women,22/09/2026,https://us.boden.com/products/women-ribbed-knee-socks-3-pack-multi-a2282mrl?tc_ch=display&tc_ve=ba&tc_so=tradedesk&tc_me=pp&tc_ca=bau,,,625,IN STOCK,,,Multi,,,,TRUE,TRUE
55231852,55231852,55231852,Short Ribbed Socks Boden,https://us.boden.com/products/women-short-ribbed-socks-multi-a2350mul?tc_ch=display&tc_ve=ba&tc_so=tradedesk&tc_me=pp&tc_ca=bau,,,39.00,39.00,https://cdn.shopify.com/s/files/1/0680/4619/2892/files/26wwin_a2350_mul_9aab3557-06d6-4f6c-9077-41479e2c9862.jpg?v=1&width=800,Women,Women,22/09/2026,https://us.boden.com/products/women-short-ribbed-socks-multi-a2350mul?tc_ch=display&tc_ve=ba&tc_so=tradedesk&tc_me=pp&tc_ca=bau,,,844,IN STOCK,,,Multi,,,,TRUE,TRUE
55217649,55217649,55217649,Cashmere Neckerchief Boden,https://us.boden.com/products/women-cashmere-neckerchief-poppy-red-camel-stripe-a2284red?tc_ch=display&tc_ve=ba&tc_so=tradedesk&tc_me=pp&tc_ca=bau,,,99.00,99.00,https://cdn.shopify.com/s/files/1/0680/4619/2892/files/26wwin_a2284_red_40dc7423-fb5c-403c-b3b6-528b8ae8d294.jpg?v=1&width=800,Women,Women,22/09/2026,https://us.boden.com/products/women-cashmere-neckerchief-poppy-red-camel-stripe-a2284red?tc_ch=display&tc_ve=ba&tc_so=tradedesk&tc_me=pp&tc_ca=bau,,,168,IN STOCK,,,Poppy Red/ Camel Stripe,,,,TRUE,TRUE
55208652,55208652,55208652,Fleur Cord Midi Dress Boden,https://us.boden.com/products/women-fleur-cord-midi-dress-brown-leopard-fields-d1790spt?tc_ch=display&tc_ve=ba&tc_so=tradedesk&tc_me=pp&tc_ca=bau,,,220.00,220.00,https://cdn.shopify.com/s/files/1/0680/4619/2892/files/26wwin_d1790_spt_m01_v1.jpg?v=1&width=800,Women,Women,22/09/2026,https://us.boden.com/products/women-fleur-cord-midi-dress-brown-leopard-fields-d1790spt?tc_ch=display&tc_ve=ba&tc_so=tradedesk&tc_me=pp&tc_ca=bau,,,79,IN STOCK,,,"Brown, Leopard Fields",,,,TRUE,TRUE
55215009,55215009,55215009,Aylesford Longline Coat Boden,https://us.boden.com/products/women-aylesford-longline-coat-herringbone-u0521pnk?tc_ch=display&tc_ve=ba&tc_so=tradedesk&tc_me=pp&tc_ca=bau,,,460.00,460.00,https://cdn.shopify.com/s/files/1/0680/4619/2892/files/26wwin_u0521_pnk_m01_7830f95e-ca49-4d26-9a57-ca48671d6c54.jpg?v=1&width=800,Women,Women,22/09/2026,https://us.boden.com/products/women-aylesford-longline-coat-herringbone-u0521pnk?tc_ch=display&tc_ve=ba&tc_so=tradedesk&tc_me=pp&tc_ca=bau,,,101,IN STOCK,,,Herringbone,,,,TRUE,TRUE
55201703,55201703,55201703,Iris Puff Sleeve Mariner Boden,https://us.boden.com/products/women-iris-puff-sleeve-mariner-winetasting-ivory-t2160pst?tc_ch=display&tc_ve=ba&tc_so=tradedesk&tc_me=pp&tc_ca=bau,,,89.00,89.00,https://cdn.shopify.com/s/files/1/0680/4619/2892/files/26wwin_t2160_pst_m01_b1446efc-392c-4fc0-aa0c-b937a2528e3e.jpg?v=1&width=800,Women,Women,22/09/2026,https://us.boden.com/products/women-iris-puff-sleeve-mariner-winetasting-ivory-t2160pst?tc_ch=display&tc_ve=ba&tc_so=tradedesk&tc_me=pp&tc_ca=bau,,,185,IN STOCK,,,Winetasting/ Ivory,,,,TRUE,TRUE
55216218,55216218,55216218,Stamford Wool Blazer Boden,https://us.boden.com/products/women-stamford-wool-blazer-blue-and-navy-herringbone-u0473blu?tc_ch=display&tc_ve=ba&tc_so=tradedesk&tc_me=pp&tc_ca=bau,,,299.00,299.00,https://cdn.shopify.com/s/files/1/0680/4619/2892/files/26wwin_u0473_blu_m01_6d133329-ad8f-4712-8e97-351f093857db.jpg?v=1&width=800,Women,Women,22/09/2026,https://us.boden.com/products/women-stamford-wool-blazer-blue-and-navy-herringbone-u0473blu?tc_ch=display&tc_ve=ba&tc_so=tradedesk&tc_me=pp&tc_ca=bau,,,7,IN STOCK,,,Blue and Navy Herringbone,,,,TRUE,TRUE
55216087,55216087,55216087,V Neck Wool Blend Waistcoat Boden,https://us.boden.com/products/women-v-neck-wool-blend-waistcoat-maroon-and-olive-check-u0474chk?tc_ch=display&tc_ve=ba&tc_so=tradedesk&tc_me=pp&tc_ca=bau,,,190.00,190.00,https://cdn.shopify.com/s/files/1/0680/4619/2892/files/26wwin_u0474_chk_m01_7e0c2691-c53a-4c86-aa81-0d6ae03c67c1.jpg?v=1&width=800,Women,Women,22/09/2026,https://us.boden.com/products/women-v-neck-wool-blend-waistcoat-maroon-and-olive-check-u0474chk?tc_ch=display&tc_ve=ba&tc_so=tradedesk&tc_me=pp&tc_ca=bau,,,47,IN STOCK,,,Maroon and Olive Check,,,,TRUE,TRUE
55226190,55226190,55226190,Jersey Velvet Ribbed Shirt Boden,https://us.boden.com/products/women-jersey-velvet-ribbed-shirt-maroon-t2267mpr?tc_ch=display&tc_ve=ba&tc_so=tradedesk&tc_me=pp&tc_ca=bau,,,99.00,99.00,https://cdn.shopify.com/s/files/1/0680/4619/2892/files/26wwin_t2267_mpr_m01.jpg?v=1&width=800,Women,Women,22/09/2026,https://us.boden.com/products/women-jersey-velvet-ribbed-shirt-maroon-t2267mpr?tc_ch=display&tc_ve=ba&tc_so=tradedesk&tc_me=pp&tc_ca=bau,,,151,IN STOCK,,,Maroon,,,,TRUE,TRUE
55204761,55204761,55204761,4-in-1 Waterproof Coat Boden,https://us.boden.com/products/girls-4-in-1-waterproof-coat-pink-heather-g5556pch?tc_ch=display&tc_ve=ba&tc_so=tradedesk&tc_me=pp&tc_ca=bau,,,119.00,119.00,https://cdn.shopify.com/s/files/1/0680/4619/2892/files/26gwin_g5556_pch_m01.jpg?v=1&width=800,Girls,Girls,22/09/2026,https://us.boden.com/products/girls-4-in-1-waterproof-coat-pink-heather-g5556pch?tc_ch=display&tc_ve=ba&tc_so=tradedesk&tc_me=pp&tc_ca=bau,,,134,IN STOCK,,,Pink Heather,,,,TRUE,TRUE
55209482,55209482,55209482,Chunky Cleated Sole Loafers Boden,https://us.boden.com/products/women-chunky-cleated-sole-loafers-chocolate-suede-a2253brm?tc_ch=display&tc_ve=ba&tc_so=tradedesk&tc_me=pp&tc_ca=bau,,,220.00,220.00,https://cdn.shopify.com/s/files/1/0680/4619/2892/files/26wwin_a2253_brm.jpg?v=1&width=800,Women,Women,22/09/2026,https://us.boden.com/products/women-chunky-cleated-sole-loafers-chocolate-suede-a2253brm?tc_ch=display&tc_ve=ba&tc_so=tradedesk&tc_me=pp&tc_ca=bau,,,57,IN STOCK,,,Chocolate Suede,,,,TRUE,TRUE
55206824,55206824,55206824,Garment Dye Waffle Mix Sweater Boden,https://us.boden.com/products/boys-garment-dye-waffle-mix-sweater-denim-blue-b3307blu?tc_ch=display&tc_ve=ba&tc_so=tradedesk&tc_me=pp&tc_ca=bau,,,55.00,55.00,https://cdn.shopify.com/s/files/1/0680/4619/2892/files/26bwin_b3307_blu_0f89cb2c-6be1-44c2-be21-3fb2311a3326.jpg?v=1&width=800,Boys,Boys,22/09/2026,https://us.boden.com/products/boys-garment-dye-waffle-mix-sweater-denim-blue-b3307blu?tc_ch=display&tc_ve=ba&tc_so=tradedesk&tc_me=pp&tc_ca=bau,,,125,IN STOCK,,,Denim Blue,,,,TRUE,TRUE
55205089,55205089,55205089,Edie Fair Isle Cardigan Boden,https://us.boden.com/products/girls-edie-fair-isle-cardigan-pink-heather-fair-isle-g5530pgr?tc_ch=display&tc_ve=ba&tc_so=tradedesk&tc_me=pp&tc_ca=bau,,,69.00,69.00,https://cdn.shopify.com/s/files/1/0680/4619/2892/files/26gaut_g5530_pgr_w01.jpg?v=1&width=800,Girls,Girls,22/09/2026,https://us.boden.com/products/girls-edie-fair-isle-cardigan-pink-heather-fair-isle-g5530pgr?tc_ch=display&tc_ve=ba&tc_so=tradedesk&tc_me=pp&tc_ca=bau,,,472,IN STOCK,,,Pink Heather Fair Isle,,,,TRUE,TRUE
55207929,55207929,55207929,Celia Wing Sleeve Dress Boden,https://us.boden.com/products/girls-celia-wing-sleeve-dress-port-bird-print-g6111red?tc_ch=display&tc_ve=ba&tc_so=tradedesk&tc_me=pp&tc_ca=bau,,,75.00,75.00,https://cdn.shopify.com/s/files/1/0680/4619/2892/files/26gwin_g6111_red_102eaedb-2735-49db-8575-e6909ce4f098.jpg?v=1&width=800,Girls,Girls,22/09/2026,https://us.boden.com/products/girls-celia-wing-sleeve-dress-port-bird-print-g6111red?tc_ch=display&tc_ve=ba&tc_so=tradedesk&tc_me=pp&tc_ca=bau,,,131,IN STOCK,,,Port Bird Print,,,,TRUE,TRUE
55206943,55206943,55206943,Wide Leg Overalls Boden,https://us.boden.com/products/girls-wide-leg-overalls-brown-leopard-g6106leo?tc_ch=display&tc_ve=ba&tc_so=tradedesk&tc_me=pp&tc_ca=bau,,,75.00,75.00,https://cdn.shopify.com/s/files/1/0680/4619/2892/files/26gwin_g6106_leo_491f53ea-aac9-405c-b663-cbc65ddce5c7.jpg?v=1&width=800,Girls,Girls,22/09/2026,https://us.boden.com/products/girls-wide-leg-overalls-brown-leopard-g6106leo?tc_ch=display&tc_ve=ba&tc_so=tradedesk&tc_me=pp&tc_ca=bau,,,76,IN STOCK,,,Brown Leopard,,,,TRUE,TRUE
55208423,55208423,55208423,Lou Cord Shift Dress Boden,https://us.boden.com/products/women-lou-cord-shift-dress-crimson-red-d1785red?tc_ch=display&tc_ve=ba&tc_so=tradedesk&tc_me=pp&tc_ca=bau,,,160.00,160.00,https://cdn.shopify.com/s/files/1/0680/4619/2892/files/26wwin_d1785_red_m01_13272a48-2387-4b77-acd6-40b7acc5243a.jpg?v=1&width=800,Women,Women,22/09/2026,https://us.boden.com/products/women-lou-cord-shift-dress-crimson-red-d1785red?tc_ch=display&tc_ve=ba&tc_so=tradedesk&tc_me=pp&tc_ca=bau,,,214,IN STOCK,,,Crimson Red,,,,TRUE,TRUE
55205386,55205386,55205386,High Rise Cord Slim Jeans Boden,https://us.boden.com/products/women-high-rise-cord-slim-jeans-burnt-henna-r0766brm?tc_ch=display&tc_ve=ba&tc_so=tradedesk&tc_me=pp&tc_ca=bau,,,140.00,140.00,https://cdn.shopify.com/s/files/1/0680/4619/2892/files/26wwin_r0766_brm_m01_a1d2f3b6-91d2-4662-9a0d-68fc2edb7474.jpg?v=1&width=800,Women,Women,22/09/2026,https://us.boden.com/products/women-high-rise-cord-slim-jeans-burnt-henna-r0766brm?tc_ch=display&tc_ve=ba&tc_so=tradedesk&tc_me=pp&tc_ca=bau,,,49,IN STOCK,,,Burnt Henna,,,,TRUE,TRUE
55208599,55208599,55208599,Camilla Cotton Crew Sweater Boden,https://us.boden.com/products/women-camilla-cotton-crew-sweater-black-k1280bla?tc_ch=display&tc_ve=ba&tc_so=tradedesk&tc_me=pp&tc_ca=bau,,,89.00,89.00,https://cdn.shopify.com/s/files/1/0680/4619/2892/files/26wwin_k1280_bla_m01_3999147f-e07c-4079-83db-21ed071f68e7.jpg?v=1&width=800,Women,Women,22/09/2026,https://us.boden.com/products/women-camilla-cotton-crew-sweater-black-k1280bla?tc_ch=display&tc_ve=ba&tc_so=tradedesk&tc_me=pp&tc_ca=bau,,,365,IN STOCK,,,Black,,,,TRUE,TRUE
55210344,55210344,55210344,Jessica Knitted Shirt Dress Boden,https://us.boden.com/products/women-jessica-knitted-shirt-dress-fall-leaf-evening-blue-d1824brn?tc_ch=display&tc_ve=ba&tc_so=tradedesk&tc_me=pp&tc_ca=bau,,,220.00,220.00,https://cdn.shopify.com/s/files/1/0680/4619/2892/files/26wwin_d1824_brn_m01_988fc116-02c8-4474-bed2-007ca3217937.jpg?v=1&width=800,Women,Women,22/09/2026,https://us.boden.com/products/women-jessica-knitted-shirt-dress-fall-leaf-evening-blue-d1824brn?tc_ch=display&tc_ve=ba&tc_so=tradedesk&tc_me=pp&tc_ca=bau,,,206,IN STOCK,,,Fall Leaf/ Evening Blue,,,,TRUE,TRUE
55235396,55235396,55235396,Tie Waist Ponte Dress Boden,https://us.boden.com/products/women-tie-waist-ponte-dress-beetroot-red-d1808red?tc_ch=display&tc_ve=ba&tc_so=tradedesk&tc_me=pp&tc_ca=bau,,,149.00,149.00,https://cdn.shopify.com/s/files/1/0680/4619/2892/files/26wwin_d1808_red_m01_v1.jpg?v=1&width=800,Women,Women,22/09/2026,https://us.boden.com/products/women-tie-waist-ponte-dress-beetroot-red-d1808red?tc_ch=display&tc_ve=ba&tc_so=tradedesk&tc_me=pp&tc_ca=bau,,,115,IN STOCK,,,Beetroot Red,,,,TRUE,TRUE
55212714,55212714,55212714,Zara Cord Short Dress Boden,https://us.boden.com/products/women-zara-cord-short-dress-storm-blue-d1829blu?tc_ch=display&tc_ve=ba&tc_so=tradedesk&tc_me=pp&tc_ca=bau,,,170.00,170.00,https://cdn.shopify.com/s/files/1/0680/4619/2892/files/26wwin_d1829_blu_m01_900d5dbc-c522-4956-9fa4-62c8ab44af27.jpg?v=1&width=800,Women,Women,22/09/2026,https://us.boden.com/products/women-zara-cord-short-dress-storm-blue-d1829blu?tc_ch=display&tc_ve=ba&tc_so=tradedesk&tc_me=pp&tc_ca=bau,,,109,IN STOCK,,,Storm Blue,,,,TRUE,TRUE
55203901,55203901,55203901,Belgravia Cord Pants Boden,https://us.boden.com/products/women-belgravia-cord-pants-midnight-teal-r0994grn?tc_ch=display&tc_ve=ba&tc_so=tradedesk&tc_me=pp&tc_ca=bau,,,180.00,180.00,https://cdn.shopify.com/s/files/1/0680/4619/2892/files/26wwin_r0994_grn_m01_12ea1e82-683a-4cb1-b62e-fbae1040c84a.jpg?v=1&width=800,Women,Women,22/09/2026,https://us.boden.com/products/women-belgravia-cord-pants-midnight-teal-r0994grn?tc_ch=display&tc_ve=ba&tc_so=tradedesk&tc_me=pp&tc_ca=bau,,,41,IN STOCK,,,Midnight Teal,,,,TRUE,TRUE
55205631,55205631,55205631,Evelyn Button Cord Wrap Skirt Boden,https://us.boden.com/products/women-evelyn-button-cord-wrap-skirt-navy-r0959nvy?tc_ch=display&tc_ve=ba&tc_so=tradedesk&tc_me=pp&tc_ca=bau,,,110.00,110.00,https://cdn.shopify.com/s/files/1/0680/4619/2892/files/26wwin_r0959_nvy_m01_51b8eff0-0310-4065-b69f-f0baf63b5767.jpg?v=1&width=800,Women,Women,22/09/2026,https://us.boden.com/products/women-evelyn-button-cord-wrap-skirt-navy-r0959nvy?tc_ch=display&tc_ve=ba&tc_so=tradedesk&tc_me=pp&tc_ca=bau,,,133,IN STOCK,,,Navy,,,,TRUE,TRUE
55209404,55209404,55209404,Stamford Cord Blazer Boden,https://us.boden.com/products/women-stamford-cord-blazer-midnight-teal-u0349dgr?tc_ch=display&tc_ve=ba&tc_so=tradedesk&tc_me=pp&tc_ca=bau,,,230.00,230.00,https://cdn.shopify.com/s/files/1/0680/4619/2892/files/26wwin_u0349_dgr_m01_4370aa3d-6377-4dae-9103-d41856435a4c.jpg?v=1&width=800,Women,Women,22/09/2026,https://us.boden.com/products/women-stamford-cord-blazer-midnight-teal-u0349dgr?tc_ch=display&tc_ve=ba&tc_so=tradedesk&tc_me=pp&tc_ca=bau,,,22,IN STOCK,,,Midnight Teal,,,,TRUE,TRUE
55220228,55220228,55220228,High Neck Jersey Top Boden,https://us.boden.com/products/women-high-neck-jersey-top-potting-soil-zebra-swirl-t2209brn?tc_ch=display&tc_ve=ba&tc_so=tradedesk&tc_me=pp&tc_ca=bau,,,79.00,79.00,https://cdn.shopify.com/s/files/1/0680/4619/2892/files/26wwin_t2209_brn_m01_3835f3f9-25ba-453e-9b63-3ee5b91bae0a.jpg?v=1&width=800,Women,Women,22/09/2026,https://us.boden.com/products/women-high-neck-jersey-top-potting-soil-zebra-swirl-t2209brn?tc_ch=display&tc_ve=ba&tc_so=tradedesk&tc_me=pp&tc_ca=bau,,,229,IN STOCK,,,"Potting Soil, Zebra Swirl",,,,TRUE,TRUE
55220180,55220180,55220180,High Neck Jersey Top Boden,https://us.boden.com/products/women-high-neck-jersey-top-black-t2209blk?tc_ch=display&tc_ve=ba&tc_so=tradedesk&tc_me=pp&tc_ca=bau,,,69.00,69.00,https://cdn.shopify.com/s/files/1/0680/4619/2892/files/26wwin_t2209_blk_m01_4b30dc74-4619-47a3-9190-fd76f1a5e3eb.jpg?v=1&width=800,Women,Women,22/09/2026,https://us.boden.com/products/women-high-neck-jersey-top-black-t2209blk?tc_ch=display&tc_ve=ba&tc_so=tradedesk&tc_me=pp&tc_ca=bau,,,223,IN STOCK,,,Black,,,,TRUE,TRUE
55206715,55206715,55206715,Thea Cord Shirt Boden,https://us.boden.com/products/women-thea-cord-shirt-midnight-teal-t2194grn?tc_ch=display&tc_ve=ba&tc_so=tradedesk&tc_me=pp&tc_ca=bau,,,99.00,99.00,https://cdn.shopify.com/s/files/1/0680/4619/2892/files/26wwin_t2194_grn_m01_f2039589-71c6-4aeb-a8fa-3a45026875ac.jpg?v=1&width=800,Women,Women,22/09/2026,https://us.boden.com/products/women-thea-cord-shirt-midnight-teal-t2194grn?tc_ch=display&tc_ve=ba&tc_so=tradedesk&tc_me=pp&tc_ca=bau,,,223,IN STOCK,,,Midnight Teal,,,,TRUE,TRUE
55207592,55207592,55207592,Rib Bow Trim Top Boden,https://us.boden.com/products/girls-rib-bow-trim-top-college-navy-g6133nav?tc_ch=display&tc_ve=ba&tc_so=tradedesk&tc_me=pp&tc_ca=bau,,,29.00,29.00,https://cdn.shopify.com/s/files/1/0680/4619/2892/files/26gwin_g6133_nav_6a3635cc-eeb5-4b57-8016-833ea1497322.jpg?v=1&width=800,Girls,Girls,22/09/2026,https://us.boden.com/products/girls-rib-bow-trim-top-college-navy-g6133nav?tc_ch=display&tc_ve=ba&tc_so=tradedesk&tc_me=pp&tc_ca=bau,,,270,IN STOCK,,,College Navy,,,,TRUE,TRUE
55213152,55213152,55213152,Jemma Jacquard Knit Cardigan Boden,https://us.boden.com/products/women-jemma-jacquard-knit-cardigan-raw-umber-argyle-k1321brn?tc_ch=display&tc_ve=ba&tc_so=tradedesk&tc_me=pp&tc_ca=bau,,,199.00,199.00,https://cdn.shopify.com/s/files/1/0680/4619/2892/files/26wwin_k1321_brn_w01.jpg?v=1&width=800,Women,Women,22/09/2026,https://us.boden.com/products/women-jemma-jacquard-knit-cardigan-raw-umber-argyle-k1321brn?tc_ch=display&tc_ve=ba&tc_so=tradedesk&tc_me=pp&tc_ca=bau,,,461,IN STOCK,,,"Raw Umber, Argyle",,,,TRUE,TRUE
55211265,55211265,55211265,Collared Cable Knit Sweater Boden,https://us.boden.com/products/women-collared-cable-knit-sweater-oatmeal-k1310oat?tc_ch=display&tc_ve=ba&tc_so=tradedesk&tc_me=pp&tc_ca=bau,,,220.00,220.00,https://cdn.shopify.com/s/files/1/0680/4619/2892/files/26wwin_k1310_oat_w01_c66dd58c-685a-4990-811c-8ed224be9e95.jpg?v=1&width=800,Women,Women,22/09/2026,https://us.boden.com/products/women-collared-cable-knit-sweater-oatmeal-k1310oat?tc_ch=display&tc_ve=ba&tc_so=tradedesk&tc_me=pp&tc_ca=bau,,,304,IN STOCK,,,Oatmeal,,,,TRUE,TRUE
55214808,55214808,55214808,Marta Merino Wool T-shirt Boden,https://us.boden.com/products/women-marta-merino-wool-t-shirt-navy-k1309nav?tc_ch=display&tc_ve=ba&tc_so=tradedesk&tc_me=pp&tc_ca=bau,,,149.00,149.00,https://cdn.shopify.com/s/files/1/0680/4619/2892/files/26wwin_k1309_nav_m01_585d04c1-0f9a-4e96-8416-882131ab0afd.jpg?v=1&width=800,Women,Women,22/09/2026,https://us.boden.com/products/women-marta-merino-wool-t-shirt-navy-k1309nav?tc_ch=display&tc_ve=ba&tc_so=tradedesk&tc_me=pp&tc_ca=bau,,,15,IN STOCK,,,Navy,,,,TRUE,TRUE
55211118,55211118,55211118,Marta Merino Wool Crew Sweater Boden,https://us.boden.com/products/women-marta-merino-wool-crew-sweater-juicy-apple-k1306grn?tc_ch=display&tc_ve=ba&tc_so=tradedesk&tc_me=pp&tc_ca=bau,,,180.00,180.00,https://cdn.shopify.com/s/files/1/0680/4619/2892/files/26wwin_k1306_grn_m01.jpg?v=1&width=800,Women,Women,22/09/2026,https://us.boden.com/products/women-marta-merino-wool-crew-sweater-juicy-apple-k1306grn?tc_ch=display&tc_ve=ba&tc_so=tradedesk&tc_me=pp&tc_ca=bau,,,258,IN STOCK,,,Juicy Apple,,,,TRUE,TRUE
55211031,55211031,55211031,Marta Merino Wool Crew Sweater Boden,https://us.boden.com/products/women-marta-merino-wool-crew-sweater-blue-aura-k1306lbl?tc_ch=display&tc_ve=ba&tc_so=tradedesk&tc_me=pp&tc_ca=bau,,,180.00,180.00,https://cdn.shopify.com/s/files/1/0680/4619/2892/files/26wwin_k1306_lbl_m01.jpg?v=1&width=800,Women,Women,22/09/2026,https://us.boden.com/products/women-marta-merino-wool-crew-sweater-blue-aura-k1306lbl?tc_ch=display&tc_ve=ba&tc_so=tradedesk&tc_me=pp&tc_ca=bau,,,6,IN STOCK,,,Blue Aura,,,,TRUE,TRUE
55211220,55211220,55211220,Ariadne Wool Blend Cardigan Boden,https://us.boden.com/products/women-ariadne-wool-blend-cardigan-navy-argyle-k1327nvy?tc_ch=display&tc_ve=ba&tc_so=tradedesk&tc_me=pp&tc_ca=bau,,,199.00,199.00,https://cdn.shopify.com/s/files/1/0680/4619/2892/files/26wwin_k1327_nvy_m01_dd5a4a48-5d38-4088-8fea-39c629f8fe66.jpg?v=1&width=800,Women,Women,22/09/2026,https://us.boden.com/products/women-ariadne-wool-blend-cardigan-navy-argyle-k1327nvy?tc_ch=display&tc_ve=ba&tc_so=tradedesk&tc_me=pp&tc_ca=bau,,,232,IN STOCK,,,Navy Argyle,,,,TRUE,TRUE
55211834,55211834,55211834,Ariadne Wool Blend Sweater Boden,https://us.boden.com/products/women-ariadne-wool-blend-sweater-orange-argyle-k1328org?tc_ch=display&tc_ve=ba&tc_so=tradedesk&tc_me=pp&tc_ca=bau,,,220.00,220.00,https://cdn.shopify.com/s/files/1/0680/4619/2892/files/26wwin_k1328_org_m01_c0e7733c-9233-4730-8a04-4b00ab2e718f.jpg?v=1&width=800,Women,Women,22/09/2026,https://us.boden.com/products/women-ariadne-wool-blend-sweater-orange-argyle-k1328org?tc_ch=display&tc_ve=ba&tc_so=tradedesk&tc_me=pp&tc_ca=bau,,,136,IN STOCK,,,Orange Argyle,,,,TRUE,TRUE
55211070,55211070,55211070,Marta Merino Wool Crew Sweater Boden,https://us.boden.com/products/women-marta-merino-wool-crew-sweater-potent-purple-k1306pur?tc_ch=display&tc_ve=ba&tc_so=tradedesk&tc_me=pp&tc_ca=bau,,,180.00,180.00,https://cdn.shopify.com/s/files/1/0680/4619/2892/files/26wwin_k1306_pur_m01_c3135d72-6f0a-4d68-ba37-73abbb939989.jpg?v=1&width=800,Women,Women,22/09/2026,https://us.boden.com/products/women-marta-merino-wool-crew-sweater-potent-purple-k1306pur?tc_ch=display&tc_ve=ba&tc_so=tradedesk&tc_me=pp&tc_ca=bau,,,314,IN STOCK,,,Potent Purple,,,,TRUE,TRUE
55226000,55226000,55226000,Velvet Trim Ribbed Cardigan Boden,https://us.boden.com/products/women-velvet-trim-ribbed-cardigan-green-pine-t2265grn?tc_ch=display&tc_ve=ba&tc_so=tradedesk&tc_me=pp&tc_ca=bau,,,89.00,89.00,https://cdn.shopify.com/s/files/1/0680/4619/2892/files/26wwin_t2265_grn_m01.jpg?v=1&width=800,Women,Women,22/09/2026,https://us.boden.com/products/women-velvet-trim-ribbed-cardigan-green-pine-t2265grn?tc_ch=display&tc_ve=ba&tc_so=tradedesk&tc_me=pp&tc_ca=bau,,,331,IN STOCK,,,Green Pine,,,,TRUE,TRUE
55208377,55208377,55208377,Lou Cord Shift Dress Boden,https://us.boden.com/products/women-lou-cord-shift-dress-navy-d1785nav?tc_ch=display&tc_ve=ba&tc_so=tradedesk&tc_me=pp&tc_ca=bau,,,160.00,160.00,https://cdn.shopify.com/s/files/1/0680/4619/2892/files/26wwin_d1785_nav_m01.jpg?v=1&width=800,Women,Women,22/09/2026,https://us.boden.com/products/women-lou-cord-shift-dress-navy-d1785nav?tc_ch=display&tc_ve=ba&tc_so=tradedesk&tc_me=pp&tc_ca=bau,,,207,IN STOCK,,,Navy,,,,TRUE,TRUE
55229776,55229776,55229776,Pull-On Jeans Boden,https://us.boden.com/products/boys-pull-on-jeans-dark-wash-b3336den?tc_ch=display&tc_ve=ba&tc_so=tradedesk&tc_me=pp&tc_ca=bau,,,49.00,49.00,https://cdn.shopify.com/s/files/1/0680/4619/2892/files/26bwin_b3336_den_4d486993-4ebf-4287-a103-17a7ee220e73.jpg?v=1&width=800,Boys,Boys,22/09/2026,https://us.boden.com/products/boys-pull-on-jeans-dark-wash-b3336den?tc_ch=display&tc_ve=ba&tc_so=tradedesk&tc_me=pp&tc_ca=bau,,,87,IN STOCK,,,Dark Wash,,,,TRUE,TRUE
55233388,55233388,55233388,Statement Jewel Necklace Boden,https://us.boden.com/products/women-statement-jewel-necklace-smoke-a2328grm?tc_ch=display&tc_ve=ba&tc_so=tradedesk&tc_me=pp&tc_ca=bau,,,110.00,110.00,https://cdn.shopify.com/s/files/1/0680/4619/2892/files/26wwin_a2328_grm_m01.jpg?v=1&width=800,Women,Women,22/09/2026,https://us.boden.com/products/women-statement-jewel-necklace-smoke-a2328grm?tc_ch=display&tc_ve=ba&tc_so=tradedesk&tc_me=pp&tc_ca=bau,,,109,IN STOCK,,,Smoke,,,,TRUE,TRUE
55139757,55139757,55139757,Olivia Short Sleeve Breton Boden,https://us.boden.com/products/women-olivia-short-sleeve-breton-navy-ivory-t2056nav?tc_ch=display&tc_ve=ba&tc_so=tradedesk&tc_me=pp&tc_ca=bau,,,45.00,45.00,https://cdn.shopify.com/s/files/1/0680/4619/2892/files/26wspr_t2056_nav_m01_69dad6c3-1c99-435d-af9e-63730e7360ef.jpg?v=1&width=800,Women,Women,22/09/2026,https://us.boden.com/products/women-olivia-short-sleeve-breton-navy-ivory-t2056nav?tc_ch=display&tc_ve=ba&tc_so=tradedesk&tc_me=pp&tc_ca=bau,,,162,IN STOCK,,,"Navy, Ivory",,,,TRUE,TRUE
55171570,55171570,55171570,Cotton Crew Neck T-shirt Boden,https://us.boden.com/products/women-cotton-crew-neck-t-shirt-white-t2135wht?tc_ch=display&tc_ve=ba&tc_so=tradedesk&tc_me=pp&tc_ca=bau,,,45.00,45.00,https://cdn.shopify.com/s/files/1/0680/4619/2892/files/26wspr_t2135_wht_m01_v1_bcb0f0cd-d02c-4638-b301-54313323581a.jpg?v=1&width=800,Women,Women,22/09/2026,https://us.boden.com/products/women-cotton-crew-neck-t-shirt-white-t2135wht?tc_ch=display&tc_ve=ba&tc_so=tradedesk&tc_me=pp&tc_ca=bau,,,576,IN STOCK,,,White,,,,TRUE,TRUE
55139491,55139491,55139491,Arles Swimsuit Boden,https://us.boden.com/products/women-arles-swimsuit-multi-wavy-stripe-s0455mul?tc_ch=display&tc_ve=ba&tc_so=tradedesk&tc_me=pp&tc_ca=bau,,,104.30,149.00,https://cdn.shopify.com/s/files/1/0680/4619/2892/files/26wspr_s0455_mul_m01_9b67a9f8-c65c-4811-9063-48bec3a5917f.jpg?v=1&width=800,Women,Women,22/09/2026,https://us.boden.com/products/women-arles-swimsuit-multi-wavy-stripe-s0455mul?tc_ch=display&tc_ve=ba&tc_so=tradedesk&tc_me=pp&tc_ca=bau,,,18,IN STOCK,,,"Multi, Wavy Stripe",,,,TRUE,TRUE
55142111,55142111,55142111,Barrel Leg Chino Pants Boden,https://us.boden.com/products/women-barrel-leg-chino-pants-vintage-rose-r0904pnk?tc_ch=display&tc_ve=ba&tc_so=tradedesk&tc_me=pp&tc_ca=bau,,,43.99,110.00,https://cdn.shopify.com/s/files/1/0680/4619/2892/files/26wspr_r0904_pnk_m01_v2.jpg?v=1&width=800,Women,Women,22/09/2026,https://us.boden.com/products/women-barrel-leg-chino-pants-vintage-rose-r0904pnk?tc_ch=display&tc_ve=ba&tc_so=tradedesk&tc_me=pp&tc_ca=bau,,,9,IN STOCK,,,Vintage Rose,,,,TRUE,TRUE
55139576,55139576,55139576,Arles Bikini Top Boden,https://us.boden.com/products/women-arles-bikini-top-multi-wavy-stripe-s0459mul?tc_ch=display&tc_ve=ba&tc_so=tradedesk&tc_me=pp&tc_ca=bau,,,62.30,89.00,https://cdn.shopify.com/s/files/1/0680/4619/2892/files/26wspr_s0459_mul_m01.jpg?v=1&width=800,Women,Women,22/09/2026,https://us.boden.com/products/women-arles-bikini-top-multi-wavy-stripe-s0459mul?tc_ch=display&tc_ve=ba&tc_so=tradedesk&tc_me=pp&tc_ca=bau,,,46,IN STOCK,,,"Multi, Wavy Stripe",,,,TRUE,TRUE
55153575,55153575,55153575,Pleated Wide Leg Jeans Boden,https://us.boden.com/products/women-pleated-wide-leg-jeans-indigo-rinse-r0894ind?tc_ch=display&tc_ve=ba&tc_so=tradedesk&tc_me=pp&tc_ca=bau,,,75.99,190.00,https://cdn.shopify.com/s/files/1/0680/4619/2892/files/26wspr_r0894_ind_m01_v5.jpg?v=1&width=800,Women,Women,22/09/2026,https://us.boden.com/products/women-pleated-wide-leg-jeans-indigo-rinse-r0894ind?tc_ch=display&tc_ve=ba&tc_so=tradedesk&tc_me=pp&tc_ca=bau,,,21,IN STOCK,,,Indigo Rinse,,,,TRUE,TRUE
55161792,55161792,55161792,Eva Cashmere Crew Cardigan Boden,https://us.boden.com/products/women-eva-cashmere-crew-cardigan-clover-purple-k0862mpr?tc_ch=display&tc_ve=ba&tc_so=tradedesk&tc_me=pp&tc_ca=bau,,,152.00,190.00,https://cdn.shopify.com/s/files/1/0680/4619/2892/files/26wspr_k0862_mpr_m01_9d583140-c365-4fae-a78d-f2d40ceea626.jpg?v=1&width=800,Women,Women,22/09/2026,https://us.boden.com/products/women-eva-cashmere-crew-cardigan-clover-purple-k0862mpr?tc_ch=display&tc_ve=ba&tc_so=tradedesk&tc_me=pp&tc_ca=bau,,,18,IN STOCK,,,Clover Purple,,,,TRUE,TRUE
55161883,55161883,55161883,Eva Cashmere Crew Cardigan Boden,https://us.boden.com/products/women-eva-cashmere-crew-cardigan-sapling-green-k0862lgr?tc_ch=display&tc_ve=ba&tc_so=tradedesk&tc_me=pp&tc_ca=bau,,,152.00,190.00,https://cdn.shopify.com/s/files/1/0680/4619/2892/files/26wspr_k0862_lgr_m01_cada0851-c85a-4203-a8ec-ba8da9895534.jpg?v=1&width=800,Women,Women,22/09/2026,https://us.boden.com/products/women-eva-cashmere-crew-cardigan-sapling-green-k0862lgr?tc_ch=display&tc_ve=ba&tc_so=tradedesk&tc_me=pp&tc_ca=bau,,,31,IN STOCK,,,Sapling Green,,,,TRUE,TRUE
55171248,55171248,55171248,Cotton Crew Neck T-shirt Boden,https://us.boden.com/products/women-cotton-crew-neck-t-shirt-vintage-rose-t2135pnk?tc_ch=display&tc_ve=ba&tc_so=tradedesk&tc_me=pp&tc_ca=bau,,,27.00,45.00,https://cdn.shopify.com/s/files/1/0680/4619/2892/files/26wspr_t2135_pnk_m01.jpg?v=1&width=800,Women,Women,22/09/2026,https://us.boden.com/products/women-cotton-crew-neck-t-shirt-vintage-rose-t2135pnk?tc_ch=display&tc_ve=ba&tc_so=tradedesk&tc_me=pp&tc_ca=bau,,,27,IN STOCK,,,Vintage Rose,,,,TRUE,TRUE
55170656,55170656,55170656,Kensington Wide Leg Pants Boden,https://us.boden.com/products/women-kensington-wide-leg-pants-blue-and-ivory-stripe-r0857bst?tc_ch=display&tc_ve=ba&tc_so=tradedesk&tc_me=pp&tc_ca=bau,,,132.00,220.00,https://cdn.shopify.com/s/files/1/0680/4619/2892/files/26wspr_r0857_bst_m01.jpg?v=1&width=800,Women,Women,22/09/2026,https://us.boden.com/products/women-kensington-wide-leg-pants-blue-and-ivory-stripe-r0857bst?tc_ch=display&tc_ve=ba&tc_so=tradedesk&tc_me=pp&tc_ca=bau,,,46,IN STOCK,,,Blue and Ivory Stripe,,,,TRUE,TRUE
55145635,55145635,55145635,Short Sleeve Pointelle Top Boden,https://us.boden.com/products/girls-short-sleeve-pointelle-top-lotus-daisy-g5259ppk?tc_ch=display&tc_ve=ba&tc_so=tradedesk&tc_me=pp&tc_ca=bau,,,15.40,22.00,https://cdn.shopify.com/s/files/1/0680/4619/2892/files/26gspr_g5259_ppk_v4_95a4b512-6c55-4711-8cf7-6c1160facee4.jpg?v=1&width=800,Girls,Girls,22/09/2026,https://us.boden.com/products/girls-short-sleeve-pointelle-top-lotus-daisy-g5259ppk?tc_ch=display&tc_ve=ba&tc_so=tradedesk&tc_me=pp&tc_ca=bau,,,198,IN STOCK,,,Lotus Daisy,,,,TRUE,TRUE
55154329,55154329,55154329,Embroidered Slub Polo Shirt Boden,https://us.boden.com/products/boys-embroidered-slub-polo-shirt-green-sheep-b2978pgr?tc_ch=display&tc_ve=ba&tc_so=tradedesk&tc_me=pp&tc_ca=bau,,,27.30,39.00,https://cdn.shopify.com/s/files/1/0680/4619/2892/files/26bspr_b2978_pgr_7c3fbb58-0b20-4cd4-94e6-55be3271eb3c.jpg?v=1&width=800,Boys,Boys,22/09/2026,https://us.boden.com/products/boys-embroidered-slub-polo-shirt-green-sheep-b2978pgr?tc_ch=display&tc_ve=ba&tc_so=tradedesk&tc_me=pp&tc_ca=bau,,,41,IN STOCK,,,Green Sheep,,,,TRUE,TRUE
55148281,55148281,55148281,Classic Fold Bikini Bottoms Boden,https://us.boden.com/products/women-classic-fold-bikini-bottoms-blue-ornamental-stamp-s0154blu?tc_ch=display&tc_ve=ba&tc_so=tradedesk&tc_me=pp&tc_ca=bau,,,69.30,99.00,https://cdn.shopify.com/s/files/1/0680/4619/2892/files/26wspr_s0154_blu_m01.jpg?v=1&width=800,Women,Women,22/09/2026,https://us.boden.com/products/women-classic-fold-bikini-bottoms-blue-ornamental-stamp-s0154blu?tc_ch=display&tc_ve=ba&tc_so=tradedesk&tc_me=pp&tc_ca=bau,,,27,IN STOCK,,,"Blue, Ornamental Stamp",,,,TRUE,TRUE
55144758,55144758,55144758,Relaxed Towelling Hoodie Boden,https://us.boden.com/products/girls-relaxed-towelling-hoodie-multi-wave-stripe-g5873mul?tc_ch=display&tc_ve=ba&tc_so=tradedesk&tc_me=pp&tc_ca=bau,,,38.50,55.00,https://cdn.shopify.com/s/files/1/0680/4619/2892/files/26gspr_g5873_mul_73ed7474-f638-4eaa-bc0a-c4c5c1afd7a9.jpg?v=1&width=800,Girls,Girls,22/09/2026,https://us.boden.com/products/girls-relaxed-towelling-hoodie-multi-wave-stripe-g5873mul?tc_ch=display&tc_ve=ba&tc_so=tradedesk&tc_me=pp&tc_ca=bau,,,22,IN STOCK,,,Multi Wave Stripe,,,,TRUE,TRUE
55144997,55144997,55144997,Tulle Ruffle Skirt Boden,https://us.boden.com/products/girls-tulle-ruffle-skirt-soft-ivory-florabunda-g5829mul?tc_ch=display&tc_ve=ba&tc_so=tradedesk&tc_me=pp&tc_ca=bau,,,39.00,65.00,https://cdn.shopify.com/s/files/1/0680/4619/2892/files/26gspr_g5829_mul_a81e8844-d721-43bf-be83-68af430b367c.jpg?v=1&width=800,Girls,Girls,22/09/2026,https://us.boden.com/products/girls-tulle-ruffle-skirt-soft-ivory-florabunda-g5829mul?tc_ch=display&tc_ve=ba&tc_so=tradedesk&tc_me=pp&tc_ca=bau,,,18,IN STOCK,,,Soft Ivory Florabunda,,,,TRUE,TRUE
55137609,55137609,55137609,Rhodes Cup Sized Bikini Top Boden,https://us.boden.com/products/women-rhodes-cup-sized-bikini-top-chocberry-ivory-stripe-s0377prp?tc_ch=display&tc_ve=ba&tc_so=tradedesk&tc_me=pp&tc_ca=bau,,,59.40,99.00,https://cdn.shopify.com/s/files/1/0680/4619/2892/files/26wspr_s0377_prp_m01_7be7d153-1732-4420-85c2-bf50324ef3e4.jpg?v=1&width=800,Women,Women,22/09/2026,https://us.boden.com/products/women-rhodes-cup-sized-bikini-top-chocberry-ivory-stripe-s0377prp?tc_ch=display&tc_ve=ba&tc_so=tradedesk&tc_me=pp&tc_ca=bau,,,46,IN STOCK,,,"Chocberry, Ivory Stripe",,,,TRUE,TRUE
55139344,55139344,55139344,Arles Swimsuit Boden,https://us.boden.com/products/women-arles-swimsuit-black-s0455bla?tc_ch=display&tc_ve=ba&tc_so=tradedesk&tc_me=pp&tc_ca=bau,,,140.00,140.00,https://cdn.shopify.com/s/files/1/0680/4619/2892/files/26wspr_s0455_bla_m01_v1_13f48f52-8418-4df5-95b3-920a73e9db17.jpg?v=1&width=800,Women,Women,22/09/2026,https://us.boden.com/products/women-arles-swimsuit-black-s0455bla?tc_ch=display&tc_ve=ba&tc_so=tradedesk&tc_me=pp&tc_ca=bau,,,209,IN STOCK,,,Black,,,,TRUE,TRUE
55139362,55139362,55139362,Arles Bikini Top Boden,https://us.boden.com/products/women-arles-bikini-top-black-s0459blk?tc_ch=display&tc_ve=ba&tc_so=tradedesk&tc_me=pp&tc_ca=bau,,,89.00,89.00,https://cdn.shopify.com/s/files/1/0680/4619/2892/files/26wspr_s0459_blk_m01_v1.jpg?v=1&width=800,Women,Women,22/09/2026,https://us.boden.com/products/women-arles-bikini-top-black-s0459blk?tc_ch=display&tc_ve=ba&tc_so=tradedesk&tc_me=pp&tc_ca=bau,,,214,IN STOCK,,,Black,,,,TRUE,TRUE
55138837,55138837,55138837,Belgravia Linen Pants Boden,https://us.boden.com/products/women-belgravia-linen-pants-navy-r0853nvy?tc_ch=display&tc_ve=ba&tc_so=tradedesk&tc_me=pp&tc_ca=bau,,,96.00,160.00,https://cdn.shopify.com/s/files/1/0680/4619/2892/files/26wspr_r0853_nvy_m01_v3.jpg?v=1&width=800,Women,Women,22/09/2026,https://us.boden.com/products/women-belgravia-linen-pants-navy-r0853nvy?tc_ch=display&tc_ve=ba&tc_so=tradedesk&tc_me=pp&tc_ca=bau,,,29,IN STOCK,,,Navy,,,,TRUE,TRUE
55137454,55137454,55137454,Rash Guard Swim Shorts Boden,https://us.boden.com/products/women-rash-guard-swim-shorts-navy-colourblock-s0432nav?tc_ch=display&tc_ve=ba&tc_so=tradedesk&tc_me=pp&tc_ca=bau,,,99.00,99.00,https://cdn.shopify.com/s/files/1/0680/4619/2892/files/26wspr_s0432_nav_m01_v1.jpg?v=1&width=800,Women,Women,22/09/2026,https://us.boden.com/products/women-rash-guard-swim-shorts-navy-colourblock-s0432nav?tc_ch=display&tc_ve=ba&tc_so=tradedesk&tc_me=pp&tc_ca=bau,,,33,IN STOCK,,,"Navy, Colourblock",,,,TRUE,TRUE
55145354,55145354,55145354,Rosa Halter Linen Midi Dress Boden,https://us.boden.com/products/women-rosa-halter-linen-midi-dress-burnt-orange-d1540brn?tc_ch=display&tc_ve=ba&tc_so=tradedesk&tc_me=pp&tc_ca=bau,,,109.99,220.00,https://cdn.shopify.com/s/files/1/0680/4619/2892/files/26wspr_d1540_brn_m01_5fdf3eeb-7a06-442e-bc1c-f66d2b15bb8d.jpg?v=1&width=800,Women,Women,22/09/2026,https://us.boden.com/products/women-rosa-halter-linen-midi-dress-burnt-orange-d1540brn?tc_ch=display&tc_ve=ba&tc_so=tradedesk&tc_me=pp&tc_ca=bau,,,26,IN STOCK,,,Burnt Orange,,,,TRUE,TRUE
55158730,55158730,55158730,Smocked Jersey Dress Boden,https://us.boden.com/products/women-smocked-jersey-dress-merida-red-decorative-blossom-d1365red?tc_ch=display&tc_ve=ba&tc_so=tradedesk&tc_me=pp&tc_ca=bau,,,152.00,190.00,https://cdn.shopify.com/s/files/1/0680/4619/2892/files/26wspr_d1365_red_m01_d2e244a9-9e31-484c-b347-55d40d8d1bb9.jpg?v=1&width=800,Women,Women,22/09/2026,https://us.boden.com/products/women-smocked-jersey-dress-merida-red-decorative-blossom-d1365red?tc_ch=display&tc_ve=ba&tc_so=tradedesk&tc_me=pp&tc_ca=bau,,,8,IN STOCK,,,"Merida Red, Decorative Blossom",,,,TRUE,TRUE
55146364,55146364,55146364,Mykonos Deep V Bikini Top Boden,https://us.boden.com/products/women-mykonos-deep-v-bikini-top-navy-rhythmic-wave-s0461nav?tc_ch=display&tc_ve=ba&tc_so=tradedesk&tc_me=pp&tc_ca=bau,,,62.30,89.00,https://cdn.shopify.com/s/files/1/0680/4619/2892/files/26wspr_s0461_nav_m01_v1_63fd2614-069f-4200-bfee-968c61ccb7aa.jpg?v=1&width=800,Women,Women,22/09/2026,https://us.boden.com/products/women-mykonos-deep-v-bikini-top-navy-rhythmic-wave-s0461nav?tc_ch=display&tc_ve=ba&tc_so=tradedesk&tc_me=pp&tc_ca=bau,,,62,IN STOCK,,,"Navy, Rhythmic wave",,,,TRUE,TRUE
55146235,55146235,55146235,Arles Swimsuit Boden,https://us.boden.com/products/women-arles-swimsuit-pink-ornamental-trellis-s0455pnk?tc_ch=display&tc_ve=ba&tc_so=tradedesk&tc_me=pp&tc_ca=bau,,,104.30,149.00,https://cdn.shopify.com/s/files/1/0680/4619/2892/files/26wspr_s0455_pnk_m01_3fedd8cd-c20d-494c-8995-799bd083d381.jpg?v=1&width=800,Women,Women,22/09/2026,https://us.boden.com/products/women-arles-swimsuit-pink-ornamental-trellis-s0455pnk?tc_ch=display&tc_ve=ba&tc_so=tradedesk&tc_me=pp&tc_ca=bau,,,41,IN STOCK,,,"Pink, Ornamental Trellis",,,,TRUE,TRUE
55146586,55146586,55146586,Cannes Cross Wrap Swimsuit Boden,https://us.boden.com/products/women-cannes-cross-wrap-swimsuit-navy-s0448nav?tc_ch=display&tc_ve=ba&tc_so=tradedesk&tc_me=pp&tc_ca=bau,,,104.30,149.00,https://cdn.shopify.com/s/files/1/0680/4619/2892/files/26wspr_s0448_nav_m01_v2_55a4c4c9-84c5-49f3-b6f4-5626a3cacf10.jpg?v=1&width=800,Women,Women,22/09/2026,https://us.boden.com/products/women-cannes-cross-wrap-swimsuit-navy-s0448nav?tc_ch=display&tc_ve=ba&tc_so=tradedesk&tc_me=pp&tc_ca=bau,,,87,IN STOCK,,,Navy,,,,TRUE,TRUE
55159077,55159077,55159077,Quinn Boyfriend Cardigan Boden,https://us.boden.com/products/women-quinn-boyfriend-cardigan-neutral-argyle-k0979neu?tc_ch=display&tc_ve=ba&tc_so=tradedesk&tc_me=pp&tc_ca=bau,,,132.00,220.00,https://cdn.shopify.com/s/files/1/0680/4619/2892/files/26wspr_k0979_neu_m01_v2_8c87f397-4b82-4a39-ab22-39df6a1e4963.jpg?v=1&width=800,Women,Women,22/09/2026,https://us.boden.com/products/women-quinn-boyfriend-cardigan-neutral-argyle-k0979neu?tc_ch=display&tc_ve=ba&tc_so=tradedesk&tc_me=pp&tc_ca=bau,,,131,IN STOCK,,,Neutral Argyle,,,,TRUE,TRUE
55137931,55137931,55137931,Sun Safe Raglan Guard Top Boden,https://us.boden.com/products/women-sun-safe-raglan-guard-top-pink-colourblock-s0433pnk?tc_ch=display&tc_ve=ba&tc_so=tradedesk&tc_me=pp&tc_ca=bau,,,77.00,110.00,https://cdn.shopify.com/s/files/1/0680/4619/2892/files/26wspr_s0433_pnk_m01_v1.jpg?v=1&width=800,Women,Women,22/09/2026,https://us.boden.com/products/women-sun-safe-raglan-guard-top-pink-colourblock-s0433pnk?tc_ch=display&tc_ve=ba&tc_so=tradedesk&tc_me=pp&tc_ca=bau,,,50,IN STOCK,,,Pink Colourblock,,,,TRUE,TRUE
55153467,55153467,55153467,Front & Back Graphic T-shirt Boden,https://us.boden.com/products/boys-front-back-graphic-t-shirt-vintage-indigo-truck-b2962ind?tc_ch=display&tc_ve=ba&tc_so=tradedesk&tc_me=pp&tc_ca=bau,,,24.50,35.00,https://cdn.shopify.com/s/files/1/0680/4619/2892/files/26bspr_b2962_ind_c94273de-79b7-42a1-95f3-1dd14e0aa9ef.jpg?v=1&width=800,Boys,Boys,22/09/2026,https://us.boden.com/products/boys-front-back-graphic-t-shirt-vintage-indigo-truck-b2962ind?tc_ch=display&tc_ve=ba&tc_so=tradedesk&tc_me=pp&tc_ca=bau,,,58,IN STOCK,,,Vintage Indigo Truck,,,,TRUE,TRUE
55185763,55185763,55185763,Zia Pocket Shift Dress Boden,https://us.boden.com/products/women-zia-pocket-shift-dress-dark-indigo-d1342lbl?tc_ch=display&tc_ve=ba&tc_so=tradedesk&tc_me=pp&tc_ca=bau,,,94.99,190.00,https://cdn.shopify.com/s/files/1/0680/4619/2892/files/26wspr_d1342_lbl_m01.jpg?v=1&width=800,Women,Women,22/09/2026,https://us.boden.com/products/women-zia-pocket-shift-dress-dark-indigo-d1342lbl?tc_ch=display&tc_ve=ba&tc_so=tradedesk&tc_me=pp&tc_ca=bau,,,13,IN STOCK,,,Dark Indigo,,,,TRUE,TRUE
55171102,55171102,55171102,Classic Leather Belt Boden,https://us.boden.com/products/women-classic-leather-belt-navy-a1615nmy?tc_ch=display&tc_ve=ba&tc_so=tradedesk&tc_me=pp&tc_ca=bau,,,99.00,99.00,https://cdn.shopify.com/s/files/1/0680/4619/2892/files/26wspr_a1615_nmy.jpg?v=1&width=800,Women,Women,22/09/2026,https://us.boden.com/products/women-classic-leather-belt-navy-a1615nmy?tc_ch=display&tc_ve=ba&tc_so=tradedesk&tc_me=pp&tc_ca=bau,,,319,IN STOCK,,,Navy,,,,TRUE,TRUE
55142310,55142310,55142310,Flower Appliqué Swimsuit Boden,https://us.boden.com/products/women-flower-applique-swimsuit-merida-red-applique-s0456red?tc_ch=display&tc_ve=ba&tc_so=tradedesk&tc_me=pp&tc_ca=bau,,,84.99,170.00,https://cdn.shopify.com/s/files/1/0680/4619/2892/files/26wspr_s0456_red_m01_cd9b5e38-3561-4ac4-9026-ee32090b0d42.jpg?v=1&width=800,Women,Women,22/09/2026,https://us.boden.com/products/women-flower-applique-swimsuit-merida-red-applique-s0456red?tc_ch=display&tc_ve=ba&tc_so=tradedesk&tc_me=pp&tc_ca=bau,,,30,IN STOCK,,,"Merida Red, Applique",,,,TRUE,TRUE
55171211,55171211,55171211,Classic Leather Belt Boden,https://us.boden.com/products/women-classic-leather-belt-leopard-a1615wde?tc_ch=display&tc_ve=ba&tc_so=tradedesk&tc_me=pp&tc_ca=bau,,,110.00,110.00,https://cdn.shopify.com/s/files/1/0680/4619/2892/files/26wspr_a1615_wde_v1_9375369b-7256-4626-a0d2-ac365704c9d8.jpg?v=1&width=800,Women,Women,22/09/2026,https://us.boden.com/products/women-classic-leather-belt-leopard-a1615wde?tc_ch=display&tc_ve=ba&tc_so=tradedesk&tc_me=pp&tc_ca=bau,,,83,IN STOCK,,,Leopard,,,,TRUE,TRUE
55146384,55146384,55146384,Kythira Ruched Bikini Bottoms Boden,https://us.boden.com/products/women-kythira-ruched-bikini-bottoms-multi-zig-zag-wave-s0415mul?tc_ch=display&tc_ve=ba&tc_so=tradedesk&tc_me=pp&tc_ca=bau,,,34.99,89.00,https://cdn.shopify.com/s/files/1/0680/4619/2892/files/26wspr_s0415_mul_m01_v1_f65ee58f-96e0-482e-955a-81ee55b2e337.jpg?v=1&width=800,Women,Women,22/09/2026,https://us.boden.com/products/women-kythira-ruched-bikini-bottoms-multi-zig-zag-wave-s0415mul?tc_ch=display&tc_ve=ba&tc_so=tradedesk&tc_me=pp&tc_ca=bau,,,75,IN STOCK,,,"Multi, Zig Zag Wave",,,,TRUE,TRUE
55145913,55145913,55145913,Minori Halter Tie Swimsuit Boden,https://us.boden.com/products/women-minori-halter-tie-swimsuit-salsa-botanical-flourish-s0449red?tc_ch=display&tc_ve=ba&tc_so=tradedesk&tc_me=pp&tc_ca=bau,,,63.99,160.00,https://cdn.shopify.com/s/files/1/0680/4619/2892/files/26wspr_s0449_red_m01_v2.jpg?v=1&width=800,Women,Women,22/09/2026,https://us.boden.com/products/women-minori-halter-tie-swimsuit-salsa-botanical-flourish-s0449red?tc_ch=display&tc_ve=ba&tc_so=tradedesk&tc_me=pp&tc_ca=bau,,,72,IN STOCK,,,"Salsa, Botanical Flourish",,,,TRUE,TRUE
55148222,55148222,55148222,Bridget Ponte Shirt Dress Boden,https://us.boden.com/products/women-bridget-ponte-shirt-dress-pomegranate-d1491red?tc_ch=display&tc_ve=ba&tc_so=tradedesk&tc_me=pp&tc_ca=bau,,,132.00,220.00,https://cdn.shopify.com/s/files/1/0680/4619/2892/files/26wspr_d1491_red_m01_v1_b01adc4f-6253-4a25-877c-ef248a588b7d.jpg?v=1&width=800,Women,Women,22/09/2026,https://us.boden.com/products/women-bridget-ponte-shirt-dress-pomegranate-d1491red?tc_ch=display&tc_ve=ba&tc_so=tradedesk&tc_me=pp&tc_ca=bau,,,112,IN STOCK,,,Pomegranate,,,,TRUE,TRUE
55148361,55148361,55148361,Carla Jersey Wrap Dress Boden,https://us.boden.com/products/women-carla-jersey-wrap-dress-hunter-green-d1484grn?tc_ch=display&tc_ve=ba&tc_so=tradedesk&tc_me=pp&tc_ca=bau,,,89.40,149.00,https://cdn.shopify.com/s/files/1/0680/4619/2892/files/26wspr_d1484_grn_m01_v3.jpg?v=1&width=800,Women,Women,22/09/2026,https://us.boden.com/products/women-carla-jersey-wrap-dress-hunter-green-d1484grn?tc_ch=display&tc_ve=ba&tc_so=tradedesk&tc_me=pp&tc_ca=bau,,,35,IN STOCK,,,Hunter Green,,,,TRUE,TRUE
55138736,55138736,55138736,Belgravia Ponte Pants Boden,https://us.boden.com/products/women-belgravia-ponte-pants-burnt-orange-r0814mbr?tc_ch=display&tc_ve=ba&tc_so=tradedesk&tc_me=pp&tc_ca=bau,,,84.00,140.00,https://cdn.shopify.com/s/files/1/0680/4619/2892/files/26wspr_r0814_mbr_m01_v4.jpg?v=1&width=800,Women,Women,22/09/2026,https://us.boden.com/products/women-belgravia-ponte-pants-burnt-orange-r0814mbr?tc_ch=display&tc_ve=ba&tc_so=tradedesk&tc_me=pp&tc_ca=bau,,,10,IN STOCK,,,Burnt Orange,,,,TRUE,TRUE
55143252,55143252,55143252,Kick Flare Jeans Boden,https://us.boden.com/products/girls-kick-flare-jeans-mid-vintage-g5858den?tc_ch=display&tc_ve=ba&tc_so=tradedesk&tc_me=pp&tc_ca=bau,,,59.00,59.00,https://cdn.shopify.com/s/files/1/0680/4619/2892/files/26gspr_g5858_den_m01.jpg?v=1&width=800,Girls,Girls,22/09/2026,https://us.boden.com/products/girls-kick-flare-jeans-mid-vintage-g5858den?tc_ch=display&tc_ve=ba&tc_so=tradedesk&tc_me=pp&tc_ca=bau,,,180,IN STOCK,,,Mid Vintage,,,,TRUE,TRUE
55139168,55139168,55139168,Supersoft Boat Neck T-Shirt Boden,https://us.boden.com/products/women-supersoft-boat-neck-t-shirt-azalea-pink-t1658pnt?tc_ch=display&tc_ve=ba&tc_so=tradedesk&tc_me=pp&tc_ca=bau,,,31.50,45.00,https://cdn.shopify.com/s/files/1/0680/4619/2892/files/26wspr_t1658_pnt_m01_0a7329c1-084f-4a9e-a4ef-c06955c974a0.jpg?v=1&width=800,Women,Women,22/09/2026,https://us.boden.com/products/women-supersoft-boat-neck-t-shirt-azalea-pink-t1658pnt?tc_ch=display&tc_ve=ba&tc_so=tradedesk&tc_me=pp&tc_ca=bau,,,36,IN STOCK,,,Azalea Pink,,,,TRUE,TRUE
55146637,55146637,55146637,Pintuck Column Leg Jeans Boden,https://us.boden.com/products/women-pintuck-column-leg-jeans-mid-vintage-r0891mdn?tc_ch=display&tc_ve=ba&tc_so=tradedesk&tc_me=pp&tc_ca=bau,,,63.99,160.00,https://cdn.shopify.com/s/files/1/0680/4619/2892/files/26wspr_r0891_mdn_m01_v1.jpg?v=1&width=800,Women,Women,22/09/2026,https://us.boden.com/products/women-pintuck-column-leg-jeans-mid-vintage-r0891mdn?tc_ch=display&tc_ve=ba&tc_so=tradedesk&tc_me=pp&tc_ca=bau,,,10,IN STOCK,,,Mid Vintage,,,,TRUE,TRUE
55138853,55138853,55138853,Belgravia Linen Shorts Boden,https://us.boden.com/products/women-belgravia-linen-shorts-navy-r0882nvy?tc_ch=display&tc_ve=ba&tc_so=tradedesk&tc_me=pp&tc_ca=bau,,,69.30,99.00,https://cdn.shopify.com/s/files/1/0680/4619/2892/files/26wspr_r0882_nvy_m01_v1.jpg?v=1&width=800,Women,Women,22/09/2026,https://us.boden.com/products/women-belgravia-linen-shorts-navy-r0882nvy?tc_ch=display&tc_ve=ba&tc_so=tradedesk&tc_me=pp&tc_ca=bau,,,31,IN STOCK,,,Navy,,,,TRUE,TRUE
55149955,55149955,55149955,Carpenter Shorts Boden,https://us.boden.com/products/boys-carpenter-shorts-indigo-b3182ind?tc_ch=display&tc_ve=ba&tc_so=tradedesk&tc_me=pp&tc_ca=bau,,,29.40,49.00,https://cdn.shopify.com/s/files/1/0680/4619/2892/files/26bspr_b3182_ind_fa82c3f9-7477-4065-8cbf-c2746322d978.jpg?v=1&width=800,Boys,Boys,22/09/2026,https://us.boden.com/products/boys-carpenter-shorts-indigo-b3182ind?tc_ch=display&tc_ve=ba&tc_so=tradedesk&tc_me=pp&tc_ca=bau,,,41,IN STOCK,,,Indigo,,,,TRUE,TRUE
55136757,55136757,55136757,Amy Short Jersey Dress Boden,https://us.boden.com/products/women-amy-short-jersey-dress-navy-d1477nav?tc_ch=display&tc_ve=ba&tc_so=tradedesk&tc_me=pp&tc_ca=bau,,,48.99,99.00,https://cdn.shopify.com/s/files/1/0680/4619/2892/files/26wspr_d1477_nav_m01_59e48c6a-2d78-46ff-9901-698cfabf7d98.jpg?v=1&width=800,Women,Women,22/09/2026,https://us.boden.com/products/women-amy-short-jersey-dress-navy-d1477nav?tc_ch=display&tc_ve=ba&tc_so=tradedesk&tc_me=pp&tc_ca=bau,,,13,IN STOCK,,,Navy,,,,TRUE,TRUE
55135382,55135382,55135382,Sara Silk Shirt Boden,https://us.boden.com/products/women-sara-silk-shirt-black-t2000blk?tc_ch=display&tc_ve=ba&tc_so=tradedesk&tc_me=pp&tc_ca=bau,,,190.00,190.00,https://cdn.shopify.com/s/files/1/0680/4619/2892/files/26wspr_t2000_blk_m01_v1_d362750c-deb7-4ea6-977c-194a0b588b4b.jpg?v=1&width=800,Women,Women,22/09/2026,https://us.boden.com/products/women-sara-silk-shirt-black-t2000blk?tc_ch=display&tc_ve=ba&tc_so=tradedesk&tc_me=pp&tc_ca=bau,,,151,IN STOCK,,,Black,,,,TRUE,TRUE
55149300,55149300,55149300,Brooke Double Layer Tank Boden,https://us.boden.com/products/women-brooke-double-layer-tank-black-t2033blk?tc_ch=display&tc_ve=ba&tc_so=tradedesk&tc_me=pp&tc_ca=bau,,,45.00,45.00,https://cdn.shopify.com/s/files/1/0680/4619/2892/files/26wspr_t2033_blk_m01_de94d84b-7321-4405-9cb9-8e26d9dcf808.jpg?v=1&width=800,Women,Women,22/09/2026,https://us.boden.com/products/women-brooke-double-layer-tank-black-t2033blk?tc_ch=display&tc_ve=ba&tc_so=tradedesk&tc_me=pp&tc_ca=bau,,,397,IN STOCK,,,Black,,,,TRUE,TRUE
55163482,55163482,55163482,Bootcut Button Denim Jumpsuit Boden,https://us.boden.com/products/women-bootcut-button-denim-jumpsuit-indigo-d1709mdn?tc_ch=display&tc_ve=ba&tc_so=tradedesk&tc_me=pp&tc_ca=bau,,,149.40,249.00,https://cdn.shopify.com/s/files/1/0680/4619/2892/files/26wspr_d1709_mdn_m01.jpg?v=1&width=800,Women,Women,22/09/2026,https://us.boden.com/products/women-bootcut-button-denim-jumpsuit-indigo-d1709mdn?tc_ch=display&tc_ve=ba&tc_so=tradedesk&tc_me=pp&tc_ca=bau,,,57,IN STOCK,,,Indigo,,,,TRUE,TRUE
55143760,55143760,55143760,Lucy Half Zip Sweater Boden,https://us.boden.com/products/women-lucy-half-zip-sweater-camel-melange-navy-stripe-k1172str?tc_ch=display&tc_ve=ba&tc_so=tradedesk&tc_me=pp&tc_ca=bau,,,114.00,190.00,https://cdn.shopify.com/s/files/1/0680/4619/2892/files/26wspr_k1172_str_m01_69a65dd2-f2d5-44b5-9306-14c8d63c642f.jpg?v=1&width=800,Women,Women,22/09/2026,https://us.boden.com/products/women-lucy-half-zip-sweater-camel-melange-navy-stripe-k1172str?tc_ch=display&tc_ve=ba&tc_so=tradedesk&tc_me=pp&tc_ca=bau,,,14,IN STOCK,,,"Camel Melange, Navy Stripe",,,,TRUE,TRUE
55142754,55142754,55142754,Rhea Trim Detail Silk Top Boden,https://us.boden.com/products/women-rhea-trim-detail-silk-top-ivory-t1994ecr?tc_ch=display&tc_ve=ba&tc_so=tradedesk&tc_me=pp&tc_ca=bau,,,132.00,220.00,https://cdn.shopify.com/s/files/1/0680/4619/2892/files/26wspr_t1994_ecr_m01_v1.jpg?v=1&width=800,Women,Women,22/09/2026,https://us.boden.com/products/women-rhea-trim-detail-silk-top-ivory-t1994ecr?tc_ch=display&tc_ve=ba&tc_so=tradedesk&tc_me=pp&tc_ca=bau,,,17,IN STOCK,,,Ivory,,,,TRUE,TRUE
55160829,55160829,55160829,Loren Trim Short Dress Boden,https://us.boden.com/products/women-loren-trim-short-dress-navy-dogtooth-d1589nav?tc_ch=display&tc_ve=ba&tc_so=tradedesk&tc_me=pp&tc_ca=bau,,,149.40,249.00,https://cdn.shopify.com/s/files/1/0680/4619/2892/files/26wspr_d1589_nav_m01.jpg?v=1&width=800,Women,Women,22/09/2026,https://us.boden.com/products/women-loren-trim-short-dress-navy-dogtooth-d1589nav?tc_ch=display&tc_ve=ba&tc_so=tradedesk&tc_me=pp&tc_ca=bau,,,41,IN STOCK,,,Navy Dogtooth,,,,TRUE,TRUE
55157640,55157640,55157640,5-Pack Frill Socks Boden,https://us.boden.com/products/girls-5-pack-frill-socks-multi-spring-c1960mul?tc_ch=display&tc_ve=ba&tc_so=tradedesk&tc_me=pp&tc_ca=bau,,,36.00,36.00,https://cdn.shopify.com/s/files/1/0680/4619/2892/files/26gspr_c1960_mul.jpg?v=1&width=800,Girls,Girls,22/09/2026,https://us.boden.com/products/girls-5-pack-frill-socks-multi-spring-c1960mul?tc_ch=display&tc_ve=ba&tc_so=tradedesk&tc_me=pp&tc_ca=bau,,,341,IN STOCK,,,Multi spring,,,,TRUE,TRUE
55144685,55144685,55144685,Nya Penny Loafers Boden,https://us.boden.com/products/women-nya-penny-loafers-mini-leopard-a1805ltu?tc_ch=display&tc_ve=ba&tc_so=tradedesk&tc_me=pp&tc_ca=bau,,,87.99,220.00,https://cdn.shopify.com/s/files/1/0680/4619/2892/files/26wspr_a1805_ltu_v1_7f94ec09-756e-434f-95a5-85b9abfa203b.jpg?v=1&width=800,Women,Women,22/09/2026,https://us.boden.com/products/women-nya-penny-loafers-mini-leopard-a1805ltu?tc_ch=display&tc_ve=ba&tc_so=tradedesk&tc_me=pp&tc_ca=bau,,,21,IN STOCK,,,Mini Leopard,,,,TRUE,TRUE
55142465,55142465,55142465,Boat Shoes Boden,https://us.boden.com/products/boys-boat-shoes-colourblock-c1950mul?tc_ch=display&tc_ve=ba&tc_so=tradedesk&tc_me=pp&tc_ca=bau,,,33.99,69.00,https://cdn.shopify.com/s/files/1/0680/4619/2892/files/26bspr_c1950_mul_b89914c6-eea8-49be-a8b3-45901887b0d2.jpg?v=1&width=800,Boys,Boys,22/09/2026,https://us.boden.com/products/boys-boat-shoes-colourblock-c1950mul?tc_ch=display&tc_ve=ba&tc_so=tradedesk&tc_me=pp&tc_ca=bau,,,14,IN STOCK,,,Colourblock,,,,TRUE,TRUE
55142710,55142710,55142710,Davina Puff Sleeve Cardigan Boden,https://us.boden.com/products/women-davina-puff-sleeve-cardigan-blue-nep-k1203dbl?tc_ch=display&tc_ve=ba&tc_so=tradedesk&tc_me=pp&tc_ca=bau,,,96.00,160.00,https://cdn.shopify.com/s/files/1/0680/4619/2892/files/26wspr_k1203_dbl_m01_032d6c34-c689-4e72-b0ff-683bb441081b.jpg?v=1&width=800,Women,Women,22/09/2026,https://us.boden.com/products/women-davina-puff-sleeve-cardigan-blue-nep-k1203dbl?tc_ch=display&tc_ve=ba&tc_so=tradedesk&tc_me=pp&tc_ca=bau,,,28,IN STOCK,,,"Blue, Nep",,,,TRUE,TRUE
55149830,55149830,55149830,Textured Marl Cardigan Boden,https://us.boden.com/products/women-textured-marl-cardigan-navy-red-marl-k1240nvy?tc_ch=display&tc_ve=ba&tc_so=tradedesk&tc_me=pp&tc_ca=bau,,,98.99,249.00,https://cdn.shopify.com/s/files/1/0680/4619/2892/files/26wspr_k1240_nvy_m01_7bbabcc6-23a4-47d7-9523-2790313ad90d.jpg?v=1&width=800,Women,Women,22/09/2026,https://us.boden.com/products/women-textured-marl-cardigan-navy-red-marl-k1240nvy?tc_ch=display&tc_ve=ba&tc_so=tradedesk&tc_me=pp&tc_ca=bau,,,12,IN STOCK,,,Navy/ Red Marl,,,,TRUE,TRUE
55142247,55142247,55142247,Primrose Denim Shorts Boden,https://us.boden.com/products/women-primrose-denim-shorts-mid-vintage-r0887mid?tc_ch=display&tc_ve=ba&tc_so=tradedesk&tc_me=pp&tc_ca=bau,,,54.99,110.00,https://cdn.shopify.com/s/files/1/0680/4619/2892/files/26wspr_r0887_mid_m01_7804f722-c271-43db-a4a1-4300b53e5a0f.jpg?v=1&width=800,Women,Women,22/09/2026,https://us.boden.com/products/women-primrose-denim-shorts-mid-vintage-r0887mid?tc_ch=display&tc_ve=ba&tc_so=tradedesk&tc_me=pp&tc_ca=bau,,,79,IN STOCK,,,Mid Vintage,,,,TRUE,TRUE
55160798,55160798,55160798,Evita Cotton Shift Dress Boden,https://us.boden.com/products/women-evita-cotton-shift-dress-dark-green-d1367grn?tc_ch=display&tc_ve=ba&tc_so=tradedesk&tc_me=pp&tc_ca=bau,,,132.00,220.00,https://cdn.shopify.com/s/files/1/0680/4619/2892/files/26wspr_d1367_grn_m01_ce939a1b-e36a-4544-b254-466e57bceec4.jpg?v=1&width=800,Women,Women,22/09/2026,https://us.boden.com/products/women-evita-cotton-shift-dress-dark-green-d1367grn?tc_ch=display&tc_ve=ba&tc_so=tradedesk&tc_me=pp&tc_ca=bau,,,11,IN STOCK,,,Dark Green,,,,TRUE,TRUE
55147453,55147453,55147453,Embroidered Jersey Short Dress Boden,https://us.boden.com/products/women-embroidered-jersey-short-dress-passion-flower-d1490prp?tc_ch=display&tc_ve=ba&tc_so=tradedesk&tc_me=pp&tc_ca=bau,,,89.40,149.00,https://cdn.shopify.com/s/files/1/0680/4619/2892/files/26wspr_d1490_prp_m01_fd4e57da-888d-4f08-8476-6f284423c7c8.jpg?v=1&width=800,Women,Women,22/09/2026,https://us.boden.com/products/women-embroidered-jersey-short-dress-passion-flower-d1490prp?tc_ch=display&tc_ve=ba&tc_so=tradedesk&tc_me=pp&tc_ca=bau,,,17,IN STOCK,,,Passion Flower,,,,TRUE,TRUE
55142139,55142139,55142139,Edi Trim Detail Top Boden,https://us.boden.com/products/women-edi-trim-detail-top-captains-blue-t2041blu?tc_ch=display&tc_ve=ba&tc_so=tradedesk&tc_me=pp&tc_ca=bau,,,53.40,89.00,https://cdn.shopify.com/s/files/1/0680/4619/2892/files/26wspr_t2041_blu_m01.jpg?v=1&width=800,Women,Women,22/09/2026,https://us.boden.com/products/women-edi-trim-detail-top-captains-blue-t2041blu?tc_ch=display&tc_ve=ba&tc_so=tradedesk&tc_me=pp&tc_ca=bau,,,29,IN STOCK,,,Captains Blue,,,,TRUE,TRUE
55158398,55158398,55158398,Mae Linen Blend Shirt Dress Boden,https://us.boden.com/products/women-mae-linen-blend-shirt-dress-blue-heaven-d1355blu?tc_ch=display&tc_ve=ba&tc_so=tradedesk&tc_me=pp&tc_ca=bau,,,135.99,340.00,https://cdn.shopify.com/s/files/1/0680/4619/2892/files/26wspr_d1355_blu_m01_v1_a90bf1a4-4d3c-467f-a140-0ff244780997.jpg?v=1&width=800,Women,Women,22/09/2026,https://us.boden.com/products/women-mae-linen-blend-shirt-dress-blue-heaven-d1355blu?tc_ch=display&tc_ve=ba&tc_so=tradedesk&tc_me=pp&tc_ca=bau,,,38,IN STOCK,,,Blue Heaven,,,,TRUE,TRUE
55148514,55148514,55148514,Bria Ponte Shift Dress Boden,https://us.boden.com/products/women-bria-ponte-shift-dress-pomegranate-d1482pnk?tc_ch=display&tc_ve=ba&tc_so=tradedesk&tc_me=pp&tc_ca=bau,,,102.00,170.00,https://cdn.shopify.com/s/files/1/0680/4619/2892/files/26wspr_d1482_pnk_m01_v5.jpg?v=1&width=800,Women,Women,22/09/2026,https://us.boden.com/products/women-bria-ponte-shift-dress-pomegranate-d1482pnk?tc_ch=display&tc_ve=ba&tc_so=tradedesk&tc_me=pp&tc_ca=bau,,,15,IN STOCK,,,Pomegranate,,,,TRUE,TRUE
55160483,55160483,55160483,Ruth Zip Texture Dress Boden,https://us.boden.com/products/women-ruth-zip-texture-dress-navy-d1578nav?tc_ch=display&tc_ve=ba&tc_so=tradedesk&tc_me=pp&tc_ca=bau,,,162.00,270.00,https://cdn.shopify.com/s/files/1/0680/4619/2892/files/26wspr_d1578_nav_m01.jpg?v=1&width=800,Women,Women,22/09/2026,https://us.boden.com/products/women-ruth-zip-texture-dress-navy-d1578nav?tc_ch=display&tc_ve=ba&tc_so=tradedesk&tc_me=pp&tc_ca=bau,,,21,IN STOCK,,,Navy,,,,TRUE,TRUE
55157619,55157619,55157619,Mae Linen Blend Shirt Dress Boden,https://us.boden.com/products/women-mae-linen-blend-shirt-dress-navy-d1355nav?tc_ch=display&tc_ve=ba&tc_so=tradedesk&tc_me=pp&tc_ca=bau,,,169.99,340.00,https://cdn.shopify.com/s/files/1/0680/4619/2892/files/26wspr_d1355_nav_m01_v2_a53f5044-e8d4-49e9-9ba7-00f7a31adcaf.jpg?v=1&width=800,Women,Women,22/09/2026,https://us.boden.com/products/women-mae-linen-blend-shirt-dress-navy-d1355nav?tc_ch=display&tc_ve=ba&tc_so=tradedesk&tc_me=pp&tc_ca=bau,,,47,IN STOCK,,,Navy,,,,TRUE,TRUE
55180876,55180876,55180876,Irene Puff Sleeve Cotton Dress Boden,https://us.boden.com/products/women-irene-puff-sleeve-cotton-dress-almond-milk-cheetah-pop-d1662brn?tc_ch=display&tc_ve=ba&tc_so=tradedesk&tc_me=pp&tc_ca=bau,,,129.99,260.00,https://cdn.shopify.com/s/files/1/0680/4619/2892/files/26wspr_d1662_brn_m04_db02a319-8de2-4c6c-83d6-f8f13061232b.jpg?v=1&width=800,Women,Women,22/09/2026,https://us.boden.com/products/women-irene-puff-sleeve-cotton-dress-almond-milk-cheetah-pop-d1662brn?tc_ch=display&tc_ve=ba&tc_so=tradedesk&tc_me=pp&tc_ca=bau,,,19,IN STOCK,,,"Almond Milk, Cheetah Pop",,,,TRUE,TRUE
55186079,55186079,55186079,7-pack Pointelle Underwear Boden,https://us.boden.com/products/girls-7-pack-pointelle-underwear-multi-ditsy-vine-c1893mix?tc_ch=display&tc_ve=ba&tc_so=tradedesk&tc_me=pp&tc_ca=bau,,,59.00,59.00,https://cdn.shopify.com/s/files/1/0680/4619/2892/files/25gwin_c1893_mix_676274ce-715d-4f5c-9927-4bbac242877c.jpg?v=1&width=800,Girls,Girls,22/09/2026,https://us.boden.com/products/girls-7-pack-pointelle-underwear-multi-ditsy-vine-c1893mix?tc_ch=display&tc_ve=ba&tc_so=tradedesk&tc_me=pp&tc_ca=bau,,,124,IN STOCK,,,Multi Ditsy Vine,,,,TRUE,TRUE
55149652,55149652,55149652,Short Sleeve Towelling T-shirt Boden,https://us.boden.com/products/boys-short-sleeve-towelling-t-shirt-blue-waves-b3158mbl?tc_ch=display&tc_ve=ba&tc_so=tradedesk&tc_me=pp&tc_ca=bau,,,22.40,32.00,https://cdn.shopify.com/s/files/1/0680/4619/2892/files/26bspr_b3158_mbl_ea994e4b-c88f-4adb-ae1e-47d24a1f96af.jpg?v=1&width=800,Boys,Boys,22/09/2026,https://us.boden.com/products/boys-short-sleeve-towelling-t-shirt-blue-waves-b3158mbl?tc_ch=display&tc_ve=ba&tc_so=tradedesk&tc_me=pp&tc_ca=bau,,,107,IN STOCK,,,Blue Waves,,,,TRUE,TRUE
55144190,55144190,55144190,Ava Linen Blend Midi Dress Boden,https://us.boden.com/products/women-ava-linen-blend-midi-dress-blue-embroidery-d1520blu?tc_ch=display&tc_ve=ba&tc_so=tradedesk&tc_me=pp&tc_ca=bau,,,135.99,340.00,https://cdn.shopify.com/s/files/1/0680/4619/2892/files/26wspr_d1520_blu_m01_v3.jpg?v=1&width=800,Women,Women,22/09/2026,https://us.boden.com/products/women-ava-linen-blend-midi-dress-blue-embroidery-d1520blu?tc_ch=display&tc_ve=ba&tc_so=tradedesk&tc_me=pp&tc_ca=bau,,,58,IN STOCK,,,Blue Embroidery,,,,TRUE,TRUE
55143778,55143778,55143778,Printed Jersey Shorts Boden,https://us.boden.com/products/girls-printed-jersey-shorts-multi-hotch-potch-stripe-g5907mul?tc_ch=display&tc_ve=ba&tc_so=tradedesk&tc_me=pp&tc_ca=bau,,,31.50,45.00,https://cdn.shopify.com/s/files/1/0680/4619/2892/files/26gspr_g5907_mul.jpg?v=1&width=800,Girls,Girls,22/09/2026,https://us.boden.com/products/girls-printed-jersey-shorts-multi-hotch-potch-stripe-g5907mul?tc_ch=display&tc_ve=ba&tc_so=tradedesk&tc_me=pp&tc_ca=bau,,,34,IN STOCK,,,Multi Hotch Potch Stripe,,,,TRUE,TRUE
55150196,55150196,55150196,Lisburn Patch Pocket Jacket Boden,https://us.boden.com/products/women-lisburn-patch-pocket-jacket-pink-textured-u0423pnk?tc_ch=display&tc_ve=ba&tc_so=tradedesk&tc_me=pp&tc_ca=bau,,,192.00,320.00,https://cdn.shopify.com/s/files/1/0680/4619/2892/files/26wspr_u0423_pnk_m01_d6beebd5-a908-486a-b4e3-27c5d6cd2fd3.jpg?v=1&width=800,Women,Women,22/09/2026,https://us.boden.com/products/women-lisburn-patch-pocket-jacket-pink-textured-u0423pnk?tc_ch=display&tc_ve=ba&tc_so=tradedesk&tc_me=pp&tc_ca=bau,,,9,IN STOCK,,,Pink Textured,,,,TRUE,TRUE
55188446,55188446,55188446,Cotton Henley Sweater Boden,https://us.boden.com/products/women-cotton-henley-sweater-almond-peach-k1272ivo?tc_ch=display&tc_ve=ba&tc_so=tradedesk&tc_me=pp&tc_ca=bau,,,98.00,140.00,https://cdn.shopify.com/s/files/1/0680/4619/2892/files/26wspr_k1272_ivo_m01_cf505b73-79dc-495f-b5f7-15b8a3c048cc.jpg?v=1&width=800,Women,Women,22/09/2026,https://us.boden.com/products/women-cotton-henley-sweater-almond-peach-k1272ivo?tc_ch=display&tc_ve=ba&tc_so=tradedesk&tc_me=pp&tc_ca=bau,,,62,IN STOCK,,,Almond Peach,,,,TRUE,TRUE
55143544,55143544,55143544,Towelling Embroidered Shorts Boden,https://us.boden.com/products/girls-towelling-embroidered-shorts-sorbet-pink-embroidery-g5939pnk?tc_ch=display&tc_ve=ba&tc_so=tradedesk&tc_me=pp&tc_ca=bau,,,27.30,39.00,https://cdn.shopify.com/s/files/1/0680/4619/2892/files/26gspr_g5939_pnk_m01_5a4f4b20-289e-4180-a491-62e74ab3790f.jpg?v=1&width=800,Girls,Girls,22/09/2026,https://us.boden.com/products/girls-towelling-embroidered-shorts-sorbet-pink-embroidery-g5939pnk?tc_ch=display&tc_ve=ba&tc_so=tradedesk&tc_me=pp&tc_ca=bau,,,49,IN STOCK,,,Sorbet Pink Embroidery,,,,TRUE,TRUE
55147071,55147071,55147071,Cannes Cross Wrap Swimsuit Boden,https://us.boden.com/products/women-cannes-cross-wrap-swimsuit-verde-s0448grn?tc_ch=display&tc_ve=ba&tc_so=tradedesk&tc_me=pp&tc_ca=bau,,,89.40,149.00,https://cdn.shopify.com/s/files/1/0680/4619/2892/files/26wspr_s0448_grn_m01_d40565bb-08ff-4d50-8843-9288aa7060ba.jpg?v=1&width=800,Women,Women,22/09/2026,https://us.boden.com/products/women-cannes-cross-wrap-swimsuit-verde-s0448grn?tc_ch=display&tc_ve=ba&tc_so=tradedesk&tc_me=pp&tc_ca=bau,,,50,IN STOCK,,,Verde,,,,TRUE,TRUE
55144843,55144843,55144843,Brogue Slingback Kitten Heel Boden,https://us.boden.com/products/women-brogue-slingback-kitten-heel-red-a2154rus?tc_ch=display&tc_ve=ba&tc_so=tradedesk&tc_me=pp&tc_ca=bau,,,132.00,220.00,https://cdn.shopify.com/s/files/1/0680/4619/2892/files/26wspr_a2154_rus_v1.jpg?v=1&width=800,Women,Women,22/09/2026,https://us.boden.com/products/women-brogue-slingback-kitten-heel-red-a2154rus?tc_ch=display&tc_ve=ba&tc_so=tradedesk&tc_me=pp&tc_ca=bau,,,8,IN STOCK,,,Red,,,,TRUE,TRUE
55176836,55176836,55176836,Double Cloth Crop Pants Boden,https://us.boden.com/products/women-double-cloth-crop-pants-navy-r0947nav?tc_ch=display&tc_ve=ba&tc_so=tradedesk&tc_me=pp&tc_ca=bau,,,48.99,99.00,https://cdn.shopify.com/s/files/1/0680/4619/2892/files/26wspr_r0947_nav_m01_v2_00f63be5-b5f9-4b25-bd8e-226af4afc08e.jpg?v=1&width=800,Women,Women,22/09/2026,https://us.boden.com/products/women-double-cloth-crop-pants-navy-r0947nav?tc_ch=display&tc_ve=ba&tc_so=tradedesk&tc_me=pp&tc_ca=bau,,,81,IN STOCK,,,Navy,,,,TRUE,TRUE
55145650,55145650,55145650,Porto Bikini Bottoms Boden,https://us.boden.com/products/women-porto-bikini-bottoms-multi-ornamental-trellis-s0410col?tc_ch=display&tc_ve=ba&tc_so=tradedesk&tc_me=pp&tc_ca=bau,,,62.30,89.00,https://cdn.shopify.com/s/files/1/0680/4619/2892/files/26wspr_s0410_col_m01_d17b7ec7-baef-4e5c-9adc-8099e03c523b.jpg?v=1&width=800,Women,Women,22/09/2026,https://us.boden.com/products/women-porto-bikini-bottoms-multi-ornamental-trellis-s0410col?tc_ch=display&tc_ve=ba&tc_so=tradedesk&tc_me=pp&tc_ca=bau,,,67,IN STOCK,,,"Multi, ornamental trellis",,,,TRUE,TRUE
55143632,55143632,55143632,Flower Appliqué Swimsuit Boden,https://us.boden.com/products/women-flower-applique-swimsuit-navy-applique-s0456nav?tc_ch=display&tc_ve=ba&tc_so=tradedesk&tc_me=pp&tc_ca=bau,,,119.00,170.00,https://cdn.shopify.com/s/files/1/0680/4619/2892/files/26wspr_s0456_nav_m01_f807904f-f644-4d21-be8f-daba2621de05.jpg?v=1&width=800,Women,Women,22/09/2026,https://us.boden.com/products/women-flower-applique-swimsuit-navy-applique-s0456nav?tc_ch=display&tc_ve=ba&tc_so=tradedesk&tc_me=pp&tc_ca=bau,,,7,IN STOCK,,,"Navy, Applique",,,,TRUE,TRUE
55144039,55144039,55144039,Andros Twist Front Swimsuit Boden,https://us.boden.com/products/women-andros-twist-front-swimsuit-woodland-green-rhythmic-wave-s0424dgr?tc_ch=display&tc_ve=ba&tc_so=tradedesk&tc_me=pp&tc_ca=bau,,,98.00,140.00,https://cdn.shopify.com/s/files/1/0680/4619/2892/files/26wspr_s0424_dgr_m01.jpg?v=1&width=800,Women,Women,22/09/2026,https://us.boden.com/products/women-andros-twist-front-swimsuit-woodland-green-rhythmic-wave-s0424dgr?tc_ch=display&tc_ve=ba&tc_so=tradedesk&tc_me=pp&tc_ca=bau,,,52,IN STOCK,,,"Woodland Green, Rhythmic Wave",,,,TRUE,TRUE
55148757,55148757,55148757,Chino Shorts Boden,https://us.boden.com/products/women-chino-shorts-ginger-r0898dbr?tc_ch=display&tc_ve=ba&tc_so=tradedesk&tc_me=pp&tc_ca=bau,,,62.30,89.00,https://cdn.shopify.com/s/files/1/0680/4619/2892/files/26wspr_r0898_dbr_m01.jpg?v=1&width=800,Women,Women,22/09/2026,https://us.boden.com/products/women-chino-shorts-ginger-r0898dbr?tc_ch=display&tc_ve=ba&tc_so=tradedesk&tc_me=pp&tc_ca=bau,,,10,IN STOCK,,,Ginger,,,,TRUE,TRUE
55146252,55146252,55146252,Embroidered Utility Jacket Boden,https://us.boden.com/products/women-embroidered-utility-jacket-camel-u0443chk?tc_ch=display&tc_ve=ba&tc_so=tradedesk&tc_me=pp&tc_ca=bau,,,174.30,249.00,https://cdn.shopify.com/s/files/1/0680/4619/2892/files/26wspr_u0443_chk_m01.jpg?v=1&width=800,Women,Women,22/09/2026,https://us.boden.com/products/women-embroidered-utility-jacket-camel-u0443chk?tc_ch=display&tc_ve=ba&tc_so=tradedesk&tc_me=pp&tc_ca=bau,,,46,IN STOCK,,,Camel,,,,TRUE,TRUE
55140877,55140877,55140877,Kensington Linen Pants Boden,https://us.boden.com/products/women-kensington-linen-pants-white-r0855wht?tc_ch=display&tc_ve=ba&tc_so=tradedesk&tc_me=pp&tc_ca=bau,,,94.99,190.00,https://cdn.shopify.com/s/files/1/0680/4619/2892/files/26wspr_r0855_wht_m01.jpg?v=1&width=800,Women,Women,22/09/2026,https://us.boden.com/products/women-kensington-linen-pants-white-r0855wht?tc_ch=display&tc_ve=ba&tc_so=tradedesk&tc_me=pp&tc_ca=bau,,,39,IN STOCK,,,White,,,,TRUE,TRUE
55186217,55186217,55186217,High Rise Straight Jeans Boden,https://us.boden.com/products/women-high-rise-straight-jeans-animal-print-r0888leo?tc_ch=display&tc_ve=ba&tc_so=tradedesk&tc_me=pp&tc_ca=bau,,,79.99,160.00,https://cdn.shopify.com/s/files/1/0680/4619/2892/files/26wspr_r0888_leo_m01_48f56b73-2ca6-43e5-8fcd-2369ce6a357f.jpg?v=1&width=800,Women,Women,22/09/2026,https://us.boden.com/products/women-high-rise-straight-jeans-animal-print-r0888leo?tc_ch=display&tc_ve=ba&tc_so=tradedesk&tc_me=pp&tc_ca=bau,,,9,IN STOCK,,,Animal Print,,,,TRUE,TRUE
55170849,55170849,55170849,Large Metal Hoops Boden,https://us.boden.com/products/women-large-metal-hoops-gold-colour-a2162gld?tc_ch=display&tc_ve=ba&tc_so=tradedesk&tc_me=pp&tc_ca=bau,,,59.00,59.00,https://cdn.shopify.com/s/files/1/0680/4619/2892/files/26wspr_a2162_gld_v1.jpg?v=1&width=800,Women,Women,22/09/2026,https://us.boden.com/products/women-large-metal-hoops-gold-colour-a2162gld?tc_ch=display&tc_ve=ba&tc_so=tradedesk&tc_me=pp&tc_ca=bau,,,298,IN STOCK,,,Gold Colour,,,,TRUE,TRUE
55152576,55152576,55152576,Loretta Multi Strap Clog Boden,https://us.boden.com/products/women-loretta-multi-strap-clog-tan-a2148tan?tc_ch=display&tc_ve=ba&tc_so=tradedesk&tc_me=pp&tc_ca=bau,,,87.99,220.00,https://cdn.shopify.com/s/files/1/0680/4619/2892/files/26wsum_a2148_tan_v1_1fdce283-8383-410f-b445-d1bc2a161592.jpg?v=1&width=800,Women,Women,22/09/2026,https://us.boden.com/products/women-loretta-multi-strap-clog-tan-a2148tan?tc_ch=display&tc_ve=ba&tc_so=tradedesk&tc_me=pp&tc_ca=bau,,,44,IN STOCK,,,Tan,,,,TRUE,TRUE
55152751,55152751,55152751,Loretta Multi Strap Clog Boden,https://us.boden.com/products/women-loretta-multi-strap-clog-pink-red-a2148pst?tc_ch=display&tc_ve=ba&tc_so=tradedesk&tc_me=pp&tc_ca=bau,,,87.99,220.00,https://cdn.shopify.com/s/files/1/0680/4619/2892/files/26wsum_a2148_pst_v1_9a02a725-259e-4999-a91e-19e9d505a314.jpg?v=1&width=800,Women,Women,22/09/2026,https://us.boden.com/products/women-loretta-multi-strap-clog-pink-red-a2148pst?tc_ch=display&tc_ve=ba&tc_so=tradedesk&tc_me=pp&tc_ca=bau,,,19,IN STOCK,,,Pink/Red,,,,TRUE,TRUE
55148125,55148125,55148125,Bria Ponte Midi Dress Boden,https://us.boden.com/products/women-bria-ponte-midi-dress-black-d1483blk?tc_ch=display&tc_ve=ba&tc_so=tradedesk&tc_me=pp&tc_ca=bau,,,132.00,220.00,https://cdn.shopify.com/s/files/1/0680/4619/2892/files/26wspr_d1483_blk_m01_cb20e64b-ad2a-4cc8-9027-92cd2e6354dd.jpg?v=1&width=800,Women,Women,22/09/2026,https://us.boden.com/products/women-bria-ponte-midi-dress-black-d1483blk?tc_ch=display&tc_ve=ba&tc_so=tradedesk&tc_me=pp&tc_ca=bau,,,26,IN STOCK,,,Black,,,,TRUE,TRUE
55155277,55155277,55155277,Classic Bikini Bottoms Boden,https://us.boden.com/products/women-classic-bikini-bottoms-pink-ornamental-trellis-s0197plm?tc_ch=display&tc_ve=ba&tc_so=tradedesk&tc_me=pp&tc_ca=bau,,,62.30,89.00,https://cdn.shopify.com/s/files/1/0680/4619/2892/files/26wspr_s0197_plm_m01_0c2c945f-8f05-47fe-90b4-d24f517491e1.jpg?v=1&width=800,Women,Women,22/09/2026,https://us.boden.com/products/women-classic-bikini-bottoms-pink-ornamental-trellis-s0197plm?tc_ch=display&tc_ve=ba&tc_so=tradedesk&tc_me=pp&tc_ca=bau,,,27,IN STOCK,,,"Pink, Ornamental Trellis",,,,TRUE,TRUE
55148719,55148719,55148719,Classic Fold Bikini Bottoms Boden,https://us.boden.com/products/women-classic-fold-bikini-bottoms-rich-emerald-ornate-floret-s0154sgr?tc_ch=display&tc_ve=ba&tc_so=tradedesk&tc_me=pp&tc_ca=bau,,,62.30,89.00,https://cdn.shopify.com/s/files/1/0680/4619/2892/files/26wspr_s0154_sgr_m01.jpg?v=1&width=800,Women,Women,22/09/2026,https://us.boden.com/products/women-classic-fold-bikini-bottoms-rich-emerald-ornate-floret-s0154sgr?tc_ch=display&tc_ve=ba&tc_so=tradedesk&tc_me=pp&tc_ca=bau,,,13,IN STOCK,,,"Rich Emerald, Ornate Floret",,,,TRUE,TRUE
55160269,55160269,55160269,Cross-Back Pom Trim Top Boden,https://us.boden.com/products/girls-cross-back-pom-trim-top-white-g5927wht?tc_ch=display&tc_ve=ba&tc_so=tradedesk&tc_me=pp&tc_ca=bau,,,17.40,29.00,https://cdn.shopify.com/s/files/1/0680/4619/2892/files/26gsum_g5927_wht_fdfed2b0-eea0-457d-980b-55c52f8f44d6.jpg?v=1&width=800,Girls,Girls,22/09/2026,https://us.boden.com/products/girls-cross-back-pom-trim-top-white-g5927wht?tc_ch=display&tc_ve=ba&tc_so=tradedesk&tc_me=pp&tc_ca=bau,,,78,IN STOCK,,,White,,,,TRUE,TRUE
55145840,55145840,55145840,Minori Halter Tie Bikini Top Boden,https://us.boden.com/products/women-minori-halter-tie-bikini-top-black-s0460blk?tc_ch=display&tc_ve=ba&tc_so=tradedesk&tc_me=pp&tc_ca=bau,,,62.30,89.00,https://cdn.shopify.com/s/files/1/0680/4619/2892/files/26wspr_s0460_blk_m01_810c8803-833d-46fd-a3e3-731b3f09764b.jpg?v=1&width=800,Women,Women,22/09/2026,https://us.boden.com/products/women-minori-halter-tie-bikini-top-black-s0460blk?tc_ch=display&tc_ve=ba&tc_so=tradedesk&tc_me=pp&tc_ca=bau,,,55,IN STOCK,,,Black,,,,TRUE,TRUE
55145666,55145666,55145666,Campania Bikini Bottoms Boden,https://us.boden.com/products/women-campania-bikini-bottoms-fuchsia-chocberry-s0467prp?tc_ch=display&tc_ve=ba&tc_so=tradedesk&tc_me=pp&tc_ca=bau,,,69.00,69.00,https://cdn.shopify.com/s/files/1/0680/4619/2892/files/26wspr_s0467_prp_m01_e240002c-247d-4d46-a368-20d239424ff7.jpg?v=1&width=800,Women,Women,22/09/2026,https://us.boden.com/products/women-campania-bikini-bottoms-fuchsia-chocberry-s0467prp?tc_ch=display&tc_ve=ba&tc_so=tradedesk&tc_me=pp&tc_ca=bau,,,142,IN STOCK,,,"Fuchsia, Chocberry",,,,TRUE,TRUE
55186244,55186244,55186244,Flippy Denim Shirt Dress Boden,https://us.boden.com/products/women-flippy-denim-shirt-dress-indigo-denim-d1741den?tc_ch=display&tc_ve=ba&tc_so=tradedesk&tc_me=pp&tc_ca=bau,,,139.30,199.00,https://cdn.shopify.com/s/files/1/0680/4619/2892/files/26wspr_d1741_den_m04_3c0c3bdf-a6cf-4129-a781-a8f710332dca.jpg?v=1&width=800,Women,Women,22/09/2026,https://us.boden.com/products/women-flippy-denim-shirt-dress-indigo-denim-d1741den?tc_ch=display&tc_ve=ba&tc_so=tradedesk&tc_me=pp&tc_ca=bau,,,11,IN STOCK,,,Indigo Denim,,,,TRUE,TRUE
55156188,55156188,55156188,Lettice Cut Out Swimsuit Boden,https://us.boden.com/products/girls-lettice-cut-out-swimsuit-strawberry-g5413red?tc_ch=display&tc_ve=ba&tc_so=tradedesk&tc_me=pp&tc_ca=bau,,,27.00,45.00,https://cdn.shopify.com/s/files/1/0680/4619/2892/files/26gspr_g5413_red_m01_v1_97677f4a-147b-45a1-bf72-5983e33b4ade.jpg?v=1&width=800,Girls,Girls,22/09/2026,https://us.boden.com/products/girls-lettice-cut-out-swimsuit-strawberry-g5413red?tc_ch=display&tc_ve=ba&tc_so=tradedesk&tc_me=pp&tc_ca=bau,,,124,IN STOCK,,,Strawberry,,,,TRUE,TRUE
55162541,55162541,55162541,Pull-on Carpenter Jeans Boden,https://us.boden.com/products/boys-pull-on-carpenter-jeans-light-wash-b3252blu?tc_ch=display&tc_ve=ba&tc_so=tradedesk&tc_me=pp&tc_ca=bau,,,55.00,55.00,https://cdn.shopify.com/s/files/1/0680/4619/2892/files/26baut_b3252_blu_m01.jpg?v=1&width=800,Boys,Boys,22/09/2026,https://us.boden.com/products/boys-pull-on-carpenter-jeans-light-wash-b3252blu?tc_ch=display&tc_ve=ba&tc_so=tradedesk&tc_me=pp&tc_ca=bau,,,133,IN STOCK,,,Light Wash,,,,TRUE,TRUE
55140760,55140760,55140760,High Rise Column Leg Jeans Boden,https://us.boden.com/products/women-high-rise-column-leg-jeans-bright-pink-r0713pnk?tc_ch=display&tc_ve=ba&tc_so=tradedesk&tc_me=pp&tc_ca=bau,,,89.40,149.00,https://cdn.shopify.com/s/files/1/0680/4619/2892/files/26wspr_r0713_pnk_m01_v3.jpg?v=1&width=800,Women,Women,22/09/2026,https://us.boden.com/products/women-high-rise-column-leg-jeans-bright-pink-r0713pnk?tc_ch=display&tc_ve=ba&tc_so=tradedesk&tc_me=pp&tc_ca=bau,,,22,IN STOCK,,,Bright Pink,,,,TRUE,TRUE
55158536,55158536,55158536,Classic Chino Shorts Boden,https://us.boden.com/products/boys-classic-chino-shorts-blue-oxford-b3210blu?tc_ch=display&tc_ve=ba&tc_so=tradedesk&tc_me=pp&tc_ca=bau,,,31.50,45.00,https://cdn.shopify.com/s/files/1/0680/4619/2892/files/26bsum_b3210_blu.jpg?v=1&width=800,Boys,Boys,22/09/2026,https://us.boden.com/products/boys-classic-chino-shorts-blue-oxford-b3210blu?tc_ch=display&tc_ve=ba&tc_so=tradedesk&tc_me=pp&tc_ca=bau,,,41,IN STOCK,,,Blue Oxford,,,,TRUE,TRUE
55154477,55154477,55154477,Carpenter Shorts Boden,https://us.boden.com/products/boys-carpenter-shorts-shadow-stripe-b3182den?tc_ch=display&tc_ve=ba&tc_so=tradedesk&tc_me=pp&tc_ca=bau,,,23.99,49.00,https://cdn.shopify.com/s/files/1/0680/4619/2892/files/26bsum_b3182_den_94da3d23-d02e-4437-a7b7-f0d18bd7e5d5.jpg?v=1&width=800,Boys,Boys,22/09/2026,https://us.boden.com/products/boys-carpenter-shorts-shadow-stripe-b3182den?tc_ch=display&tc_ve=ba&tc_so=tradedesk&tc_me=pp&tc_ca=bau,,,20,IN STOCK,,,Shadow Stripe,,,,TRUE,TRUE
55155592,55155592,55155592,Frill Woven Shorts Boden,https://us.boden.com/products/girls-frill-woven-shorts-lotus-strawberry-g5824pin?tc_ch=display&tc_ve=ba&tc_so=tradedesk&tc_me=pp&tc_ca=bau,,,31.50,45.00,https://cdn.shopify.com/s/files/1/0680/4619/2892/files/26gspr_g5824_pin_m01_v1.jpg?v=1&width=800,Girls,Girls,22/09/2026,https://us.boden.com/products/girls-frill-woven-shorts-lotus-strawberry-g5824pin?tc_ch=display&tc_ve=ba&tc_so=tradedesk&tc_me=pp&tc_ca=bau,,,44,IN STOCK,,,Lotus Strawberry,,,,TRUE,TRUE
55168188,55168188,55168188,Short Sleeve Printed T-Shirt Boden,https://us.boden.com/products/girls-short-sleeve-printed-t-shirt-blue-sealife-g5897blu?tc_ch=display&tc_ve=ba&tc_so=tradedesk&tc_me=pp&tc_ca=bau,,,24.50,35.00,https://cdn.shopify.com/s/files/1/0680/4619/2892/files/26gsum_g5897_blu_108dd083-b38d-4afe-ba34-8a2dc21951f7.jpg?v=1&width=800,Girls,Girls,22/09/2026,https://us.boden.com/products/girls-short-sleeve-printed-t-shirt-blue-sealife-g5897blu?tc_ch=display&tc_ve=ba&tc_so=tradedesk&tc_me=pp&tc_ca=bau,,,76,IN STOCK,,,Blue Sealife,,,,TRUE,TRUE
55160189,55160189,55160189,Crew Neck Mix Media Dress Boden,https://us.boden.com/products/women-crew-neck-mix-media-dress-navy-and-gingerbread-stripe-d1487nav?tc_ch=display&tc_ve=ba&tc_so=tradedesk&tc_me=pp&tc_ca=bau,,,84.99,170.00,https://cdn.shopify.com/s/files/1/0680/4619/2892/files/26wspr_d1487_nav_m01_v2_648b24b5-3c0b-48db-8a2c-ab822a586d49.jpg?v=1&width=800,Women,Women,22/09/2026,https://us.boden.com/products/women-crew-neck-mix-media-dress-navy-and-gingerbread-stripe-d1487nav?tc_ch=display&tc_ve=ba&tc_so=tradedesk&tc_me=pp&tc_ca=bau,,,13,IN STOCK,,,Navy and Gingerbread Stripe,,,,TRUE,TRUE
55161293,55161293,55161293,Short Sleeve Rash Guard Top Boden,https://us.boden.com/products/women-short-sleeve-rash-guard-top-purple-colour-block-s0486prp?tc_ch=display&tc_ve=ba&tc_so=tradedesk&tc_me=pp&tc_ca=bau,,,110.00,110.00,https://cdn.shopify.com/s/files/1/0680/4619/2892/files/26wsum_s0486_prp_m01_f9b7005b-dc99-46e7-bdd7-dcd7c3639b3f.jpg?v=1&width=800,Women,Women,22/09/2026,https://us.boden.com/products/women-short-sleeve-rash-guard-top-purple-colour-block-s0486prp?tc_ch=display&tc_ve=ba&tc_so=tradedesk&tc_me=pp&tc_ca=bau,,,25,IN STOCK,,,"Purple, Colour block",,,,TRUE,TRUE
55157723,55157723,55157723,Short Sleeve Towelling T-shirt Boden,https://us.boden.com/products/boys-short-sleeve-towelling-t-shirt-sapphire-blue-ivory-b3158dbl?tc_ch=display&tc_ve=ba&tc_so=tradedesk&tc_me=pp&tc_ca=bau,,,22.40,32.00,https://cdn.shopify.com/s/files/1/0680/4619/2892/files/26bspr_b3158_dbl_1371eba7-56e4-4d65-b923-31452a725bac.jpg?v=1&width=800,Boys,Boys,22/09/2026,https://us.boden.com/products/boys-short-sleeve-towelling-t-shirt-sapphire-blue-ivory-b3158dbl?tc_ch=display&tc_ve=ba&tc_so=tradedesk&tc_me=pp&tc_ca=bau,,,34,IN STOCK,,,Sapphire Blue/Ivory,,,,TRUE,TRUE
55151596,55151596,55151596,Asymmetric Sandal Boden,https://us.boden.com/products/women-asymmetric-sandal-tan-gold-a2140gol?tc_ch=display&tc_ve=ba&tc_so=tradedesk&tc_me=pp&tc_ca=bau,,,63.99,129.00,https://cdn.shopify.com/s/files/1/0680/4619/2892/files/26wsum_a2140_gol_v1_2a1bd62d-e0a3-4d13-87aa-b6ca43a9fbc2.jpg?v=1&width=800,Women,Women,22/09/2026,https://us.boden.com/products/women-asymmetric-sandal-tan-gold-a2140gol?tc_ch=display&tc_ve=ba&tc_so=tradedesk&tc_me=pp&tc_ca=bau,,,19,IN STOCK,,,Tan/Gold,,,,TRUE,TRUE
55180123,55180123,55180123,Triple Strap Footbed Sandal Boden,https://us.boden.com/products/women-triple-strap-footbed-sandal-dusty-pink-a2192pnk?tc_ch=display&tc_ve=ba&tc_so=tradedesk&tc_me=pp&tc_ca=bau,,,87.99,220.00,https://cdn.shopify.com/s/files/1/0680/4619/2892/files/26wsum_a2192_pnk_v2_1f4d37cf-ef0a-4b10-b46e-2358f329d984.jpg?v=1&width=800,Women,Women,22/09/2026,https://us.boden.com/products/women-triple-strap-footbed-sandal-dusty-pink-a2192pnk?tc_ch=display&tc_ve=ba&tc_so=tradedesk&tc_me=pp&tc_ca=bau,,,22,IN STOCK,,,Dusty Pink,,,,TRUE,TRUE
55155712,55155712,55155712,Edi Trim Detail T-shirt Boden,https://us.boden.com/products/women-edi-trim-detail-t-shirt-white-t2048wht?tc_ch=display&tc_ve=ba&tc_so=tradedesk&tc_me=pp&tc_ca=bau,,,30.99,79.00,https://cdn.shopify.com/s/files/1/0680/4619/2892/files/26wsum_t2048_wht_m01_v1_e7a31796-f26b-48be-aac5-a2f1cb9720f8.jpg?v=1&width=800,Women,Women,22/09/2026,https://us.boden.com/products/women-edi-trim-detail-t-shirt-white-t2048wht?tc_ch=display&tc_ve=ba&tc_so=tradedesk&tc_me=pp&tc_ca=bau,,,50,IN STOCK,,,White,,,,TRUE,TRUE
55142098,55142098,55142098,Tiered Woven Dress Boden,https://us.boden.com/products/baby-tiered-woven-dress-soft-ivory-rose-y2813ivo?tc_ch=display&tc_ve=ba&tc_so=tradedesk&tc_me=pp&tc_ca=bau,,,33.99,69.00,https://cdn.shopify.com/s/files/1/0680/4619/2892/files/26uspr_y2813_ivo_v1_5082ae86-b013-44cf-9888-3fa7958545ab.jpg?v=1&width=800,Baby,Baby,22/09/2026,https://us.boden.com/products/baby-tiered-woven-dress-soft-ivory-rose-y2813ivo?tc_ch=display&tc_ve=ba&tc_so=tradedesk&tc_me=pp&tc_ca=bau,,,78,IN STOCK,,,Soft Ivory Rose,,,,TRUE,TRUE
55153768,55153768,55153768,Longline Linen Shirt Boden,https://us.boden.com/products/women-longline-linen-shirt-black-t1996blk?tc_ch=display&tc_ve=ba&tc_so=tradedesk&tc_me=pp&tc_ca=bau,,,73.99,149.00,https://cdn.shopify.com/s/files/1/0680/4619/2892/files/26wspr_t1996_blk_m01_ce04bc0b-5be5-4c5d-ac70-56a89d98844b.jpg?v=1&width=800,Women,Women,22/09/2026,https://us.boden.com/products/women-longline-linen-shirt-black-t1996blk?tc_ch=display&tc_ve=ba&tc_so=tradedesk&tc_me=pp&tc_ca=bau,,,41,IN STOCK,,,Black,,,,TRUE,TRUE
55159673,55159673,55159673,Fun Romie Towelling Zip-Up Boden,https://us.boden.com/products/girls-fun-romie-towelling-zip-up-strawberry-tart-red-g6042red?tc_ch=display&tc_ve=ba&tc_so=tradedesk&tc_me=pp&tc_ca=bau,,,38.50,55.00,https://cdn.shopify.com/s/files/1/0680/4619/2892/files/26gspr_g6042_red_m01.jpg?v=1&width=800,Girls,Girls,22/09/2026,https://us.boden.com/products/girls-fun-romie-towelling-zip-up-strawberry-tart-red-g6042red?tc_ch=display&tc_ve=ba&tc_so=tradedesk&tc_me=pp&tc_ca=bau,,,72,IN STOCK,,,Strawberry Tart Red,,,,TRUE,TRUE
55159447,55159447,55159447,Fabric Mix Broderie Top Boden,https://us.boden.com/products/girls-fabric-mix-broderie-top-carmine-rose-g5932pnk?tc_ch=display&tc_ve=ba&tc_so=tradedesk&tc_me=pp&tc_ca=bau,,,27.30,39.00,https://cdn.shopify.com/s/files/1/0680/4619/2892/files/26gsum_g5932_pnk_bceb4da9-ece2-45f8-8c6a-c691b394e6ea.jpg?v=1&width=800,Girls,Girls,22/09/2026,https://us.boden.com/products/girls-fabric-mix-broderie-top-carmine-rose-g5932pnk?tc_ch=display&tc_ve=ba&tc_so=tradedesk&tc_me=pp&tc_ca=bau,,,37,IN STOCK,,,Carmine Rose,,,,TRUE,TRUE
55150795,55150795,55150795,Alba Smocked Jersey Midi Dress Boden,https://us.boden.com/products/women-alba-smocked-jersey-midi-dress-damson-d1499prp?tc_ch=display&tc_ve=ba&tc_so=tradedesk&tc_me=pp&tc_ca=bau,,,104.30,149.00,https://cdn.shopify.com/s/files/1/0680/4619/2892/files/26wsum_d1499_prp_m01_fe43f923-9c92-4a92-9150-5f1e6703de35.jpg?v=1&width=800,Women,Women,22/09/2026,https://us.boden.com/products/women-alba-smocked-jersey-midi-dress-damson-d1499prp?tc_ch=display&tc_ve=ba&tc_so=tradedesk&tc_me=pp&tc_ca=bau,,,10,IN STOCK,,,Damson,,,,TRUE,TRUE
55158597,55158597,55158597,Clover Bow Back Jersey Dress Boden,https://us.boden.com/products/girls-clover-bow-back-jersey-dress-rainbow-ombre-flowerbed-g5947mpi?tc_ch=display&tc_ve=ba&tc_so=tradedesk&tc_me=pp&tc_ca=bau,,,31.50,45.00,https://cdn.shopify.com/s/files/1/0680/4619/2892/files/26gsum_g5947_mpi.jpg?v=1&width=800,Girls,Girls,22/09/2026,https://us.boden.com/products/girls-clover-bow-back-jersey-dress-rainbow-ombre-flowerbed-g5947mpi?tc_ch=display&tc_ve=ba&tc_so=tradedesk&tc_me=pp&tc_ca=bau,,,200,IN STOCK,,,Rainbow Ombre Flowerbed,,,,TRUE,TRUE
55157293,55157293,55157293,Flower Sandals Boden,https://us.boden.com/products/women-flower-sandals-navy-a2156ngm?tc_ch=display&tc_ve=ba&tc_so=tradedesk&tc_me=pp&tc_ca=bau,,,149.40,249.00,https://cdn.shopify.com/s/files/1/0680/4619/2892/files/26wsum_a2156_ngm_v1_367711ab-dc71-4a84-86b3-81c25335b885.jpg?v=1&width=800,Women,Women,22/09/2026,https://us.boden.com/products/women-flower-sandals-navy-a2156ngm?tc_ch=display&tc_ve=ba&tc_so=tradedesk&tc_me=pp&tc_ca=bau,,,17,IN STOCK,,,Navy,,,,TRUE,TRUE
55155326,55155326,55155326,Pleated Cup Bikini Top Boden,https://us.boden.com/products/women-pleated-cup-bikini-top-bright-fuchsia-s0462pnk?tc_ch=display&tc_ve=ba&tc_so=tradedesk&tc_me=pp&tc_ca=bau,,,38.99,99.00,https://cdn.shopify.com/s/files/1/0680/4619/2892/files/26wsum_s0462_pnk_m01_47e8273b-06f2-458a-a132-4aed1efdea09.jpg?v=1&width=800,Women,Women,22/09/2026,https://us.boden.com/products/women-pleated-cup-bikini-top-bright-fuchsia-s0462pnk?tc_ch=display&tc_ve=ba&tc_so=tradedesk&tc_me=pp&tc_ca=bau,,,15,IN STOCK,,,Bright Fuchsia,,,,TRUE,TRUE
55178094,55178094,55178094,Short Sleeve Rash Guard Top Boden,https://us.boden.com/products/women-short-sleeve-rash-guard-top-pink-colourblock-s0486pnk?tc_ch=display&tc_ve=ba&tc_so=tradedesk&tc_me=pp&tc_ca=bau,,,77.00,110.00,https://cdn.shopify.com/s/files/1/0680/4619/2892/files/26wsum_s0486_pnk_m01_f3193a1f-d924-4367-8acb-b867569044eb.jpg?v=1&width=800,Women,Women,22/09/2026,https://us.boden.com/products/women-short-sleeve-rash-guard-top-pink-colourblock-s0486pnk?tc_ch=display&tc_ve=ba&tc_so=tradedesk&tc_me=pp&tc_ca=bau,,,17,IN STOCK,,,"Pink, Colourblock",,,,TRUE,TRUE
55155265,55155265,55155265,Pleated Cup Swimsuit Boden,https://us.boden.com/products/women-pleated-cup-swimsuit-bright-fuchsia-s0447pnk?tc_ch=display&tc_ve=ba&tc_so=tradedesk&tc_me=pp&tc_ca=bau,,,63.99,160.00,https://cdn.shopify.com/s/files/1/0680/4619/2892/files/26wsum_s0447_pnk_m01_a147390b-f165-4d5c-83e3-9d65a337b5a3.jpg?v=1&width=800,Women,Women,22/09/2026,https://us.boden.com/products/women-pleated-cup-swimsuit-bright-fuchsia-s0447pnk?tc_ch=display&tc_ve=ba&tc_so=tradedesk&tc_me=pp&tc_ca=bau,,,53,IN STOCK,,,Bright Fuchsia,,,,TRUE,TRUE
55155337,55155337,55155337,Classic Ruched Bikini Bottoms Boden,https://us.boden.com/products/women-classic-ruched-bikini-bottoms-bright-fuchsia-s0469pnk?tc_ch=display&tc_ve=ba&tc_so=tradedesk&tc_me=pp&tc_ca=bau,,,34.99,89.00,https://cdn.shopify.com/s/files/1/0680/4619/2892/files/26wsum_s0469_pnk_m01_a486e11e-8fe9-4899-a0e8-17a97f84634a.jpg?v=1&width=800,Women,Women,22/09/2026,https://us.boden.com/products/women-classic-ruched-bikini-bottoms-bright-fuchsia-s0469pnk?tc_ch=display&tc_ve=ba&tc_so=tradedesk&tc_me=pp&tc_ca=bau,,,65,IN STOCK,,,Bright Fuchsia,,,,TRUE,TRUE
55183934,55183934,55183934,Flower Sandals Boden,https://us.boden.com/products/women-flower-sandals-gold-a2156gol?tc_ch=display&tc_ve=ba&tc_so=tradedesk&tc_me=pp&tc_ca=bau,,,149.40,249.00,https://cdn.shopify.com/s/files/1/0680/4619/2892/files/26wsum_a2156_gol_v1_536003c4-5ac4-4e96-814e-d6a31d2a7bfe.jpg?v=1&width=800,Women,Women,22/09/2026,https://us.boden.com/products/women-flower-sandals-gold-a2156gol?tc_ch=display&tc_ve=ba&tc_so=tradedesk&tc_me=pp&tc_ca=bau,,,36,IN STOCK,,,Gold,,,,TRUE,TRUE
55161493,55161493,55161493,Ivy Button Cotton Midi Dress Boden,https://us.boden.com/products/women-ivy-button-cotton-midi-dress-verdant-green-meadow-scatter-d1535grn?tc_ch=display&tc_ve=ba&tc_so=tradedesk&tc_me=pp&tc_ca=bau,,,154.00,220.00,https://cdn.shopify.com/s/files/1/0680/4619/2892/files/26wsum_d1535_grn_m01.jpg?v=1&width=800,Women,Women,22/09/2026,https://us.boden.com/products/women-ivy-button-cotton-midi-dress-verdant-green-meadow-scatter-d1535grn?tc_ch=display&tc_ve=ba&tc_so=tradedesk&tc_me=pp&tc_ca=bau,,,12,IN STOCK,,,"Verdant Green, Meadow Scatter",,,,TRUE,TRUE
55158609,55158609,55158609,Valentina Linen Skirt Boden,https://us.boden.com/products/women-valentina-linen-skirt-blue-chambray-r0877lbl?tc_ch=display&tc_ve=ba&tc_so=tradedesk&tc_me=pp&tc_ca=bau,,,152.00,190.00,https://cdn.shopify.com/s/files/1/0680/4619/2892/files/26wsum_r0877_lbl_m01_v3_b3028429-5964-4535-810a-599d1f08fdd5.jpg?v=1&width=800,Women,Women,22/09/2026,https://us.boden.com/products/women-valentina-linen-skirt-blue-chambray-r0877lbl?tc_ch=display&tc_ve=ba&tc_so=tradedesk&tc_me=pp&tc_ca=bau,,,6,IN STOCK,,,Blue Chambray,,,,TRUE,TRUE
55151707,55151707,55151707,Antonia Jersey Maxi Dress Boden,https://us.boden.com/products/women-antonia-jersey-maxi-dress-navy-d1529nav?tc_ch=display&tc_ve=ba&tc_so=tradedesk&tc_me=pp&tc_ca=bau,,,63.99,160.00,https://cdn.shopify.com/s/files/1/0680/4619/2892/files/26wsum_d1529_nav_m01_32152e16-6474-4679-8a9d-9df61bf1306e.jpg?v=1&width=800,Women,Women,22/09/2026,https://us.boden.com/products/women-antonia-jersey-maxi-dress-navy-d1529nav?tc_ch=display&tc_ve=ba&tc_so=tradedesk&tc_me=pp&tc_ca=bau,,,14,IN STOCK,,,Navy,,,,TRUE,TRUE
55159809,55159809,55159809,Mykonos Deep V Swimsuit Boden,https://us.boden.com/products/women-mykonos-deep-v-swimsuit-oceanside-s0405ltu?tc_ch=display&tc_ve=ba&tc_so=tradedesk&tc_me=pp&tc_ca=bau,,,104.30,149.00,https://cdn.shopify.com/s/files/1/0680/4619/2892/files/26wsum_s0405_ltu_m01_d7ae0fea-77ee-4220-b4f6-073b6729067a.jpg?v=1&width=800,Women,Women,22/09/2026,https://us.boden.com/products/women-mykonos-deep-v-swimsuit-oceanside-s0405ltu?tc_ch=display&tc_ve=ba&tc_so=tradedesk&tc_me=pp&tc_ca=bau,,,35,IN STOCK,,,Oceanside,,,,TRUE,TRUE
55163118,55163118,55163118,Abigail Linen Maxi Skirt Boden,https://us.boden.com/products/women-abigail-linen-maxi-skirt-multi-stripe-r0905mlt?tc_ch=display&tc_ve=ba&tc_so=tradedesk&tc_me=pp&tc_ca=bau,,,176.00,220.00,https://cdn.shopify.com/s/files/1/0680/4619/2892/files/26wsum_r0905_mlt_m01_b6c9eaae-c8b3-4699-b0cc-2941fd04b1b0.jpg?v=1&width=800,Women,Women,22/09/2026,https://us.boden.com/products/women-abigail-linen-maxi-skirt-multi-stripe-r0905mlt?tc_ch=display&tc_ve=ba&tc_so=tradedesk&tc_me=pp&tc_ca=bau,,,36,IN STOCK,,,Multi Stripe,,,,TRUE,TRUE
55159095,55159095,55159095,One Shoulder Appliqué Swimsuit Boden,https://us.boden.com/products/girls-one-shoulder-applique-swimsuit-sorbet-pink-flamingo-g5869pnk?tc_ch=display&tc_ve=ba&tc_so=tradedesk&tc_me=pp&tc_ca=bau,,,35.40,59.00,https://cdn.shopify.com/s/files/1/0680/4619/2892/files/26gsum_g5869_pnk_1125a2e9-e7f2-4305-af42-98bddae0eff9.jpg?v=1&width=800,Girls,Girls,22/09/2026,https://us.boden.com/products/girls-one-shoulder-applique-swimsuit-sorbet-pink-flamingo-g5869pnk?tc_ch=display&tc_ve=ba&tc_so=tradedesk&tc_me=pp&tc_ca=bau,,,72,IN STOCK,,,Sorbet Pink Flamingo,,,,TRUE,TRUE
55170307,55170307,55170307,Serena Pleat Neck Linen Top Boden,https://us.boden.com/products/women-serena-pleat-neck-linen-top-chambray-t2107mbl?tc_ch=display&tc_ve=ba&tc_so=tradedesk&tc_me=pp&tc_ca=bau,,,73.99,149.00,https://cdn.shopify.com/s/files/1/0680/4619/2892/files/26wsum_t2107_mbl_m01.jpg?v=1&width=800,Women,Women,22/09/2026,https://us.boden.com/products/women-serena-pleat-neck-linen-top-chambray-t2107mbl?tc_ch=display&tc_ve=ba&tc_so=tradedesk&tc_me=pp&tc_ca=bau,,,48,IN STOCK,,,Chambray,,,,TRUE,TRUE
55153635,55153635,55153635,Sleeveless Ponte Midi Dress Boden,https://us.boden.com/products/women-sleeveless-ponte-midi-dress-passion-flower-d1489pur?tc_ch=display&tc_ve=ba&tc_so=tradedesk&tc_me=pp&tc_ca=bau,,,132.00,220.00,https://cdn.shopify.com/s/files/1/0680/4619/2892/files/26wsum_d1489_pur_m01.jpg?v=1&width=800,Women,Women,22/09/2026,https://us.boden.com/products/women-sleeveless-ponte-midi-dress-passion-flower-d1489pur?tc_ch=display&tc_ve=ba&tc_so=tradedesk&tc_me=pp&tc_ca=bau,,,114,IN STOCK,,,Passion Flower,,,,TRUE,TRUE
55150696,55150696,55150696,Bloomsbury Linen Pants Boden,https://us.boden.com/products/women-bloomsbury-linen-pants-navy-r0862nav?tc_ch=display&tc_ve=ba&tc_so=tradedesk&tc_me=pp&tc_ca=bau,,,126.00,180.00,https://cdn.shopify.com/s/files/1/0680/4619/2892/files/26wsum_r0862_nav_m01_v1.jpg?v=1&width=800,Women,Women,22/09/2026,https://us.boden.com/products/women-bloomsbury-linen-pants-navy-r0862nav?tc_ch=display&tc_ve=ba&tc_so=tradedesk&tc_me=pp&tc_ca=bau,,,11,IN STOCK,,,Navy,,,,TRUE,TRUE
55154661,55154661,55154661,Kythira Ruched Bikini Top Boden,https://us.boden.com/products/women-kythira-ruched-bikini-top-chocberry-s0426brn?tc_ch=display&tc_ve=ba&tc_so=tradedesk&tc_me=pp&tc_ca=bau,,,89.00,89.00,https://cdn.shopify.com/s/files/1/0680/4619/2892/files/26wsum_s0426_brn_m01.jpg?v=1&width=800,Women,Women,22/09/2026,https://us.boden.com/products/women-kythira-ruched-bikini-top-chocberry-s0426brn?tc_ch=display&tc_ve=ba&tc_so=tradedesk&tc_me=pp&tc_ca=bau,,,150,IN STOCK,,,Chocberry,,,,TRUE,TRUE
55156926,55156926,55156926,Hampstead Linen Blazer Boden,https://us.boden.com/products/women-hampstead-linen-blazer-vintage-rose-gingham-u0352pnk?tc_ch=display&tc_ve=ba&tc_so=tradedesk&tc_me=pp&tc_ca=bau,,,209.30,299.00,https://cdn.shopify.com/s/files/1/0680/4619/2892/files/26wsum_u0352_pnk_m01.jpg?v=1&width=800,Women,Women,22/09/2026,https://us.boden.com/products/women-hampstead-linen-blazer-vintage-rose-gingham-u0352pnk?tc_ch=display&tc_ve=ba&tc_so=tradedesk&tc_me=pp&tc_ca=bau,,,12,IN STOCK,,,Vintage Rose Gingham,,,,TRUE,TRUE
55157384,55157384,55157384,Trim Insert Double Cloth Top Boden,https://us.boden.com/products/women-trim-insert-double-cloth-top-rosebud-t2008pgr?tc_ch=display&tc_ve=ba&tc_so=tradedesk&tc_me=pp&tc_ca=bau,,,66.00,110.00,https://cdn.shopify.com/s/files/1/0680/4619/2892/files/26wsum_t2008_pgr_m01_ec815412-1d2e-4f91-b7eb-c32e6a66bebb.jpg?v=1&width=800,Women,Women,22/09/2026,https://us.boden.com/products/women-trim-insert-double-cloth-top-rosebud-t2008pgr?tc_ch=display&tc_ve=ba&tc_so=tradedesk&tc_me=pp&tc_ca=bau,,,8,IN STOCK,,,Rosebud,,,,TRUE,TRUE
55162838,55162838,55162838,Sun Safe Surfsuit Boden,https://us.boden.com/products/baby-sun-safe-surfsuit-stripe-cherries-y2838lbl?tc_ch=display&tc_ve=ba&tc_so=tradedesk&tc_me=pp&tc_ca=bau,,,26.99,55.00,https://cdn.shopify.com/s/files/1/0680/4619/2892/files/26usum_y2838_lbl_233f5cad-32ff-4eed-8d50-cd0412fa8b7f.jpg?v=1&width=800,Baby,Baby,22/09/2026,https://us.boden.com/products/baby-sun-safe-surfsuit-stripe-cherries-y2838lbl?tc_ch=display&tc_ve=ba&tc_so=tradedesk&tc_me=pp&tc_ca=bau,,,65,IN STOCK,,,Stripe Cherries,,,,TRUE,TRUE
55165478,55165478,55165478,Sun Safe Surfsuit Boden,https://us.boden.com/products/baby-sun-safe-surfsuit-pink-ditsy-floral-y2838pnt?tc_ch=display&tc_ve=ba&tc_so=tradedesk&tc_me=pp&tc_ca=bau,,,38.50,55.00,https://cdn.shopify.com/s/files/1/0680/4619/2892/files/26usum_y2838_pnt_e4f9ee7d-7781-4e8b-a1ca-4788488689c2.jpg?v=1&width=800,Baby,Baby,22/09/2026,https://us.boden.com/products/baby-sun-safe-surfsuit-pink-ditsy-floral-y2838pnt?tc_ch=display&tc_ve=ba&tc_so=tradedesk&tc_me=pp&tc_ca=bau,,,53,IN STOCK,,,Pink Ditsy Floral,,,,TRUE,TRUE
55155872,55155872,55155872,Pleated Cup Bikini Top Boden,https://us.boden.com/products/women-pleated-cup-bikini-top-oceanside-s0462blu?tc_ch=display&tc_ve=ba&tc_so=tradedesk&tc_me=pp&tc_ca=bau,,,38.99,99.00,https://cdn.shopify.com/s/files/1/0680/4619/2892/files/26wsum_s0462_blu_m01.jpg?v=1&width=800,Women,Women,22/09/2026,https://us.boden.com/products/women-pleated-cup-bikini-top-oceanside-s0462blu?tc_ch=display&tc_ve=ba&tc_so=tradedesk&tc_me=pp&tc_ca=bau,,,24,IN STOCK,,,Oceanside,,,,TRUE,TRUE
55155180,55155180,55155180,Minori Halter Tie Bikini Top Boden,https://us.boden.com/products/women-minori-halter-tie-bikini-top-multi-leafy-cascade-s0460mul?tc_ch=display&tc_ve=ba&tc_so=tradedesk&tc_me=pp&tc_ca=bau,,,34.99,89.00,https://cdn.shopify.com/s/files/1/0680/4619/2892/files/26wsum_s0460_mul_m01.jpg?v=1&width=800,Women,Women,22/09/2026,https://us.boden.com/products/women-minori-halter-tie-bikini-top-multi-leafy-cascade-s0460mul?tc_ch=display&tc_ve=ba&tc_so=tradedesk&tc_me=pp&tc_ca=bau,,,75,IN STOCK,,,"Multi, Leafy Cascade",,,,TRUE,TRUE
55159021,55159021,55159021,Classic Ruched Bikini Bottoms Boden,https://us.boden.com/products/women-classic-ruched-bikini-bottoms-ocean-view-s0469blu?tc_ch=display&tc_ve=ba&tc_so=tradedesk&tc_me=pp&tc_ca=bau,,,34.99,89.00,https://cdn.shopify.com/s/files/1/0680/4619/2892/files/26wsum_s0469_blu_m01_d0d597af-3160-4c93-a5c4-a5d659b44932.jpg?v=1&width=800,Women,Women,22/09/2026,https://us.boden.com/products/women-classic-ruched-bikini-bottoms-ocean-view-s0469blu?tc_ch=display&tc_ve=ba&tc_so=tradedesk&tc_me=pp&tc_ca=bau,,,85,IN STOCK,,,Ocean View,,,,TRUE,TRUE
55171872,55171872,55171872,Mule Slipper Loafer Boden,https://us.boden.com/products/women-mule-slipper-loafer-gold-weave-a2151gld?tc_ch=display&tc_ve=ba&tc_so=tradedesk&tc_me=pp&tc_ca=bau,,,94.99,190.00,https://cdn.shopify.com/s/files/1/0680/4619/2892/files/26wsum_a2151_gld_v1_28e6b58c-9974-4adb-8d32-f53f8b8b614c.jpg?v=1&width=800,Women,Women,22/09/2026,https://us.boden.com/products/women-mule-slipper-loafer-gold-weave-a2151gld?tc_ch=display&tc_ve=ba&tc_so=tradedesk&tc_me=pp&tc_ca=bau,,,9,IN STOCK,,,Gold Weave,,,,TRUE,TRUE
55168568,55168568,55168568,Interlocked Flat Sandal Boden,https://us.boden.com/products/women-interlocked-flat-sandal-tan-a2145mbr?tc_ch=display&tc_ve=ba&tc_so=tradedesk&tc_me=pp&tc_ca=bau,,,94.99,190.00,https://cdn.shopify.com/s/files/1/0680/4619/2892/files/26wsum_a2145_mbr_v1_c6f7e45b-d5ce-48ee-bd4c-d7c1b469bfd3.jpg?v=1&width=800,Women,Women,22/09/2026,https://us.boden.com/products/women-interlocked-flat-sandal-tan-a2145mbr?tc_ch=display&tc_ve=ba&tc_so=tradedesk&tc_me=pp&tc_ca=bau,,,18,IN STOCK,,,Tan,,,,TRUE,TRUE
55152366,55152366,55152366,Kate Puff Sleeve Belted Dress Boden,https://us.boden.com/products/women-kate-puff-sleeve-belted-dress-ivory-elegant-garden-d1463ecr?tc_ch=display&tc_ve=ba&tc_so=tradedesk&tc_me=pp&tc_ca=bau,,,209.30,299.00,https://cdn.shopify.com/s/files/1/0680/4619/2892/files/26wsum_d1463_ecr_m01_v1_18027e60-1c75-48f3-b7a3-2a795a0a5ded.jpg?v=1&width=800,Women,Women,22/09/2026,https://us.boden.com/products/women-kate-puff-sleeve-belted-dress-ivory-elegant-garden-d1463ecr?tc_ch=display&tc_ve=ba&tc_so=tradedesk&tc_me=pp&tc_ca=bau,,,78,IN STOCK,,,"Ivory, Elegant Garden",,,,TRUE,TRUE
55189259,55189259,55189259,Toe Post Kitten Heels Boden,https://us.boden.com/products/women-toe-post-kitten-heels-deep-wisteria-a2222dcm?tc_ch=display&tc_ve=ba&tc_so=tradedesk&tc_me=pp&tc_ca=bau,,,109.99,220.00,https://cdn.shopify.com/s/files/1/0680/4619/2892/files/26wsum_a2222_dcm_v1_e1c5aa12-cd23-4431-9540-eb8aaabe3383.jpg?v=1&width=800,Women,Women,22/09/2026,https://us.boden.com/products/women-toe-post-kitten-heels-deep-wisteria-a2222dcm?tc_ch=display&tc_ve=ba&tc_so=tradedesk&tc_me=pp&tc_ca=bau,,,68,IN STOCK,,,Deep Wisteria,,,,TRUE,TRUE
55189276,55189276,55189276,Toe Post Kitten Heels Boden,https://us.boden.com/products/women-toe-post-kitten-heels-tan-a2222tor?tc_ch=display&tc_ve=ba&tc_so=tradedesk&tc_me=pp&tc_ca=bau,,,109.99,220.00,https://cdn.shopify.com/s/files/1/0680/4619/2892/files/26wsum_a2222_tor_v1_7b0b2225-fbf1-4443-b149-300e51015b62.jpg?v=1&width=800,Women,Women,22/09/2026,https://us.boden.com/products/women-toe-post-kitten-heels-tan-a2222tor?tc_ch=display&tc_ve=ba&tc_so=tradedesk&tc_me=pp&tc_ca=bau,,,37,IN STOCK,,,Tan,,,,TRUE,TRUE
55153034,55153034,55153034,Interlocked Flat Sandal Boden,https://us.boden.com/products/women-interlocked-flat-sandal-navy-a2145nvy?tc_ch=display&tc_ve=ba&tc_so=tradedesk&tc_me=pp&tc_ca=bau,,,94.99,190.00,https://cdn.shopify.com/s/files/1/0680/4619/2892/files/26wsum_a2145_nvy_v1_6d394daa-de60-46ae-b301-76a8f3d7a273.jpg?v=1&width=800,Women,Women,22/09/2026,https://us.boden.com/products/women-interlocked-flat-sandal-navy-a2145nvy?tc_ch=display&tc_ve=ba&tc_so=tradedesk&tc_me=pp&tc_ca=bau,,,19,IN STOCK,,,Navy,,,,TRUE,TRUE
