prclient,prid,prid_filtered,prname,prurl,prshortdescription,prdescription,prdisplayprice,prprice,primageurl,prcategory,prsubcategory,prcreatedon,pralternativeurl,prbestseller,prsku,pravailablequantity,pravailability,prquantitysold,prsize,prcolor,prcountry,prfromprice,prposition,isactive,isdefault
40122532,40122532,40122532,Plain Cami Top Boden,https://us.boden.com/products/women-plain-cami-top-light-beige-wo064lpk?tc_ch=display&tc_ve=ba&tc_so=tradedesk&tc_me=pp&tc_ca=bau,,,29.00,29.00,https://cdn.shopify.com/s/files/1/0680/4619/2892/files/25wxms_wo064_lpk_m01_5cc48547-7f0a-420b-9b27-d2265e02366b.jpg?v=1&width=800,Women,Women,03/10/2026,https://us.boden.com/products/women-plain-cami-top-light-beige-wo064lpk?tc_ch=display&tc_ve=ba&tc_so=tradedesk&tc_me=pp&tc_ca=bau,,,115,IN STOCK,,,Light Beige,,,,TRUE,TRUE
40469490,40469490,40469490,Essential Boat-Neck Jersey Top Boden,https://us.boden.com/products/women-essential-boat-neck-jersey-top-white-t1478wht?tc_ch=display&tc_ve=ba&tc_so=tradedesk&tc_me=pp&tc_ca=bau,,,18.99,39.00,https://cdn.shopify.com/s/files/1/0680/4619/2892/files/25wxms_t1478_wht_m01_818e0c20-b616-4340-a577-b44f57d7dcac.jpg?v=1&width=800,Women,Women,03/10/2026,https://us.boden.com/products/women-essential-boat-neck-jersey-top-white-t1478wht?tc_ch=display&tc_ve=ba&tc_so=tradedesk&tc_me=pp&tc_ca=bau,,,48,IN STOCK,,,White,,,,TRUE,TRUE
55038790,55038790,55038790,Supersoft Frill Detail Top Boden,https://us.boden.com/products/women-supersoft-frill-detail-top-navy-t1657nav?tc_ch=display&tc_ve=ba&tc_so=tradedesk&tc_me=pp&tc_ca=bau,,,59.00,59.00,https://cdn.shopify.com/s/files/1/0680/4619/2892/files/24waut_t1657_nav_m02_4e56cac7-6571-4aed-afa2-fcbaa4970032.jpg?v=1&width=800,Women,Women,03/10/2026,https://us.boden.com/products/women-supersoft-frill-detail-top-navy-t1657nav?tc_ch=display&tc_ve=ba&tc_so=tradedesk&tc_me=pp&tc_ca=bau,,,257,IN STOCK,,,Navy,,,,TRUE,TRUE
55028664,55028664,55028664,Supersoft Frill Detail T-shirt Boden,https://us.boden.com/products/women-supersoft-frill-detail-t-shirt-black-t1685blk?tc_ch=display&tc_ve=ba&tc_so=tradedesk&tc_me=pp&tc_ca=bau,,,49.00,49.00,https://cdn.shopify.com/s/files/1/0680/4619/2892/files/25wxms_t1685_blk_m01_a5799397-aaa6-4b43-a908-250cb6c977fd.jpg?v=1&width=800,Women,Women,03/10/2026,https://us.boden.com/products/women-supersoft-frill-detail-t-shirt-black-t1685blk?tc_ch=display&tc_ve=ba&tc_so=tradedesk&tc_me=pp&tc_ca=bau,,,295,IN STOCK,,,Black,,,,TRUE,TRUE
35794858,35794858,35794858,Plain Cami Top Boden,https://us.boden.com/products/women-plain-cami-top-white-wo064wht?tc_ch=display&tc_ve=ba&tc_so=tradedesk&tc_me=pp&tc_ca=bau,,,29.00,29.00,https://cdn.shopify.com/s/files/1/0680/4619/2892/files/25wxms_wo064_wht_m01_64d51a12-c035-4806-8cf0-316fc68185e3.jpg?v=1&width=800,Women,Women,03/10/2026,https://us.boden.com/products/women-plain-cami-top-white-wo064wht?tc_ch=display&tc_ve=ba&tc_so=tradedesk&tc_me=pp&tc_ca=bau,,,300,IN STOCK,,,White,,,,TRUE,TRUE
55065287,55065287,55065287,Cotton Crew Long Sleeve Top Boden,https://us.boden.com/products/women-cotton-crew-long-sleeve-top-white-t1829wht?tc_ch=display&tc_ve=ba&tc_so=tradedesk&tc_me=pp&tc_ca=bau,,,45.00,45.00,https://cdn.shopify.com/s/files/1/0680/4619/2892/files/25wspr_t1829_wht_m01_5efc4747-fc54-45b1-a73c-5d03f19eaede.jpg?v=1&width=800,Women,Women,03/10/2026,https://us.boden.com/products/women-cotton-crew-long-sleeve-top-white-t1829wht?tc_ch=display&tc_ve=ba&tc_so=tradedesk&tc_me=pp&tc_ca=bau,,,459,IN STOCK,,,White,,,,TRUE,TRUE
55052516,55052516,55052516,Regular V-Neck Slub Tank Boden,https://us.boden.com/products/women-regular-v-neck-slub-tank-navy-t1825nav?tc_ch=display&tc_ve=ba&tc_so=tradedesk&tc_me=pp&tc_ca=bau,,,32.00,32.00,https://cdn.shopify.com/s/files/1/0680/4619/2892/files/25wspr_t1825_nav_m01_03c356bf-d564-40e8-92d3-246405d7d430.jpg?v=1&width=800,Women,Women,03/10/2026,https://us.boden.com/products/women-regular-v-neck-slub-tank-navy-t1825nav?tc_ch=display&tc_ve=ba&tc_so=tradedesk&tc_me=pp&tc_ca=bau,,,300,IN STOCK,,,Navy,,,,TRUE,TRUE
55124688,55124688,55124688,Ara Silk Blend Lace Cami Boden,https://us.boden.com/products/women-ara-silk-blend-lace-cami-black-t1957blk?tc_ch=display&tc_ve=ba&tc_so=tradedesk&tc_me=pp&tc_ca=bau,,,130.00,130.00,https://cdn.shopify.com/s/files/1/0680/4619/2892/files/25wwin_t1957_blk_m01_5ae14562-7a26-4e7d-8d73-ba8d9998660a.jpg?v=1&width=800,Women,Women,03/10/2026,https://us.boden.com/products/women-ara-silk-blend-lace-cami-black-t1957blk?tc_ch=display&tc_ve=ba&tc_so=tradedesk&tc_me=pp&tc_ca=bau,,,238,IN STOCK,,,Black,,,,TRUE,TRUE
55136216,55136216,55136216,Sophie Puff Sleeve T-shirt Boden,https://us.boden.com/products/women-sophie-puff-sleeve-t-shirt-navy-t2017nav?tc_ch=display&tc_ve=ba&tc_so=tradedesk&tc_me=pp&tc_ca=bau,,,39.00,39.00,https://cdn.shopify.com/s/files/1/0680/4619/2892/files/26wspr_t2017_nav_m01.jpg?v=1&width=800,Women,Women,03/10/2026,https://us.boden.com/products/women-sophie-puff-sleeve-t-shirt-navy-t2017nav?tc_ch=display&tc_ve=ba&tc_so=tradedesk&tc_me=pp&tc_ca=bau,,,278,IN STOCK,,,Navy,,,,TRUE,TRUE
55149251,55149251,55149251,Brooke Double Layer T-shirt Boden,https://us.boden.com/products/women-brooke-double-layer-t-shirt-black-t2024blk?tc_ch=display&tc_ve=ba&tc_so=tradedesk&tc_me=pp&tc_ca=bau,,,49.00,49.00,https://cdn.shopify.com/s/files/1/0680/4619/2892/files/26wspr_t2024_blk_m01_44a3e70e-6481-4945-833b-f11deab24eff.jpg?v=1&width=800,Women,Women,03/10/2026,https://us.boden.com/products/women-brooke-double-layer-t-shirt-black-t2024blk?tc_ch=display&tc_ve=ba&tc_so=tradedesk&tc_me=pp&tc_ca=bau,,,201,IN STOCK,,,Black,,,,TRUE,TRUE
55149611,55149611,55149611,Brooke Double Layer Tank Boden,https://us.boden.com/products/women-brooke-double-layer-tank-navy-t2033nav?tc_ch=display&tc_ve=ba&tc_so=tradedesk&tc_me=pp&tc_ca=bau,,,45.00,45.00,https://cdn.shopify.com/s/files/1/0680/4619/2892/files/26wspr_t2033_nav_m01_v2.jpg?v=1&width=800,Women,Women,03/10/2026,https://us.boden.com/products/women-brooke-double-layer-tank-navy-t2033nav?tc_ch=display&tc_ve=ba&tc_so=tradedesk&tc_me=pp&tc_ca=bau,,,152,IN STOCK,,,Navy,,,,TRUE,TRUE
55171518,55171518,55171518,Cotton Crew Neck T-shirt Boden,https://us.boden.com/products/women-cotton-crew-neck-t-shirt-black-t2135blk?tc_ch=display&tc_ve=ba&tc_so=tradedesk&tc_me=pp&tc_ca=bau,,,45.00,45.00,https://cdn.shopify.com/s/files/1/0680/4619/2892/files/26wspr_t2135_blk_m01.jpg?v=1&width=800,Women,Women,03/10/2026,https://us.boden.com/products/women-cotton-crew-neck-t-shirt-black-t2135blk?tc_ch=display&tc_ve=ba&tc_so=tradedesk&tc_me=pp&tc_ca=bau,,,444,IN STOCK,,,Black,,,,TRUE,TRUE
55171379,55171379,55171379,Cotton Crew Neck T-shirt Boden,https://us.boden.com/products/women-cotton-crew-neck-t-shirt-navy-t2135nav?tc_ch=display&tc_ve=ba&tc_so=tradedesk&tc_me=pp&tc_ca=bau,,,45.00,45.00,https://cdn.shopify.com/s/files/1/0680/4619/2892/files/26wspr_t2135_nav_m01_06601c0b-66da-4bf2-a182-3c6615f84eb3.jpg?v=1&width=800,Women,Women,03/10/2026,https://us.boden.com/products/women-cotton-crew-neck-t-shirt-navy-t2135nav?tc_ch=display&tc_ve=ba&tc_so=tradedesk&tc_me=pp&tc_ca=bau,,,375,IN STOCK,,,Navy,,,,TRUE,TRUE
55149356,55149356,55149356,Brooke Double Layer T-shirt Boden,https://us.boden.com/products/women-brooke-double-layer-t-shirt-white-t2024wht?tc_ch=display&tc_ve=ba&tc_so=tradedesk&tc_me=pp&tc_ca=bau,,,49.00,49.00,https://cdn.shopify.com/s/files/1/0680/4619/2892/files/26wspr_t2024_wht_m01_dd4bce8c-10f2-45be-ab09-6e76fd135976.jpg?v=1&width=800,Women,Women,03/10/2026,https://us.boden.com/products/women-brooke-double-layer-t-shirt-white-t2024wht?tc_ch=display&tc_ve=ba&tc_so=tradedesk&tc_me=pp&tc_ca=bau,,,912,IN STOCK,,,White,,,,TRUE,TRUE
55139757,55139757,55139757,Olivia Short Sleeve Breton Boden,https://us.boden.com/products/women-olivia-short-sleeve-breton-navy-ivory-t2056nav?tc_ch=display&tc_ve=ba&tc_so=tradedesk&tc_me=pp&tc_ca=bau,,,45.00,45.00,https://cdn.shopify.com/s/files/1/0680/4619/2892/files/26wspr_t2056_nav_m01_69dad6c3-1c99-435d-af9e-63730e7360ef.jpg?v=1&width=800,Women,Women,03/10/2026,https://us.boden.com/products/women-olivia-short-sleeve-breton-navy-ivory-t2056nav?tc_ch=display&tc_ve=ba&tc_so=tradedesk&tc_me=pp&tc_ca=bau,,,158,IN STOCK,,,"Navy, Ivory",,,,TRUE,TRUE
55171570,55171570,55171570,Cotton Crew Neck T-shirt Boden,https://us.boden.com/products/women-cotton-crew-neck-t-shirt-white-t2135wht?tc_ch=display&tc_ve=ba&tc_so=tradedesk&tc_me=pp&tc_ca=bau,,,45.00,45.00,https://cdn.shopify.com/s/files/1/0680/4619/2892/files/26wspr_t2135_wht_m01_v1_bcb0f0cd-d02c-4638-b301-54313323581a.jpg?v=1&width=800,Women,Women,03/10/2026,https://us.boden.com/products/women-cotton-crew-neck-t-shirt-white-t2135wht?tc_ch=display&tc_ve=ba&tc_so=tradedesk&tc_me=pp&tc_ca=bau,,,540,IN STOCK,,,White,,,,TRUE,TRUE
55171248,55171248,55171248,Cotton Crew Neck T-shirt Boden,https://us.boden.com/products/women-cotton-crew-neck-t-shirt-vintage-rose-t2135pnk?tc_ch=display&tc_ve=ba&tc_so=tradedesk&tc_me=pp&tc_ca=bau,,,27.00,45.00,https://cdn.shopify.com/s/files/1/0680/4619/2892/files/26wspr_t2135_pnk_m01.jpg?v=1&width=800,Women,Women,03/10/2026,https://us.boden.com/products/women-cotton-crew-neck-t-shirt-vintage-rose-t2135pnk?tc_ch=display&tc_ve=ba&tc_so=tradedesk&tc_me=pp&tc_ca=bau,,,16,IN STOCK,,,Vintage Rose,,,,TRUE,TRUE
55149254,55149254,55149254,Brooke Double Layer T-shirt Boden,https://us.boden.com/products/women-brooke-double-layer-t-shirt-navy-t2024nav?tc_ch=display&tc_ve=ba&tc_so=tradedesk&tc_me=pp&tc_ca=bau,,,49.00,49.00,https://cdn.shopify.com/s/files/1/0680/4619/2892/files/26wspr_t2024_nav_m01_470593da-b9a8-4298-9a46-3f1f5958cb13.jpg?v=1&width=800,Women,Women,03/10/2026,https://us.boden.com/products/women-brooke-double-layer-t-shirt-navy-t2024nav?tc_ch=display&tc_ve=ba&tc_so=tradedesk&tc_me=pp&tc_ca=bau,,,261,IN STOCK,,,Navy,,,,TRUE,TRUE
55167331,55167331,55167331,Halter-neck Double Cloth Top Boden,https://us.boden.com/products/women-halter-neck-double-cloth-top-woodland-green-t2104grn?tc_ch=display&tc_ve=ba&tc_so=tradedesk&tc_me=pp&tc_ca=bau,,,43.99,89.00,https://cdn.shopify.com/s/files/1/0680/4619/2892/files/26wsum_t2104_grn_m01_v1_bb36683b-e42c-4fa8-bb6f-60537a2f3029.jpg?v=1&width=800,Women,Women,03/10/2026,https://us.boden.com/products/women-halter-neck-double-cloth-top-woodland-green-t2104grn?tc_ch=display&tc_ve=ba&tc_so=tradedesk&tc_me=pp&tc_ca=bau,,,27,IN STOCK,,,Woodland Green,,,,TRUE,TRUE
55180221,55180221,55180221,Rae Linen Top Boden,https://us.boden.com/products/women-rae-linen-top-chambray-t2124dbl?tc_ch=display&tc_ve=ba&tc_so=tradedesk&tc_me=pp&tc_ca=bau,,,77.00,110.00,https://cdn.shopify.com/s/files/1/0680/4619/2892/files/26wsum_t2124_dbl_m01_v1_9d32e2ac-5847-437d-93f8-6d76ccf1324d.jpg?v=1&width=800,Women,Women,03/10/2026,https://us.boden.com/products/women-rae-linen-top-chambray-t2124dbl?tc_ch=display&tc_ve=ba&tc_so=tradedesk&tc_me=pp&tc_ca=bau,,,12,IN STOCK,,,Chambray,,,,TRUE,TRUE
55168062,55168062,55168062,Square Neck Linen Waistcoat Boden,https://us.boden.com/products/women-square-neck-linen-waistcoat-rich-chestnut-t2120brd?tc_ch=display&tc_ve=ba&tc_so=tradedesk&tc_me=pp&tc_ca=bau,,,66.00,110.00,https://cdn.shopify.com/s/files/1/0680/4619/2892/files/26wsum_t2120_brd_m01_06990e32-1e5f-4b88-8ddc-a1bf35bc4a8d.jpg?v=1&width=800,Women,Women,03/10/2026,https://us.boden.com/products/women-square-neck-linen-waistcoat-rich-chestnut-t2120brd?tc_ch=display&tc_ve=ba&tc_so=tradedesk&tc_me=pp&tc_ca=bau,,,26,IN STOCK,,,Rich Chestnut,,,,TRUE,TRUE
55180540,55180540,55180540,Andrea Cotton Shell Top Boden,https://us.boden.com/products/women-andrea-cotton-shell-top-ivory-broderie-t2140ivo?tc_ch=display&tc_ve=ba&tc_so=tradedesk&tc_me=pp&tc_ca=bau,,,77.00,110.00,https://cdn.shopify.com/s/files/1/0680/4619/2892/files/26wsum_t2140_ivo_m01_v1_f9d762b1-b536-468e-a19f-9e8776f06e29.jpg?v=1&width=800,Women,Women,03/10/2026,https://us.boden.com/products/women-andrea-cotton-shell-top-ivory-broderie-t2140ivo?tc_ch=display&tc_ve=ba&tc_so=tradedesk&tc_me=pp&tc_ca=bau,,,17,IN STOCK,,,Ivory broderie,,,,TRUE,TRUE
55169737,55169737,55169737,Sadie Relaxed Linen Shirt Boden,https://us.boden.com/products/women-sadie-relaxed-linen-shirt-ivory-brown-pink-stripe-t1775str?tc_ch=display&tc_ve=ba&tc_so=tradedesk&tc_me=pp&tc_ca=bau,,,96.00,160.00,https://cdn.shopify.com/s/files/1/0680/4619/2892/files/26wsum_t1775_str_m01_v1_8228f088-9a0d-4ab3-a513-b716b12ecd1c.jpg?v=1&width=800,Women,Women,03/10/2026,https://us.boden.com/products/women-sadie-relaxed-linen-shirt-ivory-brown-pink-stripe-t1775str?tc_ch=display&tc_ve=ba&tc_so=tradedesk&tc_me=pp&tc_ca=bau,,,51,IN STOCK,,,"Ivory, Brown, Pink Stripe",,,,TRUE,TRUE
55170957,55170957,55170957,Isabel Sleeveless Linen Top Boden,https://us.boden.com/products/women-isabel-sleeveless-linen-top-burnt-red-gingham-t2072red?tc_ch=display&tc_ve=ba&tc_so=tradedesk&tc_me=pp&tc_ca=bau,,,77.00,110.00,https://cdn.shopify.com/s/files/1/0680/4619/2892/files/26wsum_t2072_red_m01_16e73406-f32d-4558-80e0-b1e6e81dcbee.jpg?v=1&width=800,Women,Women,03/10/2026,https://us.boden.com/products/women-isabel-sleeveless-linen-top-burnt-red-gingham-t2072red?tc_ch=display&tc_ve=ba&tc_so=tradedesk&tc_me=pp&tc_ca=bau,,,30,IN STOCK,,,Burnt Red Gingham,,,,TRUE,TRUE
55167362,55167362,55167362,Serena Pleat Neck Linen Top Boden,https://us.boden.com/products/women-serena-pleat-neck-linen-top-red-enchanted-paisley-t2107red?tc_ch=display&tc_ve=ba&tc_so=tradedesk&tc_me=pp&tc_ca=bau,,,96.00,160.00,https://cdn.shopify.com/s/files/1/0680/4619/2892/files/26wsum_t2107_red_m01_eb6763b9-b2d5-405f-8082-3107330729b6.jpg?v=1&width=800,Women,Women,03/10/2026,https://us.boden.com/products/women-serena-pleat-neck-linen-top-red-enchanted-paisley-t2107red?tc_ch=display&tc_ve=ba&tc_so=tradedesk&tc_me=pp&tc_ca=bau,,,44,IN STOCK,,,"Red, Enchanted Paisley",,,,TRUE,TRUE
55197520,55197520,55197520,Sasha Short Sleeve Lace Top Boden,https://us.boden.com/products/women-sasha-short-sleeve-lace-top-ivory-t2219ivo?tc_ch=display&tc_ve=ba&tc_so=tradedesk&tc_me=pp&tc_ca=bau,,,112.00,160.00,https://cdn.shopify.com/s/files/1/0680/4619/2892/files/26wsum_t2219_ivo_m01_v2.jpg?v=1&width=800,Women,Women,03/10/2026,https://us.boden.com/products/women-sasha-short-sleeve-lace-top-ivory-t2219ivo?tc_ch=display&tc_ve=ba&tc_so=tradedesk&tc_me=pp&tc_ca=bau,,,8,IN STOCK,,,Ivory,,,,TRUE,TRUE
55181543,55181543,55181543,Square Neck Linen Waistcoat Boden,https://us.boden.com/products/women-square-neck-linen-waistcoat-leopard-print-t2120mul?tc_ch=display&tc_ve=ba&tc_so=tradedesk&tc_me=pp&tc_ca=bau,,,77.00,110.00,https://cdn.shopify.com/s/files/1/0680/4619/2892/files/26wsum_t2120_mul_m01_ec18d99e-94ef-442d-a684-92664b7726d3.jpg?v=1&width=800,Women,Women,03/10/2026,https://us.boden.com/products/women-square-neck-linen-waistcoat-leopard-print-t2120mul?tc_ch=display&tc_ve=ba&tc_so=tradedesk&tc_me=pp&tc_ca=bau,,,12,IN STOCK,,,Leopard Print,,,,TRUE,TRUE
55198127,55198127,55198127,Turn Back T-shirt Boden,https://us.boden.com/products/women-turn-back-t-shirt-white-t2145wht?tc_ch=display&tc_ve=ba&tc_so=tradedesk&tc_me=pp&tc_ca=bau,,,45.00,45.00,https://cdn.shopify.com/s/files/1/0680/4619/2892/files/26wsum_t2145_wht_m01.jpg?v=1&width=800,Women,Women,03/10/2026,https://us.boden.com/products/women-turn-back-t-shirt-white-t2145wht?tc_ch=display&tc_ve=ba&tc_so=tradedesk&tc_me=pp&tc_ca=bau,,,231,IN STOCK,,,White,,,,TRUE,TRUE
55201792,55201792,55201792,Tia Ruched V-neck Top Boden,https://us.boden.com/products/women-tia-ruched-v-neck-top-navy-t2151nvy?tc_ch=display&tc_ve=ba&tc_so=tradedesk&tc_me=pp&tc_ca=bau,,,79.00,79.00,https://cdn.shopify.com/s/files/1/0680/4619/2892/files/26wsum_t2151_nvy_m01.jpg?v=1&width=800,Women,Women,03/10/2026,https://us.boden.com/products/women-tia-ruched-v-neck-top-navy-t2151nvy?tc_ch=display&tc_ve=ba&tc_so=tradedesk&tc_me=pp&tc_ca=bau,,,58,IN STOCK,,,Navy,,,,TRUE,TRUE
55202006,55202006,55202006,Tia Ruched V-neck Top Boden,https://us.boden.com/products/women-tia-ruched-v-neck-top-black-t2151bla?tc_ch=display&tc_ve=ba&tc_so=tradedesk&tc_me=pp&tc_ca=bau,,,79.00,79.00,https://cdn.shopify.com/s/files/1/0680/4619/2892/files/26wsum_t2151_bla_m01_aba98b4e-6802-48e9-80d4-7c2d8498da8b.jpg?v=1&width=800,Women,Women,03/10/2026,https://us.boden.com/products/women-tia-ruched-v-neck-top-black-t2151bla?tc_ch=display&tc_ve=ba&tc_so=tradedesk&tc_me=pp&tc_ca=bau,,,58,IN STOCK,,,Black,,,,TRUE,TRUE
55182282,55182282,55182282,Short Sleeve Linen Shirt Boden,https://us.boden.com/products/women-short-sleeve-linen-shirt-seamist-blue-palm-paradise-t2123ble?tc_ch=display&tc_ve=ba&tc_so=tradedesk&tc_me=pp&tc_ca=bau,,,66.00,110.00,https://cdn.shopify.com/s/files/1/0680/4619/2892/files/26whsm_t2123_ble_m01_c1826a85-0fab-43d4-818f-f206797c4169.jpg?v=1&width=800,Women,Women,03/10/2026,https://us.boden.com/products/women-short-sleeve-linen-shirt-seamist-blue-palm-paradise-t2123ble?tc_ch=display&tc_ve=ba&tc_so=tradedesk&tc_me=pp&tc_ca=bau,,,27,IN STOCK,,,"Seamist Blue, Palm Paradise",,,,TRUE,TRUE
55176992,55176992,55176992,Satin Halterneck Top Boden,https://us.boden.com/products/women-satin-halterneck-top-multi-leopard-flow-t2090mlt?tc_ch=display&tc_ve=ba&tc_so=tradedesk&tc_me=pp&tc_ca=bau,,,66.00,110.00,https://cdn.shopify.com/s/files/1/0680/4619/2892/files/26whsm_t2090_mlt_m01_e728b0c1-63da-4c1a-8c14-4cefd4e60559.jpg?v=1&width=800,Women,Women,03/10/2026,https://us.boden.com/products/women-satin-halterneck-top-multi-leopard-flow-t2090mlt?tc_ch=display&tc_ve=ba&tc_so=tradedesk&tc_me=pp&tc_ca=bau,,,30,IN STOCK,,,"Multi, Leopard Flow",,,,TRUE,TRUE
55172258,55172258,55172258,Andrea Linen Shell Top Boden,https://us.boden.com/products/women-andrea-linen-shell-top-ivory-bloom-scatter-t2088flr?tc_ch=display&tc_ve=ba&tc_so=tradedesk&tc_me=pp&tc_ca=bau,,,69.30,99.00,https://cdn.shopify.com/s/files/1/0680/4619/2892/files/26whsm_t2088_flr_m01_b20038e6-dbde-47ea-b1ec-debad8366c4a.jpg?v=1&width=800,Women,Women,03/10/2026,https://us.boden.com/products/women-andrea-linen-shell-top-ivory-bloom-scatter-t2088flr?tc_ch=display&tc_ve=ba&tc_so=tradedesk&tc_me=pp&tc_ca=bau,,,20,IN STOCK,,,"Ivory, Bloom Scatter",,,,TRUE,TRUE
55188626,55188626,55188626,Ribbed Racer Vest Boden,https://us.boden.com/products/women-ribbed-racer-vest-black-t2139blk?tc_ch=display&tc_ve=ba&tc_so=tradedesk&tc_me=pp&tc_ca=bau,,,39.00,39.00,https://cdn.shopify.com/s/files/1/0680/4619/2892/files/26whsm_t2139_blk_m01_5afd5bb5-7de8-46e7-8b60-43bbfddbdf1a.jpg?v=1&width=800,Women,Women,03/10/2026,https://us.boden.com/products/women-ribbed-racer-vest-black-t2139blk?tc_ch=display&tc_ve=ba&tc_so=tradedesk&tc_me=pp&tc_ca=bau,,,148,IN STOCK,,,Black,,,,TRUE,TRUE
55170875,55170875,55170875,Double Cloth Shirt Boden,https://us.boden.com/products/women-double-cloth-shirt-pink-neon-coral-mid-stripe-t2129npk?tc_ch=display&tc_ve=ba&tc_so=tradedesk&tc_me=pp&tc_ca=bau,,,77.00,110.00,https://cdn.shopify.com/s/files/1/0680/4619/2892/files/26whsm_t2129_npk_m01_v1.jpg?v=1&width=800,Women,Women,03/10/2026,https://us.boden.com/products/women-double-cloth-shirt-pink-neon-coral-mid-stripe-t2129npk?tc_ch=display&tc_ve=ba&tc_so=tradedesk&tc_me=pp&tc_ca=bau,,,13,IN STOCK,,,"Pink, Neon Coral Mid Stripe",,,,TRUE,TRUE
55188607,55188607,55188607,Ribbed Racer Vest Boden,https://us.boden.com/products/women-ribbed-racer-vest-white-t2139wht?tc_ch=display&tc_ve=ba&tc_so=tradedesk&tc_me=pp&tc_ca=bau,,,39.00,39.00,https://cdn.shopify.com/s/files/1/0680/4619/2892/files/26whsm_t2139_wht_m01_303d5edc-a9b8-438d-b76d-f6cb83b00d75.jpg?v=1&width=800,Women,Women,03/10/2026,https://us.boden.com/products/women-ribbed-racer-vest-white-t2139wht?tc_ch=display&tc_ve=ba&tc_so=tradedesk&tc_me=pp&tc_ca=bau,,,141,IN STOCK,,,White,,,,TRUE,TRUE
55173433,55173433,55173433,Halterneck Linen Top Boden,https://us.boden.com/products/women-halterneck-linen-top-bright-pink-t2092npk?tc_ch=display&tc_ve=ba&tc_so=tradedesk&tc_me=pp&tc_ca=bau,,,38.99,99.00,https://cdn.shopify.com/s/files/1/0680/4619/2892/files/26whsm_t2092_npk_m01_c58d075e-afa5-40e0-b258-198537f16bdd.jpg?v=1&width=800,Women,Women,03/10/2026,https://us.boden.com/products/women-halterneck-linen-top-bright-pink-t2092npk?tc_ch=display&tc_ve=ba&tc_so=tradedesk&tc_me=pp&tc_ca=bau,,,8,IN STOCK,,,Bright Pink,,,,TRUE,TRUE
55180592,55180592,55180592,Cotton Embroidered Yoke Top Boden,https://us.boden.com/products/women-cotton-embroidered-yoke-top-vintage-rose-embroidered-t2136pin?tc_ch=display&tc_ve=ba&tc_so=tradedesk&tc_me=pp&tc_ca=bau,,,43.99,110.00,https://cdn.shopify.com/s/files/1/0680/4619/2892/files/26whsm_t2136_pin_m01_213c7c6c-0c9e-43f9-9b9f-65d5e3ae7aa2.jpg?v=1&width=800,Women,Women,03/10/2026,https://us.boden.com/products/women-cotton-embroidered-yoke-top-vintage-rose-embroidered-t2136pin?tc_ch=display&tc_ve=ba&tc_so=tradedesk&tc_me=pp&tc_ca=bau,,,69,IN STOCK,,,Vintage Rose Embroidered,,,,TRUE,TRUE
55170847,55170847,55170847,Linen Puff Sleeve Top Boden,https://us.boden.com/products/women-linen-puff-sleeve-top-multi-broderie-t2111mul?tc_ch=display&tc_ve=ba&tc_so=tradedesk&tc_me=pp&tc_ca=bau,,,152.00,190.00,https://cdn.shopify.com/s/files/1/0680/4619/2892/files/26whsm_t2111_mul_m01_efe4bc99-0855-4d04-838d-624e1e3f5a75.jpg?v=1&width=800,Women,Women,03/10/2026,https://us.boden.com/products/women-linen-puff-sleeve-top-multi-broderie-t2111mul?tc_ch=display&tc_ve=ba&tc_so=tradedesk&tc_me=pp&tc_ca=bau,,,13,IN STOCK,,,Multi Broderie,,,,TRUE,TRUE
55183984,55183984,55183984,Isabel Sleeveless Linen Top Boden,https://us.boden.com/products/women-isabel-sleeveless-linen-top-floral-embroidery-t2072wht?tc_ch=display&tc_ve=ba&tc_so=tradedesk&tc_me=pp&tc_ca=bau,,,91.00,130.00,https://cdn.shopify.com/s/files/1/0680/4619/2892/files/26whsm_t2072_wht_m01_v2_4c748408-b86d-413e-9a43-e2f44d0b30bf.jpg?v=1&width=800,Women,Women,03/10/2026,https://us.boden.com/products/women-isabel-sleeveless-linen-top-floral-embroidery-t2072wht?tc_ch=display&tc_ve=ba&tc_so=tradedesk&tc_me=pp&tc_ca=bau,,,25,IN STOCK,,,Floral Embroidery,,,,TRUE,TRUE
55173479,55173479,55173479,Halterneck Linen Top Boden,https://us.boden.com/products/women-halterneck-linen-top-black-t2092blk?tc_ch=display&tc_ve=ba&tc_so=tradedesk&tc_me=pp&tc_ca=bau,,,38.99,99.00,https://cdn.shopify.com/s/files/1/0680/4619/2892/files/26whsm_t2092_blk_m01_v1_c44c0d6b-3aa5-4e03-8be7-24e761dec0fa.jpg?v=1&width=800,Women,Women,03/10/2026,https://us.boden.com/products/women-halterneck-linen-top-black-t2092blk?tc_ch=display&tc_ve=ba&tc_so=tradedesk&tc_me=pp&tc_ca=bau,,,13,IN STOCK,,,Black,,,,TRUE,TRUE
55179267,55179267,55179267,Halter-neck Double Cloth Top Boden,https://us.boden.com/products/women-halter-neck-double-cloth-top-white-t2104wht?tc_ch=display&tc_ve=ba&tc_so=tradedesk&tc_me=pp&tc_ca=bau,,,53.40,89.00,https://cdn.shopify.com/s/files/1/0680/4619/2892/files/26whsm_t2104_wht_m01_v1.jpg?v=1&width=800,Women,Women,03/10/2026,https://us.boden.com/products/women-halter-neck-double-cloth-top-white-t2104wht?tc_ch=display&tc_ve=ba&tc_so=tradedesk&tc_me=pp&tc_ca=bau,,,49,IN STOCK,,,White,,,,TRUE,TRUE
55201866,55201866,55201866,Tia Sleeveless Ruch Jersey Top Boden,https://us.boden.com/products/women-tia-sleeveless-ruch-jersey-top-black-t2150bla?tc_ch=display&tc_ve=ba&tc_so=tradedesk&tc_me=pp&tc_ca=bau,,,33.99,69.00,https://cdn.shopify.com/s/files/1/0680/4619/2892/files/26whsm_t2150_bla_m01_f0c3606c-af5a-4670-b394-204850259259.jpg?v=1&width=800,Women,Women,03/10/2026,https://us.boden.com/products/women-tia-sleeveless-ruch-jersey-top-black-t2150bla?tc_ch=display&tc_ve=ba&tc_so=tradedesk&tc_me=pp&tc_ca=bau,,,19,IN STOCK,,,Black,,,,TRUE,TRUE
55201728,55201728,55201728,Tia Sleeveless Ruch Jersey Top Boden,https://us.boden.com/products/women-tia-sleeveless-ruch-jersey-top-white-t2150wht?tc_ch=display&tc_ve=ba&tc_so=tradedesk&tc_me=pp&tc_ca=bau,,,33.99,69.00,https://cdn.shopify.com/s/files/1/0680/4619/2892/files/26whsm_t2150_wht_m01_0ee9c0b1-70d6-476c-a3a4-716effb5c438.jpg?v=1&width=800,Women,Women,03/10/2026,https://us.boden.com/products/women-tia-sleeveless-ruch-jersey-top-white-t2150wht?tc_ch=display&tc_ve=ba&tc_so=tradedesk&tc_me=pp&tc_ca=bau,,,18,IN STOCK,,,White,,,,TRUE,TRUE
55210775,55210775,55210775,Crew Neck Henley Tank Boden,https://us.boden.com/products/women-crew-neck-henley-tank-white-t2215wht?tc_ch=display&tc_ve=ba&tc_so=tradedesk&tc_me=pp&tc_ca=bau,,,69.00,69.00,https://cdn.shopify.com/s/files/1/0680/4619/2892/files/26whsm_t2215_wht_m01_da493aab-3665-4e19-9611-11d5d24adeb8.jpg?v=1&width=800,Women,Women,03/10/2026,https://us.boden.com/products/women-crew-neck-henley-tank-white-t2215wht?tc_ch=display&tc_ve=ba&tc_so=tradedesk&tc_me=pp&tc_ca=bau,,,86,IN STOCK,,,White,,,,TRUE,TRUE
55210970,55210970,55210970,Crew Neck Henley Tank Boden,https://us.boden.com/products/women-crew-neck-henley-tank-maroon-t2215pur?tc_ch=display&tc_ve=ba&tc_so=tradedesk&tc_me=pp&tc_ca=bau,,,69.00,69.00,https://cdn.shopify.com/s/files/1/0680/4619/2892/files/26whsm_t2215_pur_m01_052e1dbe-5e77-4437-b4ea-10a5119f7242.jpg?v=1&width=800,Women,Women,03/10/2026,https://us.boden.com/products/women-crew-neck-henley-tank-maroon-t2215pur?tc_ch=display&tc_ve=ba&tc_so=tradedesk&tc_me=pp&tc_ca=bau,,,50,IN STOCK,,,Maroon,,,,TRUE,TRUE
55210740,55210740,55210740,Crew Neck Henley Tank Boden,https://us.boden.com/products/women-crew-neck-henley-tank-olive-night-t2215olv?tc_ch=display&tc_ve=ba&tc_so=tradedesk&tc_me=pp&tc_ca=bau,,,69.00,69.00,https://cdn.shopify.com/s/files/1/0680/4619/2892/files/26whsm_t2215_olv_m01_b3b6efc5-c0ad-4642-87e3-b0d1e1ef89f0.jpg?v=1&width=800,Women,Women,03/10/2026,https://us.boden.com/products/women-crew-neck-henley-tank-olive-night-t2215olv?tc_ch=display&tc_ve=ba&tc_so=tradedesk&tc_me=pp&tc_ca=bau,,,23,IN STOCK,,,Olive Night,,,,TRUE,TRUE
55210536,55210536,55210536,Crew Neck Henley Tank Boden,https://us.boden.com/products/women-crew-neck-henley-tank-navy-t2215nav?tc_ch=display&tc_ve=ba&tc_so=tradedesk&tc_me=pp&tc_ca=bau,,,69.00,69.00,https://cdn.shopify.com/s/files/1/0680/4619/2892/files/26whsm_t2215_nav_m01_ce902201-0c45-4137-b037-e70dfa21fb90.jpg?v=1&width=800,Women,Women,03/10/2026,https://us.boden.com/products/women-crew-neck-henley-tank-navy-t2215nav?tc_ch=display&tc_ve=ba&tc_so=tradedesk&tc_me=pp&tc_ca=bau,,,122,IN STOCK,,,Navy,,,,TRUE,TRUE
55203496,55203496,55203496,Sienna Cropped Cotton Shirt Boden,https://us.boden.com/products/women-sienna-cropped-cotton-shirt-camel-blue-gingham-t2167chk?tc_ch=display&tc_ve=ba&tc_so=tradedesk&tc_me=pp&tc_ca=bau,,,99.00,99.00,https://cdn.shopify.com/s/files/1/0680/4619/2892/files/26waut_t2167_chk_m01.jpg?v=1&width=800,Women,Women,03/10/2026,https://us.boden.com/products/women-sienna-cropped-cotton-shirt-camel-blue-gingham-t2167chk?tc_ch=display&tc_ve=ba&tc_so=tradedesk&tc_me=pp&tc_ca=bau,,,36,IN STOCK,,,"Camel, Blue Gingham",,,,TRUE,TRUE
55201342,55201342,55201342,Supersoft Short Puff Shirt Boden,https://us.boden.com/products/women-supersoft-short-puff-shirt-red-earth-t2154red?tc_ch=display&tc_ve=ba&tc_so=tradedesk&tc_me=pp&tc_ca=bau,,,28.99,59.00,https://cdn.shopify.com/s/files/1/0680/4619/2892/files/26waut_t2154_red_m01_dc0ac384-e18c-4321-b823-1ec237ddd5ef.jpg?v=1&width=800,Women,Women,03/10/2026,https://us.boden.com/products/women-supersoft-short-puff-shirt-red-earth-t2154red?tc_ch=display&tc_ve=ba&tc_so=tradedesk&tc_me=pp&tc_ca=bau,,,18,IN STOCK,,,Red Earth,,,,TRUE,TRUE
55200307,55200307,55200307,The New Sienna Cotton Shirt Boden,https://us.boden.com/products/women-the-new-sienna-cotton-shirt-blue-oxford-t2164mbl?tc_ch=display&tc_ve=ba&tc_so=tradedesk&tc_me=pp&tc_ca=bau,,,99.00,99.00,https://cdn.shopify.com/s/files/1/0680/4619/2892/files/26waut_t2164_mbl_m04_v1_8b0c38e3-bf5e-4b35-b178-a97d46f0d719.jpg?v=1&width=800,Women,Women,03/10/2026,https://us.boden.com/products/women-the-new-sienna-cotton-shirt-blue-oxford-t2164mbl?tc_ch=display&tc_ve=ba&tc_so=tradedesk&tc_me=pp&tc_ca=bau,,,209,IN STOCK,,,Blue Oxford,,,,TRUE,TRUE
55193811,55193811,55193811,Pia Ruffle Detail Top Boden,https://us.boden.com/products/women-pia-ruffle-detail-top-red-bud-scattered-flora-t2148ree?tc_ch=display&tc_ve=ba&tc_so=tradedesk&tc_me=pp&tc_ca=bau,,,69.30,99.00,https://cdn.shopify.com/s/files/1/0680/4619/2892/files/26waut_t2148_ree_m01_fd6fb511-d4bb-4590-8f56-9c7fca05883e.jpg?v=1&width=800,Women,Women,03/10/2026,https://us.boden.com/products/women-pia-ruffle-detail-top-red-bud-scattered-flora-t2148ree?tc_ch=display&tc_ve=ba&tc_so=tradedesk&tc_me=pp&tc_ca=bau,,,21,IN STOCK,,,"Red Bud, Scattered Flora",,,,TRUE,TRUE
55193886,55193886,55193886,Pia Ruffle Detail Top Boden,https://us.boden.com/products/women-pia-ruffle-detail-top-real-teal-t2148blu?tc_ch=display&tc_ve=ba&tc_so=tradedesk&tc_me=pp&tc_ca=bau,,,69.30,99.00,https://cdn.shopify.com/s/files/1/0680/4619/2892/files/26waut_t2148_blu_m02_28ad53ac-a71e-4390-b769-b067ba5fd10f.jpg?v=1&width=800,Women,Women,03/10/2026,https://us.boden.com/products/women-pia-ruffle-detail-top-real-teal-t2148blu?tc_ch=display&tc_ve=ba&tc_so=tradedesk&tc_me=pp&tc_ca=bau,,,8,IN STOCK,,,Real Teal,,,,TRUE,TRUE
55217418,55217418,55217418,Embroidered Peplum Top Boden,https://us.boden.com/products/women-embroidered-peplum-top-bitter-chocolate-t2177brn?tc_ch=display&tc_ve=ba&tc_so=tradedesk&tc_me=pp&tc_ca=bau,,,71.99,180.00,https://cdn.shopify.com/s/files/1/0680/4619/2892/files/26waut_t2177_brn_w01_v1_056dd751-5622-4bfc-838e-f4b612b91181.jpg?v=1&width=800,Women,Women,03/10/2026,https://us.boden.com/products/women-embroidered-peplum-top-bitter-chocolate-t2177brn?tc_ch=display&tc_ve=ba&tc_so=tradedesk&tc_me=pp&tc_ca=bau,,,32,IN STOCK,,,Bitter Chocolate,,,,TRUE,TRUE
55201442,55201442,55201442,Supersoft Short Puff Shirt Boden,https://us.boden.com/products/women-supersoft-short-puff-shirt-black-t2154blk?tc_ch=display&tc_ve=ba&tc_so=tradedesk&tc_me=pp&tc_ca=bau,,,59.00,59.00,https://cdn.shopify.com/s/files/1/0680/4619/2892/files/26waut_t2154_blk_m01_21c4402e-8115-432f-b741-1d83b1a3f207.jpg?v=1&width=800,Women,Women,03/10/2026,https://us.boden.com/products/women-supersoft-short-puff-shirt-black-t2154blk?tc_ch=display&tc_ve=ba&tc_so=tradedesk&tc_me=pp&tc_ca=bau,,,321,IN STOCK,,,Black,,,,TRUE,TRUE
55203018,55203018,55203018,Erica Denim Frill Top Boden,https://us.boden.com/products/women-erica-denim-frill-top-mid-vintage-t2185den?tc_ch=display&tc_ve=ba&tc_so=tradedesk&tc_me=pp&tc_ca=bau,,,110.00,110.00,https://cdn.shopify.com/s/files/1/0680/4619/2892/files/26waut_t2185_den_m01_v1.jpg?v=1&width=800,Women,Women,03/10/2026,https://us.boden.com/products/women-erica-denim-frill-top-mid-vintage-t2185den?tc_ch=display&tc_ve=ba&tc_so=tradedesk&tc_me=pp&tc_ca=bau,,,186,IN STOCK,,,Mid Vintage,,,,TRUE,TRUE
55205958,55205958,55205958,Seam Detail Jersey Shirt Boden,https://us.boden.com/products/women-seam-detail-jersey-shirt-pink-heather-t2147pnt?tc_ch=display&tc_ve=ba&tc_so=tradedesk&tc_me=pp&tc_ca=bau,,,99.00,99.00,https://cdn.shopify.com/s/files/1/0680/4619/2892/files/26waut_t2147_pnt_m01_28edd332-7784-431f-b2d9-db4044bef1c7.jpg?v=1&width=800,Women,Women,03/10/2026,https://us.boden.com/products/women-seam-detail-jersey-shirt-pink-heather-t2147pnt?tc_ch=display&tc_ve=ba&tc_so=tradedesk&tc_me=pp&tc_ca=bau,,,45,IN STOCK,,,Pink Heather,,,,TRUE,TRUE
55212507,55212507,55212507,Ribbed Cotton T-Shirt Boden,https://us.boden.com/products/women-ribbed-cotton-t-shirt-falcon-green-ivory-stripe-t2159grn?tc_ch=display&tc_ve=ba&tc_so=tradedesk&tc_me=pp&tc_ca=bau,,,49.00,49.00,https://cdn.shopify.com/s/files/1/0680/4619/2892/files/26waut_t2159_grn_m01_e2bbf8a0-8070-488d-a797-fbb87068aa44.jpg?v=1&width=800,Women,Women,03/10/2026,https://us.boden.com/products/women-ribbed-cotton-t-shirt-falcon-green-ivory-stripe-t2159grn?tc_ch=display&tc_ve=ba&tc_so=tradedesk&tc_me=pp&tc_ca=bau,,,98,IN STOCK,,,"Falcon Green, Ivory Stripe",,,,TRUE,TRUE
55212255,55212255,55212255,Ribbed Cotton T-Shirt Boden,https://us.boden.com/products/women-ribbed-cotton-t-shirt-white-t2159wht?tc_ch=display&tc_ve=ba&tc_so=tradedesk&tc_me=pp&tc_ca=bau,,,49.00,49.00,https://cdn.shopify.com/s/files/1/0680/4619/2892/files/26waut_t2159_wht_m01_c248acd1-34d6-4efd-9d6a-5affb840fbaf.jpg?v=1&width=800,Women,Women,03/10/2026,https://us.boden.com/products/women-ribbed-cotton-t-shirt-white-t2159wht?tc_ch=display&tc_ve=ba&tc_so=tradedesk&tc_me=pp&tc_ca=bau,,,172,IN STOCK,,,White,,,,TRUE,TRUE
55210633,55210633,55210633,Ribbed Long Sleeve Henley Boden,https://us.boden.com/products/women-ribbed-long-sleeve-henley-falcon-green-t2216olv?tc_ch=display&tc_ve=ba&tc_so=tradedesk&tc_me=pp&tc_ca=bau,,,89.00,89.00,https://cdn.shopify.com/s/files/1/0680/4619/2892/files/26waut_t2216_olv_m01_83a608be-39f7-440a-a63b-fbe8a4c61dac.jpg?v=1&width=800,Women,Women,03/10/2026,https://us.boden.com/products/women-ribbed-long-sleeve-henley-falcon-green-t2216olv?tc_ch=display&tc_ve=ba&tc_so=tradedesk&tc_me=pp&tc_ca=bau,,,446,IN STOCK,,,Falcon Green,,,,TRUE,TRUE
55209649,55209649,55209649,Button-through Puff Sleeve Top Boden,https://us.boden.com/products/women-button-through-puff-sleeve-top-ivory-hollyberry-stripe-t2213pnt?tc_ch=display&tc_ve=ba&tc_so=tradedesk&tc_me=pp&tc_ca=bau,,,47.40,79.00,https://cdn.shopify.com/s/files/1/0680/4619/2892/files/26waut_t2213_pnt_w01_v1.jpg?v=1&width=800,Women,Women,03/10/2026,https://us.boden.com/products/women-button-through-puff-sleeve-top-ivory-hollyberry-stripe-t2213pnt?tc_ch=display&tc_ve=ba&tc_so=tradedesk&tc_me=pp&tc_ca=bau,,,19,IN STOCK,,,"Ivory, Hollyberry Stripe",,,,TRUE,TRUE
55200784,55200784,55200784,Iris Puff Sleeve Mariner Boden,https://us.boden.com/products/women-iris-puff-sleeve-mariner-pink-heather-ivory-stripe-t2160pin?tc_ch=display&tc_ve=ba&tc_so=tradedesk&tc_me=pp&tc_ca=bau,,,43.99,89.00,https://cdn.shopify.com/s/files/1/0680/4619/2892/files/26waut_t2160_pin_m01_20848a15-9158-433d-adf2-8f40f85c85fb.jpg?v=1&width=800,Women,Women,03/10/2026,https://us.boden.com/products/women-iris-puff-sleeve-mariner-pink-heather-ivory-stripe-t2160pin?tc_ch=display&tc_ve=ba&tc_so=tradedesk&tc_me=pp&tc_ca=bau,,,8,IN STOCK,,,"Pink Heather, Ivory Stripe",,,,TRUE,TRUE
55193583,55193583,55193583,Olivia Long Sleeve Breton Boden,https://us.boden.com/products/women-olivia-long-sleeve-breton-ivory-bitter-chocolate-stripe-t1946brn?tc_ch=display&tc_ve=ba&tc_so=tradedesk&tc_me=pp&tc_ca=bau,,,49.00,49.00,https://cdn.shopify.com/s/files/1/0680/4619/2892/files/26waut_t1946_brn_m01.jpg?v=1&width=800,Women,Women,03/10/2026,https://us.boden.com/products/women-olivia-long-sleeve-breton-ivory-bitter-chocolate-stripe-t1946brn?tc_ch=display&tc_ve=ba&tc_so=tradedesk&tc_me=pp&tc_ca=bau,,,326,IN STOCK,,,"Ivory, Bitter Chocolate Stripe",,,,TRUE,TRUE
55200757,55200757,55200757,Brooke Double Layer Tank Boden,https://us.boden.com/products/women-brooke-double-layer-tank-dark-cherry-t2033prp?tc_ch=display&tc_ve=ba&tc_so=tradedesk&tc_me=pp&tc_ca=bau,,,45.00,45.00,https://cdn.shopify.com/s/files/1/0680/4619/2892/files/26waut_t2033_prp_m04_faca39fe-055a-4da7-bd9b-b1f9ee7c30ae.jpg?v=1&width=800,Women,Women,03/10/2026,https://us.boden.com/products/women-brooke-double-layer-tank-dark-cherry-t2033prp?tc_ch=display&tc_ve=ba&tc_so=tradedesk&tc_me=pp&tc_ca=bau,,,10,IN STOCK,,,Dark Cherry,,,,TRUE,TRUE
55200402,55200402,55200402,The New Sienna Cotton Shirt Boden,https://us.boden.com/products/women-the-new-sienna-cotton-shirt-white-t2164wht?tc_ch=display&tc_ve=ba&tc_so=tradedesk&tc_me=pp&tc_ca=bau,,,99.00,99.00,https://cdn.shopify.com/s/files/1/0680/4619/2892/files/26waut_t2164_wht_m01_06bd1312-c879-4f12-9a87-fbae9f688075.jpg?v=1&width=800,Women,Women,03/10/2026,https://us.boden.com/products/women-the-new-sienna-cotton-shirt-white-t2164wht?tc_ch=display&tc_ve=ba&tc_so=tradedesk&tc_me=pp&tc_ca=bau,,,272,IN STOCK,,,White,,,,TRUE,TRUE
55200877,55200877,55200877,Supersoft Open Collar Shirt Boden,https://us.boden.com/products/women-supersoft-open-collar-shirt-black-t2201blk?tc_ch=display&tc_ve=ba&tc_so=tradedesk&tc_me=pp&tc_ca=bau,,,69.00,69.00,https://cdn.shopify.com/s/files/1/0680/4619/2892/files/26waut_t2201_blk_m03_v2_edc0e629-afe1-402b-be0f-19050850cc61.jpg?v=1&width=800,Women,Women,03/10/2026,https://us.boden.com/products/women-supersoft-open-collar-shirt-black-t2201blk?tc_ch=display&tc_ve=ba&tc_so=tradedesk&tc_me=pp&tc_ca=bau,,,13,IN STOCK,,,Black,,,,TRUE,TRUE
55206011,55206011,55206011,Seam Detail Jersey Shirt Boden,https://us.boden.com/products/women-seam-detail-jersey-shirt-white-t2147wht?tc_ch=display&tc_ve=ba&tc_so=tradedesk&tc_me=pp&tc_ca=bau,,,99.00,99.00,https://cdn.shopify.com/s/files/1/0680/4619/2892/files/26waut_t2147_wht_m05_b5d0b20c-24ef-4a5e-b312-872f5db5420d.jpg?v=1&width=800,Women,Women,03/10/2026,https://us.boden.com/products/women-seam-detail-jersey-shirt-white-t2147wht?tc_ch=display&tc_ve=ba&tc_so=tradedesk&tc_me=pp&tc_ca=bau,,,84,IN STOCK,,,White,,,,TRUE,TRUE
55210562,55210562,55210562,Ribbed Long Sleeve Henley Boden,https://us.boden.com/products/women-ribbed-long-sleeve-henley-fudgesickle-t2216lbr?tc_ch=display&tc_ve=ba&tc_so=tradedesk&tc_me=pp&tc_ca=bau,,,89.00,89.00,https://cdn.shopify.com/s/files/1/0680/4619/2892/files/26waut_t2216_lbr_m01_60a2eed1-8f51-4ee0-85a9-b650586fadd6.jpg?v=1&width=800,Women,Women,03/10/2026,https://us.boden.com/products/women-ribbed-long-sleeve-henley-fudgesickle-t2216lbr?tc_ch=display&tc_ve=ba&tc_so=tradedesk&tc_me=pp&tc_ca=bau,,,91,IN STOCK,,,Fudgesickle,,,,TRUE,TRUE
55212284,55212284,55212284,Supersoft Slash Neck T-Shirt Boden,https://us.boden.com/products/women-supersoft-slash-neck-t-shirt-white-t2155wht?tc_ch=display&tc_ve=ba&tc_so=tradedesk&tc_me=pp&tc_ca=bau,,,45.00,45.00,https://cdn.shopify.com/s/files/1/0680/4619/2892/files/26waut_t2155_wht_m02_e3f3f22f-022a-4779-94cc-f0fbfa36b178.jpg?v=1&width=800,Women,Women,03/10/2026,https://us.boden.com/products/women-supersoft-slash-neck-t-shirt-white-t2155wht?tc_ch=display&tc_ve=ba&tc_so=tradedesk&tc_me=pp&tc_ca=bau,,,102,IN STOCK,,,White,,,,TRUE,TRUE
55201171,55201171,55201171,Sophie Puff Sleeve T-shirt Boden,https://us.boden.com/products/women-sophie-puff-sleeve-t-shirt-brunswick-green-t2017lgr?tc_ch=display&tc_ve=ba&tc_so=tradedesk&tc_me=pp&tc_ca=bau,,,39.00,39.00,https://cdn.shopify.com/s/files/1/0680/4619/2892/files/26waut_t2017_lgr_m01_dfdf0222-f954-4b49-90ec-d22e6c5ca23e.jpg?v=1&width=800,Women,Women,03/10/2026,https://us.boden.com/products/women-sophie-puff-sleeve-t-shirt-brunswick-green-t2017lgr?tc_ch=display&tc_ve=ba&tc_so=tradedesk&tc_me=pp&tc_ca=bau,,,309,IN STOCK,,,Brunswick Green,,,,TRUE,TRUE
55219786,55219786,55219786,Tia Ruched Wrap Top Boden,https://us.boden.com/products/women-tia-ruched-wrap-top-black-t2152blk?tc_ch=display&tc_ve=ba&tc_so=tradedesk&tc_me=pp&tc_ca=bau,,,79.00,79.00,https://cdn.shopify.com/s/files/1/0680/4619/2892/files/26waut_t2152_blk_m01_bf83dd8a-728d-4357-ab43-40ecbecce3eb.jpg?v=1&width=800,Women,Women,03/10/2026,https://us.boden.com/products/women-tia-ruched-wrap-top-black-t2152blk?tc_ch=display&tc_ve=ba&tc_so=tradedesk&tc_me=pp&tc_ca=bau,,,16,IN STOCK,,,Black,,,,TRUE,TRUE
55201141,55201141,55201141,Supersoft Open Collar Shirt Boden,https://us.boden.com/products/women-supersoft-open-collar-shirt-ivory-navy-stripe-t2201ivo?tc_ch=display&tc_ve=ba&tc_so=tradedesk&tc_me=pp&tc_ca=bau,,,69.00,69.00,https://cdn.shopify.com/s/files/1/0680/4619/2892/files/26waut_t2201_ivo_m04_d75548e5-dca3-4fc0-a8fc-06354dc1047a.jpg?v=1&width=800,Women,Women,03/10/2026,https://us.boden.com/products/women-supersoft-open-collar-shirt-ivory-navy-stripe-t2201ivo?tc_ch=display&tc_ve=ba&tc_so=tradedesk&tc_me=pp&tc_ca=bau,,,104,IN STOCK,,,"Ivory, Navy Stripe",,,,TRUE,TRUE
55219751,55219751,55219751,Tia Ruched Wrap Top Boden,https://us.boden.com/products/women-tia-ruched-wrap-top-ruby-red-t2152red?tc_ch=display&tc_ve=ba&tc_so=tradedesk&tc_me=pp&tc_ca=bau,,,38.99,79.00,https://cdn.shopify.com/s/files/1/0680/4619/2892/files/26waut_t2152_red_m04_bcde04b0-a10e-4645-bdee-cb1f29973237.jpg?v=1&width=800,Women,Women,03/10/2026,https://us.boden.com/products/women-tia-ruched-wrap-top-ruby-red-t2152red?tc_ch=display&tc_ve=ba&tc_so=tradedesk&tc_me=pp&tc_ca=bau,,,28,IN STOCK,,,Ruby Red,,,,TRUE,TRUE
55203940,55203940,55203940,Sienna Cropped Cotton Shirt Boden,https://us.boden.com/products/women-sienna-cropped-cotton-shirt-olive-navy-tram-stripe-t2167grn?tc_ch=display&tc_ve=ba&tc_so=tradedesk&tc_me=pp&tc_ca=bau,,,99.00,99.00,https://cdn.shopify.com/s/files/1/0680/4619/2892/files/26waut_t2167_grn_m01_v1.jpg?v=1&width=800,Women,Women,03/10/2026,https://us.boden.com/products/women-sienna-cropped-cotton-shirt-olive-navy-tram-stripe-t2167grn?tc_ch=display&tc_ve=ba&tc_so=tradedesk&tc_me=pp&tc_ca=bau,,,51,IN STOCK,,,"Olive, Navy Tram Stripe",,,,TRUE,TRUE
55201166,55201166,55201166,Supersoft Short Puff Shirt Boden,https://us.boden.com/products/women-supersoft-short-puff-shirt-white-t2154wht?tc_ch=display&tc_ve=ba&tc_so=tradedesk&tc_me=pp&tc_ca=bau,,,59.00,59.00,https://cdn.shopify.com/s/files/1/0680/4619/2892/files/26waut_t2154_wht_m05_82ad227e-b7c1-40a5-a243-600b219dd36c.jpg?v=1&width=800,Women,Women,03/10/2026,https://us.boden.com/products/women-supersoft-short-puff-shirt-white-t2154wht?tc_ch=display&tc_ve=ba&tc_so=tradedesk&tc_me=pp&tc_ca=bau,,,242,IN STOCK,,,white,,,,TRUE,TRUE
55203702,55203702,55203702,Sienna Cropped Denim Shirt Boden,https://us.boden.com/products/women-sienna-cropped-denim-shirt-light-authentic-denim-t2166den?tc_ch=display&tc_ve=ba&tc_so=tradedesk&tc_me=pp&tc_ca=bau,,,110.00,110.00,https://cdn.shopify.com/s/files/1/0680/4619/2892/files/26waut_t2166_den_m04_v1.jpg?v=1&width=800,Women,Women,03/10/2026,https://us.boden.com/products/women-sienna-cropped-denim-shirt-light-authentic-denim-t2166den?tc_ch=display&tc_ve=ba&tc_so=tradedesk&tc_me=pp&tc_ca=bau,,,143,IN STOCK,,,Light Authentic Denim,,,,TRUE,TRUE
55212240,55212240,55212240,Ribbed Cotton T-Shirt Boden,https://us.boden.com/products/women-ribbed-cotton-t-shirt-black-t2159blk?tc_ch=display&tc_ve=ba&tc_so=tradedesk&tc_me=pp&tc_ca=bau,,,49.00,49.00,https://cdn.shopify.com/s/files/1/0680/4619/2892/files/26waut_t2159_blk_m01_e672d79d-6702-4f80-bed2-a49acac4bf7d.jpg?v=1&width=800,Women,Women,03/10/2026,https://us.boden.com/products/women-ribbed-cotton-t-shirt-black-t2159blk?tc_ch=display&tc_ve=ba&tc_so=tradedesk&tc_me=pp&tc_ca=bau,,,165,IN STOCK,,,Black,,,,TRUE,TRUE
55210676,55210676,55210676,Ribbed Long Sleeve Henley Boden,https://us.boden.com/products/women-ribbed-long-sleeve-henley-navy-t2216nav?tc_ch=display&tc_ve=ba&tc_so=tradedesk&tc_me=pp&tc_ca=bau,,,89.00,89.00,https://cdn.shopify.com/s/files/1/0680/4619/2892/files/26waut_t2216_nav_m01_v1.jpg?v=1&width=800,Women,Women,03/10/2026,https://us.boden.com/products/women-ribbed-long-sleeve-henley-navy-t2216nav?tc_ch=display&tc_ve=ba&tc_so=tradedesk&tc_me=pp&tc_ca=bau,,,312,IN STOCK,,,Navy,,,,TRUE,TRUE
55201679,55201679,55201679,Supersoft Short Puff Shirt Boden,https://us.boden.com/products/women-supersoft-short-puff-shirt-navy-t2154nav?tc_ch=display&tc_ve=ba&tc_so=tradedesk&tc_me=pp&tc_ca=bau,,,59.00,59.00,https://cdn.shopify.com/s/files/1/0680/4619/2892/files/26waut_t2154_nav_m01_b72f73d7-03e6-4578-81a6-2103f5f81b01.jpg?v=1&width=800,Women,Women,03/10/2026,https://us.boden.com/products/women-supersoft-short-puff-shirt-navy-t2154nav?tc_ch=display&tc_ve=ba&tc_so=tradedesk&tc_me=pp&tc_ca=bau,,,253,IN STOCK,,,Navy,,,,TRUE,TRUE
55212309,55212309,55212309,Ribbed Cotton T-Shirt Boden,https://us.boden.com/products/women-ribbed-cotton-t-shirt-ivory-navy-fine-stripe-t2159nvy?tc_ch=display&tc_ve=ba&tc_so=tradedesk&tc_me=pp&tc_ca=bau,,,49.00,49.00,https://cdn.shopify.com/s/files/1/0680/4619/2892/files/26waut_t2159_nvy_m01_v2.jpg?v=1&width=800,Women,Women,03/10/2026,https://us.boden.com/products/women-ribbed-cotton-t-shirt-ivory-navy-fine-stripe-t2159nvy?tc_ch=display&tc_ve=ba&tc_so=tradedesk&tc_me=pp&tc_ca=bau,,,127,IN STOCK,,,"Ivory, Navy Fine Stripe",,,,TRUE,TRUE
55201479,55201479,55201479,Supersoft Open Collar Shirt Boden,https://us.boden.com/products/women-supersoft-open-collar-shirt-white-t2201wht?tc_ch=display&tc_ve=ba&tc_so=tradedesk&tc_me=pp&tc_ca=bau,,,69.00,69.00,https://cdn.shopify.com/s/files/1/0680/4619/2892/files/26waut_t2201_wht_m01_5116429e-5f32-427b-aaa9-3262697b992c.jpg?v=1&width=800,Women,Women,03/10/2026,https://us.boden.com/products/women-supersoft-open-collar-shirt-white-t2201wht?tc_ch=display&tc_ve=ba&tc_so=tradedesk&tc_me=pp&tc_ca=bau,,,373,IN STOCK,,,White,,,,TRUE,TRUE
55201031,55201031,55201031,Supersoft Open Collar Shirt Boden,https://us.boden.com/products/women-supersoft-open-collar-shirt-navy-t2201nav?tc_ch=display&tc_ve=ba&tc_so=tradedesk&tc_me=pp&tc_ca=bau,,,69.00,69.00,https://cdn.shopify.com/s/files/1/0680/4619/2892/files/26waut_t2201_nav_m01_76149310-64f4-4094-8bf9-a012222ce9c9.jpg?v=1&width=800,Women,Women,03/10/2026,https://us.boden.com/products/women-supersoft-open-collar-shirt-navy-t2201nav?tc_ch=display&tc_ve=ba&tc_so=tradedesk&tc_me=pp&tc_ca=bau,,,159,IN STOCK,,,Navy,,,,TRUE,TRUE
55212987,55212987,55212987,Cotton Crew Neck T-shirt Boden,https://us.boden.com/products/women-cotton-crew-neck-t-shirt-navy-dijon-fine-stripe-t2135nvy?tc_ch=display&tc_ve=ba&tc_so=tradedesk&tc_me=pp&tc_ca=bau,,,45.00,45.00,https://cdn.shopify.com/s/files/1/0680/4619/2892/files/26waut_t2135_nvy_m04_b4603b6c-ee3b-41bb-ba19-7c1f8a1ff29c.jpg?v=1&width=800,Women,Women,03/10/2026,https://us.boden.com/products/women-cotton-crew-neck-t-shirt-navy-dijon-fine-stripe-t2135nvy?tc_ch=display&tc_ve=ba&tc_so=tradedesk&tc_me=pp&tc_ca=bau,,,370,IN STOCK,,,"Navy, Dijon Fine Stripe",,,,TRUE,TRUE
55210982,55210982,55210982,Long Sleeve Printed Shirt Boden,https://us.boden.com/products/women-long-sleeve-printed-shirt-multi-blossoming-gardenia-t2190mlt?tc_ch=display&tc_ve=ba&tc_so=tradedesk&tc_me=pp&tc_ca=bau,,,108.00,180.00,https://cdn.shopify.com/s/files/1/0680/4619/2892/files/26waut_t2190_mlt_m02_v2_e17596b7-1aa4-4094-b81b-dfce3c26ca74.jpg?v=1&width=800,Women,Women,03/10/2026,https://us.boden.com/products/women-long-sleeve-printed-shirt-multi-blossoming-gardenia-t2190mlt?tc_ch=display&tc_ve=ba&tc_so=tradedesk&tc_me=pp&tc_ca=bau,,,83,IN STOCK,,,"Multi, Blossoming Gardenia",,,,TRUE,TRUE
55204211,55204211,55204211,Sienna Cropped Cotton Shirt Boden,https://us.boden.com/products/women-sienna-cropped-cotton-shirt-red-navy-tram-stripe-t2167red?tc_ch=display&tc_ve=ba&tc_so=tradedesk&tc_me=pp&tc_ca=bau,,,99.00,99.00,https://cdn.shopify.com/s/files/1/0680/4619/2892/files/26waut_t2167_red_w01.jpg?v=1&width=800,Women,Women,03/10/2026,https://us.boden.com/products/women-sienna-cropped-cotton-shirt-red-navy-tram-stripe-t2167red?tc_ch=display&tc_ve=ba&tc_so=tradedesk&tc_me=pp&tc_ca=bau,,,154,IN STOCK,,,"Red, Navy Tram Stripe",,,,TRUE,TRUE
55209728,55209728,55209728,Tia Sleeveless Ruch Jersey Top Boden,https://us.boden.com/products/women-tia-sleeveless-ruch-jersey-top-midnight-teal-t2150grn?tc_ch=display&tc_ve=ba&tc_so=tradedesk&tc_me=pp&tc_ca=bau,,,33.99,69.00,https://cdn.shopify.com/s/files/1/0680/4619/2892/files/26waut_t2150_grn_m01_e5005f15-a05c-4833-9e43-c9a495a0734c.jpg?v=1&width=800,Women,Women,03/10/2026,https://us.boden.com/products/women-tia-sleeveless-ruch-jersey-top-midnight-teal-t2150grn?tc_ch=display&tc_ve=ba&tc_so=tradedesk&tc_me=pp&tc_ca=bau,,,20,IN STOCK,,,Midnight Teal,,,,TRUE,TRUE
55212298,55212298,55212298,Supersoft Slash Neck T-Shirt Boden,https://us.boden.com/products/women-supersoft-slash-neck-t-shirt-french-navy-19-3921-tcx-t2155nav?tc_ch=display&tc_ve=ba&tc_so=tradedesk&tc_me=pp&tc_ca=bau,,,45.00,45.00,https://cdn.shopify.com/s/files/1/0680/4619/2892/files/26waut_t2155_nav_m01_v2_7c994676-0acb-4029-a420-d6ba224994c5.jpg?v=1&width=800,Women,Women,03/10/2026,https://us.boden.com/products/women-supersoft-slash-neck-t-shirt-french-navy-19-3921-tcx-t2155nav?tc_ch=display&tc_ve=ba&tc_so=tradedesk&tc_me=pp&tc_ca=bau,,,219,IN STOCK,,,French Navy (19-3921 TCX),,,,TRUE,TRUE
55231251,55231251,55231251,Relaxed Cotton T-shirt Boden,https://us.boden.com/products/women-relaxed-cotton-t-shirt-safari-green-and-ivory-stripe-t2134stp?tc_ch=display&tc_ve=ba&tc_so=tradedesk&tc_me=pp&tc_ca=bau,,,45.00,45.00,https://cdn.shopify.com/s/files/1/0680/4619/2892/files/26waut_t2134_stp_m01_v2.jpg?v=1&width=800,Women,Women,03/10/2026,https://us.boden.com/products/women-relaxed-cotton-t-shirt-safari-green-and-ivory-stripe-t2134stp?tc_ch=display&tc_ve=ba&tc_so=tradedesk&tc_me=pp&tc_ca=bau,,,223,IN STOCK,,,Safari Green and Ivory Stripe,,,,TRUE,TRUE
55206615,55206615,55206615,Seam Detail Jersey Shirt Boden,https://us.boden.com/products/women-seam-detail-jersey-shirt-navy-t2147nav?tc_ch=display&tc_ve=ba&tc_so=tradedesk&tc_me=pp&tc_ca=bau,,,99.00,99.00,https://cdn.shopify.com/s/files/1/0680/4619/2892/files/26waut_t2147_nav_m01_03660171-193d-4487-ad08-753812dbfe43.jpg?v=1&width=800,Women,Women,03/10/2026,https://us.boden.com/products/women-seam-detail-jersey-shirt-navy-t2147nav?tc_ch=display&tc_ve=ba&tc_so=tradedesk&tc_me=pp&tc_ca=bau,,,225,IN STOCK,,,Navy,,,,TRUE,TRUE
55210911,55210911,55210911,Ribbed Long Sleeve Henley Boden,https://us.boden.com/products/women-ribbed-long-sleeve-henley-black-t2216blk?tc_ch=display&tc_ve=ba&tc_so=tradedesk&tc_me=pp&tc_ca=bau,,,89.00,89.00,https://cdn.shopify.com/s/files/1/0680/4619/2892/files/26waut_t2216_blk_m01_v1_a71e3a46-6357-441a-817b-4b802ca8f0e1.jpg?v=1&width=800,Women,Women,03/10/2026,https://us.boden.com/products/women-ribbed-long-sleeve-henley-black-t2216blk?tc_ch=display&tc_ve=ba&tc_so=tradedesk&tc_me=pp&tc_ca=bau,,,173,IN STOCK,,,Black,,,,TRUE,TRUE
55212307,55212307,55212307,Supersoft Slash Neck T-Shirt Boden,https://us.boden.com/products/women-supersoft-slash-neck-t-shirt-blue-aura-t2155blu?tc_ch=display&tc_ve=ba&tc_so=tradedesk&tc_me=pp&tc_ca=bau,,,45.00,45.00,https://cdn.shopify.com/s/files/1/0680/4619/2892/files/26waut_t2155_blu_m04_570a3ade-3506-4115-b861-a9ff811c9f37.jpg?v=1&width=800,Women,Women,03/10/2026,https://us.boden.com/products/women-supersoft-slash-neck-t-shirt-blue-aura-t2155blu?tc_ch=display&tc_ve=ba&tc_so=tradedesk&tc_me=pp&tc_ca=bau,,,27,IN STOCK,,,Blue Aura,,,,TRUE,TRUE
55215698,55215698,55215698,Supersoft Slash Neck T-Shirt Boden,https://us.boden.com/products/women-supersoft-slash-neck-t-shirt-ivory-navy-stripe-t2155ivo?tc_ch=display&tc_ve=ba&tc_so=tradedesk&tc_me=pp&tc_ca=bau,,,45.00,45.00,https://cdn.shopify.com/s/files/1/0680/4619/2892/files/26waut_t2155_ivo_m01_945e1572-beb3-4a89-b2e0-3374f1b84b20.jpg?v=1&width=800,Women,Women,03/10/2026,https://us.boden.com/products/women-supersoft-slash-neck-t-shirt-ivory-navy-stripe-t2155ivo?tc_ch=display&tc_ve=ba&tc_so=tradedesk&tc_me=pp&tc_ca=bau,,,98,IN STOCK,,,"Ivory, Navy Stripe",,,,TRUE,TRUE
55200864,55200864,55200864,Supersoft Open Collar Shirt Boden,https://us.boden.com/products/women-supersoft-open-collar-shirt-burnt-orange-t2201brn?tc_ch=display&tc_ve=ba&tc_so=tradedesk&tc_me=pp&tc_ca=bau,,,69.00,69.00,https://cdn.shopify.com/s/files/1/0680/4619/2892/files/26waut_t2201_brn_m01_v1_459fd5bb-c4fa-48ea-9ec6-868399b9301a.jpg?v=1&width=800,Women,Women,03/10/2026,https://us.boden.com/products/women-supersoft-open-collar-shirt-burnt-orange-t2201brn?tc_ch=display&tc_ve=ba&tc_so=tradedesk&tc_me=pp&tc_ca=bau,,,19,IN STOCK,,,Burnt Orange,,,,TRUE,TRUE
55200080,55200080,55200080,Clara Tie Neck Shirt Boden,https://us.boden.com/products/women-clara-tie-neck-shirt-white-trim-detail-t2173whi?tc_ch=display&tc_ve=ba&tc_so=tradedesk&tc_me=pp&tc_ca=bau,,,119.20,149.00,https://cdn.shopify.com/s/files/1/0680/4619/2892/files/26waut_t2173_whi_m01_5e373c94-8e95-4902-8985-27979a171fc9.jpg?v=1&width=800,Women,Women,03/10/2026,https://us.boden.com/products/women-clara-tie-neck-shirt-white-trim-detail-t2173whi?tc_ch=display&tc_ve=ba&tc_so=tradedesk&tc_me=pp&tc_ca=bau,,,10,IN STOCK,,,White Trim Detail,,,,TRUE,TRUE
55201744,55201744,55201744,Tie Neck Denim Top Boden,https://us.boden.com/products/women-tie-neck-denim-top-light-vintage-t2176den?tc_ch=display&tc_ve=ba&tc_so=tradedesk&tc_me=pp&tc_ca=bau,,,88.00,110.00,https://cdn.shopify.com/s/files/1/0680/4619/2892/files/26waut_t2176_den_m04_v1_c28b54de-5d4a-4763-80b0-881d423585f4.jpg?v=1&width=800,Women,Women,03/10/2026,https://us.boden.com/products/women-tie-neck-denim-top-light-vintage-t2176den?tc_ch=display&tc_ve=ba&tc_so=tradedesk&tc_me=pp&tc_ca=bau,,,7,IN STOCK,,,Light Vintage,,,,TRUE,TRUE
55199756,55199756,55199756,Penelope Viscose Top Boden,https://us.boden.com/products/women-penelope-viscose-top-bright-rouge-enchanted-peony-t2170mlt?tc_ch=display&tc_ve=ba&tc_so=tradedesk&tc_me=pp&tc_ca=bau,,,66.00,110.00,https://cdn.shopify.com/s/files/1/0680/4619/2892/files/26waut_t2170_mlt_w01.jpg?v=1&width=800,Women,Women,03/10/2026,https://us.boden.com/products/women-penelope-viscose-top-bright-rouge-enchanted-peony-t2170mlt?tc_ch=display&tc_ve=ba&tc_so=tradedesk&tc_me=pp&tc_ca=bau,,,14,IN STOCK,,,"Bright Rouge, Enchanted Peony",,,,TRUE,TRUE
55193727,55193727,55193727,Supersoft Ruched Jersey Shirt Boden,https://us.boden.com/products/women-supersoft-ruched-jersey-shirt-black-t2146blk?tc_ch=display&tc_ve=ba&tc_so=tradedesk&tc_me=pp&tc_ca=bau,,,99.00,99.00,https://cdn.shopify.com/s/files/1/0680/4619/2892/files/26waut_t2146_blk_m01_v1_ae53e98e-9f38-4e09-b552-19857149ac98.jpg?v=1&width=800,Women,Women,03/10/2026,https://us.boden.com/products/women-supersoft-ruched-jersey-shirt-black-t2146blk?tc_ch=display&tc_ve=ba&tc_so=tradedesk&tc_me=pp&tc_ca=bau,,,274,IN STOCK,,,Black,,,,TRUE,TRUE
55193696,55193696,55193696,Supersoft Ruched Jersey Shirt Boden,https://us.boden.com/products/women-supersoft-ruched-jersey-shirt-midnight-teal-t2146grn?tc_ch=display&tc_ve=ba&tc_so=tradedesk&tc_me=pp&tc_ca=bau,,,99.00,99.00,https://cdn.shopify.com/s/files/1/0680/4619/2892/files/26waut_t2146_grn_m01_v1_700ec22c-4af1-4eae-9f1e-915ffaa6b79b.jpg?v=1&width=800,Women,Women,03/10/2026,https://us.boden.com/products/women-supersoft-ruched-jersey-shirt-midnight-teal-t2146grn?tc_ch=display&tc_ve=ba&tc_so=tradedesk&tc_me=pp&tc_ca=bau,,,220,IN STOCK,,,Midnight Teal,,,,TRUE,TRUE
55193624,55193624,55193624,Supersoft Ruched Jersey Shirt Boden,https://us.boden.com/products/women-supersoft-ruched-jersey-shirt-deep-wisteria-t2146pur?tc_ch=display&tc_ve=ba&tc_so=tradedesk&tc_me=pp&tc_ca=bau,,,99.00,99.00,https://cdn.shopify.com/s/files/1/0680/4619/2892/files/26waut_t2146_pur_m04_v2_14ed075c-5d6e-493e-93be-078c1f170668.jpg?v=1&width=800,Women,Women,03/10/2026,https://us.boden.com/products/women-supersoft-ruched-jersey-shirt-deep-wisteria-t2146pur?tc_ch=display&tc_ve=ba&tc_so=tradedesk&tc_me=pp&tc_ca=bau,,,335,IN STOCK,,,Deep Wisteria,,,,TRUE,TRUE
55216531,55216531,55216531,Smocked Cuff Supersoft Top Boden,https://us.boden.com/products/women-smocked-cuff-supersoft-top-dark-cherry-t1777pgr?tc_ch=display&tc_ve=ba&tc_so=tradedesk&tc_me=pp&tc_ca=bau,,,59.00,59.00,https://cdn.shopify.com/s/files/1/0680/4619/2892/files/26waut_t1777_pgr_m01_v1_318271c9-5b12-48cf-8fa0-5dc28635338d.jpg?v=1&width=800,Women,Women,03/10/2026,https://us.boden.com/products/women-smocked-cuff-supersoft-top-dark-cherry-t1777pgr?tc_ch=display&tc_ve=ba&tc_so=tradedesk&tc_me=pp&tc_ca=bau,,,249,IN STOCK,,,Dark Cherry,,,,TRUE,TRUE
55216657,55216657,55216657,Smocked Cuff Supersoft Top Boden,https://us.boden.com/products/women-smocked-cuff-supersoft-top-white-t1777wth?tc_ch=display&tc_ve=ba&tc_so=tradedesk&tc_me=pp&tc_ca=bau,,,59.00,59.00,https://cdn.shopify.com/s/files/1/0680/4619/2892/files/26waut_t1777_wth_m01.jpg?v=1&width=800,Women,Women,03/10/2026,https://us.boden.com/products/women-smocked-cuff-supersoft-top-white-t1777wth?tc_ch=display&tc_ve=ba&tc_so=tradedesk&tc_me=pp&tc_ca=bau,,,359,IN STOCK,,,White,,,,TRUE,TRUE
55216873,55216873,55216873,Smocked Cuff Supersoft Top Boden,https://us.boden.com/products/women-smocked-cuff-supersoft-top-black-t1777bla?tc_ch=display&tc_ve=ba&tc_so=tradedesk&tc_me=pp&tc_ca=bau,,,59.00,59.00,https://cdn.shopify.com/s/files/1/0680/4619/2892/files/26waut_t1777_bla_m01.jpg?v=1&width=800,Women,Women,03/10/2026,https://us.boden.com/products/women-smocked-cuff-supersoft-top-black-t1777bla?tc_ch=display&tc_ve=ba&tc_so=tradedesk&tc_me=pp&tc_ca=bau,,,488,IN STOCK,,,Black,,,,TRUE,TRUE
55216647,55216647,55216647,Smocked Cuff Supersoft Top Boden,https://us.boden.com/products/women-smocked-cuff-supersoft-top-navy-t1777nar?tc_ch=display&tc_ve=ba&tc_so=tradedesk&tc_me=pp&tc_ca=bau,,,59.00,59.00,https://cdn.shopify.com/s/files/1/0680/4619/2892/files/26waut_t1777_nar_m01_v1_159dae92-03d0-4267-b1dd-5d6e85a26b05.jpg?v=1&width=800,Women,Women,03/10/2026,https://us.boden.com/products/women-smocked-cuff-supersoft-top-navy-t1777nar?tc_ch=display&tc_ve=ba&tc_so=tradedesk&tc_me=pp&tc_ca=bau,,,306,IN STOCK,,,Navy,,,,TRUE,TRUE
55200063,55200063,55200063,Sienna Frill Cotton Shirt Boden,https://us.boden.com/products/women-sienna-frill-cotton-shirt-forget-me-not-ivory-stripe-t2165blu?tc_ch=display&tc_ve=ba&tc_so=tradedesk&tc_me=pp&tc_ca=bau,,,110.00,110.00,https://cdn.shopify.com/s/files/1/0680/4619/2892/files/26waut_t2165_blu_m01_144bf362-62ba-4f7b-b2f7-594ede032cc2.jpg?v=1&width=800,Women,Women,03/10/2026,https://us.boden.com/products/women-sienna-frill-cotton-shirt-forget-me-not-ivory-stripe-t2165blu?tc_ch=display&tc_ve=ba&tc_so=tradedesk&tc_me=pp&tc_ca=bau,,,30,IN STOCK,,,"Forget Me Not, Ivory Stripe",,,,TRUE,TRUE
55227269,55227269,55227269,Button Cuff Ribbed Boatneck Boden,https://us.boden.com/products/women-button-cuff-ribbed-boatneck-bitter-chocolate-t2263brn?tc_ch=display&tc_ve=ba&tc_so=tradedesk&tc_me=pp&tc_ca=bau,,,89.00,89.00,https://cdn.shopify.com/s/files/1/0680/4619/2892/files/26waut_t2263_brn_m01_406c3a5d-cf2a-4b69-bef4-34e7967f00e2.jpg?v=1&width=800,Women,Women,03/10/2026,https://us.boden.com/products/women-button-cuff-ribbed-boatneck-bitter-chocolate-t2263brn?tc_ch=display&tc_ve=ba&tc_so=tradedesk&tc_me=pp&tc_ca=bau,,,36,IN STOCK,,,Bitter Chocolate,,,,TRUE,TRUE
55212273,55212273,55212273,Pia Ruffle Detail Top Boden,https://us.boden.com/products/women-pia-ruffle-detail-top-burnt-orange-stripe-t2148brn?tc_ch=display&tc_ve=ba&tc_so=tradedesk&tc_me=pp&tc_ca=bau,,,99.00,99.00,https://cdn.shopify.com/s/files/1/0680/4619/2892/files/26waut_t2148_brn_m01_f1964eaf-2673-41b7-8c73-b62cbe887e23.jpg?v=1&width=800,Women,Women,03/10/2026,https://us.boden.com/products/women-pia-ruffle-detail-top-burnt-orange-stripe-t2148brn?tc_ch=display&tc_ve=ba&tc_so=tradedesk&tc_me=pp&tc_ca=bau,,,300,IN STOCK,,,Burnt Orange Stripe,,,,TRUE,TRUE
55227423,55227423,55227423,Ruched Long Sleeve Top Boden,https://us.boden.com/products/women-ruched-long-sleeve-top-midnight-teal-t2206grn?tc_ch=display&tc_ve=ba&tc_so=tradedesk&tc_me=pp&tc_ca=bau,,,34.99,89.00,https://cdn.shopify.com/s/files/1/0680/4619/2892/files/26waut_t2206_grn_m04_c5f9c898-82dd-47c5-9b06-9579485d8976.jpg?v=1&width=800,Women,Women,03/10/2026,https://us.boden.com/products/women-ruched-long-sleeve-top-midnight-teal-t2206grn?tc_ch=display&tc_ve=ba&tc_so=tradedesk&tc_me=pp&tc_ca=bau,,,73,IN STOCK,,,Midnight Teal,,,,TRUE,TRUE
55227287,55227287,55227287,Ruched Long Sleeve Top Boden,https://us.boden.com/products/women-ruched-long-sleeve-top-navy-t2206nvy?tc_ch=display&tc_ve=ba&tc_so=tradedesk&tc_me=pp&tc_ca=bau,,,34.99,89.00,https://cdn.shopify.com/s/files/1/0680/4619/2892/files/26waut_t2206_nvy_m01_a3ddff12-a6be-4ad0-9fdc-15fcd95902f9.jpg?v=1&width=800,Women,Women,03/10/2026,https://us.boden.com/products/women-ruched-long-sleeve-top-navy-t2206nvy?tc_ch=display&tc_ve=ba&tc_so=tradedesk&tc_me=pp&tc_ca=bau,,,40,IN STOCK,,,Navy,,,,TRUE,TRUE
55209245,55209245,55209245,Lace Frill Blouse Boden,https://us.boden.com/products/women-lace-frill-blouse-ivory-t2218ivo?tc_ch=display&tc_ve=ba&tc_so=tradedesk&tc_me=pp&tc_ca=bau,,,110.00,110.00,https://cdn.shopify.com/s/files/1/0680/4619/2892/files/26waut_t2218_ivo_m01_6218b2f4-fea0-490d-930f-629c9ab73209.jpg?v=1&width=800,Women,Women,03/10/2026,https://us.boden.com/products/women-lace-frill-blouse-ivory-t2218ivo?tc_ch=display&tc_ve=ba&tc_so=tradedesk&tc_me=pp&tc_ca=bau,,,60,IN STOCK,,,Ivory,,,,TRUE,TRUE
55218685,55218685,55218685,Supersoft Frill Detail Top Boden,https://us.boden.com/products/women-supersoft-frill-detail-top-purple-damson-t1657plm?tc_ch=display&tc_ve=ba&tc_so=tradedesk&tc_me=pp&tc_ca=bau,,,59.00,59.00,https://cdn.shopify.com/s/files/1/0680/4619/2892/files/26waut_t1657_plm_m01.jpg?v=1&width=800,Women,Women,03/10/2026,https://us.boden.com/products/women-supersoft-frill-detail-top-purple-damson-t1657plm?tc_ch=display&tc_ve=ba&tc_so=tradedesk&tc_me=pp&tc_ca=bau,,,293,IN STOCK,,,Purple Damson,,,,TRUE,TRUE
55200734,55200734,55200734,Cotton Crew Long Sleeve Top Boden,https://us.boden.com/products/women-cotton-crew-long-sleeve-top-true-navy-t1829bck?tc_ch=display&tc_ve=ba&tc_so=tradedesk&tc_me=pp&tc_ca=bau,,,45.00,45.00,https://cdn.shopify.com/s/files/1/0680/4619/2892/files/26waut_t1829_bck_m01_7e398e4d-b037-472b-89d1-82a36d3084ea.jpg?v=1&width=800,Women,Women,03/10/2026,https://us.boden.com/products/women-cotton-crew-long-sleeve-top-true-navy-t1829bck?tc_ch=display&tc_ve=ba&tc_so=tradedesk&tc_me=pp&tc_ca=bau,,,238,IN STOCK,,,True Navy,,,,TRUE,TRUE
55201018,55201018,55201018,Cotton Crew Long Sleeve Top Boden,https://us.boden.com/products/women-cotton-crew-long-sleeve-top-maroon-banner-t1829pnt?tc_ch=display&tc_ve=ba&tc_so=tradedesk&tc_me=pp&tc_ca=bau,,,45.00,45.00,https://cdn.shopify.com/s/files/1/0680/4619/2892/files/26waut_t1829_pnt_m01_cd2d9fa6-e40f-4c63-a3c4-bd2f6066178c.jpg?v=1&width=800,Women,Women,03/10/2026,https://us.boden.com/products/women-cotton-crew-long-sleeve-top-maroon-banner-t1829pnt?tc_ch=display&tc_ve=ba&tc_so=tradedesk&tc_me=pp&tc_ca=bau,,,254,IN STOCK,,,Maroon Banner,,,,TRUE,TRUE
55218804,55218804,55218804,Supersoft Square Neck Top Boden,https://us.boden.com/products/women-supersoft-square-neck-top-rich-chestnut-t2208red?tc_ch=display&tc_ve=ba&tc_so=tradedesk&tc_me=pp&tc_ca=bau,,,59.00,59.00,https://cdn.shopify.com/s/files/1/0680/4619/2892/files/26waut_t2208_red_m04_c042d7de-3b98-4dc4-a340-90352d250bad.jpg?v=1&width=800,Women,Women,03/10/2026,https://us.boden.com/products/women-supersoft-square-neck-top-rich-chestnut-t2208red?tc_ch=display&tc_ve=ba&tc_so=tradedesk&tc_me=pp&tc_ca=bau,,,99,IN STOCK,,,Rich Chestnut,,,,TRUE,TRUE
55218659,55218659,55218659,Supersoft Frill Henley Top Boden,https://us.boden.com/products/women-supersoft-frill-henley-top-calla-lilly-purple-t1734psp?tc_ch=display&tc_ve=ba&tc_so=tradedesk&tc_me=pp&tc_ca=bau,,,69.00,69.00,https://cdn.shopify.com/s/files/1/0680/4619/2892/files/26waut_t1734_psp_m01_ffde7ac4-de40-4d24-ab9a-2a93915edf69.jpg?v=1&width=800,Women,Women,03/10/2026,https://us.boden.com/products/women-supersoft-frill-henley-top-calla-lilly-purple-t1734psp?tc_ch=display&tc_ve=ba&tc_so=tradedesk&tc_me=pp&tc_ca=bau,,,166,IN STOCK,,,Calla Lilly Purple,,,,TRUE,TRUE
55201535,55201535,55201535,Supersoft Puff Sleeve Shirt Boden,https://us.boden.com/products/women-supersoft-puff-sleeve-shirt-white-t2204wht?tc_ch=display&tc_ve=ba&tc_so=tradedesk&tc_me=pp&tc_ca=bau,,,69.00,69.00,https://cdn.shopify.com/s/files/1/0680/4619/2892/files/26waut_t2204_wht_m01_8394b2e1-6595-4fa3-9e06-f2deb115142a.jpg?v=1&width=800,Women,Women,03/10/2026,https://us.boden.com/products/women-supersoft-puff-sleeve-shirt-white-t2204wht?tc_ch=display&tc_ve=ba&tc_so=tradedesk&tc_me=pp&tc_ca=bau,,,263,IN STOCK,,,White,,,,TRUE,TRUE
55201347,55201347,55201347,Supersoft Puff Sleeve Shirt Boden,https://us.boden.com/products/women-supersoft-puff-sleeve-shirt-hunter-green-t2204lgr?tc_ch=display&tc_ve=ba&tc_so=tradedesk&tc_me=pp&tc_ca=bau,,,89.00,89.00,https://cdn.shopify.com/s/files/1/0680/4619/2892/files/26waut_t2204_lgr_m02_e19b52bf-c44f-4f1d-a54a-da4aa27f3c08.jpg?v=1&width=800,Women,Women,03/10/2026,https://us.boden.com/products/women-supersoft-puff-sleeve-shirt-hunter-green-t2204lgr?tc_ch=display&tc_ve=ba&tc_so=tradedesk&tc_me=pp&tc_ca=bau,,,414,IN STOCK,,,Hunter Green,,,,TRUE,TRUE
55203402,55203402,55203402,Erica Cotton Frill Top Boden,https://us.boden.com/products/women-erica-cotton-frill-top-soft-pink-embroidered-floral-t2186pnk?tc_ch=display&tc_ve=ba&tc_so=tradedesk&tc_me=pp&tc_ca=bau,,,180.00,180.00,https://cdn.shopify.com/s/files/1/0680/4619/2892/files/26waut_t2186_pnk_w01_1a3faa50-48bd-4d31-a233-6c073dba125e.jpg?v=1&width=800,Women,Women,03/10/2026,https://us.boden.com/products/women-erica-cotton-frill-top-soft-pink-embroidered-floral-t2186pnk?tc_ch=display&tc_ve=ba&tc_so=tradedesk&tc_me=pp&tc_ca=bau,,,9,IN STOCK,,,"Soft Pink, Embroidered Floral",,,,TRUE,TRUE
55206138,55206138,55206138,Erica Cotton Frill Top Boden,https://us.boden.com/products/women-erica-cotton-frill-top-white-cross-stitch-floral-t2186flr?tc_ch=display&tc_ve=ba&tc_so=tradedesk&tc_me=pp&tc_ca=bau,,,108.00,180.00,https://cdn.shopify.com/s/files/1/0680/4619/2892/files/26waut_t2186_flr_m01_v2_c4c454e7-8fbf-4426-831e-72dd39da2c16.jpg?v=1&width=800,Women,Women,03/10/2026,https://us.boden.com/products/women-erica-cotton-frill-top-white-cross-stitch-floral-t2186flr?tc_ch=display&tc_ve=ba&tc_so=tradedesk&tc_me=pp&tc_ca=bau,,,72,IN STOCK,,,White Cross Stitch Floral,,,,TRUE,TRUE
55218847,55218847,55218847,Supersoft Square Neck Top Boden,https://us.boden.com/products/women-supersoft-square-neck-top-midnight-ocean-t2208blu?tc_ch=display&tc_ve=ba&tc_so=tradedesk&tc_me=pp&tc_ca=bau,,,59.00,59.00,https://cdn.shopify.com/s/files/1/0680/4619/2892/files/26waut_t2208_blu_m01_206dd775-1d00-4d95-948a-190d4a2ab397.jpg?v=1&width=800,Women,Women,03/10/2026,https://us.boden.com/products/women-supersoft-square-neck-top-midnight-ocean-t2208blu?tc_ch=display&tc_ve=ba&tc_so=tradedesk&tc_me=pp&tc_ca=bau,,,85,IN STOCK,,,Midnight Ocean,,,,TRUE,TRUE
55218647,55218647,55218647,Erica Lace Top Boden,https://us.boden.com/products/women-erica-lace-top-ivory-t2229ivo?tc_ch=display&tc_ve=ba&tc_so=tradedesk&tc_me=pp&tc_ca=bau,,,180.00,180.00,https://cdn.shopify.com/s/files/1/0680/4619/2892/files/26waut_t2229_ivo_m04_0f24ec9a-251f-4a90-a869-7e6d099df860.jpg?v=1&width=800,Women,Women,03/10/2026,https://us.boden.com/products/women-erica-lace-top-ivory-t2229ivo?tc_ch=display&tc_ve=ba&tc_so=tradedesk&tc_me=pp&tc_ca=bau,,,73,IN STOCK,,,Ivory,,,,TRUE,TRUE
55203166,55203166,55203166,Julia Darted Cotton Shirt Boden,https://us.boden.com/products/women-julia-darted-cotton-shirt-ivory-boden-spot-t2187spt?tc_ch=display&tc_ve=ba&tc_so=tradedesk&tc_me=pp&tc_ca=bau,,,110.00,110.00,https://cdn.shopify.com/s/files/1/0680/4619/2892/files/26waut_t2187_spt_m01_v1_20938871-25b7-4a3b-9983-844559c1fae0.jpg?v=1&width=800,Women,Women,03/10/2026,https://us.boden.com/products/women-julia-darted-cotton-shirt-ivory-boden-spot-t2187spt?tc_ch=display&tc_ve=ba&tc_so=tradedesk&tc_me=pp&tc_ca=bau,,,36,IN STOCK,,,"Ivory, Boden Spot",,,,TRUE,TRUE
55201857,55201857,55201857,Volume Sleeve Shirt Boden,https://us.boden.com/products/women-volume-sleeve-shirt-white-t2182whi?tc_ch=display&tc_ve=ba&tc_so=tradedesk&tc_me=pp&tc_ca=bau,,,110.00,110.00,https://cdn.shopify.com/s/files/1/0680/4619/2892/files/26waut_t2182_whi_m04_a6086db8-eba0-4458-b414-396f2f24f3e5.jpg?v=1&width=800,Women,Women,03/10/2026,https://us.boden.com/products/women-volume-sleeve-shirt-white-t2182whi?tc_ch=display&tc_ve=ba&tc_so=tradedesk&tc_me=pp&tc_ca=bau,,,112,IN STOCK,,,White,,,,TRUE,TRUE
55201189,55201189,55201189,Supersoft Ruched Jersey Shirt Boden,https://us.boden.com/products/women-supersoft-ruched-jersey-shirt-navy-t2146nav?tc_ch=display&tc_ve=ba&tc_so=tradedesk&tc_me=pp&tc_ca=bau,,,99.00,99.00,https://cdn.shopify.com/s/files/1/0680/4619/2892/files/26waut_t2146_nav_m02_1d0e30e5-0550-430b-9608-efa46247157d.jpg?v=1&width=800,Women,Women,03/10/2026,https://us.boden.com/products/women-supersoft-ruched-jersey-shirt-navy-t2146nav?tc_ch=display&tc_ve=ba&tc_so=tradedesk&tc_me=pp&tc_ca=bau,,,284,IN STOCK,,,Navy,,,,TRUE,TRUE
55203850,55203850,55203850,Julia Darted Cotton Shirt Boden,https://us.boden.com/products/women-julia-darted-cotton-shirt-soft-blue-ivory-stripe-t2187mbl?tc_ch=display&tc_ve=ba&tc_so=tradedesk&tc_me=pp&tc_ca=bau,,,110.00,110.00,https://cdn.shopify.com/s/files/1/0680/4619/2892/files/26waut_t2187_mbl_m01_0db968c2-f259-4f3f-96b9-2281d0212838.jpg?v=1&width=800,Women,Women,03/10/2026,https://us.boden.com/products/women-julia-darted-cotton-shirt-soft-blue-ivory-stripe-t2187mbl?tc_ch=display&tc_ve=ba&tc_so=tradedesk&tc_me=pp&tc_ca=bau,,,23,IN STOCK,,,"Soft Blue, Ivory Stripe",,,,TRUE,TRUE
55220240,55220240,55220240,Ruched Long Sleeve Wrap Top Boden,https://us.boden.com/products/women-ruched-long-sleeve-wrap-top-black-t2205bla?tc_ch=display&tc_ve=ba&tc_so=tradedesk&tc_me=pp&tc_ca=bau,,,89.00,89.00,https://cdn.shopify.com/s/files/1/0680/4619/2892/files/26waut_t2205_bla_m01_71953d53-24a1-4b27-9e39-a0d490f987e7.jpg?v=1&width=800,Women,Women,03/10/2026,https://us.boden.com/products/women-ruched-long-sleeve-wrap-top-black-t2205bla?tc_ch=display&tc_ve=ba&tc_so=tradedesk&tc_me=pp&tc_ca=bau,,,187,IN STOCK,,,Black,,,,TRUE,TRUE
55217824,55217824,55217824,Anna Longline Cotton Shirt Boden,https://us.boden.com/products/women-anna-longline-cotton-shirt-white-t2172wht?tc_ch=display&tc_ve=ba&tc_so=tradedesk&tc_me=pp&tc_ca=bau,,,110.00,110.00,https://cdn.shopify.com/s/files/1/0680/4619/2892/files/26waut_t2172_wht_m05_871aa7dc-93e9-4686-9660-86876bc8fd95.jpg?v=1&width=800,Women,Women,03/10/2026,https://us.boden.com/products/women-anna-longline-cotton-shirt-white-t2172wht?tc_ch=display&tc_ve=ba&tc_so=tradedesk&tc_me=pp&tc_ca=bau,,,32,IN STOCK,,,White,,,,TRUE,TRUE
55227150,55227150,55227150,Button Cuff Ribbed Boatneck Boden,https://us.boden.com/products/women-button-cuff-ribbed-boatneck-black-t2263blk?tc_ch=display&tc_ve=ba&tc_so=tradedesk&tc_me=pp&tc_ca=bau,,,89.00,89.00,https://cdn.shopify.com/s/files/1/0680/4619/2892/files/26waut_t2263_blk_m01.jpg?v=1&width=800,Women,Women,03/10/2026,https://us.boden.com/products/women-button-cuff-ribbed-boatneck-black-t2263blk?tc_ch=display&tc_ve=ba&tc_so=tradedesk&tc_me=pp&tc_ca=bau,,,146,IN STOCK,,,Black,,,,TRUE,TRUE
55214383,55214383,55214383,Annie Essential Crew Neck Top Boden,https://us.boden.com/products/women-annie-essential-crew-neck-top-grey-marl-t2211gry?tc_ch=display&tc_ve=ba&tc_so=tradedesk&tc_me=pp&tc_ca=bau,,,49.00,49.00,https://cdn.shopify.com/s/files/1/0680/4619/2892/files/26waut_t2211_gry_m01_61453cd0-8a8d-43a6-b86c-29c0fdd6c97d.jpg?v=1&width=800,Women,Women,03/10/2026,https://us.boden.com/products/women-annie-essential-crew-neck-top-grey-marl-t2211gry?tc_ch=display&tc_ve=ba&tc_so=tradedesk&tc_me=pp&tc_ca=bau,,,141,IN STOCK,,,Grey Marl,,,,TRUE,TRUE
55214253,55214253,55214253,Annie Essential V Neck Top Boden,https://us.boden.com/products/women-annie-essential-v-neck-top-deep-wisteria-and-ivory-stripe-t2210pst?tc_ch=display&tc_ve=ba&tc_so=tradedesk&tc_me=pp&tc_ca=bau,,,49.00,49.00,https://cdn.shopify.com/s/files/1/0680/4619/2892/files/26waut_t2210_pst_m01_57de6436-f4dd-4ca2-ad9a-38865bf91e7f.jpg?v=1&width=800,Women,Women,03/10/2026,https://us.boden.com/products/women-annie-essential-v-neck-top-deep-wisteria-and-ivory-stripe-t2210pst?tc_ch=display&tc_ve=ba&tc_so=tradedesk&tc_me=pp&tc_ca=bau,,,42,IN STOCK,,,Deep Wisteria and Ivory Stripe,,,,TRUE,TRUE
55201369,55201369,55201369,Supersoft Ruched Jersey Shirt Boden,https://us.boden.com/products/women-supersoft-ruched-jersey-shirt-camel-leopard-fields-t2146brn?tc_ch=display&tc_ve=ba&tc_so=tradedesk&tc_me=pp&tc_ca=bau,,,99.00,99.00,https://cdn.shopify.com/s/files/1/0680/4619/2892/files/26waut_t2146_brn_m03_90284257-0f4e-44d8-a223-a8a0b37a4aad.jpg?v=1&width=800,Women,Women,03/10/2026,https://us.boden.com/products/women-supersoft-ruched-jersey-shirt-camel-leopard-fields-t2146brn?tc_ch=display&tc_ve=ba&tc_so=tradedesk&tc_me=pp&tc_ca=bau,,,60,IN STOCK,,,"Camel, Leopard Fields",,,,TRUE,TRUE
55204027,55204027,55204027,Sienna Frill Cotton Shirt Boden,https://us.boden.com/products/women-sienna-frill-cotton-shirt-demerara-brushed-animal-t2165lbr?tc_ch=display&tc_ve=ba&tc_so=tradedesk&tc_me=pp&tc_ca=bau,,,69.30,99.00,https://cdn.shopify.com/s/files/1/0680/4619/2892/files/26waut_t2165_lbr_m01_b109d60a-3e7b-4796-a86c-cfa5f3d679d0.jpg?v=1&width=800,Women,Women,03/10/2026,https://us.boden.com/products/women-sienna-frill-cotton-shirt-demerara-brushed-animal-t2165lbr?tc_ch=display&tc_ve=ba&tc_so=tradedesk&tc_me=pp&tc_ca=bau,,,19,IN STOCK,,,"Demerara, Brushed Animal",,,,TRUE,TRUE
55220160,55220160,55220160,Ruched Long Sleeve Wrap Top Boden,https://us.boden.com/products/women-ruched-long-sleeve-wrap-top-crimson-red-t2205red?tc_ch=display&tc_ve=ba&tc_so=tradedesk&tc_me=pp&tc_ca=bau,,,89.00,89.00,https://cdn.shopify.com/s/files/1/0680/4619/2892/files/26waut_t2205_red_m01_v1.jpg?v=1&width=800,Women,Women,03/10/2026,https://us.boden.com/products/women-ruched-long-sleeve-wrap-top-crimson-red-t2205red?tc_ch=display&tc_ve=ba&tc_so=tradedesk&tc_me=pp&tc_ca=bau,,,130,IN STOCK,,,Crimson Red,,,,TRUE,TRUE
55220169,55220169,55220169,Ruched Long Sleeve Wrap Top Boden,https://us.boden.com/products/women-ruched-long-sleeve-wrap-top-emerald-night-t2205grn?tc_ch=display&tc_ve=ba&tc_so=tradedesk&tc_me=pp&tc_ca=bau,,,89.00,89.00,https://cdn.shopify.com/s/files/1/0680/4619/2892/files/26waut_t2205_grn_m01.jpg?v=1&width=800,Women,Women,03/10/2026,https://us.boden.com/products/women-ruched-long-sleeve-wrap-top-emerald-night-t2205grn?tc_ch=display&tc_ve=ba&tc_so=tradedesk&tc_me=pp&tc_ca=bau,,,123,IN STOCK,,,Emerald Night,,,,TRUE,TRUE
55218738,55218738,55218738,Supersoft Square Neck Top Boden,https://us.boden.com/products/women-supersoft-square-neck-top-white-t2208whi?tc_ch=display&tc_ve=ba&tc_so=tradedesk&tc_me=pp&tc_ca=bau,,,59.00,59.00,https://cdn.shopify.com/s/files/1/0680/4619/2892/files/26waut_t2208_whi_m01.jpg?v=1&width=800,Women,Women,03/10/2026,https://us.boden.com/products/women-supersoft-square-neck-top-white-t2208whi?tc_ch=display&tc_ve=ba&tc_so=tradedesk&tc_me=pp&tc_ca=bau,,,215,IN STOCK,,,White,,,,TRUE,TRUE
55200760,55200760,55200760,Cotton Crew Long Sleeve Top Boden,https://us.boden.com/products/women-cotton-crew-long-sleeve-top-chive-t1829khk?tc_ch=display&tc_ve=ba&tc_so=tradedesk&tc_me=pp&tc_ca=bau,,,45.00,45.00,https://cdn.shopify.com/s/files/1/0680/4619/2892/files/26waut_t1829_khk_m01.jpg?v=1&width=800,Women,Women,03/10/2026,https://us.boden.com/products/women-cotton-crew-long-sleeve-top-chive-t1829khk?tc_ch=display&tc_ve=ba&tc_so=tradedesk&tc_me=pp&tc_ca=bau,,,353,IN STOCK,,,Chive,,,,TRUE,TRUE
55227084,55227084,55227084,Ruched Long Sleeve Top Boden,https://us.boden.com/products/women-ruched-long-sleeve-top-black-t2206blk?tc_ch=display&tc_ve=ba&tc_so=tradedesk&tc_me=pp&tc_ca=bau,,,34.99,89.00,https://cdn.shopify.com/s/files/1/0680/4619/2892/files/26waut_t2206_blk_m01.jpg?v=1&width=800,Women,Women,03/10/2026,https://us.boden.com/products/women-ruched-long-sleeve-top-black-t2206blk?tc_ch=display&tc_ve=ba&tc_so=tradedesk&tc_me=pp&tc_ca=bau,,,49,IN STOCK,,,Black,,,,TRUE,TRUE
55218729,55218729,55218729,Supersoft Square Neck Top Boden,https://us.boden.com/products/women-supersoft-square-neck-top-black-t2208blk?tc_ch=display&tc_ve=ba&tc_so=tradedesk&tc_me=pp&tc_ca=bau,,,59.00,59.00,https://cdn.shopify.com/s/files/1/0680/4619/2892/files/26waut_t2208_blk_m01_69cd318e-aeee-4b2c-aef0-48e7f0f31982.jpg?v=1&width=800,Women,Women,03/10/2026,https://us.boden.com/products/women-supersoft-square-neck-top-black-t2208blk?tc_ch=display&tc_ve=ba&tc_so=tradedesk&tc_me=pp&tc_ca=bau,,,90,IN STOCK,,,Black,,,,TRUE,TRUE
55218695,55218695,55218695,Supersoft Square Neck Top Boden,https://us.boden.com/products/women-supersoft-square-neck-top-brunswick-green-t2208lgr?tc_ch=display&tc_ve=ba&tc_so=tradedesk&tc_me=pp&tc_ca=bau,,,59.00,59.00,https://cdn.shopify.com/s/files/1/0680/4619/2892/files/26waut_t2208_lgr_m02_e9cb3e3e-f835-460b-953f-48f59c041bc0.jpg?v=1&width=800,Women,Women,03/10/2026,https://us.boden.com/products/women-supersoft-square-neck-top-brunswick-green-t2208lgr?tc_ch=display&tc_ve=ba&tc_so=tradedesk&tc_me=pp&tc_ca=bau,,,176,IN STOCK,,,Brunswick Green,,,,TRUE,TRUE
55230606,55230606,55230606,Button Cuff Ribbed Boatneck Boden,https://us.boden.com/products/women-button-cuff-ribbed-boatneck-maroon-t2263prp?tc_ch=display&tc_ve=ba&tc_so=tradedesk&tc_me=pp&tc_ca=bau,,,89.00,89.00,https://cdn.shopify.com/s/files/1/0680/4619/2892/files/26waut_t2263_prp_m01.jpg?v=1&width=800,Women,Women,03/10/2026,https://us.boden.com/products/women-button-cuff-ribbed-boatneck-maroon-t2263prp?tc_ch=display&tc_ve=ba&tc_so=tradedesk&tc_me=pp&tc_ca=bau,,,61,IN STOCK,,,Maroon,,,,TRUE,TRUE
55200872,55200872,55200872,Supersoft Puff Sleeve Shirt Boden,https://us.boden.com/products/women-supersoft-puff-sleeve-shirt-black-t2204blk?tc_ch=display&tc_ve=ba&tc_so=tradedesk&tc_me=pp&tc_ca=bau,,,69.00,69.00,https://cdn.shopify.com/s/files/1/0680/4619/2892/files/26waut_t2204_blk_m01_59eb186d-37d8-4e3e-b39e-8586b751cd36.jpg?v=1&width=800,Women,Women,03/10/2026,https://us.boden.com/products/women-supersoft-puff-sleeve-shirt-black-t2204blk?tc_ch=display&tc_ve=ba&tc_so=tradedesk&tc_me=pp&tc_ca=bau,,,231,IN STOCK,,,Black,,,,TRUE,TRUE
55201581,55201581,55201581,Supersoft Puff Sleeve Shirt Boden,https://us.boden.com/products/women-supersoft-puff-sleeve-shirt-navy-t2204nav?tc_ch=display&tc_ve=ba&tc_so=tradedesk&tc_me=pp&tc_ca=bau,,,69.00,69.00,https://cdn.shopify.com/s/files/1/0680/4619/2892/files/26waut_t2204_nav_m01_0c56c573-4e66-49e9-8634-8658bddd91bd.jpg?v=1&width=800,Women,Women,03/10/2026,https://us.boden.com/products/women-supersoft-puff-sleeve-shirt-navy-t2204nav?tc_ch=display&tc_ve=ba&tc_so=tradedesk&tc_me=pp&tc_ca=bau,,,114,IN STOCK,,,Navy,,,,TRUE,TRUE
55219070,55219070,55219070,Anna Longline Cotton Shirt Boden,https://us.boden.com/products/women-anna-longline-cotton-shirt-blue-oxford-t2172mbl?tc_ch=display&tc_ve=ba&tc_so=tradedesk&tc_me=pp&tc_ca=bau,,,130.00,130.00,https://cdn.shopify.com/s/files/1/0680/4619/2892/files/26waut_t2172_mbl_m01_456d33e1-704d-4e91-8b3f-4c11c85835df.jpg?v=1&width=800,Women,Women,03/10/2026,https://us.boden.com/products/women-anna-longline-cotton-shirt-blue-oxford-t2172mbl?tc_ch=display&tc_ve=ba&tc_so=tradedesk&tc_me=pp&tc_ca=bau,,,144,IN STOCK,,,Blue Oxford,,,,TRUE,TRUE
55221098,55221098,55221098,Volume Sleeve Shirt Boden,https://us.boden.com/products/women-volume-sleeve-shirt-blue-oxford-t2182blu?tc_ch=display&tc_ve=ba&tc_so=tradedesk&tc_me=pp&tc_ca=bau,,,130.00,130.00,https://cdn.shopify.com/s/files/1/0680/4619/2892/files/26wwin_t2182_blu_m01_da124ceb-225d-4726-8af0-979dfa50ded5.jpg?v=1&width=800,Women,Women,03/10/2026,https://us.boden.com/products/women-volume-sleeve-shirt-blue-oxford-t2182blu?tc_ch=display&tc_ve=ba&tc_so=tradedesk&tc_me=pp&tc_ca=bau,,,305,IN STOCK,,,Blue Oxford,,,,TRUE,TRUE
55200159,55200159,55200159,Sara Silk Shirt Boden,https://us.boden.com/products/women-sara-silk-shirt-pink-heather-frosted-flora-t2000mus?tc_ch=display&tc_ve=ba&tc_so=tradedesk&tc_me=pp&tc_ca=bau,,,220.00,220.00,https://cdn.shopify.com/s/files/1/0680/4619/2892/files/26waut_t2000_mus_w01.jpg?v=1&width=800,Women,Women,03/10/2026,https://us.boden.com/products/women-sara-silk-shirt-pink-heather-frosted-flora-t2000mus?tc_ch=display&tc_ve=ba&tc_so=tradedesk&tc_me=pp&tc_ca=bau,,,149,IN STOCK,,,"Pink Heather, Frosted Flora",,,,TRUE,TRUE
55201076,55201076,55201076,Double Layer Square Neck Top Boden,https://us.boden.com/products/women-double-layer-square-neck-top-winetasting-t2032prp?tc_ch=display&tc_ve=ba&tc_so=tradedesk&tc_me=pp&tc_ca=bau,,,55.00,55.00,https://cdn.shopify.com/s/files/1/0680/4619/2892/files/26waut_t2032_prp_m01_v1_f550b0f7-cb9d-4530-ac2f-f39252e1fcb4.jpg?v=1&width=800,Women,Women,03/10/2026,https://us.boden.com/products/women-double-layer-square-neck-top-winetasting-t2032prp?tc_ch=display&tc_ve=ba&tc_so=tradedesk&tc_me=pp&tc_ca=bau,,,20,IN STOCK,,,Winetasting,,,,TRUE,TRUE
55201557,55201557,55201557,Pia Ruffle Detail Top Boden,https://us.boden.com/products/women-pia-ruffle-detail-top-light-lilac-enchanted-springs-t2148pin?tc_ch=display&tc_ve=ba&tc_so=tradedesk&tc_me=pp&tc_ca=bau,,,99.00,99.00,https://cdn.shopify.com/s/files/1/0680/4619/2892/files/26waut_t2148_pin_w01_20b8f1b6-5b26-4073-889a-79429efbfa9b.jpg?v=1&width=800,Women,Women,03/10/2026,https://us.boden.com/products/women-pia-ruffle-detail-top-light-lilac-enchanted-springs-t2148pin?tc_ch=display&tc_ve=ba&tc_so=tradedesk&tc_me=pp&tc_ca=bau,,,181,IN STOCK,,,"Light Lilac, Enchanted Springs",,,,TRUE,TRUE
55201082,55201082,55201082,Supersoft Puff Sleeve Shirt Boden,https://us.boden.com/products/women-supersoft-puff-sleeve-shirt-winetasting-painting-dot-t2204prp?tc_ch=display&tc_ve=ba&tc_so=tradedesk&tc_me=pp&tc_ca=bau,,,79.00,79.00,https://cdn.shopify.com/s/files/1/0680/4619/2892/files/26wwin_t2204_prp_m01_f7d9aebf-e6ee-42ef-b669-d077d01470c6.jpg?v=1&width=800,Women,Women,03/10/2026,https://us.boden.com/products/women-supersoft-puff-sleeve-shirt-winetasting-painting-dot-t2204prp?tc_ch=display&tc_ve=ba&tc_so=tradedesk&tc_me=pp&tc_ca=bau,,,140,IN STOCK,,,"Winetasting, Painting Dot",,,,TRUE,TRUE
55218859,55218859,55218859,Erica Lace Top Boden,https://us.boden.com/products/women-erica-lace-top-black-t2229bla?tc_ch=display&tc_ve=ba&tc_so=tradedesk&tc_me=pp&tc_ca=bau,,,180.00,180.00,https://cdn.shopify.com/s/files/1/0680/4619/2892/files/26wwin_t2229_bla_m01_eef45aaa-a46e-4aa4-9639-9a4164dd2e97.jpg?v=1&width=800,Women,Women,03/10/2026,https://us.boden.com/products/women-erica-lace-top-black-t2229bla?tc_ch=display&tc_ve=ba&tc_so=tradedesk&tc_me=pp&tc_ca=bau,,,305,IN STOCK,,,Black,,,,TRUE,TRUE
55201064,55201064,55201064,Supersoft Puff Sleeve Shirt Boden,https://us.boden.com/products/women-supersoft-puff-sleeve-shirt-sprayed-leaf-t2204spt?tc_ch=display&tc_ve=ba&tc_so=tradedesk&tc_me=pp&tc_ca=bau,,,99.00,99.00,https://cdn.shopify.com/s/files/1/0680/4619/2892/files/26wwin_t2204_spt_m01_5765d4e3-25af-4594-86e0-00bd1c9ecd2e.jpg?v=1&width=800,Women,Women,03/10/2026,https://us.boden.com/products/women-supersoft-puff-sleeve-shirt-sprayed-leaf-t2204spt?tc_ch=display&tc_ve=ba&tc_so=tradedesk&tc_me=pp&tc_ca=bau,,,53,IN STOCK,,,Sprayed leaf,,,,TRUE,TRUE
55226482,55226482,55226482,Lace Trim V-Neck Velvet Top Boden,https://us.boden.com/products/women-lace-trim-v-neck-velvet-top-black-t2259blk?tc_ch=display&tc_ve=ba&tc_so=tradedesk&tc_me=pp&tc_ca=bau,,,99.00,99.00,https://cdn.shopify.com/s/files/1/0680/4619/2892/files/26wwin_t2259_blk_m01_57d5f2ea-b6f0-458c-9399-d5baeee3f232.jpg?v=1&width=800,Women,Women,03/10/2026,https://us.boden.com/products/women-lace-trim-v-neck-velvet-top-black-t2259blk?tc_ch=display&tc_ve=ba&tc_so=tradedesk&tc_me=pp&tc_ca=bau,,,344,IN STOCK,,,Black,,,,TRUE,TRUE
55201124,55201124,55201124,Rosa Printed Sweatshirt Boden,https://us.boden.com/products/women-rosa-printed-sweatshirt-jungle-charm-placement-t1915mpr?tc_ch=display&tc_ve=ba&tc_so=tradedesk&tc_me=pp&tc_ca=bau,,,110.00,110.00,https://cdn.shopify.com/s/files/1/0680/4619/2892/files/26wwin_t1915_mpr_m01.jpg?v=1&width=800,Women,Women,03/10/2026,https://us.boden.com/products/women-rosa-printed-sweatshirt-jungle-charm-placement-t1915mpr?tc_ch=display&tc_ve=ba&tc_so=tradedesk&tc_me=pp&tc_ca=bau,,,585,IN STOCK,,,Jungle Charm Placement,,,,TRUE,TRUE
55206875,55206875,55206875,Violet Smock Shoulder Cord Top Boden,https://us.boden.com/products/women-violet-smock-shoulder-cord-top-soft-sage-flora-scatter-t2191mlt?tc_ch=display&tc_ve=ba&tc_so=tradedesk&tc_me=pp&tc_ca=bau,,,149.00,149.00,https://cdn.shopify.com/s/files/1/0680/4619/2892/files/26wwin_t2191_mlt_m01.jpg?v=1&width=800,Women,Women,03/10/2026,https://us.boden.com/products/women-violet-smock-shoulder-cord-top-soft-sage-flora-scatter-t2191mlt?tc_ch=display&tc_ve=ba&tc_so=tradedesk&tc_me=pp&tc_ca=bau,,,113,IN STOCK,,,"Soft Sage, Flora Scatter",,,,TRUE,TRUE
55225392,55225392,55225392,High Neck Jersey Top Boden,https://us.boden.com/products/women-high-neck-jersey-top-dark-green-t2209dgr?tc_ch=display&tc_ve=ba&tc_so=tradedesk&tc_me=pp&tc_ca=bau,,,69.00,69.00,https://cdn.shopify.com/s/files/1/0680/4619/2892/files/26wwin_t2209_dgr_m01_7d1e55a0-875d-461b-b7aa-93be913c5af6.jpg?v=1&width=800,Women,Women,03/10/2026,https://us.boden.com/products/women-high-neck-jersey-top-dark-green-t2209dgr?tc_ch=display&tc_ve=ba&tc_so=tradedesk&tc_me=pp&tc_ca=bau,,,175,IN STOCK,,,Dark Green,,,,TRUE,TRUE
55227189,55227189,55227189,Lace Frill Blouse Boden,https://us.boden.com/products/women-lace-frill-blouse-french-blue-ivory-fine-stripe-t2218den?tc_ch=display&tc_ve=ba&tc_so=tradedesk&tc_me=pp&tc_ca=bau,,,110.00,110.00,https://cdn.shopify.com/s/files/1/0680/4619/2892/files/26wwin_t2218_den_m01.jpg?v=1&width=800,Women,Women,03/10/2026,https://us.boden.com/products/women-lace-frill-blouse-french-blue-ivory-fine-stripe-t2218den?tc_ch=display&tc_ve=ba&tc_so=tradedesk&tc_me=pp&tc_ca=bau,,,61,IN STOCK,,,"French Blue, Ivory Fine Stripe",,,,TRUE,TRUE
55226434,55226434,55226434,Lace Trim V-Neck Velvet Top Boden,https://us.boden.com/products/women-lace-trim-v-neck-velvet-top-harbour-blue-t2259blu?tc_ch=display&tc_ve=ba&tc_so=tradedesk&tc_me=pp&tc_ca=bau,,,99.00,99.00,https://cdn.shopify.com/s/files/1/0680/4619/2892/files/26wwin_t2259_blu_m01.jpg?v=1&width=800,Women,Women,03/10/2026,https://us.boden.com/products/women-lace-trim-v-neck-velvet-top-harbour-blue-t2259blu?tc_ch=display&tc_ve=ba&tc_so=tradedesk&tc_me=pp&tc_ca=bau,,,524,IN STOCK,,,Harbour Blue,,,,TRUE,TRUE
55212622,55212622,55212622,Isla Funnel Neck Button Blouse Boden,https://us.boden.com/products/women-isla-funnel-neck-button-blouse-fudge-enchanted-sprigs-t2214brn?tc_ch=display&tc_ve=ba&tc_so=tradedesk&tc_me=pp&tc_ca=bau,,,110.00,110.00,https://cdn.shopify.com/s/files/1/0680/4619/2892/files/26waut_t2214_brn_w01.jpg?v=1&width=800,Women,Women,03/10/2026,https://us.boden.com/products/women-isla-funnel-neck-button-blouse-fudge-enchanted-sprigs-t2214brn?tc_ch=display&tc_ve=ba&tc_so=tradedesk&tc_me=pp&tc_ca=bau,,,354,IN STOCK,,,"Fudge, Enchanted Sprigs",,,,TRUE,TRUE
55212424,55212424,55212424,Isla Funnel Neck Button Blouse Boden,https://us.boden.com/products/women-isla-funnel-neck-button-blouse-navy-spot-t2214nav?tc_ch=display&tc_ve=ba&tc_so=tradedesk&tc_me=pp&tc_ca=bau,,,110.00,110.00,https://cdn.shopify.com/s/files/1/0680/4619/2892/files/26wwin_t2214_nav_m01_77f0f85a-2cf6-44cc-a140-4f19742c9f42.jpg?v=1&width=800,Women,Women,03/10/2026,https://us.boden.com/products/women-isla-funnel-neck-button-blouse-navy-spot-t2214nav?tc_ch=display&tc_ve=ba&tc_so=tradedesk&tc_me=pp&tc_ca=bau,,,262,IN STOCK,,,Navy Spot,,,,TRUE,TRUE
55227604,55227604,55227604,Isla Funnel Neck Button Blouse Boden,https://us.boden.com/products/women-isla-funnel-neck-button-blouse-deep-wisteria-t2214pur?tc_ch=display&tc_ve=ba&tc_so=tradedesk&tc_me=pp&tc_ca=bau,,,99.00,99.00,https://cdn.shopify.com/s/files/1/0680/4619/2892/files/26wwin_t2214_pur_m01_720fd0ac-f122-4bac-b9b4-4a06dd010e47.jpg?v=1&width=800,Women,Women,03/10/2026,https://us.boden.com/products/women-isla-funnel-neck-button-blouse-deep-wisteria-t2214pur?tc_ch=display&tc_ve=ba&tc_so=tradedesk&tc_me=pp&tc_ca=bau,,,93,IN STOCK,,,Deep Wisteria,,,,TRUE,TRUE
55212159,55212159,55212159,Isla Funnel Neck Button Blouse Boden,https://us.boden.com/products/women-isla-funnel-neck-button-blouse-emerald-night-t2214grn?tc_ch=display&tc_ve=ba&tc_so=tradedesk&tc_me=pp&tc_ca=bau,,,99.00,99.00,https://cdn.shopify.com/s/files/1/0680/4619/2892/files/26wwin_t2214_grn_m01_34688465-e3c6-43a3-b187-179c66d772e4.jpg?v=1&width=800,Women,Women,03/10/2026,https://us.boden.com/products/women-isla-funnel-neck-button-blouse-emerald-night-t2214grn?tc_ch=display&tc_ve=ba&tc_so=tradedesk&tc_me=pp&tc_ca=bau,,,178,IN STOCK,,,Emerald Night,,,,TRUE,TRUE
55226342,55226342,55226342,Jersey Velvet Ribbed Shirt Boden,https://us.boden.com/products/women-jersey-velvet-ribbed-shirt-dark-cherry-t2267pst?tc_ch=display&tc_ve=ba&tc_so=tradedesk&tc_me=pp&tc_ca=bau,,,99.00,99.00,https://cdn.shopify.com/s/files/1/0680/4619/2892/files/26wwin_t2267_pst_m01_9fd9bb7a-a73e-4e82-87d0-8349e4bd6840.jpg?v=1&width=800,Women,Women,03/10/2026,https://us.boden.com/products/women-jersey-velvet-ribbed-shirt-dark-cherry-t2267pst?tc_ch=display&tc_ve=ba&tc_so=tradedesk&tc_me=pp&tc_ca=bau,,,203,IN STOCK,,,Dark Cherry,,,,TRUE,TRUE
55217313,55217313,55217313,Jersey Frill Blouse Boden,https://us.boden.com/products/women-jersey-frill-blouse-dark-cherry-t2217pur?tc_ch=display&tc_ve=ba&tc_so=tradedesk&tc_me=pp&tc_ca=bau,,,110.00,110.00,https://cdn.shopify.com/s/files/1/0680/4619/2892/files/26wwin_t2217_pur_m01_b2319a7f-fe86-4a14-9b10-a489d39638c7.jpg?v=1&width=800,Women,Women,03/10/2026,https://us.boden.com/products/women-jersey-frill-blouse-dark-cherry-t2217pur?tc_ch=display&tc_ve=ba&tc_so=tradedesk&tc_me=pp&tc_ca=bau,,,74,IN STOCK,,,Dark Cherry,,,,TRUE,TRUE
55217243,55217243,55217243,Jersey Frill Blouse Boden,https://us.boden.com/products/women-jersey-frill-blouse-black-t2217blk?tc_ch=display&tc_ve=ba&tc_so=tradedesk&tc_me=pp&tc_ca=bau,,,110.00,110.00,https://cdn.shopify.com/s/files/1/0680/4619/2892/files/26wwin_t2217_blk_m01_3572bc69-6699-4304-84ba-b3f6691d12c6.jpg?v=1&width=800,Women,Women,03/10/2026,https://us.boden.com/products/women-jersey-frill-blouse-black-t2217blk?tc_ch=display&tc_ve=ba&tc_so=tradedesk&tc_me=pp&tc_ca=bau,,,15,IN STOCK,,,Black,,,,TRUE,TRUE
55217253,55217253,55217253,Jersey Frill Blouse Boden,https://us.boden.com/products/women-jersey-frill-blouse-pink-heather-t2217pnk?tc_ch=display&tc_ve=ba&tc_so=tradedesk&tc_me=pp&tc_ca=bau,,,110.00,110.00,https://cdn.shopify.com/s/files/1/0680/4619/2892/files/26wwin_t2217_pnk_m01_1fa9b516-a5e0-4a44-90c2-0b8ec1e10fdd.jpg?v=1&width=800,Women,Women,03/10/2026,https://us.boden.com/products/women-jersey-frill-blouse-pink-heather-t2217pnk?tc_ch=display&tc_ve=ba&tc_so=tradedesk&tc_me=pp&tc_ca=bau,,,51,IN STOCK,,,Pink Heather,,,,TRUE,TRUE
55226298,55226298,55226298,Velvet Ruffle Trim Henley Top Boden,https://us.boden.com/products/women-velvet-ruffle-trim-henley-top-dark-cherry-t2264prp?tc_ch=display&tc_ve=ba&tc_so=tradedesk&tc_me=pp&tc_ca=bau,,,89.00,89.00,https://cdn.shopify.com/s/files/1/0680/4619/2892/files/26wwin_t2264_prp_m01_39cec9ba-eed0-4931-9e27-ef71254a13eb.jpg?v=1&width=800,Women,Women,03/10/2026,https://us.boden.com/products/women-velvet-ruffle-trim-henley-top-dark-cherry-t2264prp?tc_ch=display&tc_ve=ba&tc_so=tradedesk&tc_me=pp&tc_ca=bau,,,123,IN STOCK,,,Dark Cherry,,,,TRUE,TRUE
55225939,55225939,55225939,Velvet Ruffle Trim Henley Top Boden,https://us.boden.com/products/women-velvet-ruffle-trim-henley-top-sailor-blue-t2264blu?tc_ch=display&tc_ve=ba&tc_so=tradedesk&tc_me=pp&tc_ca=bau,,,89.00,89.00,https://cdn.shopify.com/s/files/1/0680/4619/2892/files/26wwin_t2264_blu_m01_bc85a3d0-5710-4d67-aabd-be6e36e79dc5.jpg?v=1&width=800,Women,Women,03/10/2026,https://us.boden.com/products/women-velvet-ruffle-trim-henley-top-sailor-blue-t2264blu?tc_ch=display&tc_ve=ba&tc_so=tradedesk&tc_me=pp&tc_ca=bau,,,125,IN STOCK,,,Sailor Blue,,,,TRUE,TRUE
55226493,55226493,55226493,Velvet Ruffle Trim Henley Top Boden,https://us.boden.com/products/women-velvet-ruffle-trim-henley-top-black-t2264bla?tc_ch=display&tc_ve=ba&tc_so=tradedesk&tc_me=pp&tc_ca=bau,,,89.00,89.00,https://cdn.shopify.com/s/files/1/0680/4619/2892/files/26wwin_t2264_bla_m01_f9404451-19f3-4724-a228-8a351a5e776b.jpg?v=1&width=800,Women,Women,03/10/2026,https://us.boden.com/products/women-velvet-ruffle-trim-henley-top-black-t2264bla?tc_ch=display&tc_ve=ba&tc_so=tradedesk&tc_me=pp&tc_ca=bau,,,51,IN STOCK,,,Black,,,,TRUE,TRUE
55226860,55226860,55226860,Velvet Trim Ribbed Cardigan Boden,https://us.boden.com/products/women-velvet-trim-ribbed-cardigan-beetroot-red-t2265red?tc_ch=display&tc_ve=ba&tc_so=tradedesk&tc_me=pp&tc_ca=bau,,,89.00,89.00,https://cdn.shopify.com/s/files/1/0680/4619/2892/files/26wwin_t2265_red_m01_a5ad45ee-e970-44bc-b86f-e052ec3bf36e.jpg?v=1&width=800,Women,Women,03/10/2026,https://us.boden.com/products/women-velvet-trim-ribbed-cardigan-beetroot-red-t2265red?tc_ch=display&tc_ve=ba&tc_so=tradedesk&tc_me=pp&tc_ca=bau,,,344,IN STOCK,,,Beetroot Red,,,,TRUE,TRUE
55226501,55226501,55226501,Rosa Printed Sweatshirt Boden,https://us.boden.com/products/women-rosa-printed-sweatshirt-peacock-paradise-placement-t1915bgr?tc_ch=display&tc_ve=ba&tc_so=tradedesk&tc_me=pp&tc_ca=bau,,,110.00,110.00,https://cdn.shopify.com/s/files/1/0680/4619/2892/files/26wwin_t1915_bgr_m01_2447b1d3-ade0-46fb-9cee-d36ce10940e6.jpg?v=1&width=800,Women,Women,03/10/2026,https://us.boden.com/products/women-rosa-printed-sweatshirt-peacock-paradise-placement-t1915bgr?tc_ch=display&tc_ve=ba&tc_so=tradedesk&tc_me=pp&tc_ca=bau,,,775,IN STOCK,,,Peacock Paradise Placement,,,,TRUE,TRUE
55219691,55219691,55219691,Julia Darted Lace Shirt Boden,https://us.boden.com/products/women-julia-darted-lace-shirt-navy-t2189nav?tc_ch=display&tc_ve=ba&tc_so=tradedesk&tc_me=pp&tc_ca=bau,,,160.00,160.00,https://cdn.shopify.com/s/files/1/0680/4619/2892/files/26wwin_t2189_nav_m01_ef5de7db-5cde-4ab8-8f0d-dbc49618d03d.jpg?v=1&width=800,Women,Women,03/10/2026,https://us.boden.com/products/women-julia-darted-lace-shirt-navy-t2189nav?tc_ch=display&tc_ve=ba&tc_so=tradedesk&tc_me=pp&tc_ca=bau,,,190,IN STOCK,,,Navy,,,,TRUE,TRUE
55201453,55201453,55201453,Erica Frill Cord Top Boden,https://us.boden.com/products/women-erica-frill-cord-top-deep-wisteria-embroidered-t2188prp?tc_ch=display&tc_ve=ba&tc_so=tradedesk&tc_me=pp&tc_ca=bau,,,190.00,190.00,https://cdn.shopify.com/s/files/1/0680/4619/2892/files/26wwin_t2188_prp_m01_8963801f-b702-4e88-8191-b6ca0d093e2d.jpg?v=1&width=800,Women,Women,03/10/2026,https://us.boden.com/products/women-erica-frill-cord-top-deep-wisteria-embroidered-t2188prp?tc_ch=display&tc_ve=ba&tc_so=tradedesk&tc_me=pp&tc_ca=bau,,,45,IN STOCK,,,"Deep Wisteria, Embroidered",,,,TRUE,TRUE
55219474,55219474,55219474,Lace Puff Sleeve Top Boden,https://us.boden.com/products/women-lace-puff-sleeve-top-ginger-t2203brn?tc_ch=display&tc_ve=ba&tc_so=tradedesk&tc_me=pp&tc_ca=bau,,,149.00,149.00,https://cdn.shopify.com/s/files/1/0680/4619/2892/files/26wwin_t2203_brn_m01_d9bb180d-070f-450e-b3a6-711de5ef2d5c.jpg?v=1&width=800,Women,Women,03/10/2026,https://us.boden.com/products/women-lace-puff-sleeve-top-ginger-t2203brn?tc_ch=display&tc_ve=ba&tc_so=tradedesk&tc_me=pp&tc_ca=bau,,,34,IN STOCK,,,Ginger,,,,TRUE,TRUE
55206371,55206371,55206371,Ruffled Georgette Top Boden,https://us.boden.com/products/women-ruffled-georgette-top-chocolate-enchanted-sprigs-t2198brn?tc_ch=display&tc_ve=ba&tc_so=tradedesk&tc_me=pp&tc_ca=bau,,,199.00,199.00,https://cdn.shopify.com/s/files/1/0680/4619/2892/files/26wwin_t2198_brn_m01_4844ce8d-666c-4c01-9474-1180ec422cc6.jpg?v=1&width=800,Women,Women,03/10/2026,https://us.boden.com/products/women-ruffled-georgette-top-chocolate-enchanted-sprigs-t2198brn?tc_ch=display&tc_ve=ba&tc_so=tradedesk&tc_me=pp&tc_ca=bau,,,84,IN STOCK,,,"Chocolate, Enchanted Sprigs",,,,TRUE,TRUE
55210409,55210409,55210409,Lace Trim Top Boden,https://us.boden.com/products/women-lace-trim-top-black-t2197blk?tc_ch=display&tc_ve=ba&tc_so=tradedesk&tc_me=pp&tc_ca=bau,,,149.00,149.00,https://cdn.shopify.com/s/files/1/0680/4619/2892/files/26waut_t2197_blk_w01_9fbb0d55-5fc7-4ce8-89e5-670e981288ce.jpg?v=1&width=800,Women,Women,03/10/2026,https://us.boden.com/products/women-lace-trim-top-black-t2197blk?tc_ch=display&tc_ve=ba&tc_so=tradedesk&tc_me=pp&tc_ca=bau,,,222,IN STOCK,,,Black,,,,TRUE,TRUE
55206353,55206353,55206353,Sky Denim Shirt Boden,https://us.boden.com/products/women-sky-denim-shirt-light-vintage-t2195den?tc_ch=display&tc_ve=ba&tc_so=tradedesk&tc_me=pp&tc_ca=bau,,,149.00,149.00,https://cdn.shopify.com/s/files/1/0680/4619/2892/files/26wwin_t2195_den_m01_e1fa37aa-e873-42c2-883e-8b5394536f44.jpg?v=1&width=800,Women,Women,03/10/2026,https://us.boden.com/products/women-sky-denim-shirt-light-vintage-t2195den?tc_ch=display&tc_ve=ba&tc_so=tradedesk&tc_me=pp&tc_ca=bau,,,206,IN STOCK,,,Light Vintage,,,,TRUE,TRUE
55200721,55200721,55200721,Sienna Relaxed Cord Shirt Boden,https://us.boden.com/products/women-sienna-relaxed-cord-shirt-spiced-ginger-t2169ora?tc_ch=display&tc_ve=ba&tc_so=tradedesk&tc_me=pp&tc_ca=bau,,,149.00,149.00,https://cdn.shopify.com/s/files/1/0680/4619/2892/files/26wwin_t2169_ora_w01_456c3c66-e648-4e05-8537-b3f322355aab.jpg?v=1&width=800,Women,Women,03/10/2026,https://us.boden.com/products/women-sienna-relaxed-cord-shirt-spiced-ginger-t2169ora?tc_ch=display&tc_ve=ba&tc_so=tradedesk&tc_me=pp&tc_ca=bau,,,165,IN STOCK,,,Spiced Ginger,,,,TRUE,TRUE
55200609,55200609,55200609,Sienna Relaxed Cord Shirt Boden,https://us.boden.com/products/women-sienna-relaxed-cord-shirt-sand-t2169snd?tc_ch=display&tc_ve=ba&tc_so=tradedesk&tc_me=pp&tc_ca=bau,,,149.00,149.00,https://cdn.shopify.com/s/files/1/0680/4619/2892/files/26wwin_t2169_snd_m01.jpg?v=1&width=800,Women,Women,03/10/2026,https://us.boden.com/products/women-sienna-relaxed-cord-shirt-sand-t2169snd?tc_ch=display&tc_ve=ba&tc_so=tradedesk&tc_me=pp&tc_ca=bau,,,112,IN STOCK,,,Sand,,,,TRUE,TRUE
55209718,55209718,55209718,Lace Trim Top Boden,https://us.boden.com/products/women-lace-trim-top-ivory-t2197ivo?tc_ch=display&tc_ve=ba&tc_so=tradedesk&tc_me=pp&tc_ca=bau,,,149.00,149.00,https://cdn.shopify.com/s/files/1/0680/4619/2892/files/26wwin_t2197_ivo_m01_cb77ffd2-b2f0-4afa-8f64-609e9491296a.jpg?v=1&width=800,Women,Women,03/10/2026,https://us.boden.com/products/women-lace-trim-top-ivory-t2197ivo?tc_ch=display&tc_ve=ba&tc_so=tradedesk&tc_me=pp&tc_ca=bau,,,153,IN STOCK,,,Ivory,,,,TRUE,TRUE
55206552,55206552,55206552,Ruffled Georgette Top Boden,https://us.boden.com/products/women-ruffled-georgette-top-soft-peach-t2198nud?tc_ch=display&tc_ve=ba&tc_so=tradedesk&tc_me=pp&tc_ca=bau,,,190.00,190.00,https://cdn.shopify.com/s/files/1/0680/4619/2892/files/26waut_t2198_nud_w01.jpg?v=1&width=800,Women,Women,03/10/2026,https://us.boden.com/products/women-ruffled-georgette-top-soft-peach-t2198nud?tc_ch=display&tc_ve=ba&tc_so=tradedesk&tc_me=pp&tc_ca=bau,,,285,IN STOCK,,,Soft Peach,,,,TRUE,TRUE
55206910,55206910,55206910,Sky Cord Shirt Boden,https://us.boden.com/products/women-sky-cord-shirt-navy-embroidered-t2196nav?tc_ch=display&tc_ve=ba&tc_so=tradedesk&tc_me=pp&tc_ca=bau,,,190.00,190.00,https://cdn.shopify.com/s/files/1/0680/4619/2892/files/26wwin_t2196_nav_m01_e0cbdd81-3ed5-4413-ad4c-81dc490ff675.jpg?v=1&width=800,Women,Women,03/10/2026,https://us.boden.com/products/women-sky-cord-shirt-navy-embroidered-t2196nav?tc_ch=display&tc_ve=ba&tc_so=tradedesk&tc_me=pp&tc_ca=bau,,,264,IN STOCK,,,"Navy, Embroidered",,,,TRUE,TRUE
55206883,55206883,55206883,Sky Cord Shirt Boden,https://us.boden.com/products/women-sky-cord-shirt-pink-violet-t2196pnk?tc_ch=display&tc_ve=ba&tc_so=tradedesk&tc_me=pp&tc_ca=bau,,,149.00,149.00,https://cdn.shopify.com/s/files/1/0680/4619/2892/files/26waut_t2196_pnk_w01.jpg?v=1&width=800,Women,Women,03/10/2026,https://us.boden.com/products/women-sky-cord-shirt-pink-violet-t2196pnk?tc_ch=display&tc_ve=ba&tc_so=tradedesk&tc_me=pp&tc_ca=bau,,,317,IN STOCK,,,Pink Violet,,,,TRUE,TRUE
55219099,55219099,55219099,Violet Cotton Top Boden,https://us.boden.com/products/women-violet-cotton-top-brown-beaded-t2192brn?tc_ch=display&tc_ve=ba&tc_so=tradedesk&tc_me=pp&tc_ca=bau,,,190.00,190.00,https://cdn.shopify.com/s/files/1/0680/4619/2892/files/26wwin_t2192_brn_m01_3d5f9255-7843-46fd-bdf0-e95662a63f40.jpg?v=1&width=800,Women,Women,03/10/2026,https://us.boden.com/products/women-violet-cotton-top-brown-beaded-t2192brn?tc_ch=display&tc_ve=ba&tc_so=tradedesk&tc_me=pp&tc_ca=bau,,,142,IN STOCK,,,Brown Beaded,,,,TRUE,TRUE
55204561,55204561,55204561,Violet Cotton Top Boden,https://us.boden.com/products/women-violet-cotton-top-soft-cream-floral-heart-vine-t2192ivo?tc_ch=display&tc_ve=ba&tc_so=tradedesk&tc_me=pp&tc_ca=bau,,,110.00,110.00,https://cdn.shopify.com/s/files/1/0680/4619/2892/files/26waut_t2192_ivo_w01.jpg?v=1&width=800,Women,Women,03/10/2026,https://us.boden.com/products/women-violet-cotton-top-soft-cream-floral-heart-vine-t2192ivo?tc_ch=display&tc_ve=ba&tc_so=tradedesk&tc_me=pp&tc_ca=bau,,,148,IN STOCK,,,"Soft Cream, Floral Heart Vine",,,,TRUE,TRUE
55206150,55206150,55206150,Thea Cord Shirt Boden,https://us.boden.com/products/women-thea-cord-shirt-red-earth-t2194red?tc_ch=display&tc_ve=ba&tc_so=tradedesk&tc_me=pp&tc_ca=bau,,,99.00,99.00,https://cdn.shopify.com/s/files/1/0680/4619/2892/files/26wwin_t2194_red_m01_097a6bf0-25cb-427a-b94b-74e89662b24c.jpg?v=1&width=800,Women,Women,03/10/2026,https://us.boden.com/products/women-thea-cord-shirt-red-earth-t2194red?tc_ch=display&tc_ve=ba&tc_so=tradedesk&tc_me=pp&tc_ca=bau,,,148,IN STOCK,,,Red Earth,,,,TRUE,TRUE
55205752,55205752,55205752,Violet Smock Shoulder Cord Top Boden,https://us.boden.com/products/women-violet-smock-shoulder-cord-top-storm-blue-t2191blu?tc_ch=display&tc_ve=ba&tc_so=tradedesk&tc_me=pp&tc_ca=bau,,,140.00,140.00,https://cdn.shopify.com/s/files/1/0680/4619/2892/files/26wwin_t2191_blu_m01_01496815-fa9a-4ea0-a77b-195e3cc8a2b3.jpg?v=1&width=800,Women,Women,03/10/2026,https://us.boden.com/products/women-violet-smock-shoulder-cord-top-storm-blue-t2191blu?tc_ch=display&tc_ve=ba&tc_so=tradedesk&tc_me=pp&tc_ca=bau,,,180,IN STOCK,,,Storm Blue,,,,TRUE,TRUE
55210717,55210717,55210717,Clara Silk Blend Tie Neck Top Boden,https://us.boden.com/products/women-clara-silk-blend-tie-neck-top-collegic-stripe-t2175mlt?tc_ch=display&tc_ve=ba&tc_so=tradedesk&tc_me=pp&tc_ca=bau,,,199.00,199.00,https://cdn.shopify.com/s/files/1/0680/4619/2892/files/26waut_t2175_mlt_w01.jpg?v=1&width=800,Women,Women,03/10/2026,https://us.boden.com/products/women-clara-silk-blend-tie-neck-top-collegic-stripe-t2175mlt?tc_ch=display&tc_ve=ba&tc_so=tradedesk&tc_me=pp&tc_ca=bau,,,151,IN STOCK,,,Collegic Stripe,,,,TRUE,TRUE
55205724,55205724,55205724,Thea Cord Shirt Boden,https://us.boden.com/products/women-thea-cord-shirt-french-navy-ditsy-carnation-t2194nav?tc_ch=display&tc_ve=ba&tc_so=tradedesk&tc_me=pp&tc_ca=bau,,,99.00,99.00,https://cdn.shopify.com/s/files/1/0680/4619/2892/files/26wwin_t2194_nav_m01_0e6bd770-9a1c-44ac-b5c8-c592adb83fa0.jpg?v=1&width=800,Women,Women,03/10/2026,https://us.boden.com/products/women-thea-cord-shirt-french-navy-ditsy-carnation-t2194nav?tc_ch=display&tc_ve=ba&tc_so=tradedesk&tc_me=pp&tc_ca=bau,,,70,IN STOCK,,,"French Navy, Ditsy Carnation",,,,TRUE,TRUE
55220218,55220218,55220218,Tia Ruched High Neck Top Boden,https://us.boden.com/products/women-tia-ruched-high-neck-top-dark-olive-t2207grn?tc_ch=display&tc_ve=ba&tc_so=tradedesk&tc_me=pp&tc_ca=bau,,,89.00,89.00,https://cdn.shopify.com/s/files/1/0680/4619/2892/files/26wwin_t2207_grn_m01_f2556a41-7e88-49f4-9fc2-5bf5f2c1c1db.jpg?v=1&width=800,Women,Women,03/10/2026,https://us.boden.com/products/women-tia-ruched-high-neck-top-dark-olive-t2207grn?tc_ch=display&tc_ve=ba&tc_so=tradedesk&tc_me=pp&tc_ca=bau,,,175,IN STOCK,,,Dark Olive,,,,TRUE,TRUE
55206894,55206894,55206894,Sky Cord Shirt Boden,https://us.boden.com/products/women-sky-cord-shirt-multi-brushed-animal-small-t2196brn?tc_ch=display&tc_ve=ba&tc_so=tradedesk&tc_me=pp&tc_ca=bau,,,160.00,160.00,https://cdn.shopify.com/s/files/1/0680/4619/2892/files/26wwin_t2196_brn_m01_24407cad-3a63-4cce-a806-f7d77562b883.jpg?v=1&width=800,Women,Women,03/10/2026,https://us.boden.com/products/women-sky-cord-shirt-multi-brushed-animal-small-t2196brn?tc_ch=display&tc_ve=ba&tc_so=tradedesk&tc_me=pp&tc_ca=bau,,,161,IN STOCK,,,"Multi, Brushed Animal Small",,,,TRUE,TRUE
55200771,55200771,55200771,Erica Frill Cord Top Boden,https://us.boden.com/products/women-erica-frill-cord-top-cappuccino-forest-breeze-t2188lbr?tc_ch=display&tc_ve=ba&tc_so=tradedesk&tc_me=pp&tc_ca=bau,,,160.00,160.00,https://cdn.shopify.com/s/files/1/0680/4619/2892/files/26wwin_t2188_lbr_w01.jpg?v=1&width=800,Women,Women,03/10/2026,https://us.boden.com/products/women-erica-frill-cord-top-cappuccino-forest-breeze-t2188lbr?tc_ch=display&tc_ve=ba&tc_so=tradedesk&tc_me=pp&tc_ca=bau,,,51,IN STOCK,,,"Cappuccino, Forest Breeze",,,,TRUE,TRUE
55220250,55220250,55220250,Tia Ruched High Neck Top Boden,https://us.boden.com/products/women-tia-ruched-high-neck-top-dark-cherry-t2207pur?tc_ch=display&tc_ve=ba&tc_so=tradedesk&tc_me=pp&tc_ca=bau,,,89.00,89.00,https://cdn.shopify.com/s/files/1/0680/4619/2892/files/26wwin_t2207_pur_m01.jpg?v=1&width=800,Women,Women,03/10/2026,https://us.boden.com/products/women-tia-ruched-high-neck-top-dark-cherry-t2207pur?tc_ch=display&tc_ve=ba&tc_so=tradedesk&tc_me=pp&tc_ca=bau,,,290,IN STOCK,,,Dark Cherry,,,,TRUE,TRUE
55206453,55206453,55206453,Thea Cord Shirt Boden,https://us.boden.com/products/women-thea-cord-shirt-ginger-t2194brn?tc_ch=display&tc_ve=ba&tc_so=tradedesk&tc_me=pp&tc_ca=bau,,,99.00,99.00,https://cdn.shopify.com/s/files/1/0680/4619/2892/files/26wwin_t2194_brn_m01_99ccb3e0-e365-4a1c-a9fe-a960597f5434.jpg?v=1&width=800,Women,Women,03/10/2026,https://us.boden.com/products/women-thea-cord-shirt-ginger-t2194brn?tc_ch=display&tc_ve=ba&tc_so=tradedesk&tc_me=pp&tc_ca=bau,,,184,IN STOCK,,,Ginger,,,,TRUE,TRUE
55205964,55205964,55205964,Violet Smock Shoulder Cord Top Boden,https://us.boden.com/products/women-violet-smock-shoulder-cord-top-cherry-blush-t2191mpk?tc_ch=display&tc_ve=ba&tc_so=tradedesk&tc_me=pp&tc_ca=bau,,,140.00,140.00,https://cdn.shopify.com/s/files/1/0680/4619/2892/files/26wwin_t2191_mpk_m01_6d3ab45c-4551-407d-a544-1ebe9789082e.jpg?v=1&width=800,Women,Women,03/10/2026,https://us.boden.com/products/women-violet-smock-shoulder-cord-top-cherry-blush-t2191mpk?tc_ch=display&tc_ve=ba&tc_so=tradedesk&tc_me=pp&tc_ca=bau,,,150,IN STOCK,,,Cherry Blush,,,,TRUE,TRUE
55210622,55210622,55210622,Emi Embroidered Sweatshirt Boden,https://us.boden.com/products/women-emi-embroidered-sweatshirt-navy-multi-flower-embroidery-t1646mlt?tc_ch=display&tc_ve=ba&tc_so=tradedesk&tc_me=pp&tc_ca=bau,,,140.00,140.00,https://cdn.shopify.com/s/files/1/0680/4619/2892/files/26wwin_t1646_mlt_m01_eac5c29c-566e-4e0c-877b-f60a0bb3472d.jpg?v=1&width=800,Women,Women,03/10/2026,https://us.boden.com/products/women-emi-embroidered-sweatshirt-navy-multi-flower-embroidery-t1646mlt?tc_ch=display&tc_ve=ba&tc_so=tradedesk&tc_me=pp&tc_ca=bau,,,151,IN STOCK,,,"Navy, Multi flower embroidery",,,,TRUE,TRUE
55232854,55232854,55232854,Clara Tie Neck Shirt Boden,https://us.boden.com/products/women-clara-tie-neck-shirt-blue-ivory-fine-stripe-t2173ble?tc_ch=display&tc_ve=ba&tc_so=tradedesk&tc_me=pp&tc_ca=bau,,,149.00,149.00,https://cdn.shopify.com/s/files/1/0680/4619/2892/files/26wwin_t2173_ble_m01_e3b9df52-e7a9-410f-b66e-47b8dfcf6e45.jpg?v=1&width=800,Women,Women,03/10/2026,https://us.boden.com/products/women-clara-tie-neck-shirt-blue-ivory-fine-stripe-t2173ble?tc_ch=display&tc_ve=ba&tc_so=tradedesk&tc_me=pp&tc_ca=bau,,,156,IN STOCK,,,"Blue, Ivory Fine Stripe",,,,TRUE,TRUE
55225400,55225400,55225400,Velvet Trim Ribbed Cardigan Boden,https://us.boden.com/products/women-velvet-trim-ribbed-cardigan-navy-t2265nav?tc_ch=display&tc_ve=ba&tc_so=tradedesk&tc_me=pp&tc_ca=bau,,,89.00,89.00,https://cdn.shopify.com/s/files/1/0680/4619/2892/files/26wwin_t2265_nav_m03_efbc9341-9bb9-47de-83a6-a06da4f965e0.jpg?v=1&width=800,Women,Women,03/10/2026,https://us.boden.com/products/women-velvet-trim-ribbed-cardigan-navy-t2265nav?tc_ch=display&tc_ve=ba&tc_so=tradedesk&tc_me=pp&tc_ca=bau,,,221,IN STOCK,,,Navy,,,,TRUE,TRUE
55225531,55225531,55225531,Lace Trim V-Neck Velvet Top Boden,https://us.boden.com/products/women-lace-trim-v-neck-velvet-top-beetroot-red-t2259red?tc_ch=display&tc_ve=ba&tc_so=tradedesk&tc_me=pp&tc_ca=bau,,,99.00,99.00,https://cdn.shopify.com/s/files/1/0680/4619/2892/files/26wwin_t2259_red_m01_d0dc2859-4d01-4f85-ae11-86c3512f25ee.jpg?v=1&width=800,Women,Women,03/10/2026,https://us.boden.com/products/women-lace-trim-v-neck-velvet-top-beetroot-red-t2259red?tc_ch=display&tc_ve=ba&tc_so=tradedesk&tc_me=pp&tc_ca=bau,,,287,IN STOCK,,,Beetroot Red,,,,TRUE,TRUE
55200327,55200327,55200327,Sienna Frill Cotton Shirt Boden,https://us.boden.com/products/women-sienna-frill-cotton-shirt-embroidered-pink-maroon-check-t2165chk?tc_ch=display&tc_ve=ba&tc_so=tradedesk&tc_me=pp&tc_ca=bau,,,149.00,149.00,https://cdn.shopify.com/s/files/1/0680/4619/2892/files/26wwin_t2165_chk_m01_29a512e4-4aec-466d-b205-845acf88e547.jpg?v=1&width=800,Women,Women,03/10/2026,https://us.boden.com/products/women-sienna-frill-cotton-shirt-embroidered-pink-maroon-check-t2165chk?tc_ch=display&tc_ve=ba&tc_so=tradedesk&tc_me=pp&tc_ca=bau,,,20,IN STOCK,,,"Embroidered Pink, Maroon Check",,,,TRUE,TRUE
55219650,55219650,55219650,Julia Darted Lace Shirt Boden,https://us.boden.com/products/women-julia-darted-lace-shirt-olive-t2189grn?tc_ch=display&tc_ve=ba&tc_so=tradedesk&tc_me=pp&tc_ca=bau,,,160.00,160.00,https://cdn.shopify.com/s/files/1/0680/4619/2892/files/26wwin_t2189_grn_m01_6104f7b3-639a-44aa-86ae-d0044af4bd77.jpg?v=1&width=800,Women,Women,03/10/2026,https://us.boden.com/products/women-julia-darted-lace-shirt-olive-t2189grn?tc_ch=display&tc_ve=ba&tc_so=tradedesk&tc_me=pp&tc_ca=bau,,,127,IN STOCK,,,Olive,,,,TRUE,TRUE
55201703,55201703,55201703,Iris Puff Sleeve Mariner Boden,https://us.boden.com/products/women-iris-puff-sleeve-mariner-winetasting-ivory-t2160pst?tc_ch=display&tc_ve=ba&tc_so=tradedesk&tc_me=pp&tc_ca=bau,,,89.00,89.00,https://cdn.shopify.com/s/files/1/0680/4619/2892/files/26wwin_t2160_pst_m01_b1446efc-392c-4fc0-aa0c-b937a2528e3e.jpg?v=1&width=800,Women,Women,03/10/2026,https://us.boden.com/products/women-iris-puff-sleeve-mariner-winetasting-ivory-t2160pst?tc_ch=display&tc_ve=ba&tc_so=tradedesk&tc_me=pp&tc_ca=bau,,,174,IN STOCK,,,Winetasting/ Ivory,,,,TRUE,TRUE
55225446,55225446,55225446,Jersey Velvet Ribbed Shirt Boden,https://us.boden.com/products/women-jersey-velvet-ribbed-shirt-forest-green-t2267khk?tc_ch=display&tc_ve=ba&tc_so=tradedesk&tc_me=pp&tc_ca=bau,,,99.00,99.00,https://cdn.shopify.com/s/files/1/0680/4619/2892/files/26wwin_t2267_khk_m01_e2fb2829-1596-4ba4-8906-072104d3f7d6.jpg?v=1&width=800,Women,Women,03/10/2026,https://us.boden.com/products/women-jersey-velvet-ribbed-shirt-forest-green-t2267khk?tc_ch=display&tc_ve=ba&tc_so=tradedesk&tc_me=pp&tc_ca=bau,,,164,IN STOCK,,,Forest Green,,,,TRUE,TRUE
55226190,55226190,55226190,Jersey Velvet Ribbed Shirt Boden,https://us.boden.com/products/women-jersey-velvet-ribbed-shirt-maroon-t2267mpr?tc_ch=display&tc_ve=ba&tc_so=tradedesk&tc_me=pp&tc_ca=bau,,,99.00,99.00,https://cdn.shopify.com/s/files/1/0680/4619/2892/files/26wwin_t2267_mpr_m01.jpg?v=1&width=800,Women,Women,03/10/2026,https://us.boden.com/products/women-jersey-velvet-ribbed-shirt-maroon-t2267mpr?tc_ch=display&tc_ve=ba&tc_so=tradedesk&tc_me=pp&tc_ca=bau,,,118,IN STOCK,,,Maroon,,,,TRUE,TRUE
55225553,55225553,55225553,Jersey Velvet Ribbed Shirt Boden,https://us.boden.com/products/women-jersey-velvet-ribbed-shirt-navy-t2267nav?tc_ch=display&tc_ve=ba&tc_so=tradedesk&tc_me=pp&tc_ca=bau,,,99.00,99.00,https://cdn.shopify.com/s/files/1/0680/4619/2892/files/26wwin_t2267_nav_m01_57f8a695-4ed3-4ea8-bf38-9b33a7ff42d0.jpg?v=1&width=800,Women,Women,03/10/2026,https://us.boden.com/products/women-jersey-velvet-ribbed-shirt-navy-t2267nav?tc_ch=display&tc_ve=ba&tc_so=tradedesk&tc_me=pp&tc_ca=bau,,,216,IN STOCK,,,Navy,,,,TRUE,TRUE
55220228,55220228,55220228,High Neck Jersey Top Boden,https://us.boden.com/products/women-high-neck-jersey-top-potting-soil-zebra-swirl-t2209brn?tc_ch=display&tc_ve=ba&tc_so=tradedesk&tc_me=pp&tc_ca=bau,,,79.00,79.00,https://cdn.shopify.com/s/files/1/0680/4619/2892/files/26wwin_t2209_brn_m01_3835f3f9-25ba-453e-9b63-3ee5b91bae0a.jpg?v=1&width=800,Women,Women,03/10/2026,https://us.boden.com/products/women-high-neck-jersey-top-potting-soil-zebra-swirl-t2209brn?tc_ch=display&tc_ve=ba&tc_so=tradedesk&tc_me=pp&tc_ca=bau,,,238,IN STOCK,,,"Potting Soil, Zebra Swirl",,,,TRUE,TRUE
55220280,55220280,55220280,Tia Ruched High Neck Top Boden,https://us.boden.com/products/women-tia-ruched-high-neck-top-cappuccino-sprayed-leaf-t2207nav?tc_ch=display&tc_ve=ba&tc_so=tradedesk&tc_me=pp&tc_ca=bau,,,89.00,89.00,https://cdn.shopify.com/s/files/1/0680/4619/2892/files/26wwin_t2207_nav_m01_7325bf5b-16bd-46ed-bc2d-11531583bc75.jpg?v=1&width=800,Women,Women,03/10/2026,https://us.boden.com/products/women-tia-ruched-high-neck-top-cappuccino-sprayed-leaf-t2207nav?tc_ch=display&tc_ve=ba&tc_so=tradedesk&tc_me=pp&tc_ca=bau,,,362,IN STOCK,,,"Cappuccino, Sprayed Leaf",,,,TRUE,TRUE
55200875,55200875,55200875,Rosa Printed Sweatshirt Boden,https://us.boden.com/products/women-rosa-printed-sweatshirt-navy-enchanted-flora-t1915nar?tc_ch=display&tc_ve=ba&tc_so=tradedesk&tc_me=pp&tc_ca=bau,,,110.00,110.00,https://cdn.shopify.com/s/files/1/0680/4619/2892/files/26wwin_t1915_nar_m01_dff8854d-34a2-46f0-99ea-5fe51313b250.jpg?v=1&width=800,Women,Women,03/10/2026,https://us.boden.com/products/women-rosa-printed-sweatshirt-navy-enchanted-flora-t1915nar?tc_ch=display&tc_ve=ba&tc_so=tradedesk&tc_me=pp&tc_ca=bau,,,490,IN STOCK,,,"Navy, Enchanted Flora",,,,TRUE,TRUE
55220180,55220180,55220180,High Neck Jersey Top Boden,https://us.boden.com/products/women-high-neck-jersey-top-black-t2209blk?tc_ch=display&tc_ve=ba&tc_so=tradedesk&tc_me=pp&tc_ca=bau,,,69.00,69.00,https://cdn.shopify.com/s/files/1/0680/4619/2892/files/26wwin_t2209_blk_m01_4b30dc74-4619-47a3-9190-fd76f1a5e3eb.jpg?v=1&width=800,Women,Women,03/10/2026,https://us.boden.com/products/women-high-neck-jersey-top-black-t2209blk?tc_ch=display&tc_ve=ba&tc_so=tradedesk&tc_me=pp&tc_ca=bau,,,146,IN STOCK,,,Black,,,,TRUE,TRUE
55232844,55232844,55232844,High Neck Jersey Top Boden,https://us.boden.com/products/women-high-neck-jersey-top-grey-leopard-smudge-t2209gry?tc_ch=display&tc_ve=ba&tc_so=tradedesk&tc_me=pp&tc_ca=bau,,,79.00,79.00,https://cdn.shopify.com/s/files/1/0680/4619/2892/files/26wwin_t2209_gry_m01_a725055a-0821-4667-ac15-61c34928ca75.jpg?v=1&width=800,Women,Women,03/10/2026,https://us.boden.com/products/women-high-neck-jersey-top-grey-leopard-smudge-t2209gry?tc_ch=display&tc_ve=ba&tc_so=tradedesk&tc_me=pp&tc_ca=bau,,,83,IN STOCK,,,"Grey, Leopard Smudge",,,,TRUE,TRUE
55232884,55232884,55232884,High Neck Jersey Top Boden,https://us.boden.com/products/women-high-neck-jersey-top-french-navy-geo-parade-mono-t2209nvy?tc_ch=display&tc_ve=ba&tc_so=tradedesk&tc_me=pp&tc_ca=bau,,,79.00,79.00,https://cdn.shopify.com/s/files/1/0680/4619/2892/files/26wwin_t2209_nvy_m01_f1d38d69-bdde-4755-913b-deda47460ba5.jpg?v=1&width=800,Women,Women,03/10/2026,https://us.boden.com/products/women-high-neck-jersey-top-french-navy-geo-parade-mono-t2209nvy?tc_ch=display&tc_ve=ba&tc_so=tradedesk&tc_me=pp&tc_ca=bau,,,217,IN STOCK,,,"French Navy, Geo Parade Mono",,,,TRUE,TRUE
55227264,55227264,55227264,Tulle Mix Velvet Top Boden,https://us.boden.com/products/women-tulle-mix-velvet-top-zodiac-purple-t2257prp?tc_ch=display&tc_ve=ba&tc_so=tradedesk&tc_me=pp&tc_ca=bau,,,110.00,110.00,https://cdn.shopify.com/s/files/1/0680/4619/2892/files/26wwin_t2257_prp_m01.jpg?v=1&width=800,Women,Women,03/10/2026,https://us.boden.com/products/women-tulle-mix-velvet-top-zodiac-purple-t2257prp?tc_ch=display&tc_ve=ba&tc_so=tradedesk&tc_me=pp&tc_ca=bau,,,203,IN STOCK,,,Zodiac Purple,,,,TRUE,TRUE
55226647,55226647,55226647,Lace Trim Velvet Top Boden,https://us.boden.com/products/women-lace-trim-velvet-top-black-t2260blk?tc_ch=display&tc_ve=ba&tc_so=tradedesk&tc_me=pp&tc_ca=bau,,,89.00,89.00,https://cdn.shopify.com/s/files/1/0680/4619/2892/files/26wwin_t2260_blk_m01_d50bd251-b600-48d2-869e-9c8b63bedc0a.jpg?v=1&width=800,Women,Women,03/10/2026,https://us.boden.com/products/women-lace-trim-velvet-top-black-t2260blk?tc_ch=display&tc_ve=ba&tc_so=tradedesk&tc_me=pp&tc_ca=bau,,,253,IN STOCK,,,Black,,,,TRUE,TRUE
55230664,55230664,55230664,Erica Frill Velvet Top Boden,https://us.boden.com/products/women-erica-frill-velvet-top-black-t2233blk?tc_ch=display&tc_ve=ba&tc_so=tradedesk&tc_me=pp&tc_ca=bau,,,190.00,190.00,https://cdn.shopify.com/s/files/1/0680/4619/2892/files/26wwin_t2233_blk_m01_v2.jpg?v=1&width=800,Women,Women,03/10/2026,https://us.boden.com/products/women-erica-frill-velvet-top-black-t2233blk?tc_ch=display&tc_ve=ba&tc_so=tradedesk&tc_me=pp&tc_ca=bau,,,204,IN STOCK,,,Black,,,,TRUE,TRUE
55206715,55206715,55206715,Thea Cord Shirt Boden,https://us.boden.com/products/women-thea-cord-shirt-midnight-teal-t2194grn?tc_ch=display&tc_ve=ba&tc_so=tradedesk&tc_me=pp&tc_ca=bau,,,99.00,99.00,https://cdn.shopify.com/s/files/1/0680/4619/2892/files/26wwin_t2194_grn_m01_f2039589-71c6-4aeb-a8fa-3a45026875ac.jpg?v=1&width=800,Women,Women,03/10/2026,https://us.boden.com/products/women-thea-cord-shirt-midnight-teal-t2194grn?tc_ch=display&tc_ve=ba&tc_so=tradedesk&tc_me=pp&tc_ca=bau,,,208,IN STOCK,,,Midnight Teal,,,,TRUE,TRUE
55226000,55226000,55226000,Velvet Trim Ribbed Cardigan Boden,https://us.boden.com/products/women-velvet-trim-ribbed-cardigan-green-pine-t2265grn?tc_ch=display&tc_ve=ba&tc_so=tradedesk&tc_me=pp&tc_ca=bau,,,89.00,89.00,https://cdn.shopify.com/s/files/1/0680/4619/2892/files/26wwin_t2265_grn_m01.jpg?v=1&width=800,Women,Women,03/10/2026,https://us.boden.com/products/women-velvet-trim-ribbed-cardigan-green-pine-t2265grn?tc_ch=display&tc_ve=ba&tc_so=tradedesk&tc_me=pp&tc_ca=bau,,,310,IN STOCK,,,Green Pine,,,,TRUE,TRUE
55220217,55220217,55220217,High Neck Jersey Top Boden,https://us.boden.com/products/women-high-neck-jersey-top-beet-red-t2209red?tc_ch=display&tc_ve=ba&tc_so=tradedesk&tc_me=pp&tc_ca=bau,,,69.00,69.00,https://cdn.shopify.com/s/files/1/0680/4619/2892/files/26wwin_t2209_red_m01_90419c6e-8414-47f7-b031-564957f2046f.jpg?v=1&width=800,Women,Women,03/10/2026,https://us.boden.com/products/women-high-neck-jersey-top-beet-red-t2209red?tc_ch=display&tc_ve=ba&tc_so=tradedesk&tc_me=pp&tc_ca=bau,,,153,IN STOCK,,,Beet Red,,,,TRUE,TRUE
55220190,55220190,55220190,High Neck Jersey Top Boden,https://us.boden.com/products/women-high-neck-jersey-top-navy-t2209nav?tc_ch=display&tc_ve=ba&tc_so=tradedesk&tc_me=pp&tc_ca=bau,,,69.00,69.00,https://cdn.shopify.com/s/files/1/0680/4619/2892/files/26wwin_t2209_nav_m01_031b4988-ef27-44c4-9f22-11afa11134d3.jpg?v=1&width=800,Women,Women,03/10/2026,https://us.boden.com/products/women-high-neck-jersey-top-navy-t2209nav?tc_ch=display&tc_ve=ba&tc_so=tradedesk&tc_me=pp&tc_ca=bau,,,117,IN STOCK,,,Navy,,,,TRUE,TRUE
55227557,55227557,55227557,Collared Jersey Shirt Boden,https://us.boden.com/products/women-collared-jersey-shirt-peacock-paradise-t2248mul?tc_ch=display&tc_ve=ba&tc_so=tradedesk&tc_me=pp&tc_ca=bau,,,110.00,110.00,https://cdn.shopify.com/s/files/1/0680/4619/2892/files/26wwin_t2248_mul_m01_v2.jpg?v=1&width=800,Women,Women,03/10/2026,https://us.boden.com/products/women-collared-jersey-shirt-peacock-paradise-t2248mul?tc_ch=display&tc_ve=ba&tc_so=tradedesk&tc_me=pp&tc_ca=bau,,,364,IN STOCK,,,Peacock Paradise,,,,TRUE,TRUE
55227027,55227027,55227027,Lace Detail Top Boden,https://us.boden.com/products/women-lace-detail-top-midnight-ocean-t2253blu?tc_ch=display&tc_ve=ba&tc_so=tradedesk&tc_me=pp&tc_ca=bau,,,99.00,99.00,https://cdn.shopify.com/s/files/1/0680/4619/2892/files/26wwin_t2253_blu_m01_de0bcf0d-843f-4cc7-8872-f24a06d67b81.jpg?v=1&width=800,Women,Women,03/10/2026,https://us.boden.com/products/women-lace-detail-top-midnight-ocean-t2253blu?tc_ch=display&tc_ve=ba&tc_so=tradedesk&tc_me=pp&tc_ca=bau,,,198,IN STOCK,,,Midnight Ocean,,,,TRUE,TRUE
55230543,55230543,55230543,Erica Frill Velvet Top Boden,https://us.boden.com/products/women-erica-frill-velvet-top-teal-ocean-t2233bck?tc_ch=display&tc_ve=ba&tc_so=tradedesk&tc_me=pp&tc_ca=bau,,,190.00,190.00,https://cdn.shopify.com/s/files/1/0680/4619/2892/files/26wwin_t2233_bck_m01_ab3d387d-d9c0-4e97-83f6-a35ea69fe6a9.jpg?v=1&width=800,Women,Women,03/10/2026,https://us.boden.com/products/women-erica-frill-velvet-top-teal-ocean-t2233bck?tc_ch=display&tc_ve=ba&tc_so=tradedesk&tc_me=pp&tc_ca=bau,,,351,IN STOCK,,,Teal Ocean,,,,TRUE,TRUE
55227108,55227108,55227108,Violet Cotton Top Boden,https://us.boden.com/products/women-violet-cotton-top-navy-green-and-pink-check-t2192chk?tc_ch=display&tc_ve=ba&tc_so=tradedesk&tc_me=pp&tc_ca=bau,,,110.00,110.00,https://cdn.shopify.com/s/files/1/0680/4619/2892/files/26wwin_t2192_chk_m01_5adb22cb-8db0-47f9-8780-b4a51ec0a15b.jpg?v=1&width=800,Women,Women,03/10/2026,https://us.boden.com/products/women-violet-cotton-top-navy-green-and-pink-check-t2192chk?tc_ch=display&tc_ve=ba&tc_so=tradedesk&tc_me=pp&tc_ca=bau,,,216,IN STOCK,,,"Navy, Green and Pink Check",,,,TRUE,TRUE
55225675,55225675,55225675,Lace Detail Top Boden,https://us.boden.com/products/women-lace-detail-top-black-t2253blk?tc_ch=display&tc_ve=ba&tc_so=tradedesk&tc_me=pp&tc_ca=bau,,,99.00,99.00,https://cdn.shopify.com/s/files/1/0680/4619/2892/files/26wwin_t2253_blk_m01_9069eee8-04d0-41e4-9f83-adab16022612.jpg?v=1&width=800,Women,Women,03/10/2026,https://us.boden.com/products/women-lace-detail-top-black-t2253blk?tc_ch=display&tc_ve=ba&tc_so=tradedesk&tc_me=pp&tc_ca=bau,,,257,IN STOCK,,,Black,,,,TRUE,TRUE
55226616,55226616,55226616,Sienna Frill Cotton Shirt Boden,https://us.boden.com/products/women-sienna-frill-cotton-shirt-soft-cream-billowing-sprigs-t2165mlt?tc_ch=display&tc_ve=ba&tc_so=tradedesk&tc_me=pp&tc_ca=bau,,,99.00,99.00,https://cdn.shopify.com/s/files/1/0680/4619/2892/files/26wwin_t2165_mlt_w01.jpg?v=1&width=800,Women,Women,03/10/2026,https://us.boden.com/products/women-sienna-frill-cotton-shirt-soft-cream-billowing-sprigs-t2165mlt?tc_ch=display&tc_ve=ba&tc_so=tradedesk&tc_me=pp&tc_ca=bau,,,360,IN STOCK,,,"Soft Cream, Billowing Sprigs",,,,TRUE,TRUE
55233945,55233945,55233945,Sky Cord Shirt Boden,https://us.boden.com/products/women-sky-cord-shirt-midnight-emerald-t2196grn?tc_ch=display&tc_ve=ba&tc_so=tradedesk&tc_me=pp&tc_ca=bau,,,149.00,149.00,https://cdn.shopify.com/s/files/1/0680/4619/2892/files/26wwin_t2196_grn_m01_fcf7dda2-1d93-4312-8263-a2f072e7169a.jpg?v=1&width=800,Women,Women,03/10/2026,https://us.boden.com/products/women-sky-cord-shirt-midnight-emerald-t2196grn?tc_ch=display&tc_ve=ba&tc_so=tradedesk&tc_me=pp&tc_ca=bau,,,68,IN STOCK,,,Midnight Emerald,,,,TRUE,TRUE
55226867,55226867,55226867,Puff Sleeve Velvet Shirt Boden,https://us.boden.com/products/women-puff-sleeve-velvet-shirt-cardamom-seed-t2258grn?tc_ch=display&tc_ve=ba&tc_so=tradedesk&tc_me=pp&tc_ca=bau,,,99.00,99.00,https://cdn.shopify.com/s/files/1/0680/4619/2892/files/26wwin_t2258_grn_m01_a5d72a81-948c-4752-b982-98a4e1587cb1.jpg?v=1&width=800,Women,Women,03/10/2026,https://us.boden.com/products/women-puff-sleeve-velvet-shirt-cardamom-seed-t2258grn?tc_ch=display&tc_ve=ba&tc_so=tradedesk&tc_me=pp&tc_ca=bau,,,263,IN STOCK,,,Cardamom Seed,,,,TRUE,TRUE
55227339,55227339,55227339,Sara Silk Shirt Boden,https://us.boden.com/products/women-sara-silk-shirt-woodland-brown-boden-spot-t2000pnt?tc_ch=display&tc_ve=ba&tc_so=tradedesk&tc_me=pp&tc_ca=bau,,,220.00,220.00,https://cdn.shopify.com/s/files/1/0680/4619/2892/files/26wwin_t2000_pnt_m01_ef9d6857-a5ce-4487-b02f-f46381b4b22a.jpg?v=1&width=800,Women,Women,03/10/2026,https://us.boden.com/products/women-sara-silk-shirt-woodland-brown-boden-spot-t2000pnt?tc_ch=display&tc_ve=ba&tc_so=tradedesk&tc_me=pp&tc_ca=bau,,,160,IN STOCK,,,"Woodland Brown, Boden Spot",,,,TRUE,TRUE
55255440,55255440,55255440,Jersey Lace Shirt Boden,https://us.boden.com/products/women-jersey-lace-shirt-green-pine-t2375grn?tc_ch=display&tc_ve=ba&tc_so=tradedesk&tc_me=pp&tc_ca=bau,,,110.00,110.00,https://cdn.shopify.com/s/files/1/0680/4619/2892/files/26wwin_t2375_grn_m01_09eded56-5c03-4d17-96f8-d134dd524cfc.jpg?v=1&width=800,Women,Women,03/10/2026,https://us.boden.com/products/women-jersey-lace-shirt-green-pine-t2375grn?tc_ch=display&tc_ve=ba&tc_so=tradedesk&tc_me=pp&tc_ca=bau,,,188,IN STOCK,,,Green Pine,,,,TRUE,TRUE
55255487,55255487,55255487,Jersey Lace Shirt Boden,https://us.boden.com/products/women-jersey-lace-shirt-navy-t2375nav?tc_ch=display&tc_ve=ba&tc_so=tradedesk&tc_me=pp&tc_ca=bau,,,110.00,110.00,https://cdn.shopify.com/s/files/1/0680/4619/2892/files/26wwin_t2375_nav_m01_72869050-69ec-4100-af29-32ea0c263863.jpg?v=1&width=800,Women,Women,03/10/2026,https://us.boden.com/products/women-jersey-lace-shirt-navy-t2375nav?tc_ch=display&tc_ve=ba&tc_so=tradedesk&tc_me=pp&tc_ca=bau,,,271,IN STOCK,,,Navy,,,,TRUE,TRUE
55226393,55226393,55226393,Lace Detail Top Boden,https://us.boden.com/products/women-lace-detail-top-brunswick-green-t2253khk?tc_ch=display&tc_ve=ba&tc_so=tradedesk&tc_me=pp&tc_ca=bau,,,99.00,99.00,https://cdn.shopify.com/s/files/1/0680/4619/2892/files/26wwin_t2253_khk_m01_v1.jpg?v=1&width=800,Women,Women,03/10/2026,https://us.boden.com/products/women-lace-detail-top-brunswick-green-t2253khk?tc_ch=display&tc_ve=ba&tc_so=tradedesk&tc_me=pp&tc_ca=bau,,,196,IN STOCK,,,Brunswick Green,,,,TRUE,TRUE
55228128,55228128,55228128,Faux Feather Cuff Party Top Boden,https://us.boden.com/products/women-faux-feather-cuff-party-top-cognac-flourishing-sprig-t1960brn?tc_ch=display&tc_ve=ba&tc_so=tradedesk&tc_me=pp&tc_ca=bau,,,220.00,220.00,https://cdn.shopify.com/s/files/1/0680/4619/2892/files/26waut_t1960_brn_w01.jpg?v=1&width=800,Women,Women,03/10/2026,https://us.boden.com/products/women-faux-feather-cuff-party-top-cognac-flourishing-sprig-t1960brn?tc_ch=display&tc_ve=ba&tc_so=tradedesk&tc_me=pp&tc_ca=bau,,,193,IN STOCK,,,"Cognac, Flourishing Sprig",,,,TRUE,TRUE
55221047,55221047,55221047,Erica Frill  Check Top Boden,https://us.boden.com/products/women-erica-frill-check-top-oatmeal-navy-and-red-check-t2235chk?tc_ch=display&tc_ve=ba&tc_so=tradedesk&tc_me=pp&tc_ca=bau,,,149.00,149.00,https://cdn.shopify.com/s/files/1/0680/4619/2892/files/26waut_t2235_chk_w01.jpg?v=1&width=800,Women,Women,03/10/2026,https://us.boden.com/products/women-erica-frill-check-top-oatmeal-navy-and-red-check-t2235chk?tc_ch=display&tc_ve=ba&tc_so=tradedesk&tc_me=pp&tc_ca=bau,,,111,IN STOCK,,,"Oatmeal, Navy and Red Check",,,,TRUE,TRUE
55234422,55234422,55234422,Sienna Frill Lace Shirt Boden,https://us.boden.com/products/women-sienna-frill-lace-shirt-deep-wisteria-t2234mpr?tc_ch=display&tc_ve=ba&tc_so=tradedesk&tc_me=pp&tc_ca=bau,,,180.00,180.00,https://cdn.shopify.com/s/files/1/0680/4619/2892/files/26wwin_t2234_mpr_m01_f33bad10-8010-4860-96bf-5fce49857eb8.jpg?v=1&width=800,Women,Women,03/10/2026,https://us.boden.com/products/women-sienna-frill-lace-shirt-deep-wisteria-t2234mpr?tc_ch=display&tc_ve=ba&tc_so=tradedesk&tc_me=pp&tc_ca=bau,,,212,IN STOCK,,,Deep Wisteria,,,,TRUE,TRUE
55227816,55227816,55227816,Erica Frill Cord Top Boden,https://us.boden.com/products/women-erica-frill-cord-top-almond-peach-t2188pln?tc_ch=display&tc_ve=ba&tc_so=tradedesk&tc_me=pp&tc_ca=bau,,,149.00,149.00,https://cdn.shopify.com/s/files/1/0680/4619/2892/files/26wwin_t2188_pln_m01_v3.jpg?v=1&width=800,Women,Women,03/10/2026,https://us.boden.com/products/women-erica-frill-cord-top-almond-peach-t2188pln?tc_ch=display&tc_ve=ba&tc_so=tradedesk&tc_me=pp&tc_ca=bau,,,103,IN STOCK,,,Almond Peach,,,,TRUE,TRUE
55219660,55219660,55219660,Broderie Cotton Top Boden,https://us.boden.com/products/women-broderie-cotton-top-forest-glade-t2199dgr?tc_ch=display&tc_ve=ba&tc_so=tradedesk&tc_me=pp&tc_ca=bau,,,149.00,149.00,https://cdn.shopify.com/s/files/1/0680/4619/2892/files/26wwin_t2199_dgr_m01_v1.jpg?v=1&width=800,Women,Women,03/10/2026,https://us.boden.com/products/women-broderie-cotton-top-forest-glade-t2199dgr?tc_ch=display&tc_ve=ba&tc_so=tradedesk&tc_me=pp&tc_ca=bau,,,185,IN STOCK,,,Forest Glade,,,,TRUE,TRUE
55228202,55228202,55228202,Carmen Lace Trim Cord Top Boden,https://us.boden.com/products/women-carmen-lace-trim-cord-top-dark-cherry-t2237rus?tc_ch=display&tc_ve=ba&tc_so=tradedesk&tc_me=pp&tc_ca=bau,,,149.00,149.00,https://cdn.shopify.com/s/files/1/0680/4619/2892/files/26wwin_t2237_rus_w01.jpg?v=1&width=800,Women,Women,03/10/2026,https://us.boden.com/products/women-carmen-lace-trim-cord-top-dark-cherry-t2237rus?tc_ch=display&tc_ve=ba&tc_so=tradedesk&tc_me=pp&tc_ca=bau,,,306,IN STOCK,,,Dark Cherry,,,,TRUE,TRUE
55227447,55227447,55227447,Lace Frill Blouse Boden,https://us.boden.com/products/women-lace-frill-blouse-black-t2218blk?tc_ch=display&tc_ve=ba&tc_so=tradedesk&tc_me=pp&tc_ca=bau,,,110.00,110.00,https://cdn.shopify.com/s/files/1/0680/4619/2892/files/26wwin_t2218_blk_m01_v1.jpg?v=1&width=800,Women,Women,03/10/2026,https://us.boden.com/products/women-lace-frill-blouse-black-t2218blk?tc_ch=display&tc_ve=ba&tc_so=tradedesk&tc_me=pp&tc_ca=bau,,,163,IN STOCK,,,Black,,,,TRUE,TRUE
55227475,55227475,55227475,Broderie Cotton Top Boden,https://us.boden.com/products/women-broderie-cotton-top-bordeaux-t2247nvy?tc_ch=display&tc_ve=ba&tc_so=tradedesk&tc_me=pp&tc_ca=bau,,,160.00,160.00,https://cdn.shopify.com/s/files/1/0680/4619/2892/files/26wwin_t2247_nvy_m01_v6.jpg?v=1&width=800,Women,Women,03/10/2026,https://us.boden.com/products/women-broderie-cotton-top-bordeaux-t2247nvy?tc_ch=display&tc_ve=ba&tc_so=tradedesk&tc_me=pp&tc_ca=bau,,,118,IN STOCK,,,Bordeaux,,,,TRUE,TRUE
55227395,55227395,55227395,Broderie Cotton Top Boden,https://us.boden.com/products/women-broderie-cotton-top-cognac-t2247pin?tc_ch=display&tc_ve=ba&tc_so=tradedesk&tc_me=pp&tc_ca=bau,,,160.00,160.00,https://cdn.shopify.com/s/files/1/0680/4619/2892/files/26wwin_t2247_pin_m01_e678319b-e1d2-43a9-b4e1-9c9551eef94b.jpg?v=1&width=800,Women,Women,03/10/2026,https://us.boden.com/products/women-broderie-cotton-top-cognac-t2247pin?tc_ch=display&tc_ve=ba&tc_so=tradedesk&tc_me=pp&tc_ca=bau,,,108,IN STOCK,,,Cognac,,,,TRUE,TRUE
55227534,55227534,55227534,Collared Jersey Shirt Boden,https://us.boden.com/products/women-collared-jersey-shirt-french-navy-charmed-foliage-t2248blu?tc_ch=display&tc_ve=ba&tc_so=tradedesk&tc_me=pp&tc_ca=bau,,,110.00,110.00,https://cdn.shopify.com/s/files/1/0680/4619/2892/files/26wwin_t2248_blu_m01_e61bf0ed-185c-49c7-aba8-339599ae3c35.jpg?v=1&width=800,Women,Women,03/10/2026,https://us.boden.com/products/women-collared-jersey-shirt-french-navy-charmed-foliage-t2248blu?tc_ch=display&tc_ve=ba&tc_so=tradedesk&tc_me=pp&tc_ca=bau,,,161,IN STOCK,,,"French Navy, Charmed Foliage",,,,TRUE,TRUE
55232935,55232935,55232935,Supersoft Frill Detail Top Boden,https://us.boden.com/products/women-supersoft-frill-detail-top-ruby-red-t1657dcm?tc_ch=display&tc_ve=ba&tc_so=tradedesk&tc_me=pp&tc_ca=bau,,,59.00,59.00,https://cdn.shopify.com/s/files/1/0680/4619/2892/files/26wwin_t1657_dcm_m01_v4.jpg?v=1&width=800,Women,Women,03/10/2026,https://us.boden.com/products/women-supersoft-frill-detail-top-ruby-red-t1657dcm?tc_ch=display&tc_ve=ba&tc_so=tradedesk&tc_me=pp&tc_ca=bau,,,145,IN STOCK,,,Ruby Red,,,,TRUE,TRUE
55233849,55233849,55233849,Emi Embroidered Sweatshirt Boden,https://us.boden.com/products/women-emi-embroidered-sweatshirt-bluesteel-t1646fun?tc_ch=display&tc_ve=ba&tc_so=tradedesk&tc_me=pp&tc_ca=bau,,,140.00,140.00,https://cdn.shopify.com/s/files/1/0680/4619/2892/files/26wwin_t1646_fun_m01_v1_f6aef825-ff9c-4c60-99bf-dc847238f821.jpg?v=1&width=800,Women,Women,03/10/2026,https://us.boden.com/products/women-emi-embroidered-sweatshirt-bluesteel-t1646fun?tc_ch=display&tc_ve=ba&tc_so=tradedesk&tc_me=pp&tc_ca=bau,,,554,IN STOCK,,,Bluesteel,,,,TRUE,TRUE
55227742,55227742,55227742,Carmen Lace Trim Cord Top Boden,https://us.boden.com/products/women-carmen-lace-trim-cord-top-navy-t2237nav?tc_ch=display&tc_ve=ba&tc_so=tradedesk&tc_me=pp&tc_ca=bau,,,149.00,149.00,https://cdn.shopify.com/s/files/1/0680/4619/2892/files/26wwin_t2237_nav_m01_19cf3cd3-d0a9-4067-8195-000d572413e5.jpg?v=1&width=800,Women,Women,03/10/2026,https://us.boden.com/products/women-carmen-lace-trim-cord-top-navy-t2237nav?tc_ch=display&tc_ve=ba&tc_so=tradedesk&tc_me=pp&tc_ca=bau,,,129,IN STOCK,,,Navy,,,,TRUE,TRUE
55226424,55226424,55226424,Puff Sleeve Velvet Shirt Boden,https://us.boden.com/products/women-puff-sleeve-velvet-shirt-black-t2258blk?tc_ch=display&tc_ve=ba&tc_so=tradedesk&tc_me=pp&tc_ca=bau,,,99.00,99.00,https://cdn.shopify.com/s/files/1/0680/4619/2892/files/26wwin_t2258_blk_m01_v2.jpg?v=1&width=800,Women,Women,03/10/2026,https://us.boden.com/products/women-puff-sleeve-velvet-shirt-black-t2258blk?tc_ch=display&tc_ve=ba&tc_so=tradedesk&tc_me=pp&tc_ca=bau,,,573,IN STOCK,,,Black,,,,TRUE,TRUE
55225877,55225877,55225877,Lace Detail Top Boden,https://us.boden.com/products/women-lace-detail-top-beetroot-red-t2253red?tc_ch=display&tc_ve=ba&tc_so=tradedesk&tc_me=pp&tc_ca=bau,,,99.00,99.00,https://cdn.shopify.com/s/files/1/0680/4619/2892/files/26wwin_t2253_red_m01_1efb6761-76d2-418f-82c3-f5c5ad41d957.jpg?v=1&width=800,Women,Women,03/10/2026,https://us.boden.com/products/women-lace-detail-top-beetroot-red-t2253red?tc_ch=display&tc_ve=ba&tc_so=tradedesk&tc_me=pp&tc_ca=bau,,,130,IN STOCK,,,Beetroot Red,,,,TRUE,TRUE
55226514,55226514,55226514,Puff Sleeve Velvet Shirt Boden,https://us.boden.com/products/women-puff-sleeve-velvet-shirt-port-royale-t2258brn?tc_ch=display&tc_ve=ba&tc_so=tradedesk&tc_me=pp&tc_ca=bau,,,99.00,99.00,https://cdn.shopify.com/s/files/1/0680/4619/2892/files/26wwin_t2258_brn_m01_4ed7880e-200c-4dc7-bbd7-4e7c654b2725.jpg?v=1&width=800,Women,Women,03/10/2026,https://us.boden.com/products/women-puff-sleeve-velvet-shirt-port-royale-t2258brn?tc_ch=display&tc_ve=ba&tc_so=tradedesk&tc_me=pp&tc_ca=bau,,,529,IN STOCK,,,Port Royale,,,,TRUE,TRUE
55226349,55226349,55226349,Lace Trim Velvet Top Boden,https://us.boden.com/products/women-lace-trim-velvet-top-midnight-emerald-t2260grn?tc_ch=display&tc_ve=ba&tc_so=tradedesk&tc_me=pp&tc_ca=bau,,,89.00,89.00,https://cdn.shopify.com/s/files/1/0680/4619/2892/files/26wwin_t2260_grn_m01_v4.jpg?v=1&width=800,Women,Women,03/10/2026,https://us.boden.com/products/women-lace-trim-velvet-top-midnight-emerald-t2260grn?tc_ch=display&tc_ve=ba&tc_so=tradedesk&tc_me=pp&tc_ca=bau,,,537,IN STOCK,,,Midnight Emerald,,,,TRUE,TRUE
55226763,55226763,55226763,Lace Trim Velvet Top Boden,https://us.boden.com/products/women-lace-trim-velvet-top-night-shade-t2260blu?tc_ch=display&tc_ve=ba&tc_so=tradedesk&tc_me=pp&tc_ca=bau,,,89.00,89.00,https://cdn.shopify.com/s/files/1/0680/4619/2892/files/26wwin_t2260_blu_m01_v4.jpg?v=1&width=800,Women,Women,03/10/2026,https://us.boden.com/products/women-lace-trim-velvet-top-night-shade-t2260blu?tc_ch=display&tc_ve=ba&tc_so=tradedesk&tc_me=pp&tc_ca=bau,,,439,IN STOCK,,,Night Shade,,,,TRUE,TRUE
55227950,55227950,55227950,Ara Silk Blend Lace Cami Boden,https://us.boden.com/products/women-ara-silk-blend-lace-cami-bordeaux-t1957plm?tc_ch=display&tc_ve=ba&tc_so=tradedesk&tc_me=pp&tc_ca=bau,,,130.00,130.00,https://cdn.shopify.com/s/files/1/0680/4619/2892/files/26wwin_t1957_plm_m01_27c09dcd-c174-45db-8abd-6fd102f270f7.jpg?v=1&width=800,Women,Women,03/10/2026,https://us.boden.com/products/women-ara-silk-blend-lace-cami-bordeaux-t1957plm?tc_ch=display&tc_ve=ba&tc_so=tradedesk&tc_me=pp&tc_ca=bau,,,38,IN STOCK,,,Bordeaux,,,,TRUE,TRUE
55233532,55233532,55233532,Puff Sleeve Taffeta Top Boden,https://us.boden.com/products/women-puff-sleeve-taffeta-top-navy-green-blue-tonal-check-t2231bla?tc_ch=display&tc_ve=ba&tc_so=tradedesk&tc_me=pp&tc_ca=bau,,,149.00,149.00,https://cdn.shopify.com/s/files/1/0680/4619/2892/files/26wwin_t2231_bla_m01_v2.jpg?v=1&width=800,Women,Women,03/10/2026,https://us.boden.com/products/women-puff-sleeve-taffeta-top-navy-green-blue-tonal-check-t2231bla?tc_ch=display&tc_ve=ba&tc_so=tradedesk&tc_me=pp&tc_ca=bau,,,133,IN STOCK,,,"Navy, Green, Blue Tonal Check",,,,TRUE,TRUE
55234380,55234380,55234380,Sienna Frill Lace Shirt Boden,https://us.boden.com/products/women-sienna-frill-lace-shirt-navy-t2234nav?tc_ch=display&tc_ve=ba&tc_so=tradedesk&tc_me=pp&tc_ca=bau,,,180.00,180.00,https://cdn.shopify.com/s/files/1/0680/4619/2892/files/26wwin_t2234_nav_m01_v2.jpg?v=1&width=800,Women,Women,03/10/2026,https://us.boden.com/products/women-sienna-frill-lace-shirt-navy-t2234nav?tc_ch=display&tc_ve=ba&tc_so=tradedesk&tc_me=pp&tc_ca=bau,,,158,IN STOCK,,,Navy,,,,TRUE,TRUE
55234154,55234154,55234154,The New Sienna Cotton Shirt Boden,https://us.boden.com/products/women-the-new-sienna-cotton-shirt-white-jewel-collar-t2164wti?tc_ch=display&tc_ve=ba&tc_so=tradedesk&tc_me=pp&tc_ca=bau,,,140.00,140.00,https://cdn.shopify.com/s/files/1/0680/4619/2892/files/26wwin_t2164_wti_m01_554a253f-9c54-4ebf-ab89-bf05b3787206.jpg?v=1&width=800,Women,Women,03/10/2026,https://us.boden.com/products/women-the-new-sienna-cotton-shirt-white-jewel-collar-t2164wti?tc_ch=display&tc_ve=ba&tc_so=tradedesk&tc_me=pp&tc_ca=bau,,,246,IN STOCK,,,"White, Jewel Collar",,,,TRUE,TRUE
55227500,55227500,55227500,Tulle Mix Velvet Top Boden,https://us.boden.com/products/women-tulle-mix-velvet-top-dark-chocolate-t2257brn?tc_ch=display&tc_ve=ba&tc_so=tradedesk&tc_me=pp&tc_ca=bau,,,110.00,110.00,https://cdn.shopify.com/s/files/1/0680/4619/2892/files/26wwin_t2257_brn_m01_v2.jpg?v=1&width=800,Women,Women,03/10/2026,https://us.boden.com/products/women-tulle-mix-velvet-top-dark-chocolate-t2257brn?tc_ch=display&tc_ve=ba&tc_so=tradedesk&tc_me=pp&tc_ca=bau,,,172,IN STOCK,,,Dark Chocolate,,,,TRUE,TRUE
55227647,55227647,55227647,Ara Silk Blend Lace Cami Boden,https://us.boden.com/products/women-ara-silk-blend-lace-cami-quartz-pink-t1957prp?tc_ch=display&tc_ve=ba&tc_so=tradedesk&tc_me=pp&tc_ca=bau,,,130.00,130.00,https://cdn.shopify.com/s/files/1/0680/4619/2892/files/26wwin_t1957_prp_m01_v4.jpg?v=1&width=800,Women,Women,03/10/2026,https://us.boden.com/products/women-ara-silk-blend-lace-cami-quartz-pink-t1957prp?tc_ch=display&tc_ve=ba&tc_so=tradedesk&tc_me=pp&tc_ca=bau,,,189,IN STOCK,,,Quartz Pink,,,,TRUE,TRUE
55229619,55229619,55229619,The New Sienna Cotton Shirt Boden,https://us.boden.com/products/women-the-new-sienna-cotton-shirt-multi-peacock-paradise-t2164pch?tc_ch=display&tc_ve=ba&tc_so=tradedesk&tc_me=pp&tc_ca=bau,,,99.00,99.00,https://cdn.shopify.com/s/files/1/0680/4619/2892/files/26wwin_t2164_pch_m01_3a1ca25d-29cc-4f8e-a2f6-57409df440f6.jpg?v=1&width=800,Women,Women,03/10/2026,https://us.boden.com/products/women-the-new-sienna-cotton-shirt-multi-peacock-paradise-t2164pch?tc_ch=display&tc_ve=ba&tc_so=tradedesk&tc_me=pp&tc_ca=bau,,,67,IN STOCK,,,"Multi, Peacock Paradise",,,,TRUE,TRUE
55233384,55233384,55233384,Carmen Trim Detail Top Boden,https://us.boden.com/products/women-carmen-trim-detail-top-multi-sprouting-vine-t1959ivy?tc_ch=display&tc_ve=ba&tc_so=tradedesk&tc_me=pp&tc_ca=bau,,,149.00,149.00,https://cdn.shopify.com/s/files/1/0680/4619/2892/files/26waut_t1959_ivy_w01_24e93238-6926-47a1-9e29-eefc0f1d8dd0.jpg?v=1&width=800,Women,Women,03/10/2026,https://us.boden.com/products/women-carmen-trim-detail-top-multi-sprouting-vine-t1959ivy?tc_ch=display&tc_ve=ba&tc_so=tradedesk&tc_me=pp&tc_ca=bau,,,26,IN STOCK,,,"Multi, Sprouting Vine",,,,TRUE,TRUE
55227756,55227756,55227756,Sienna Frill Cord Shirt Boden,https://us.boden.com/products/women-sienna-frill-cord-shirt-pink-heather-embroidered-t2230ppk?tc_ch=display&tc_ve=ba&tc_so=tradedesk&tc_me=pp&tc_ca=bau,,,180.00,180.00,https://cdn.shopify.com/s/files/1/0680/4619/2892/files/26wwin_t2230_ppk_m01_v1_9360c575-c914-4c08-add9-152c73b160b5.jpg?v=1&width=800,Women,Women,03/10/2026,https://us.boden.com/products/women-sienna-frill-cord-shirt-pink-heather-embroidered-t2230ppk?tc_ch=display&tc_ve=ba&tc_so=tradedesk&tc_me=pp&tc_ca=bau,,,142,IN STOCK,,,"Pink Heather, Embroidered",,,,TRUE,TRUE
55228176,55228176,55228176,The New Sienna Cotton Shirt Boden,https://us.boden.com/products/women-the-new-sienna-cotton-shirt-almond-milk-paisley-bouquet-t2164neu?tc_ch=display&tc_ve=ba&tc_so=tradedesk&tc_me=pp&tc_ca=bau,,,99.00,99.00,https://cdn.shopify.com/s/files/1/0680/4619/2892/files/26wwin_t2164_neu_m01.jpg?v=1&width=800,Women,Women,03/10/2026,https://us.boden.com/products/women-the-new-sienna-cotton-shirt-almond-milk-paisley-bouquet-t2164neu?tc_ch=display&tc_ve=ba&tc_so=tradedesk&tc_me=pp&tc_ca=bau,,,89,IN STOCK,,,"Almond Milk, Paisley Bouquet",,,,TRUE,TRUE
55233267,55233267,55233267,Carmen Trim Detail Top Boden,https://us.boden.com/products/women-carmen-trim-detail-top-olive-flourishing-sprig-stamp-t1959grn?tc_ch=display&tc_ve=ba&tc_so=tradedesk&tc_me=pp&tc_ca=bau,,,149.00,149.00,https://cdn.shopify.com/s/files/1/0680/4619/2892/files/26wwin_t1959_grn_m01_b2a34f19-7192-47bc-98f0-9ee79c984330.jpg?v=1&width=800,Women,Women,03/10/2026,https://us.boden.com/products/women-carmen-trim-detail-top-olive-flourishing-sprig-stamp-t1959grn?tc_ch=display&tc_ve=ba&tc_so=tradedesk&tc_me=pp&tc_ca=bau,,,107,IN STOCK,,,"Olive, Flourishing Sprig Stamp",,,,TRUE,TRUE
55227517,55227517,55227517,Sky Cord Shirt Boden,https://us.boden.com/products/women-sky-cord-shirt-almond-milk-embroidered-t2196ivo?tc_ch=display&tc_ve=ba&tc_so=tradedesk&tc_me=pp&tc_ca=bau,,,220.00,220.00,https://cdn.shopify.com/s/files/1/0680/4619/2892/files/26wwin_t2196_ivo_m01_v4.jpg?v=1&width=800,Women,Women,03/10/2026,https://us.boden.com/products/women-sky-cord-shirt-almond-milk-embroidered-t2196ivo?tc_ch=display&tc_ve=ba&tc_so=tradedesk&tc_me=pp&tc_ca=bau,,,166,IN STOCK,,,"Almond Milk, Embroidered",,,,TRUE,TRUE
55232832,55232832,55232832,High Neck Jersey Top Boden,https://us.boden.com/products/women-high-neck-jersey-top-legion-blue-paisley-bouquet-t2209blu?tc_ch=display&tc_ve=ba&tc_so=tradedesk&tc_me=pp&tc_ca=bau,,,79.00,79.00,https://cdn.shopify.com/s/files/1/0680/4619/2892/files/26wwin_t2209_blu_m01_v5.jpg?v=1&width=800,Women,Women,03/10/2026,https://us.boden.com/products/women-high-neck-jersey-top-legion-blue-paisley-bouquet-t2209blu?tc_ch=display&tc_ve=ba&tc_so=tradedesk&tc_me=pp&tc_ca=bau,,,125,IN STOCK,,,"Legion Blue, Paisley Bouquet",,,,TRUE,TRUE
55149574,55149574,55149574,Brooke Double Layer Tank Boden,https://us.boden.com/products/women-brooke-double-layer-tank-white-t2033wht?tc_ch=display&tc_ve=ba&tc_so=tradedesk&tc_me=pp&tc_ca=bau,,,45.00,45.00,https://cdn.shopify.com/s/files/1/0680/4619/2892/files/26wspr_t2033_wht_m01_454268e2-5a3f-4bf1-99b7-f51fd88381f8.jpg?v=1&width=800,Women,Women,03/10/2026,https://us.boden.com/products/women-brooke-double-layer-tank-white-t2033wht?tc_ch=display&tc_ve=ba&tc_so=tradedesk&tc_me=pp&tc_ca=bau,,,201,IN STOCK,,,White,,,,TRUE,TRUE
55136588,55136588,55136588,Sophie Puff Sleeve T-shirt Boden,https://us.boden.com/products/women-sophie-puff-sleeve-t-shirt-white-t2017wht?tc_ch=display&tc_ve=ba&tc_so=tradedesk&tc_me=pp&tc_ca=bau,,,39.00,39.00,https://cdn.shopify.com/s/files/1/0680/4619/2892/files/26wspr_t2017_wht_m01.jpg?v=1&width=800,Women,Women,03/10/2026,https://us.boden.com/products/women-sophie-puff-sleeve-t-shirt-white-t2017wht?tc_ch=display&tc_ve=ba&tc_so=tradedesk&tc_me=pp&tc_ca=bau,,,1584,IN STOCK,,,White,,,,TRUE,TRUE
55149300,55149300,55149300,Brooke Double Layer Tank Boden,https://us.boden.com/products/women-brooke-double-layer-tank-black-t2033blk?tc_ch=display&tc_ve=ba&tc_so=tradedesk&tc_me=pp&tc_ca=bau,,,45.00,45.00,https://cdn.shopify.com/s/files/1/0680/4619/2892/files/26wspr_t2033_blk_m01_de94d84b-7321-4405-9cb9-8e26d9dcf808.jpg?v=1&width=800,Women,Women,03/10/2026,https://us.boden.com/products/women-brooke-double-layer-tank-black-t2033blk?tc_ch=display&tc_ve=ba&tc_so=tradedesk&tc_me=pp&tc_ca=bau,,,389,IN STOCK,,,Black,,,,TRUE,TRUE
55142763,55142763,55142763,Rhea Trim Detail Silk Top Boden,https://us.boden.com/products/women-rhea-trim-detail-silk-top-ivory-t1994ecr?tc_ch=display&tc_ve=ba&tc_so=tradedesk&tc_me=pp&tc_ca=bau,,,132.00,220.00,https://cdn.shopify.com/s/files/1/0680/4619/2892/files/26wspr_t1994_ecr_m01_v1.jpg?v=1&width=800,Women,Women,03/10/2026,https://us.boden.com/products/women-rhea-trim-detail-silk-top-ivory-t1994ecr?tc_ch=display&tc_ve=ba&tc_so=tradedesk&tc_me=pp&tc_ca=bau,,,8,IN STOCK,,,Ivory,,,,TRUE,TRUE
55142139,55142139,55142139,Edi Trim Detail Top Boden,https://us.boden.com/products/women-edi-trim-detail-top-captains-blue-t2041blu?tc_ch=display&tc_ve=ba&tc_so=tradedesk&tc_me=pp&tc_ca=bau,,,53.40,89.00,https://cdn.shopify.com/s/files/1/0680/4619/2892/files/26wspr_t2041_blu_m01.jpg?v=1&width=800,Women,Women,03/10/2026,https://us.boden.com/products/women-edi-trim-detail-top-captains-blue-t2041blu?tc_ch=display&tc_ve=ba&tc_so=tradedesk&tc_me=pp&tc_ca=bau,,,27,IN STOCK,,,Captains Blue,,,,TRUE,TRUE
55184315,55184315,55184315,Supersoft V Neck Trim Vest Boden,https://us.boden.com/products/women-supersoft-v-neck-trim-vest-captains-blue-t2121blu?tc_ch=display&tc_ve=ba&tc_so=tradedesk&tc_me=pp&tc_ca=bau,,,23.99,49.00,https://cdn.shopify.com/s/files/1/0680/4619/2892/files/26wspr_t2121_blu_m01_v1.jpg?v=1&width=800,Women,Women,03/10/2026,https://us.boden.com/products/women-supersoft-v-neck-trim-vest-captains-blue-t2121blu?tc_ch=display&tc_ve=ba&tc_so=tradedesk&tc_me=pp&tc_ca=bau,,,13,IN STOCK,,,Captains Blue,,,,TRUE,TRUE
55180751,55180751,55180751,Zip Collar Supersoft Top Boden,https://us.boden.com/products/women-zip-collar-supersoft-top-navy-t2036nav?tc_ch=display&tc_ve=ba&tc_so=tradedesk&tc_me=pp&tc_ca=bau,,,89.00,89.00,https://cdn.shopify.com/s/files/1/0680/4619/2892/files/26wspr_t2036_nav_m01_9746dfcf-0f45-4bdc-8f27-30e2a6738da7.jpg?v=1&width=800,Women,Women,03/10/2026,https://us.boden.com/products/women-zip-collar-supersoft-top-navy-t2036nav?tc_ch=display&tc_ve=ba&tc_so=tradedesk&tc_me=pp&tc_ca=bau,,,167,IN STOCK,,,Navy,,,,TRUE,TRUE
55184424,55184424,55184424,Supersoft V Neck Trim Vest Boden,https://us.boden.com/products/women-supersoft-v-neck-trim-vest-navy-blazer-t2121nav?tc_ch=display&tc_ve=ba&tc_so=tradedesk&tc_me=pp&tc_ca=bau,,,49.00,49.00,https://cdn.shopify.com/s/files/1/0680/4619/2892/files/26wspr_t2121_nav_m01.jpg?v=1&width=800,Women,Women,03/10/2026,https://us.boden.com/products/women-supersoft-v-neck-trim-vest-navy-blazer-t2121nav?tc_ch=display&tc_ve=ba&tc_so=tradedesk&tc_me=pp&tc_ca=bau,,,80,IN STOCK,,,Navy Blazer,,,,TRUE,TRUE
55170307,55170307,55170307,Serena Pleat Neck Linen Top Boden,https://us.boden.com/products/women-serena-pleat-neck-linen-top-chambray-t2107mbl?tc_ch=display&tc_ve=ba&tc_so=tradedesk&tc_me=pp&tc_ca=bau,,,73.99,149.00,https://cdn.shopify.com/s/files/1/0680/4619/2892/files/26wsum_t2107_mbl_m01.jpg?v=1&width=800,Women,Women,03/10/2026,https://us.boden.com/products/women-serena-pleat-neck-linen-top-chambray-t2107mbl?tc_ch=display&tc_ve=ba&tc_so=tradedesk&tc_me=pp&tc_ca=bau,,,44,IN STOCK,,,Chambray,,,,TRUE,TRUE
55157386,55157386,55157386,Trim Insert Double Cloth Top Boden,https://us.boden.com/products/women-trim-insert-double-cloth-top-rosebud-t2008pgr?tc_ch=display&tc_ve=ba&tc_so=tradedesk&tc_me=pp&tc_ca=bau,,,66.00,110.00,https://cdn.shopify.com/s/files/1/0680/4619/2892/files/26wsum_t2008_pgr_m01_ec815412-1d2e-4f91-b7eb-c32e6a66bebb.jpg?v=1&width=800,Women,Women,03/10/2026,https://us.boden.com/products/women-trim-insert-double-cloth-top-rosebud-t2008pgr?tc_ch=display&tc_ve=ba&tc_so=tradedesk&tc_me=pp&tc_ca=bau,,,8,IN STOCK,,,Rosebud,,,,TRUE,TRUE
55182096,55182096,55182096,Andrea Lace Shell Top Boden,https://us.boden.com/products/women-andrea-lace-shell-top-cornflower-blue-t2118blu?tc_ch=display&tc_ve=ba&tc_so=tradedesk&tc_me=pp&tc_ca=bau,,,66.00,110.00,https://cdn.shopify.com/s/files/1/0680/4619/2892/files/26wsum_t2118_blu_m01_v1_1963df53-3b98-422d-9ebd-82ba73fc3588.jpg?v=1&width=800,Women,Women,03/10/2026,https://us.boden.com/products/women-andrea-lace-shell-top-cornflower-blue-t2118blu?tc_ch=display&tc_ve=ba&tc_so=tradedesk&tc_me=pp&tc_ca=bau,,,19,IN STOCK,,,Cornflower Blue,,,,TRUE,TRUE
55184703,55184703,55184703,Relaxed Cotton T-shirt Boden,https://us.boden.com/products/women-relaxed-cotton-t-shirt-black-t2134blk?tc_ch=display&tc_ve=ba&tc_so=tradedesk&tc_me=pp&tc_ca=bau,,,45.00,45.00,https://cdn.shopify.com/s/files/1/0680/4619/2892/files/26wsum_t2134_blk_m01_4b907271-3984-4c4e-95d3-83fd3a99905d.jpg?v=1&width=800,Women,Women,03/10/2026,https://us.boden.com/products/women-relaxed-cotton-t-shirt-black-t2134blk?tc_ch=display&tc_ve=ba&tc_so=tradedesk&tc_me=pp&tc_ca=bau,,,515,IN STOCK,,,Black,,,,TRUE,TRUE
55184387,55184387,55184387,Relaxed Cotton T-shirt Boden,https://us.boden.com/products/women-relaxed-cotton-t-shirt-brown-and-ivory-stripe-t2134ivo?tc_ch=display&tc_ve=ba&tc_so=tradedesk&tc_me=pp&tc_ca=bau,,,45.00,45.00,https://cdn.shopify.com/s/files/1/0680/4619/2892/files/26wsum_t2134_ivo_m01_0cd3d5c1-ae05-49dc-b912-3d026ec6711a.jpg?v=1&width=800,Women,Women,03/10/2026,https://us.boden.com/products/women-relaxed-cotton-t-shirt-brown-and-ivory-stripe-t2134ivo?tc_ch=display&tc_ve=ba&tc_so=tradedesk&tc_me=pp&tc_ca=bau,,,61,IN STOCK,,,Brown and Ivory Stripe,,,,TRUE,TRUE
55184446,55184446,55184446,Relaxed Cotton T-shirt Boden,https://us.boden.com/products/women-relaxed-cotton-t-shirt-navy-and-ivory-stripe-t2134nav?tc_ch=display&tc_ve=ba&tc_so=tradedesk&tc_me=pp&tc_ca=bau,,,45.00,45.00,https://cdn.shopify.com/s/files/1/0680/4619/2892/files/26wsum_t2134_nav_m01_v2_bd219f18-011c-460d-9d72-b4690e74e3d9.jpg?v=1&width=800,Women,Women,03/10/2026,https://us.boden.com/products/women-relaxed-cotton-t-shirt-navy-and-ivory-stripe-t2134nav?tc_ch=display&tc_ve=ba&tc_so=tradedesk&tc_me=pp&tc_ca=bau,,,336,IN STOCK,,,Navy and Ivory Stripe,,,,TRUE,TRUE
55185530,55185530,55185530,Relaxed Cotton T-shirt Boden,https://us.boden.com/products/women-relaxed-cotton-t-shirt-white-t2134wht?tc_ch=display&tc_ve=ba&tc_so=tradedesk&tc_me=pp&tc_ca=bau,,,45.00,45.00,https://cdn.shopify.com/s/files/1/0680/4619/2892/files/26wsum_t2134_wht_m01_9781f411-223d-4a8d-8d77-c4bf5a7d1424.jpg?v=1&width=800,Women,Women,03/10/2026,https://us.boden.com/products/women-relaxed-cotton-t-shirt-white-t2134wht?tc_ch=display&tc_ve=ba&tc_so=tradedesk&tc_me=pp&tc_ca=bau,,,533,IN STOCK,,,White,,,,TRUE,TRUE
