prclient,prid,prid_filtered,prname,prurl,prshortdescription,prdescription,prdisplayprice,prprice,primageurl,prcategory,prsubcategory,prcreatedon,pralternativeurl,prbestseller,prsku,pravailablequantity,pravailability,prquantitysold,prsize,prcolor,prcountry,prfromprice,prposition,isactive,isdefault
40495413,40495413,40495413,Klassischer Gürtel mit Überwendlingsstich Damen Boden,https://eu.boden.com/products/damen-klassischer-guertel-mit-ueberwendlingsstich-hellbraun-a1764tan?tc_ch=display&tc_ve=ba&tc_so=tradedesk&tc_me=pp&tc_ca=bau,,,43.00,86.00,https://cdn.shopify.com/s/files/1/0680/4625/8428/files/25wxms_a1764_tan_79d4d964-5964-4fd9-86c6-bd054a9ab222.jpg?v=1&width=800,Damen,Damen,03/10/2026,https://eu.boden.com/products/damen-klassischer-guertel-mit-ueberwendlingsstich-hellbraun-a1764tan?tc_ch=display&tc_ve=ba&tc_so=tradedesk&tc_me=pp&tc_ca=bau,,,269,IN STOCK,,,Hellbraun,,,,TRUE,TRUE
55014666,55014666,55014666,Mehrlagige Halskette mit gehämmerten Scheiben Damen Boden,https://eu.boden.com/products/damen-mehrlagige-halskette-mit-gehaemmerten-scheiben-goldfarbe-a1774gld?tc_ch=display&tc_ve=ba&tc_so=tradedesk&tc_me=pp&tc_ca=bau,,,69.00,69.00,https://cdn.shopify.com/s/files/1/0680/4625/8428/files/25wxms_a1774_gld_f55b6994-2533-4f75-ad2b-f60045cd69bd.jpg?v=1&width=800,Damen,Damen,03/10/2026,https://eu.boden.com/products/damen-mehrlagige-halskette-mit-gehaemmerten-scheiben-goldfarbe-a1774gld?tc_ch=display&tc_ve=ba&tc_so=tradedesk&tc_me=pp&tc_ca=bau,,,592,IN STOCK,,,Goldfarbe,,,,TRUE,TRUE
55038793,55038793,55038793,Superweiches Oberteil mit Rüschendetail Damen Boden,https://eu.boden.com/products/damen-superweiches-oberteil-mit-rueschendetail-aqua-marine-marl-t1657nav?tc_ch=display&tc_ve=ba&tc_so=tradedesk&tc_me=pp&tc_ca=bau,,,46.00,46.00,https://cdn.shopify.com/s/files/1/0680/4625/8428/files/24waut_t1657_nav_m02_bd2fc90a-8262-46ec-9d85-f1e255f203b6.jpg?v=1&width=800,Damen,Damen,03/10/2026,https://eu.boden.com/products/damen-superweiches-oberteil-mit-rueschendetail-aqua-marine-marl-t1657nav?tc_ch=display&tc_ve=ba&tc_so=tradedesk&tc_me=pp&tc_ca=bau,,,320,IN STOCK,,,Aqua Marine Marl,,,,TRUE,TRUE
35794858,35794858,35794858,Schlichtes Camisole-Oberteil Damen Boden,https://eu.boden.com/products/damen-schlichtes-camisole-oberteil-weiss-wo064wht?tc_ch=display&tc_ve=ba&tc_so=tradedesk&tc_me=pp&tc_ca=bau,,,26.00,26.00,https://cdn.shopify.com/s/files/1/0680/4625/8428/files/25wxms_wo064_wht_m01_a3d47a7a-e477-4cd8-b6fd-848cae89c605.jpg?v=1&width=800,Damen,Damen,03/10/2026,https://eu.boden.com/products/damen-schlichtes-camisole-oberteil-weiss-wo064wht?tc_ch=display&tc_ve=ba&tc_so=tradedesk&tc_me=pp&tc_ca=bau,,,191,IN STOCK,,,Weiß,,,,TRUE,TRUE
55019117,55019117,55019117,Hoch geschnittene Jeans mit weitem Bein Damen Boden,https://eu.boden.com/products/damen-hoch-geschnittene-jeans-mit-weitem-bein-indigo-waschung-r0657ddn?tc_ch=display&tc_ve=ba&tc_so=tradedesk&tc_me=pp&tc_ca=bau,,,52.00,130.00,https://cdn.shopify.com/s/files/1/0680/4625/8428/files/26wspr_r0657_ddn_m01.jpg?v=1&width=800,Damen,Damen,03/10/2026,https://eu.boden.com/products/damen-hoch-geschnittene-jeans-mit-weitem-bein-indigo-waschung-r0657ddn?tc_ch=display&tc_ve=ba&tc_so=tradedesk&tc_me=pp&tc_ca=bau,,,26,IN STOCK,,,Indigo Waschung,,,,TRUE,TRUE
40460453,40460453,40460453,Highgate Ponte-Hose Damen Boden,https://eu.boden.com/products/damen-highgate-ponte-hose-aqua-marine-marl-r0478nav?tc_ch=display&tc_ve=ba&tc_so=tradedesk&tc_me=pp&tc_ca=bau,,,99.00,99.00,https://cdn.shopify.com/s/files/1/0680/4625/8428/files/25waut_r0478_nav_m01_e17eeaf2-060d-46a4-92db-106673aa7d6c.jpg?v=1&width=800,Damen,Damen,03/10/2026,https://eu.boden.com/products/damen-highgate-ponte-hose-aqua-marine-marl-r0478nav?tc_ch=display&tc_ve=ba&tc_so=tradedesk&tc_me=pp&tc_ca=bau,,,75,IN STOCK,,,Aqua Marine Marl,,,,TRUE,TRUE
55028664,55028664,55028664,Superweiches T-Shirt mit Rüschendetail Damen Boden,https://eu.boden.com/products/damen-superweiches-t-shirt-mit-rueschendetail-schwarz-t1685blk?tc_ch=display&tc_ve=ba&tc_so=tradedesk&tc_me=pp&tc_ca=bau,,,43.00,43.00,https://cdn.shopify.com/s/files/1/0680/4625/8428/files/25wxms_t1685_blk_m01_e11cf962-f480-4aaa-ab32-6efa27168285.jpg?v=1&width=800,Damen,Damen,03/10/2026,https://eu.boden.com/products/damen-superweiches-t-shirt-mit-rueschendetail-schwarz-t1685blk?tc_ch=display&tc_ve=ba&tc_so=tradedesk&tc_me=pp&tc_ca=bau,,,147,IN STOCK,,,Schwarz,,,,TRUE,TRUE
35794718,35794718,35794718,Schlichtes Camisole-Oberteil Damen Boden,https://eu.boden.com/products/damen-schlichtes-camisole-oberteil-aqua-marine-marl-wo064nav?tc_ch=display&tc_ve=ba&tc_so=tradedesk&tc_me=pp&tc_ca=bau,,,26.00,26.00,https://cdn.shopify.com/s/files/1/0680/4625/8428/files/25wxms_wo064_nav_m01_f0a70ebb-60ad-45b3-87d1-5033ff0e9b2a.jpg?v=1&width=800,Damen,Damen,03/10/2026,https://eu.boden.com/products/damen-schlichtes-camisole-oberteil-aqua-marine-marl-wo064nav?tc_ch=display&tc_ve=ba&tc_so=tradedesk&tc_me=pp&tc_ca=bau,,,202,IN STOCK,,,Aqua Marine Marl,,,,TRUE,TRUE
40296650,40296650,40296650,Schlichtes Camisole-Oberteil Damen Boden,https://eu.boden.com/products/damen-schlichtes-camisole-oberteil-creme-karamellbraun-wo064lbr?tc_ch=display&tc_ve=ba&tc_so=tradedesk&tc_me=pp&tc_ca=bau,,,26.00,26.00,https://cdn.shopify.com/s/files/1/0680/4625/8428/files/25wspr_wo064_lbr_m03_593d7e04-0aae-442d-ad15-03df6a101b5c.jpg?v=1&width=800,Damen,Damen,03/10/2026,https://eu.boden.com/products/damen-schlichtes-camisole-oberteil-creme-karamellbraun-wo064lbr?tc_ch=display&tc_ve=ba&tc_so=tradedesk&tc_me=pp&tc_ca=bau,,,342,IN STOCK,,,Creme-Karamellbraun,,,,TRUE,TRUE
55066819,55066819,55066819,"Jeans mit hohem Bund und geradem, weitem Bein Damen Boden",https://eu.boden.com/products/damen-jeans-mit-hohem-bund-und-geradem-weitem-bein-beatnik-red-r0713den?tc_ch=display&tc_ve=ba&tc_so=tradedesk&tc_me=pp&tc_ca=bau,,,140.00,140.00,https://cdn.shopify.com/s/files/1/0680/4625/8428/files/26wspr_r0713_den_m01.jpg?v=1&width=800,Damen,Damen,03/10/2026,https://eu.boden.com/products/damen-jeans-mit-hohem-bund-und-geradem-weitem-bein-beatnik-red-r0713den?tc_ch=display&tc_ve=ba&tc_so=tradedesk&tc_me=pp&tc_ca=bau,,,104,IN STOCK,,,Beatnik Red,,,,TRUE,TRUE
55058748,55058748,55058748,Hundeleine Damen Boden,https://eu.boden.com/products/damen-hundeleine-gruen-rosa-streifen-a1953mul?tc_ch=display&tc_ve=ba&tc_so=tradedesk&tc_me=pp&tc_ca=bau,,,43.00,43.00,https://cdn.shopify.com/s/files/1/0680/4625/8428/files/25wspr_a1953_mul_8f7e95e6-f880-4410-89bd-a4e4e62b0755.jpg?v=1&width=800,Damen,Damen,03/10/2026,https://eu.boden.com/products/damen-hundeleine-gruen-rosa-streifen-a1953mul?tc_ch=display&tc_ve=ba&tc_so=tradedesk&tc_me=pp&tc_ca=bau,,,196,IN STOCK,,,Grün/Rosa Streifen,,,,TRUE,TRUE
55047712,55047712,55047712,Sophie Flammgarn-T-Shirt mit V-Ausschnitt Damen Boden,https://eu.boden.com/products/damen-sophie-flammgarn-t-shirt-mit-v-ausschnitt-marineblaue-t1795nav?tc_ch=display&tc_ve=ba&tc_so=tradedesk&tc_me=pp&tc_ca=bau,,,39.00,39.00,https://cdn.shopify.com/s/files/1/0680/4625/8428/files/25wspr_t1795_nav_m01.jpg?v=1&width=800,Damen,Damen,03/10/2026,https://eu.boden.com/products/damen-sophie-flammgarn-t-shirt-mit-v-ausschnitt-marineblaue-t1795nav?tc_ch=display&tc_ve=ba&tc_so=tradedesk&tc_me=pp&tc_ca=bau,,,188,IN STOCK,,,Marineblaue,,,,TRUE,TRUE
55065287,55065287,55065287,Langärmliges Oberteil aus Baumwolle mit Rundhalsausschnitt Damen Boden,https://eu.boden.com/products/damen-langaermliges-oberteil-aus-baumwolle-mit-rundhalsausschnitt-weiss-t1829wht?tc_ch=display&tc_ve=ba&tc_so=tradedesk&tc_me=pp&tc_ca=bau,,,43.00,43.00,https://cdn.shopify.com/s/files/1/0680/4625/8428/files/25wspr_t1829_wht_m01_6040b686-2077-42fd-b447-dfeec8e9ac8e.jpg?v=1&width=800,Damen,Damen,03/10/2026,https://eu.boden.com/products/damen-langaermliges-oberteil-aus-baumwolle-mit-rundhalsausschnitt-weiss-t1829wht?tc_ch=display&tc_ve=ba&tc_so=tradedesk&tc_me=pp&tc_ca=bau,,,458,IN STOCK,,,Weiß,,,,TRUE,TRUE
55050784,55050784,55050784,Klassischer Gürtel mit Überwendlingsstich Damen Boden,https://eu.boden.com/products/damen-klassischer-guertel-mit-ueberwendlingsstich-black-ivory-stripe-a1764nav?tc_ch=display&tc_ve=ba&tc_so=tradedesk&tc_me=pp&tc_ca=bau,,,38.00,76.00,https://cdn.shopify.com/s/files/1/0680/4625/8428/files/25wspr_a1764_nav.jpg?v=1&width=800,Damen,Damen,03/10/2026,https://eu.boden.com/products/damen-klassischer-guertel-mit-ueberwendlingsstich-black-ivory-stripe-a1764nav?tc_ch=display&tc_ve=ba&tc_so=tradedesk&tc_me=pp&tc_ca=bau,,,125,IN STOCK,,,Black/Ivory Stripe,,,,TRUE,TRUE
55067080,55067080,55067080,Lockere Jeans mit mittlerer Leibhöhe Damen Boden,https://eu.boden.com/products/damen-lockere-jeans-mit-mittlerer-leibhoehe-mittlerer-jahrgang-r0729den?tc_ch=display&tc_ve=ba&tc_so=tradedesk&tc_me=pp&tc_ca=bau,,,65.00,130.00,https://cdn.shopify.com/s/files/1/0680/4625/8428/files/26wspr_r0729_den_m01.jpg?v=1&width=800,Damen,Damen,03/10/2026,https://eu.boden.com/products/damen-lockere-jeans-mit-mittlerer-leibhoehe-mittlerer-jahrgang-r0729den?tc_ch=display&tc_ve=ba&tc_so=tradedesk&tc_me=pp&tc_ca=bau,,,135,IN STOCK,,,Mittlerer Jahrgang,,,,TRUE,TRUE
55091402,55091402,55091402,Jeans mit hohem Bund und geradem Bein Damen Boden,https://eu.boden.com/products/damen-jeans-mit-hohem-bund-und-geradem-bein-indigo-waschung-r0761ind?tc_ch=display&tc_ve=ba&tc_so=tradedesk&tc_me=pp&tc_ca=bau,,,48.00,120.00,https://cdn.shopify.com/s/files/1/0680/4625/8428/files/25wspr_r0761_ind_m01_cf2e2439-bbc7-431f-876b-9ea35752a052.jpg?v=1&width=800,Damen,Damen,03/10/2026,https://eu.boden.com/products/damen-jeans-mit-hohem-bund-und-geradem-bein-indigo-waschung-r0761ind?tc_ch=display&tc_ve=ba&tc_so=tradedesk&tc_me=pp&tc_ca=bau,,,58,IN STOCK,,,Indigo Waschung,,,,TRUE,TRUE
55085049,55085049,55085049,Islington Leinenhose Damen Boden,https://eu.boden.com/products/damen-islington-leinenhose-bunt-blockfarben-r0757mlt?tc_ch=display&tc_ve=ba&tc_so=tradedesk&tc_me=pp&tc_ca=bau,,,90.00,180.00,https://cdn.shopify.com/s/files/1/0680/4625/8428/files/25whsm_r0757_mlt_m01_df826795-845b-4963-8a6c-6c29a4ef739e.jpg?v=1&width=800,Damen,Damen,03/10/2026,https://eu.boden.com/products/damen-islington-leinenhose-bunt-blockfarben-r0757mlt?tc_ch=display&tc_ve=ba&tc_so=tradedesk&tc_me=pp&tc_ca=bau,,,39,IN STOCK,,,"Bunt, Blockfarben",,,,TRUE,TRUE
55125225,55125225,55125225,Naomi Lockeres Jerseykleid Damen Boden,https://eu.boden.com/products/damen-naomi-lockeres-jerseykleid-schwarz-d1053bla?tc_ch=display&tc_ve=ba&tc_so=tradedesk&tc_me=pp&tc_ca=bau,,,99.00,99.00,https://cdn.shopify.com/s/files/1/0680/4625/8428/files/25wspr_d1053_bla_m01_317a7478-cf9d-4248-8fa9-9c23cd199cab.jpg?v=1&width=800,Damen,Damen,03/10/2026,https://eu.boden.com/products/damen-naomi-lockeres-jerseykleid-schwarz-d1053bla?tc_ch=display&tc_ve=ba&tc_so=tradedesk&tc_me=pp&tc_ca=bau,,,365,IN STOCK,,,Schwarz,,,,TRUE,TRUE
55111706,55111706,55111706,Mehrlagige Halskette Damen Boden,https://eu.boden.com/products/damen-mehrlagige-halskette-goldfarbe-a2056pnt?tc_ch=display&tc_ve=ba&tc_so=tradedesk&tc_me=pp&tc_ca=bau,,,66.00,66.00,https://cdn.shopify.com/s/files/1/0680/4625/8428/files/25waut_a2056_pnt.jpg?v=1&width=800,Damen,Damen,03/10/2026,https://eu.boden.com/products/damen-mehrlagige-halskette-goldfarbe-a2056pnt?tc_ch=display&tc_ve=ba&tc_so=tradedesk&tc_me=pp&tc_ca=bau,,,387,IN STOCK,,,Goldfarbe,,,,TRUE,TRUE
55095503,55095503,55095503,Naomi Lockeres Jerseykleid Damen Boden,https://eu.boden.com/products/damen-naomi-lockeres-jerseykleid-marineblau-d1053nav?tc_ch=display&tc_ve=ba&tc_so=tradedesk&tc_me=pp&tc_ca=bau,,,99.00,99.00,https://cdn.shopify.com/s/files/1/0680/4625/8428/files/25waut_d1053_nav_m04_3469d091-dc47-4044-9fb9-765ca9c51f86.jpg?v=1&width=800,Damen,Damen,03/10/2026,https://eu.boden.com/products/damen-naomi-lockeres-jerseykleid-marineblau-d1053nav?tc_ch=display&tc_ve=ba&tc_so=tradedesk&tc_me=pp&tc_ca=bau,,,282,IN STOCK,,,Marineblau,,,,TRUE,TRUE
55115332,55115332,55115332,Joy Jeansrock mit Bahnendesign Damen Boden,https://eu.boden.com/products/damen-joy-jeansrock-mit-bahnendesign-mittlere-waschung-r0816mdn?tc_ch=display&tc_ve=ba&tc_so=tradedesk&tc_me=pp&tc_ca=bau,,,75.00,150.00,https://cdn.shopify.com/s/files/1/0680/4625/8428/files/25waut_r0816_mdn_m01.jpg?v=1&width=800,Damen,Damen,03/10/2026,https://eu.boden.com/products/damen-joy-jeansrock-mit-bahnendesign-mittlere-waschung-r0816mdn?tc_ch=display&tc_ve=ba&tc_so=tradedesk&tc_me=pp&tc_ca=bau,,,20,IN STOCK,,,Mittlere Waschung,,,,TRUE,TRUE
55094603,55094603,55094603,Belgravia Ponte-Hose Damen Boden,https://eu.boden.com/products/damen-belgravia-ponte-hose-schwarz-r0814blk?tc_ch=display&tc_ve=ba&tc_so=tradedesk&tc_me=pp&tc_ca=bau,,,120.00,120.00,https://cdn.shopify.com/s/files/1/0680/4625/8428/files/26waut_r0814_blk_m01_v1_e7140575-8ce9-4779-b799-cdb14f841d50.jpg?v=1&width=800,Damen,Damen,03/10/2026,https://eu.boden.com/products/damen-belgravia-ponte-hose-schwarz-r0814blk?tc_ch=display&tc_ve=ba&tc_so=tradedesk&tc_me=pp&tc_ca=bau,,,488,IN STOCK,,,Schwarz,,,,TRUE,TRUE
55099243,55099243,55099243,Bloomsbury Baumwollhose Damen Boden,https://eu.boden.com/products/damen-bloomsbury-baumwollhose-leuchtende-kirsche-r0696bpk?tc_ch=display&tc_ve=ba&tc_so=tradedesk&tc_me=pp&tc_ca=bau,,,60.00,150.00,https://cdn.shopify.com/s/files/1/0680/4625/8428/files/25waut_r0696_bpk_m01_v1_76ef1058-0065-42bf-bc65-d1e24e433e42.jpg?v=1&width=800,Damen,Damen,03/10/2026,https://eu.boden.com/products/damen-bloomsbury-baumwollhose-leuchtende-kirsche-r0696bpk?tc_ch=display&tc_ve=ba&tc_so=tradedesk&tc_me=pp&tc_ca=bau,,,32,IN STOCK,,,Leuchtende Kirsche,,,,TRUE,TRUE
55094554,55094554,55094554,Belgravia Ponte-Hose Damen Boden,https://eu.boden.com/products/damen-belgravia-ponte-hose-marineblau-r0814nav?tc_ch=display&tc_ve=ba&tc_so=tradedesk&tc_me=pp&tc_ca=bau,,,120.00,120.00,https://cdn.shopify.com/s/files/1/0680/4625/8428/files/26wspr_r0814_nav_m01_v1.jpg?v=1&width=800,Damen,Damen,03/10/2026,https://eu.boden.com/products/damen-belgravia-ponte-hose-marineblau-r0814nav?tc_ch=display&tc_ve=ba&tc_so=tradedesk&tc_me=pp&tc_ca=bau,,,486,IN STOCK,,,Marineblau,,,,TRUE,TRUE
55130135,55130135,55130135,Canonbury Baumwollhose Damen Boden,https://eu.boden.com/products/damen-canonbury-baumwollhose-marineblau-r0837nav?tc_ch=display&tc_ve=ba&tc_so=tradedesk&tc_me=pp&tc_ca=bau,,,110.00,110.00,https://cdn.shopify.com/s/files/1/0680/4625/8428/files/25waut_r0837_nav_m01_f5026d69-29b0-4644-8b30-68830aa683d8.jpg?v=1&width=800,Damen,Damen,03/10/2026,https://eu.boden.com/products/damen-canonbury-baumwollhose-marineblau-r0837nav?tc_ch=display&tc_ve=ba&tc_so=tradedesk&tc_me=pp&tc_ca=bau,,,239,IN STOCK,,,Marineblau,,,,TRUE,TRUE
55130233,55130233,55130233,Canonbury Baumwollhose Damen Boden,https://eu.boden.com/products/damen-canonbury-baumwollhose-schwarz-r0837blk?tc_ch=display&tc_ve=ba&tc_so=tradedesk&tc_me=pp&tc_ca=bau,,,110.00,110.00,https://cdn.shopify.com/s/files/1/0680/4625/8428/files/26wspr_r0837_blk_m01_d3d72339-3910-4d67-bbd6-81cbc0f8afc4.jpg?v=1&width=800,Damen,Damen,03/10/2026,https://eu.boden.com/products/damen-canonbury-baumwollhose-schwarz-r0837blk?tc_ch=display&tc_ve=ba&tc_so=tradedesk&tc_me=pp&tc_ca=bau,,,306,IN STOCK,,,Schwarz,,,,TRUE,TRUE
55099589,55099589,55099589,Superweiches Oberteil mit V-Ausschnitt und Besatz Damen Boden,https://eu.boden.com/products/damen-superweiches-oberteil-mit-v-ausschnitt-und-besatz-amethyst-lila-t1924prp?tc_ch=display&tc_ve=ba&tc_so=tradedesk&tc_me=pp&tc_ca=bau,,,22.40,56.00,https://cdn.shopify.com/s/files/1/0680/4625/8428/files/25waut_t1924_prp_m01_v1_f23caa8f-9fae-4c61-b6aa-d724d923c9e8.jpg?v=1&width=800,Damen,Damen,03/10/2026,https://eu.boden.com/products/damen-superweiches-oberteil-mit-v-ausschnitt-und-besatz-amethyst-lila-t1924prp?tc_ch=display&tc_ve=ba&tc_so=tradedesk&tc_me=pp&tc_ca=bau,,,167,IN STOCK,,,Amethyst-Lila,,,,TRUE,TRUE
55130178,55130178,55130178,Canonbury 7/8-Hose aus Baumwolle Damen Boden,https://eu.boden.com/products/damen-canonbury-7-8-hose-aus-baumwolle-schwarz-r0836blk?tc_ch=display&tc_ve=ba&tc_so=tradedesk&tc_me=pp&tc_ca=bau,,,99.00,99.00,https://cdn.shopify.com/s/files/1/0680/4625/8428/files/26wspr_r0836_blk_m01_fc3710fb-2390-48ac-abfc-2e86e90d0b51.jpg?v=1&width=800,Damen,Damen,03/10/2026,https://eu.boden.com/products/damen-canonbury-7-8-hose-aus-baumwolle-schwarz-r0836blk?tc_ch=display&tc_ve=ba&tc_so=tradedesk&tc_me=pp&tc_ca=bau,,,209,IN STOCK,,,Schwarz,,,,TRUE,TRUE
55130267,55130267,55130267,Canonbury 7/8-Hose aus Baumwolle Damen Boden,https://eu.boden.com/products/damen-canonbury-7-8-hose-aus-baumwolle-marineblau-r0836nav?tc_ch=display&tc_ve=ba&tc_so=tradedesk&tc_me=pp&tc_ca=bau,,,99.00,99.00,https://cdn.shopify.com/s/files/1/0680/4625/8428/files/26wspr_r0836_nav_m01.jpg?v=1&width=800,Damen,Damen,03/10/2026,https://eu.boden.com/products/damen-canonbury-7-8-hose-aus-baumwolle-marineblau-r0836nav?tc_ch=display&tc_ve=ba&tc_so=tradedesk&tc_me=pp&tc_ca=bau,,,189,IN STOCK,,,Marineblau,,,,TRUE,TRUE
55105905,55105905,55105905,"Ausgestellter, texturierter Rock Damen Boden",https://eu.boden.com/products/damen-ausgestellter-texturierter-rock-weiss-r0795wht?tc_ch=display&tc_ve=ba&tc_so=tradedesk&tc_me=pp&tc_ca=bau,,,75.00,150.00,https://cdn.shopify.com/s/files/1/0680/4625/8428/files/25waut_r0795_wht_m01.jpg?v=1&width=800,Damen,Damen,03/10/2026,https://eu.boden.com/products/damen-ausgestellter-texturierter-rock-weiss-r0795wht?tc_ch=display&tc_ve=ba&tc_so=tradedesk&tc_me=pp&tc_ca=bau,,,18,IN STOCK,,,Weiß,,,,TRUE,TRUE
55099770,55099770,55099770,Ausgestellte Cord-Jeans im Five-Pocket-Design Damen Boden,https://eu.boden.com/products/damen-ausgestellte-cord-jeans-im-five-pocket-design-ziegelstein-r0764flr?tc_ch=display&tc_ve=ba&tc_so=tradedesk&tc_me=pp&tc_ca=bau,,,48.00,120.00,https://cdn.shopify.com/s/files/1/0680/4625/8428/files/25waut_r0764_flr_m01_0425250e-4acb-4eaf-ad10-b3ca9a38e765.jpg?v=1&width=800,Damen,Damen,03/10/2026,https://eu.boden.com/products/damen-ausgestellte-cord-jeans-im-five-pocket-design-ziegelstein-r0764flr?tc_ch=display&tc_ve=ba&tc_so=tradedesk&tc_me=pp&tc_ca=bau,,,29,IN STOCK,,,Ziegelstein,,,,TRUE,TRUE
55133863,55133863,55133863,Gürtel mit gedrehter Schnalle Damen Boden,https://eu.boden.com/products/damen-guertel-mit-gedrehter-schnalle-hellbraun-wildleder-a2064tor?tc_ch=display&tc_ve=ba&tc_so=tradedesk&tc_me=pp&tc_ca=bau,,,79.00,79.00,https://cdn.shopify.com/s/files/1/0680/4625/8428/files/25waut_a2064_tor_1cad38ab-700a-4996-a600-5216a86e8291.jpg?v=1&width=800,Damen,Damen,03/10/2026,https://eu.boden.com/products/damen-guertel-mit-gedrehter-schnalle-hellbraun-wildleder-a2064tor?tc_ch=display&tc_ve=ba&tc_so=tradedesk&tc_me=pp&tc_ca=bau,,,262,IN STOCK,,,Hellbraun Wildleder,,,,TRUE,TRUE
55108280,55108280,55108280,Cecelia Wollrock Damen Boden,https://eu.boden.com/products/damen-cecelia-wollrock-rot-blau-und-gruen-kariert-r0809red?tc_ch=display&tc_ve=ba&tc_so=tradedesk&tc_me=pp&tc_ca=bau,,,68.00,170.00,https://cdn.shopify.com/s/files/1/0680/4625/8428/files/25wwin_r0809_red_m01_8f40cf4f-6082-4a8c-a6f7-2eb7be560629.jpg?v=1&width=800,Damen,Damen,03/10/2026,https://eu.boden.com/products/damen-cecelia-wollrock-rot-blau-und-gruen-kariert-r0809red?tc_ch=display&tc_ve=ba&tc_so=tradedesk&tc_me=pp&tc_ca=bau,,,67,IN STOCK,,,"Rot, Blau und Grün Kariert",,,,TRUE,TRUE
55117733,55117733,55117733,"Ausgestellter, texturierter Rock Damen Boden",https://eu.boden.com/products/damen-ausgestellter-texturierter-rock-schwarz-r0795blc?tc_ch=display&tc_ve=ba&tc_so=tradedesk&tc_me=pp&tc_ca=bau,,,75.00,150.00,https://cdn.shopify.com/s/files/1/0680/4625/8428/files/25wwin_r0795_blc_m01_98b7a3fd-157c-4ddd-a823-b8e6652cf116.jpg?v=1&width=800,Damen,Damen,03/10/2026,https://eu.boden.com/products/damen-ausgestellter-texturierter-rock-schwarz-r0795blc?tc_ch=display&tc_ve=ba&tc_so=tradedesk&tc_me=pp&tc_ca=bau,,,34,IN STOCK,,,Schwarz,,,,TRUE,TRUE
55108919,55108919,55108919,Schwingender Wollrock Damen Boden,https://eu.boden.com/products/damen-schwingender-wollrock-schwarz-hahnentrittmuster-r0797blk?tc_ch=display&tc_ve=ba&tc_so=tradedesk&tc_me=pp&tc_ca=bau,,,90.00,180.00,https://cdn.shopify.com/s/files/1/0680/4625/8428/files/25wwin_r0797_blk_m01_89f3449c-2779-4947-82bd-ef5e733e6763.jpg?v=1&width=800,Damen,Damen,03/10/2026,https://eu.boden.com/products/damen-schwingender-wollrock-schwarz-hahnentrittmuster-r0797blk?tc_ch=display&tc_ve=ba&tc_so=tradedesk&tc_me=pp&tc_ca=bau,,,56,IN STOCK,,,Schwarz Hahnentrittmuster,,,,TRUE,TRUE
55108958,55108958,55108958,Bloomsbury Wollhose Damen Boden,https://eu.boden.com/products/damen-bloomsbury-wollhose-blau-und-grau-glencheck-r0782blu?tc_ch=display&tc_ve=ba&tc_so=tradedesk&tc_me=pp&tc_ca=bau,,,126.00,210.00,https://cdn.shopify.com/s/files/1/0680/4625/8428/files/25wwin_r0782_blu_m01_43a960d5-f204-440a-8ff1-0ad89384b7a1.jpg?v=1&width=800,Damen,Damen,03/10/2026,https://eu.boden.com/products/damen-bloomsbury-wollhose-blau-und-grau-glencheck-r0782blu?tc_ch=display&tc_ve=ba&tc_so=tradedesk&tc_me=pp&tc_ca=bau,,,34,IN STOCK,,,Blau und Grau Glencheck,,,,TRUE,TRUE
55109933,55109933,55109933,Taillierte Wollshorts Damen Boden,https://eu.boden.com/products/damen-taillierte-wollshorts-schwarz-und-naturweiss-hahnentrittmuster-r0813blk?tc_ch=display&tc_ve=ba&tc_so=tradedesk&tc_me=pp&tc_ca=bau,,,75.00,150.00,https://cdn.shopify.com/s/files/1/0680/4625/8428/files/25wwin_r0813_blk_m01_9ec3bfc5-fab1-45e4-918f-f0d81ec5f21e.jpg?v=1&width=800,Damen,Damen,03/10/2026,https://eu.boden.com/products/damen-taillierte-wollshorts-schwarz-und-naturweiss-hahnentrittmuster-r0813blk?tc_ch=display&tc_ve=ba&tc_so=tradedesk&tc_me=pp&tc_ca=bau,,,37,IN STOCK,,,Schwarz und Naturweiß Hahnentrittmuster,,,,TRUE,TRUE
55117787,55117787,55117787,Cecelia Texturierter Rock Damen Boden,https://eu.boden.com/products/damen-cecelia-texturierter-rock-marineblau-r0834nav?tc_ch=display&tc_ve=ba&tc_so=tradedesk&tc_me=pp&tc_ca=bau,,,60.00,150.00,https://cdn.shopify.com/s/files/1/0680/4625/8428/files/25wwin_r0834_nav_m01.jpg?v=1&width=800,Damen,Damen,03/10/2026,https://eu.boden.com/products/damen-cecelia-texturierter-rock-marineblau-r0834nav?tc_ch=display&tc_ve=ba&tc_so=tradedesk&tc_me=pp&tc_ca=bau,,,59,IN STOCK,,,Marineblau,,,,TRUE,TRUE
55133234,55133234,55133234,Jeans mit geradem Bein und Tasche Damen Boden,https://eu.boden.com/products/damen-jeans-mit-geradem-bein-und-tasche-medium-vintage-r0840mdn?tc_ch=display&tc_ve=ba&tc_so=tradedesk&tc_me=pp&tc_ca=bau,,,60.00,150.00,https://cdn.shopify.com/s/files/1/0680/4625/8428/files/26wspr_r0840_mdn_m01.jpg?v=1&width=800,Damen,Damen,03/10/2026,https://eu.boden.com/products/damen-jeans-mit-geradem-bein-und-tasche-medium-vintage-r0840mdn?tc_ch=display&tc_ve=ba&tc_so=tradedesk&tc_me=pp&tc_ca=bau,,,29,IN STOCK,,,Medium Vintage,,,,TRUE,TRUE
55150158,55150158,55150158,Texturierter Rock in A-Linie Damen Boden,https://eu.boden.com/products/damen-texturierter-rock-in-a-linie-marineblau-strukturiert-r0848mul?tc_ch=display&tc_ve=ba&tc_so=tradedesk&tc_me=pp&tc_ca=bau,,,90.00,180.00,https://cdn.shopify.com/s/files/1/0680/4625/8428/files/25wwin_r0848_mul_m01_v1_70cb7aa6-c091-4a1a-9a6f-2d9f978f0e39.jpg?v=1&width=800,Damen,Damen,03/10/2026,https://eu.boden.com/products/damen-texturierter-rock-in-a-linie-marineblau-strukturiert-r0848mul?tc_ch=display&tc_ve=ba&tc_so=tradedesk&tc_me=pp&tc_ca=bau,,,29,IN STOCK,,,"Marineblau, Strukturiert",,,,TRUE,TRUE
55134490,55134490,55134490,Bluse mit Rüschen und Stickerei Damen Boden,https://eu.boden.com/products/damen-bluse-mit-rueschen-und-stickerei-dunkle-kirsche-t1993pur?tc_ch=display&tc_ve=ba&tc_so=tradedesk&tc_me=pp&tc_ca=bau,,,48.00,120.00,https://cdn.shopify.com/s/files/1/0680/4625/8428/files/25wwin_t1993_pur_m01_48950c86-0231-41e3-8757-0438d311ecd1.jpg?v=1&width=800,Damen,Damen,03/10/2026,https://eu.boden.com/products/damen-bluse-mit-rueschen-und-stickerei-dunkle-kirsche-t1993pur?tc_ch=display&tc_ve=ba&tc_so=tradedesk&tc_me=pp&tc_ca=bau,,,64,IN STOCK,,,Dunkle Kirsche,,,,TRUE,TRUE
55133891,55133891,55133891,Stretchstiefel mit Blockabsatz Damen Boden,https://eu.boden.com/products/damen-stretchstiefel-mit-blockabsatz-schwarz-a2132blc?tc_ch=display&tc_ve=ba&tc_so=tradedesk&tc_me=pp&tc_ca=bau,,,170.00,170.00,https://cdn.shopify.com/s/files/1/0680/4625/8428/files/25wwin_a2132_blc.jpg?v=1&width=800,Damen,Damen,03/10/2026,https://eu.boden.com/products/damen-stretchstiefel-mit-blockabsatz-schwarz-a2132blc?tc_ch=display&tc_ve=ba&tc_so=tradedesk&tc_me=pp&tc_ca=bau,,,252,IN STOCK,,,Schwarz,,,,TRUE,TRUE
55136117,55136117,55136117,Locker geschnittene Jeans mit mittelhohem Bund Damen Boden,https://eu.boden.com/products/damen-locker-geschnittene-jeans-mit-mittelhohem-bund-dunkles-vintageblau-r0847ind?tc_ch=display&tc_ve=ba&tc_so=tradedesk&tc_me=pp&tc_ca=bau,,,90.00,150.00,https://cdn.shopify.com/s/files/1/0680/4625/8428/files/25wxms_r0847_ind_m01_63789594-3531-4fd0-b1ea-36b64f09373c.jpg?v=1&width=800,Damen,Damen,03/10/2026,https://eu.boden.com/products/damen-locker-geschnittene-jeans-mit-mittelhohem-bund-dunkles-vintageblau-r0847ind?tc_ch=display&tc_ve=ba&tc_so=tradedesk&tc_me=pp&tc_ca=bau,,,36,IN STOCK,,,Dunkles Vintageblau,,,,TRUE,TRUE
55131157,55131157,55131157,Oberteil in Metallic-Optik mit Rüschenkragen Damen Boden,https://eu.boden.com/products/damen-oberteil-in-metallic-optik-mit-rueschenkragen-schwarz-lurex-clip-muster-t1964blc?tc_ch=display&tc_ve=ba&tc_so=tradedesk&tc_me=pp&tc_ca=bau,,,75.00,150.00,https://cdn.shopify.com/s/files/1/0680/4625/8428/files/25wxms_t1964_blc_m01.jpg?v=1&width=800,Damen,Damen,03/10/2026,https://eu.boden.com/products/damen-oberteil-in-metallic-optik-mit-rueschenkragen-schwarz-lurex-clip-muster-t1964blc?tc_ch=display&tc_ve=ba&tc_so=tradedesk&tc_me=pp&tc_ca=bau,,,51,IN STOCK,,,"Schwarz, Lurex-Clip-Muster",,,,TRUE,TRUE
55149516,55149516,55149516,Doppellagiges Oberteil mit quadratischem Ausschnitt Damen Boden,https://eu.boden.com/products/damen-doppellagiges-oberteil-mit-quadratischem-ausschnitt-marineblau-t2032nav?tc_ch=display&tc_ve=ba&tc_so=tradedesk&tc_me=pp&tc_ca=bau,,,49.00,49.00,https://cdn.shopify.com/s/files/1/0680/4625/8428/files/25wxms_t2032_nav_m01_7485de63-6590-495c-8a0a-2476c7a70177.jpg?v=1&width=800,Damen,Damen,03/10/2026,https://eu.boden.com/products/damen-doppellagiges-oberteil-mit-quadratischem-ausschnitt-marineblau-t2032nav?tc_ch=display&tc_ve=ba&tc_so=tradedesk&tc_me=pp&tc_ca=bau,,,444,IN STOCK,,,Marineblau,,,,TRUE,TRUE
55149268,55149268,55149268,Doppellagiges Oberteil mit quadratischem Ausschnitt Damen Boden,https://eu.boden.com/products/damen-doppellagiges-oberteil-mit-quadratischem-ausschnitt-weiss-t2032wht?tc_ch=display&tc_ve=ba&tc_so=tradedesk&tc_me=pp&tc_ca=bau,,,49.00,49.00,https://cdn.shopify.com/s/files/1/0680/4625/8428/files/25wxms_t2032_wht_m01_v1_9035ac88-468e-4579-a2e1-b007b4a63d18.jpg?v=1&width=800,Damen,Damen,03/10/2026,https://eu.boden.com/products/damen-doppellagiges-oberteil-mit-quadratischem-ausschnitt-weiss-t2032wht?tc_ch=display&tc_ve=ba&tc_so=tradedesk&tc_me=pp&tc_ca=bau,,,502,IN STOCK,,,Weiß,,,,TRUE,TRUE
55149309,55149309,55149309,Doppellagiges Oberteil mit quadratischem Ausschnitt Damen Boden,https://eu.boden.com/products/damen-doppellagiges-oberteil-mit-quadratischem-ausschnitt-schwarz-t2032blk?tc_ch=display&tc_ve=ba&tc_so=tradedesk&tc_me=pp&tc_ca=bau,,,49.00,49.00,https://cdn.shopify.com/s/files/1/0680/4625/8428/files/25wxms_t2032_blk_m01_7a1268d2-b321-4c1b-96a6-54b4d86ef9a1.jpg?v=1&width=800,Damen,Damen,03/10/2026,https://eu.boden.com/products/damen-doppellagiges-oberteil-mit-quadratischem-ausschnitt-schwarz-t2032blk?tc_ch=display&tc_ve=ba&tc_so=tradedesk&tc_me=pp&tc_ca=bau,,,379,IN STOCK,,,Schwarz,,,,TRUE,TRUE
55148797,55148797,55148797,Bridget Ponte-Hemdblusenkleid Damen Boden,https://eu.boden.com/products/damen-bridget-ponte-hemdblusenkleid-marineblau-d1491nav?tc_ch=display&tc_ve=ba&tc_so=tradedesk&tc_me=pp&tc_ca=bau,,,85.00,170.00,https://cdn.shopify.com/s/files/1/0680/4625/8428/files/25wxms_d1491_nav_m04_v1_197cefc8-71f1-49d2-92f3-5bb7a1e5cb81.jpg?v=1&width=800,Damen,Damen,03/10/2026,https://eu.boden.com/products/damen-bridget-ponte-hemdblusenkleid-marineblau-d1491nav?tc_ch=display&tc_ve=ba&tc_so=tradedesk&tc_me=pp&tc_ca=bau,,,129,IN STOCK,,,Marineblau,,,,TRUE,TRUE
55144171,55144171,55144171,Lyla Pantoletten mit doppelter Schnalle Damen Boden,https://eu.boden.com/products/damen-lyla-pantoletten-mit-doppelter-schnalle-khaki-rosa-a1692chk?tc_ch=display&tc_ve=ba&tc_so=tradedesk&tc_me=pp&tc_ca=bau,,,69.00,69.00,https://cdn.shopify.com/s/files/1/0680/4625/8428/files/26wspr_a1692_chk_v1.jpg?v=1&width=800,Damen,Damen,03/10/2026,https://eu.boden.com/products/damen-lyla-pantoletten-mit-doppelter-schnalle-khaki-rosa-a1692chk?tc_ch=display&tc_ve=ba&tc_so=tradedesk&tc_me=pp&tc_ca=bau,,,131,IN STOCK,,,Khaki/Rosa,,,,TRUE,TRUE
55155286,55155286,55155286,Klassische Bikinihose mit umgeschlagenem Bund Damen Boden,https://eu.boden.com/products/damen-klassische-bikinihose-mit-umgeschlagenem-bund-marineblau-rhythmische-welle-s0154ngm?tc_ch=display&tc_ve=ba&tc_so=tradedesk&tc_me=pp&tc_ca=bau,,,41.30,59.00,https://cdn.shopify.com/s/files/1/0680/4625/8428/files/26wspr_s0154_ngm_m01_8af26438-8423-4047-818d-745b2a12b8fd.jpg?v=1&width=800,Damen,Damen,03/10/2026,https://eu.boden.com/products/damen-klassische-bikinihose-mit-umgeschlagenem-bund-marineblau-rhythmische-welle-s0154ngm?tc_ch=display&tc_ve=ba&tc_so=tradedesk&tc_me=pp&tc_ca=bau,,,70,IN STOCK,,,"Marineblau, Rhythmische Welle",,,,TRUE,TRUE
55147058,55147058,55147058,"Jeans mit hohem Bund und geradem, weitem Bein Damen Boden",https://eu.boden.com/products/damen-jeans-mit-hohem-bund-und-geradem-weitem-bein-blau-streifen-r0713blu?tc_ch=display&tc_ve=ba&tc_so=tradedesk&tc_me=pp&tc_ca=bau,,,75.00,150.00,https://cdn.shopify.com/s/files/1/0680/4625/8428/files/26wspr_r0713_blu_m01_v2_a08b285b-684f-42a0-9302-24e37e2d5576.jpg?v=1&width=800,Damen,Damen,03/10/2026,https://eu.boden.com/products/damen-jeans-mit-hohem-bund-und-geradem-weitem-bein-blau-streifen-r0713blu?tc_ch=display&tc_ve=ba&tc_so=tradedesk&tc_me=pp&tc_ca=bau,,,68,IN STOCK,,,Blau Streifen,,,,TRUE,TRUE
55139646,55139646,55139646,Etta Ghillie-Pantoletten Damen Boden,https://eu.boden.com/products/damen-etta-ghillie-pantoletten-klassisches-leopardenmuster-a2147ltu?tc_ch=display&tc_ve=ba&tc_so=tradedesk&tc_me=pp&tc_ca=bau,,,72.00,180.00,https://cdn.shopify.com/s/files/1/0680/4625/8428/files/26wspr_a2147_ltu_v1_7da90341-74ed-4ed9-afe2-d3defd8dc739.jpg?v=1&width=800,Damen,Damen,03/10/2026,https://eu.boden.com/products/damen-etta-ghillie-pantoletten-klassisches-leopardenmuster-a2147ltu?tc_ch=display&tc_ve=ba&tc_so=tradedesk&tc_me=pp&tc_ca=bau,,,47,IN STOCK,,,Klassisches Leopardenmuster,,,,TRUE,TRUE
55145496,55145496,55145496,Caryl Sandalen mit Doppelriemen Damen Boden,https://eu.boden.com/products/damen-caryl-sandalen-mit-doppelriemen-hellbraun-a2178brn?tc_ch=display&tc_ve=ba&tc_so=tradedesk&tc_me=pp&tc_ca=bau,,,60.00,150.00,https://cdn.shopify.com/s/files/1/0680/4625/8428/files/26wspr_a2178_brn_v1_d0690bdc-0594-4ccb-a2b6-193d3cab1a76.jpg?v=1&width=800,Damen,Damen,03/10/2026,https://eu.boden.com/products/damen-caryl-sandalen-mit-doppelriemen-hellbraun-a2178brn?tc_ch=display&tc_ve=ba&tc_so=tradedesk&tc_me=pp&tc_ca=bau,,,88,IN STOCK,,,Hellbraun,,,,TRUE,TRUE
55138545,55138545,55138545,Etta Ghillie-Pantoletten Damen Boden,https://eu.boden.com/products/damen-etta-ghillie-pantoletten-hellbraun-a2147tor?tc_ch=display&tc_ve=ba&tc_so=tradedesk&tc_me=pp&tc_ca=bau,,,68.00,170.00,https://cdn.shopify.com/s/files/1/0680/4625/8428/files/26wspr_a2147_tor_v1_65433b8d-df2c-491d-a695-706611cd11b2.jpg?v=1&width=800,Damen,Damen,03/10/2026,https://eu.boden.com/products/damen-etta-ghillie-pantoletten-hellbraun-a2147tor?tc_ch=display&tc_ve=ba&tc_so=tradedesk&tc_me=pp&tc_ca=bau,,,47,IN STOCK,,,Hellbraun,,,,TRUE,TRUE
55190215,55190215,55190215,Ponte-Rock mit Kontrastnaht Damen Boden,https://eu.boden.com/products/damen-ponte-rock-mit-kontrastnaht-marineblau-r0950nav?tc_ch=display&tc_ve=ba&tc_so=tradedesk&tc_me=pp&tc_ca=bau,,,49.50,99.00,https://cdn.shopify.com/s/files/1/0680/4625/8428/files/26wsum_r0950_nav_m01_9ca17c81-3749-4afe-804d-ac58448ceaf0.jpg?v=1&width=800,Damen,Damen,03/10/2026,https://eu.boden.com/products/damen-ponte-rock-mit-kontrastnaht-marineblau-r0950nav?tc_ch=display&tc_ve=ba&tc_so=tradedesk&tc_me=pp&tc_ca=bau,,,10,IN STOCK,,,Marineblau,,,,TRUE,TRUE
55176321,55176321,55176321,Stamford Leinenblazer Damen Boden,https://eu.boden.com/products/damen-stamford-leinenblazer-braun-naturweiss-drillich-streifen-u0330chk?tc_ch=display&tc_ve=ba&tc_so=tradedesk&tc_me=pp&tc_ca=bau,,,104.00,260.00,https://cdn.shopify.com/s/files/1/0680/4625/8428/files/26waut_u0330_chk_m06_7a50efb1-1ead-4aba-9743-dc1d75282026.jpg?v=1&width=800,Damen,Damen,03/10/2026,https://eu.boden.com/products/damen-stamford-leinenblazer-braun-naturweiss-drillich-streifen-u0330chk?tc_ch=display&tc_ve=ba&tc_so=tradedesk&tc_me=pp&tc_ca=bau,,,29,IN STOCK,,,"Braun, Naturweiß Drillich Streifen",,,,TRUE,TRUE
55165955,55165955,55165955,Bikinihose mit Rüschen Damen Boden,https://eu.boden.com/products/damen-bikinihose-mit-rueschen-franzoesisches-marineblau-gemalte-tupfen-s0483nvy?tc_ch=display&tc_ve=ba&tc_so=tradedesk&tc_me=pp&tc_ca=bau,,,23.60,59.00,https://cdn.shopify.com/s/files/1/0680/4625/8428/files/26wsum_s0483_nvy_m01_v1_888a3e10-8ae7-47b4-a0b5-0ab309612736.jpg?v=1&width=800,Damen,Damen,03/10/2026,https://eu.boden.com/products/damen-bikinihose-mit-rueschen-franzoesisches-marineblau-gemalte-tupfen-s0483nvy?tc_ch=display&tc_ve=ba&tc_so=tradedesk&tc_me=pp&tc_ca=bau,,,193,IN STOCK,,,"Französisches Marineblau, Gemalte Tupfen",,,,TRUE,TRUE
55169188,55169188,55169188,Bleistiftrock mit Spitze Damen Boden,https://eu.boden.com/products/damen-bleistiftrock-mit-spitze-frisches-gruen-r0946grn?tc_ch=display&tc_ve=ba&tc_so=tradedesk&tc_me=pp&tc_ca=bau,,,105.00,150.00,https://cdn.shopify.com/s/files/1/0680/4625/8428/files/26wsum_r0946_grn_m01_dfeabebc-99a7-41bd-be9e-8de0be21f96e.jpg?v=1&width=800,Damen,Damen,03/10/2026,https://eu.boden.com/products/damen-bleistiftrock-mit-spitze-frisches-gruen-r0946grn?tc_ch=display&tc_ve=ba&tc_so=tradedesk&tc_me=pp&tc_ca=bau,,,34,IN STOCK,,,Frisches Grün,,,,TRUE,TRUE
55165834,55165834,55165834,Bikinioberteil mit Rüschen Damen Boden,https://eu.boden.com/products/damen-bikinioberteil-mit-rueschen-feuriges-korallenrot-s0482pin?tc_ch=display&tc_ve=ba&tc_so=tradedesk&tc_me=pp&tc_ca=bau,,,23.60,59.00,https://cdn.shopify.com/s/files/1/0680/4625/8428/files/26wsum_s0482_pin_m01_v1_911e4bf2-3397-455e-84db-9063d0191ca2.jpg?v=1&width=800,Damen,Damen,03/10/2026,https://eu.boden.com/products/damen-bikinioberteil-mit-rueschen-feuriges-korallenrot-s0482pin?tc_ch=display&tc_ve=ba&tc_so=tradedesk&tc_me=pp&tc_ca=bau,,,108,IN STOCK,,,Feuriges Korallenrot,,,,TRUE,TRUE
55165103,55165103,55165103,Bikinioberteil mit Rüschen Damen Boden,https://eu.boden.com/products/damen-bikinioberteil-mit-rueschen-navy-tupfen-auf-tupfen-s0482nav?tc_ch=display&tc_ve=ba&tc_so=tradedesk&tc_me=pp&tc_ca=bau,,,27.60,69.00,https://cdn.shopify.com/s/files/1/0680/4625/8428/files/26wsum_s0482_nav_m01_v1_7936d44a-56ff-4a2c-a204-e046e5c4eace.jpg?v=1&width=800,Damen,Damen,03/10/2026,https://eu.boden.com/products/damen-bikinioberteil-mit-rueschen-navy-tupfen-auf-tupfen-s0482nav?tc_ch=display&tc_ve=ba&tc_so=tradedesk&tc_me=pp&tc_ca=bau,,,162,IN STOCK,,,Navy Tupfen Auf Tupfen,,,,TRUE,TRUE
55189194,55189194,55189194,Pullover mit Matrosenkragen-GRÜN Damen Boden,https://eu.boden.com/products/damen-pullover-mit-matrosenkragen-gruen-k1271grn?tc_ch=display&tc_ve=ba&tc_so=tradedesk&tc_me=pp&tc_ca=bau,,,60.00,120.00,https://cdn.shopify.com/s/files/1/0680/4625/8428/files/26wsum_k1271_grn_m01_v1_50540bac-cfd7-46d9-b11d-4757c7d989dc.jpg?v=1&width=800,Damen,Damen,03/10/2026,https://eu.boden.com/products/damen-pullover-mit-matrosenkragen-gruen-k1271grn?tc_ch=display&tc_ve=ba&tc_so=tradedesk&tc_me=pp&tc_ca=bau,,,29,IN STOCK,,,Grün,,,,TRUE,TRUE
55190201,55190201,55190201,Schmal geschnittene Baumwollhose Damen Boden,https://eu.boden.com/products/damen-schmal-geschnittene-baumwollhose-schwarz-r0948blk?tc_ch=display&tc_ve=ba&tc_so=tradedesk&tc_me=pp&tc_ca=bau,,,110.00,110.00,https://cdn.shopify.com/s/files/1/0680/4625/8428/files/26wsum_r0948_blk_m01_v2_1ff56a61-5704-4293-9d38-1c9f0508bd02.jpg?v=1&width=800,Damen,Damen,03/10/2026,https://eu.boden.com/products/damen-schmal-geschnittene-baumwollhose-schwarz-r0948blk?tc_ch=display&tc_ve=ba&tc_so=tradedesk&tc_me=pp&tc_ca=bau,,,275,IN STOCK,,,Schwarz,,,,TRUE,TRUE
55179519,55179519,55179519,Sorrento Badeanzug mit Ring-Schärpe Damen Boden,https://eu.boden.com/products/damen-sorrento-badeanzug-mit-ring-schaerpe-schokobeere-s0481prp?tc_ch=display&tc_ve=ba&tc_so=tradedesk&tc_me=pp&tc_ca=bau,,,39.60,99.00,https://cdn.shopify.com/s/files/1/0680/4625/8428/files/26whsm_s0481_prp_m01_ab9699c9-dfc9-47dc-89da-fbe5c17d8a12.jpg?v=1&width=800,Damen,Damen,03/10/2026,https://eu.boden.com/products/damen-sorrento-badeanzug-mit-ring-schaerpe-schokobeere-s0481prp?tc_ch=display&tc_ve=ba&tc_so=tradedesk&tc_me=pp&tc_ca=bau,,,37,IN STOCK,,,Schokobeere,,,,TRUE,TRUE
55179229,55179229,55179229,Palazzo-Jeans mit hohem Bund Damen Boden,https://eu.boden.com/products/damen-palazzo-jeans-mit-hohem-bund-cappuccino-r0911brn?tc_ch=display&tc_ve=ba&tc_so=tradedesk&tc_me=pp&tc_ca=bau,,,75.00,150.00,https://cdn.shopify.com/s/files/1/0680/4625/8428/files/26wsum_r0911_brn_m01_59ef3f9c-41c1-4412-966c-ee74fd3ade6f.jpg?v=1&width=800,Damen,Damen,03/10/2026,https://eu.boden.com/products/damen-palazzo-jeans-mit-hohem-bund-cappuccino-r0911brn?tc_ch=display&tc_ve=ba&tc_so=tradedesk&tc_me=pp&tc_ca=bau,,,77,IN STOCK,,,Cappuccino,,,,TRUE,TRUE
55190210,55190210,55190210,Schmal geschnittene Baumwollhose Damen Boden,https://eu.boden.com/products/damen-schmal-geschnittene-baumwollhose-marineblau-r0948nav?tc_ch=display&tc_ve=ba&tc_so=tradedesk&tc_me=pp&tc_ca=bau,,,110.00,110.00,https://cdn.shopify.com/s/files/1/0680/4625/8428/files/26wsum_r0948_nav_m01_v1_d76d730e-9b09-47d5-9e9b-ad5ba1afe81b.jpg?v=1&width=800,Damen,Damen,03/10/2026,https://eu.boden.com/products/damen-schmal-geschnittene-baumwollhose-marineblau-r0948nav?tc_ch=display&tc_ve=ba&tc_so=tradedesk&tc_me=pp&tc_ca=bau,,,248,IN STOCK,,,Marineblau,,,,TRUE,TRUE
55182048,55182048,55182048,Minori Neckholder-Badeanzug zum Binden Damen Boden,https://eu.boden.com/products/damen-minori-neckholder-badeanzug-zum-binden-zimt-s0449brn?tc_ch=display&tc_ve=ba&tc_so=tradedesk&tc_me=pp&tc_ca=bau,,,110.00,110.00,https://cdn.shopify.com/s/files/1/0680/4625/8428/files/26wsum_s0449_brn_m01_f4453efd-08c4-4bb7-9c20-fd804a8f466b.jpg?v=1&width=800,Damen,Damen,03/10/2026,https://eu.boden.com/products/damen-minori-neckholder-badeanzug-zum-binden-zimt-s0449brn?tc_ch=display&tc_ve=ba&tc_so=tradedesk&tc_me=pp&tc_ca=bau,,,109,IN STOCK,,,Zimt,,,,TRUE,TRUE
55175075,55175075,55175075,Tilos Badeanzug mit seitlichem Bindeband Damen Boden,https://eu.boden.com/products/damen-tilos-badeanzug-mit-seitlichem-bindeband-mohnblumenrot-verwunschenes-paisleymuster-s0452red?tc_ch=display&tc_ve=ba&tc_so=tradedesk&tc_me=pp&tc_ca=bau,,,48.00,120.00,https://cdn.shopify.com/s/files/1/0680/4625/8428/files/26wsum_s0452_red_m01_79e1e689-d86e-4a09-9ce2-ecd072c7467f.jpg?v=1&width=800,Damen,Damen,03/10/2026,https://eu.boden.com/products/damen-tilos-badeanzug-mit-seitlichem-bindeband-mohnblumenrot-verwunschenes-paisleymuster-s0452red?tc_ch=display&tc_ve=ba&tc_so=tradedesk&tc_me=pp&tc_ca=bau,,,66,IN STOCK,,,"Mohnblumenrot, Verwunschenes Paisleymuster",,,,TRUE,TRUE
55201736,55201736,55201736,Tia Oberteil mit gerafftem V-Ausschnitt Damen Boden,https://eu.boden.com/products/damen-tia-oberteil-mit-gerafftem-v-ausschnitt-jagdgruen-t2151olv?tc_ch=display&tc_ve=ba&tc_so=tradedesk&tc_me=pp&tc_ca=bau,,,28.00,56.00,https://cdn.shopify.com/s/files/1/0680/4625/8428/files/26wsum_t2151_olv_m01_e0ac0d86-1ab2-41c5-a7a8-c8d6bcad3673.jpg?v=1&width=800,Damen,Damen,03/10/2026,https://eu.boden.com/products/damen-tia-oberteil-mit-gerafftem-v-ausschnitt-jagdgruen-t2151olv?tc_ch=display&tc_ve=ba&tc_so=tradedesk&tc_me=pp&tc_ca=bau,,,35,IN STOCK,,,Jagdgrün,,,,TRUE,TRUE
55201792,55201792,55201792,Tia Oberteil mit gerafftem V-Ausschnitt Damen Boden,https://eu.boden.com/products/damen-tia-oberteil-mit-gerafftem-v-ausschnitt-marineblau-t2151nvy?tc_ch=display&tc_ve=ba&tc_so=tradedesk&tc_me=pp&tc_ca=bau,,,56.00,56.00,https://cdn.shopify.com/s/files/1/0680/4625/8428/files/26wsum_t2151_nvy_m01_6846f8b6-1fb0-4922-9c96-31e6882b744d.jpg?v=1&width=800,Damen,Damen,03/10/2026,https://eu.boden.com/products/damen-tia-oberteil-mit-gerafftem-v-ausschnitt-marineblau-t2151nvy?tc_ch=display&tc_ve=ba&tc_so=tradedesk&tc_me=pp&tc_ca=bau,,,53,IN STOCK,,,Marineblau,,,,TRUE,TRUE
55165423,55165423,55165423,Porto Bikinihose Damen Boden,https://eu.boden.com/products/damen-porto-bikinihose-rosig-stickerei-s0410rus?tc_ch=display&tc_ve=ba&tc_so=tradedesk&tc_me=pp&tc_ca=bau,,,59.00,59.00,https://cdn.shopify.com/s/files/1/0680/4625/8428/files/26wsum_s0410_rus_m01_c4c77ce7-5d38-48df-bf5b-7443849e13da.jpg?v=1&width=800,Damen,Damen,03/10/2026,https://eu.boden.com/products/damen-porto-bikinihose-rosig-stickerei-s0410rus?tc_ch=display&tc_ve=ba&tc_so=tradedesk&tc_me=pp&tc_ca=bau,,,121,IN STOCK,,,"Rosig, Stickerei",,,,TRUE,TRUE
55176552,55176552,55176552,Kensington Leinenshorts Damen Boden,https://eu.boden.com/products/damen-kensington-leinenshorts-meeresdunst-blau-palmenparadies-r0902ble?tc_ch=display&tc_ve=ba&tc_so=tradedesk&tc_me=pp&tc_ca=bau,,,72.00,120.00,https://cdn.shopify.com/s/files/1/0680/4625/8428/files/26whsm_r0902_ble_m01_9db153f8-61c0-47dc-ae78-7e733b8ecc0a.jpg?v=1&width=800,Damen,Damen,03/10/2026,https://eu.boden.com/products/damen-kensington-leinenshorts-meeresdunst-blau-palmenparadies-r0902ble?tc_ch=display&tc_ve=ba&tc_so=tradedesk&tc_me=pp&tc_ca=bau,,,36,IN STOCK,,,"Meeresdunst-Blau, Palmenparadies",,,,TRUE,TRUE
55178255,55178255,55178255,Klassische Bikinihose mit umgeschlagenem Bund Damen Boden,https://eu.boden.com/products/damen-klassische-bikinihose-mit-umgeschlagenem-bund-dunkelgruen-paradies-s0154lgr?tc_ch=display&tc_ve=ba&tc_so=tradedesk&tc_me=pp&tc_ca=bau,,,59.00,59.00,https://cdn.shopify.com/s/files/1/0680/4625/8428/files/26whsm_s0154_lgr_m01.jpg?v=1&width=800,Damen,Damen,03/10/2026,https://eu.boden.com/products/damen-klassische-bikinihose-mit-umgeschlagenem-bund-dunkelgruen-paradies-s0154lgr?tc_ch=display&tc_ve=ba&tc_so=tradedesk&tc_me=pp&tc_ca=bau,,,47,IN STOCK,,,"Dunkelgrün, Paradies",,,,TRUE,TRUE
55182169,55182169,55182169,Flache Sandalen mit Schmucksteinen Damen Boden,https://eu.boden.com/products/damen-flache-sandalen-mit-schmucksteinen-gold-a2186gol?tc_ch=display&tc_ve=ba&tc_so=tradedesk&tc_me=pp&tc_ca=bau,,,72.00,180.00,https://cdn.shopify.com/s/files/1/0680/4625/8428/files/26whsm_a2186_gol_a6377206-633a-4842-a6e0-338f03db4c34.jpg?v=1&width=800,Damen,Damen,03/10/2026,https://eu.boden.com/products/damen-flache-sandalen-mit-schmucksteinen-gold-a2186gol?tc_ch=display&tc_ve=ba&tc_so=tradedesk&tc_me=pp&tc_ca=bau,,,23,IN STOCK,,,Gold,,,,TRUE,TRUE
55183061,55183061,55183061,Verzierte Sandalen mit Blockabsatz Damen Boden,https://eu.boden.com/products/damen-verzierte-sandalen-mit-blockabsatz-hellbraun-verziert-a2195mml?tc_ch=display&tc_ve=ba&tc_so=tradedesk&tc_me=pp&tc_ca=bau,,,96.00,240.00,https://cdn.shopify.com/s/files/1/0680/4625/8428/files/26whsm_a2195_mml_2c437041-74e5-48a7-afc5-4126b734bf98.jpg?v=1&width=800,Damen,Damen,03/10/2026,https://eu.boden.com/products/damen-verzierte-sandalen-mit-blockabsatz-hellbraun-verziert-a2195mml?tc_ch=display&tc_ve=ba&tc_so=tradedesk&tc_me=pp&tc_ca=bau,,,12,IN STOCK,,,Hellbraun Verziert,,,,TRUE,TRUE
55192493,55192493,55192493,Sarong mit Quasten Damen Boden,https://eu.boden.com/products/damen-sarong-mit-quasten-dunkelgruen-tiger-paradies-a2224gad?tc_ch=display&tc_ve=ba&tc_so=tradedesk&tc_me=pp&tc_ca=bau,,,31.60,79.00,https://cdn.shopify.com/s/files/1/0680/4625/8428/files/26whsm_a2224_gad_m01_dea5b91a-a34d-4a6c-ac9e-1e786bdc2c03.jpg?v=1&width=800,Damen,Damen,03/10/2026,https://eu.boden.com/products/damen-sarong-mit-quasten-dunkelgruen-tiger-paradies-a2224gad?tc_ch=display&tc_ve=ba&tc_so=tradedesk&tc_me=pp&tc_ca=bau,,,356,IN STOCK,,,"Dunkelgrün, Tiger Paradies",,,,TRUE,TRUE
55184868,55184868,55184868,Cary Kurzes Kleid mit V-Ausschnitt Damen Boden,https://eu.boden.com/products/damen-cary-kurzes-kleid-mit-v-ausschnitt-tiefes-blaugruen-d1637blu?tc_ch=display&tc_ve=ba&tc_so=tradedesk&tc_me=pp&tc_ca=bau,,,39.60,99.00,https://cdn.shopify.com/s/files/1/0680/4625/8428/files/26whsm_d1637_blu_m01_v2_ceac291b-0108-4b6d-9130-f3cda49d2055.jpg?v=1&width=800,Damen,Damen,03/10/2026,https://eu.boden.com/products/damen-cary-kurzes-kleid-mit-v-ausschnitt-tiefes-blaugruen-d1637blu?tc_ch=display&tc_ve=ba&tc_so=tradedesk&tc_me=pp&tc_ca=bau,,,125,IN STOCK,,,Tiefes Blaugrün,,,,TRUE,TRUE
55174821,55174821,55174821,Kleid aus Leinenmischgewebe mit Twistdetail vorne Damen Boden,https://eu.boden.com/products/damen-kleid-aus-leinenmischgewebe-mit-twistdetail-vorne-han-violett-bluehendes-blumenbeet-d1650lav?tc_ch=display&tc_ve=ba&tc_so=tradedesk&tc_me=pp&tc_ca=bau,,,95.00,190.00,https://cdn.shopify.com/s/files/1/0680/4625/8428/files/26whsm_d1650_lav_m01_82869409-1df6-450d-bf1d-f4999ce2c8f0.jpg?v=1&width=800,Damen,Damen,03/10/2026,https://eu.boden.com/products/damen-kleid-aus-leinenmischgewebe-mit-twistdetail-vorne-han-violett-bluehendes-blumenbeet-d1650lav?tc_ch=display&tc_ve=ba&tc_so=tradedesk&tc_me=pp&tc_ca=bau,,,55,IN STOCK,,,"Han Violett, Blühendes Blumenbeet",,,,TRUE,TRUE
55176221,55176221,55176221,Bestickte Leinenshorts Damen Boden,https://eu.boden.com/products/damen-bestickte-leinenshorts-rosa-pfingstrose-stickerei-r0922bpk?tc_ch=display&tc_ve=ba&tc_so=tradedesk&tc_me=pp&tc_ca=bau,,,90.00,150.00,https://cdn.shopify.com/s/files/1/0680/4625/8428/files/26whsm_r0922_bpk_m01_v1_08fa404a-4987-4ac5-81c4-873caf326015.jpg?v=1&width=800,Damen,Damen,03/10/2026,https://eu.boden.com/products/damen-bestickte-leinenshorts-rosa-pfingstrose-stickerei-r0922bpk?tc_ch=display&tc_ve=ba&tc_so=tradedesk&tc_me=pp&tc_ca=bau,,,39,IN STOCK,,,"Rosa Pfingstrose, Stickerei",,,,TRUE,TRUE
55201883,55201883,55201883,Tia Ärmelloses Jerseyoberteil mit Raffung Damen Boden,https://eu.boden.com/products/damen-tia-aermelloses-jerseyoberteil-mit-raffung-schwarz-t2150bla?tc_ch=display&tc_ve=ba&tc_so=tradedesk&tc_me=pp&tc_ca=bau,,,23.00,46.00,https://cdn.shopify.com/s/files/1/0680/4625/8428/files/26whsm_t2150_bla_m01_da34ec59-0cb4-4820-8c55-6f782a0446ae.jpg?v=1&width=800,Damen,Damen,03/10/2026,https://eu.boden.com/products/damen-tia-aermelloses-jerseyoberteil-mit-raffung-schwarz-t2150bla?tc_ch=display&tc_ve=ba&tc_so=tradedesk&tc_me=pp&tc_ca=bau,,,18,IN STOCK,,,Schwarz,,,,TRUE,TRUE
55181768,55181768,55181768,Geraffter Badeanzug zum Binden Damen Boden,https://eu.boden.com/products/damen-geraffter-badeanzug-zum-binden-heisse-schokolade-laubwirbel-s0480mbr?tc_ch=display&tc_ve=ba&tc_so=tradedesk&tc_me=pp&tc_ca=bau,,,48.00,120.00,https://cdn.shopify.com/s/files/1/0680/4625/8428/files/26whsm_s0480_mbr_m01_91e832cc-bb4a-444e-b5f9-0b60bb1996d2.jpg?v=1&width=800,Damen,Damen,03/10/2026,https://eu.boden.com/products/damen-geraffter-badeanzug-zum-binden-heisse-schokolade-laubwirbel-s0480mbr?tc_ch=display&tc_ve=ba&tc_so=tradedesk&tc_me=pp&tc_ca=bau,,,51,IN STOCK,,,"Heiße Schokolade, Laubwirbel",,,,TRUE,TRUE
55201735,55201735,55201735,Tia Ärmelloses Jerseyoberteil mit Raffung Damen Boden,https://eu.boden.com/products/damen-tia-aermelloses-jerseyoberteil-mit-raffung-weiss-t2150wht?tc_ch=display&tc_ve=ba&tc_so=tradedesk&tc_me=pp&tc_ca=bau,,,23.00,46.00,https://cdn.shopify.com/s/files/1/0680/4625/8428/files/26whsm_t2150_wht_m01_da163f3f-4e16-41b1-b259-2d805ad634aa.jpg?v=1&width=800,Damen,Damen,03/10/2026,https://eu.boden.com/products/damen-tia-aermelloses-jerseyoberteil-mit-raffung-weiss-t2150wht?tc_ch=display&tc_ve=ba&tc_so=tradedesk&tc_me=pp&tc_ca=bau,,,22,IN STOCK,,,Weiß,,,,TRUE,TRUE
55191933,55191933,55191933,Camilla Ballerinas mit Rüschendetail Damen Boden,https://eu.boden.com/products/damen-camilla-ballerinas-mit-rueschendetail-raue-umbra-wildleder-a2230ber?tc_ch=display&tc_ve=ba&tc_so=tradedesk&tc_me=pp&tc_ca=bau,,,150.00,150.00,https://cdn.shopify.com/s/files/1/0680/4625/8428/files/26waut_a2230_ber_6827d2fc-3b24-491a-a067-d522bfb0826f.jpg?v=1&width=800,Damen,Damen,03/10/2026,https://eu.boden.com/products/damen-camilla-ballerinas-mit-rueschendetail-raue-umbra-wildleder-a2230ber?tc_ch=display&tc_ve=ba&tc_so=tradedesk&tc_me=pp&tc_ca=bau,,,128,IN STOCK,,,Raue Umbra Wildleder,,,,TRUE,TRUE
55192151,55192151,55192151,Camilla Ballerinas mit Rüschendetail Damen Boden,https://eu.boden.com/products/damen-camilla-ballerinas-mit-rueschendetail-oxblood-a2230reo?tc_ch=display&tc_ve=ba&tc_so=tradedesk&tc_me=pp&tc_ca=bau,,,150.00,150.00,https://cdn.shopify.com/s/files/1/0680/4625/8428/files/26waut_a2230_reo.jpg?v=1&width=800,Damen,Damen,03/10/2026,https://eu.boden.com/products/damen-camilla-ballerinas-mit-rueschendetail-oxblood-a2230reo?tc_ch=display&tc_ve=ba&tc_so=tradedesk&tc_me=pp&tc_ca=bau,,,113,IN STOCK,,,Oxblood,,,,TRUE,TRUE
55181322,55181322,55181322,Sydney Jerseykleid mit gedrehtem Ausschnitt Damen Boden,https://eu.boden.com/products/damen-sydney-jerseykleid-mit-gedrehtem-ausschnitt-kraeftiges-rosa-strahlendes-paisleymuster-d1599pnk?tc_ch=display&tc_ve=ba&tc_so=tradedesk&tc_me=pp&tc_ca=bau,,,60.00,150.00,https://cdn.shopify.com/s/files/1/0680/4625/8428/files/26wsum_d1599_pnk_w01_c5340552-3adf-4990-ba98-befaa6affd50.jpg?v=1&width=800,Damen,Damen,03/10/2026,https://eu.boden.com/products/damen-sydney-jerseykleid-mit-gedrehtem-ausschnitt-kraeftiges-rosa-strahlendes-paisleymuster-d1599pnk?tc_ch=display&tc_ve=ba&tc_so=tradedesk&tc_me=pp&tc_ca=bau,,,162,IN STOCK,,,"Kräftiges Rosa, Strahlendes Paisleymuster",,,,TRUE,TRUE
55181263,55181263,55181263,Klassische Bikinihose Damen Boden,https://eu.boden.com/products/damen-klassische-bikinihose-rosa-paisley-s0197rus?tc_ch=display&tc_ve=ba&tc_so=tradedesk&tc_me=pp&tc_ca=bau,,,23.60,59.00,https://cdn.shopify.com/s/files/1/0680/4625/8428/files/26wsum_s0197_rus_w01_48a4541f-c552-40d6-9c44-171f6e47145a.jpg?v=1&width=800,Damen,Damen,03/10/2026,https://eu.boden.com/products/damen-klassische-bikinihose-rosa-paisley-s0197rus?tc_ch=display&tc_ve=ba&tc_so=tradedesk&tc_me=pp&tc_ca=bau,,,69,IN STOCK,,,Rosa Paisley,,,,TRUE,TRUE
55186996,55186996,55186996,Sorrento Badeanzug mit Ring-Schärpe Damen Boden,https://eu.boden.com/products/damen-sorrento-badeanzug-mit-ring-schaerpe-franzoesisches-marineblau-bluetengobelin-s0481nnv?tc_ch=display&tc_ve=ba&tc_so=tradedesk&tc_me=pp&tc_ca=bau,,,44.00,110.00,https://cdn.shopify.com/s/files/1/0680/4625/8428/files/26whsm_s0481_nnv_m01_b8891695-8305-4348-84cb-04107c205590.jpg?v=1&width=800,Damen,Damen,03/10/2026,https://eu.boden.com/products/damen-sorrento-badeanzug-mit-ring-schaerpe-franzoesisches-marineblau-bluetengobelin-s0481nnv?tc_ch=display&tc_ve=ba&tc_so=tradedesk&tc_me=pp&tc_ca=bau,,,14,IN STOCK,,,"Französisches Marineblau, Blütengobelin",,,,TRUE,TRUE
55210740,55210740,55210740,Geripptes Henley-Top aus Webmix Damen Boden,https://eu.boden.com/products/damen-geripptes-henley-top-aus-webmix-dunkles-olivgruen-t2215olv?tc_ch=display&tc_ve=ba&tc_so=tradedesk&tc_me=pp&tc_ca=bau,,,66.00,66.00,https://cdn.shopify.com/s/files/1/0680/4625/8428/files/26whsm_t2215_olv_m01_0fff754f-eed1-421d-a708-c99ab1837859.jpg?v=1&width=800,Damen,Damen,03/10/2026,https://eu.boden.com/products/damen-geripptes-henley-top-aus-webmix-dunkles-olivgruen-t2215olv?tc_ch=display&tc_ve=ba&tc_so=tradedesk&tc_me=pp&tc_ca=bau,,,22,IN STOCK,,,Dunkles Olivgrün,,,,TRUE,TRUE
55210775,55210775,55210775,Geripptes Henley-Top aus Webmix Damen Boden,https://eu.boden.com/products/damen-geripptes-henley-top-aus-webmix-weiss-t2215wht?tc_ch=display&tc_ve=ba&tc_so=tradedesk&tc_me=pp&tc_ca=bau,,,66.00,66.00,https://cdn.shopify.com/s/files/1/0680/4625/8428/files/26whsm_t2215_wht_m01_1fc1109e-6a20-480b-ac06-a0991116d85a.jpg?v=1&width=800,Damen,Damen,03/10/2026,https://eu.boden.com/products/damen-geripptes-henley-top-aus-webmix-weiss-t2215wht?tc_ch=display&tc_ve=ba&tc_so=tradedesk&tc_me=pp&tc_ca=bau,,,70,IN STOCK,,,Weiß,,,,TRUE,TRUE
55210969,55210969,55210969,Geripptes Henley-Top aus Webmix Damen Boden,https://eu.boden.com/products/damen-geripptes-henley-top-aus-webmix-bordeaux-t2215pur?tc_ch=display&tc_ve=ba&tc_so=tradedesk&tc_me=pp&tc_ca=bau,,,66.00,66.00,https://cdn.shopify.com/s/files/1/0680/4625/8428/files/26whsm_t2215_pur_m01.jpg?v=1&width=800,Damen,Damen,03/10/2026,https://eu.boden.com/products/damen-geripptes-henley-top-aus-webmix-bordeaux-t2215pur?tc_ch=display&tc_ve=ba&tc_so=tradedesk&tc_me=pp&tc_ca=bau,,,40,IN STOCK,,,Bordeaux,,,,TRUE,TRUE
55210536,55210536,55210536,Geripptes Henley-Top aus Webmix Damen Boden,https://eu.boden.com/products/damen-geripptes-henley-top-aus-webmix-marineblau-t2215nav?tc_ch=display&tc_ve=ba&tc_so=tradedesk&tc_me=pp&tc_ca=bau,,,66.00,66.00,https://cdn.shopify.com/s/files/1/0680/4625/8428/files/26whsm_t2215_nav_m01_b762fda8-eaf6-4a05-985c-3defdd4e3fe8.jpg?v=1&width=800,Damen,Damen,03/10/2026,https://eu.boden.com/products/damen-geripptes-henley-top-aus-webmix-marineblau-t2215nav?tc_ch=display&tc_ve=ba&tc_so=tradedesk&tc_me=pp&tc_ca=bau,,,97,IN STOCK,,,Marineblau,,,,TRUE,TRUE
55179352,55179352,55179352,Salisbury Jacke mit Puffärmeln Damen Boden,https://eu.boden.com/products/damen-salisbury-jacke-mit-puffaermeln-naturweiss-frische-gruene-streifen-u0455grn?tc_ch=display&tc_ve=ba&tc_so=tradedesk&tc_me=pp&tc_ca=bau,,,92.00,230.00,https://cdn.shopify.com/s/files/1/0680/4625/8428/files/26whsm_u0455_grn_m01_c9a5cf26-c09e-45da-80ab-726be825738a.jpg?v=1&width=800,Damen,Damen,03/10/2026,https://eu.boden.com/products/damen-salisbury-jacke-mit-puffaermeln-naturweiss-frische-gruene-streifen-u0455grn?tc_ch=display&tc_ve=ba&tc_so=tradedesk&tc_me=pp&tc_ca=bau,,,79,IN STOCK,,,"Naturweiß, Frische Grüne Streifen",,,,TRUE,TRUE
55221117,55221117,55221117,Elisabeth Quadratischer Seidenschal Damen Boden,https://eu.boden.com/products/damen-elisabeth-quadratischer-seidenschal-gepard-pop-a1592mah?tc_ch=display&tc_ve=ba&tc_so=tradedesk&tc_me=pp&tc_ca=bau,,,99.00,99.00,https://cdn.shopify.com/s/files/1/0680/4625/8428/files/26whsm_a1592_mah_9b4b9a4e-43b1-4d89-a3b8-88a7ae20a34a.jpg?v=1&width=800,Damen,Damen,03/10/2026,https://eu.boden.com/products/damen-elisabeth-quadratischer-seidenschal-gepard-pop-a1592mah?tc_ch=display&tc_ve=ba&tc_so=tradedesk&tc_me=pp&tc_ca=bau,,,275,IN STOCK,,,Gepard-Pop,,,,TRUE,TRUE
55215387,55215387,55215387,Hope Slingbacks mit Absatz Damen Boden,https://eu.boden.com/products/damen-hope-slingbacks-mit-absatz-macchiato-wildleder-a2233neu?tc_ch=display&tc_ve=ba&tc_so=tradedesk&tc_me=pp&tc_ca=bau,,,170.00,170.00,https://cdn.shopify.com/s/files/1/0680/4625/8428/files/26waut_a2233_neu_fc790b2e-6a3d-48e5-84cd-54029ad2d05a.jpg?v=1&width=800,Damen,Damen,03/10/2026,https://eu.boden.com/products/damen-hope-slingbacks-mit-absatz-macchiato-wildleder-a2233neu?tc_ch=display&tc_ve=ba&tc_so=tradedesk&tc_me=pp&tc_ca=bau,,,24,IN STOCK,,,Macchiato Wildleder,,,,TRUE,TRUE
55192474,55192474,55192474,"Superweiche, flexible Loafer Damen Boden",https://eu.boden.com/products/damen-superweiche-flexible-loafer-oxblood-a2219eld?tc_ch=display&tc_ve=ba&tc_so=tradedesk&tc_me=pp&tc_ca=bau,,,150.00,150.00,https://cdn.shopify.com/s/files/1/0680/4625/8428/files/26waut_a2219_eld_b90d4d68-be0a-44d1-9e97-db4c31283411.jpg?v=1&width=800,Damen,Damen,03/10/2026,https://eu.boden.com/products/damen-superweiche-flexible-loafer-oxblood-a2219eld?tc_ch=display&tc_ve=ba&tc_so=tradedesk&tc_me=pp&tc_ca=bau,,,200,IN STOCK,,,Oxblood,,,,TRUE,TRUE
55211984,55211984,55211984,Zehenstegsandalen mit Kitten-Absatz Damen Boden,https://eu.boden.com/products/damen-zehenstegsandalen-mit-kitten-absatz-gold-a2222gol?tc_ch=display&tc_ve=ba&tc_so=tradedesk&tc_me=pp&tc_ca=bau,,,72.00,180.00,https://cdn.shopify.com/s/files/1/0680/4625/8428/files/26waut_a2222_gol_e7ca179e-35df-411c-bc6a-7e58823ad03f.jpg?v=1&width=800,Damen,Damen,03/10/2026,https://eu.boden.com/products/damen-zehenstegsandalen-mit-kitten-absatz-gold-a2222gol?tc_ch=display&tc_ve=ba&tc_so=tradedesk&tc_me=pp&tc_ca=bau,,,6,IN STOCK,,,Gold,,,,TRUE,TRUE
55193168,55193168,55193168,Jeansshorts mit Faltendetail vorn Damen Boden,https://eu.boden.com/products/damen-jeansshorts-mit-faltendetail-vorn-bunt-r0927str?tc_ch=display&tc_ve=ba&tc_so=tradedesk&tc_me=pp&tc_ca=bau,,,39.60,99.00,https://cdn.shopify.com/s/files/1/0680/4625/8428/files/26whsm_r0927_str_m01_1cd29bf3-2c9b-4129-8e45-e98c2183982c.jpg?v=1&width=800,Damen,Damen,03/10/2026,https://eu.boden.com/products/damen-jeansshorts-mit-faltendetail-vorn-bunt-r0927str?tc_ch=display&tc_ve=ba&tc_so=tradedesk&tc_me=pp&tc_ca=bau,,,27,IN STOCK,,,Bunt,,,,TRUE,TRUE
55215766,55215766,55215766,Canonbury 7/8-Hose aus Baumwolle Damen Boden,https://eu.boden.com/products/damen-canonbury-7-8-hose-aus-baumwolle-camel-blau-vichykaro-r0992blu?tc_ch=display&tc_ve=ba&tc_so=tradedesk&tc_me=pp&tc_ca=bau,,,60.00,150.00,https://cdn.shopify.com/s/files/1/0680/4625/8428/files/26waut_r0992_blu_m01_b0f729ec-4cbe-498f-a986-c76e349d5681.jpg?v=1&width=800,Damen,Damen,03/10/2026,https://eu.boden.com/products/damen-canonbury-7-8-hose-aus-baumwolle-camel-blau-vichykaro-r0992blu?tc_ch=display&tc_ve=ba&tc_so=tradedesk&tc_me=pp&tc_ca=bau,,,38,IN STOCK,,,"Camel, Blau Vichykaro",,,,TRUE,TRUE
55214790,55214790,55214790,Dartmouth Baumwollblazer Damen Boden,https://eu.boden.com/products/damen-dartmouth-baumwollblazer-camel-blau-vichykaro-u0466mbl?tc_ch=display&tc_ve=ba&tc_so=tradedesk&tc_me=pp&tc_ca=bau,,,105.00,210.00,https://cdn.shopify.com/s/files/1/0680/4625/8428/files/26waut_u0466_mbl_m01_0285bc69-47e5-4a4d-8e44-51c6adbb4515.jpg?v=1&width=800,Damen,Damen,03/10/2026,https://eu.boden.com/products/damen-dartmouth-baumwollblazer-camel-blau-vichykaro-u0466mbl?tc_ch=display&tc_ve=ba&tc_so=tradedesk&tc_me=pp&tc_ca=bau,,,25,IN STOCK,,,"Camel, Blau Vichykaro",,,,TRUE,TRUE
55196703,55196703,55196703,Ponte-Midikleid mit Steppnaht Damen Boden,https://eu.boden.com/products/damen-ponte-midikleid-mit-steppnaht-marineblau-d1763nav?tc_ch=display&tc_ve=ba&tc_so=tradedesk&tc_me=pp&tc_ca=bau,,,102.00,170.00,https://cdn.shopify.com/s/files/1/0680/4625/8428/files/26waut_d1763_nav_m01_v2_06161750-7328-475e-9321-6ce02aca4840.jpg?v=1&width=800,Damen,Damen,03/10/2026,https://eu.boden.com/products/damen-ponte-midikleid-mit-steppnaht-marineblau-d1763nav?tc_ch=display&tc_ve=ba&tc_so=tradedesk&tc_me=pp&tc_ca=bau,,,8,IN STOCK,,,Marineblau,,,,TRUE,TRUE
55202815,55202815,55202815,Kurzes Ponte-Kleid mit Faltendetails Damen Boden,https://eu.boden.com/products/damen-kurzes-ponte-kleid-mit-faltendetails-marineblau-d1732nvy?tc_ch=display&tc_ve=ba&tc_so=tradedesk&tc_me=pp&tc_ca=bau,,,70.00,140.00,https://cdn.shopify.com/s/files/1/0680/4625/8428/files/26waut_d1732_nvy_m01_aa091777-b277-4c27-bc78-f920ecb15016.jpg?v=1&width=800,Damen,Damen,03/10/2026,https://eu.boden.com/products/damen-kurzes-ponte-kleid-mit-faltendetails-marineblau-d1732nvy?tc_ch=display&tc_ve=ba&tc_so=tradedesk&tc_me=pp&tc_ca=bau,,,124,IN STOCK,,,Marineblau,,,,TRUE,TRUE
55203496,55203496,55203496,Sienna Verkürztes Baumwollhemd Damen Boden,https://eu.boden.com/products/damen-sienna-verkuerztes-baumwollhemd-camel-blau-vichykaro-t2167chk?tc_ch=display&tc_ve=ba&tc_so=tradedesk&tc_me=pp&tc_ca=bau,,,99.00,99.00,https://cdn.shopify.com/s/files/1/0680/4625/8428/files/26waut_t2167_chk_m01.jpg?v=1&width=800,Damen,Damen,03/10/2026,https://eu.boden.com/products/damen-sienna-verkuerztes-baumwollhemd-camel-blau-vichykaro-t2167chk?tc_ch=display&tc_ve=ba&tc_so=tradedesk&tc_me=pp&tc_ca=bau,,,22,IN STOCK,,,"Camel, Blau Vichykaro",,,,TRUE,TRUE
55230684,55230684,55230684,Geschwungene Creolen aus Kunstharz Damen Boden,https://eu.boden.com/products/damen-geschwungene-creolen-aus-kunstharz-braun-schildpattmuster-a2340lbr?tc_ch=display&tc_ve=ba&tc_so=tradedesk&tc_me=pp&tc_ca=bau,,,39.20,56.00,https://cdn.shopify.com/s/files/1/0680/4625/8428/files/26waut_a2340_lbr_v1_7d414c83-3a80-40d1-af75-554721d57526.jpg?v=1&width=800,Damen,Damen,03/10/2026,https://eu.boden.com/products/damen-geschwungene-creolen-aus-kunstharz-braun-schildpattmuster-a2340lbr?tc_ch=display&tc_ve=ba&tc_so=tradedesk&tc_me=pp&tc_ca=bau,,,140,IN STOCK,,,"Braun, Schildpattmuster",,,,TRUE,TRUE
55230624,55230624,55230624,Halskette mit Liebesschloss Damen Boden,https://eu.boden.com/products/damen-halskette-mit-liebesschloss-gold-a2338gld?tc_ch=display&tc_ve=ba&tc_so=tradedesk&tc_me=pp&tc_ca=bau,,,21.50,43.00,https://cdn.shopify.com/s/files/1/0680/4625/8428/files/26waut_a2338_gld_v1.jpg?v=1&width=800,Damen,Damen,03/10/2026,https://eu.boden.com/products/damen-halskette-mit-liebesschloss-gold-a2338gld?tc_ch=display&tc_ve=ba&tc_so=tradedesk&tc_me=pp&tc_ca=bau,,,14,IN STOCK,,,Gold,,,,TRUE,TRUE
55211405,55211405,55211405,Aya Ponte-Rock Damen Boden,https://eu.boden.com/products/damen-aya-ponte-rock-marineblau-r0953nav?tc_ch=display&tc_ve=ba&tc_so=tradedesk&tc_me=pp&tc_ca=bau,,,140.00,140.00,https://cdn.shopify.com/s/files/1/0680/4625/8428/files/26waut_r0953_nav_m01_72edd085-d3e0-4d4c-8d41-61e95f9b5b19.jpg?v=1&width=800,Damen,Damen,03/10/2026,https://eu.boden.com/products/damen-aya-ponte-rock-marineblau-r0953nav?tc_ch=display&tc_ve=ba&tc_so=tradedesk&tc_me=pp&tc_ca=bau,,,40,IN STOCK,,,Marineblau,,,,TRUE,TRUE
55213848,55213848,55213848,Mayfair Hose mit Bundfalte Damen Boden,https://eu.boden.com/products/damen-mayfair-hose-mit-bundfalte-braun-orange-r0966brn?tc_ch=display&tc_ve=ba&tc_so=tradedesk&tc_me=pp&tc_ca=bau,,,90.00,150.00,https://cdn.shopify.com/s/files/1/0680/4625/8428/files/26waut_r0966_brn_m01_v1.jpg?v=1&width=800,Damen,Damen,03/10/2026,https://eu.boden.com/products/damen-mayfair-hose-mit-bundfalte-braun-orange-r0966brn?tc_ch=display&tc_ve=ba&tc_so=tradedesk&tc_me=pp&tc_ca=bau,,,39,IN STOCK,,,Braun-Orange,,,,TRUE,TRUE
55212118,55212118,55212118,Weste aus Milano-Strick mit Rundhalsausschnitt Damen Boden,https://eu.boden.com/products/damen-weste-aus-milano-strick-mit-rundhalsausschnitt-naturweiss-k1349ivo?tc_ch=display&tc_ve=ba&tc_so=tradedesk&tc_me=pp&tc_ca=bau,,,70.00,140.00,https://cdn.shopify.com/s/files/1/0680/4625/8428/files/26waut_k1349_ivo_m01_v1.jpg?v=1&width=800,Damen,Damen,03/10/2026,https://eu.boden.com/products/damen-weste-aus-milano-strick-mit-rundhalsausschnitt-naturweiss-k1349ivo?tc_ch=display&tc_ve=ba&tc_so=tradedesk&tc_me=pp&tc_ca=bau,,,48,IN STOCK,,,Naturweiß,,,,TRUE,TRUE
55200357,55200357,55200357,Phoebe Strickjacke mit Kragen Damen Boden,https://eu.boden.com/products/damen-phoebe-strickjacke-mit-kragen-marineblau-k1296nav?tc_ch=display&tc_ve=ba&tc_so=tradedesk&tc_me=pp&tc_ca=bau,,,180.00,180.00,https://cdn.shopify.com/s/files/1/0680/4625/8428/files/26waut_k1296_nav_m01_v1_82fe7b3c-7466-4593-9a35-9bcebbd707d1.jpg?v=1&width=800,Damen,Damen,03/10/2026,https://eu.boden.com/products/damen-phoebe-strickjacke-mit-kragen-marineblau-k1296nav?tc_ch=display&tc_ve=ba&tc_so=tradedesk&tc_me=pp&tc_ca=bau,,,152,IN STOCK,,,Marineblau,,,,TRUE,TRUE
55200307,55200307,55200307,Das neue Sienna Baumwollhemd Damen Boden,https://eu.boden.com/products/damen-das-neue-sienna-baumwollhemd-oxford-blau-t2164mbl?tc_ch=display&tc_ve=ba&tc_so=tradedesk&tc_me=pp&tc_ca=bau,,,79.00,79.00,https://cdn.shopify.com/s/files/1/0680/4625/8428/files/26waut_t2164_mbl_m04_v1_2a0f595c-7c74-4b23-9b77-e798d008308a.jpg?v=1&width=800,Damen,Damen,03/10/2026,https://eu.boden.com/products/damen-das-neue-sienna-baumwollhemd-oxford-blau-t2164mbl?tc_ch=display&tc_ve=ba&tc_so=tradedesk&tc_me=pp&tc_ca=bau,,,295,IN STOCK,,,Oxford-Blau,,,,TRUE,TRUE
55208056,55208056,55208056,Camilla Baumwollpullover mit Rundhalsausschnitt Damen Boden,https://eu.boden.com/products/damen-camilla-baumwollpullover-mit-rundhalsausschnitt-waldgruen-k1280flr?tc_ch=display&tc_ve=ba&tc_so=tradedesk&tc_me=pp&tc_ca=bau,,,86.00,86.00,https://cdn.shopify.com/s/files/1/0680/4625/8428/files/26whsm_k1280_flr_m06_8ab794cb-3752-459f-92b9-ee84601eb8e6.jpg?v=1&width=800,Damen,Damen,03/10/2026,https://eu.boden.com/products/damen-camilla-baumwollpullover-mit-rundhalsausschnitt-waldgruen-k1280flr?tc_ch=display&tc_ve=ba&tc_so=tradedesk&tc_me=pp&tc_ca=bau,,,284,IN STOCK,,,Waldgrün,,,,TRUE,TRUE
55214041,55214041,55214041,Jasmin Gerafftes Jerseykleid Damen Boden,https://eu.boden.com/products/damen-jasmin-gerafftes-jerseykleid-suesskirsche-streublumen-d1764red?tc_ch=display&tc_ve=ba&tc_so=tradedesk&tc_me=pp&tc_ca=bau,,,70.00,140.00,https://cdn.shopify.com/s/files/1/0680/4625/8428/files/26waut_d1764_red_w01_v1_d71df68c-90d6-44d6-9d93-f2a7a649d99b.jpg?v=1&width=800,Damen,Damen,03/10/2026,https://eu.boden.com/products/damen-jasmin-gerafftes-jerseykleid-suesskirsche-streublumen-d1764red?tc_ch=display&tc_ve=ba&tc_so=tradedesk&tc_me=pp&tc_ca=bau,,,21,IN STOCK,,,"Süßkirsche, Streublumen",,,,TRUE,TRUE
55213246,55213246,55213246,Val Midi-Jeansrock mit Knöpfen Damen Boden,https://eu.boden.com/products/damen-val-midi-jeansrock-mit-knoepfen-indigo-r0955ldn?tc_ch=display&tc_ve=ba&tc_so=tradedesk&tc_me=pp&tc_ca=bau,,,150.00,150.00,https://cdn.shopify.com/s/files/1/0680/4625/8428/files/26waut_r0955_ldn_m01_0ba8b7af-2d50-41b4-8ed2-9301e6200089.jpg?v=1&width=800,Damen,Damen,03/10/2026,https://eu.boden.com/products/damen-val-midi-jeansrock-mit-knoepfen-indigo-r0955ldn?tc_ch=display&tc_ve=ba&tc_so=tradedesk&tc_me=pp&tc_ca=bau,,,35,IN STOCK,,,Indigo,,,,TRUE,TRUE
55202842,55202842,55202842,Belgravia Ponte-Hose Damen Boden,https://eu.boden.com/products/damen-belgravia-ponte-hose-waldgruen-r0814khk?tc_ch=display&tc_ve=ba&tc_so=tradedesk&tc_me=pp&tc_ca=bau,,,120.00,120.00,https://cdn.shopify.com/s/files/1/0680/4625/8428/files/26waut_r0814_khk_m01_37bd3e44-e1ff-4d1b-8440-c46196ce9417.jpg?v=1&width=800,Damen,Damen,03/10/2026,https://eu.boden.com/products/damen-belgravia-ponte-hose-waldgruen-r0814khk?tc_ch=display&tc_ve=ba&tc_so=tradedesk&tc_me=pp&tc_ca=bau,,,218,IN STOCK,,,Waldgrün,,,,TRUE,TRUE
55194720,55194720,55194720,Adele Jerseykleid mit Gürtel Damen Boden,https://eu.boden.com/products/damen-adele-jerseykleid-mit-guertel-umbra-arabeske-wiesen-d1759pnt?tc_ch=display&tc_ve=ba&tc_so=tradedesk&tc_me=pp&tc_ca=bau,,,60.00,120.00,https://cdn.shopify.com/s/files/1/0680/4625/8428/files/26waut_d1759_pnt_w01_v1_8be46a4c-4950-46e7-97f9-b512a1006c98.jpg?v=1&width=800,Damen,Damen,03/10/2026,https://eu.boden.com/products/damen-adele-jerseykleid-mit-guertel-umbra-arabeske-wiesen-d1759pnt?tc_ch=display&tc_ve=ba&tc_so=tradedesk&tc_me=pp&tc_ca=bau,,,10,IN STOCK,,,"Umbra, Arabeske Wiesen",,,,TRUE,TRUE
55193525,55193525,55193525,Briony Kurzes Jerseykleid Damen Boden,https://eu.boden.com/products/damen-briony-kurzes-jerseykleid-franzoesisches-marineblau-streublumen-d1760nvy?tc_ch=display&tc_ve=ba&tc_so=tradedesk&tc_me=pp&tc_ca=bau,,,74.25,99.00,https://cdn.shopify.com/s/files/1/0680/4625/8428/files/26waut_d1760_nvy_m04_fdbe5279-b95a-43c1-af72-57b7f84180eb.jpg?v=1&width=800,Damen,Damen,03/10/2026,https://eu.boden.com/products/damen-briony-kurzes-jerseykleid-franzoesisches-marineblau-streublumen-d1760nvy?tc_ch=display&tc_ve=ba&tc_so=tradedesk&tc_me=pp&tc_ca=bau,,,8,IN STOCK,,,"Französisches Marineblau, Streublumen",,,,TRUE,TRUE
55208047,55208047,55208047,Camilla Baumwollpullover mit Rundhalsausschnitt Damen Boden,https://eu.boden.com/products/damen-camilla-baumwollpullover-mit-rundhalsausschnitt-marineblau-k1280nav?tc_ch=display&tc_ve=ba&tc_so=tradedesk&tc_me=pp&tc_ca=bau,,,86.00,86.00,https://cdn.shopify.com/s/files/1/0680/4625/8428/files/26whsm_k1280_nav_m05_55797a9e-828e-44b4-ab1c-302fa8465152.jpg?v=1&width=800,Damen,Damen,03/10/2026,https://eu.boden.com/products/damen-camilla-baumwollpullover-mit-rundhalsausschnitt-marineblau-k1280nav?tc_ch=display&tc_ve=ba&tc_so=tradedesk&tc_me=pp&tc_ca=bau,,,599,IN STOCK,,,Marineblau,,,,TRUE,TRUE
55212507,55212507,55212507,Geripptes Baumwoll-T-Shirt Damen Boden,https://eu.boden.com/products/damen-geripptes-baumwoll-t-shirt-dunkles-olivgruen-und-naturweiss-streifen-t2159grn?tc_ch=display&tc_ve=ba&tc_so=tradedesk&tc_me=pp&tc_ca=bau,,,43.00,43.00,https://cdn.shopify.com/s/files/1/0680/4625/8428/files/26waut_t2159_grn_m01_bbd76b06-ac9b-49f9-8e42-6062a3267548.jpg?v=1&width=800,Damen,Damen,03/10/2026,https://eu.boden.com/products/damen-geripptes-baumwoll-t-shirt-dunkles-olivgruen-und-naturweiss-streifen-t2159grn?tc_ch=display&tc_ve=ba&tc_so=tradedesk&tc_me=pp&tc_ca=bau,,,71,IN STOCK,,,Dunkles Olivgrün und Naturweiß Streifen,,,,TRUE,TRUE
55212255,55212255,55212255,Geripptes Baumwoll-T-Shirt Damen Boden,https://eu.boden.com/products/damen-geripptes-baumwoll-t-shirt-weiss-t2159wht?tc_ch=display&tc_ve=ba&tc_so=tradedesk&tc_me=pp&tc_ca=bau,,,43.00,43.00,https://cdn.shopify.com/s/files/1/0680/4625/8428/files/26waut_t2159_wht_m01_8dd81fc7-be4f-48eb-b1f4-4a1e31ef7890.jpg?v=1&width=800,Damen,Damen,03/10/2026,https://eu.boden.com/products/damen-geripptes-baumwoll-t-shirt-weiss-t2159wht?tc_ch=display&tc_ve=ba&tc_so=tradedesk&tc_me=pp&tc_ca=bau,,,114,IN STOCK,,,Weiß,,,,TRUE,TRUE
55203018,55203018,55203018,Erica Denim-Oberteil mit Rüschen Damen Boden,https://eu.boden.com/products/damen-erica-denim-oberteil-mit-rueschen-medium-vintage-t2185den?tc_ch=display&tc_ve=ba&tc_so=tradedesk&tc_me=pp&tc_ca=bau,,,99.00,99.00,https://cdn.shopify.com/s/files/1/0680/4625/8428/files/26waut_t2185_den_m01_v1.jpg?v=1&width=800,Damen,Damen,03/10/2026,https://eu.boden.com/products/damen-erica-denim-oberteil-mit-rueschen-medium-vintage-t2185den?tc_ch=display&tc_ve=ba&tc_so=tradedesk&tc_me=pp&tc_ca=bau,,,93,IN STOCK,,,Medium Vintage,,,,TRUE,TRUE
55205958,55205958,55205958,Jerseyhemd mit Ziernähten Damen Boden,https://eu.boden.com/products/damen-jerseyhemd-mit-ziernaehten-rosa-heide-t2147pnt?tc_ch=display&tc_ve=ba&tc_so=tradedesk&tc_me=pp&tc_ca=bau,,,76.00,76.00,https://cdn.shopify.com/s/files/1/0680/4625/8428/files/26waut_t2147_pnt_m01_596b1ef8-7c68-487f-bf61-8026e4e1d419.jpg?v=1&width=800,Damen,Damen,03/10/2026,https://eu.boden.com/products/damen-jerseyhemd-mit-ziernaehten-rosa-heide-t2147pnt?tc_ch=display&tc_ve=ba&tc_so=tradedesk&tc_me=pp&tc_ca=bau,,,36,IN STOCK,,,Rosa Heide,,,,TRUE,TRUE
55208333,55208333,55208333,Camilla Baumwollstrickjacke mit Rundhalsausschnitt Damen Boden,https://eu.boden.com/products/damen-camilla-baumwollstrickjacke-mit-rundhalsausschnitt-marineblau-k1281nav?tc_ch=display&tc_ve=ba&tc_so=tradedesk&tc_me=pp&tc_ca=bau,,,99.00,99.00,https://cdn.shopify.com/s/files/1/0680/4625/8428/files/26waut_k1281_nav_m01_3e48b61e-dfba-4b1d-928c-e6e94f13dafb.jpg?v=1&width=800,Damen,Damen,03/10/2026,https://eu.boden.com/products/damen-camilla-baumwollstrickjacke-mit-rundhalsausschnitt-marineblau-k1281nav?tc_ch=display&tc_ve=ba&tc_so=tradedesk&tc_me=pp&tc_ca=bau,,,794,IN STOCK,,,Marineblau,,,,TRUE,TRUE
55197934,55197934,55197934,Twill-Weste mit Schößchen Damen Boden,https://eu.boden.com/products/damen-twill-weste-mit-schoesschen-indigo-u0468blu?tc_ch=display&tc_ve=ba&tc_so=tradedesk&tc_me=pp&tc_ca=bau,,,90.00,150.00,https://cdn.shopify.com/s/files/1/0680/4625/8428/files/26waut_u0468_blu_m01.jpg?v=1&width=800,Damen,Damen,03/10/2026,https://eu.boden.com/products/damen-twill-weste-mit-schoesschen-indigo-u0468blu?tc_ch=display&tc_ve=ba&tc_so=tradedesk&tc_me=pp&tc_ca=bau,,,21,IN STOCK,,,Indigo,,,,TRUE,TRUE
55198489,55198489,55198489,Greenwich Ponte-Hose mit Kordelzug Damen Boden,https://eu.boden.com/products/damen-greenwich-ponte-hose-mit-kordelzug-marineblau-r1011nav?tc_ch=display&tc_ve=ba&tc_so=tradedesk&tc_me=pp&tc_ca=bau,,,56.00,140.00,https://cdn.shopify.com/s/files/1/0680/4625/8428/files/26waut_r1011_nav_m01_785ec11e-1755-49c9-87cf-f9fbb3441589.jpg?v=1&width=800,Damen,Damen,03/10/2026,https://eu.boden.com/products/damen-greenwich-ponte-hose-mit-kordelzug-marineblau-r1011nav?tc_ch=display&tc_ve=ba&tc_so=tradedesk&tc_me=pp&tc_ca=bau,,,42,IN STOCK,,,Marineblau,,,,TRUE,TRUE
55197136,55197136,55197136,Kleid mit Knopfleiste vorn und Ziernaht Damen Boden,https://eu.boden.com/products/damen-kleid-mit-knopfleiste-vorn-und-ziernaht-braun-orange-d1761brn?tc_ch=display&tc_ve=ba&tc_so=tradedesk&tc_me=pp&tc_ca=bau,,,90.00,180.00,https://cdn.shopify.com/s/files/1/0680/4625/8428/files/26waut_d1761_brn_m01_faceb3cb-7622-4461-8a46-63c215fa3db9.jpg?v=1&width=800,Damen,Damen,03/10/2026,https://eu.boden.com/products/damen-kleid-mit-knopfleiste-vorn-und-ziernaht-braun-orange-d1761brn?tc_ch=display&tc_ve=ba&tc_so=tradedesk&tc_me=pp&tc_ca=bau,,,34,IN STOCK,,,Braun-Orange,,,,TRUE,TRUE
55195310,55195310,55195310,Ponte-Midikleid mit Steppnaht Damen Boden,https://eu.boden.com/products/damen-ponte-midikleid-mit-steppnaht-granatapfel-d1763dpk?tc_ch=display&tc_ve=ba&tc_so=tradedesk&tc_me=pp&tc_ca=bau,,,68.00,170.00,https://cdn.shopify.com/s/files/1/0680/4625/8428/files/26waut_d1763_dpk_m01_61e91612-63cc-4aea-beba-114ac30a7bb2.jpg?v=1&width=800,Damen,Damen,03/10/2026,https://eu.boden.com/products/damen-ponte-midikleid-mit-steppnaht-granatapfel-d1763dpk?tc_ch=display&tc_ve=ba&tc_so=tradedesk&tc_me=pp&tc_ca=bau,,,48,IN STOCK,,,Granatapfel,,,,TRUE,TRUE
55208728,55208728,55208728,Camilla Baumwollpullover mit Rundhalsausschnitt Damen Boden,https://eu.boden.com/products/damen-camilla-baumwollpullover-mit-rundhalsausschnitt-kastanienbraun-zebra-swirl-motiv-k1280lrd?tc_ch=display&tc_ve=ba&tc_so=tradedesk&tc_me=pp&tc_ca=bau,,,49.50,99.00,https://cdn.shopify.com/s/files/1/0680/4625/8428/files/26waut_k1280_lrd_m01.jpg?v=1&width=800,Damen,Damen,03/10/2026,https://eu.boden.com/products/damen-camilla-baumwollpullover-mit-rundhalsausschnitt-kastanienbraun-zebra-swirl-motiv-k1280lrd?tc_ch=display&tc_ve=ba&tc_so=tradedesk&tc_me=pp&tc_ca=bau,,,55,IN STOCK,,,"Kastanienbraun, Zebra Swirl-Motiv",,,,TRUE,TRUE
55196502,55196502,55196502,Rhianne Baumwollpullover aus Rippstrick Damen Boden,https://eu.boden.com/products/damen-rhianne-baumwollpullover-aus-rippstrick-marineblau-k1277nav?tc_ch=display&tc_ve=ba&tc_so=tradedesk&tc_me=pp&tc_ca=bau,,,49.50,99.00,https://cdn.shopify.com/s/files/1/0680/4625/8428/files/26waut_k1277_nav_m02_22c75082-0916-4670-a196-0690bb994222.jpg?v=1&width=800,Damen,Damen,03/10/2026,https://eu.boden.com/products/damen-rhianne-baumwollpullover-aus-rippstrick-marineblau-k1277nav?tc_ch=display&tc_ve=ba&tc_so=tradedesk&tc_me=pp&tc_ca=bau,,,17,IN STOCK,,,Marineblau,,,,TRUE,TRUE
55213552,55213552,55213552,Jasmin Gerafftes Jerseykleid Damen Boden,https://eu.boden.com/products/damen-jasmin-gerafftes-jerseykleid-schwarz-d1764blk?tc_ch=display&tc_ve=ba&tc_so=tradedesk&tc_me=pp&tc_ca=bau,,,120.00,120.00,https://cdn.shopify.com/s/files/1/0680/4625/8428/files/26waut_d1764_blk_m01_37e98fc8-c893-4fa7-8f50-841749968437.jpg?v=1&width=800,Damen,Damen,03/10/2026,https://eu.boden.com/products/damen-jasmin-gerafftes-jerseykleid-schwarz-d1764blk?tc_ch=display&tc_ve=ba&tc_so=tradedesk&tc_me=pp&tc_ca=bau,,,120,IN STOCK,,,Schwarz,,,,TRUE,TRUE
55196214,55196214,55196214,Honor Säulen-Midikleid aus Jersey Damen Boden,https://eu.boden.com/products/damen-honor-saeulen-midikleid-aus-jersey-marineblau-d1767nav?tc_ch=display&tc_ve=ba&tc_so=tradedesk&tc_me=pp&tc_ca=bau,,,120.00,120.00,https://cdn.shopify.com/s/files/1/0680/4625/8428/files/26waut_d1767_nav_m01_dcccfed3-3091-4425-942e-31e7e090a97d.jpg?v=1&width=800,Damen,Damen,03/10/2026,https://eu.boden.com/products/damen-honor-saeulen-midikleid-aus-jersey-marineblau-d1767nav?tc_ch=display&tc_ve=ba&tc_so=tradedesk&tc_me=pp&tc_ca=bau,,,168,IN STOCK,,,Marineblau,,,,TRUE,TRUE
55200789,55200789,55200789,Iris Maritimes Oberteil mit Puffärmeln Damen Boden,https://eu.boden.com/products/damen-iris-maritimes-oberteil-mit-puffaermeln-rosa-heidekraut-naturweiss-streifen-t2160pin?tc_ch=display&tc_ve=ba&tc_so=tradedesk&tc_me=pp&tc_ca=bau,,,39.50,79.00,https://cdn.shopify.com/s/files/1/0680/4625/8428/files/26waut_t2160_pin_m01_a5042d92-2dca-4cff-a049-ff6d7c5bc8a2.jpg?v=1&width=800,Damen,Damen,03/10/2026,https://eu.boden.com/products/damen-iris-maritimes-oberteil-mit-puffaermeln-rosa-heidekraut-naturweiss-streifen-t2160pin?tc_ch=display&tc_ve=ba&tc_so=tradedesk&tc_me=pp&tc_ca=bau,,,21,IN STOCK,,,"Rosa Heidekraut, Naturweiß Streifen",,,,TRUE,TRUE
55209760,55209760,55209760,Oberteil mit Puffärmeln und Knopfleiste Damen Boden,https://eu.boden.com/products/damen-oberteil-mit-puffaermeln-und-knopfleiste-marineblau-naturweiss-gestreift-t2213nvy?tc_ch=display&tc_ve=ba&tc_so=tradedesk&tc_me=pp&tc_ca=bau,,,38.00,76.00,https://cdn.shopify.com/s/files/1/0680/4625/8428/files/26waut_t2213_nvy_m01_e4e9eff9-e1f9-42cd-8ec7-23b8a8da27c4.jpg?v=1&width=800,Damen,Damen,03/10/2026,https://eu.boden.com/products/damen-oberteil-mit-puffaermeln-und-knopfleiste-marineblau-naturweiss-gestreift-t2213nvy?tc_ch=display&tc_ve=ba&tc_so=tradedesk&tc_me=pp&tc_ca=bau,,,10,IN STOCK,,,"Marineblau, Naturweiß Gestreift",,,,TRUE,TRUE
55211162,55211162,55211162,Strick-T-Shirt mit Kragen Damen Boden,https://eu.boden.com/products/damen-strick-t-shirt-mit-kragen-toffeebraun-k1284brn?tc_ch=display&tc_ve=ba&tc_so=tradedesk&tc_me=pp&tc_ca=bau,,,49.50,99.00,https://cdn.shopify.com/s/files/1/0680/4625/8428/files/26waut_k1284_brn_m02_bf5e3843-aa4b-47f0-ad3b-a76883763e38.jpg?v=1&width=800,Damen,Damen,03/10/2026,https://eu.boden.com/products/damen-strick-t-shirt-mit-kragen-toffeebraun-k1284brn?tc_ch=display&tc_ve=ba&tc_so=tradedesk&tc_me=pp&tc_ca=bau,,,24,IN STOCK,,,Toffeebraun,,,,TRUE,TRUE
55215327,55215327,55215327,Gürtel mit durchgehendem Überwendlingsstich Damen Boden,https://eu.boden.com/products/damen-guertel-mit-durchgehendem-ueberwendlingsstich-marineblau-a2062blu?tc_ch=display&tc_ve=ba&tc_so=tradedesk&tc_me=pp&tc_ca=bau,,,99.00,99.00,https://cdn.shopify.com/s/files/1/0680/4625/8428/files/26waut_a2062_blu_d3983ebf-79cb-4062-90aa-d8e9807de889.jpg?v=1&width=800,Damen,Damen,03/10/2026,https://eu.boden.com/products/damen-guertel-mit-durchgehendem-ueberwendlingsstich-marineblau-a2062blu?tc_ch=display&tc_ve=ba&tc_so=tradedesk&tc_me=pp&tc_ca=bau,,,104,IN STOCK,,,Marineblau,,,,TRUE,TRUE
55231882,55231882,55231882,Originelle Socken im 3er-Pack Damen Boden,https://eu.boden.com/products/damen-originelle-socken-im-3er-pack-leopardenmuster-bunt-a1874mus?tc_ch=display&tc_ve=ba&tc_so=tradedesk&tc_me=pp&tc_ca=bau,,,33.00,33.00,https://cdn.shopify.com/s/files/1/0680/4625/8428/files/26waut_a1874_mus_1462594d-52a2-4e83-baa0-a1d8b0ba4fc4.jpg?v=1&width=800,Damen,Damen,03/10/2026,https://eu.boden.com/products/damen-originelle-socken-im-3er-pack-leopardenmuster-bunt-a1874mus?tc_ch=display&tc_ve=ba&tc_so=tradedesk&tc_me=pp&tc_ca=bau,,,585,IN STOCK,,,Leopardenmuster Bunt,,,,TRUE,TRUE
55214172,55214172,55214172,Annie Basic-Oberteil mit V-Ausschnitt Damen Boden,https://eu.boden.com/products/damen-annie-basic-oberteil-mit-v-ausschnitt-marineblau-t2210nav?tc_ch=display&tc_ve=ba&tc_so=tradedesk&tc_me=pp&tc_ca=bau,,,46.00,46.00,https://cdn.shopify.com/s/files/1/0680/4625/8428/files/26waut_t2210_nav_m01_fc9230f8-5e60-40a2-9d10-2c9c426c229e.jpg?v=1&width=800,Damen,Damen,03/10/2026,https://eu.boden.com/products/damen-annie-basic-oberteil-mit-v-ausschnitt-marineblau-t2210nav?tc_ch=display&tc_ve=ba&tc_so=tradedesk&tc_me=pp&tc_ca=bau,,,432,IN STOCK,,,Marineblau,,,,TRUE,TRUE
55215367,55215367,55215367,Gürtel mit durchgehendem Überwendlingsstich Damen Boden,https://eu.boden.com/products/damen-guertel-mit-durchgehendem-ueberwendlingsstich-umbra-schwarz-a2062mnk?tc_ch=display&tc_ve=ba&tc_so=tradedesk&tc_me=pp&tc_ca=bau,,,99.00,99.00,https://cdn.shopify.com/s/files/1/0680/4625/8428/files/26waut_a2062_mnk_f5efd005-8f24-4489-8258-abf2c45a9c5d.jpg?v=1&width=800,Damen,Damen,03/10/2026,https://eu.boden.com/products/damen-guertel-mit-durchgehendem-ueberwendlingsstich-umbra-schwarz-a2062mnk?tc_ch=display&tc_ve=ba&tc_so=tradedesk&tc_me=pp&tc_ca=bau,,,79,IN STOCK,,,Umbra/Schwarz,,,,TRUE,TRUE
55215036,55215036,55215036,Gürtel mit durchgehendem Überwendlingsstich Damen Boden,https://eu.boden.com/products/damen-guertel-mit-durchgehendem-ueberwendlingsstich-schoko-a2062cml?tc_ch=display&tc_ve=ba&tc_so=tradedesk&tc_me=pp&tc_ca=bau,,,99.00,99.00,https://cdn.shopify.com/s/files/1/0680/4625/8428/files/26waut_a2062_cml_74977185-b2a7-408d-996f-1c4b9c914c0e.jpg?v=1&width=800,Damen,Damen,03/10/2026,https://eu.boden.com/products/damen-guertel-mit-durchgehendem-ueberwendlingsstich-schoko-a2062cml?tc_ch=display&tc_ve=ba&tc_so=tradedesk&tc_me=pp&tc_ca=bau,,,193,IN STOCK,,,Schoko,,,,TRUE,TRUE
55217241,55217241,55217241,Socken mit neonfarbenen Streifen im 3er-Pack Damen Boden,https://eu.boden.com/products/damen-socken-mit-neonfarbenen-streifen-im-3er-pack-neon-mit-streifen-a2280mul?tc_ch=display&tc_ve=ba&tc_so=tradedesk&tc_me=pp&tc_ca=bau,,,33.00,33.00,https://cdn.shopify.com/s/files/1/0680/4625/8428/files/26waut_a2280_mul_6f4ec55a-3fb3-4f50-867f-076247df2a3b.jpg?v=1&width=800,Damen,Damen,03/10/2026,https://eu.boden.com/products/damen-socken-mit-neonfarbenen-streifen-im-3er-pack-neon-mit-streifen-a2280mul?tc_ch=display&tc_ve=ba&tc_so=tradedesk&tc_me=pp&tc_ca=bau,,,399,IN STOCK,,,Neon Mit Streifen,,,,TRUE,TRUE
55197612,55197612,55197612,Plissierter Rock mit Knopfleiste vorn Damen Boden,https://eu.boden.com/products/damen-plissierter-rock-mit-knopfleiste-vorn-raue-umbra-r0956brn?tc_ch=display&tc_ve=ba&tc_so=tradedesk&tc_me=pp&tc_ca=bau,,,70.00,140.00,https://cdn.shopify.com/s/files/1/0680/4625/8428/files/26waut_r0956_brn_m01_v1.jpg?v=1&width=800,Damen,Damen,03/10/2026,https://eu.boden.com/products/damen-plissierter-rock-mit-knopfleiste-vorn-raue-umbra-r0956brn?tc_ch=display&tc_ve=ba&tc_so=tradedesk&tc_me=pp&tc_ca=bau,,,52,IN STOCK,,,Raue Umbra,,,,TRUE,TRUE
55198176,55198176,55198176,Schmal geschnittene Baumwollhose Damen Boden,https://eu.boden.com/products/damen-schmal-geschnittene-baumwollhose-jagdgruen-r0948mgr?tc_ch=display&tc_ve=ba&tc_so=tradedesk&tc_me=pp&tc_ca=bau,,,110.00,110.00,https://cdn.shopify.com/s/files/1/0680/4625/8428/files/26waut_r0948_mgr_m01_168f9308-4788-498f-9712-dd9fb9ab16bb.jpg?v=1&width=800,Damen,Damen,03/10/2026,https://eu.boden.com/products/damen-schmal-geschnittene-baumwollhose-jagdgruen-r0948mgr?tc_ch=display&tc_ve=ba&tc_so=tradedesk&tc_me=pp&tc_ca=bau,,,72,IN STOCK,,,Jagdgrün,,,,TRUE,TRUE
55213662,55213662,55213662,Hoch geschnittene Jeans mit weitem Bein Damen Boden,https://eu.boden.com/products/damen-hoch-geschnittene-jeans-mit-weitem-bein-ausgeblichene-optik-r0962ldn?tc_ch=display&tc_ve=ba&tc_so=tradedesk&tc_me=pp&tc_ca=bau,,,140.00,140.00,https://cdn.shopify.com/s/files/1/0680/4625/8428/files/26waut_r0962_ldn_m01_387dc037-ff8c-40cb-bce4-7fec2172ad97.jpg?v=1&width=800,Damen,Damen,03/10/2026,https://eu.boden.com/products/damen-hoch-geschnittene-jeans-mit-weitem-bein-ausgeblichene-optik-r0962ldn?tc_ch=display&tc_ve=ba&tc_so=tradedesk&tc_me=pp&tc_ca=bau,,,136,IN STOCK,,,Ausgeblichene Optik,,,,TRUE,TRUE
55213805,55213805,55213805,Hoch geschnittene Jeans mit weitem Bein Damen Boden,https://eu.boden.com/products/damen-hoch-geschnittene-jeans-mit-weitem-bein-medium-vintage-r0962mdn?tc_ch=display&tc_ve=ba&tc_so=tradedesk&tc_me=pp&tc_ca=bau,,,140.00,140.00,https://cdn.shopify.com/s/files/1/0680/4625/8428/files/26waut_r0962_mdn_m01_c47f944b-7561-44b9-b84e-ca0c0a539349.jpg?v=1&width=800,Damen,Damen,03/10/2026,https://eu.boden.com/products/damen-hoch-geschnittene-jeans-mit-weitem-bein-medium-vintage-r0962mdn?tc_ch=display&tc_ve=ba&tc_so=tradedesk&tc_me=pp&tc_ca=bau,,,171,IN STOCK,,,Medium Vintage,,,,TRUE,TRUE
55197330,55197330,55197330,Kleid mit Knopfleiste vorn und Ziernaht Damen Boden,https://eu.boden.com/products/damen-kleid-mit-knopfleiste-vorn-und-ziernaht-marineblau-d1761nav?tc_ch=display&tc_ve=ba&tc_so=tradedesk&tc_me=pp&tc_ca=bau,,,90.00,180.00,https://cdn.shopify.com/s/files/1/0680/4625/8428/files/26waut_d1761_nav_m01_62417d5d-2d1c-4a70-924d-7af771934fc9.jpg?v=1&width=800,Damen,Damen,03/10/2026,https://eu.boden.com/products/damen-kleid-mit-knopfleiste-vorn-und-ziernaht-marineblau-d1761nav?tc_ch=display&tc_ve=ba&tc_so=tradedesk&tc_me=pp&tc_ca=bau,,,21,IN STOCK,,,Marineblau,,,,TRUE,TRUE
55201763,55201763,55201763,Phoebe Strickjacke mit Kragen Damen Boden,https://eu.boden.com/products/damen-phoebe-strickjacke-mit-kragen-waldgruen-k1296grn?tc_ch=display&tc_ve=ba&tc_so=tradedesk&tc_me=pp&tc_ca=bau,,,180.00,180.00,https://cdn.shopify.com/s/files/1/0680/4625/8428/files/26waut_k1296_grn_m01_v1_1720e89e-1118-4ab0-a07a-594656c09ed6.jpg?v=1&width=800,Damen,Damen,03/10/2026,https://eu.boden.com/products/damen-phoebe-strickjacke-mit-kragen-waldgruen-k1296grn?tc_ch=display&tc_ve=ba&tc_so=tradedesk&tc_me=pp&tc_ca=bau,,,66,IN STOCK,,,Waldgrün,,,,TRUE,TRUE
55193583,55193583,55193583,Olivia Langärmliges Bretonshirt Damen Boden,https://eu.boden.com/products/damen-olivia-langaermliges-bretonshirt-naturweiss-und-bitterschokolade-t1946brn?tc_ch=display&tc_ve=ba&tc_so=tradedesk&tc_me=pp&tc_ca=bau,,,49.00,49.00,https://cdn.shopify.com/s/files/1/0680/4625/8428/files/26waut_t1946_brn_m01_e2bb8c95-6d40-46a9-8617-23887c03cf1b.jpg?v=1&width=800,Damen,Damen,03/10/2026,https://eu.boden.com/products/damen-olivia-langaermliges-bretonshirt-naturweiss-und-bitterschokolade-t1946brn?tc_ch=display&tc_ve=ba&tc_so=tradedesk&tc_me=pp&tc_ca=bau,,,197,IN STOCK,,,Naturweiß und Bitterschokolade,,,,TRUE,TRUE
55213594,55213594,55213594,Lucy Lockere Strickjacke aus Baumwolle Damen Boden,https://eu.boden.com/products/damen-lucy-lockere-strickjacke-aus-baumwolle-camel-meliert-streifen-k1214str?tc_ch=display&tc_ve=ba&tc_so=tradedesk&tc_me=pp&tc_ca=bau,,,72.00,120.00,https://cdn.shopify.com/s/files/1/0680/4625/8428/files/26waut_k1214_str_m04_25b12466-8ca2-4d94-9e45-62594a971f96.jpg?v=1&width=800,Damen,Damen,03/10/2026,https://eu.boden.com/products/damen-lucy-lockere-strickjacke-aus-baumwolle-camel-meliert-streifen-k1214str?tc_ch=display&tc_ve=ba&tc_so=tradedesk&tc_me=pp&tc_ca=bau,,,11,IN STOCK,,,"Camel Meliert, Streifen",,,,TRUE,TRUE
55217359,55217359,55217359,Aya Jeansrock Damen Boden,https://eu.boden.com/products/damen-aya-jeansrock-indigo-r0958ind?tc_ch=display&tc_ve=ba&tc_so=tradedesk&tc_me=pp&tc_ca=bau,,,140.00,140.00,https://cdn.shopify.com/s/files/1/0680/4625/8428/files/26waut_r0958_ind_m01_e8183af7-8a33-4e2b-a327-d7c85e925813.jpg?v=1&width=800,Damen,Damen,03/10/2026,https://eu.boden.com/products/damen-aya-jeansrock-indigo-r0958ind?tc_ch=display&tc_ve=ba&tc_so=tradedesk&tc_me=pp&tc_ca=bau,,,81,IN STOCK,,,Indigo,,,,TRUE,TRUE
55206011,55206011,55206011,Jerseyhemd mit Ziernähten Damen Boden,https://eu.boden.com/products/damen-jerseyhemd-mit-ziernaehten-weiss-t2147wht?tc_ch=display&tc_ve=ba&tc_so=tradedesk&tc_me=pp&tc_ca=bau,,,76.00,76.00,https://cdn.shopify.com/s/files/1/0680/4625/8428/files/26waut_t2147_wht_m05_885ef177-a607-419f-abdf-60f30a4c9526.jpg?v=1&width=800,Damen,Damen,03/10/2026,https://eu.boden.com/products/damen-jerseyhemd-mit-ziernaehten-weiss-t2147wht?tc_ch=display&tc_ve=ba&tc_so=tradedesk&tc_me=pp&tc_ca=bau,,,60,IN STOCK,,,Weiß,,,,TRUE,TRUE
55210815,55210815,55210815,Elsie Kaschmir-Strickjacke mit Rundhalsausschnitt Damen Boden,https://eu.boden.com/products/damen-elsie-kaschmir-strickjacke-mit-rundhalsausschnitt-tiefseetiefe-k1273bst?tc_ch=display&tc_ve=ba&tc_so=tradedesk&tc_me=pp&tc_ca=bau,,,180.00,180.00,https://cdn.shopify.com/s/files/1/0680/4625/8428/files/26waut_k1273_bst_m01_878d72c6-d67e-47e9-acae-ab22d0373f87.jpg?v=1&width=800,Damen,Damen,03/10/2026,https://eu.boden.com/products/damen-elsie-kaschmir-strickjacke-mit-rundhalsausschnitt-tiefseetiefe-k1273bst?tc_ch=display&tc_ve=ba&tc_so=tradedesk&tc_me=pp&tc_ca=bau,,,301,IN STOCK,,,Tiefseetiefe,,,,TRUE,TRUE
55210562,55210562,55210562,"Geripptes, langärmliges Henley-Oberteil Damen Boden",https://eu.boden.com/products/damen-geripptes-langaermliges-henley-oberteil-schokoladeneis-t2216lbr?tc_ch=display&tc_ve=ba&tc_so=tradedesk&tc_me=pp&tc_ca=bau,,,59.00,59.00,https://cdn.shopify.com/s/files/1/0680/4625/8428/files/26waut_t2216_lbr_m01_65467a57-b163-4131-9026-58ce5fd1c98b.jpg?v=1&width=800,Damen,Damen,03/10/2026,https://eu.boden.com/products/damen-geripptes-langaermliges-henley-oberteil-schokoladeneis-t2216lbr?tc_ch=display&tc_ve=ba&tc_so=tradedesk&tc_me=pp&tc_ca=bau,,,59,IN STOCK,,,Schokoladeneis,,,,TRUE,TRUE
55213393,55213393,55213393,Lucy Lockere Strickjacke aus Baumwolle Damen Boden,https://eu.boden.com/products/damen-lucy-lockere-strickjacke-aus-baumwolle-dunkelrot-naturweiss-streifen-k1214ree?tc_ch=display&tc_ve=ba&tc_so=tradedesk&tc_me=pp&tc_ca=bau,,,60.00,120.00,https://cdn.shopify.com/s/files/1/0680/4625/8428/files/26waut_k1214_ree_m05_b390df99-1dbd-480b-89be-6dac1a5b1a03.jpg?v=1&width=800,Damen,Damen,03/10/2026,https://eu.boden.com/products/damen-lucy-lockere-strickjacke-aus-baumwolle-dunkelrot-naturweiss-streifen-k1214ree?tc_ch=display&tc_ve=ba&tc_so=tradedesk&tc_me=pp&tc_ca=bau,,,24,IN STOCK,,,"Dunkelrot, Naturweiß Streifen",,,,TRUE,TRUE
55208799,55208799,55208799,Camilla Baumwollstrickjacke mit Rundhalsausschnitt Damen Boden,https://eu.boden.com/products/damen-camilla-baumwollstrickjacke-mit-rundhalsausschnitt-graublau-k1281blu?tc_ch=display&tc_ve=ba&tc_so=tradedesk&tc_me=pp&tc_ca=bau,,,99.00,99.00,https://cdn.shopify.com/s/files/1/0680/4625/8428/files/26waut_k1281_blu_m02_802d8577-c516-4ac0-a87b-77184d7a6ca1.jpg?v=1&width=800,Damen,Damen,03/10/2026,https://eu.boden.com/products/damen-camilla-baumwollstrickjacke-mit-rundhalsausschnitt-graublau-k1281blu?tc_ch=display&tc_ve=ba&tc_so=tradedesk&tc_me=pp&tc_ca=bau,,,227,IN STOCK,,,Graublau,,,,TRUE,TRUE
55201171,55201171,55201171,Sophie T-Shirt mit Puffärmeln Damen Boden,https://eu.boden.com/products/damen-sophie-t-shirt-mit-puffaermeln-braunschweigisches-gruen-t2017lgr?tc_ch=display&tc_ve=ba&tc_so=tradedesk&tc_me=pp&tc_ca=bau,,,39.00,39.00,https://cdn.shopify.com/s/files/1/0680/4625/8428/files/26waut_t2017_lgr_m01_b89f704a-21eb-4b50-b316-d7a1e39cae14.jpg?v=1&width=800,Damen,Damen,03/10/2026,https://eu.boden.com/products/damen-sophie-t-shirt-mit-puffaermeln-braunschweigisches-gruen-t2017lgr?tc_ch=display&tc_ve=ba&tc_so=tradedesk&tc_me=pp&tc_ca=bau,,,257,IN STOCK,,,Braunschweigisches Grün,,,,TRUE,TRUE
55201141,55201141,55201141,Superweiches Hemd mit offenem Kragen Damen Boden,https://eu.boden.com/products/damen-superweiches-hemd-mit-offenem-kragen-naturweiss-navy-gestreift-t2201ivo?tc_ch=display&tc_ve=ba&tc_so=tradedesk&tc_me=pp&tc_ca=bau,,,56.00,56.00,https://cdn.shopify.com/s/files/1/0680/4625/8428/files/26waut_t2201_ivo_m04_4ef099b9-b01f-47ab-b519-814b6478715e.jpg?v=1&width=800,Damen,Damen,03/10/2026,https://eu.boden.com/products/damen-superweiches-hemd-mit-offenem-kragen-naturweiss-navy-gestreift-t2201ivo?tc_ch=display&tc_ve=ba&tc_so=tradedesk&tc_me=pp&tc_ca=bau,,,76,IN STOCK,,,"Naturweiß/Navy, Gestreift",,,,TRUE,TRUE
55195694,55195694,55195694,Strick-T-Shirt mit Schleife am Ausschnitt Damen Boden,https://eu.boden.com/products/damen-strick-t-shirt-mit-schleife-am-ausschnitt-naturweiss-k1289ivo?tc_ch=display&tc_ve=ba&tc_so=tradedesk&tc_me=pp&tc_ca=bau,,,66.00,110.00,https://cdn.shopify.com/s/files/1/0680/4625/8428/files/26waut_k1289_ivo_m05_a77ba16b-2490-49b2-9003-710d96b8c80c.jpg?v=1&width=800,Damen,Damen,03/10/2026,https://eu.boden.com/products/damen-strick-t-shirt-mit-schleife-am-ausschnitt-naturweiss-k1289ivo?tc_ch=display&tc_ve=ba&tc_so=tradedesk&tc_me=pp&tc_ca=bau,,,18,IN STOCK,,,Naturweiß,,,,TRUE,TRUE
55214334,55214334,55214334,Annie Basic-Top mit V-Ausschnitt Damen Boden,https://eu.boden.com/products/damen-annie-basic-top-mit-v-ausschnitt-schwarz-t2158blk?tc_ch=display&tc_ve=ba&tc_so=tradedesk&tc_me=pp&tc_ca=bau,,,33.00,33.00,https://cdn.shopify.com/s/files/1/0680/4625/8428/files/26waut_t2158_blk_m01_7b3bf0f5-4b72-4c58-a141-63b724828661.jpg?v=1&width=800,Damen,Damen,03/10/2026,https://eu.boden.com/products/damen-annie-basic-top-mit-v-ausschnitt-schwarz-t2158blk?tc_ch=display&tc_ve=ba&tc_so=tradedesk&tc_me=pp&tc_ca=bau,,,255,IN STOCK,,,Schwarz,,,,TRUE,TRUE
55212240,55212240,55212240,Geripptes Baumwoll-T-Shirt Damen Boden,https://eu.boden.com/products/damen-geripptes-baumwoll-t-shirt-schwarz-t2159blk?tc_ch=display&tc_ve=ba&tc_so=tradedesk&tc_me=pp&tc_ca=bau,,,43.00,43.00,https://cdn.shopify.com/s/files/1/0680/4625/8428/files/26waut_t2159_blk_m01_ee99a926-346c-4565-b08f-f63c1524f919.jpg?v=1&width=800,Damen,Damen,03/10/2026,https://eu.boden.com/products/damen-geripptes-baumwoll-t-shirt-schwarz-t2159blk?tc_ch=display&tc_ve=ba&tc_so=tradedesk&tc_me=pp&tc_ca=bau,,,111,IN STOCK,,,Schwarz,,,,TRUE,TRUE
55214516,55214516,55214516,Annie Basic-Oberteil mit V-Ausschnitt Damen Boden,https://eu.boden.com/products/damen-annie-basic-oberteil-mit-v-ausschnitt-grau-meliert-t2210gry?tc_ch=display&tc_ve=ba&tc_so=tradedesk&tc_me=pp&tc_ca=bau,,,46.00,46.00,https://cdn.shopify.com/s/files/1/0680/4625/8428/files/26waut_t2210_gry_m01_v2.jpg?v=1&width=800,Damen,Damen,03/10/2026,https://eu.boden.com/products/damen-annie-basic-oberteil-mit-v-ausschnitt-grau-meliert-t2210gry?tc_ch=display&tc_ve=ba&tc_so=tradedesk&tc_me=pp&tc_ca=bau,,,129,IN STOCK,,,Grau Meliert,,,,TRUE,TRUE
55214100,55214100,55214100,Annie Basic-Oberteil mit V-Ausschnitt Damen Boden,https://eu.boden.com/products/damen-annie-basic-oberteil-mit-v-ausschnitt-schwarz-t2210blk?tc_ch=display&tc_ve=ba&tc_so=tradedesk&tc_me=pp&tc_ca=bau,,,46.00,46.00,https://cdn.shopify.com/s/files/1/0680/4625/8428/files/26waut_t2210_blk_m01.jpg?v=1&width=800,Damen,Damen,03/10/2026,https://eu.boden.com/products/damen-annie-basic-oberteil-mit-v-ausschnitt-schwarz-t2210blk?tc_ch=display&tc_ve=ba&tc_so=tradedesk&tc_me=pp&tc_ca=bau,,,510,IN STOCK,,,Schwarz,,,,TRUE,TRUE
55207939,55207939,55207939,Camilla Baumwollstrickjacke mit Rundhalsausschnitt Damen Boden,https://eu.boden.com/products/damen-camilla-baumwollstrickjacke-mit-rundhalsausschnitt-purpurrot-k1281rst?tc_ch=display&tc_ve=ba&tc_so=tradedesk&tc_me=pp&tc_ca=bau,,,99.00,99.00,https://cdn.shopify.com/s/files/1/0680/4625/8428/files/26waut_k1281_rst_m01.jpg?v=1&width=800,Damen,Damen,03/10/2026,https://eu.boden.com/products/damen-camilla-baumwollstrickjacke-mit-rundhalsausschnitt-purpurrot-k1281rst?tc_ch=display&tc_ve=ba&tc_so=tradedesk&tc_me=pp&tc_ca=bau,,,23,IN STOCK,,,Purpurrot,,,,TRUE,TRUE
55205462,55205462,55205462,Strick-T-Shirt mit Schleife am Ausschnitt Damen Boden,https://eu.boden.com/products/damen-strick-t-shirt-mit-schleife-am-ausschnitt-lebkuchen-naturweiss-streifen-k1289brn?tc_ch=display&tc_ve=ba&tc_so=tradedesk&tc_me=pp&tc_ca=bau,,,48.00,120.00,https://cdn.shopify.com/s/files/1/0680/4625/8428/files/26waut_k1289_brn_m01_ff2565fd-0904-4bd7-88e0-1036fd38044a.jpg?v=1&width=800,Damen,Damen,03/10/2026,https://eu.boden.com/products/damen-strick-t-shirt-mit-schleife-am-ausschnitt-lebkuchen-naturweiss-streifen-k1289brn?tc_ch=display&tc_ve=ba&tc_so=tradedesk&tc_me=pp&tc_ca=bau,,,113,IN STOCK,,,"Lebkuchen, Naturweiß Streifen",,,,TRUE,TRUE
55218216,55218216,55218216,Penelope Spitzenhemd Damen Boden,https://eu.boden.com/products/damen-penelope-spitzenhemd-dunkelgruen-t2200dgr?tc_ch=display&tc_ve=ba&tc_so=tradedesk&tc_me=pp&tc_ca=bau,,,104.00,130.00,https://cdn.shopify.com/s/files/1/0680/4625/8428/files/26waut_t2200_dgr_m01_v1_313277c1-39bb-4b44-a186-369a8f251ff6.jpg?v=1&width=800,Damen,Damen,03/10/2026,https://eu.boden.com/products/damen-penelope-spitzenhemd-dunkelgruen-t2200dgr?tc_ch=display&tc_ve=ba&tc_so=tradedesk&tc_me=pp&tc_ca=bau,,,9,IN STOCK,,,Dunkelgrün,,,,TRUE,TRUE
55201479,55201479,55201479,Superweiches Hemd mit offenem Kragen Damen Boden,https://eu.boden.com/products/damen-superweiches-hemd-mit-offenem-kragen-weiss-t2201wht?tc_ch=display&tc_ve=ba&tc_so=tradedesk&tc_me=pp&tc_ca=bau,,,56.00,56.00,https://cdn.shopify.com/s/files/1/0680/4625/8428/files/26waut_t2201_wht_m01.jpg?v=1&width=800,Damen,Damen,03/10/2026,https://eu.boden.com/products/damen-superweiches-hemd-mit-offenem-kragen-weiss-t2201wht?tc_ch=display&tc_ve=ba&tc_so=tradedesk&tc_me=pp&tc_ca=bau,,,262,IN STOCK,,,Weiß,,,,TRUE,TRUE
55212309,55212309,55212309,Geripptes Baumwoll-T-Shirt Damen Boden,https://eu.boden.com/products/damen-geripptes-baumwoll-t-shirt-naturweiss-und-navy-gestreift-t2159nvy?tc_ch=display&tc_ve=ba&tc_so=tradedesk&tc_me=pp&tc_ca=bau,,,43.00,43.00,https://cdn.shopify.com/s/files/1/0680/4625/8428/files/26waut_t2159_nvy_m01_v2.jpg?v=1&width=800,Damen,Damen,03/10/2026,https://eu.boden.com/products/damen-geripptes-baumwoll-t-shirt-naturweiss-und-navy-gestreift-t2159nvy?tc_ch=display&tc_ve=ba&tc_so=tradedesk&tc_me=pp&tc_ca=bau,,,90,IN STOCK,,,"Naturweiß und Navy, Gestreift",,,,TRUE,TRUE
55201031,55201031,55201031,Superweiches Hemd mit offenem Kragen Damen Boden,https://eu.boden.com/products/damen-superweiches-hemd-mit-offenem-kragen-marineblau-t2201nav?tc_ch=display&tc_ve=ba&tc_so=tradedesk&tc_me=pp&tc_ca=bau,,,56.00,56.00,https://cdn.shopify.com/s/files/1/0680/4625/8428/files/26waut_t2201_nav_m01_fb12ac25-89cb-4ef1-b991-03e2bd6f1f88.jpg?v=1&width=800,Damen,Damen,03/10/2026,https://eu.boden.com/products/damen-superweiches-hemd-mit-offenem-kragen-marineblau-t2201nav?tc_ch=display&tc_ve=ba&tc_so=tradedesk&tc_me=pp&tc_ca=bau,,,122,IN STOCK,,,Marineblau,,,,TRUE,TRUE
55195818,55195818,55195818,Strick-T-Shirt mit Schleife am Ausschnitt Damen Boden,https://eu.boden.com/products/damen-strick-t-shirt-mit-schleife-am-ausschnitt-marineblau-naturweiss-gestreift-k1289nvy?tc_ch=display&tc_ve=ba&tc_so=tradedesk&tc_me=pp&tc_ca=bau,,,72.00,120.00,https://cdn.shopify.com/s/files/1/0680/4625/8428/files/26waut_k1289_nvy_m01_v1_28854c44-fa65-4c3e-b183-579d5b42515c.jpg?v=1&width=800,Damen,Damen,03/10/2026,https://eu.boden.com/products/damen-strick-t-shirt-mit-schleife-am-ausschnitt-marineblau-naturweiss-gestreift-k1289nvy?tc_ch=display&tc_ve=ba&tc_so=tradedesk&tc_me=pp&tc_ca=bau,,,28,IN STOCK,,,"Marineblau, Naturweiß Gestreift",,,,TRUE,TRUE
55212987,55212987,55212987,Baumwoll-T-Shirt mit Rundhalsausschnitt Damen Boden,https://eu.boden.com/products/damen-baumwoll-t-shirt-mit-rundhalsausschnitt-marineblau-und-dijon-streifen-t2135nvy?tc_ch=display&tc_ve=ba&tc_so=tradedesk&tc_me=pp&tc_ca=bau,,,33.00,33.00,https://cdn.shopify.com/s/files/1/0680/4625/8428/files/26waut_t2135_nvy_m04_df187763-b7fa-427f-ae07-51b1ba391609.jpg?v=1&width=800,Damen,Damen,03/10/2026,https://eu.boden.com/products/damen-baumwoll-t-shirt-mit-rundhalsausschnitt-marineblau-und-dijon-streifen-t2135nvy?tc_ch=display&tc_ve=ba&tc_so=tradedesk&tc_me=pp&tc_ca=bau,,,327,IN STOCK,,,Marineblau und Dijon Streifen,,,,TRUE,TRUE
55198462,55198462,55198462,Greenwich Ponte-Hose mit Kordelzug Damen Boden,https://eu.boden.com/products/damen-greenwich-ponte-hose-mit-kordelzug-schwarz-r1011blk?tc_ch=display&tc_ve=ba&tc_so=tradedesk&tc_me=pp&tc_ca=bau,,,70.00,140.00,https://cdn.shopify.com/s/files/1/0680/4625/8428/files/26waut_r1011_blk_m01_e9d54a3a-6128-40b1-97ef-93ad625e004c.jpg?v=1&width=800,Damen,Damen,03/10/2026,https://eu.boden.com/products/damen-greenwich-ponte-hose-mit-kordelzug-schwarz-r1011blk?tc_ch=display&tc_ve=ba&tc_so=tradedesk&tc_me=pp&tc_ca=bau,,,33,IN STOCK,,,Schwarz,,,,TRUE,TRUE
55209727,55209727,55209727,Tia Ärmelloses Jerseyoberteil mit Raffung Damen Boden,https://eu.boden.com/products/damen-tia-aermelloses-jerseyoberteil-mit-raffung-mitternachtsblaugruen-t2150grn?tc_ch=display&tc_ve=ba&tc_so=tradedesk&tc_me=pp&tc_ca=bau,,,23.00,46.00,https://cdn.shopify.com/s/files/1/0680/4625/8428/files/26waut_t2150_grn_m01_8c3ede49-4daa-4e89-9083-705a240978c2.jpg?v=1&width=800,Damen,Damen,03/10/2026,https://eu.boden.com/products/damen-tia-aermelloses-jerseyoberteil-mit-raffung-mitternachtsblaugruen-t2150grn?tc_ch=display&tc_ve=ba&tc_so=tradedesk&tc_me=pp&tc_ca=bau,,,17,IN STOCK,,,Mitternachtsblaugrün,,,,TRUE,TRUE
55216390,55216390,55216390,Jeans mit hohem Bund und geradem Bein Damen Boden,https://eu.boden.com/products/damen-jeans-mit-hohem-bund-und-geradem-bein-indigo-waschung-r1012ddn?tc_ch=display&tc_ve=ba&tc_so=tradedesk&tc_me=pp&tc_ca=bau,,,120.00,120.00,https://cdn.shopify.com/s/files/1/0680/4625/8428/files/26waut_r1012_ddn_m01_004b60cf-cc92-4b65-a5e6-4740c6b934b4.jpg?v=1&width=800,Damen,Damen,03/10/2026,https://eu.boden.com/products/damen-jeans-mit-hohem-bund-und-geradem-bein-indigo-waschung-r1012ddn?tc_ch=display&tc_ve=ba&tc_so=tradedesk&tc_me=pp&tc_ca=bau,,,78,IN STOCK,,,Indigo Waschung,,,,TRUE,TRUE
55212298,55212298,55212298,Superweiches T-Shirt mit U-Boot-Ausschnitt Damen Boden,https://eu.boden.com/products/damen-superweiches-t-shirt-mit-u-boot-ausschnitt-franzoesisches-marineblau-19-3921-tcx-t2155nav?tc_ch=display&tc_ve=ba&tc_so=tradedesk&tc_me=pp&tc_ca=bau,,,39.00,39.00,https://cdn.shopify.com/s/files/1/0680/4625/8428/files/26waut_t2155_nav_m01_v2_5e434477-ec73-4e9b-8852-e9747327206e.jpg?v=1&width=800,Damen,Damen,03/10/2026,https://eu.boden.com/products/damen-superweiches-t-shirt-mit-u-boot-ausschnitt-franzoesisches-marineblau-19-3921-tcx-t2155nav?tc_ch=display&tc_ve=ba&tc_so=tradedesk&tc_me=pp&tc_ca=bau,,,132,IN STOCK,,,Französisches Marineblau (19-3921 TCX),,,,TRUE,TRUE
55193813,55193813,55193813,Ara Jerseyhemd Damen Boden,https://eu.boden.com/products/damen-ara-jerseyhemd-naturweiss-t2149ivo?tc_ch=display&tc_ve=ba&tc_so=tradedesk&tc_me=pp&tc_ca=bau,,,76.00,76.00,https://cdn.shopify.com/s/files/1/0680/4625/8428/files/26waut_t2149_ivo_m01_5fb815f0-a2f6-4117-9754-67bf94e0f653.jpg?v=1&width=800,Damen,Damen,03/10/2026,https://eu.boden.com/products/damen-ara-jerseyhemd-naturweiss-t2149ivo?tc_ch=display&tc_ve=ba&tc_so=tradedesk&tc_me=pp&tc_ca=bau,,,106,IN STOCK,,,Naturweiß,,,,TRUE,TRUE
55206615,55206615,55206615,Jerseyhemd mit Ziernähten Damen Boden,https://eu.boden.com/products/damen-jerseyhemd-mit-ziernaehten-marineblau-t2147nav?tc_ch=display&tc_ve=ba&tc_so=tradedesk&tc_me=pp&tc_ca=bau,,,76.00,76.00,https://cdn.shopify.com/s/files/1/0680/4625/8428/files/26waut_t2147_nav_m01_7ca579e2-256b-4916-8e96-fae506a3c066.jpg?v=1&width=800,Damen,Damen,03/10/2026,https://eu.boden.com/products/damen-jerseyhemd-mit-ziernaehten-marineblau-t2147nav?tc_ch=display&tc_ve=ba&tc_so=tradedesk&tc_me=pp&tc_ca=bau,,,155,IN STOCK,,,Marineblau,,,,TRUE,TRUE
55195623,55195623,55195623,Baumwollstrickjacke mit Puffärmeln Damen Boden,https://eu.boden.com/products/damen-baumwollstrickjacke-mit-puffaermeln-warmes-naturweiss-bestickt-k1290ivo?tc_ch=display&tc_ve=ba&tc_so=tradedesk&tc_me=pp&tc_ca=bau,,,90.00,150.00,https://cdn.shopify.com/s/files/1/0680/4625/8428/files/26waut_k1290_ivo_m01_v1_ebd2a271-bd6a-40b6-a088-1b7be898e356.jpg?v=1&width=800,Damen,Damen,03/10/2026,https://eu.boden.com/products/damen-baumwollstrickjacke-mit-puffaermeln-warmes-naturweiss-bestickt-k1290ivo?tc_ch=display&tc_ve=ba&tc_so=tradedesk&tc_me=pp&tc_ca=bau,,,27,IN STOCK,,,"Warmes Naturweiß, Bestickt",,,,TRUE,TRUE
55213604,55213604,55213604,Hoch geschnittene Jeans mit weitem Bein Damen Boden,https://eu.boden.com/products/damen-hoch-geschnittene-jeans-mit-weitem-bein-indigo-waschung-r0962ddn?tc_ch=display&tc_ve=ba&tc_so=tradedesk&tc_me=pp&tc_ca=bau,,,140.00,140.00,https://cdn.shopify.com/s/files/1/0680/4625/8428/files/26waut_r0962_ddn_m01_v1_3b0195a1-57be-4588-8ff1-b63fc9164103.jpg?v=1&width=800,Damen,Damen,03/10/2026,https://eu.boden.com/products/damen-hoch-geschnittene-jeans-mit-weitem-bein-indigo-waschung-r0962ddn?tc_ch=display&tc_ve=ba&tc_so=tradedesk&tc_me=pp&tc_ca=bau,,,213,IN STOCK,,,Indigo Waschung,,,,TRUE,TRUE
55216117,55216117,55216117,Jeans mit hohem Bund und geradem Bein Damen Boden,https://eu.boden.com/products/damen-jeans-mit-hohem-bund-und-geradem-bein-medium-vintage-r1012mdn?tc_ch=display&tc_ve=ba&tc_so=tradedesk&tc_me=pp&tc_ca=bau,,,120.00,120.00,https://cdn.shopify.com/s/files/1/0680/4625/8428/files/26waut_r1012_mdn_m01_v1.jpg?v=1&width=800,Damen,Damen,03/10/2026,https://eu.boden.com/products/damen-jeans-mit-hohem-bund-und-geradem-bein-medium-vintage-r1012mdn?tc_ch=display&tc_ve=ba&tc_so=tradedesk&tc_me=pp&tc_ca=bau,,,96,IN STOCK,,,Medium Vintage,,,,TRUE,TRUE
55215698,55215698,55215698,Superweiches T-Shirt mit U-Boot-Ausschnitt Damen Boden,https://eu.boden.com/products/damen-superweiches-t-shirt-mit-u-boot-ausschnitt-naturweiss-navy-gestreift-t2155ivo?tc_ch=display&tc_ve=ba&tc_so=tradedesk&tc_me=pp&tc_ca=bau,,,39.00,39.00,https://cdn.shopify.com/s/files/1/0680/4625/8428/files/26waut_t2155_ivo_m01_0466f8d7-07ab-43ad-bc84-5ce5680d3bb2.jpg?v=1&width=800,Damen,Damen,03/10/2026,https://eu.boden.com/products/damen-superweiches-t-shirt-mit-u-boot-ausschnitt-naturweiss-navy-gestreift-t2155ivo?tc_ch=display&tc_ve=ba&tc_so=tradedesk&tc_me=pp&tc_ca=bau,,,50,IN STOCK,,,"Naturweiß/Navy, Gestreift",,,,TRUE,TRUE
55200077,55200077,55200077,Clara Hemd zum Binden Damen Boden,https://eu.boden.com/products/damen-clara-hemd-zum-binden-weiss-mit-besatz-t2173whi?tc_ch=display&tc_ve=ba&tc_so=tradedesk&tc_me=pp&tc_ca=bau,,,96.00,120.00,https://cdn.shopify.com/s/files/1/0680/4625/8428/files/26waut_t2173_whi_m01.jpg?v=1&width=800,Damen,Damen,03/10/2026,https://eu.boden.com/products/damen-clara-hemd-zum-binden-weiss-mit-besatz-t2173whi?tc_ch=display&tc_ve=ba&tc_so=tradedesk&tc_me=pp&tc_ca=bau,,,9,IN STOCK,,,Weiß Mit Besatz,,,,TRUE,TRUE
55196680,55196680,55196680,Eli Jersey-Midikleid mit Gürtel Damen Boden,https://eu.boden.com/products/damen-eli-jersey-midikleid-mit-guertel-rosa-heidekraut-bluetenbrise-d1769lbl?tc_ch=display&tc_ve=ba&tc_so=tradedesk&tc_me=pp&tc_ca=bau,,,150.00,150.00,https://cdn.shopify.com/s/files/1/0680/4625/8428/files/26waut_d1769_lbl_w01_8d5bb501-675c-4c2d-915f-758c8da85edf.jpg?v=1&width=800,Damen,Damen,03/10/2026,https://eu.boden.com/products/damen-eli-jersey-midikleid-mit-guertel-rosa-heidekraut-bluetenbrise-d1769lbl?tc_ch=display&tc_ve=ba&tc_so=tradedesk&tc_me=pp&tc_ca=bau,,,42,IN STOCK,,,"Rosa Heidekraut, Blütenbrise",,,,TRUE,TRUE
55196089,55196089,55196089,Honor Säulen-Midikleid aus Jersey Damen Boden,https://eu.boden.com/products/damen-honor-saeulen-midikleid-aus-jersey-dunkler-blauregen-geo-blockmuster-d1767prp?tc_ch=display&tc_ve=ba&tc_so=tradedesk&tc_me=pp&tc_ca=bau,,,70.00,140.00,https://cdn.shopify.com/s/files/1/0680/4625/8428/files/26waut_d1767_prp_m02_v1.jpg?v=1&width=800,Damen,Damen,03/10/2026,https://eu.boden.com/products/damen-honor-saeulen-midikleid-aus-jersey-dunkler-blauregen-geo-blockmuster-d1767prp?tc_ch=display&tc_ve=ba&tc_so=tradedesk&tc_me=pp&tc_ca=bau,,,51,IN STOCK,,,"Dunkler Blauregen, Geo-Blockmuster",,,,TRUE,TRUE
55201754,55201754,55201754,Hose mit Paperbag-Bund Damen Boden,https://eu.boden.com/products/damen-hose-mit-paperbag-bund-cappuccino-r0972ntl?tc_ch=display&tc_ve=ba&tc_so=tradedesk&tc_me=pp&tc_ca=bau,,,60.00,150.00,https://cdn.shopify.com/s/files/1/0680/4625/8428/files/26waut_r0972_ntl_m01_v1.jpg?v=1&width=800,Damen,Damen,03/10/2026,https://eu.boden.com/products/damen-hose-mit-paperbag-bund-cappuccino-r0972ntl?tc_ch=display&tc_ve=ba&tc_so=tradedesk&tc_me=pp&tc_ca=bau,,,73,IN STOCK,,,Cappuccino,,,,TRUE,TRUE
55220770,55220770,55220770,Superweiches Oberteil mit Reißverschlusskragen Damen Boden,https://eu.boden.com/products/damen-superweiches-oberteil-mit-reissverschlusskragen-naturweiss-t2036ivo?tc_ch=display&tc_ve=ba&tc_so=tradedesk&tc_me=pp&tc_ca=bau,,,59.00,59.00,https://cdn.shopify.com/s/files/1/0680/4625/8428/files/26waut_t2036_ivo_m01_v1_f5189c89-67f7-43f1-8ad9-488d025acfba.jpg?v=1&width=800,Damen,Damen,03/10/2026,https://eu.boden.com/products/damen-superweiches-oberteil-mit-reissverschlusskragen-naturweiss-t2036ivo?tc_ch=display&tc_ve=ba&tc_so=tradedesk&tc_me=pp&tc_ca=bau,,,159,IN STOCK,,,Naturweiß,,,,TRUE,TRUE
55197052,55197052,55197052,Canonbury 7/8-Hose aus Baumwolle Damen Boden,https://eu.boden.com/products/damen-canonbury-7-8-hose-aus-baumwolle-salsa-rot-r0836red?tc_ch=display&tc_ve=ba&tc_so=tradedesk&tc_me=pp&tc_ca=bau,,,99.00,99.00,https://cdn.shopify.com/s/files/1/0680/4625/8428/files/26waut_r0836_red_m01_v1_ee7f99a2-f6d1-4469-b219-d2b8fe117afc.jpg?v=1&width=800,Damen,Damen,03/10/2026,https://eu.boden.com/products/damen-canonbury-7-8-hose-aus-baumwolle-salsa-rot-r0836red?tc_ch=display&tc_ve=ba&tc_so=tradedesk&tc_me=pp&tc_ca=bau,,,20,IN STOCK,,,Salsa-Rot,,,,TRUE,TRUE
55212172,55212172,55212172,Weste aus Milano-Strick mit Rundhalsausschnitt Damen Boden,https://eu.boden.com/products/damen-weste-aus-milano-strick-mit-rundhalsausschnitt-mohnblumenrot-k1349red?tc_ch=display&tc_ve=ba&tc_so=tradedesk&tc_me=pp&tc_ca=bau,,,56.00,140.00,https://cdn.shopify.com/s/files/1/0680/4625/8428/files/26waut_k1349_red_m01_v1.jpg?v=1&width=800,Damen,Damen,03/10/2026,https://eu.boden.com/products/damen-weste-aus-milano-strick-mit-rundhalsausschnitt-mohnblumenrot-k1349red?tc_ch=display&tc_ve=ba&tc_so=tradedesk&tc_me=pp&tc_ca=bau,,,163,IN STOCK,,,Mohnblumenrot,,,,TRUE,TRUE
55193696,55193696,55193696,"Superweiches, gerafftes Jerseyhemd Damen Boden",https://eu.boden.com/products/damen-superweiches-gerafftes-jerseyhemd-mitternachtsblaugruen-t2146grn?tc_ch=display&tc_ve=ba&tc_so=tradedesk&tc_me=pp&tc_ca=bau,,,76.00,76.00,https://cdn.shopify.com/s/files/1/0680/4625/8428/files/26waut_t2146_grn_m01_v1_83932408-0397-498f-b3ed-cb0e9395f989.jpg?v=1&width=800,Damen,Damen,03/10/2026,https://eu.boden.com/products/damen-superweiches-gerafftes-jerseyhemd-mitternachtsblaugruen-t2146grn?tc_ch=display&tc_ve=ba&tc_so=tradedesk&tc_me=pp&tc_ca=bau,,,143,IN STOCK,,,Mitternachtsblaugrün,,,,TRUE,TRUE
55193624,55193624,55193624,"Superweiches, gerafftes Jerseyhemd Damen Boden",https://eu.boden.com/products/damen-superweiches-gerafftes-jerseyhemd-dunkelviolett-t2146pur?tc_ch=display&tc_ve=ba&tc_so=tradedesk&tc_me=pp&tc_ca=bau,,,76.00,76.00,https://cdn.shopify.com/s/files/1/0680/4625/8428/files/26waut_t2146_pur_m04_v2_31ee8758-3f91-4710-9a19-adbe6db566ef.jpg?v=1&width=800,Damen,Damen,03/10/2026,https://eu.boden.com/products/damen-superweiches-gerafftes-jerseyhemd-dunkelviolett-t2146pur?tc_ch=display&tc_ve=ba&tc_so=tradedesk&tc_me=pp&tc_ca=bau,,,218,IN STOCK,,,Dunkelviolett,,,,TRUE,TRUE
55200468,55200468,55200468,"Cord-Jeans mit hohem Bund und geradem, lockerem Bein Damen Boden",https://eu.boden.com/products/damen-cord-jeans-mit-hohem-bund-und-geradem-lockerem-bein-marineblau-r0768nvy?tc_ch=display&tc_ve=ba&tc_so=tradedesk&tc_me=pp&tc_ca=bau,,,140.00,140.00,https://cdn.shopify.com/s/files/1/0680/4625/8428/files/26waut_r0768_nvy_m01_v1.jpg?v=1&width=800,Damen,Damen,03/10/2026,https://eu.boden.com/products/damen-cord-jeans-mit-hohem-bund-und-geradem-lockerem-bein-marineblau-r0768nvy?tc_ch=display&tc_ve=ba&tc_so=tradedesk&tc_me=pp&tc_ca=bau,,,81,IN STOCK,,,Marineblau,,,,TRUE,TRUE
55208537,55208537,55208537,Gürtel mit Nieten Damen Boden,https://eu.boden.com/products/damen-guertel-mit-nieten-schwarz-a2259blw?tc_ch=display&tc_ve=ba&tc_so=tradedesk&tc_me=pp&tc_ca=bau,,,99.00,99.00,https://cdn.shopify.com/s/files/1/0680/4625/8428/files/26waut_a2259_blw_2acac198-8839-4a78-964d-9cb5ab8c2a55.jpg?v=1&width=800,Damen,Damen,03/10/2026,https://eu.boden.com/products/damen-guertel-mit-nieten-schwarz-a2259blw?tc_ch=display&tc_ve=ba&tc_so=tradedesk&tc_me=pp&tc_ca=bau,,,126,IN STOCK,,,Schwarz,,,,TRUE,TRUE
55208457,55208457,55208457,Gürtel mit Nieten Damen Boden,https://eu.boden.com/products/damen-guertel-mit-nieten-dunkelbraun-a2259dbr?tc_ch=display&tc_ve=ba&tc_so=tradedesk&tc_me=pp&tc_ca=bau,,,99.00,99.00,https://cdn.shopify.com/s/files/1/0680/4625/8428/files/26waut_a2259_dbr_7001c455-855a-4f89-8d61-57371824c023.jpg?v=1&width=800,Damen,Damen,03/10/2026,https://eu.boden.com/products/damen-guertel-mit-nieten-dunkelbraun-a2259dbr?tc_ch=display&tc_ve=ba&tc_so=tradedesk&tc_me=pp&tc_ca=bau,,,136,IN STOCK,,,Dunkelbraun,,,,TRUE,TRUE
55194696,55194696,55194696,Etta Ponte-Kleid mit Paspelierung Damen Boden,https://eu.boden.com/products/damen-etta-ponte-kleid-mit-paspelierung-schwarz-kamelbraun-d1815bla?tc_ch=display&tc_ve=ba&tc_so=tradedesk&tc_me=pp&tc_ca=bau,,,180.00,180.00,https://cdn.shopify.com/s/files/1/0680/4625/8428/files/26waut_d1815_bla_m01_v1_176188da-d5e0-4a0f-ae8a-5372c291ff94.jpg?v=1&width=800,Damen,Damen,03/10/2026,https://eu.boden.com/products/damen-etta-ponte-kleid-mit-paspelierung-schwarz-kamelbraun-d1815bla?tc_ch=display&tc_ve=ba&tc_so=tradedesk&tc_me=pp&tc_ca=bau,,,73,IN STOCK,,,"Schwarz, Kamelbraun",,,,TRUE,TRUE
55211784,55211784,55211784,Ariadne Strickjacke aus Wollmischgewebe Damen Boden,https://eu.boden.com/products/damen-ariadne-strickjacke-aus-wollmischgewebe-navy-blockfarben-k1327nav?tc_ch=display&tc_ve=ba&tc_so=tradedesk&tc_me=pp&tc_ca=bau,,,170.00,170.00,https://cdn.shopify.com/s/files/1/0680/4625/8428/files/26waut_k1327_nav_m02_v1_8fed7fb7-2ef3-4e48-841e-ab82aafcb3b7.jpg?v=1&width=800,Damen,Damen,03/10/2026,https://eu.boden.com/products/damen-ariadne-strickjacke-aus-wollmischgewebe-navy-blockfarben-k1327nav?tc_ch=display&tc_ve=ba&tc_so=tradedesk&tc_me=pp&tc_ca=bau,,,183,IN STOCK,,,"Navy, Blockfarben",,,,TRUE,TRUE
55216531,55216531,55216531,Superweiches Oberteil mit gesmokten Ärmelbündchen Damen Boden,https://eu.boden.com/products/damen-superweiches-oberteil-mit-gesmokten-aermelbuendchen-dunkle-kirsche-t1777pgr?tc_ch=display&tc_ve=ba&tc_so=tradedesk&tc_me=pp&tc_ca=bau,,,56.00,56.00,https://cdn.shopify.com/s/files/1/0680/4625/8428/files/26waut_t1777_pgr_m01_v1_a2dd09f7-3508-4c34-b2ab-b004bb708398.jpg?v=1&width=800,Damen,Damen,03/10/2026,https://eu.boden.com/products/damen-superweiches-oberteil-mit-gesmokten-aermelbuendchen-dunkle-kirsche-t1777pgr?tc_ch=display&tc_ve=ba&tc_so=tradedesk&tc_me=pp&tc_ca=bau,,,173,IN STOCK,,,Dunkle Kirsche,,,,TRUE,TRUE
55234473,55234473,55234473,Isobel Stiefeletten mit Kitten-Absatz Damen Boden,https://eu.boden.com/products/damen-isobel-stiefeletten-mit-kitten-absatz-cognac-veloursleder-a2126lbr?tc_ch=display&tc_ve=ba&tc_so=tradedesk&tc_me=pp&tc_ca=bau,,,220.00,220.00,https://cdn.shopify.com/s/files/1/0680/4625/8428/files/26wsum_a2126_lbr_e685bb70-7242-4ec5-907d-cbf5bde94abf.jpg?v=1&width=800,Damen,Damen,03/10/2026,https://eu.boden.com/products/damen-isobel-stiefeletten-mit-kitten-absatz-cognac-veloursleder-a2126lbr?tc_ch=display&tc_ve=ba&tc_so=tradedesk&tc_me=pp&tc_ca=bau,,,74,IN STOCK,,,Cognac Veloursleder,,,,TRUE,TRUE
55216656,55216656,55216656,Superweiches Oberteil mit gesmokten Ärmelbündchen Damen Boden,https://eu.boden.com/products/damen-superweiches-oberteil-mit-gesmokten-aermelbuendchen-weiss-t1777wth?tc_ch=display&tc_ve=ba&tc_so=tradedesk&tc_me=pp&tc_ca=bau,,,56.00,56.00,https://cdn.shopify.com/s/files/1/0680/4625/8428/files/26waut_t1777_wth_m01_345b9759-f0eb-454f-906d-8a16bb93ea79.jpg?v=1&width=800,Damen,Damen,03/10/2026,https://eu.boden.com/products/damen-superweiches-oberteil-mit-gesmokten-aermelbuendchen-weiss-t1777wth?tc_ch=display&tc_ve=ba&tc_so=tradedesk&tc_me=pp&tc_ca=bau,,,244,IN STOCK,,,Weiß,,,,TRUE,TRUE
55216873,55216873,55216873,Superweiches Oberteil mit gesmokten Ärmelbündchen Damen Boden,https://eu.boden.com/products/damen-superweiches-oberteil-mit-gesmokten-aermelbuendchen-schwarz-t1777bla?tc_ch=display&tc_ve=ba&tc_so=tradedesk&tc_me=pp&tc_ca=bau,,,56.00,56.00,https://cdn.shopify.com/s/files/1/0680/4625/8428/files/26waut_t1777_bla_m01.jpg?v=1&width=800,Damen,Damen,03/10/2026,https://eu.boden.com/products/damen-superweiches-oberteil-mit-gesmokten-aermelbuendchen-schwarz-t1777bla?tc_ch=display&tc_ve=ba&tc_so=tradedesk&tc_me=pp&tc_ca=bau,,,326,IN STOCK,,,Schwarz,,,,TRUE,TRUE
55216647,55216647,55216647,Superweiches Oberteil mit gesmokten Ärmelbündchen Damen Boden,https://eu.boden.com/products/damen-superweiches-oberteil-mit-gesmokten-aermelbuendchen-marineblau-t1777nar?tc_ch=display&tc_ve=ba&tc_so=tradedesk&tc_me=pp&tc_ca=bau,,,56.00,56.00,https://cdn.shopify.com/s/files/1/0680/4625/8428/files/26waut_t1777_nar_m01_v1_7f1ba2b9-1fdf-4e88-ac85-76c0f36b30a8.jpg?v=1&width=800,Damen,Damen,03/10/2026,https://eu.boden.com/products/damen-superweiches-oberteil-mit-gesmokten-aermelbuendchen-marineblau-t1777nar?tc_ch=display&tc_ve=ba&tc_so=tradedesk&tc_me=pp&tc_ca=bau,,,196,IN STOCK,,,Marineblau,,,,TRUE,TRUE
55201713,55201713,55201713,Ara Jerseyhemd Damen Boden,https://eu.boden.com/products/damen-ara-jerseyhemd-kastanienbraun-naturweiss-t2149pst?tc_ch=display&tc_ve=ba&tc_so=tradedesk&tc_me=pp&tc_ca=bau,,,79.00,79.00,https://cdn.shopify.com/s/files/1/0680/4625/8428/files/26waut_t2149_pst_m01_v1.jpg?v=1&width=800,Damen,Damen,03/10/2026,https://eu.boden.com/products/damen-ara-jerseyhemd-kastanienbraun-naturweiss-t2149pst?tc_ch=display&tc_ve=ba&tc_so=tradedesk&tc_me=pp&tc_ca=bau,,,28,IN STOCK,,,Kastanienbraun/Naturweiß,,,,TRUE,TRUE
55211874,55211874,55211874,Ariadne Strickjacke aus Wollmischgewebe Damen Boden,https://eu.boden.com/products/damen-ariadne-strickjacke-aus-wollmischgewebe-camel-meliert-blockfarben-k1327neu?tc_ch=display&tc_ve=ba&tc_so=tradedesk&tc_me=pp&tc_ca=bau,,,170.00,170.00,https://cdn.shopify.com/s/files/1/0680/4625/8428/files/26waut_k1327_neu_m02_5497f9a8-0b6b-4869-b153-f2273a87cc26.jpg?v=1&width=800,Damen,Damen,03/10/2026,https://eu.boden.com/products/damen-ariadne-strickjacke-aus-wollmischgewebe-camel-meliert-blockfarben-k1327neu?tc_ch=display&tc_ve=ba&tc_so=tradedesk&tc_me=pp&tc_ca=bau,,,210,IN STOCK,,,"Camel Meliert, Blockfarben",,,,TRUE,TRUE
55195085,55195085,55195085,Naomi Lockeres Jerseykleid Damen Boden,https://eu.boden.com/products/damen-naomi-lockeres-jerseykleid-umbra-zebra-swirl-motiv-d1053bck?tc_ch=display&tc_ve=ba&tc_so=tradedesk&tc_me=pp&tc_ca=bau,,,110.00,110.00,https://cdn.shopify.com/s/files/1/0680/4625/8428/files/26waut_d1053_bck_m01_d26175c2-51fc-42bd-8096-e6f933307339.jpg?v=1&width=800,Damen,Damen,03/10/2026,https://eu.boden.com/products/damen-naomi-lockeres-jerseykleid-umbra-zebra-swirl-motiv-d1053bck?tc_ch=display&tc_ve=ba&tc_so=tradedesk&tc_me=pp&tc_ca=bau,,,45,IN STOCK,,,"Umbra, Zebra Swirl-Motiv",,,,TRUE,TRUE
55195127,55195127,55195127,Briony Kurzes Jerseykleid Damen Boden,https://eu.boden.com/products/damen-briony-kurzes-jerseykleid-jagdgruen-d1760mos?tc_ch=display&tc_ve=ba&tc_so=tradedesk&tc_me=pp&tc_ca=bau,,,99.00,99.00,https://cdn.shopify.com/s/files/1/0680/4625/8428/files/26waut_d1760_mos_m01_b014bc5a-3a0f-4f83-a252-b26d328d499c.jpg?v=1&width=800,Damen,Damen,03/10/2026,https://eu.boden.com/products/damen-briony-kurzes-jerseykleid-jagdgruen-d1760mos?tc_ch=display&tc_ve=ba&tc_so=tradedesk&tc_me=pp&tc_ca=bau,,,60,IN STOCK,,,Jagdgrün,,,,TRUE,TRUE
55202549,55202549,55202549,Gestufter Midirock mit Rüschen Damen Boden,https://eu.boden.com/products/damen-gestufter-midirock-mit-rueschen-arabisches-gewuerz-einzelne-blumenstraeusse-r0979red?tc_ch=display&tc_ve=ba&tc_so=tradedesk&tc_me=pp&tc_ca=bau,,,85.00,170.00,https://cdn.shopify.com/s/files/1/0680/4625/8428/files/26waut_r0979_red_m04_a98702d9-2d1d-4487-958c-50b5770ed0c2.jpg?v=1&width=800,Damen,Damen,03/10/2026,https://eu.boden.com/products/damen-gestufter-midirock-mit-rueschen-arabisches-gewuerz-einzelne-blumenstraeusse-r0979red?tc_ch=display&tc_ve=ba&tc_so=tradedesk&tc_me=pp&tc_ca=bau,,,44,IN STOCK,,,"Arabisches Gewürz, Einzelne Blumensträuße",,,,TRUE,TRUE
55201097,55201097,55201097,Iris Maritimes Oberteil mit Puffärmeln Damen Boden,https://eu.boden.com/products/damen-iris-maritimes-oberteil-mit-puffaermeln-marineblau-und-dijon-streifen-t2160brm?tc_ch=display&tc_ve=ba&tc_so=tradedesk&tc_me=pp&tc_ca=bau,,,79.00,79.00,https://cdn.shopify.com/s/files/1/0680/4625/8428/files/26waut_t2160_brm_m01_c23f7b35-4df7-4ede-8877-1d041b1eff43.jpg?v=1&width=800,Damen,Damen,03/10/2026,https://eu.boden.com/products/damen-iris-maritimes-oberteil-mit-puffaermeln-marineblau-und-dijon-streifen-t2160brm?tc_ch=display&tc_ve=ba&tc_so=tradedesk&tc_me=pp&tc_ca=bau,,,10,IN STOCK,,,Marineblau und Dijon Streifen,,,,TRUE,TRUE
55195064,55195064,55195064,Fleur Cord-Midikleid Damen Boden,https://eu.boden.com/products/damen-fleur-cord-midikleid-marineblau-d1790nav?tc_ch=display&tc_ve=ba&tc_so=tradedesk&tc_me=pp&tc_ca=bau,,,170.00,170.00,https://cdn.shopify.com/s/files/1/0680/4625/8428/files/26waut_d1790_nav_m01_bd222b7c-c55b-46d8-8bde-0487e0ee14b3.jpg?v=1&width=800,Damen,Damen,03/10/2026,https://eu.boden.com/products/damen-fleur-cord-midikleid-marineblau-d1790nav?tc_ch=display&tc_ve=ba&tc_so=tradedesk&tc_me=pp&tc_ca=bau,,,199,IN STOCK,,,Marineblau,,,,TRUE,TRUE
55201674,55201674,55201674,Kate Plissiertes Hemdblusenkleid Damen Boden,https://eu.boden.com/products/damen-kate-plissiertes-hemdblusenkleid-meeresgruen-d1793blu?tc_ch=display&tc_ve=ba&tc_so=tradedesk&tc_me=pp&tc_ca=bau,,,180.00,180.00,https://cdn.shopify.com/s/files/1/0680/4625/8428/files/26wwin_d1793_blu_m07.jpg?v=1&width=800,Damen,Damen,03/10/2026,https://eu.boden.com/products/damen-kate-plissiertes-hemdblusenkleid-meeresgruen-d1793blu?tc_ch=display&tc_ve=ba&tc_so=tradedesk&tc_me=pp&tc_ca=bau,,,72,IN STOCK,,,Meeresgrün,,,,TRUE,TRUE
55211850,55211850,55211850,Ella Strickjacke mit Stickerei Damen Boden,https://eu.boden.com/products/damen-ella-strickjacke-mit-stickerei-camel-stickerei-k1317neu?tc_ch=display&tc_ve=ba&tc_so=tradedesk&tc_me=pp&tc_ca=bau,,,190.00,190.00,https://cdn.shopify.com/s/files/1/0680/4625/8428/files/26waut_k1317_neu_m01_009ac580-aba5-4a04-a406-813169351844.jpg?v=1&width=800,Damen,Damen,03/10/2026,https://eu.boden.com/products/damen-ella-strickjacke-mit-stickerei-camel-stickerei-k1317neu?tc_ch=display&tc_ve=ba&tc_so=tradedesk&tc_me=pp&tc_ca=bau,,,202,IN STOCK,,,"Camel, Stickerei",,,,TRUE,TRUE
55212109,55212109,55212109,Rhoda Kurzes Cordkleid Damen Boden,https://eu.boden.com/products/damen-rhoda-kurzes-cordkleid-erdiges-rot-d1828red?tc_ch=display&tc_ve=ba&tc_so=tradedesk&tc_me=pp&tc_ca=bau,,,140.00,140.00,https://cdn.shopify.com/s/files/1/0680/4625/8428/files/26waut_d1828_red_m01_v1.jpg?v=1&width=800,Damen,Damen,03/10/2026,https://eu.boden.com/products/damen-rhoda-kurzes-cordkleid-erdiges-rot-d1828red?tc_ch=display&tc_ve=ba&tc_so=tradedesk&tc_me=pp&tc_ca=bau,,,31,IN STOCK,,,Erdiges Rot,,,,TRUE,TRUE
55212273,55212273,55212273,Pia Oberteil mit Rüschen Damen Boden,https://eu.boden.com/products/damen-pia-oberteil-mit-rueschen-braun-orange-streifen-t2148brn?tc_ch=display&tc_ve=ba&tc_so=tradedesk&tc_me=pp&tc_ca=bau,,,79.00,79.00,https://cdn.shopify.com/s/files/1/0680/4625/8428/files/26waut_t2148_brn_m01_839604db-62c9-4e6f-a4a8-62c57ed5d471.jpg?v=1&width=800,Damen,Damen,03/10/2026,https://eu.boden.com/products/damen-pia-oberteil-mit-rueschen-braun-orange-streifen-t2148brn?tc_ch=display&tc_ve=ba&tc_so=tradedesk&tc_me=pp&tc_ca=bau,,,216,IN STOCK,,,Braun-Orange Streifen,,,,TRUE,TRUE
55212657,55212657,55212657,Rhoda Kurzes Cordkleid Damen Boden,https://eu.boden.com/products/damen-rhoda-kurzes-cordkleid-marineblau-d1828nav?tc_ch=display&tc_ve=ba&tc_so=tradedesk&tc_me=pp&tc_ca=bau,,,140.00,140.00,https://cdn.shopify.com/s/files/1/0680/4625/8428/files/26wwin_d1828_nav_m05.jpg?v=1&width=800,Damen,Damen,03/10/2026,https://eu.boden.com/products/damen-rhoda-kurzes-cordkleid-marineblau-d1828nav?tc_ch=display&tc_ve=ba&tc_so=tradedesk&tc_me=pp&tc_ca=bau,,,139,IN STOCK,,,Marineblau,,,,TRUE,TRUE
55218685,55218685,55218685,Superweiches Oberteil mit Rüschendetail Damen Boden,https://eu.boden.com/products/damen-superweiches-oberteil-mit-rueschendetail-violette-zwetschge-t1657plm?tc_ch=display&tc_ve=ba&tc_so=tradedesk&tc_me=pp&tc_ca=bau,,,46.00,46.00,https://cdn.shopify.com/s/files/1/0680/4625/8428/files/26waut_t1657_plm_m01_33b6ce02-d3ba-4295-88a8-139531bc374c.jpg?v=1&width=800,Damen,Damen,03/10/2026,https://eu.boden.com/products/damen-superweiches-oberteil-mit-rueschendetail-violette-zwetschge-t1657plm?tc_ch=display&tc_ve=ba&tc_so=tradedesk&tc_me=pp&tc_ca=bau,,,199,IN STOCK,,,Violette Zwetschge,,,,TRUE,TRUE
55200734,55200734,55200734,Langärmliges Oberteil aus Baumwolle mit Rundhalsausschnitt Damen Boden,https://eu.boden.com/products/damen-langaermliges-oberteil-aus-baumwolle-mit-rundhalsausschnitt-klassisches-marineblau-t1829bck?tc_ch=display&tc_ve=ba&tc_so=tradedesk&tc_me=pp&tc_ca=bau,,,43.00,43.00,https://cdn.shopify.com/s/files/1/0680/4625/8428/files/26waut_t1829_bck_m01_fa0341c7-cb22-402b-bd0c-51f315950da3.jpg?v=1&width=800,Damen,Damen,03/10/2026,https://eu.boden.com/products/damen-langaermliges-oberteil-aus-baumwolle-mit-rundhalsausschnitt-klassisches-marineblau-t1829bck?tc_ch=display&tc_ve=ba&tc_so=tradedesk&tc_me=pp&tc_ca=bau,,,176,IN STOCK,,,Klassisches Marineblau,,,,TRUE,TRUE
55201018,55201018,55201018,Langärmliges Oberteil aus Baumwolle mit Rundhalsausschnitt Damen Boden,https://eu.boden.com/products/damen-langaermliges-oberteil-aus-baumwolle-mit-rundhalsausschnitt-sattes-weinrot-t1829pnt?tc_ch=display&tc_ve=ba&tc_so=tradedesk&tc_me=pp&tc_ca=bau,,,43.00,43.00,https://cdn.shopify.com/s/files/1/0680/4625/8428/files/26waut_t1829_pnt_m01.jpg?v=1&width=800,Damen,Damen,03/10/2026,https://eu.boden.com/products/damen-langaermliges-oberteil-aus-baumwolle-mit-rundhalsausschnitt-sattes-weinrot-t1829pnt?tc_ch=display&tc_ve=ba&tc_so=tradedesk&tc_me=pp&tc_ca=bau,,,188,IN STOCK,,,Sattes Weinrot,,,,TRUE,TRUE
55214344,55214344,55214344,Fife Jacquard-Arbeitsjacke Damen Boden,https://eu.boden.com/products/damen-fife-jacquard-arbeitsjacke-marineblau-u0515nav?tc_ch=display&tc_ve=ba&tc_so=tradedesk&tc_me=pp&tc_ca=bau,,,130.00,260.00,https://cdn.shopify.com/s/files/1/0680/4625/8428/files/26waut_u0515_nav_w01_4de1b4a1-7d8b-4c75-93f6-014de9f88ae2.jpg?v=1&width=800,Damen,Damen,03/10/2026,https://eu.boden.com/products/damen-fife-jacquard-arbeitsjacke-marineblau-u0515nav?tc_ch=display&tc_ve=ba&tc_so=tradedesk&tc_me=pp&tc_ca=bau,,,38,IN STOCK,,,Marineblau,,,,TRUE,TRUE
55214403,55214403,55214403,Dartmouth Baumwollblazer Damen Boden,https://eu.boden.com/products/damen-dartmouth-baumwollblazer-rosa-und-braun-hahnentrittmuster-u0466pnk?tc_ch=display&tc_ve=ba&tc_so=tradedesk&tc_me=pp&tc_ca=bau,,,210.00,210.00,https://cdn.shopify.com/s/files/1/0680/4625/8428/files/26waut_u0466_pnk_w01.jpg?v=1&width=800,Damen,Damen,03/10/2026,https://eu.boden.com/products/damen-dartmouth-baumwollblazer-rosa-und-braun-hahnentrittmuster-u0466pnk?tc_ch=display&tc_ve=ba&tc_so=tradedesk&tc_me=pp&tc_ca=bau,,,43,IN STOCK,,,Rosa und Braun Hahnentrittmuster,,,,TRUE,TRUE
55214138,55214138,55214138,Stamford Klassisch geschneiderter Blazer Damen Boden,https://eu.boden.com/products/damen-stamford-klassisch-geschneiderter-blazer-marineblau-camel-strassenbahn-streifen-u0501nav?tc_ch=display&tc_ve=ba&tc_so=tradedesk&tc_me=pp&tc_ca=bau,,,220.00,220.00,https://cdn.shopify.com/s/files/1/0680/4625/8428/files/26waut_u0501_nav_m01_v2.jpg?v=1&width=800,Damen,Damen,03/10/2026,https://eu.boden.com/products/damen-stamford-klassisch-geschneiderter-blazer-marineblau-camel-strassenbahn-streifen-u0501nav?tc_ch=display&tc_ve=ba&tc_so=tradedesk&tc_me=pp&tc_ca=bau,,,67,IN STOCK,,,"Marineblau, Camel Straßenbahn Streifen",,,,TRUE,TRUE
55201535,55201535,55201535,Superweiches Hemd mit Puffärmeln Damen Boden,https://eu.boden.com/products/damen-superweiches-hemd-mit-puffaermeln-weiss-t2204wht?tc_ch=display&tc_ve=ba&tc_so=tradedesk&tc_me=pp&tc_ca=bau,,,49.00,49.00,https://cdn.shopify.com/s/files/1/0680/4625/8428/files/26waut_t2204_wht_m01.jpg?v=1&width=800,Damen,Damen,03/10/2026,https://eu.boden.com/products/damen-superweiches-hemd-mit-puffaermeln-weiss-t2204wht?tc_ch=display&tc_ve=ba&tc_so=tradedesk&tc_me=pp&tc_ca=bau,,,175,IN STOCK,,,Weiß,,,,TRUE,TRUE
55218659,55218659,55218659,Superweiches Henley-Oberteil mit Rüschen Damen Boden,https://eu.boden.com/products/damen-superweiches-henley-oberteil-mit-rueschen-calla-lilie-violett-t1734psp?tc_ch=display&tc_ve=ba&tc_so=tradedesk&tc_me=pp&tc_ca=bau,,,56.00,56.00,https://cdn.shopify.com/s/files/1/0680/4625/8428/files/26waut_t1734_psp_m01_01fa8295-28cb-4ddf-a570-9b9544720494.jpg?v=1&width=800,Damen,Damen,03/10/2026,https://eu.boden.com/products/damen-superweiches-henley-oberteil-mit-rueschen-calla-lilie-violett-t1734psp?tc_ch=display&tc_ve=ba&tc_so=tradedesk&tc_me=pp&tc_ca=bau,,,144,IN STOCK,,,Calla-Lilie Violett,,,,TRUE,TRUE
55227416,55227416,55227416,Langärmliges Oberteil mit Raffung Damen Boden,https://eu.boden.com/products/damen-langaermliges-oberteil-mit-raffung-mitternachtsblaugruen-t2206grn?tc_ch=display&tc_ve=ba&tc_so=tradedesk&tc_me=pp&tc_ca=bau,,,23.60,59.00,https://cdn.shopify.com/s/files/1/0680/4625/8428/files/26waut_t2206_grn_m04_f20f106a-3bfc-406a-bbf8-068593224652.jpg?v=1&width=800,Damen,Damen,03/10/2026,https://eu.boden.com/products/damen-langaermliges-oberteil-mit-raffung-mitternachtsblaugruen-t2206grn?tc_ch=display&tc_ve=ba&tc_so=tradedesk&tc_me=pp&tc_ca=bau,,,17,IN STOCK,,,Mitternachtsblaugrün,,,,TRUE,TRUE
55201347,55201347,55201347,Superweiches Hemd mit Puffärmeln Damen Boden,https://eu.boden.com/products/damen-superweiches-hemd-mit-puffaermeln-jagdgruen-t2204lgr?tc_ch=display&tc_ve=ba&tc_so=tradedesk&tc_me=pp&tc_ca=bau,,,69.00,69.00,https://cdn.shopify.com/s/files/1/0680/4625/8428/files/26waut_t2204_lgr_m02_7c7b95df-9cfd-407a-a905-094ec479cd69.jpg?v=1&width=800,Damen,Damen,03/10/2026,https://eu.boden.com/products/damen-superweiches-hemd-mit-puffaermeln-jagdgruen-t2204lgr?tc_ch=display&tc_ve=ba&tc_so=tradedesk&tc_me=pp&tc_ca=bau,,,296,IN STOCK,,,Jagdgrün,,,,TRUE,TRUE
55214552,55214552,55214552,Ella Bestickter Strickpullover Damen Boden,https://eu.boden.com/products/damen-ella-bestickter-strickpullover-naturweiss-mit-stickerei-k1318oat?tc_ch=display&tc_ve=ba&tc_so=tradedesk&tc_me=pp&tc_ca=bau,,,170.00,170.00,https://cdn.shopify.com/s/files/1/0680/4625/8428/files/26wwin_k1318_oat_w01.jpg?v=1&width=800,Damen,Damen,03/10/2026,https://eu.boden.com/products/damen-ella-bestickter-strickpullover-naturweiss-mit-stickerei-k1318oat?tc_ch=display&tc_ve=ba&tc_so=tradedesk&tc_me=pp&tc_ca=bau,,,113,IN STOCK,,,Naturweiß Mit Stickerei,,,,TRUE,TRUE
55197178,55197178,55197178,Belgravia Ponte-Hose Damen Boden,https://eu.boden.com/products/damen-belgravia-ponte-hose-dunkelviolett-r0814prp?tc_ch=display&tc_ve=ba&tc_so=tradedesk&tc_me=pp&tc_ca=bau,,,120.00,120.00,https://cdn.shopify.com/s/files/1/0680/4625/8428/files/26waut_r0814_prp_m01.jpg?v=1&width=800,Damen,Damen,03/10/2026,https://eu.boden.com/products/damen-belgravia-ponte-hose-dunkelviolett-r0814prp?tc_ch=display&tc_ve=ba&tc_so=tradedesk&tc_me=pp&tc_ca=bau,,,129,IN STOCK,,,Dunkelviolett,,,,TRUE,TRUE
55216423,55216423,55216423,Liz Henley-Pullover Damen Boden,https://eu.boden.com/products/damen-liz-henley-pullover-rosa-heide-k1199pin?tc_ch=display&tc_ve=ba&tc_so=tradedesk&tc_me=pp&tc_ca=bau,,,99.00,99.00,https://cdn.shopify.com/s/files/1/0680/4625/8428/files/26waut_k1199_pin_m01_v1_73b7a7a9-02a1-44cd-8cbb-75f7e760de43.jpg?v=1&width=800,Damen,Damen,03/10/2026,https://eu.boden.com/products/damen-liz-henley-pullover-rosa-heide-k1199pin?tc_ch=display&tc_ve=ba&tc_so=tradedesk&tc_me=pp&tc_ca=bau,,,159,IN STOCK,,,Rosa Heide,,,,TRUE,TRUE
55216166,55216166,55216166,Liz Henley-Pullover Damen Boden,https://eu.boden.com/products/damen-liz-henley-pullover-schwarz-k1199blk?tc_ch=display&tc_ve=ba&tc_so=tradedesk&tc_me=pp&tc_ca=bau,,,99.00,99.00,https://cdn.shopify.com/s/files/1/0680/4625/8428/files/26waut_k1199_blk_m01_v1.jpg?v=1&width=800,Damen,Damen,03/10/2026,https://eu.boden.com/products/damen-liz-henley-pullover-schwarz-k1199blk?tc_ch=display&tc_ve=ba&tc_so=tradedesk&tc_me=pp&tc_ca=bau,,,159,IN STOCK,,,Schwarz,,,,TRUE,TRUE
55216269,55216269,55216269,Liz Henley-Pullover Damen Boden,https://eu.boden.com/products/damen-liz-henley-pullover-waldlichtung-k1199dgr?tc_ch=display&tc_ve=ba&tc_so=tradedesk&tc_me=pp&tc_ca=bau,,,99.00,99.00,https://cdn.shopify.com/s/files/1/0680/4625/8428/files/26waut_k1199_dgr_m01_v2.jpg?v=1&width=800,Damen,Damen,03/10/2026,https://eu.boden.com/products/damen-liz-henley-pullover-waldlichtung-k1199dgr?tc_ch=display&tc_ve=ba&tc_so=tradedesk&tc_me=pp&tc_ca=bau,,,169,IN STOCK,,,Waldlichtung,,,,TRUE,TRUE
55201189,55201189,55201189,"Superweiches, gerafftes Jerseyhemd Damen Boden",https://eu.boden.com/products/damen-superweiches-gerafftes-jerseyhemd-marineblau-t2146nav?tc_ch=display&tc_ve=ba&tc_so=tradedesk&tc_me=pp&tc_ca=bau,,,76.00,76.00,https://cdn.shopify.com/s/files/1/0680/4625/8428/files/26waut_t2146_nav_m02_b8066a94-8d68-44db-9171-2e5d0e711823.jpg?v=1&width=800,Damen,Damen,03/10/2026,https://eu.boden.com/products/damen-superweiches-gerafftes-jerseyhemd-marineblau-t2146nav?tc_ch=display&tc_ve=ba&tc_so=tradedesk&tc_me=pp&tc_ca=bau,,,192,IN STOCK,,,Marineblau,,,,TRUE,TRUE
55214130,55214130,55214130,Annie Basic-Oberteil mit Rundhalsausschnitt Damen Boden,https://eu.boden.com/products/damen-annie-basic-oberteil-mit-rundhalsausschnitt-schwarz-t2211blk?tc_ch=display&tc_ve=ba&tc_so=tradedesk&tc_me=pp&tc_ca=bau,,,46.00,46.00,https://cdn.shopify.com/s/files/1/0680/4625/8428/files/26waut_t2211_blk_m01_8608cd23-2af4-48bd-bbe0-5799d639aaf1.jpg?v=1&width=800,Damen,Damen,03/10/2026,https://eu.boden.com/products/damen-annie-basic-oberteil-mit-rundhalsausschnitt-schwarz-t2211blk?tc_ch=display&tc_ve=ba&tc_so=tradedesk&tc_me=pp&tc_ca=bau,,,177,IN STOCK,,,Schwarz,,,,TRUE,TRUE
55194827,55194827,55194827,Briony Kurzes Jerseykleid Damen Boden,https://eu.boden.com/products/damen-briony-kurzes-jerseykleid-marineblau-d1760nav?tc_ch=display&tc_ve=ba&tc_so=tradedesk&tc_me=pp&tc_ca=bau,,,99.00,99.00,https://cdn.shopify.com/s/files/1/0680/4625/8428/files/26waut_d1760_nav_m03_a567c56a-7896-4713-ad1a-6149003534e2.jpg?v=1&width=800,Damen,Damen,03/10/2026,https://eu.boden.com/products/damen-briony-kurzes-jerseykleid-marineblau-d1760nav?tc_ch=display&tc_ve=ba&tc_so=tradedesk&tc_me=pp&tc_ca=bau,,,105,IN STOCK,,,Marineblau,,,,TRUE,TRUE
55194564,55194564,55194564,Adele Jerseykleid mit Gürtel Damen Boden,https://eu.boden.com/products/damen-adele-jerseykleid-mit-guertel-chromgruen-d1759gry?tc_ch=display&tc_ve=ba&tc_so=tradedesk&tc_me=pp&tc_ca=bau,,,110.00,110.00,https://cdn.shopify.com/s/files/1/0680/4625/8428/files/26waut_d1759_gry_m01_3b5911df-6e92-4cd7-8351-4c992f25b9ca.jpg?v=1&width=800,Damen,Damen,03/10/2026,https://eu.boden.com/products/damen-adele-jerseykleid-mit-guertel-chromgruen-d1759gry?tc_ch=display&tc_ve=ba&tc_so=tradedesk&tc_me=pp&tc_ca=bau,,,120,IN STOCK,,,Chromgrün,,,,TRUE,TRUE
55203099,55203099,55203099,Meg Strickjacke mit Raglanärmeln Damen Boden,https://eu.boden.com/products/damen-meg-strickjacke-mit-raglanaermeln-rosa-naturweiss-color-blocking-k1002ros?tc_ch=display&tc_ve=ba&tc_so=tradedesk&tc_me=pp&tc_ca=bau,,,110.00,110.00,https://cdn.shopify.com/s/files/1/0680/4625/8428/files/26waut_k1002_ros_m02_c1074d2f-3716-42b4-abec-a66680b0c23e.jpg?v=1&width=800,Damen,Damen,03/10/2026,https://eu.boden.com/products/damen-meg-strickjacke-mit-raglanaermeln-rosa-naturweiss-color-blocking-k1002ros?tc_ch=display&tc_ve=ba&tc_so=tradedesk&tc_me=pp&tc_ca=bau,,,275,IN STOCK,,,"Rosa, Naturweiß Color Blocking",,,,TRUE,TRUE
55207487,55207487,55207487,Phoebe Strickjacke mit Kragen Damen Boden,https://eu.boden.com/products/damen-phoebe-strickjacke-mit-kragen-goldenes-roggenfeld-k1296yel?tc_ch=display&tc_ve=ba&tc_so=tradedesk&tc_me=pp&tc_ca=bau,,,72.00,180.00,https://cdn.shopify.com/s/files/1/0680/4625/8428/files/26waut_k1296_yel_w01.jpg?v=1&width=800,Damen,Damen,03/10/2026,https://eu.boden.com/products/damen-phoebe-strickjacke-mit-kragen-goldenes-roggenfeld-k1296yel?tc_ch=display&tc_ve=ba&tc_so=tradedesk&tc_me=pp&tc_ca=bau,,,30,IN STOCK,,,Goldenes Roggenfeld,,,,TRUE,TRUE
55197026,55197026,55197026,Canonbury Baumwollhose Damen Boden,https://eu.boden.com/products/damen-canonbury-baumwollhose-dunkle-traube-r0837pur?tc_ch=display&tc_ve=ba&tc_so=tradedesk&tc_me=pp&tc_ca=bau,,,110.00,110.00,https://cdn.shopify.com/s/files/1/0680/4625/8428/files/26waut_r0837_pur_w01.jpg?v=1&width=800,Damen,Damen,03/10/2026,https://eu.boden.com/products/damen-canonbury-baumwollhose-dunkle-traube-r0837pur?tc_ch=display&tc_ve=ba&tc_so=tradedesk&tc_me=pp&tc_ca=bau,,,60,IN STOCK,,,Dunkle Traube,,,,TRUE,TRUE
55200551,55200551,55200551,Schmal geschnittene Cord-Jeans mit hohem Bund Damen Boden,https://eu.boden.com/products/damen-schmal-geschnittene-cord-jeans-mit-hohem-bund-stechpalmenbeere-r0766pnk?tc_ch=display&tc_ve=ba&tc_so=tradedesk&tc_me=pp&tc_ca=bau,,,110.00,110.00,https://cdn.shopify.com/s/files/1/0680/4625/8428/files/26waut_r0766_pnk_m01_v1_96d9bb98-afdb-472a-b2ee-e678525a0a78.jpg?v=1&width=800,Damen,Damen,03/10/2026,https://eu.boden.com/products/damen-schmal-geschnittene-cord-jeans-mit-hohem-bund-stechpalmenbeere-r0766pnk?tc_ch=display&tc_ve=ba&tc_so=tradedesk&tc_me=pp&tc_ca=bau,,,70,IN STOCK,,,Stechpalmenbeere,,,,TRUE,TRUE
55215802,55215802,55215802,Canonbury 7/8-Hose aus Baumwolle Damen Boden,https://eu.boden.com/products/damen-canonbury-7-8-hose-aus-baumwolle-rosa-braun-feines-hahnentrittmuster-r0992pin?tc_ch=display&tc_ve=ba&tc_so=tradedesk&tc_me=pp&tc_ca=bau,,,150.00,150.00,https://cdn.shopify.com/s/files/1/0680/4625/8428/files/26waut_r0992_pin_m01_v1_76b0881d-6789-4a92-be63-b6242891484b.jpg?v=1&width=800,Damen,Damen,03/10/2026,https://eu.boden.com/products/damen-canonbury-7-8-hose-aus-baumwolle-rosa-braun-feines-hahnentrittmuster-r0992pin?tc_ch=display&tc_ve=ba&tc_so=tradedesk&tc_me=pp&tc_ca=bau,,,98,IN STOCK,,,"Rosa, Braun Feines Hahnentrittmuster",,,,TRUE,TRUE
55194037,55194037,55194037,Fleur Cord-Midikleid Damen Boden,https://eu.boden.com/products/damen-fleur-cord-midikleid-raue-umbra-d1790brn?tc_ch=display&tc_ve=ba&tc_so=tradedesk&tc_me=pp&tc_ca=bau,,,170.00,170.00,https://cdn.shopify.com/s/files/1/0680/4625/8428/files/26waut_d1790_brn_w01.jpg?v=1&width=800,Damen,Damen,03/10/2026,https://eu.boden.com/products/damen-fleur-cord-midikleid-raue-umbra-d1790brn?tc_ch=display&tc_ve=ba&tc_so=tradedesk&tc_me=pp&tc_ca=bau,,,169,IN STOCK,,,Raue Umbra,,,,TRUE,TRUE
55218305,55218305,55218305,Ausgestellte Jeans mit aufgesetzter Tasche Damen Boden,https://eu.boden.com/products/damen-ausgestellte-jeans-mit-aufgesetzter-tasche-indigo-r0893ind?tc_ch=display&tc_ve=ba&tc_so=tradedesk&tc_me=pp&tc_ca=bau,,,150.00,150.00,https://cdn.shopify.com/s/files/1/0680/4625/8428/files/26waut_r0893_ind_m01_v1_8d2907f2-ec96-4c1d-a93f-a4f9ee648978.jpg?v=1&width=800,Damen,Damen,03/10/2026,https://eu.boden.com/products/damen-ausgestellte-jeans-mit-aufgesetzter-tasche-indigo-r0893ind?tc_ch=display&tc_ve=ba&tc_so=tradedesk&tc_me=pp&tc_ca=bau,,,79,IN STOCK,,,Indigo,,,,TRUE,TRUE
55212985,55212985,55212985,Langer Strickmantel Damen Boden,https://eu.boden.com/products/damen-langer-strickmantel-naturweiss-navy-gestreift-k1330crm?tc_ch=display&tc_ve=ba&tc_so=tradedesk&tc_me=pp&tc_ca=bau,,,230.00,230.00,https://cdn.shopify.com/s/files/1/0680/4625/8428/files/26waut_k1330_crm_m01.jpg?v=1&width=800,Damen,Damen,03/10/2026,https://eu.boden.com/products/damen-langer-strickmantel-naturweiss-navy-gestreift-k1330crm?tc_ch=display&tc_ve=ba&tc_so=tradedesk&tc_me=pp&tc_ca=bau,,,109,IN STOCK,,,"Naturweiß/Navy, Gestreift",,,,TRUE,TRUE
55210535,55210535,55210535,Elsie Kaschmir-Strickjacke mit Rundhalsausschnitt Damen Boden,https://eu.boden.com/products/damen-elsie-kaschmir-strickjacke-mit-rundhalsausschnitt-frisches-gruen-k1273mgr?tc_ch=display&tc_ve=ba&tc_so=tradedesk&tc_me=pp&tc_ca=bau,,,180.00,180.00,https://cdn.shopify.com/s/files/1/0680/4625/8428/files/26waut_k1273_mgr_m01_51419ff5-b1f0-425d-bfd8-519be2dfa8ce.jpg?v=1&width=800,Damen,Damen,03/10/2026,https://eu.boden.com/products/damen-elsie-kaschmir-strickjacke-mit-rundhalsausschnitt-frisches-gruen-k1273mgr?tc_ch=display&tc_ve=ba&tc_so=tradedesk&tc_me=pp&tc_ca=bau,,,408,IN STOCK,,,Frisches Grün,,,,TRUE,TRUE
55218677,55218677,55218677,Superweiches Henley-Oberteil mit Rüschen Damen Boden,https://eu.boden.com/products/damen-superweiches-henley-oberteil-mit-rueschen-schwarz-t1734blk?tc_ch=display&tc_ve=ba&tc_so=tradedesk&tc_me=pp&tc_ca=bau,,,56.00,56.00,https://cdn.shopify.com/s/files/1/0680/4625/8428/files/26waut_t1734_blk_m01_102bbe53-ac66-40a7-bfd9-e703892a1b03.jpg?v=1&width=800,Damen,Damen,03/10/2026,https://eu.boden.com/products/damen-superweiches-henley-oberteil-mit-rueschen-schwarz-t1734blk?tc_ch=display&tc_ve=ba&tc_so=tradedesk&tc_me=pp&tc_ca=bau,,,139,IN STOCK,,,Schwarz,,,,TRUE,TRUE
55215594,55215594,55215594,Branscombe Wolljacke mit Schleife Damen Boden,https://eu.boden.com/products/damen-branscombe-wolljacke-mit-schleife-braun-fischgraetmuster-u0489brn?tc_ch=display&tc_ve=ba&tc_so=tradedesk&tc_me=pp&tc_ca=bau,,,330.00,330.00,https://cdn.shopify.com/s/files/1/0680/4625/8428/files/26waut_u0489_brn_m01_ad09c92b-5da9-4286-84d0-6c44461b5978.jpg?v=1&width=800,Damen,Damen,03/10/2026,https://eu.boden.com/products/damen-branscombe-wolljacke-mit-schleife-braun-fischgraetmuster-u0489brn?tc_ch=display&tc_ve=ba&tc_so=tradedesk&tc_me=pp&tc_ca=bau,,,47,IN STOCK,,,"Braun, Fischgrätmuster",,,,TRUE,TRUE
55215655,55215655,55215655,Hoch geschnittene Jeans mit weitem Bein Damen Boden,https://eu.boden.com/products/damen-hoch-geschnittene-jeans-mit-weitem-bein-verwaschenes-schwarz-r0962bla?tc_ch=display&tc_ve=ba&tc_so=tradedesk&tc_me=pp&tc_ca=bau,,,140.00,140.00,https://cdn.shopify.com/s/files/1/0680/4625/8428/files/26waut_r0962_bla_m01_v1.jpg?v=1&width=800,Damen,Damen,03/10/2026,https://eu.boden.com/products/damen-hoch-geschnittene-jeans-mit-weitem-bein-verwaschenes-schwarz-r0962bla?tc_ch=display&tc_ve=ba&tc_so=tradedesk&tc_me=pp&tc_ca=bau,,,96,IN STOCK,,,Verwaschenes Schwarz,,,,TRUE,TRUE
55211544,55211544,55211544,Paula Geripptes Kleid mit Rundhalsausschnitt Damen Boden,https://eu.boden.com/products/damen-paula-geripptes-kleid-mit-rundhalsausschnitt-marineblau-warmes-naturweiss-d1825nav?tc_ch=display&tc_ve=ba&tc_so=tradedesk&tc_me=pp&tc_ca=bau,,,190.00,190.00,https://cdn.shopify.com/s/files/1/0680/4625/8428/files/26waut_d1825_nav_m01_6f6ad553-c815-4e3b-9645-9cbd797f9b8a.jpg?v=1&width=800,Damen,Damen,03/10/2026,https://eu.boden.com/products/damen-paula-geripptes-kleid-mit-rundhalsausschnitt-marineblau-warmes-naturweiss-d1825nav?tc_ch=display&tc_ve=ba&tc_so=tradedesk&tc_me=pp&tc_ca=bau,,,124,IN STOCK,,,"Marineblau, Warmes Naturweiß",,,,TRUE,TRUE
55211614,55211614,55211614,Paula Geripptes Kleid mit Rundhalsausschnitt Damen Boden,https://eu.boden.com/products/damen-paula-geripptes-kleid-mit-rundhalsausschnitt-umbra-verwaschener-denim-d1825brn?tc_ch=display&tc_ve=ba&tc_so=tradedesk&tc_me=pp&tc_ca=bau,,,190.00,190.00,https://cdn.shopify.com/s/files/1/0680/4625/8428/files/26waut_d1825_brn_w01.jpg?v=1&width=800,Damen,Damen,03/10/2026,https://eu.boden.com/products/damen-paula-geripptes-kleid-mit-rundhalsausschnitt-umbra-verwaschener-denim-d1825brn?tc_ch=display&tc_ve=ba&tc_so=tradedesk&tc_me=pp&tc_ca=bau,,,104,IN STOCK,,,"Umbra, Verwaschener Denim",,,,TRUE,TRUE
55200063,55200063,55200063,Sienna Baumwollhemd mit Rüschen Damen Boden,https://eu.boden.com/products/damen-sienna-baumwollhemd-mit-rueschen-vergissmeinnicht-naturweiss-streifen-t2165blu?tc_ch=display&tc_ve=ba&tc_so=tradedesk&tc_me=pp&tc_ca=bau,,,99.00,99.00,https://cdn.shopify.com/s/files/1/0680/4625/8428/files/26waut_t2165_blu_m01_394da0d2-4b2d-40c1-97e1-94b9b69780fd.jpg?v=1&width=800,Damen,Damen,03/10/2026,https://eu.boden.com/products/damen-sienna-baumwollhemd-mit-rueschen-vergissmeinnicht-naturweiss-streifen-t2165blu?tc_ch=display&tc_ve=ba&tc_so=tradedesk&tc_me=pp&tc_ca=bau,,,19,IN STOCK,,,"Vergissmeinnicht, Naturweiß Streifen",,,,TRUE,TRUE
55202334,55202334,55202334,Ula Kurzes Ponte-Kleid Damen Boden,https://eu.boden.com/products/damen-ula-kurzes-ponte-kleid-braunschweigisches-gruen-marineblau-d1820khk?tc_ch=display&tc_ve=ba&tc_so=tradedesk&tc_me=pp&tc_ca=bau,,,150.00,150.00,https://cdn.shopify.com/s/files/1/0680/4625/8428/files/26waut_d1820_khk_m02_v1_44b9fba1-5399-45a1-91c0-ecdcc7a01cc5.jpg?v=1&width=800,Damen,Damen,03/10/2026,https://eu.boden.com/products/damen-ula-kurzes-ponte-kleid-braunschweigisches-gruen-marineblau-d1820khk?tc_ch=display&tc_ve=ba&tc_so=tradedesk&tc_me=pp&tc_ca=bau,,,120,IN STOCK,,,"Braunschweigisches Grün, Marineblau",,,,TRUE,TRUE
55202436,55202436,55202436,Ula Kurzes Ponte-Kleid Damen Boden,https://eu.boden.com/products/damen-ula-kurzes-ponte-kleid-marineblau-naturweiss-d1820nav?tc_ch=display&tc_ve=ba&tc_so=tradedesk&tc_me=pp&tc_ca=bau,,,150.00,150.00,https://cdn.shopify.com/s/files/1/0680/4625/8428/files/26waut_d1820_nav_m01_v1_b208f977-7427-4747-8b1c-12149bd8fb3e.jpg?v=1&width=800,Damen,Damen,03/10/2026,https://eu.boden.com/products/damen-ula-kurzes-ponte-kleid-marineblau-naturweiss-d1820nav?tc_ch=display&tc_ve=ba&tc_so=tradedesk&tc_me=pp&tc_ca=bau,,,116,IN STOCK,,,"Marineblau, Naturweiß",,,,TRUE,TRUE
55196854,55196854,55196854,Elizabeth Strickjacke mit Schleife Damen Boden,https://eu.boden.com/products/damen-elizabeth-strickjacke-mit-schleife-warmes-naturweiss-k1331ivo?tc_ch=display&tc_ve=ba&tc_so=tradedesk&tc_me=pp&tc_ca=bau,,,180.00,180.00,https://cdn.shopify.com/s/files/1/0680/4625/8428/files/26waut_k1331_ivo_w01.jpg?v=1&width=800,Damen,Damen,03/10/2026,https://eu.boden.com/products/damen-elizabeth-strickjacke-mit-schleife-warmes-naturweiss-k1331ivo?tc_ch=display&tc_ve=ba&tc_so=tradedesk&tc_me=pp&tc_ca=bau,,,134,IN STOCK,,,Warmes Naturweiß,,,,TRUE,TRUE
55207903,55207903,55207903,Marianne Pullover aus Merinowolle Damen Boden,https://eu.boden.com/products/damen-marianne-pullover-aus-merinowolle-jagdgruen-k1301grn?tc_ch=display&tc_ve=ba&tc_so=tradedesk&tc_me=pp&tc_ca=bau,,,140.00,140.00,https://cdn.shopify.com/s/files/1/0680/4625/8428/files/26waut_k1301_grn_m01_v1_38bccf28-383f-4c9e-a092-7cc75f983d16.jpg?v=1&width=800,Damen,Damen,03/10/2026,https://eu.boden.com/products/damen-marianne-pullover-aus-merinowolle-jagdgruen-k1301grn?tc_ch=display&tc_ve=ba&tc_so=tradedesk&tc_me=pp&tc_ca=bau,,,324,IN STOCK,,,Jagdgrün,,,,TRUE,TRUE
55214178,55214178,55214178,Ria Verziertes Strick-T-Shirt Damen Boden,https://eu.boden.com/products/damen-ria-verziertes-strick-t-shirt-dunkles-aurorablau-k1316blu?tc_ch=display&tc_ve=ba&tc_so=tradedesk&tc_me=pp&tc_ca=bau,,,180.00,180.00,https://cdn.shopify.com/s/files/1/0680/4625/8428/files/26waut_k1316_blu_m01_v1_9c69ca0e-8553-4fa8-b034-c7284ad52d7f.jpg?v=1&width=800,Damen,Damen,03/10/2026,https://eu.boden.com/products/damen-ria-verziertes-strick-t-shirt-dunkles-aurorablau-k1316blu?tc_ch=display&tc_ve=ba&tc_so=tradedesk&tc_me=pp&tc_ca=bau,,,135,IN STOCK,,,Dunkles Aurorablau,,,,TRUE,TRUE
55211278,55211278,55211278,Elizabeth Strickjacke mit Schleife Damen Boden,https://eu.boden.com/products/damen-elizabeth-strickjacke-mit-schleife-camel-hahnentrittmuster-k1331neu?tc_ch=display&tc_ve=ba&tc_so=tradedesk&tc_me=pp&tc_ca=bau,,,190.00,190.00,https://cdn.shopify.com/s/files/1/0680/4625/8428/files/26waut_k1331_neu_m05_b65674f3-4229-4c78-8b81-f0d2a76901f6.jpg?v=1&width=800,Damen,Damen,03/10/2026,https://eu.boden.com/products/damen-elizabeth-strickjacke-mit-schleife-camel-hahnentrittmuster-k1331neu?tc_ch=display&tc_ve=ba&tc_so=tradedesk&tc_me=pp&tc_ca=bau,,,87,IN STOCK,,,"Camel, Hahnentrittmuster",,,,TRUE,TRUE
55204470,55204470,55204470,Strickpullover mit Schleife am Ausschnitt Damen Boden,https://eu.boden.com/products/damen-strickpullover-mit-schleife-am-ausschnitt-mohnblumenrot-k1304red?tc_ch=display&tc_ve=ba&tc_so=tradedesk&tc_me=pp&tc_ca=bau,,,110.00,110.00,https://cdn.shopify.com/s/files/1/0680/4625/8428/files/26waut_k1304_red_m01_v1_951b6991-f901-4074-9185-4e9f1cc829be.jpg?v=1&width=800,Damen,Damen,03/10/2026,https://eu.boden.com/products/damen-strickpullover-mit-schleife-am-ausschnitt-mohnblumenrot-k1304red?tc_ch=display&tc_ve=ba&tc_so=tradedesk&tc_me=pp&tc_ca=bau,,,63,IN STOCK,,,Mohnblumenrot,,,,TRUE,TRUE
55196338,55196338,55196338,Elizabeth Strickjacke mit Schleife Damen Boden,https://eu.boden.com/products/damen-elizabeth-strickjacke-mit-schleife-bitterschokolade-k1331brn?tc_ch=display&tc_ve=ba&tc_so=tradedesk&tc_me=pp&tc_ca=bau,,,180.00,180.00,https://cdn.shopify.com/s/files/1/0680/4625/8428/files/26waut_k1331_brn_m01_v2.jpg?v=1&width=800,Damen,Damen,03/10/2026,https://eu.boden.com/products/damen-elizabeth-strickjacke-mit-schleife-bitterschokolade-k1331brn?tc_ch=display&tc_ve=ba&tc_so=tradedesk&tc_me=pp&tc_ca=bau,,,33,IN STOCK,,,Bitterschokolade,,,,TRUE,TRUE
55210611,55210611,55210611,Taillierte Woll-Strickjacke mit Schößchen Damen Boden,https://eu.boden.com/products/damen-taillierte-woll-strickjacke-mit-schoesschen-schwarz-k1347blk?tc_ch=display&tc_ve=ba&tc_so=tradedesk&tc_me=pp&tc_ca=bau,,,170.00,170.00,https://cdn.shopify.com/s/files/1/0680/4625/8428/files/26waut_k1347_blk_m01_0010426a-9d34-4780-a5b8-25d47dcde0ca.jpg?v=1&width=800,Damen,Damen,03/10/2026,https://eu.boden.com/products/damen-taillierte-woll-strickjacke-mit-schoesschen-schwarz-k1347blk?tc_ch=display&tc_ve=ba&tc_so=tradedesk&tc_me=pp&tc_ca=bau,,,23,IN STOCK,,,Schwarz,,,,TRUE,TRUE
55211183,55211183,55211183,Paula Gerippter Pullover mit U-Boot-Ausschnitt Damen Boden,https://eu.boden.com/products/damen-paula-gerippter-pullover-mit-u-boot-ausschnitt-marineblau-k1340nav?tc_ch=display&tc_ve=ba&tc_so=tradedesk&tc_me=pp&tc_ca=bau,,,72.00,120.00,https://cdn.shopify.com/s/files/1/0680/4625/8428/files/26waut_k1340_nav_m01_20bf79e9-4b92-4712-9366-e146a91d0ce5.jpg?v=1&width=800,Damen,Damen,03/10/2026,https://eu.boden.com/products/damen-paula-gerippter-pullover-mit-u-boot-ausschnitt-marineblau-k1340nav?tc_ch=display&tc_ve=ba&tc_so=tradedesk&tc_me=pp&tc_ca=bau,,,13,IN STOCK,,,Marineblau,,,,TRUE,TRUE
55210648,55210648,55210648,Elsie Kaschmirpullover mit Rundhalsausschnitt Damen Boden,https://eu.boden.com/products/damen-elsie-kaschmirpullover-mit-rundhalsausschnitt-rosa-heide-k1298peb?tc_ch=display&tc_ve=ba&tc_so=tradedesk&tc_me=pp&tc_ca=bau,,,170.00,170.00,https://cdn.shopify.com/s/files/1/0680/4625/8428/files/26waut_k1298_peb_m01_6bd6f820-91ec-4e49-be4e-7161e57fa684.jpg?v=1&width=800,Damen,Damen,03/10/2026,https://eu.boden.com/products/damen-elsie-kaschmirpullover-mit-rundhalsausschnitt-rosa-heide-k1298peb?tc_ch=display&tc_ve=ba&tc_so=tradedesk&tc_me=pp&tc_ca=bau,,,76,IN STOCK,,,Rosa Heide,,,,TRUE,TRUE
55211859,55211859,55211859,Marianne Pullover aus Merinowolle Damen Boden,https://eu.boden.com/products/damen-marianne-pullover-aus-merinowolle-nerz-streifen-k1301ntl?tc_ch=display&tc_ve=ba&tc_so=tradedesk&tc_me=pp&tc_ca=bau,,,150.00,150.00,https://cdn.shopify.com/s/files/1/0680/4625/8428/files/26waut_k1301_ntl_m01_v1_09dc2fa3-2a81-42a2-b1c0-be611594d548.jpg?v=1&width=800,Damen,Damen,03/10/2026,https://eu.boden.com/products/damen-marianne-pullover-aus-merinowolle-nerz-streifen-k1301ntl?tc_ch=display&tc_ve=ba&tc_so=tradedesk&tc_me=pp&tc_ca=bau,,,256,IN STOCK,,,"Nerz, Streifen",,,,TRUE,TRUE
55207767,55207767,55207767,Marianne Pullover aus Merinowolle Damen Boden,https://eu.boden.com/products/damen-marianne-pullover-aus-merinowolle-marineblau-k1301nav?tc_ch=display&tc_ve=ba&tc_so=tradedesk&tc_me=pp&tc_ca=bau,,,140.00,140.00,https://cdn.shopify.com/s/files/1/0680/4625/8428/files/26waut_k1301_nav_w01.jpg?v=1&width=800,Damen,Damen,03/10/2026,https://eu.boden.com/products/damen-marianne-pullover-aus-merinowolle-marineblau-k1301nav?tc_ch=display&tc_ve=ba&tc_so=tradedesk&tc_me=pp&tc_ca=bau,,,363,IN STOCK,,,Marineblau,,,,TRUE,TRUE
55207581,55207581,55207581,Gestricktes Henley-T-Shirt Damen Boden,https://eu.boden.com/products/damen-gestricktes-henley-t-shirt-kamelbraun-marineblau-streifen-k1302neu?tc_ch=display&tc_ve=ba&tc_so=tradedesk&tc_me=pp&tc_ca=bau,,,39.60,99.00,https://cdn.shopify.com/s/files/1/0680/4625/8428/files/26waut_k1302_neu_m01_v1_aaa8d144-9b05-431a-aef5-a8604435f5a3.jpg?v=1&width=800,Damen,Damen,03/10/2026,https://eu.boden.com/products/damen-gestricktes-henley-t-shirt-kamelbraun-marineblau-streifen-k1302neu?tc_ch=display&tc_ve=ba&tc_so=tradedesk&tc_me=pp&tc_ca=bau,,,75,IN STOCK,,,"Kamelbraun, Marineblau Streifen",,,,TRUE,TRUE
55210811,55210811,55210811,Elsie Kaschmirpullover mit V-Ausschnitt Damen Boden,https://eu.boden.com/products/damen-elsie-kaschmirpullover-mit-v-ausschnitt-dunkle-traube-k1333prp?tc_ch=display&tc_ve=ba&tc_so=tradedesk&tc_me=pp&tc_ca=bau,,,170.00,170.00,https://cdn.shopify.com/s/files/1/0680/4625/8428/files/26waut_k1333_prp_w01.jpg?v=1&width=800,Damen,Damen,03/10/2026,https://eu.boden.com/products/damen-elsie-kaschmirpullover-mit-v-ausschnitt-dunkle-traube-k1333prp?tc_ch=display&tc_ve=ba&tc_so=tradedesk&tc_me=pp&tc_ca=bau,,,206,IN STOCK,,,Dunkle Traube,,,,TRUE,TRUE
55212073,55212073,55212073,Jacquard-Rock in A-Linie Damen Boden,https://eu.boden.com/products/damen-jacquard-rock-in-a-linie-jacquard-blumenmuster-r1002nav?tc_ch=display&tc_ve=ba&tc_so=tradedesk&tc_me=pp&tc_ca=bau,,,85.00,170.00,https://cdn.shopify.com/s/files/1/0680/4625/8428/files/26waut_r1002_nav_w01.jpg?v=1&width=800,Damen,Damen,03/10/2026,https://eu.boden.com/products/damen-jacquard-rock-in-a-linie-jacquard-blumenmuster-r1002nav?tc_ch=display&tc_ve=ba&tc_so=tradedesk&tc_me=pp&tc_ca=bau,,,66,IN STOCK,,,Jacquard Blumenmuster,,,,TRUE,TRUE
55210955,55210955,55210955,Taillierte Woll-Strickjacke mit Schößchen Damen Boden,https://eu.boden.com/products/damen-taillierte-woll-strickjacke-mit-schoesschen-seegras-k1347grn?tc_ch=display&tc_ve=ba&tc_so=tradedesk&tc_me=pp&tc_ca=bau,,,170.00,170.00,https://cdn.shopify.com/s/files/1/0680/4625/8428/files/26waut_k1347_grn_w01.jpg?v=1&width=800,Damen,Damen,03/10/2026,https://eu.boden.com/products/damen-taillierte-woll-strickjacke-mit-schoesschen-seegras-k1347grn?tc_ch=display&tc_ve=ba&tc_so=tradedesk&tc_me=pp&tc_ca=bau,,,140,IN STOCK,,,Seegras,,,,TRUE,TRUE
55201857,55201857,55201857,Hemd mit voluminösen Ärmeln Damen Boden,https://eu.boden.com/products/damen-hemd-mit-voluminoesen-aermeln-weiss-t2182whi?tc_ch=display&tc_ve=ba&tc_so=tradedesk&tc_me=pp&tc_ca=bau,,,99.00,99.00,https://cdn.shopify.com/s/files/1/0680/4625/8428/files/26waut_t2182_whi_m04_a2f214a2-3810-4669-bbae-d19a3e3034dc.jpg?v=1&width=800,Damen,Damen,03/10/2026,https://eu.boden.com/products/damen-hemd-mit-voluminoesen-aermeln-weiss-t2182whi?tc_ch=display&tc_ve=ba&tc_so=tradedesk&tc_me=pp&tc_ca=bau,,,80,IN STOCK,,,Weiß,,,,TRUE,TRUE
55219142,55219142,55219142,Midirock aus Jacquardstrick Damen Boden,https://eu.boden.com/products/damen-midirock-aus-jacquardstrick-camel-streifen-r0980neu?tc_ch=display&tc_ve=ba&tc_so=tradedesk&tc_me=pp&tc_ca=bau,,,68.00,170.00,https://cdn.shopify.com/s/files/1/0680/4625/8428/files/26waut_r0980_neu_m01_v1_89e46519-a77e-4015-92d9-81257904bd97.jpg?v=1&width=800,Damen,Damen,03/10/2026,https://eu.boden.com/products/damen-midirock-aus-jacquardstrick-camel-streifen-r0980neu?tc_ch=display&tc_ve=ba&tc_so=tradedesk&tc_me=pp&tc_ca=bau,,,87,IN STOCK,,,Camel Streifen,,,,TRUE,TRUE
55210982,55210982,55210982,Langärmliges Hemd mit Muster Damen Boden,https://eu.boden.com/products/damen-langaermliges-hemd-mit-muster-bunt-bluehende-gardenie-t2190mlt?tc_ch=display&tc_ve=ba&tc_so=tradedesk&tc_me=pp&tc_ca=bau,,,90.00,150.00,https://cdn.shopify.com/s/files/1/0680/4625/8428/files/26waut_t2190_mlt_m02_v2_6fcfadc4-88e9-4e9b-8d73-4ab1fa03cc93.jpg?v=1&width=800,Damen,Damen,03/10/2026,https://eu.boden.com/products/damen-langaermliges-hemd-mit-muster-bunt-bluehende-gardenie-t2190mlt?tc_ch=display&tc_ve=ba&tc_so=tradedesk&tc_me=pp&tc_ca=bau,,,74,IN STOCK,,,"Bunt, Blühende Gardenie",,,,TRUE,TRUE
55215395,55215395,55215395,Mya Gerafftes Jersey-Midikleid Damen Boden,https://eu.boden.com/products/damen-mya-gerafftes-jersey-midikleid-franzoesisches-marineblau-zarter-garten-d1817blk?tc_ch=display&tc_ve=ba&tc_so=tradedesk&tc_me=pp&tc_ca=bau,,,60.00,150.00,https://cdn.shopify.com/s/files/1/0680/4625/8428/files/26waut_d1817_blk_m01_v2.jpg?v=1&width=800,Damen,Damen,03/10/2026,https://eu.boden.com/products/damen-mya-gerafftes-jersey-midikleid-franzoesisches-marineblau-zarter-garten-d1817blk?tc_ch=display&tc_ve=ba&tc_so=tradedesk&tc_me=pp&tc_ca=bau,,,71,IN STOCK,,,"Französisches Marineblau, Zarter Garten",,,,TRUE,TRUE
55210694,55210694,55210694,Elsie Kaschmirpullover mit V-Ausschnitt Damen Boden,https://eu.boden.com/products/damen-elsie-kaschmirpullover-mit-v-ausschnitt-rosa-heide-k1333pnt?tc_ch=display&tc_ve=ba&tc_so=tradedesk&tc_me=pp&tc_ca=bau,,,170.00,170.00,https://cdn.shopify.com/s/files/1/0680/4625/8428/files/26waut_k1333_pnt_m01_v1.jpg?v=1&width=800,Damen,Damen,03/10/2026,https://eu.boden.com/products/damen-elsie-kaschmirpullover-mit-v-ausschnitt-rosa-heide-k1333pnt?tc_ch=display&tc_ve=ba&tc_so=tradedesk&tc_me=pp&tc_ca=bau,,,193,IN STOCK,,,Rosa Heide,,,,TRUE,TRUE
55210889,55210889,55210889,Taillierte Woll-Strickjacke mit Schößchen Damen Boden,https://eu.boden.com/products/damen-taillierte-woll-strickjacke-mit-schoesschen-rosa-k1347pin?tc_ch=display&tc_ve=ba&tc_so=tradedesk&tc_me=pp&tc_ca=bau,,,170.00,170.00,https://cdn.shopify.com/s/files/1/0680/4625/8428/files/26waut_k1347_pin_m01_v1_8f8ab046-9c53-40f1-bb5e-f0d56c39d384.jpg?v=1&width=800,Damen,Damen,03/10/2026,https://eu.boden.com/products/damen-taillierte-woll-strickjacke-mit-schoesschen-rosa-k1347pin?tc_ch=display&tc_ve=ba&tc_so=tradedesk&tc_me=pp&tc_ca=bau,,,40,IN STOCK,,,Rosa,,,,TRUE,TRUE
55195380,55195380,55195380,Marla Ottoman-Kleid mit Ziernähten Damen Boden,https://eu.boden.com/products/damen-marla-ottoman-kleid-mit-ziernaehten-lebkuchen-d1821lbr?tc_ch=display&tc_ve=ba&tc_so=tradedesk&tc_me=pp&tc_ca=bau,,,99.00,99.00,https://cdn.shopify.com/s/files/1/0680/4625/8428/files/26waut_d1821_lbr_m01_v1_6da4a8d9-1d1c-462b-9565-37979bcacf15.jpg?v=1&width=800,Damen,Damen,03/10/2026,https://eu.boden.com/products/damen-marla-ottoman-kleid-mit-ziernaehten-lebkuchen-d1821lbr?tc_ch=display&tc_ve=ba&tc_so=tradedesk&tc_me=pp&tc_ca=bau,,,318,IN STOCK,,,Lebkuchen,,,,TRUE,TRUE
55196160,55196160,55196160,Elizabeth Strickjacke mit Schleife Damen Boden,https://eu.boden.com/products/damen-elizabeth-strickjacke-mit-schleife-orchideenrosa-k1331pin?tc_ch=display&tc_ve=ba&tc_so=tradedesk&tc_me=pp&tc_ca=bau,,,180.00,180.00,https://cdn.shopify.com/s/files/1/0680/4625/8428/files/26waut_k1331_pin_m01_1921031a-2d54-4ff3-ba51-5bc1ad4c3b67.jpg?v=1&width=800,Damen,Damen,03/10/2026,https://eu.boden.com/products/damen-elizabeth-strickjacke-mit-schleife-orchideenrosa-k1331pin?tc_ch=display&tc_ve=ba&tc_so=tradedesk&tc_me=pp&tc_ca=bau,,,8,IN STOCK,,,Orchideenrosa,,,,TRUE,TRUE
55214870,55214870,55214870,Ria Verziertes Strick-T-Shirt Damen Boden,https://eu.boden.com/products/damen-ria-verziertes-strick-t-shirt-amethyst-lila-k1316psp?tc_ch=display&tc_ve=ba&tc_so=tradedesk&tc_me=pp&tc_ca=bau,,,180.00,180.00,https://cdn.shopify.com/s/files/1/0680/4625/8428/files/26waut_k1316_psp_w01.jpg?v=1&width=800,Damen,Damen,03/10/2026,https://eu.boden.com/products/damen-ria-verziertes-strick-t-shirt-amethyst-lila-k1316psp?tc_ch=display&tc_ve=ba&tc_so=tradedesk&tc_me=pp&tc_ca=bau,,,36,IN STOCK,,,Amethyst-Lila,,,,TRUE,TRUE
55192311,55192311,55192311,Dinah Flexible Loafer für jeden Tag Damen Boden,https://eu.boden.com/products/damen-dinah-flexible-loafer-fuer-jeden-tag-weinrot-lack-a2236bur?tc_ch=display&tc_ve=ba&tc_so=tradedesk&tc_me=pp&tc_ca=bau,,,150.00,150.00,https://cdn.shopify.com/s/files/1/0680/4625/8428/files/26waut_a2236_bur_733fa8eb-cb13-4e9d-bfb4-b991f75e244b.jpg?v=1&width=800,Damen,Damen,03/10/2026,https://eu.boden.com/products/damen-dinah-flexible-loafer-fuer-jeden-tag-weinrot-lack-a2236bur?tc_ch=display&tc_ve=ba&tc_so=tradedesk&tc_me=pp&tc_ca=bau,,,96,IN STOCK,,,Weinrot Lack,,,,TRUE,TRUE
55200853,55200853,55200853,Camilla Ballerinas mit Rüschendetail Damen Boden,https://eu.boden.com/products/damen-camilla-ballerinas-mit-rueschendetail-schwarz-a2230blk?tc_ch=display&tc_ve=ba&tc_so=tradedesk&tc_me=pp&tc_ca=bau,,,150.00,150.00,https://cdn.shopify.com/s/files/1/0680/4625/8428/files/26waut_a2230_blk_ed5d03f7-ee7e-49d6-a1c9-e717813a0596.jpg?v=1&width=800,Damen,Damen,03/10/2026,https://eu.boden.com/products/damen-camilla-ballerinas-mit-rueschendetail-schwarz-a2230blk?tc_ch=display&tc_ve=ba&tc_so=tradedesk&tc_me=pp&tc_ca=bau,,,91,IN STOCK,,,Schwarz,,,,TRUE,TRUE
55201434,55201434,55201434,Dinah Flexible Loafer für jeden Tag Damen Boden,https://eu.boden.com/products/damen-dinah-flexible-loafer-fuer-jeden-tag-raue-umbra-a2236brm?tc_ch=display&tc_ve=ba&tc_so=tradedesk&tc_me=pp&tc_ca=bau,,,150.00,150.00,https://cdn.shopify.com/s/files/1/0680/4625/8428/files/26waut_a2236_brm_f7120914-db30-40dc-a49b-452e65baf9b3.jpg?v=1&width=800,Damen,Damen,03/10/2026,https://eu.boden.com/products/damen-dinah-flexible-loafer-fuer-jeden-tag-raue-umbra-a2236brm?tc_ch=display&tc_ve=ba&tc_so=tradedesk&tc_me=pp&tc_ca=bau,,,99,IN STOCK,,,Raue Umbra,,,,TRUE,TRUE
55221450,55221450,55221450,Elisabeth Quadratischer Seidenschal Damen Boden,https://eu.boden.com/products/damen-elisabeth-quadratischer-seidenschal-rosa-pfingstrose-hahnentrittmuster-a1592ros?tc_ch=display&tc_ve=ba&tc_so=tradedesk&tc_me=pp&tc_ca=bau,,,99.00,99.00,https://cdn.shopify.com/s/files/1/0680/4625/8428/files/26waut_a1592_ros_99fe51e5-e977-4c3f-b234-84c54e6f5b78.jpg?v=1&width=800,Damen,Damen,03/10/2026,https://eu.boden.com/products/damen-elisabeth-quadratischer-seidenschal-rosa-pfingstrose-hahnentrittmuster-a1592ros?tc_ch=display&tc_ve=ba&tc_so=tradedesk&tc_me=pp&tc_ca=bau,,,71,IN STOCK,,,"Rosa Pfingstrose, Hahnentrittmuster",,,,TRUE,TRUE
55201358,55201358,55201358,Dinah Flexible Loafer für jeden Tag Damen Boden,https://eu.boden.com/products/damen-dinah-flexible-loafer-fuer-jeden-tag-schwarz-und-naturweiss-gesprenkelt-a2236mlt?tc_ch=display&tc_ve=ba&tc_so=tradedesk&tc_me=pp&tc_ca=bau,,,68.00,170.00,https://cdn.shopify.com/s/files/1/0680/4625/8428/files/26waut_a2236_mlt_0a68054e-ebc1-445f-9d06-3e1ba95d64b0.jpg?v=1&width=800,Damen,Damen,03/10/2026,https://eu.boden.com/products/damen-dinah-flexible-loafer-fuer-jeden-tag-schwarz-und-naturweiss-gesprenkelt-a2236mlt?tc_ch=display&tc_ve=ba&tc_so=tradedesk&tc_me=pp&tc_ca=bau,,,17,IN STOCK,,,Schwarz und Naturweiß gesprenkelt,,,,TRUE,TRUE
55207612,55207612,55207612,Camilla Ballerinas mit Rüschendetail Damen Boden,https://eu.boden.com/products/damen-camilla-ballerinas-mit-rueschendetail-bitterschokolade-a2230mbr?tc_ch=display&tc_ve=ba&tc_so=tradedesk&tc_me=pp&tc_ca=bau,,,150.00,150.00,https://cdn.shopify.com/s/files/1/0680/4625/8428/files/26waut_a2230_mbr_2dfefd77-9265-490e-a365-4416f3362d9b.jpg?v=1&width=800,Damen,Damen,03/10/2026,https://eu.boden.com/products/damen-camilla-ballerinas-mit-rueschendetail-bitterschokolade-a2230mbr?tc_ch=display&tc_ve=ba&tc_so=tradedesk&tc_me=pp&tc_ca=bau,,,172,IN STOCK,,,Bitterschokolade,,,,TRUE,TRUE
55201615,55201615,55201615,Dinah Flexible Loafer für jeden Tag Damen Boden,https://eu.boden.com/products/damen-dinah-flexible-loafer-fuer-jeden-tag-schoko-a2236dbr?tc_ch=display&tc_ve=ba&tc_so=tradedesk&tc_me=pp&tc_ca=bau,,,150.00,150.00,https://cdn.shopify.com/s/files/1/0680/4625/8428/files/26waut_a2236_dbr_m01_v3_88779173-36d0-46b5-abe8-86066a7b6d20.jpg?v=1&width=800,Damen,Damen,03/10/2026,https://eu.boden.com/products/damen-dinah-flexible-loafer-fuer-jeden-tag-schoko-a2236dbr?tc_ch=display&tc_ve=ba&tc_so=tradedesk&tc_me=pp&tc_ca=bau,,,131,IN STOCK,,,Schoko,,,,TRUE,TRUE
55217451,55217451,55217451,Halskette mit Anhänger Damen Boden,https://eu.boden.com/products/damen-halskette-mit-anhaenger-blume-a2263stp?tc_ch=display&tc_ve=ba&tc_so=tradedesk&tc_me=pp&tc_ca=bau,,,69.00,69.00,https://cdn.shopify.com/s/files/1/0680/4625/8428/files/26waut_a2263_stp_784c6f34-317b-4ae7-a0cb-14b80f12edff.jpg?v=1&width=800,Damen,Damen,03/10/2026,https://eu.boden.com/products/damen-halskette-mit-anhaenger-blume-a2263stp?tc_ch=display&tc_ve=ba&tc_so=tradedesk&tc_me=pp&tc_ca=bau,,,122,IN STOCK,,,Blume,,,,TRUE,TRUE
55191934,55191934,55191934,Dinah Flexible Loafer für jeden Tag Damen Boden,https://eu.boden.com/products/damen-dinah-flexible-loafer-fuer-jeden-tag-klassisches-leopardenmuster-a2236mul?tc_ch=display&tc_ve=ba&tc_so=tradedesk&tc_me=pp&tc_ca=bau,,,170.00,170.00,https://cdn.shopify.com/s/files/1/0680/4625/8428/files/26waut_a2236_mul_4c51e4f8-3ed6-49be-b9b9-63acd1392382.jpg?v=1&width=800,Damen,Damen,03/10/2026,https://eu.boden.com/products/damen-dinah-flexible-loafer-fuer-jeden-tag-klassisches-leopardenmuster-a2236mul?tc_ch=display&tc_ve=ba&tc_so=tradedesk&tc_me=pp&tc_ca=bau,,,45,IN STOCK,,,Klassisches Leopardenmuster,,,,TRUE,TRUE
55231142,55231142,55231142,Halskette mit vielseitigen Anhängern Damen Boden,https://eu.boden.com/products/damen-halskette-mit-vielseitigen-anhaengern-gold-a2339gol?tc_ch=display&tc_ve=ba&tc_so=tradedesk&tc_me=pp&tc_ca=bau,,,69.00,69.00,https://cdn.shopify.com/s/files/1/0680/4625/8428/files/26waut_a2339_gol_05327f29-1c8e-4110-8188-3a754c11dfb2.jpg?v=1&width=800,Damen,Damen,03/10/2026,https://eu.boden.com/products/damen-halskette-mit-vielseitigen-anhaengern-gold-a2339gol?tc_ch=display&tc_ve=ba&tc_so=tradedesk&tc_me=pp&tc_ca=bau,,,250,IN STOCK,,,Gold,,,,TRUE,TRUE
55196080,55196080,55196080,Honor Säulen-Midikleid aus Jersey Damen Boden,https://eu.boden.com/products/damen-honor-saeulen-midikleid-aus-jersey-schwarz-d1767bck?tc_ch=display&tc_ve=ba&tc_so=tradedesk&tc_me=pp&tc_ca=bau,,,120.00,120.00,https://cdn.shopify.com/s/files/1/0680/4625/8428/files/26waut_d1767_bck_m01_6f889483-7b10-42dc-bef2-0f48d551b014.jpg?v=1&width=800,Damen,Damen,03/10/2026,https://eu.boden.com/products/damen-honor-saeulen-midikleid-aus-jersey-schwarz-d1767bck?tc_ch=display&tc_ve=ba&tc_so=tradedesk&tc_me=pp&tc_ca=bau,,,146,IN STOCK,,,Schwarz,,,,TRUE,TRUE
55194257,55194257,55194257,Alex Ponte-Midikleid in Kontrastfarben Damen Boden,https://eu.boden.com/products/damen-alex-ponte-midikleid-in-kontrastfarben-himbeer-coulis-d1758prp?tc_ch=display&tc_ve=ba&tc_so=tradedesk&tc_me=pp&tc_ca=bau,,,180.00,180.00,https://cdn.shopify.com/s/files/1/0680/4625/8428/files/26waut_d1758_prp_m01.jpg?v=1&width=800,Damen,Damen,03/10/2026,https://eu.boden.com/products/damen-alex-ponte-midikleid-in-kontrastfarben-himbeer-coulis-d1758prp?tc_ch=display&tc_ve=ba&tc_so=tradedesk&tc_me=pp&tc_ca=bau,,,71,IN STOCK,,,Himbeer-Coulis,,,,TRUE,TRUE
55214528,55214528,55214528,Jasmin Gerafftes Jerseykleid Damen Boden,https://eu.boden.com/products/damen-jasmin-gerafftes-jerseykleid-purpurrot-d1764drd?tc_ch=display&tc_ve=ba&tc_so=tradedesk&tc_me=pp&tc_ca=bau,,,120.00,120.00,https://cdn.shopify.com/s/files/1/0680/4625/8428/files/26waut_d1764_drd_m01.jpg?v=1&width=800,Damen,Damen,03/10/2026,https://eu.boden.com/products/damen-jasmin-gerafftes-jerseykleid-purpurrot-d1764drd?tc_ch=display&tc_ve=ba&tc_so=tradedesk&tc_me=pp&tc_ca=bau,,,33,IN STOCK,,,Purpurrot,,,,TRUE,TRUE
55196523,55196523,55196523,Marla Ottoman-Kleid mit Ziernähten Damen Boden,https://eu.boden.com/products/damen-marla-ottoman-kleid-mit-ziernaehten-gruene-fichte-d1821dgr?tc_ch=display&tc_ve=ba&tc_so=tradedesk&tc_me=pp&tc_ca=bau,,,99.00,99.00,https://cdn.shopify.com/s/files/1/0680/4625/8428/files/26waut_d1821_dgr_m01.jpg?v=1&width=800,Damen,Damen,03/10/2026,https://eu.boden.com/products/damen-marla-ottoman-kleid-mit-ziernaehten-gruene-fichte-d1821dgr?tc_ch=display&tc_ve=ba&tc_so=tradedesk&tc_me=pp&tc_ca=bau,,,188,IN STOCK,,,Grüne Fichte,,,,TRUE,TRUE
55216703,55216703,55216703,Nia Langärmliges Ottoman-Kleid Damen Boden,https://eu.boden.com/products/damen-nia-langaermliges-ottoman-kleid-schwarz-d1831blk?tc_ch=display&tc_ve=ba&tc_so=tradedesk&tc_me=pp&tc_ca=bau,,,120.00,120.00,https://cdn.shopify.com/s/files/1/0680/4625/8428/files/26waut_d1831_blk_m01_12866580-77d2-4a08-a7b7-1def9046dbf4.jpg?v=1&width=800,Damen,Damen,03/10/2026,https://eu.boden.com/products/damen-nia-langaermliges-ottoman-kleid-schwarz-d1831blk?tc_ch=display&tc_ve=ba&tc_so=tradedesk&tc_me=pp&tc_ca=bau,,,124,IN STOCK,,,Schwarz,,,,TRUE,TRUE
55196828,55196828,55196828,Marla Ottoman-Kleid mit Ziernähten Damen Boden,https://eu.boden.com/products/damen-marla-ottoman-kleid-mit-ziernaehten-schwarz-d1821blk?tc_ch=display&tc_ve=ba&tc_so=tradedesk&tc_me=pp&tc_ca=bau,,,99.00,99.00,https://cdn.shopify.com/s/files/1/0680/4625/8428/files/26waut_d1821_blk_m01.jpg?v=1&width=800,Damen,Damen,03/10/2026,https://eu.boden.com/products/damen-marla-ottoman-kleid-mit-ziernaehten-schwarz-d1821blk?tc_ch=display&tc_ve=ba&tc_so=tradedesk&tc_me=pp&tc_ca=bau,,,354,IN STOCK,,,Schwarz,,,,TRUE,TRUE
55216746,55216746,55216746,Nia Langärmliges Ottoman-Kleid Damen Boden,https://eu.boden.com/products/damen-nia-langaermliges-ottoman-kleid-marineblau-d1831nav?tc_ch=display&tc_ve=ba&tc_so=tradedesk&tc_me=pp&tc_ca=bau,,,120.00,120.00,https://cdn.shopify.com/s/files/1/0680/4625/8428/files/26waut_d1831_nav_m01.jpg?v=1&width=800,Damen,Damen,03/10/2026,https://eu.boden.com/products/damen-nia-langaermliges-ottoman-kleid-marineblau-d1831nav?tc_ch=display&tc_ve=ba&tc_so=tradedesk&tc_me=pp&tc_ca=bau,,,116,IN STOCK,,,Marineblau,,,,TRUE,TRUE
55218947,55218947,55218947,Elsie Kaschmir-Strickjacke mit Rundhalsausschnitt Damen Boden,https://eu.boden.com/products/damen-elsie-kaschmir-strickjacke-mit-rundhalsausschnitt-grau-argyle-k1273gry?tc_ch=display&tc_ve=ba&tc_so=tradedesk&tc_me=pp&tc_ca=bau,,,220.00,220.00,https://cdn.shopify.com/s/files/1/0680/4625/8428/files/26waut_k1273_gry_m01_v4_e234f7a4-87c0-42d6-b461-61706d468995.jpg?v=1&width=800,Damen,Damen,03/10/2026,https://eu.boden.com/products/damen-elsie-kaschmir-strickjacke-mit-rundhalsausschnitt-grau-argyle-k1273gry?tc_ch=display&tc_ve=ba&tc_so=tradedesk&tc_me=pp&tc_ca=bau,,,163,IN STOCK,,,Grau Argyle,,,,TRUE,TRUE
55196049,55196049,55196049,Marla Ottoman-Kleid mit Ziernähten Damen Boden,https://eu.boden.com/products/damen-marla-ottoman-kleid-mit-ziernaehten-marineblau-d1821nav?tc_ch=display&tc_ve=ba&tc_so=tradedesk&tc_me=pp&tc_ca=bau,,,99.00,99.00,https://cdn.shopify.com/s/files/1/0680/4625/8428/files/26waut_d1821_nav_m01.jpg?v=1&width=800,Damen,Damen,03/10/2026,https://eu.boden.com/products/damen-marla-ottoman-kleid-mit-ziernaehten-marineblau-d1821nav?tc_ch=display&tc_ve=ba&tc_so=tradedesk&tc_me=pp&tc_ca=bau,,,528,IN STOCK,,,Marineblau,,,,TRUE,TRUE
55220240,55220240,55220240,Langärmliges Oberteil in Wickeloptik mit Raffung Damen Boden,https://eu.boden.com/products/damen-langaermliges-oberteil-in-wickeloptik-mit-raffung-schwarz-t2205bla?tc_ch=display&tc_ve=ba&tc_so=tradedesk&tc_me=pp&tc_ca=bau,,,59.00,59.00,https://cdn.shopify.com/s/files/1/0680/4625/8428/files/26waut_t2205_bla_m01_9257e00d-561c-4d32-aeb2-6eee520d84c9.jpg?v=1&width=800,Damen,Damen,03/10/2026,https://eu.boden.com/products/damen-langaermliges-oberteil-in-wickeloptik-mit-raffung-schwarz-t2205bla?tc_ch=display&tc_ve=ba&tc_so=tradedesk&tc_me=pp&tc_ca=bau,,,115,IN STOCK,,,Schwarz,,,,TRUE,TRUE
55215843,55215843,55215843,Ponte-Culottes mit Faltendetail Damen Boden,https://eu.boden.com/products/damen-ponte-culottes-mit-faltendetail-bitterschokolade-r0951brn?tc_ch=display&tc_ve=ba&tc_so=tradedesk&tc_me=pp&tc_ca=bau,,,140.00,140.00,https://cdn.shopify.com/s/files/1/0680/4625/8428/files/26waut_r0951_brn_m01_d045c9ea-5d37-4169-ab42-33180fe084e8.jpg?v=1&width=800,Damen,Damen,03/10/2026,https://eu.boden.com/products/damen-ponte-culottes-mit-faltendetail-bitterschokolade-r0951brn?tc_ch=display&tc_ve=ba&tc_so=tradedesk&tc_me=pp&tc_ca=bau,,,47,IN STOCK,,,Bitterschokolade,,,,TRUE,TRUE
55211062,55211062,55211062,Paula Gerippte Strickjacke mit Rundhalsausschnitt Damen Boden,https://eu.boden.com/products/damen-paula-gerippte-strickjacke-mit-rundhalsausschnitt-mitternachtsblaugruen-k1345grn?tc_ch=display&tc_ve=ba&tc_so=tradedesk&tc_me=pp&tc_ca=bau,,,84.00,140.00,https://cdn.shopify.com/s/files/1/0680/4625/8428/files/26waut_k1345_grn_m01.jpg?v=1&width=800,Damen,Damen,03/10/2026,https://eu.boden.com/products/damen-paula-gerippte-strickjacke-mit-rundhalsausschnitt-mitternachtsblaugruen-k1345grn?tc_ch=display&tc_ve=ba&tc_so=tradedesk&tc_me=pp&tc_ca=bau,,,26,IN STOCK,,,Mitternachtsblaugrün,,,,TRUE,TRUE
55196867,55196867,55196867,Belgravia Taillierte Hose Damen Boden,https://eu.boden.com/products/damen-belgravia-taillierte-hose-marineblau-camel-gestreift-r0776nvm?tc_ch=display&tc_ve=ba&tc_so=tradedesk&tc_me=pp&tc_ca=bau,,,180.00,180.00,https://cdn.shopify.com/s/files/1/0680/4625/8428/files/26waut_r0776_nvm_m01_v1_64ea534c-472d-40b1-a3b2-6845e00b900b.jpg?v=1&width=800,Damen,Damen,03/10/2026,https://eu.boden.com/products/damen-belgravia-taillierte-hose-marineblau-camel-gestreift-r0776nvm?tc_ch=display&tc_ve=ba&tc_so=tradedesk&tc_me=pp&tc_ca=bau,,,121,IN STOCK,,,"Marineblau, Camel Gestreift",,,,TRUE,TRUE
55217744,55217744,55217744,Anna Langes Baumwollhemd Damen Boden,https://eu.boden.com/products/damen-anna-langes-baumwollhemd-naturweiss-braun-doppelstreifen-t2172brn?tc_ch=display&tc_ve=ba&tc_so=tradedesk&tc_me=pp&tc_ca=bau,,,110.00,110.00,https://cdn.shopify.com/s/files/1/0680/4625/8428/files/26waut_t2172_brn_m01_7e431060-4c5d-4cf6-a181-7ffa883d005b.jpg?v=1&width=800,Damen,Damen,03/10/2026,https://eu.boden.com/products/damen-anna-langes-baumwollhemd-naturweiss-braun-doppelstreifen-t2172brn?tc_ch=display&tc_ve=ba&tc_so=tradedesk&tc_me=pp&tc_ca=bau,,,56,IN STOCK,,,"Naturweiß, Braun Doppelstreifen",,,,TRUE,TRUE
55209038,55209038,55209038,Alex Ponte-Midikleid in Kontrastfarben Damen Boden,https://eu.boden.com/products/damen-alex-ponte-midikleid-in-kontrastfarben-mitternachtsmeer-d1758lgr?tc_ch=display&tc_ve=ba&tc_so=tradedesk&tc_me=pp&tc_ca=bau,,,180.00,180.00,https://cdn.shopify.com/s/files/1/0680/4625/8428/files/26wwin_d1758_lgr_m01.jpg?v=1&width=800,Damen,Damen,03/10/2026,https://eu.boden.com/products/damen-alex-ponte-midikleid-in-kontrastfarben-mitternachtsmeer-d1758lgr?tc_ch=display&tc_ve=ba&tc_so=tradedesk&tc_me=pp&tc_ca=bau,,,83,IN STOCK,,,Mitternachtsmeer,,,,TRUE,TRUE
55217824,55217824,55217824,Anna Langes Baumwollhemd Damen Boden,https://eu.boden.com/products/damen-anna-langes-baumwollhemd-weiss-t2172wht?tc_ch=display&tc_ve=ba&tc_so=tradedesk&tc_me=pp&tc_ca=bau,,,99.00,99.00,https://cdn.shopify.com/s/files/1/0680/4625/8428/files/26waut_t2172_wht_m05_3c6b6a5d-6ac3-4a17-9b72-ac44e727b72b.jpg?v=1&width=800,Damen,Damen,03/10/2026,https://eu.boden.com/products/damen-anna-langes-baumwollhemd-weiss-t2172wht?tc_ch=display&tc_ve=ba&tc_so=tradedesk&tc_me=pp&tc_ca=bau,,,26,IN STOCK,,,Weiß,,,,TRUE,TRUE
55213082,55213082,55213082,Belgravia Twillhose Damen Boden,https://eu.boden.com/products/damen-belgravia-twillhose-indigo-r0968blu?tc_ch=display&tc_ve=ba&tc_so=tradedesk&tc_me=pp&tc_ca=bau,,,170.00,170.00,https://cdn.shopify.com/s/files/1/0680/4625/8428/files/26waut_r0968_blu_m01_fd451884-f574-4ca7-9f3d-684cbb8dfecf.jpg?v=1&width=800,Damen,Damen,03/10/2026,https://eu.boden.com/products/damen-belgravia-twillhose-indigo-r0968blu?tc_ch=display&tc_ve=ba&tc_so=tradedesk&tc_me=pp&tc_ca=bau,,,123,IN STOCK,,,Indigo,,,,TRUE,TRUE
55218662,55218662,55218662,Superweiches Oberteil mit Rüschendetail Damen Boden,https://eu.boden.com/products/damen-superweiches-oberteil-mit-rueschendetail-mitternachtsblaugruen-t1657lgr?tc_ch=display&tc_ve=ba&tc_so=tradedesk&tc_me=pp&tc_ca=bau,,,46.00,46.00,https://cdn.shopify.com/s/files/1/0680/4625/8428/files/26waut_t1657_lgr_m01_5d9f6daf-c9dc-4cb9-b294-87db75af6003.jpg?v=1&width=800,Damen,Damen,03/10/2026,https://eu.boden.com/products/damen-superweiches-oberteil-mit-rueschendetail-mitternachtsblaugruen-t1657lgr?tc_ch=display&tc_ve=ba&tc_so=tradedesk&tc_me=pp&tc_ca=bau,,,301,IN STOCK,,,Mitternachtsblaugrün,,,,TRUE,TRUE
55218695,55218695,55218695,Superweiches Oberteil mit eckigem Ausschnitt Damen Boden,https://eu.boden.com/products/damen-superweiches-oberteil-mit-eckigem-ausschnitt-braunschweigisches-gruen-t2208lgr?tc_ch=display&tc_ve=ba&tc_so=tradedesk&tc_me=pp&tc_ca=bau,,,46.00,46.00,https://cdn.shopify.com/s/files/1/0680/4625/8428/files/26waut_t2208_lgr_m02_a78a140c-5caa-4c6b-b241-bd470b16f01f.jpg?v=1&width=800,Damen,Damen,03/10/2026,https://eu.boden.com/products/damen-superweiches-oberteil-mit-eckigem-ausschnitt-braunschweigisches-gruen-t2208lgr?tc_ch=display&tc_ve=ba&tc_so=tradedesk&tc_me=pp&tc_ca=bau,,,116,IN STOCK,,,Braunschweigisches Grün,,,,TRUE,TRUE
55208905,55208905,55208905,Camilla Baumwollpullover mit Rundhalsausschnitt Damen Boden,https://eu.boden.com/products/damen-camilla-baumwollpullover-mit-rundhalsausschnitt-purpurrot-k1280rec?tc_ch=display&tc_ve=ba&tc_so=tradedesk&tc_me=pp&tc_ca=bau,,,86.00,86.00,https://cdn.shopify.com/s/files/1/0680/4625/8428/files/26waut_k1280_rec_m01_66fe4ea0-3c54-4dc7-9110-f22feb178316.jpg?v=1&width=800,Damen,Damen,03/10/2026,https://eu.boden.com/products/damen-camilla-baumwollpullover-mit-rundhalsausschnitt-purpurrot-k1280rec?tc_ch=display&tc_ve=ba&tc_so=tradedesk&tc_me=pp&tc_ca=bau,,,123,IN STOCK,,,Purpurrot,,,,TRUE,TRUE
55204027,55204027,55204027,Sienna Baumwollhemd mit Rüschen Damen Boden,https://eu.boden.com/products/damen-sienna-baumwollhemd-mit-rueschen-demerara-zucker-gebuerstetes-tierfellmuster-t2165lbr?tc_ch=display&tc_ve=ba&tc_so=tradedesk&tc_me=pp&tc_ca=bau,,,69.30,99.00,https://cdn.shopify.com/s/files/1/0680/4625/8428/files/26waut_t2165_lbr_m01.jpg?v=1&width=800,Damen,Damen,03/10/2026,https://eu.boden.com/products/damen-sienna-baumwollhemd-mit-rueschen-demerara-zucker-gebuerstetes-tierfellmuster-t2165lbr?tc_ch=display&tc_ve=ba&tc_so=tradedesk&tc_me=pp&tc_ca=bau,,,18,IN STOCK,,,"Demerara-Zucker, Gebürstetes Tierfellmuster",,,,TRUE,TRUE
55200760,55200760,55200760,Langärmliges Oberteil aus Baumwolle mit Rundhalsausschnitt Damen Boden,https://eu.boden.com/products/damen-langaermliges-oberteil-aus-baumwolle-mit-rundhalsausschnitt-schnittlauch-t1829khk?tc_ch=display&tc_ve=ba&tc_so=tradedesk&tc_me=pp&tc_ca=bau,,,43.00,43.00,https://cdn.shopify.com/s/files/1/0680/4625/8428/files/26waut_t1829_khk_m01_5c849a8d-6cd5-4acc-8b4b-ceaae449bd08.jpg?v=1&width=800,Damen,Damen,03/10/2026,https://eu.boden.com/products/damen-langaermliges-oberteil-aus-baumwolle-mit-rundhalsausschnitt-schnittlauch-t1829khk?tc_ch=display&tc_ve=ba&tc_so=tradedesk&tc_me=pp&tc_ca=bau,,,253,IN STOCK,,,Schnittlauch,,,,TRUE,TRUE
55216419,55216419,55216419,Elsie Henley-Pullover aus Kaschmir Damen Boden,https://eu.boden.com/products/damen-elsie-henley-pullover-aus-kaschmir-frisches-gruen-k1299grn?tc_ch=display&tc_ve=ba&tc_so=tradedesk&tc_me=pp&tc_ca=bau,,,180.00,180.00,https://cdn.shopify.com/s/files/1/0680/4625/8428/files/26waut_k1299_grn_w01.jpg?v=1&width=800,Damen,Damen,03/10/2026,https://eu.boden.com/products/damen-elsie-henley-pullover-aus-kaschmir-frisches-gruen-k1299grn?tc_ch=display&tc_ve=ba&tc_so=tradedesk&tc_me=pp&tc_ca=bau,,,279,IN STOCK,,,Frisches Grün,,,,TRUE,TRUE
55218757,55218757,55218757,Superweiches Henley-Oberteil mit Rüschen Damen Boden,https://eu.boden.com/products/damen-superweiches-henley-oberteil-mit-rueschen-graublau-t1734lbl?tc_ch=display&tc_ve=ba&tc_so=tradedesk&tc_me=pp&tc_ca=bau,,,56.00,56.00,https://cdn.shopify.com/s/files/1/0680/4625/8428/files/26waut_t1734_lbl_m01_e8d0260e-b3e4-4239-93cd-9fc6fdf859ed.jpg?v=1&width=800,Damen,Damen,03/10/2026,https://eu.boden.com/products/damen-superweiches-henley-oberteil-mit-rueschen-graublau-t1734lbl?tc_ch=display&tc_ve=ba&tc_so=tradedesk&tc_me=pp&tc_ca=bau,,,161,IN STOCK,,,Graublau,,,,TRUE,TRUE
55218728,55218728,55218728,Superweiches Oberteil mit eckigem Ausschnitt Damen Boden,https://eu.boden.com/products/damen-superweiches-oberteil-mit-eckigem-ausschnitt-schwarz-t2208blk?tc_ch=display&tc_ve=ba&tc_so=tradedesk&tc_me=pp&tc_ca=bau,,,46.00,46.00,https://cdn.shopify.com/s/files/1/0680/4625/8428/files/26waut_t2208_blk_m01_e9e81556-4b28-4cd3-bf08-62e54b29bb5c.jpg?v=1&width=800,Damen,Damen,03/10/2026,https://eu.boden.com/products/damen-superweiches-oberteil-mit-eckigem-ausschnitt-schwarz-t2208blk?tc_ch=display&tc_ve=ba&tc_so=tradedesk&tc_me=pp&tc_ca=bau,,,66,IN STOCK,,,Schwarz,,,,TRUE,TRUE
55200656,55200656,55200656,Schmal geschnittene Cord-Jeans mit hohem Bund Damen Boden,https://eu.boden.com/products/damen-schmal-geschnittene-cord-jeans-mit-hohem-bund-marineblau-r0766nvy?tc_ch=display&tc_ve=ba&tc_so=tradedesk&tc_me=pp&tc_ca=bau,,,110.00,110.00,https://cdn.shopify.com/s/files/1/0680/4625/8428/files/26waut_r0766_nvy_m01_655152e5-13b9-45cf-8078-ed4867afd441.jpg?v=1&width=800,Damen,Damen,03/10/2026,https://eu.boden.com/products/damen-schmal-geschnittene-cord-jeans-mit-hohem-bund-marineblau-r0766nvy?tc_ch=display&tc_ve=ba&tc_so=tradedesk&tc_me=pp&tc_ca=bau,,,68,IN STOCK,,,Marineblau,,,,TRUE,TRUE
55214937,55214937,55214937,Annie Basic-Oberteil mit Rundhalsausschnitt Damen Boden,https://eu.boden.com/products/damen-annie-basic-oberteil-mit-rundhalsausschnitt-weiss-t2211wht?tc_ch=display&tc_ve=ba&tc_so=tradedesk&tc_me=pp&tc_ca=bau,,,46.00,46.00,https://cdn.shopify.com/s/files/1/0680/4625/8428/files/26waut_t2211_wht_m01.jpg?v=1&width=800,Damen,Damen,03/10/2026,https://eu.boden.com/products/damen-annie-basic-oberteil-mit-rundhalsausschnitt-weiss-t2211wht?tc_ch=display&tc_ve=ba&tc_so=tradedesk&tc_me=pp&tc_ca=bau,,,101,IN STOCK,,,Weiß,,,,TRUE,TRUE
55201580,55201580,55201580,Superweiches Hemd mit Puffärmeln Damen Boden,https://eu.boden.com/products/damen-superweiches-hemd-mit-puffaermeln-marineblau-t2204nav?tc_ch=display&tc_ve=ba&tc_so=tradedesk&tc_me=pp&tc_ca=bau,,,49.00,49.00,https://cdn.shopify.com/s/files/1/0680/4625/8428/files/26waut_t2204_nav_m01_303ac144-61aa-4473-a0b5-dc1dc54f2f31.jpg?v=1&width=800,Damen,Damen,03/10/2026,https://eu.boden.com/products/damen-superweiches-hemd-mit-puffaermeln-marineblau-t2204nav?tc_ch=display&tc_ve=ba&tc_so=tradedesk&tc_me=pp&tc_ca=bau,,,75,IN STOCK,,,Marineblau,,,,TRUE,TRUE
55217569,55217569,55217569,Kaschmir-Halstuch Damen Boden,https://eu.boden.com/products/damen-kaschmir-halstuch-marineblau-a2284nav?tc_ch=display&tc_ve=ba&tc_so=tradedesk&tc_me=pp&tc_ca=bau,,,99.00,99.00,https://cdn.shopify.com/s/files/1/0680/4625/8428/files/26waut_a2284_nav_673f28d6-499b-4dca-adc8-54dc1d414721.jpg?v=1&width=800,Damen,Damen,03/10/2026,https://eu.boden.com/products/damen-kaschmir-halstuch-marineblau-a2284nav?tc_ch=display&tc_ve=ba&tc_so=tradedesk&tc_me=pp&tc_ca=bau,,,182,IN STOCK,,,Marineblau,,,,TRUE,TRUE
55217514,55217514,55217514,Kaschmir-Halstuch Damen Boden,https://eu.boden.com/products/damen-kaschmir-halstuch-highland-gruen-a2284bgr?tc_ch=display&tc_ve=ba&tc_so=tradedesk&tc_me=pp&tc_ca=bau,,,99.00,99.00,https://cdn.shopify.com/s/files/1/0680/4625/8428/files/26waut_a2284_bgr_5e4a3a0e-ac03-449e-993a-57716265c02b.jpg?v=1&width=800,Damen,Damen,03/10/2026,https://eu.boden.com/products/damen-kaschmir-halstuch-highland-gruen-a2284bgr?tc_ch=display&tc_ve=ba&tc_so=tradedesk&tc_me=pp&tc_ca=bau,,,84,IN STOCK,,,Highland-Grün,,,,TRUE,TRUE
55214383,55214383,55214383,Annie Basic-Oberteil mit Rundhalsausschnitt Damen Boden,https://eu.boden.com/products/damen-annie-basic-oberteil-mit-rundhalsausschnitt-grau-meliert-t2211gry?tc_ch=display&tc_ve=ba&tc_so=tradedesk&tc_me=pp&tc_ca=bau,,,46.00,46.00,https://cdn.shopify.com/s/files/1/0680/4625/8428/files/26waut_t2211_gry_m01.jpg?v=1&width=800,Damen,Damen,03/10/2026,https://eu.boden.com/products/damen-annie-basic-oberteil-mit-rundhalsausschnitt-grau-meliert-t2211gry?tc_ch=display&tc_ve=ba&tc_so=tradedesk&tc_me=pp&tc_ca=bau,,,114,IN STOCK,,,Grau Meliert,,,,TRUE,TRUE
55217431,55217431,55217431,Patti Ballerinas mit runder Zehenpartie Damen Boden,https://eu.boden.com/products/damen-patti-ballerinas-mit-runder-zehenpartie-oxblood-a2245drd?tc_ch=display&tc_ve=ba&tc_so=tradedesk&tc_me=pp&tc_ca=bau,,,120.00,120.00,https://cdn.shopify.com/s/files/1/0680/4625/8428/files/26waut_a2245_drd_a8ee2fe5-7549-4bf4-bde0-c93feb8b1130.jpg?v=1&width=800,Damen,Damen,03/10/2026,https://eu.boden.com/products/damen-patti-ballerinas-mit-runder-zehenpartie-oxblood-a2245drd?tc_ch=display&tc_ve=ba&tc_so=tradedesk&tc_me=pp&tc_ca=bau,,,58,IN STOCK,,,Oxblood,,,,TRUE,TRUE
55201571,55201571,55201571,Camilla Ballerinas mit Rüschendetail Damen Boden,https://eu.boden.com/products/damen-camilla-ballerinas-mit-rueschendetail-weinrot-a2230drd?tc_ch=display&tc_ve=ba&tc_so=tradedesk&tc_me=pp&tc_ca=bau,,,150.00,150.00,https://cdn.shopify.com/s/files/1/0680/4625/8428/files/26waut_a2230_drd_7d8d21de-1c8a-46f0-aac7-31547dba4849.jpg?v=1&width=800,Damen,Damen,03/10/2026,https://eu.boden.com/products/damen-camilla-ballerinas-mit-rueschendetail-weinrot-a2230drd?tc_ch=display&tc_ve=ba&tc_so=tradedesk&tc_me=pp&tc_ca=bau,,,33,IN STOCK,,,Weinrot,,,,TRUE,TRUE
55194908,55194908,55194908,Adele Jerseykleid mit Gürtel Damen Boden,https://eu.boden.com/products/damen-adele-jerseykleid-mit-guertel-schwarz-d1759bla?tc_ch=display&tc_ve=ba&tc_so=tradedesk&tc_me=pp&tc_ca=bau,,,110.00,110.00,https://cdn.shopify.com/s/files/1/0680/4625/8428/files/26waut_d1759_bla_m01_dda10ea5-257d-49b0-be6d-39ef67f23d7e.jpg?v=1&width=800,Damen,Damen,03/10/2026,https://eu.boden.com/products/damen-adele-jerseykleid-mit-guertel-schwarz-d1759bla?tc_ch=display&tc_ve=ba&tc_so=tradedesk&tc_me=pp&tc_ca=bau,,,140,IN STOCK,,,Schwarz,,,,TRUE,TRUE
55220169,55220169,55220169,Langärmliges Oberteil in Wickeloptik mit Raffung Damen Boden,https://eu.boden.com/products/damen-langaermliges-oberteil-in-wickeloptik-mit-raffung-dunkles-smaragdgruen-t2205grn?tc_ch=display&tc_ve=ba&tc_so=tradedesk&tc_me=pp&tc_ca=bau,,,59.00,59.00,https://cdn.shopify.com/s/files/1/0680/4625/8428/files/26waut_t2205_grn_m01_81a85a89-5b41-4fb2-9832-a5845a1bf7a0.jpg?v=1&width=800,Damen,Damen,03/10/2026,https://eu.boden.com/products/damen-langaermliges-oberteil-in-wickeloptik-mit-raffung-dunkles-smaragdgruen-t2205grn?tc_ch=display&tc_ve=ba&tc_so=tradedesk&tc_me=pp&tc_ca=bau,,,83,IN STOCK,,,Dunkles Smaragdgrün,,,,TRUE,TRUE
55201148,55201148,55201148,Nya Flache Ghillie-Loafer Damen Boden,https://eu.boden.com/products/damen-nya-flache-ghillie-loafer-schwarz-a2254blw?tc_ch=display&tc_ve=ba&tc_so=tradedesk&tc_me=pp&tc_ca=bau,,,170.00,170.00,https://cdn.shopify.com/s/files/1/0680/4625/8428/files/26waut_a2254_blw_cd2d7b85-e87b-4ec0-b8f7-2688d3d84018.jpg?v=1&width=800,Damen,Damen,03/10/2026,https://eu.boden.com/products/damen-nya-flache-ghillie-loafer-schwarz-a2254blw?tc_ch=display&tc_ve=ba&tc_so=tradedesk&tc_me=pp&tc_ca=bau,,,40,IN STOCK,,,Schwarz,,,,TRUE,TRUE
55201974,55201974,55201974,Belgravia Cordhose Damen Boden,https://eu.boden.com/products/damen-belgravia-cordhose-marineblau-r0994nav?tc_ch=display&tc_ve=ba&tc_so=tradedesk&tc_me=pp&tc_ca=bau,,,150.00,150.00,https://cdn.shopify.com/s/files/1/0680/4625/8428/files/26waut_r0994_nav_m01_8bef6dc8-b595-4319-a97d-dcb142cb2b4b.jpg?v=1&width=800,Damen,Damen,03/10/2026,https://eu.boden.com/products/damen-belgravia-cordhose-marineblau-r0994nav?tc_ch=display&tc_ve=ba&tc_so=tradedesk&tc_me=pp&tc_ca=bau,,,66,IN STOCK,,,Marineblau,,,,TRUE,TRUE
55230606,55230606,55230606,Rippstrick-Oberteil mit U-Boot-Ausschnitt und Knopfmanschetten Damen Boden,https://eu.boden.com/products/damen-rippstrick-oberteil-mit-u-boot-ausschnitt-und-knopfmanschetten-bordeaux-t2263prp?tc_ch=display&tc_ve=ba&tc_so=tradedesk&tc_me=pp&tc_ca=bau,,,59.00,59.00,https://cdn.shopify.com/s/files/1/0680/4625/8428/files/26waut_t2263_prp_m01_a54d22af-bdaf-49d9-996b-e6d7904bdb75.jpg?v=1&width=800,Damen,Damen,03/10/2026,https://eu.boden.com/products/damen-rippstrick-oberteil-mit-u-boot-ausschnitt-und-knopfmanschetten-bordeaux-t2263prp?tc_ch=display&tc_ve=ba&tc_so=tradedesk&tc_me=pp&tc_ca=bau,,,40,IN STOCK,,,Bordeaux,,,,TRUE,TRUE
55208519,55208519,55208519,Dinah Flexible Loafer für jeden Tag Damen Boden,https://eu.boden.com/products/damen-dinah-flexible-loafer-fuer-jeden-tag-mandelbluetenrosa-a2236pnk?tc_ch=display&tc_ve=ba&tc_so=tradedesk&tc_me=pp&tc_ca=bau,,,150.00,150.00,https://cdn.shopify.com/s/files/1/0680/4625/8428/files/26waut_a2236_pnk_e614b6ac-8662-476f-87f5-12dee5dd63a9.jpg?v=1&width=800,Damen,Damen,03/10/2026,https://eu.boden.com/products/damen-dinah-flexible-loafer-fuer-jeden-tag-mandelbluetenrosa-a2236pnk?tc_ch=display&tc_ve=ba&tc_so=tradedesk&tc_me=pp&tc_ca=bau,,,38,IN STOCK,,,Mandelblütenrosa,,,,TRUE,TRUE
55200872,55200872,55200872,Superweiches Hemd mit Puffärmeln Damen Boden,https://eu.boden.com/products/damen-superweiches-hemd-mit-puffaermeln-schwarz-t2204blk?tc_ch=display&tc_ve=ba&tc_so=tradedesk&tc_me=pp&tc_ca=bau,,,49.00,49.00,https://cdn.shopify.com/s/files/1/0680/4625/8428/files/26waut_t2204_blk_m01_b7d2fa12-e110-481b-9d06-38a7cd9eea03.jpg?v=1&width=800,Damen,Damen,03/10/2026,https://eu.boden.com/products/damen-superweiches-hemd-mit-puffaermeln-schwarz-t2204blk?tc_ch=display&tc_ve=ba&tc_so=tradedesk&tc_me=pp&tc_ca=bau,,,157,IN STOCK,,,Schwarz,,,,TRUE,TRUE
55201368,55201368,55201368,"Superweiches, gerafftes Jerseyhemd Damen Boden",https://eu.boden.com/products/damen-superweiches-gerafftes-jerseyhemd-camel-leopardenmuster-t2146brn?tc_ch=display&tc_ve=ba&tc_so=tradedesk&tc_me=pp&tc_ca=bau,,,79.00,79.00,https://cdn.shopify.com/s/files/1/0680/4625/8428/files/26waut_t2146_brn_m03_82108110-ed1b-4f88-aae1-ce3e8d227a08.jpg?v=1&width=800,Damen,Damen,03/10/2026,https://eu.boden.com/products/damen-superweiches-gerafftes-jerseyhemd-camel-leopardenmuster-t2146brn?tc_ch=display&tc_ve=ba&tc_so=tradedesk&tc_me=pp&tc_ca=bau,,,29,IN STOCK,,,"Camel, Leopardenmuster",,,,TRUE,TRUE
55211294,55211294,55211294,Paula Gerippter Pullover mit V-Ausschnitt Damen Boden,https://eu.boden.com/products/damen-paula-gerippter-pullover-mit-v-ausschnitt-goldenes-weizengelb-k1339yel?tc_ch=display&tc_ve=ba&tc_so=tradedesk&tc_me=pp&tc_ca=bau,,,48.00,120.00,https://cdn.shopify.com/s/files/1/0680/4625/8428/files/26waut_k1339_yel_m01_8c5e3bd3-9d09-43cc-9823-1b945b94cf6f.jpg?v=1&width=800,Damen,Damen,03/10/2026,https://eu.boden.com/products/damen-paula-gerippter-pullover-mit-v-ausschnitt-goldenes-weizengelb-k1339yel?tc_ch=display&tc_ve=ba&tc_so=tradedesk&tc_me=pp&tc_ca=bau,,,19,IN STOCK,,,Goldenes Weizengelb,,,,TRUE,TRUE
55218738,55218738,55218738,Superweiches Oberteil mit eckigem Ausschnitt Damen Boden,https://eu.boden.com/products/damen-superweiches-oberteil-mit-eckigem-ausschnitt-weiss-t2208whi?tc_ch=display&tc_ve=ba&tc_so=tradedesk&tc_me=pp&tc_ca=bau,,,46.00,46.00,https://cdn.shopify.com/s/files/1/0680/4625/8428/files/26waut_t2208_whi_m01_1555644f-f4de-4d2a-ae8b-bfba939ea5b3.jpg?v=1&width=800,Damen,Damen,03/10/2026,https://eu.boden.com/products/damen-superweiches-oberteil-mit-eckigem-ausschnitt-weiss-t2208whi?tc_ch=display&tc_ve=ba&tc_so=tradedesk&tc_me=pp&tc_ca=bau,,,126,IN STOCK,,,Weiß,,,,TRUE,TRUE
55220161,55220161,55220161,Langärmliges Oberteil in Wickeloptik mit Raffung Damen Boden,https://eu.boden.com/products/damen-langaermliges-oberteil-in-wickeloptik-mit-raffung-purpurrot-t2205red?tc_ch=display&tc_ve=ba&tc_so=tradedesk&tc_me=pp&tc_ca=bau,,,59.00,59.00,https://cdn.shopify.com/s/files/1/0680/4625/8428/files/26waut_t2205_red_m01_v1_0ade1b57-ca4e-427f-802b-d0e3909e68be.jpg?v=1&width=800,Damen,Damen,03/10/2026,https://eu.boden.com/products/damen-langaermliges-oberteil-in-wickeloptik-mit-raffung-purpurrot-t2205red?tc_ch=display&tc_ve=ba&tc_so=tradedesk&tc_me=pp&tc_ca=bau,,,75,IN STOCK,,,Purpurrot,,,,TRUE,TRUE
55200522,55200522,55200522,"Cord-Jeans mit hohem Bund und geradem, lockerem Bein Damen Boden",https://eu.boden.com/products/damen-cord-jeans-mit-hohem-bund-und-geradem-lockerem-bein-schnittlauch-r0768mgr?tc_ch=display&tc_ve=ba&tc_so=tradedesk&tc_me=pp&tc_ca=bau,,,140.00,140.00,https://cdn.shopify.com/s/files/1/0680/4625/8428/files/26waut_r0768_mgr_m01_5d0e9718-7604-4b7e-9c71-4fe349839f5e.jpg?v=1&width=800,Damen,Damen,03/10/2026,https://eu.boden.com/products/damen-cord-jeans-mit-hohem-bund-und-geradem-lockerem-bein-schnittlauch-r0768mgr?tc_ch=display&tc_ve=ba&tc_so=tradedesk&tc_me=pp&tc_ca=bau,,,59,IN STOCK,,,Schnittlauch,,,,TRUE,TRUE
55194859,55194859,55194859,Etta Ponte-Kleid mit Paspelierung Damen Boden,https://eu.boden.com/products/damen-etta-ponte-kleid-mit-paspelierung-marineblau-naturweiss-d1815nvy?tc_ch=display&tc_ve=ba&tc_so=tradedesk&tc_me=pp&tc_ca=bau,,,180.00,180.00,https://cdn.shopify.com/s/files/1/0680/4625/8428/files/26waut_d1815_nvy_m03_v1_9be47f7a-3c76-4283-8f4a-253084e78327.jpg?v=1&width=800,Damen,Damen,03/10/2026,https://eu.boden.com/products/damen-etta-ponte-kleid-mit-paspelierung-marineblau-naturweiss-d1815nvy?tc_ch=display&tc_ve=ba&tc_so=tradedesk&tc_me=pp&tc_ca=bau,,,128,IN STOCK,,,"Marineblau, Naturweiß",,,,TRUE,TRUE
55203345,55203345,55203345,Meg Strickjacke mit Raglanärmeln Damen Boden,https://eu.boden.com/products/damen-meg-strickjacke-mit-raglanaermeln-rot-blockfarben-k1002red?tc_ch=display&tc_ve=ba&tc_so=tradedesk&tc_me=pp&tc_ca=bau,,,110.00,110.00,https://cdn.shopify.com/s/files/1/0680/4625/8428/files/26waut_k1002_red_m01_9ea4c527-0522-4536-9104-7effe80b44f6.jpg?v=1&width=800,Damen,Damen,03/10/2026,https://eu.boden.com/products/damen-meg-strickjacke-mit-raglanaermeln-rot-blockfarben-k1002red?tc_ch=display&tc_ve=ba&tc_so=tradedesk&tc_me=pp&tc_ca=bau,,,85,IN STOCK,,,"Rot, Blockfarben",,,,TRUE,TRUE
55209292,55209292,55209292,Stiefel mit geradem Schaft und Absatz Damen Boden,https://eu.boden.com/products/damen-stiefel-mit-geradem-schaft-und-absatz-cognac-veloursleder-a2251pnt?tc_ch=display&tc_ve=ba&tc_so=tradedesk&tc_me=pp&tc_ca=bau,,,310.00,310.00,https://cdn.shopify.com/s/files/1/0680/4625/8428/files/26waut_a2251_pnt_3015c328-6f57-483c-84a3-ed147625dd64.jpg?v=1&width=800,Damen,Damen,03/10/2026,https://eu.boden.com/products/damen-stiefel-mit-geradem-schaft-und-absatz-cognac-veloursleder-a2251pnt?tc_ch=display&tc_ve=ba&tc_so=tradedesk&tc_me=pp&tc_ca=bau,,,37,IN STOCK,,,Cognac Veloursleder,,,,TRUE,TRUE
55219069,55219069,55219069,Anna Langes Baumwollhemd Damen Boden,https://eu.boden.com/products/damen-anna-langes-baumwollhemd-oxford-blau-t2172mbl?tc_ch=display&tc_ve=ba&tc_so=tradedesk&tc_me=pp&tc_ca=bau,,,110.00,110.00,https://cdn.shopify.com/s/files/1/0680/4625/8428/files/26waut_t2172_mbl_m01.jpg?v=1&width=800,Damen,Damen,03/10/2026,https://eu.boden.com/products/damen-anna-langes-baumwollhemd-oxford-blau-t2172mbl?tc_ch=display&tc_ve=ba&tc_so=tradedesk&tc_me=pp&tc_ca=bau,,,77,IN STOCK,,,Oxford-Blau,,,,TRUE,TRUE
55217895,55217895,55217895,Lucy Grob gestrickte Baumwollstrickjacke Damen Boden,https://eu.boden.com/products/damen-lucy-grob-gestrickte-baumwollstrickjacke-highland-gruen-k1201dgr?tc_ch=display&tc_ve=ba&tc_so=tradedesk&tc_me=pp&tc_ca=bau,,,110.00,110.00,https://cdn.shopify.com/s/files/1/0680/4625/8428/files/26waut_k1201_dgr_m02_beb8ff4a-d7c3-45b4-b72e-ae4d8167466c.jpg?v=1&width=800,Damen,Damen,03/10/2026,https://eu.boden.com/products/damen-lucy-grob-gestrickte-baumwollstrickjacke-highland-gruen-k1201dgr?tc_ch=display&tc_ve=ba&tc_so=tradedesk&tc_me=pp&tc_ca=bau,,,38,IN STOCK,,,Highland-Grün,,,,TRUE,TRUE
55197480,55197480,55197480,Evelyn Cord-Wickelrock mit Knopfleiste Damen Boden,https://eu.boden.com/products/damen-evelyn-cord-wickelrock-mit-knopfleiste-waldgruen-r0959grn?tc_ch=display&tc_ve=ba&tc_so=tradedesk&tc_me=pp&tc_ca=bau,,,99.00,99.00,https://cdn.shopify.com/s/files/1/0680/4625/8428/files/26waut_r0959_grn_m01_898046f8-7a6a-4e08-aa4c-cf9a5f846e7d.jpg?v=1&width=800,Damen,Damen,03/10/2026,https://eu.boden.com/products/damen-evelyn-cord-wickelrock-mit-knopfleiste-waldgruen-r0959grn?tc_ch=display&tc_ve=ba&tc_so=tradedesk&tc_me=pp&tc_ca=bau,,,126,IN STOCK,,,Waldgrün,,,,TRUE,TRUE
55200642,55200642,55200642,Canonbury Cordhose Damen Boden,https://eu.boden.com/products/damen-canonbury-cordhose-waldgruen-r0784lgr?tc_ch=display&tc_ve=ba&tc_so=tradedesk&tc_me=pp&tc_ca=bau,,,140.00,140.00,https://cdn.shopify.com/s/files/1/0680/4625/8428/files/26waut_r0784_lgr_m01_v1.jpg?v=1&width=800,Damen,Damen,03/10/2026,https://eu.boden.com/products/damen-canonbury-cordhose-waldgruen-r0784lgr?tc_ch=display&tc_ve=ba&tc_so=tradedesk&tc_me=pp&tc_ca=bau,,,90,IN STOCK,,,Waldgrün,,,,TRUE,TRUE
55218969,55218969,55218969,Aya Midirock aus Baumwolle und Satin Damen Boden,https://eu.boden.com/products/damen-aya-midirock-aus-baumwolle-und-satin-schwarz-r0978blk?tc_ch=display&tc_ve=ba&tc_so=tradedesk&tc_me=pp&tc_ca=bau,,,140.00,140.00,https://cdn.shopify.com/s/files/1/0680/4625/8428/files/26waut_r0978_blk_m01_v1.jpg?v=1&width=800,Damen,Damen,03/10/2026,https://eu.boden.com/products/damen-aya-midirock-aus-baumwolle-und-satin-schwarz-r0978blk?tc_ch=display&tc_ve=ba&tc_so=tradedesk&tc_me=pp&tc_ca=bau,,,79,IN STOCK,,,Schwarz,,,,TRUE,TRUE
55194653,55194653,55194653,Plissiertes Jersey-Midikleid Damen Boden,https://eu.boden.com/products/damen-plissiertes-jersey-midikleid-rote-beete-d1796red?tc_ch=display&tc_ve=ba&tc_so=tradedesk&tc_me=pp&tc_ca=bau,,,90.00,180.00,https://cdn.shopify.com/s/files/1/0680/4625/8428/files/26waut_d1796_red_m05_v1_f4f5dbec-08f5-434d-8d09-7d833b9f9fcb.jpg?v=1&width=800,Damen,Damen,03/10/2026,https://eu.boden.com/products/damen-plissiertes-jersey-midikleid-rote-beete-d1796red?tc_ch=display&tc_ve=ba&tc_so=tradedesk&tc_me=pp&tc_ca=bau,,,14,IN STOCK,,,Rote Beete,,,,TRUE,TRUE
55194480,55194480,55194480,Plissiertes Jersey-Midikleid Damen Boden,https://eu.boden.com/products/damen-plissiertes-jersey-midikleid-marineblau-d1796nav?tc_ch=display&tc_ve=ba&tc_so=tradedesk&tc_me=pp&tc_ca=bau,,,72.00,180.00,https://cdn.shopify.com/s/files/1/0680/4625/8428/files/26waut_d1796_nav_w01_bebaab3e-6b9e-472a-b086-f751b22e7af0.jpg?v=1&width=800,Damen,Damen,03/10/2026,https://eu.boden.com/products/damen-plissiertes-jersey-midikleid-marineblau-d1796nav?tc_ch=display&tc_ve=ba&tc_so=tradedesk&tc_me=pp&tc_ca=bau,,,76,IN STOCK,,,Marineblau,,,,TRUE,TRUE
55195005,55195005,55195005,Bronte Kurzes Cordkleid Damen Boden,https://eu.boden.com/products/damen-bronte-kurzes-cordkleid-mandelmilch-d1470neu?tc_ch=display&tc_ve=ba&tc_so=tradedesk&tc_me=pp&tc_ca=bau,,,140.00,140.00,https://cdn.shopify.com/s/files/1/0680/4625/8428/files/26waut_d1470_neu_m01_v2_00c58a1c-10f2-4535-be0a-ae5cafbb8141.jpg?v=1&width=800,Damen,Damen,03/10/2026,https://eu.boden.com/products/damen-bronte-kurzes-cordkleid-mandelmilch-d1470neu?tc_ch=display&tc_ve=ba&tc_so=tradedesk&tc_me=pp&tc_ca=bau,,,69,IN STOCK,,,Mandelmilch,,,,TRUE,TRUE
55195748,55195748,55195748,Hope Jerseykleid mit Reißverschlussdetail Damen Boden,https://eu.boden.com/products/damen-hope-jerseykleid-mit-reissverschlussdetail-marineblau-d1816nst?tc_ch=display&tc_ve=ba&tc_so=tradedesk&tc_me=pp&tc_ca=bau,,,120.00,120.00,https://cdn.shopify.com/s/files/1/0680/4625/8428/files/26waut_d1816_nst_m01_f4179388-da90-4288-84ce-21997100bfa8.jpg?v=1&width=800,Damen,Damen,03/10/2026,https://eu.boden.com/products/damen-hope-jerseykleid-mit-reissverschlussdetail-marineblau-d1816nst?tc_ch=display&tc_ve=ba&tc_so=tradedesk&tc_me=pp&tc_ca=bau,,,234,IN STOCK,,,Marineblau,,,,TRUE,TRUE
55202747,55202747,55202747,Gerafftes Jersey-Hemdblusenkleid Damen Boden,https://eu.boden.com/products/damen-gerafftes-jersey-hemdblusenkleid-schwarz-d1770blk?tc_ch=display&tc_ve=ba&tc_so=tradedesk&tc_me=pp&tc_ca=bau,,,140.00,140.00,https://cdn.shopify.com/s/files/1/0680/4625/8428/files/26waut_d1770_blk_m01_4bec44be-5bef-4f87-adbf-ab408b68e5ba.jpg?v=1&width=800,Damen,Damen,03/10/2026,https://eu.boden.com/products/damen-gerafftes-jersey-hemdblusenkleid-schwarz-d1770blk?tc_ch=display&tc_ve=ba&tc_so=tradedesk&tc_me=pp&tc_ca=bau,,,117,IN STOCK,,,Schwarz,,,,TRUE,TRUE
55195617,55195617,55195617,Hope Jerseykleid mit Reißverschlussdetail Damen Boden,https://eu.boden.com/products/damen-hope-jerseykleid-mit-reissverschlussdetail-jaegergruen-einzelne-blumenstraeusse-d1816lgr?tc_ch=display&tc_ve=ba&tc_so=tradedesk&tc_me=pp&tc_ca=bau,,,84.00,140.00,https://cdn.shopify.com/s/files/1/0680/4625/8428/files/26waut_d1816_lgr_m01_v2.jpg?v=1&width=800,Damen,Damen,03/10/2026,https://eu.boden.com/products/damen-hope-jerseykleid-mit-reissverschlussdetail-jaegergruen-einzelne-blumenstraeusse-d1816lgr?tc_ch=display&tc_ve=ba&tc_so=tradedesk&tc_me=pp&tc_ca=bau,,,37,IN STOCK,,,"Jägergrün, Einzelne Blumensträuße",,,,TRUE,TRUE
55216398,55216398,55216398,Elsie Henley-Pullover aus Kaschmir Damen Boden,https://eu.boden.com/products/damen-elsie-henley-pullover-aus-kaschmir-nerzbraun-melange-k1299neu?tc_ch=display&tc_ve=ba&tc_so=tradedesk&tc_me=pp&tc_ca=bau,,,180.00,180.00,https://cdn.shopify.com/s/files/1/0680/4625/8428/files/26waut_k1299_neu_m01.jpg?v=1&width=800,Damen,Damen,03/10/2026,https://eu.boden.com/products/damen-elsie-henley-pullover-aus-kaschmir-nerzbraun-melange-k1299neu?tc_ch=display&tc_ve=ba&tc_so=tradedesk&tc_me=pp&tc_ca=bau,,,104,IN STOCK,,,Nerzbraun Melange,,,,TRUE,TRUE
55211213,55211213,55211213,Paula Gerippter Pullover mit V-Ausschnitt Damen Boden,https://eu.boden.com/products/damen-paula-gerippter-pullover-mit-v-ausschnitt-merlotrot-k1339red?tc_ch=display&tc_ve=ba&tc_so=tradedesk&tc_me=pp&tc_ca=bau,,,72.00,120.00,https://cdn.shopify.com/s/files/1/0680/4625/8428/files/26waut_k1339_red_m02_bd36f970-3d84-42ad-8c93-c38ba23b668d.jpg?v=1&width=800,Damen,Damen,03/10/2026,https://eu.boden.com/products/damen-paula-gerippter-pullover-mit-v-ausschnitt-merlotrot-k1339red?tc_ch=display&tc_ve=ba&tc_so=tradedesk&tc_me=pp&tc_ca=bau,,,37,IN STOCK,,,Merlotrot,,,,TRUE,TRUE
55194955,55194955,55194955,Briony Kurzes Jerseykleid Damen Boden,https://eu.boden.com/products/damen-briony-kurzes-jerseykleid-franzoesisches-marineblau-geo-party-d1760lgr?tc_ch=display&tc_ve=ba&tc_so=tradedesk&tc_me=pp&tc_ca=bau,,,49.50,99.00,https://cdn.shopify.com/s/files/1/0680/4625/8428/files/26waut_d1760_lgr_m01_72397d89-0666-4855-84d4-b9d2af1b01fb.jpg?v=1&width=800,Damen,Damen,03/10/2026,https://eu.boden.com/products/damen-briony-kurzes-jerseykleid-franzoesisches-marineblau-geo-party-d1760lgr?tc_ch=display&tc_ve=ba&tc_so=tradedesk&tc_me=pp&tc_ca=bau,,,18,IN STOCK,,,"Französisches Marineblau, Geo-Party",,,,TRUE,TRUE
55197390,55197390,55197390,Ponte-Hose mit geradem Bein Damen Boden,https://eu.boden.com/products/damen-ponte-hose-mit-geradem-bein-granatapfel-r0965dpk?tc_ch=display&tc_ve=ba&tc_so=tradedesk&tc_me=pp&tc_ca=bau,,,110.00,110.00,https://cdn.shopify.com/s/files/1/0680/4625/8428/files/26wwin_r0965_dpk_m01_v1_8182b50d-d367-437f-a5f5-17cb6e337d06.jpg?v=1&width=800,Damen,Damen,03/10/2026,https://eu.boden.com/products/damen-ponte-hose-mit-geradem-bein-granatapfel-r0965dpk?tc_ch=display&tc_ve=ba&tc_so=tradedesk&tc_me=pp&tc_ca=bau,,,68,IN STOCK,,,Granatapfel,,,,TRUE,TRUE
55194118,55194118,55194118,Etta Ponte-Kleid mit Paspelierung Damen Boden,https://eu.boden.com/products/damen-etta-ponte-kleid-mit-paspelierung-mitternachtsblaugruen-boden-punkte-d1815grn?tc_ch=display&tc_ve=ba&tc_so=tradedesk&tc_me=pp&tc_ca=bau,,,190.00,190.00,https://cdn.shopify.com/s/files/1/0680/4625/8428/files/26waut_d1815_grn_m01.jpg?v=1&width=800,Damen,Damen,03/10/2026,https://eu.boden.com/products/damen-etta-ponte-kleid-mit-paspelierung-mitternachtsblaugruen-boden-punkte-d1815grn?tc_ch=display&tc_ve=ba&tc_so=tradedesk&tc_me=pp&tc_ca=bau,,,73,IN STOCK,,,"Mitternachtsblaugrün, Boden-Punkte",,,,TRUE,TRUE
55211055,55211055,55211055,Paula Gerippte Strickjacke mit Rundhalsausschnitt Damen Boden,https://eu.boden.com/products/damen-paula-gerippte-strickjacke-mit-rundhalsausschnitt-bitterschokolade-k1345brn?tc_ch=display&tc_ve=ba&tc_so=tradedesk&tc_me=pp&tc_ca=bau,,,70.00,140.00,https://cdn.shopify.com/s/files/1/0680/4625/8428/files/26wwin_k1345_brn_m01.jpg?v=1&width=800,Damen,Damen,03/10/2026,https://eu.boden.com/products/damen-paula-gerippte-strickjacke-mit-rundhalsausschnitt-bitterschokolade-k1345brn?tc_ch=display&tc_ve=ba&tc_so=tradedesk&tc_me=pp&tc_ca=bau,,,78,IN STOCK,,,Bitterschokolade,,,,TRUE,TRUE
55214821,55214821,55214821,Annie Basic-Oberteil mit Rundhalsausschnitt Damen Boden,https://eu.boden.com/products/damen-annie-basic-oberteil-mit-rundhalsausschnitt-dunkler-blauregen-und-naturweiss-streifen-t2211pst?tc_ch=display&tc_ve=ba&tc_so=tradedesk&tc_me=pp&tc_ca=bau,,,46.00,46.00,https://cdn.shopify.com/s/files/1/0680/4625/8428/files/26waut_t2211_pst_m01_9053919e-8d4a-44d9-9813-faf1d8e43e26.jpg?v=1&width=800,Damen,Damen,03/10/2026,https://eu.boden.com/products/damen-annie-basic-oberteil-mit-rundhalsausschnitt-dunkler-blauregen-und-naturweiss-streifen-t2211pst?tc_ch=display&tc_ve=ba&tc_so=tradedesk&tc_me=pp&tc_ca=bau,,,8,IN STOCK,,,Dunkler Blauregen und Naturweiß Streifen,,,,TRUE,TRUE
55209356,55209356,55209356,Kniehohe Stiefel mit Schnallendetail Damen Boden,https://eu.boden.com/products/damen-kniehohe-stiefel-mit-schnallendetail-cognac-veloursleder-a2249lbr?tc_ch=display&tc_ve=ba&tc_so=tradedesk&tc_me=pp&tc_ca=bau,,,310.00,310.00,https://cdn.shopify.com/s/files/1/0680/4625/8428/files/26waut_a2249_lbr.jpg?v=1&width=800,Damen,Damen,03/10/2026,https://eu.boden.com/products/damen-kniehohe-stiefel-mit-schnallendetail-cognac-veloursleder-a2249lbr?tc_ch=display&tc_ve=ba&tc_so=tradedesk&tc_me=pp&tc_ca=bau,,,73,IN STOCK,,,Cognac Veloursleder,,,,TRUE,TRUE
55210251,55210251,55210251,Bronte Kurzes Cordkleid Damen Boden,https://eu.boden.com/products/damen-bronte-kurzes-cordkleid-kirschrot-d1470lrd?tc_ch=display&tc_ve=ba&tc_so=tradedesk&tc_me=pp&tc_ca=bau,,,140.00,140.00,https://cdn.shopify.com/s/files/1/0680/4625/8428/files/26wwin_d1470_lrd_m01_54cd24b9-63f9-40f1-b66a-685d2dd459cb.jpg?v=1&width=800,Damen,Damen,03/10/2026,https://eu.boden.com/products/damen-bronte-kurzes-cordkleid-kirschrot-d1470lrd?tc_ch=display&tc_ve=ba&tc_so=tradedesk&tc_me=pp&tc_ca=bau,,,113,IN STOCK,,,Kirschrot,,,,TRUE,TRUE
55202382,55202382,55202382,Gerafftes Jersey-Hemdblusenkleid Damen Boden,https://eu.boden.com/products/damen-gerafftes-jersey-hemdblusenkleid-graublau-d1770lbl?tc_ch=display&tc_ve=ba&tc_so=tradedesk&tc_me=pp&tc_ca=bau,,,140.00,140.00,https://cdn.shopify.com/s/files/1/0680/4625/8428/files/26wwin_d1770_lbl_m01_d327240d-b898-4aa7-b2d2-c59b39161f54.jpg?v=1&width=800,Damen,Damen,03/10/2026,https://eu.boden.com/products/damen-gerafftes-jersey-hemdblusenkleid-graublau-d1770lbl?tc_ch=display&tc_ve=ba&tc_so=tradedesk&tc_me=pp&tc_ca=bau,,,103,IN STOCK,,,Graublau,,,,TRUE,TRUE
55207973,55207973,55207973,Alex Ponte-Midikleid in Kontrastfarben Damen Boden,https://eu.boden.com/products/damen-alex-ponte-midikleid-in-kontrastfarben-sternzeichen-violett-d1758lav?tc_ch=display&tc_ve=ba&tc_so=tradedesk&tc_me=pp&tc_ca=bau,,,180.00,180.00,https://cdn.shopify.com/s/files/1/0680/4625/8428/files/26wwin_d1758_lav_m01_5229b450-3d34-4fae-98fa-8e38eb84030b.jpg?v=1&width=800,Damen,Damen,03/10/2026,https://eu.boden.com/products/damen-alex-ponte-midikleid-in-kontrastfarben-sternzeichen-violett-d1758lav?tc_ch=display&tc_ve=ba&tc_so=tradedesk&tc_me=pp&tc_ca=bau,,,107,IN STOCK,,,Sternzeichen-Violett,,,,TRUE,TRUE
55207949,55207949,55207949,Honor Säulen-Midikleid aus Jersey Damen Boden,https://eu.boden.com/products/damen-honor-saeulen-midikleid-aus-jersey-purpurrot-waldbrise-d1767pnt?tc_ch=display&tc_ve=ba&tc_so=tradedesk&tc_me=pp&tc_ca=bau,,,140.00,140.00,https://cdn.shopify.com/s/files/1/0680/4625/8428/files/26waut_d1767_pnt_w01.jpg?v=1&width=800,Damen,Damen,03/10/2026,https://eu.boden.com/products/damen-honor-saeulen-midikleid-aus-jersey-purpurrot-waldbrise-d1767pnt?tc_ch=display&tc_ve=ba&tc_so=tradedesk&tc_me=pp&tc_ca=bau,,,99,IN STOCK,,,"Purpurrot, Waldbrise",,,,TRUE,TRUE
55208012,55208012,55208012,Hope Jerseykleid mit Reißverschlussdetail Damen Boden,https://eu.boden.com/products/damen-hope-jerseykleid-mit-reissverschlussdetail-schwarz-d1816blk?tc_ch=display&tc_ve=ba&tc_so=tradedesk&tc_me=pp&tc_ca=bau,,,120.00,120.00,https://cdn.shopify.com/s/files/1/0680/4625/8428/files/26wwin_d1816_blk_m01_15ffad15-e028-4df9-9afa-ec3c119d7977.jpg?v=1&width=800,Damen,Damen,03/10/2026,https://eu.boden.com/products/damen-hope-jerseykleid-mit-reissverschlussdetail-schwarz-d1816blk?tc_ch=display&tc_ve=ba&tc_so=tradedesk&tc_me=pp&tc_ca=bau,,,120,IN STOCK,,,Schwarz,,,,TRUE,TRUE
55233064,55233064,55233064,Imogen Jerseykleid mit Kragen Damen Boden,https://eu.boden.com/products/damen-imogen-jerseykleid-mit-kragen-seegras-d1147mgr?tc_ch=display&tc_ve=ba&tc_so=tradedesk&tc_me=pp&tc_ca=bau,,,120.00,120.00,https://cdn.shopify.com/s/files/1/0680/4625/8428/files/26wwin_d1147_mgr_m01_3e7fe576-3acc-4a51-8f08-f39c0c8154b3.jpg?v=1&width=800,Damen,Damen,03/10/2026,https://eu.boden.com/products/damen-imogen-jerseykleid-mit-kragen-seegras-d1147mgr?tc_ch=display&tc_ve=ba&tc_so=tradedesk&tc_me=pp&tc_ca=bau,,,107,IN STOCK,,,Seegras,,,,TRUE,TRUE
55215520,55215520,55215520,Georgia Jersey-Midikleid Damen Boden,https://eu.boden.com/products/damen-georgia-jersey-midikleid-dunkelgruen-kleines-nelkenmuster-d1034dgr?tc_ch=display&tc_ve=ba&tc_so=tradedesk&tc_me=pp&tc_ca=bau,,,140.00,140.00,https://cdn.shopify.com/s/files/1/0680/4625/8428/files/26wwin_d1034_dgr_m01_e4af3919-2d30-4623-830f-4a3b62802e9b.jpg?v=1&width=800,Damen,Damen,03/10/2026,https://eu.boden.com/products/damen-georgia-jersey-midikleid-dunkelgruen-kleines-nelkenmuster-d1034dgr?tc_ch=display&tc_ve=ba&tc_so=tradedesk&tc_me=pp&tc_ca=bau,,,45,IN STOCK,,,"Dunkelgrün, Kleines Nelkenmuster",,,,TRUE,TRUE
55210439,55210439,55210439,Kate Plissiertes Hemdblusenkleid Damen Boden,https://eu.boden.com/products/damen-kate-plissiertes-hemdblusenkleid-marineblau-d1793nav?tc_ch=display&tc_ve=ba&tc_so=tradedesk&tc_me=pp&tc_ca=bau,,,180.00,180.00,https://cdn.shopify.com/s/files/1/0680/4625/8428/files/26wwin_d1793_nav_m01_e5dc6bf6-193c-47fd-b256-bf1afa7ef753.jpg?v=1&width=800,Damen,Damen,03/10/2026,https://eu.boden.com/products/damen-kate-plissiertes-hemdblusenkleid-marineblau-d1793nav?tc_ch=display&tc_ve=ba&tc_so=tradedesk&tc_me=pp&tc_ca=bau,,,60,IN STOCK,,,Marineblau,,,,TRUE,TRUE
55212356,55212356,55212356,Rhoda Kurzes Cordkleid Damen Boden,https://eu.boden.com/products/damen-rhoda-kurzes-cordkleid-lebkuchen-d1828brn?tc_ch=display&tc_ve=ba&tc_so=tradedesk&tc_me=pp&tc_ca=bau,,,140.00,140.00,https://cdn.shopify.com/s/files/1/0680/4625/8428/files/26wwin_d1828_brn_m01_947d343f-b095-4e15-8344-f2aa70a0fd10.jpg?v=1&width=800,Damen,Damen,03/10/2026,https://eu.boden.com/products/damen-rhoda-kurzes-cordkleid-lebkuchen-d1828brn?tc_ch=display&tc_ve=ba&tc_so=tradedesk&tc_me=pp&tc_ca=bau,,,161,IN STOCK,,,Lebkuchen,,,,TRUE,TRUE
55211683,55211683,55211683,Paula Geripptes Kleid mit Rundhalsausschnitt Damen Boden,https://eu.boden.com/products/damen-paula-geripptes-kleid-mit-rundhalsausschnitt-dunkler-blauregen-marineblau-d1825prp?tc_ch=display&tc_ve=ba&tc_so=tradedesk&tc_me=pp&tc_ca=bau,,,190.00,190.00,https://cdn.shopify.com/s/files/1/0680/4625/8428/files/26wwin_d1825_prp_m01_272a059c-362b-475b-8794-ceb02fd51d7b.jpg?v=1&width=800,Damen,Damen,03/10/2026,https://eu.boden.com/products/damen-paula-geripptes-kleid-mit-rundhalsausschnitt-dunkler-blauregen-marineblau-d1825prp?tc_ch=display&tc_ve=ba&tc_so=tradedesk&tc_me=pp&tc_ca=bau,,,136,IN STOCK,,,"Dunkler Blauregen, Marineblau",,,,TRUE,TRUE
55208149,55208149,55208149,Hope Jerseykleid mit Reißverschlussdetail Damen Boden,https://eu.boden.com/products/damen-hope-jerseykleid-mit-reissverschlussdetail-sturmblau-bluehende-knospen-d1816blu?tc_ch=display&tc_ve=ba&tc_so=tradedesk&tc_me=pp&tc_ca=bau,,,140.00,140.00,https://cdn.shopify.com/s/files/1/0680/4625/8428/files/26wwin_d1816_blu_m01_561113e5-40a3-4006-b90b-78eac32f01a5.jpg?v=1&width=800,Damen,Damen,03/10/2026,https://eu.boden.com/products/damen-hope-jerseykleid-mit-reissverschlussdetail-sturmblau-bluehende-knospen-d1816blu?tc_ch=display&tc_ve=ba&tc_so=tradedesk&tc_me=pp&tc_ca=bau,,,146,IN STOCK,,,"Sturmblau, Blühende Knospen",,,,TRUE,TRUE
55211020,55211020,55211020,Ariadne Strickjacke aus Wollmischgewebe Damen Boden,https://eu.boden.com/products/damen-ariadne-strickjacke-aus-wollmischgewebe-braun-argyle-k1327brm?tc_ch=display&tc_ve=ba&tc_so=tradedesk&tc_me=pp&tc_ca=bau,,,180.00,180.00,https://cdn.shopify.com/s/files/1/0680/4625/8428/files/26waut_k1327_brm_w01.jpg?v=1&width=800,Damen,Damen,03/10/2026,https://eu.boden.com/products/damen-ariadne-strickjacke-aus-wollmischgewebe-braun-argyle-k1327brm?tc_ch=display&tc_ve=ba&tc_so=tradedesk&tc_me=pp&tc_ca=bau,,,348,IN STOCK,,,Braun Argyle,,,,TRUE,TRUE
55200159,55200159,55200159,Sara Seidenhemd Damen Boden,https://eu.boden.com/products/damen-sara-seidenhemd-rosa-heidekraut-gefrorenes-blumenmuster-t2000mus?tc_ch=display&tc_ve=ba&tc_so=tradedesk&tc_me=pp&tc_ca=bau,,,190.00,190.00,https://cdn.shopify.com/s/files/1/0680/4625/8428/files/26waut_t2000_mus_w01_2c03c9a6-b01b-49b7-bcc5-073b506aeaf2.jpg?v=1&width=800,Damen,Damen,03/10/2026,https://eu.boden.com/products/damen-sara-seidenhemd-rosa-heidekraut-gefrorenes-blumenmuster-t2000mus?tc_ch=display&tc_ve=ba&tc_so=tradedesk&tc_me=pp&tc_ca=bau,,,94,IN STOCK,,,"Rosa Heidekraut, Gefrorenes Blumenmuster",,,,TRUE,TRUE
55213890,55213890,55213890,Canonbury Taillierte Hose Damen Boden,https://eu.boden.com/products/damen-canonbury-taillierte-hose-gruen-streifen-r0900mgr?tc_ch=display&tc_ve=ba&tc_so=tradedesk&tc_me=pp&tc_ca=bau,,,150.00,150.00,https://cdn.shopify.com/s/files/1/0680/4625/8428/files/26waut_r0900_mgr_w01.jpg?v=1&width=800,Damen,Damen,03/10/2026,https://eu.boden.com/products/damen-canonbury-taillierte-hose-gruen-streifen-r0900mgr?tc_ch=display&tc_ve=ba&tc_so=tradedesk&tc_me=pp&tc_ca=bau,,,50,IN STOCK,,,Grün Streifen,,,,TRUE,TRUE
55211302,55211302,55211302,Ariadne Pullover aus Alpaka-Mischung Damen Boden,https://eu.boden.com/products/damen-ariadne-pullover-aus-alpaka-mischung-bunt-vichykaro-k1328red?tc_ch=display&tc_ve=ba&tc_so=tradedesk&tc_me=pp&tc_ca=bau,,,170.00,170.00,https://cdn.shopify.com/s/files/1/0680/4625/8428/files/26waut_k1328_red_w01.jpg?v=1&width=800,Damen,Damen,03/10/2026,https://eu.boden.com/products/damen-ariadne-pullover-aus-alpaka-mischung-bunt-vichykaro-k1328red?tc_ch=display&tc_ve=ba&tc_so=tradedesk&tc_me=pp&tc_ca=bau,,,272,IN STOCK,,,Bunt Vichykaro,,,,TRUE,TRUE
55201076,55201076,55201076,Doppellagiges Oberteil mit quadratischem Ausschnitt Damen Boden,https://eu.boden.com/products/damen-doppellagiges-oberteil-mit-quadratischem-ausschnitt-weinprobe-t2032prp?tc_ch=display&tc_ve=ba&tc_so=tradedesk&tc_me=pp&tc_ca=bau,,,49.00,49.00,https://cdn.shopify.com/s/files/1/0680/4625/8428/files/26waut_t2032_prp_m01_v1_10800f22-acad-4c93-afab-7f30d49c81f3.jpg?v=1&width=800,Damen,Damen,03/10/2026,https://eu.boden.com/products/damen-doppellagiges-oberteil-mit-quadratischem-ausschnitt-weinprobe-t2032prp?tc_ch=display&tc_ve=ba&tc_so=tradedesk&tc_me=pp&tc_ca=bau,,,17,IN STOCK,,,Weinprobe,,,,TRUE,TRUE
55208770,55208770,55208770,Hope Jerseykleid mit Reißverschlussdetail Damen Boden,https://eu.boden.com/products/damen-hope-jerseykleid-mit-reissverschlussdetail-rotbraun-rosa-wiesen-d1816brn?tc_ch=display&tc_ve=ba&tc_so=tradedesk&tc_me=pp&tc_ca=bau,,,140.00,140.00,https://cdn.shopify.com/s/files/1/0680/4625/8428/files/26wwin_d1816_brn_m01_b84293ee-7b6b-4283-9d8b-36d1884ce0d6.jpg?v=1&width=800,Damen,Damen,03/10/2026,https://eu.boden.com/products/damen-hope-jerseykleid-mit-reissverschlussdetail-rotbraun-rosa-wiesen-d1816brn?tc_ch=display&tc_ve=ba&tc_so=tradedesk&tc_me=pp&tc_ca=bau,,,59,IN STOCK,,,"Rotbraun, Rosa Wiesen",,,,TRUE,TRUE
55219740,55219740,55219740,Nya Pennyloafer-GRÜN Damen Boden,https://eu.boden.com/products/damen-nya-pennyloafer-gruen-a1805grn?tc_ch=display&tc_ve=ba&tc_so=tradedesk&tc_me=pp&tc_ca=bau,,,150.00,150.00,https://cdn.shopify.com/s/files/1/0680/4625/8428/files/26wwin_a1805_grn_d485f7d4-b194-4adc-a791-9d70dc36bbd8.jpg?v=1&width=800,Damen,Damen,03/10/2026,https://eu.boden.com/products/damen-nya-pennyloafer-gruen-a1805grn?tc_ch=display&tc_ve=ba&tc_so=tradedesk&tc_me=pp&tc_ca=bau,,,23,IN STOCK,,,Grün,,,,TRUE,TRUE
55217410,55217410,55217410,Jessie Chelsea-Stiefel mit breiter Sohle Damen Boden,https://eu.boden.com/products/damen-jessie-chelsea-stiefel-mit-breiter-sohle-mohair-leopardenmuster-a2238flr?tc_ch=display&tc_ve=ba&tc_so=tradedesk&tc_me=pp&tc_ca=bau,,,230.00,230.00,https://cdn.shopify.com/s/files/1/0680/4625/8428/files/26wwin_a2238_flr_0393ba60-110c-4aa1-acf9-1d021611b893.jpg?v=1&width=800,Damen,Damen,03/10/2026,https://eu.boden.com/products/damen-jessie-chelsea-stiefel-mit-breiter-sohle-mohair-leopardenmuster-a2238flr?tc_ch=display&tc_ve=ba&tc_so=tradedesk&tc_me=pp&tc_ca=bau,,,46,IN STOCK,,,"Mohair, Leopardenmuster",,,,TRUE,TRUE
55209451,55209451,55209451,Chelsea-Gummistiefel mit breiter Sohle Damen Boden,https://eu.boden.com/products/damen-chelsea-gummistiefel-mit-breiter-sohle-khaki-a2255khf?tc_ch=display&tc_ve=ba&tc_so=tradedesk&tc_me=pp&tc_ca=bau,,,110.00,110.00,https://cdn.shopify.com/s/files/1/0680/4625/8428/files/26wwin_a2255_khf_86dafeb8-95ad-4624-b742-633ca36458ba.jpg?v=1&width=800,Damen,Damen,03/10/2026,https://eu.boden.com/products/damen-chelsea-gummistiefel-mit-breiter-sohle-khaki-a2255khf?tc_ch=display&tc_ve=ba&tc_so=tradedesk&tc_me=pp&tc_ca=bau,,,157,IN STOCK,,,Khaki,,,,TRUE,TRUE
55230617,55230617,55230617,Hängeohrringe mit Schmucksteinen Damen Boden,https://eu.boden.com/products/damen-haengeohrringe-mit-schmucksteinen-bunte-schmucksteine-a2347mul?tc_ch=display&tc_ve=ba&tc_so=tradedesk&tc_me=pp&tc_ca=bau,,,56.00,56.00,https://cdn.shopify.com/s/files/1/0680/4625/8428/files/26wwin_a2347_mul_0f8467e3-ff45-4e40-8148-4d469c91c071.jpg?v=1&width=800,Damen,Damen,03/10/2026,https://eu.boden.com/products/damen-haengeohrringe-mit-schmucksteinen-bunte-schmucksteine-a2347mul?tc_ch=display&tc_ve=ba&tc_so=tradedesk&tc_me=pp&tc_ca=bau,,,91,IN STOCK,,,Bunte Schmucksteine,,,,TRUE,TRUE
55210295,55210295,55210295,Dinah Verzierte Loafer Damen Boden,https://eu.boden.com/products/damen-dinah-verzierte-loafer-marineblau-herz-und-schluessel-a2278nav?tc_ch=display&tc_ve=ba&tc_so=tradedesk&tc_me=pp&tc_ca=bau,,,190.00,190.00,https://cdn.shopify.com/s/files/1/0680/4625/8428/files/26wwin_a2278_nav_c49c166e-5079-4e47-bb82-37e7d60a409c.jpg?v=1&width=800,Damen,Damen,03/10/2026,https://eu.boden.com/products/damen-dinah-verzierte-loafer-marineblau-herz-und-schluessel-a2278nav?tc_ch=display&tc_ve=ba&tc_so=tradedesk&tc_me=pp&tc_ca=bau,,,39,IN STOCK,,,Marineblau Herz und Schlüssel,,,,TRUE,TRUE
55208931,55208931,55208931,Lou Etuikleid aus Cord Damen Boden,https://eu.boden.com/products/damen-lou-etuikleid-aus-cord-waldgruen-d1785khk?tc_ch=display&tc_ve=ba&tc_so=tradedesk&tc_me=pp&tc_ca=bau,,,140.00,140.00,https://cdn.shopify.com/s/files/1/0680/4625/8428/files/26wwin_d1785_khk_m01.jpg?v=1&width=800,Damen,Damen,03/10/2026,https://eu.boden.com/products/damen-lou-etuikleid-aus-cord-waldgruen-d1785khk?tc_ch=display&tc_ve=ba&tc_so=tradedesk&tc_me=pp&tc_ca=bau,,,214,IN STOCK,,,Waldgrün,,,,TRUE,TRUE
55208881,55208881,55208881,Marcia Jersey-Hemdblusenkleid Damen Boden,https://eu.boden.com/products/damen-marcia-jersey-hemdblusenkleid-camel-leopardenmuster-d1033oat?tc_ch=display&tc_ve=ba&tc_so=tradedesk&tc_me=pp&tc_ca=bau,,,150.00,150.00,https://cdn.shopify.com/s/files/1/0680/4625/8428/files/26wwin_d1033_oat_m01_3dd69cc5-5453-4cad-b7ea-29f38c845d79.jpg?v=1&width=800,Damen,Damen,03/10/2026,https://eu.boden.com/products/damen-marcia-jersey-hemdblusenkleid-camel-leopardenmuster-d1033oat?tc_ch=display&tc_ve=ba&tc_so=tradedesk&tc_me=pp&tc_ca=bau,,,99,IN STOCK,,,"Camel, Leopardenmuster",,,,TRUE,TRUE
55217756,55217756,55217756,Etta Paspeliertes Samtkleid Damen Boden,https://eu.boden.com/products/damen-etta-paspeliertes-samtkleid-marineblau-d1832nav?tc_ch=display&tc_ve=ba&tc_so=tradedesk&tc_me=pp&tc_ca=bau,,,180.00,180.00,https://cdn.shopify.com/s/files/1/0680/4625/8428/files/26wwin_d1832_nav_m01_c5606c69-879a-42bf-ba38-29fce786ab32.jpg?v=1&width=800,Damen,Damen,03/10/2026,https://eu.boden.com/products/damen-etta-paspeliertes-samtkleid-marineblau-d1832nav?tc_ch=display&tc_ve=ba&tc_so=tradedesk&tc_me=pp&tc_ca=bau,,,79,IN STOCK,,,Marineblau,,,,TRUE,TRUE
55217861,55217861,55217861,Etta Paspeliertes Samtkleid Damen Boden,https://eu.boden.com/products/damen-etta-paspeliertes-samtkleid-douglasie-d1832dgr?tc_ch=display&tc_ve=ba&tc_so=tradedesk&tc_me=pp&tc_ca=bau,,,180.00,180.00,https://cdn.shopify.com/s/files/1/0680/4625/8428/files/26waut_d1832_dgr_w01.jpg?v=1&width=800,Damen,Damen,03/10/2026,https://eu.boden.com/products/damen-etta-paspeliertes-samtkleid-douglasie-d1832dgr?tc_ch=display&tc_ve=ba&tc_so=tradedesk&tc_me=pp&tc_ca=bau,,,106,IN STOCK,,,Douglasie,,,,TRUE,TRUE
55201558,55201558,55201558,Pia Oberteil mit Rüschen Damen Boden,https://eu.boden.com/products/damen-pia-oberteil-mit-rueschen-leichtes-flieder-verzauberte-zweige-t2148pin?tc_ch=display&tc_ve=ba&tc_so=tradedesk&tc_me=pp&tc_ca=bau,,,79.00,79.00,https://cdn.shopify.com/s/files/1/0680/4625/8428/files/26waut_t2148_pin_w01.jpg?v=1&width=800,Damen,Damen,03/10/2026,https://eu.boden.com/products/damen-pia-oberteil-mit-rueschen-leichtes-flieder-verzauberte-zweige-t2148pin?tc_ch=display&tc_ve=ba&tc_so=tradedesk&tc_me=pp&tc_ca=bau,,,135,IN STOCK,,,"Leichtes Flieder, Verzauberte Zweige",,,,TRUE,TRUE
55201052,55201052,55201052,Ara Jerseyhemd Damen Boden,https://eu.boden.com/products/damen-ara-jerseyhemd-schnittlauch-rosa-wiesen-t2149spt?tc_ch=display&tc_ve=ba&tc_so=tradedesk&tc_me=pp&tc_ca=bau,,,79.00,79.00,https://cdn.shopify.com/s/files/1/0680/4625/8428/files/26wwin_t2149_spt_m01_190b83be-56af-49bf-b1f7-125d1f9afeb6.jpg?v=1&width=800,Damen,Damen,03/10/2026,https://eu.boden.com/products/damen-ara-jerseyhemd-schnittlauch-rosa-wiesen-t2149spt?tc_ch=display&tc_ve=ba&tc_so=tradedesk&tc_me=pp&tc_ca=bau,,,115,IN STOCK,,,"Schnittlauch, Rosa Wiesen",,,,TRUE,TRUE
55215044,55215044,55215044,Ponte-Kleid mit Bindegürtel Damen Boden,https://eu.boden.com/products/damen-ponte-kleid-mit-bindeguertel-schwarz-d1808blk?tc_ch=display&tc_ve=ba&tc_so=tradedesk&tc_me=pp&tc_ca=bau,,,120.00,120.00,https://cdn.shopify.com/s/files/1/0680/4625/8428/files/26wwin_d1808_blk_m02_e789741e-33b5-4499-ac62-925e94dc678c.jpg?v=1&width=800,Damen,Damen,03/10/2026,https://eu.boden.com/products/damen-ponte-kleid-mit-bindeguertel-schwarz-d1808blk?tc_ch=display&tc_ve=ba&tc_so=tradedesk&tc_me=pp&tc_ca=bau,,,107,IN STOCK,,,Schwarz,,,,TRUE,TRUE
55215253,55215253,55215253,Jacquardkleid mit Rundhalsausschnitt Damen Boden,https://eu.boden.com/products/damen-jacquardkleid-mit-rundhalsausschnitt-marineblau-camel-rot-kariert-d1822nav?tc_ch=display&tc_ve=ba&tc_so=tradedesk&tc_me=pp&tc_ca=bau,,,190.00,190.00,https://cdn.shopify.com/s/files/1/0680/4625/8428/files/26wwin_d1822_nav_m01.jpg?v=1&width=800,Damen,Damen,03/10/2026,https://eu.boden.com/products/damen-jacquardkleid-mit-rundhalsausschnitt-marineblau-camel-rot-kariert-d1822nav?tc_ch=display&tc_ve=ba&tc_so=tradedesk&tc_me=pp&tc_ca=bau,,,43,IN STOCK,,,"Marineblau, Camel, Rot Kariert",,,,TRUE,TRUE
55215206,55215206,55215206,Jacquardkleid mit Rundhalsausschnitt Damen Boden,https://eu.boden.com/products/damen-jacquardkleid-mit-rundhalsausschnitt-navy-jacquardmuster-d1822nvy?tc_ch=display&tc_ve=ba&tc_so=tradedesk&tc_me=pp&tc_ca=bau,,,190.00,190.00,https://cdn.shopify.com/s/files/1/0680/4625/8428/files/26waut_d1822_nvy_w01_2642f7b0-8b27-4361-9cb3-c771027cb053.jpg?v=1&width=800,Damen,Damen,03/10/2026,https://eu.boden.com/products/damen-jacquardkleid-mit-rundhalsausschnitt-navy-jacquardmuster-d1822nvy?tc_ch=display&tc_ve=ba&tc_so=tradedesk&tc_me=pp&tc_ca=bau,,,65,IN STOCK,,,"Navy, Jacquardmuster",,,,TRUE,TRUE
55201082,55201082,55201082,Superweiches Hemd mit Puffärmeln Damen Boden,https://eu.boden.com/products/damen-superweiches-hemd-mit-puffaermeln-weinprobe-gemalte-tupfen-t2204prp?tc_ch=display&tc_ve=ba&tc_so=tradedesk&tc_me=pp&tc_ca=bau,,,59.00,59.00,https://cdn.shopify.com/s/files/1/0680/4625/8428/files/26wwin_t2204_prp_m01.jpg?v=1&width=800,Damen,Damen,03/10/2026,https://eu.boden.com/products/damen-superweiches-hemd-mit-puffaermeln-weinprobe-gemalte-tupfen-t2204prp?tc_ch=display&tc_ve=ba&tc_so=tradedesk&tc_me=pp&tc_ca=bau,,,88,IN STOCK,,,"Weinprobe, Gemalte Tupfen",,,,TRUE,TRUE
55207298,55207298,55207298,Marianne Strickjacke aus Merinowolle Damen Boden,https://eu.boden.com/products/damen-marianne-strickjacke-aus-merinowolle-gewuerzter-chai-k1314yel?tc_ch=display&tc_ve=ba&tc_so=tradedesk&tc_me=pp&tc_ca=bau,,,150.00,150.00,https://cdn.shopify.com/s/files/1/0680/4625/8428/files/26waut_k1314_yel_m01_v1.jpg?v=1&width=800,Damen,Damen,03/10/2026,https://eu.boden.com/products/damen-marianne-strickjacke-aus-merinowolle-gewuerzter-chai-k1314yel?tc_ch=display&tc_ve=ba&tc_so=tradedesk&tc_me=pp&tc_ca=bau,,,169,IN STOCK,,,Gewürzter Chai,,,,TRUE,TRUE
55210945,55210945,55210945,Elsie Kaschmirpullover mit Rundhalsausschnitt Damen Boden,https://eu.boden.com/products/damen-elsie-kaschmirpullover-mit-rundhalsausschnitt-marineblau-k1298nvy?tc_ch=display&tc_ve=ba&tc_so=tradedesk&tc_me=pp&tc_ca=bau,,,170.00,170.00,https://cdn.shopify.com/s/files/1/0680/4625/8428/files/26waut_k1298_nvy_m01_v1_87ec99ed-5cef-4659-ab16-8a1e1aa0efd8.jpg?v=1&width=800,Damen,Damen,03/10/2026,https://eu.boden.com/products/damen-elsie-kaschmirpullover-mit-rundhalsausschnitt-marineblau-k1298nvy?tc_ch=display&tc_ve=ba&tc_so=tradedesk&tc_me=pp&tc_ca=bau,,,238,IN STOCK,,,Marineblau,,,,TRUE,TRUE
55207762,55207762,55207762,Marianne Strickjacke aus Merinowolle Damen Boden,https://eu.boden.com/products/damen-marianne-strickjacke-aus-merinowolle-schwarz-k1314blk?tc_ch=display&tc_ve=ba&tc_so=tradedesk&tc_me=pp&tc_ca=bau,,,150.00,150.00,https://cdn.shopify.com/s/files/1/0680/4625/8428/files/26waut_k1314_blk_m01_f3cb65a3-6a7f-4998-8eee-9dadc21b06b6.jpg?v=1&width=800,Damen,Damen,03/10/2026,https://eu.boden.com/products/damen-marianne-strickjacke-aus-merinowolle-schwarz-k1314blk?tc_ch=display&tc_ve=ba&tc_so=tradedesk&tc_me=pp&tc_ca=bau,,,297,IN STOCK,,,Schwarz,,,,TRUE,TRUE
55208986,55208986,55208986,Hope Jerseykleid mit Reißverschlussdetail Damen Boden,https://eu.boden.com/products/damen-hope-jerseykleid-mit-reissverschlussdetail-erdiges-rot-d1816red?tc_ch=display&tc_ve=ba&tc_so=tradedesk&tc_me=pp&tc_ca=bau,,,120.00,120.00,https://cdn.shopify.com/s/files/1/0680/4625/8428/files/26wwin_d1816_red_m01_e24a4040-f7e6-453e-9acc-e4b8aec91a10.jpg?v=1&width=800,Damen,Damen,03/10/2026,https://eu.boden.com/products/damen-hope-jerseykleid-mit-reissverschlussdetail-erdiges-rot-d1816red?tc_ch=display&tc_ve=ba&tc_so=tradedesk&tc_me=pp&tc_ca=bau,,,70,IN STOCK,,,Erdiges Rot,,,,TRUE,TRUE
55209666,55209666,55209666,Pumps mit Schnallenriemen und Blockabsatz Damen Boden,https://eu.boden.com/products/damen-pumps-mit-schnallenriemen-und-blockabsatz-schwarz-krokodilleder-optik-gepraegt-a2274blk?tc_ch=display&tc_ve=ba&tc_so=tradedesk&tc_me=pp&tc_ca=bau,,,190.00,190.00,https://cdn.shopify.com/s/files/1/0680/4625/8428/files/26wwin_a2274_blk_7852d26e-1a4b-4483-9326-787d7647870f.jpg?v=1&width=800,Damen,Damen,03/10/2026,https://eu.boden.com/products/damen-pumps-mit-schnallenriemen-und-blockabsatz-schwarz-krokodilleder-optik-gepraegt-a2274blk?tc_ch=display&tc_ve=ba&tc_so=tradedesk&tc_me=pp&tc_ca=bau,,,119,IN STOCK,,,Schwarz Krokodilleder-Optik Geprägt,,,,TRUE,TRUE
55210375,55210375,55210375,Nya Flache Ghillie-Loafer Damen Boden,https://eu.boden.com/products/damen-nya-flache-ghillie-loafer-schokolade-krokodilleder-optik-gepraegt-a2254chc?tc_ch=display&tc_ve=ba&tc_so=tradedesk&tc_me=pp&tc_ca=bau,,,180.00,180.00,https://cdn.shopify.com/s/files/1/0680/4625/8428/files/26wwin_a2254_chc_49b846eb-0f84-4db6-b43d-6620bcf339ec.jpg?v=1&width=800,Damen,Damen,03/10/2026,https://eu.boden.com/products/damen-nya-flache-ghillie-loafer-schokolade-krokodilleder-optik-gepraegt-a2254chc?tc_ch=display&tc_ve=ba&tc_so=tradedesk&tc_me=pp&tc_ca=bau,,,90,IN STOCK,,,Schokolade Krokodilleder-Optik Geprägt,,,,TRUE,TRUE
55210141,55210141,55210141,Gesmoktes Midikleid aus Cord Damen Boden,https://eu.boden.com/products/damen-gesmoktes-midikleid-aus-cord-sturmblau-stickerei-d1791blu?tc_ch=display&tc_ve=ba&tc_so=tradedesk&tc_me=pp&tc_ca=bau,,,220.00,220.00,https://cdn.shopify.com/s/files/1/0680/4625/8428/files/26waut_d1791_blu_w01_16e86305-dcba-48e1-a4f0-158c7532d716.jpg?v=1&width=800,Damen,Damen,03/10/2026,https://eu.boden.com/products/damen-gesmoktes-midikleid-aus-cord-sturmblau-stickerei-d1791blu?tc_ch=display&tc_ve=ba&tc_so=tradedesk&tc_me=pp&tc_ca=bau,,,60,IN STOCK,,,"Sturmblau, Stickerei",,,,TRUE,TRUE
55201064,55201064,55201064,Superweiches Hemd mit Puffärmeln Damen Boden,https://eu.boden.com/products/damen-superweiches-hemd-mit-puffaermeln-verteiltes-blattwerk-t2204spt?tc_ch=display&tc_ve=ba&tc_so=tradedesk&tc_me=pp&tc_ca=bau,,,76.00,76.00,https://cdn.shopify.com/s/files/1/0680/4625/8428/files/26wwin_t2204_spt_m01.jpg?v=1&width=800,Damen,Damen,03/10/2026,https://eu.boden.com/products/damen-superweiches-hemd-mit-puffaermeln-verteiltes-blattwerk-t2204spt?tc_ch=display&tc_ve=ba&tc_so=tradedesk&tc_me=pp&tc_ca=bau,,,50,IN STOCK,,,Verteiltes Blattwerk,,,,TRUE,TRUE
55218859,55218859,55218859,Erica Oberteil mit Spitze Damen Boden,https://eu.boden.com/products/damen-erica-oberteil-mit-spitze-schwarz-t2229bla?tc_ch=display&tc_ve=ba&tc_so=tradedesk&tc_me=pp&tc_ca=bau,,,150.00,150.00,https://cdn.shopify.com/s/files/1/0680/4625/8428/files/26wwin_t2229_bla_m01_59fa407e-07db-40f6-a7ab-12e3aadfeebc.jpg?v=1&width=800,Damen,Damen,03/10/2026,https://eu.boden.com/products/damen-erica-oberteil-mit-spitze-schwarz-t2229bla?tc_ch=display&tc_ve=ba&tc_so=tradedesk&tc_me=pp&tc_ca=bau,,,188,IN STOCK,,,Schwarz,,,,TRUE,TRUE
55213194,55213194,55213194,Woodbridge Klassisch geschneiderter Blazer Damen Boden,https://eu.boden.com/products/damen-woodbridge-klassisch-geschneiderter-blazer-gruen-schuluniform-streifen-u0506mul?tc_ch=display&tc_ve=ba&tc_so=tradedesk&tc_me=pp&tc_ca=bau,,,230.00,230.00,https://cdn.shopify.com/s/files/1/0680/4625/8428/files/26wwin_u0506_mul_m01_8441552f-81eb-464a-a996-248d9c47a6b5.jpg?v=1&width=800,Damen,Damen,03/10/2026,https://eu.boden.com/products/damen-woodbridge-klassisch-geschneiderter-blazer-gruen-schuluniform-streifen-u0506mul?tc_ch=display&tc_ve=ba&tc_so=tradedesk&tc_me=pp&tc_ca=bau,,,7,IN STOCK,,,"Grün, Schuluniform Streifen",,,,TRUE,TRUE
55206261,55206261,55206261,Wolljacke mit Rüschenkragen Damen Boden,https://eu.boden.com/products/damen-wolljacke-mit-rueschenkragen-schwarz-u0498blk?tc_ch=display&tc_ve=ba&tc_so=tradedesk&tc_me=pp&tc_ca=bau,,,260.00,260.00,https://cdn.shopify.com/s/files/1/0680/4625/8428/files/26waut_u0498_blk_w01.jpg?v=1&width=800,Damen,Damen,03/10/2026,https://eu.boden.com/products/damen-wolljacke-mit-rueschenkragen-schwarz-u0498blk?tc_ch=display&tc_ve=ba&tc_so=tradedesk&tc_me=pp&tc_ca=bau,,,68,IN STOCK,,,Schwarz,,,,TRUE,TRUE
55211722,55211722,55211722,Belgravia Hose für besondere Anlässe Damen Boden,https://eu.boden.com/products/damen-belgravia-hose-fuer-besondere-anlaesse-bunt-knalliges-paisleymuster-r0974mul?tc_ch=display&tc_ve=ba&tc_so=tradedesk&tc_me=pp&tc_ca=bau,,,190.00,190.00,https://cdn.shopify.com/s/files/1/0680/4625/8428/files/26wwin_r0974_mul_m01_v1.jpg?v=1&width=800,Damen,Damen,03/10/2026,https://eu.boden.com/products/damen-belgravia-hose-fuer-besondere-anlaesse-bunt-knalliges-paisleymuster-r0974mul?tc_ch=display&tc_ve=ba&tc_so=tradedesk&tc_me=pp&tc_ca=bau,,,107,IN STOCK,,,"Bunt, Knalliges Paisleymuster",,,,TRUE,TRUE
55209338,55209338,55209338,Woodbridge Cord-Blazer Damen Boden,https://eu.boden.com/products/damen-woodbridge-cord-blazer-kirschrot-u0504pin?tc_ch=display&tc_ve=ba&tc_so=tradedesk&tc_me=pp&tc_ca=bau,,,180.00,180.00,https://cdn.shopify.com/s/files/1/0680/4625/8428/files/26wwin_u0504_pin_m01_7056a992-5f0f-4245-8325-73bcabef6094.jpg?v=1&width=800,Damen,Damen,03/10/2026,https://eu.boden.com/products/damen-woodbridge-cord-blazer-kirschrot-u0504pin?tc_ch=display&tc_ve=ba&tc_so=tradedesk&tc_me=pp&tc_ca=bau,,,60,IN STOCK,,,Kirschrot,,,,TRUE,TRUE
55203989,55203989,55203989,Fitzrovia Cord-Säulenhose Damen Boden,https://eu.boden.com/products/damen-fitzrovia-cord-saeulenhose-dunkle-kirsche-r0991pur?tc_ch=display&tc_ve=ba&tc_so=tradedesk&tc_me=pp&tc_ca=bau,,,150.00,150.00,https://cdn.shopify.com/s/files/1/0680/4625/8428/files/26wwin_r0991_pur_m01_1751294e-1205-4522-91e7-aaf16ef7d430.jpg?v=1&width=800,Damen,Damen,03/10/2026,https://eu.boden.com/products/damen-fitzrovia-cord-saeulenhose-dunkle-kirsche-r0991pur?tc_ch=display&tc_ve=ba&tc_so=tradedesk&tc_me=pp&tc_ca=bau,,,126,IN STOCK,,,Dunkle Kirsche,,,,TRUE,TRUE
55204656,55204656,55204656,Fitzrovia Cord-Säulenhose Damen Boden,https://eu.boden.com/products/damen-fitzrovia-cord-saeulenhose-kirschrot-r0991pnt?tc_ch=display&tc_ve=ba&tc_so=tradedesk&tc_me=pp&tc_ca=bau,,,150.00,150.00,https://cdn.shopify.com/s/files/1/0680/4625/8428/files/26wwin_r0991_pnt_m01_4e40b801-94ac-47e4-873c-ea608ab0a220.jpg?v=1&width=800,Damen,Damen,03/10/2026,https://eu.boden.com/products/damen-fitzrovia-cord-saeulenhose-kirschrot-r0991pnt?tc_ch=display&tc_ve=ba&tc_so=tradedesk&tc_me=pp&tc_ca=bau,,,90,IN STOCK,,,Kirschrot,,,,TRUE,TRUE
55216695,55216695,55216695,Strickkleid mit Zopfmuster Damen Boden,https://eu.boden.com/products/damen-strickkleid-mit-zopfmuster-marineblau-d1823nav?tc_ch=display&tc_ve=ba&tc_so=tradedesk&tc_me=pp&tc_ca=bau,,,220.00,220.00,https://cdn.shopify.com/s/files/1/0680/4625/8428/files/26wwin_d1823_nav_m01_e9d9f4a2-650e-4495-84d6-2d638d89e0e5.jpg?v=1&width=800,Damen,Damen,03/10/2026,https://eu.boden.com/products/damen-strickkleid-mit-zopfmuster-marineblau-d1823nav?tc_ch=display&tc_ve=ba&tc_so=tradedesk&tc_me=pp&tc_ca=bau,,,151,IN STOCK,,,Marineblau,,,,TRUE,TRUE
55207460,55207460,55207460,Marta Strickjacke aus Merinowolle Damen Boden,https://eu.boden.com/products/damen-marta-strickjacke-aus-merinowolle-abendrot-orange-k1308org?tc_ch=display&tc_ve=ba&tc_so=tradedesk&tc_me=pp&tc_ca=bau,,,150.00,150.00,https://cdn.shopify.com/s/files/1/0680/4625/8428/files/26wwin_k1308_org_m01.jpg?v=1&width=800,Damen,Damen,03/10/2026,https://eu.boden.com/products/damen-marta-strickjacke-aus-merinowolle-abendrot-orange-k1308org?tc_ch=display&tc_ve=ba&tc_so=tradedesk&tc_me=pp&tc_ca=bau,,,81,IN STOCK,,,Abendrot-Orange,,,,TRUE,TRUE
55210544,55210544,55210544,Camilla Rollkragenpullover Damen Boden,https://eu.boden.com/products/damen-camilla-rollkragenpullover-marineblau-k1313nav?tc_ch=display&tc_ve=ba&tc_so=tradedesk&tc_me=pp&tc_ca=bau,,,99.00,99.00,https://cdn.shopify.com/s/files/1/0680/4625/8428/files/26wwin_k1313_nav_m01.jpg?v=1&width=800,Damen,Damen,03/10/2026,https://eu.boden.com/products/damen-camilla-rollkragenpullover-marineblau-k1313nav?tc_ch=display&tc_ve=ba&tc_so=tradedesk&tc_me=pp&tc_ca=bau,,,26,IN STOCK,,,Marineblau,,,,TRUE,TRUE
55201492,55201492,55201492,Kylie Flache Mary Janes mit Schnalle Damen Boden,https://eu.boden.com/products/damen-kylie-flache-mary-janes-mit-schnalle-klassisches-leopardenmuster-a2038mmi?tc_ch=display&tc_ve=ba&tc_so=tradedesk&tc_me=pp&tc_ca=bau,,,180.00,180.00,https://cdn.shopify.com/s/files/1/0680/4625/8428/files/26wwin_a2038_mmi_47554167-9ea3-4ac6-a261-6ea0dad4a4bd.jpg?v=1&width=800,Damen,Damen,03/10/2026,https://eu.boden.com/products/damen-kylie-flache-mary-janes-mit-schnalle-klassisches-leopardenmuster-a2038mmi?tc_ch=display&tc_ve=ba&tc_so=tradedesk&tc_me=pp&tc_ca=bau,,,81,IN STOCK,,,Klassisches Leopardenmuster,,,,TRUE,TRUE
55209845,55209845,55209845,Isobel Stiefeletten mit Kitten-Absatz Damen Boden,https://eu.boden.com/products/damen-isobel-stiefeletten-mit-kitten-absatz-mini-leopardenmuster-a2126mnk?tc_ch=display&tc_ve=ba&tc_so=tradedesk&tc_me=pp&tc_ca=bau,,,230.00,230.00,https://cdn.shopify.com/s/files/1/0680/4625/8428/files/26wwin_a2126_mnk.jpg?v=1&width=800,Damen,Damen,03/10/2026,https://eu.boden.com/products/damen-isobel-stiefeletten-mit-kitten-absatz-mini-leopardenmuster-a2126mnk?tc_ch=display&tc_ve=ba&tc_so=tradedesk&tc_me=pp&tc_ca=bau,,,23,IN STOCK,,,Mini Leopardenmuster,,,,TRUE,TRUE
55210282,55210282,55210282,Kylie Flache Mary Janes mit Schnalle Damen Boden,https://eu.boden.com/products/damen-kylie-flache-mary-janes-mit-schnalle-weinrot-a2038drd?tc_ch=display&tc_ve=ba&tc_so=tradedesk&tc_me=pp&tc_ca=bau,,,170.00,170.00,https://cdn.shopify.com/s/files/1/0680/4625/8428/files/26wwin_a2038_drd_82d09342-eba2-4623-9e83-255aea882ccd.jpg?v=1&width=800,Damen,Damen,03/10/2026,https://eu.boden.com/products/damen-kylie-flache-mary-janes-mit-schnalle-weinrot-a2038drd?tc_ch=display&tc_ve=ba&tc_so=tradedesk&tc_me=pp&tc_ca=bau,,,103,IN STOCK,,,Weinrot,,,,TRUE,TRUE
55209467,55209467,55209467,Stretchstiefel mit Blockabsatz Damen Boden,https://eu.boden.com/products/damen-stretchstiefel-mit-blockabsatz-schoko-a2132mbr?tc_ch=display&tc_ve=ba&tc_so=tradedesk&tc_me=pp&tc_ca=bau,,,170.00,170.00,https://cdn.shopify.com/s/files/1/0680/4625/8428/files/26wwin_a2132_mbr_f8ddef1e-b31b-4283-a892-f2c264508767.jpg?v=1&width=800,Damen,Damen,03/10/2026,https://eu.boden.com/products/damen-stretchstiefel-mit-blockabsatz-schoko-a2132mbr?tc_ch=display&tc_ve=ba&tc_so=tradedesk&tc_me=pp&tc_ca=bau,,,183,IN STOCK,,,Schoko,,,,TRUE,TRUE
55217296,55217296,55217296,Jessie Chelsea-Stiefel mit breiter Sohle Damen Boden,https://eu.boden.com/products/damen-jessie-chelsea-stiefel-mit-breiter-sohle-bitterschokolade-a2238chc?tc_ch=display&tc_ve=ba&tc_so=tradedesk&tc_me=pp&tc_ca=bau,,,220.00,220.00,https://cdn.shopify.com/s/files/1/0680/4625/8428/files/26wwin_a2238_chc.jpg?v=1&width=800,Damen,Damen,03/10/2026,https://eu.boden.com/products/damen-jessie-chelsea-stiefel-mit-breiter-sohle-bitterschokolade-a2238chc?tc_ch=display&tc_ve=ba&tc_so=tradedesk&tc_me=pp&tc_ca=bau,,,34,IN STOCK,,,Bitterschokolade,,,,TRUE,TRUE
55214837,55214837,55214837,Wickelstrickjacke mit Gürtel Damen Boden,https://eu.boden.com/products/damen-wickelstrickjacke-mit-guertel-marineblau-k1320nav?tc_ch=display&tc_ve=ba&tc_so=tradedesk&tc_me=pp&tc_ca=bau,,,190.00,190.00,https://cdn.shopify.com/s/files/1/0680/4625/8428/files/26wwin_k1320_nav_m01_9e0b2b6b-009c-468b-b1f9-ccc52cd2f77a.jpg?v=1&width=800,Damen,Damen,03/10/2026,https://eu.boden.com/products/damen-wickelstrickjacke-mit-guertel-marineblau-k1320nav?tc_ch=display&tc_ve=ba&tc_so=tradedesk&tc_me=pp&tc_ca=bau,,,33,IN STOCK,,,Marineblau,,,,TRUE,TRUE
55210100,55210100,55210100,Chelsea-Stiefel mit Krepp-Absatz Damen Boden,https://eu.boden.com/products/damen-chelsea-stiefel-mit-krepp-absatz-cognac-veloursleder-a2239brn?tc_ch=display&tc_ve=ba&tc_so=tradedesk&tc_me=pp&tc_ca=bau,,,220.00,220.00,https://cdn.shopify.com/s/files/1/0680/4625/8428/files/26wwin_a2239_brn.jpg?v=1&width=800,Damen,Damen,03/10/2026,https://eu.boden.com/products/damen-chelsea-stiefel-mit-krepp-absatz-cognac-veloursleder-a2239brn?tc_ch=display&tc_ve=ba&tc_so=tradedesk&tc_me=pp&tc_ca=bau,,,92,IN STOCK,,,Cognac Veloursleder,,,,TRUE,TRUE
55209189,55209189,55209189,Nadia Flache Schuhe mit geformter Zehenpartie Damen Boden,https://eu.boden.com/products/damen-nadia-flache-schuhe-mit-geformter-zehenpartie-klassisches-leopardenmuster-a2244leo?tc_ch=display&tc_ve=ba&tc_so=tradedesk&tc_me=pp&tc_ca=bau,,,150.00,150.00,https://cdn.shopify.com/s/files/1/0680/4625/8428/files/26wwin_a2244_leo_0056a8af-fdc3-4eae-b85d-01829645b3cc.jpg?v=1&width=800,Damen,Damen,03/10/2026,https://eu.boden.com/products/damen-nadia-flache-schuhe-mit-geformter-zehenpartie-klassisches-leopardenmuster-a2244leo?tc_ch=display&tc_ve=ba&tc_so=tradedesk&tc_me=pp&tc_ca=bau,,,18,IN STOCK,,,Klassisches Leopardenmuster,,,,TRUE,TRUE
55209385,55209385,55209385,Alex Stiefeletten mit Schnürung Damen Boden,https://eu.boden.com/products/damen-alex-stiefeletten-mit-schnuerung-mini-leopardenmuster-a2240leo?tc_ch=display&tc_ve=ba&tc_so=tradedesk&tc_me=pp&tc_ca=bau,,,230.00,230.00,https://cdn.shopify.com/s/files/1/0680/4625/8428/files/26wwin_a2240_leo_894c2772-1d14-4aaf-a7b6-4130ca62716e.jpg?v=1&width=800,Damen,Damen,03/10/2026,https://eu.boden.com/products/damen-alex-stiefeletten-mit-schnuerung-mini-leopardenmuster-a2240leo?tc_ch=display&tc_ve=ba&tc_so=tradedesk&tc_me=pp&tc_ca=bau,,,54,IN STOCK,,,Mini Leopardenmuster,,,,TRUE,TRUE
55222749,55222749,55222749,Patti Ballerinas mit runder Zehenpartie Damen Boden,https://eu.boden.com/products/damen-patti-ballerinas-mit-runder-zehenpartie-hellbraun-schlangenmuster-a2245tan?tc_ch=display&tc_ve=ba&tc_so=tradedesk&tc_me=pp&tc_ca=bau,,,140.00,140.00,https://cdn.shopify.com/s/files/1/0680/4625/8428/files/26wwin_a2245_tan_1d5e2733-df54-4e82-8985-de72dba3dd6a.jpg?v=1&width=800,Damen,Damen,03/10/2026,https://eu.boden.com/products/damen-patti-ballerinas-mit-runder-zehenpartie-hellbraun-schlangenmuster-a2245tan?tc_ch=display&tc_ve=ba&tc_so=tradedesk&tc_me=pp&tc_ca=bau,,,55,IN STOCK,,,Hellbraun Schlangenmuster,,,,TRUE,TRUE
55210897,55210897,55210897,Alex Stiefeletten mit Schnürung Damen Boden,https://eu.boden.com/products/damen-alex-stiefeletten-mit-schnuerung-rotbraun-hellbraun-leder-a2240ltu?tc_ch=display&tc_ve=ba&tc_so=tradedesk&tc_me=pp&tc_ca=bau,,,220.00,220.00,https://cdn.shopify.com/s/files/1/0680/4625/8428/files/26wwin_a2240_ltu.jpg?v=1&width=800,Damen,Damen,03/10/2026,https://eu.boden.com/products/damen-alex-stiefeletten-mit-schnuerung-rotbraun-hellbraun-leder-a2240ltu?tc_ch=display&tc_ve=ba&tc_so=tradedesk&tc_me=pp&tc_ca=bau,,,104,IN STOCK,,,Rotbraun Hellbraun Leder,,,,TRUE,TRUE
55216777,55216777,55216777,Nigella Flache Schuhe mit spitzer Zehenpartie Damen Boden,https://eu.boden.com/products/damen-nigella-flache-schuhe-mit-spitzer-zehenpartie-mini-leopardenmuster-a2243mus?tc_ch=display&tc_ve=ba&tc_so=tradedesk&tc_me=pp&tc_ca=bau,,,170.00,170.00,https://cdn.shopify.com/s/files/1/0680/4625/8428/files/26wwin_a2243_mus.jpg?v=1&width=800,Damen,Damen,03/10/2026,https://eu.boden.com/products/damen-nigella-flache-schuhe-mit-spitzer-zehenpartie-mini-leopardenmuster-a2243mus?tc_ch=display&tc_ve=ba&tc_so=tradedesk&tc_me=pp&tc_ca=bau,,,13,IN STOCK,,,Mini Leopardenmuster,,,,TRUE,TRUE
55210242,55210242,55210242,Kniehohe Stiefel mit Schnallen Damen Boden,https://eu.boden.com/products/damen-kniehohe-stiefel-mit-schnallen-raue-umbra-a2250dtn?tc_ch=display&tc_ve=ba&tc_so=tradedesk&tc_me=pp&tc_ca=bau,,,320.00,320.00,https://cdn.shopify.com/s/files/1/0680/4625/8428/files/26wwin_a2250_dtn.jpg?v=1&width=800,Damen,Damen,03/10/2026,https://eu.boden.com/products/damen-kniehohe-stiefel-mit-schnallen-raue-umbra-a2250dtn?tc_ch=display&tc_ve=ba&tc_so=tradedesk&tc_me=pp&tc_ca=bau,,,41,IN STOCK,,,Raue Umbra,,,,TRUE,TRUE
55234203,55234203,55234203,Loafer mit Plateau-Absatz Damen Boden,https://eu.boden.com/products/damen-loafer-mit-plateau-absatz-oxblood-a2308bur?tc_ch=display&tc_ve=ba&tc_so=tradedesk&tc_me=pp&tc_ca=bau,,,210.00,210.00,https://cdn.shopify.com/s/files/1/0680/4625/8428/files/26wwin_a2308_bur_e04c0727-c723-4c52-b6b8-2108c9405063.jpg?v=1&width=800,Damen,Damen,03/10/2026,https://eu.boden.com/products/damen-loafer-mit-plateau-absatz-oxblood-a2308bur?tc_ch=display&tc_ve=ba&tc_so=tradedesk&tc_me=pp&tc_ca=bau,,,32,IN STOCK,,,Oxblood,,,,TRUE,TRUE
55229721,55229721,55229721,Teddyfell-Hausschuhe mit Bommeln Damen Boden,https://eu.boden.com/products/damen-teddyfell-hausschuhe-mit-bommeln-rosa-a2304peb?tc_ch=display&tc_ve=ba&tc_so=tradedesk&tc_me=pp&tc_ca=bau,,,43.00,43.00,https://cdn.shopify.com/s/files/1/0680/4625/8428/files/26wwin_a2304_peb_3435a705-9272-4b5c-ba71-4c5a62ec6077.jpg?v=1&width=800,Damen,Damen,03/10/2026,https://eu.boden.com/products/damen-teddyfell-hausschuhe-mit-bommeln-rosa-a2304peb?tc_ch=display&tc_ve=ba&tc_so=tradedesk&tc_me=pp&tc_ca=bau,,,137,IN STOCK,,,Rosa,,,,TRUE,TRUE
55217637,55217637,55217637,Hope Absatzschuhe mit spitzer Zehenpartie und Fersenriemen Damen Boden,https://eu.boden.com/products/damen-hope-absatzschuhe-mit-spitzer-zehenpartie-und-fersenriemen-bitterschokolade-verziert-a2288brn?tc_ch=display&tc_ve=ba&tc_so=tradedesk&tc_me=pp&tc_ca=bau,,,190.00,190.00,https://cdn.shopify.com/s/files/1/0680/4625/8428/files/26wwin_a2288_brn_79a0aa0a-5824-4067-8d6a-c5cf94ce9ea6.jpg?v=1&width=800,Damen,Damen,03/10/2026,https://eu.boden.com/products/damen-hope-absatzschuhe-mit-spitzer-zehenpartie-und-fersenriemen-bitterschokolade-verziert-a2288brn?tc_ch=display&tc_ve=ba&tc_so=tradedesk&tc_me=pp&tc_ca=bau,,,76,IN STOCK,,,Bitterschokolade Verziert,,,,TRUE,TRUE
55210401,55210401,55210401,Pumps mit Schnallenriemen und Blockabsatz Damen Boden,https://eu.boden.com/products/damen-pumps-mit-schnallenriemen-und-blockabsatz-oxblood-a2274bur?tc_ch=display&tc_ve=ba&tc_so=tradedesk&tc_me=pp&tc_ca=bau,,,190.00,190.00,https://cdn.shopify.com/s/files/1/0680/4625/8428/files/26wwin_a2274_bur_e7875f16-2836-4b6c-a488-5c53786ace01.jpg?v=1&width=800,Damen,Damen,03/10/2026,https://eu.boden.com/products/damen-pumps-mit-schnallenriemen-und-blockabsatz-oxblood-a2274bur?tc_ch=display&tc_ve=ba&tc_so=tradedesk&tc_me=pp&tc_ca=bau,,,78,IN STOCK,,,Oxblood,,,,TRUE,TRUE
55231153,55231153,55231153,Breite Creolen aus Kunstharz Damen Boden,https://eu.boden.com/products/damen-breite-creolen-aus-kunstharz-meliertes-braun-a2344brn?tc_ch=display&tc_ve=ba&tc_so=tradedesk&tc_me=pp&tc_ca=bau,,,56.00,56.00,https://cdn.shopify.com/s/files/1/0680/4625/8428/files/26wwin_a2344_brn.jpg?v=1&width=800,Damen,Damen,03/10/2026,https://eu.boden.com/products/damen-breite-creolen-aus-kunstharz-meliertes-braun-a2344brn?tc_ch=display&tc_ve=ba&tc_so=tradedesk&tc_me=pp&tc_ca=bau,,,182,IN STOCK,,,Meliertes Braun,,,,TRUE,TRUE
55219445,55219445,55219445,Stiefel mit geradem Schaft und Absatz Damen Boden,https://eu.boden.com/products/damen-stiefel-mit-geradem-schaft-und-absatz-schokobraun-leder-a2251tor?tc_ch=display&tc_ve=ba&tc_so=tradedesk&tc_me=pp&tc_ca=bau,,,310.00,310.00,https://cdn.shopify.com/s/files/1/0680/4625/8428/files/26wwin_a2251_tor_1675b7d8-068b-4bb0-a28e-64c0c19d5b0a.jpg?v=1&width=800,Damen,Damen,03/10/2026,https://eu.boden.com/products/damen-stiefel-mit-geradem-schaft-und-absatz-schokobraun-leder-a2251tor?tc_ch=display&tc_ve=ba&tc_so=tradedesk&tc_me=pp&tc_ca=bau,,,28,IN STOCK,,,Schokobraun Leder,,,,TRUE,TRUE
55230392,55230392,55230392,Breite Creolen aus Kunstharz Damen Boden,https://eu.boden.com/products/damen-breite-creolen-aus-kunstharz-blau-meliert-a2344bbl?tc_ch=display&tc_ve=ba&tc_so=tradedesk&tc_me=pp&tc_ca=bau,,,56.00,56.00,https://cdn.shopify.com/s/files/1/0680/4625/8428/files/26wwin_a2344_bbl.jpg?v=1&width=800,Damen,Damen,03/10/2026,https://eu.boden.com/products/damen-breite-creolen-aus-kunstharz-blau-meliert-a2344bbl?tc_ch=display&tc_ve=ba&tc_so=tradedesk&tc_me=pp&tc_ca=bau,,,180,IN STOCK,,,Blau Meliert,,,,TRUE,TRUE
55217481,55217481,55217481,Hope Absatzschuhe mit spitzer Zehenpartie und Fersenriemen Damen Boden,https://eu.boden.com/products/damen-hope-absatzschuhe-mit-spitzer-zehenpartie-und-fersenriemen-klassisches-leopardenmuster-a2288mul?tc_ch=display&tc_ve=ba&tc_so=tradedesk&tc_me=pp&tc_ca=bau,,,180.00,180.00,https://cdn.shopify.com/s/files/1/0680/4625/8428/files/26wwin_a2288_mul_fbed7eb8-e77a-42aa-b1c0-edfa90b17a64.jpg?v=1&width=800,Damen,Damen,03/10/2026,https://eu.boden.com/products/damen-hope-absatzschuhe-mit-spitzer-zehenpartie-und-fersenriemen-klassisches-leopardenmuster-a2288mul?tc_ch=display&tc_ve=ba&tc_so=tradedesk&tc_me=pp&tc_ca=bau,,,38,IN STOCK,,,Klassisches Leopardenmuster,,,,TRUE,TRUE
55230406,55230406,55230406,Teddyfell-Hausschuhe mit Bommeln Damen Boden,https://eu.boden.com/products/damen-teddyfell-hausschuhe-mit-bommeln-blau-a2304blu?tc_ch=display&tc_ve=ba&tc_so=tradedesk&tc_me=pp&tc_ca=bau,,,43.00,43.00,https://cdn.shopify.com/s/files/1/0680/4625/8428/files/26wwin_a2304_blu_m01_bc7b8afb-0e53-42e8-9437-0411e72acf7e.jpg?v=1&width=800,Damen,Damen,03/10/2026,https://eu.boden.com/products/damen-teddyfell-hausschuhe-mit-bommeln-blau-a2304blu?tc_ch=display&tc_ve=ba&tc_so=tradedesk&tc_me=pp&tc_ca=bau,,,191,IN STOCK,,,Blau,,,,TRUE,TRUE
55220610,55220610,55220610,Gestricktes Halstuch aus Alpaka Damen Boden,https://eu.boden.com/products/damen-gestricktes-halstuch-aus-alpaka-camel-und-fiesta-argyle-a2285ora?tc_ch=display&tc_ve=ba&tc_so=tradedesk&tc_me=pp&tc_ca=bau,,,79.00,79.00,https://cdn.shopify.com/s/files/1/0680/4625/8428/files/26wwin_a2285_ora_ad8d1530-9b0f-4a4d-aca0-ed24439e34ca.jpg?v=1&width=800,Damen,Damen,03/10/2026,https://eu.boden.com/products/damen-gestricktes-halstuch-aus-alpaka-camel-und-fiesta-argyle-a2285ora?tc_ch=display&tc_ve=ba&tc_so=tradedesk&tc_me=pp&tc_ca=bau,,,181,IN STOCK,,,Camel und Fiesta Argyle,,,,TRUE,TRUE
55210510,55210510,55210510,Fiona Strickkleid mit Reißverschluss vorn Damen Boden,https://eu.boden.com/products/damen-fiona-strickkleid-mit-reissverschluss-vorn-jagdgruen-d1457jad?tc_ch=display&tc_ve=ba&tc_so=tradedesk&tc_me=pp&tc_ca=bau,,,190.00,190.00,https://cdn.shopify.com/s/files/1/0680/4625/8428/files/26wwin_d1457_jad_m01_242f3b85-3fb3-4fca-8029-43269e64f0a8.jpg?v=1&width=800,Damen,Damen,03/10/2026,https://eu.boden.com/products/damen-fiona-strickkleid-mit-reissverschluss-vorn-jagdgruen-d1457jad?tc_ch=display&tc_ve=ba&tc_so=tradedesk&tc_me=pp&tc_ca=bau,,,18,IN STOCK,,,Jagdgrün,,,,TRUE,TRUE
55214663,55214663,55214663,Fiona Strickkleid mit Reißverschluss vorn Damen Boden,https://eu.boden.com/products/damen-fiona-strickkleid-mit-reissverschluss-vorn-marineblau-und-kastanienbraun-argyle-d1457nvy?tc_ch=display&tc_ve=ba&tc_so=tradedesk&tc_me=pp&tc_ca=bau,,,210.00,210.00,https://cdn.shopify.com/s/files/1/0680/4625/8428/files/26waut_d1457_nvy_w01.jpg?v=1&width=800,Damen,Damen,03/10/2026,https://eu.boden.com/products/damen-fiona-strickkleid-mit-reissverschluss-vorn-marineblau-und-kastanienbraun-argyle-d1457nvy?tc_ch=display&tc_ve=ba&tc_so=tradedesk&tc_me=pp&tc_ca=bau,,,92,IN STOCK,,,Marineblau und Kastanienbraun Argyle,,,,TRUE,TRUE
55210913,55210913,55210913,Kat Strickjacke aus gebürstetem Kaschmir Damen Boden,https://eu.boden.com/products/damen-kat-strickjacke-aus-gebuerstetem-kaschmir-camel-leopard-k1156brn?tc_ch=display&tc_ve=ba&tc_so=tradedesk&tc_me=pp&tc_ca=bau,,,310.00,310.00,https://cdn.shopify.com/s/files/1/0680/4625/8428/files/26wwin_k1156_brn_m01_6236655c-a206-45f0-8971-136caa86b531.jpg?v=1&width=800,Damen,Damen,03/10/2026,https://eu.boden.com/products/damen-kat-strickjacke-aus-gebuerstetem-kaschmir-camel-leopard-k1156brn?tc_ch=display&tc_ve=ba&tc_so=tradedesk&tc_me=pp&tc_ca=bau,,,27,IN STOCK,,,"Camel, Leopard",,,,TRUE,TRUE
55211191,55211191,55211191,Lydia Strickjacke mit Bindeschleife am Ausschnitt Damen Boden,https://eu.boden.com/products/damen-lydia-strickjacke-mit-bindeschleife-am-ausschnitt-heiderose-melange-k1319pin?tc_ch=display&tc_ve=ba&tc_so=tradedesk&tc_me=pp&tc_ca=bau,,,170.00,170.00,https://cdn.shopify.com/s/files/1/0680/4625/8428/files/26wwin_k1319_pin_m01.jpg?v=1&width=800,Damen,Damen,03/10/2026,https://eu.boden.com/products/damen-lydia-strickjacke-mit-bindeschleife-am-ausschnitt-heiderose-melange-k1319pin?tc_ch=display&tc_ve=ba&tc_so=tradedesk&tc_me=pp&tc_ca=bau,,,118,IN STOCK,,,Heiderose Melange,,,,TRUE,TRUE
55208208,55208208,55208208,Naomi Lockeres Jerseykleid Damen Boden,https://eu.boden.com/products/damen-naomi-lockeres-jerseykleid-ruebenrot-d1053ref?tc_ch=display&tc_ve=ba&tc_so=tradedesk&tc_me=pp&tc_ca=bau,,,99.00,99.00,https://cdn.shopify.com/s/files/1/0680/4625/8428/files/26wwin_d1053_ref_m01_0f0db4dd-9838-41c8-933e-fb37eb7611e1.jpg?v=1&width=800,Damen,Damen,03/10/2026,https://eu.boden.com/products/damen-naomi-lockeres-jerseykleid-ruebenrot-d1053ref?tc_ch=display&tc_ve=ba&tc_so=tradedesk&tc_me=pp&tc_ca=bau,,,53,IN STOCK,,,Rübenrot,,,,TRUE,TRUE
55220746,55220746,55220746,Cassie Kariertes Teekleid Damen Boden,https://eu.boden.com/products/damen-cassie-kariertes-teekleid-marineblau-und-camel-kariert-d1875nvy?tc_ch=display&tc_ve=ba&tc_so=tradedesk&tc_me=pp&tc_ca=bau,,,190.00,190.00,https://cdn.shopify.com/s/files/1/0680/4625/8428/files/26wwin_d1875_nvy_m01.jpg?v=1&width=800,Damen,Damen,03/10/2026,https://eu.boden.com/products/damen-cassie-kariertes-teekleid-marineblau-und-camel-kariert-d1875nvy?tc_ch=display&tc_ve=ba&tc_so=tradedesk&tc_me=pp&tc_ca=bau,,,35,IN STOCK,,,Marineblau und Camel Kariert,,,,TRUE,TRUE
55208306,55208306,55208306,Etta Ponte-Kleid mit Paspelierung Damen Boden,https://eu.boden.com/products/damen-etta-ponte-kleid-mit-paspelierung-dunkle-kirsche-marineblau-d1815pnt?tc_ch=display&tc_ve=ba&tc_so=tradedesk&tc_me=pp&tc_ca=bau,,,180.00,180.00,https://cdn.shopify.com/s/files/1/0680/4625/8428/files/26wwin_d1815_pnt_m01_11a1c9f4-5104-484d-8957-1b6253d52492.jpg?v=1&width=800,Damen,Damen,03/10/2026,https://eu.boden.com/products/damen-etta-ponte-kleid-mit-paspelierung-dunkle-kirsche-marineblau-d1815pnt?tc_ch=display&tc_ve=ba&tc_so=tradedesk&tc_me=pp&tc_ca=bau,,,131,IN STOCK,,,"Dunkle Kirsche, Marineblau",,,,TRUE,TRUE
55217724,55217724,55217724,Lucy Pullover mit Halbreißverschluss Damen Boden,https://eu.boden.com/products/damen-lucy-pullover-mit-halbreissverschluss-gruen-streifen-k1172grn?tc_ch=display&tc_ve=ba&tc_so=tradedesk&tc_me=pp&tc_ca=bau,,,140.00,140.00,https://cdn.shopify.com/s/files/1/0680/4625/8428/files/26wwin_k1172_grn_m01_1d59774f-bbf4-4302-92cb-4153deac7604.jpg?v=1&width=800,Damen,Damen,03/10/2026,https://eu.boden.com/products/damen-lucy-pullover-mit-halbreissverschluss-gruen-streifen-k1172grn?tc_ch=display&tc_ve=ba&tc_so=tradedesk&tc_me=pp&tc_ca=bau,,,294,IN STOCK,,,Grün Streifen,,,,TRUE,TRUE
55208665,55208665,55208665,Etta Ponte-Kleid mit Paspelierung Damen Boden,https://eu.boden.com/products/damen-etta-ponte-kleid-mit-paspelierung-marineblau-naturweiss-gestreift-d1815nnv?tc_ch=display&tc_ve=ba&tc_so=tradedesk&tc_me=pp&tc_ca=bau,,,190.00,190.00,https://cdn.shopify.com/s/files/1/0680/4625/8428/files/26wwin_d1815_nnv_m01_de242aad-28d8-4bf6-a6e1-01bed8c7123c.jpg?v=1&width=800,Damen,Damen,03/10/2026,https://eu.boden.com/products/damen-etta-ponte-kleid-mit-paspelierung-marineblau-naturweiss-gestreift-d1815nnv?tc_ch=display&tc_ve=ba&tc_so=tradedesk&tc_me=pp&tc_ca=bau,,,53,IN STOCK,,,"Marineblau, Naturweiß Gestreift",,,,TRUE,TRUE
55208910,55208910,55208910,Eli Jersey-Midikleid mit Gürtel Damen Boden,https://eu.boden.com/products/damen-eli-jersey-midikleid-mit-guertel-braunschweigisches-gruen-leopard-d1769jad?tc_ch=display&tc_ve=ba&tc_so=tradedesk&tc_me=pp&tc_ca=bau,,,150.00,150.00,https://cdn.shopify.com/s/files/1/0680/4625/8428/files/26wwin_d1769_jad_m01_da36ead8-2435-4409-b660-9c751cbe4244.jpg?v=1&width=800,Damen,Damen,03/10/2026,https://eu.boden.com/products/damen-eli-jersey-midikleid-mit-guertel-braunschweigisches-gruen-leopard-d1769jad?tc_ch=display&tc_ve=ba&tc_so=tradedesk&tc_me=pp&tc_ca=bau,,,50,IN STOCK,,,"Braunschweigisches Grün, Leopard",,,,TRUE,TRUE
55233030,55233030,55233030,Imogen Jerseykleid mit Kragen Damen Boden,https://eu.boden.com/products/damen-imogen-jerseykleid-mit-kragen-marineblau-rosa-wiesen-d1147nar?tc_ch=display&tc_ve=ba&tc_so=tradedesk&tc_me=pp&tc_ca=bau,,,140.00,140.00,https://cdn.shopify.com/s/files/1/0680/4625/8428/files/26wwin_d1147_nar_m01_11a62bfd-162f-40f1-a9b6-c362d709b063.jpg?v=1&width=800,Damen,Damen,03/10/2026,https://eu.boden.com/products/damen-imogen-jerseykleid-mit-kragen-marineblau-rosa-wiesen-d1147nar?tc_ch=display&tc_ve=ba&tc_so=tradedesk&tc_me=pp&tc_ca=bau,,,53,IN STOCK,,,"Marineblau, Rosa Wiesen",,,,TRUE,TRUE
55200521,55200521,55200521,Sienna Baumwollhemd mit Rüschen Damen Boden,https://eu.boden.com/products/damen-sienna-baumwollhemd-mit-rueschen-braun-blau-und-rosa-kariert-t2165brn?tc_ch=display&tc_ve=ba&tc_so=tradedesk&tc_me=pp&tc_ca=bau,,,99.00,99.00,https://cdn.shopify.com/s/files/1/0680/4625/8428/files/26wwin_t2165_brn_m01.jpg?v=1&width=800,Damen,Damen,03/10/2026,https://eu.boden.com/products/damen-sienna-baumwollhemd-mit-rueschen-braun-blau-und-rosa-kariert-t2165brn?tc_ch=display&tc_ve=ba&tc_so=tradedesk&tc_me=pp&tc_ca=bau,,,7,IN STOCK,,,"Braun, Blau und Rosa Kariert",,,,TRUE,TRUE
55210991,55210991,55210991,Elsie Kaschmir-Pullunder Damen Boden,https://eu.boden.com/products/damen-elsie-kaschmir-pullunder-mohnrot-camel-streifen-k1274ree?tc_ch=display&tc_ve=ba&tc_so=tradedesk&tc_me=pp&tc_ca=bau,,,170.00,170.00,https://cdn.shopify.com/s/files/1/0680/4625/8428/files/26waut_k1274_ree_w01.jpg?v=1&width=800,Damen,Damen,03/10/2026,https://eu.boden.com/products/damen-elsie-kaschmir-pullunder-mohnrot-camel-streifen-k1274ree?tc_ch=display&tc_ve=ba&tc_so=tradedesk&tc_me=pp&tc_ca=bau,,,146,IN STOCK,,,"Mohnrot, Camel Streifen",,,,TRUE,TRUE
55217177,55217177,55217177,Elsie Kaschmir-Strickjacke mit Rundhalsausschnitt Damen Boden,https://eu.boden.com/products/damen-elsie-kaschmir-strickjacke-mit-rundhalsausschnitt-mohnrot-camel-streifen-k1273mul?tc_ch=display&tc_ve=ba&tc_so=tradedesk&tc_me=pp&tc_ca=bau,,,190.00,190.00,https://cdn.shopify.com/s/files/1/0680/4625/8428/files/26waut_k1273_mul_w01.jpg?v=1&width=800,Damen,Damen,03/10/2026,https://eu.boden.com/products/damen-elsie-kaschmir-strickjacke-mit-rundhalsausschnitt-mohnrot-camel-streifen-k1273mul?tc_ch=display&tc_ve=ba&tc_so=tradedesk&tc_me=pp&tc_ca=bau,,,197,IN STOCK,,,"Mohnrot, Camel Streifen",,,,TRUE,TRUE
55205590,55205590,55205590,Val Cord-Midirock mit Knopf Damen Boden,https://eu.boden.com/products/damen-val-cord-midirock-mit-knopf-erdiges-rot-r1000rus?tc_ch=display&tc_ve=ba&tc_so=tradedesk&tc_me=pp&tc_ca=bau,,,150.00,150.00,https://cdn.shopify.com/s/files/1/0680/4625/8428/files/26wwin_r1000_rus_m01_v1.jpg?v=1&width=800,Damen,Damen,03/10/2026,https://eu.boden.com/products/damen-val-cord-midirock-mit-knopf-erdiges-rot-r1000rus?tc_ch=display&tc_ve=ba&tc_so=tradedesk&tc_me=pp&tc_ca=bau,,,124,IN STOCK,,,Erdiges Rot,,,,TRUE,TRUE
55211243,55211243,55211243,Marta Pullover aus Merinowolle mit Rundhalsausschnitt Damen Boden,https://eu.boden.com/products/damen-marta-pullover-aus-merinowolle-mit-rundhalsausschnitt-pink-power-k1306pnt?tc_ch=display&tc_ve=ba&tc_so=tradedesk&tc_me=pp&tc_ca=bau,,,140.00,140.00,https://cdn.shopify.com/s/files/1/0680/4625/8428/files/26waut_k1306_pnt_w01.jpg?v=1&width=800,Damen,Damen,03/10/2026,https://eu.boden.com/products/damen-marta-pullover-aus-merinowolle-mit-rundhalsausschnitt-pink-power-k1306pnt?tc_ch=display&tc_ve=ba&tc_so=tradedesk&tc_me=pp&tc_ca=bau,,,64,IN STOCK,,,Pink Power,,,,TRUE,TRUE
55218051,55218051,55218051,Ella Strickjacke mit Stickerei Damen Boden,https://eu.boden.com/products/damen-ella-strickjacke-mit-stickerei-dunkle-kirsche-stickerei-k1317prp?tc_ch=display&tc_ve=ba&tc_so=tradedesk&tc_me=pp&tc_ca=bau,,,210.00,210.00,https://cdn.shopify.com/s/files/1/0680/4625/8428/files/26waut_k1317_prp_w01.jpg?v=1&width=800,Damen,Damen,03/10/2026,https://eu.boden.com/products/damen-ella-strickjacke-mit-stickerei-dunkle-kirsche-stickerei-k1317prp?tc_ch=display&tc_ve=ba&tc_so=tradedesk&tc_me=pp&tc_ca=bau,,,31,IN STOCK,,,"Dunkle Kirsche, Stickerei",,,,TRUE,TRUE
55211132,55211132,55211132,Marta Pullover aus Merinowolle mit Rundhalsausschnitt Damen Boden,https://eu.boden.com/products/damen-marta-pullover-aus-merinowolle-mit-rundhalsausschnitt-honiggelb-k1306yel?tc_ch=display&tc_ve=ba&tc_so=tradedesk&tc_me=pp&tc_ca=bau,,,140.00,140.00,https://cdn.shopify.com/s/files/1/0680/4625/8428/files/26wwin_k1306_yel_m01_4ac6cad6-30d2-45a3-ad50-d7c9ce0d7ce7.jpg?v=1&width=800,Damen,Damen,03/10/2026,https://eu.boden.com/products/damen-marta-pullover-aus-merinowolle-mit-rundhalsausschnitt-honiggelb-k1306yel?tc_ch=display&tc_ve=ba&tc_so=tradedesk&tc_me=pp&tc_ca=bau,,,287,IN STOCK,,,Honiggelb,,,,TRUE,TRUE
55214902,55214902,55214902,Marta T-Shirt aus Merinowolle Damen Boden,https://eu.boden.com/products/damen-marta-t-shirt-aus-merinowolle-cappuccino-k1309brn?tc_ch=display&tc_ve=ba&tc_so=tradedesk&tc_me=pp&tc_ca=bau,,,120.00,120.00,https://cdn.shopify.com/s/files/1/0680/4625/8428/files/26wwin_k1309_brn_m01_91a4e43c-898e-42b2-98a1-ebf5304501e9.jpg?v=1&width=800,Damen,Damen,03/10/2026,https://eu.boden.com/products/damen-marta-t-shirt-aus-merinowolle-cappuccino-k1309brn?tc_ch=display&tc_ve=ba&tc_so=tradedesk&tc_me=pp&tc_ca=bau,,,36,IN STOCK,,,Cappuccino,,,,TRUE,TRUE
55215471,55215471,55215471,Marta Matrosen-Oberteil aus Merinowolle Damen Boden,https://eu.boden.com/products/damen-marta-matrosen-oberteil-aus-merinowolle-pinotage-k1307red?tc_ch=display&tc_ve=ba&tc_so=tradedesk&tc_me=pp&tc_ca=bau,,,150.00,150.00,https://cdn.shopify.com/s/files/1/0680/4625/8428/files/26wwin_k1307_red_m01_4a0ad163-16c0-4d3c-ab67-11230007dd5b.jpg?v=1&width=800,Damen,Damen,03/10/2026,https://eu.boden.com/products/damen-marta-matrosen-oberteil-aus-merinowolle-pinotage-k1307red?tc_ch=display&tc_ve=ba&tc_so=tradedesk&tc_me=pp&tc_ca=bau,,,193,IN STOCK,,,Pinotage,,,,TRUE,TRUE
55215547,55215547,55215547,Marta Matrosen-Oberteil aus Merinowolle Damen Boden,https://eu.boden.com/products/damen-marta-matrosen-oberteil-aus-merinowolle-delftblau-k1307blu?tc_ch=display&tc_ve=ba&tc_so=tradedesk&tc_me=pp&tc_ca=bau,,,150.00,150.00,https://cdn.shopify.com/s/files/1/0680/4625/8428/files/26waut_k1307_blu_w01.jpg?v=1&width=800,Damen,Damen,03/10/2026,https://eu.boden.com/products/damen-marta-matrosen-oberteil-aus-merinowolle-delftblau-k1307blu?tc_ch=display&tc_ve=ba&tc_so=tradedesk&tc_me=pp&tc_ca=bau,,,436,IN STOCK,,,Delftblau,,,,TRUE,TRUE
55228569,55228569,55228569,Verity Satinrock aus Baumwolle Damen Boden,https://eu.boden.com/products/damen-verity-satinrock-aus-baumwolle-gruen-schuluniform-streifen-r0812str?tc_ch=display&tc_ve=ba&tc_so=tradedesk&tc_me=pp&tc_ca=bau,,,150.00,150.00,https://cdn.shopify.com/s/files/1/0680/4625/8428/files/26wwin_r0812_str_m01.jpg?v=1&width=800,Damen,Damen,03/10/2026,https://eu.boden.com/products/damen-verity-satinrock-aus-baumwolle-gruen-schuluniform-streifen-r0812str?tc_ch=display&tc_ve=ba&tc_so=tradedesk&tc_me=pp&tc_ca=bau,,,26,IN STOCK,,,"Grün, Schuluniform Streifen",,,,TRUE,TRUE
55214653,55214653,55214653,Marta T-Shirt aus Merinowolle Damen Boden,https://eu.boden.com/products/damen-marta-t-shirt-aus-merinowolle-saftiger-apfel-k1309grn?tc_ch=display&tc_ve=ba&tc_so=tradedesk&tc_me=pp&tc_ca=bau,,,120.00,120.00,https://cdn.shopify.com/s/files/1/0680/4625/8428/files/26wwin_k1309_grn_m01_8294841f-bde2-4e8c-8c5e-15612f1c0231.jpg?v=1&width=800,Damen,Damen,03/10/2026,https://eu.boden.com/products/damen-marta-t-shirt-aus-merinowolle-saftiger-apfel-k1309grn?tc_ch=display&tc_ve=ba&tc_so=tradedesk&tc_me=pp&tc_ca=bau,,,162,IN STOCK,,,Saftiger Apfel,,,,TRUE,TRUE
55206875,55206875,55206875,Violet Cordoberteil mit gesmokten Schultern Damen Boden,https://eu.boden.com/products/damen-violet-cordoberteil-mit-gesmokten-schultern-sanftes-salbeigruen-streublumen-t2191mlt?tc_ch=display&tc_ve=ba&tc_so=tradedesk&tc_me=pp&tc_ca=bau,,,120.00,120.00,https://cdn.shopify.com/s/files/1/0680/4625/8428/files/26wwin_t2191_mlt_m01_44d8a578-4ec6-43f2-8874-6719204ed637.jpg?v=1&width=800,Damen,Damen,03/10/2026,https://eu.boden.com/products/damen-violet-cordoberteil-mit-gesmokten-schultern-sanftes-salbeigruen-streublumen-t2191mlt?tc_ch=display&tc_ve=ba&tc_so=tradedesk&tc_me=pp&tc_ca=bau,,,79,IN STOCK,,,"Sanftes Salbeigrün, Streublumen",,,,TRUE,TRUE
55201124,55201124,55201124,Rosa Bedrucktes Sweatshirt Damen Boden,https://eu.boden.com/products/damen-rosa-bedrucktes-sweatshirt-dschungelcharm-platzierter-druck-t1915mpr?tc_ch=display&tc_ve=ba&tc_so=tradedesk&tc_me=pp&tc_ca=bau,,,99.00,99.00,https://cdn.shopify.com/s/files/1/0680/4625/8428/files/26wwin_t1915_mpr_m01.jpg?v=1&width=800,Damen,Damen,03/10/2026,https://eu.boden.com/products/damen-rosa-bedrucktes-sweatshirt-dschungelcharm-platzierter-druck-t1915mpr?tc_ch=display&tc_ve=ba&tc_so=tradedesk&tc_me=pp&tc_ca=bau,,,473,IN STOCK,,,Dschungelcharm Platzierter Druck,,,,TRUE,TRUE
55211156,55211156,55211156,Marta Weste aus Merinowolle Damen Boden,https://eu.boden.com/products/damen-marta-weste-aus-merinowolle-marineblau-k1305nav?tc_ch=display&tc_ve=ba&tc_so=tradedesk&tc_me=pp&tc_ca=bau,,,140.00,140.00,https://cdn.shopify.com/s/files/1/0680/4625/8428/files/26wwin_k1305_nav_m01.jpg?v=1&width=800,Damen,Damen,03/10/2026,https://eu.boden.com/products/damen-marta-weste-aus-merinowolle-marineblau-k1305nav?tc_ch=display&tc_ve=ba&tc_so=tradedesk&tc_me=pp&tc_ca=bau,,,66,IN STOCK,,,Marineblau,,,,TRUE,TRUE
55225392,55225392,55225392,"Hochgeschlossen, langärmlig Damen Boden",https://eu.boden.com/products/damen-hochgeschlossen-langaermlig-dunkelgruen-t2209dgr?tc_ch=display&tc_ve=ba&tc_so=tradedesk&tc_me=pp&tc_ca=bau,,,46.00,46.00,https://cdn.shopify.com/s/files/1/0680/4625/8428/files/26wwin_t2209_dgr_m01.jpg?v=1&width=800,Damen,Damen,03/10/2026,https://eu.boden.com/products/damen-hochgeschlossen-langaermlig-dunkelgruen-t2209dgr?tc_ch=display&tc_ve=ba&tc_so=tradedesk&tc_me=pp&tc_ca=bau,,,114,IN STOCK,,,Dunkelgrün,,,,TRUE,TRUE
55207688,55207688,55207688,Marta Strickjacke aus Merinowolle Damen Boden,https://eu.boden.com/products/damen-marta-strickjacke-aus-merinowolle-raue-umbra-k1308brm?tc_ch=display&tc_ve=ba&tc_so=tradedesk&tc_me=pp&tc_ca=bau,,,150.00,150.00,https://cdn.shopify.com/s/files/1/0680/4625/8428/files/26wwin_k1308_brm_m01_cd5da2b6-948e-40eb-9754-d6e095dc1db9.jpg?v=1&width=800,Damen,Damen,03/10/2026,https://eu.boden.com/products/damen-marta-strickjacke-aus-merinowolle-raue-umbra-k1308brm?tc_ch=display&tc_ve=ba&tc_so=tradedesk&tc_me=pp&tc_ca=bau,,,118,IN STOCK,,,Raue Umbra,,,,TRUE,TRUE
55207483,55207483,55207483,Marta Strickjacke aus Merinowolle Damen Boden,https://eu.boden.com/products/damen-marta-strickjacke-aus-merinowolle-ockergruen-k1308lgr?tc_ch=display&tc_ve=ba&tc_so=tradedesk&tc_me=pp&tc_ca=bau,,,150.00,150.00,https://cdn.shopify.com/s/files/1/0680/4625/8428/files/26wwin_k1308_lgr_m01_1ff9ec84-7d48-4d92-8dce-8ab5fbcd5e7f.jpg?v=1&width=800,Damen,Damen,03/10/2026,https://eu.boden.com/products/damen-marta-strickjacke-aus-merinowolle-ockergruen-k1308lgr?tc_ch=display&tc_ve=ba&tc_so=tradedesk&tc_me=pp&tc_ca=bau,,,118,IN STOCK,,,Ockergrün,,,,TRUE,TRUE
55207877,55207877,55207877,Marta Strickjacke aus Merinowolle Damen Boden,https://eu.boden.com/products/damen-marta-strickjacke-aus-merinowolle-orchideenrosa-k1308pnt?tc_ch=display&tc_ve=ba&tc_so=tradedesk&tc_me=pp&tc_ca=bau,,,150.00,150.00,https://cdn.shopify.com/s/files/1/0680/4625/8428/files/26waut_k1308_pnt_w01.jpg?v=1&width=800,Damen,Damen,03/10/2026,https://eu.boden.com/products/damen-marta-strickjacke-aus-merinowolle-orchideenrosa-k1308pnt?tc_ch=display&tc_ve=ba&tc_so=tradedesk&tc_me=pp&tc_ca=bau,,,181,IN STOCK,,,Orchideenrosa,,,,TRUE,TRUE
55222835,55222835,55222835,Fay Kaschmirpullover mit Rundhalsausschnitt Damen Boden,https://eu.boden.com/products/damen-fay-kaschmirpullover-mit-rundhalsausschnitt-dunkles-hofgruen-meliert-k1346grn?tc_ch=display&tc_ve=ba&tc_so=tradedesk&tc_me=pp&tc_ca=bau,,,190.00,190.00,https://cdn.shopify.com/s/files/1/0680/4625/8428/files/26wwin_k1346_grn_m01.jpg?v=1&width=800,Damen,Damen,03/10/2026,https://eu.boden.com/products/damen-fay-kaschmirpullover-mit-rundhalsausschnitt-dunkles-hofgruen-meliert-k1346grn?tc_ch=display&tc_ve=ba&tc_so=tradedesk&tc_me=pp&tc_ca=bau,,,139,IN STOCK,,,Dunkles Hofgrün Meliert,,,,TRUE,TRUE
55211898,55211898,55211898,Mae Fair-Isle-Strickpullover Damen Boden,https://eu.boden.com/products/damen-mae-fair-isle-strickpullover-querfeldein-k1335lgr?tc_ch=display&tc_ve=ba&tc_so=tradedesk&tc_me=pp&tc_ca=bau,,,170.00,170.00,https://cdn.shopify.com/s/files/1/0680/4625/8428/files/26wwin_k1335_lgr_w01_195138d9-c641-4381-9eaa-e4a1f46d4c1c.jpg?v=1&width=800,Damen,Damen,03/10/2026,https://eu.boden.com/products/damen-mae-fair-isle-strickpullover-querfeldein-k1335lgr?tc_ch=display&tc_ve=ba&tc_so=tradedesk&tc_me=pp&tc_ca=bau,,,170,IN STOCK,,,Querfeldein,,,,TRUE,TRUE
55211903,55211903,55211903,Mae Fair-Isle-Strickjacke Damen Boden,https://eu.boden.com/products/damen-mae-fair-isle-strickjacke-blumenerde-k1336brn?tc_ch=display&tc_ve=ba&tc_so=tradedesk&tc_me=pp&tc_ca=bau,,,180.00,180.00,https://cdn.shopify.com/s/files/1/0680/4625/8428/files/26wwin_k1336_brn_w01.jpg?v=1&width=800,Damen,Damen,03/10/2026,https://eu.boden.com/products/damen-mae-fair-isle-strickjacke-blumenerde-k1336brn?tc_ch=display&tc_ve=ba&tc_so=tradedesk&tc_me=pp&tc_ca=bau,,,349,IN STOCK,,,Blumenerde,,,,TRUE,TRUE
55227189,55227189,55227189,Bluse mit Rüschen und Spitze Damen Boden,https://eu.boden.com/products/damen-bluse-mit-rueschen-und-spitze-verwaschener-denim-und-naturweiss-streifen-t2218den?tc_ch=display&tc_ve=ba&tc_so=tradedesk&tc_me=pp&tc_ca=bau,,,99.00,99.00,https://cdn.shopify.com/s/files/1/0680/4625/8428/files/26wwin_t2218_den_m01_bd2039b9-e716-4b5c-8289-1e110c928e36.jpg?v=1&width=800,Damen,Damen,03/10/2026,https://eu.boden.com/products/damen-bluse-mit-rueschen-und-spitze-verwaschener-denim-und-naturweiss-streifen-t2218den?tc_ch=display&tc_ve=ba&tc_so=tradedesk&tc_me=pp&tc_ca=bau,,,60,IN STOCK,,,Verwaschener Denim und Naturweiß Streifen,,,,TRUE,TRUE
55220967,55220967,55220967,Midikleid aus Tüll mit Faltendetail Damen Boden,https://eu.boden.com/products/damen-midikleid-aus-tuell-mit-faltendetail-mitternachtsblaugruen-d1797grn?tc_ch=display&tc_ve=ba&tc_so=tradedesk&tc_me=pp&tc_ca=bau,,,190.00,190.00,https://cdn.shopify.com/s/files/1/0680/4625/8428/files/26wwin_d1797_grn_m01.jpg?v=1&width=800,Damen,Damen,03/10/2026,https://eu.boden.com/products/damen-midikleid-aus-tuell-mit-faltendetail-mitternachtsblaugruen-d1797grn?tc_ch=display&tc_ve=ba&tc_so=tradedesk&tc_me=pp&tc_ca=bau,,,61,IN STOCK,,,Mitternachtsblaugrün,,,,TRUE,TRUE
55209207,55209207,55209207,Gestuftes Tüllkleid mit Bindeverschluss am Hals Damen Boden,https://eu.boden.com/products/damen-gestuftes-tuellkleid-mit-bindeverschluss-am-hals-marineblau-d1800nav?tc_ch=display&tc_ve=ba&tc_so=tradedesk&tc_me=pp&tc_ca=bau,,,210.00,210.00,https://cdn.shopify.com/s/files/1/0680/4625/8428/files/26waut_d1800_nav_w01.jpg?v=1&width=800,Damen,Damen,03/10/2026,https://eu.boden.com/products/damen-gestuftes-tuellkleid-mit-bindeverschluss-am-hals-marineblau-d1800nav?tc_ch=display&tc_ve=ba&tc_so=tradedesk&tc_me=pp&tc_ca=bau,,,172,IN STOCK,,,Marineblau,,,,TRUE,TRUE
55212325,55212325,55212325,Zara Kurzes Cordkleid Damen Boden,https://eu.boden.com/products/damen-zara-kurzes-cordkleid-dunkelviolett-d1829prp?tc_ch=display&tc_ve=ba&tc_so=tradedesk&tc_me=pp&tc_ca=bau,,,140.00,140.00,https://cdn.shopify.com/s/files/1/0680/4625/8428/files/26wwin_d1829_prp_m01.jpg?v=1&width=800,Damen,Damen,03/10/2026,https://eu.boden.com/products/damen-zara-kurzes-cordkleid-dunkelviolett-d1829prp?tc_ch=display&tc_ve=ba&tc_so=tradedesk&tc_me=pp&tc_ca=bau,,,102,IN STOCK,,,Dunkelviolett,,,,TRUE,TRUE
55225976,55225976,55225976,Una Cord-Midikleid Damen Boden,https://eu.boden.com/products/damen-una-cord-midikleid-mandelmilch-paisley-bouquet-d1830neu?tc_ch=display&tc_ve=ba&tc_so=tradedesk&tc_me=pp&tc_ca=bau,,,190.00,190.00,https://cdn.shopify.com/s/files/1/0680/4625/8428/files/26wwin_d1830_neu_m01.jpg?v=1&width=800,Damen,Damen,03/10/2026,https://eu.boden.com/products/damen-una-cord-midikleid-mandelmilch-paisley-bouquet-d1830neu?tc_ch=display&tc_ve=ba&tc_so=tradedesk&tc_me=pp&tc_ca=bau,,,231,IN STOCK,,,Mandelmilch Paisley-Bouquet,,,,TRUE,TRUE
55212159,55212159,55212159,Bluse mit langen Manschetten und halber Knopfleiste Damen Boden,https://eu.boden.com/products/damen-bluse-mit-langen-manschetten-und-halber-knopfleiste-dunkles-smaragdgruen-t2214grn?tc_ch=display&tc_ve=ba&tc_so=tradedesk&tc_me=pp&tc_ca=bau,,,79.00,79.00,https://cdn.shopify.com/s/files/1/0680/4625/8428/files/26wwin_t2214_grn_m01_a7e399c1-5093-4b55-8f75-0b2378001bdf.jpg?v=1&width=800,Damen,Damen,03/10/2026,https://eu.boden.com/products/damen-bluse-mit-langen-manschetten-und-halber-knopfleiste-dunkles-smaragdgruen-t2214grn?tc_ch=display&tc_ve=ba&tc_so=tradedesk&tc_me=pp&tc_ca=bau,,,123,IN STOCK,,,Dunkles Smaragdgrün,,,,TRUE,TRUE
55227604,55227604,55227604,Bluse mit langen Manschetten und halber Knopfleiste Damen Boden,https://eu.boden.com/products/damen-bluse-mit-langen-manschetten-und-halber-knopfleiste-dunkelviolett-t2214pur?tc_ch=display&tc_ve=ba&tc_so=tradedesk&tc_me=pp&tc_ca=bau,,,79.00,79.00,https://cdn.shopify.com/s/files/1/0680/4625/8428/files/26wwin_t2214_pur_m01.jpg?v=1&width=800,Damen,Damen,03/10/2026,https://eu.boden.com/products/damen-bluse-mit-langen-manschetten-und-halber-knopfleiste-dunkelviolett-t2214pur?tc_ch=display&tc_ve=ba&tc_so=tradedesk&tc_me=pp&tc_ca=bau,,,74,IN STOCK,,,Dunkelviolett,,,,TRUE,TRUE
55212424,55212424,55212424,Bluse mit langen Manschetten und halber Knopfleiste Damen Boden,https://eu.boden.com/products/damen-bluse-mit-langen-manschetten-und-halber-knopfleiste-navy-tupfen-auf-tupfen-t2214nav?tc_ch=display&tc_ve=ba&tc_so=tradedesk&tc_me=pp&tc_ca=bau,,,86.00,86.00,https://cdn.shopify.com/s/files/1/0680/4625/8428/files/26wwin_t2214_nav_m01.jpg?v=1&width=800,Damen,Damen,03/10/2026,https://eu.boden.com/products/damen-bluse-mit-langen-manschetten-und-halber-knopfleiste-navy-tupfen-auf-tupfen-t2214nav?tc_ch=display&tc_ve=ba&tc_so=tradedesk&tc_me=pp&tc_ca=bau,,,198,IN STOCK,,,Navy Tupfen Auf Tupfen,,,,TRUE,TRUE
55217252,55217252,55217252,Bluse mit großen Rüschen Damen Boden,https://eu.boden.com/products/damen-bluse-mit-grossen-rueschen-rosa-heide-t2217pnk?tc_ch=display&tc_ve=ba&tc_so=tradedesk&tc_me=pp&tc_ca=bau,,,86.00,86.00,https://cdn.shopify.com/s/files/1/0680/4625/8428/files/26wwin_t2217_pnk_m01_bbd89096-91e3-41b9-aa71-70ab4bc9f6e9.jpg?v=1&width=800,Damen,Damen,03/10/2026,https://eu.boden.com/products/damen-bluse-mit-grossen-rueschen-rosa-heide-t2217pnk?tc_ch=display&tc_ve=ba&tc_so=tradedesk&tc_me=pp&tc_ca=bau,,,46,IN STOCK,,,Rosa Heide,,,,TRUE,TRUE
55217243,55217243,55217243,Bluse mit großen Rüschen Damen Boden,https://eu.boden.com/products/damen-bluse-mit-grossen-rueschen-schwarz-t2217blk?tc_ch=display&tc_ve=ba&tc_so=tradedesk&tc_me=pp&tc_ca=bau,,,86.00,86.00,https://cdn.shopify.com/s/files/1/0680/4625/8428/files/26wwin_t2217_blk_m01_10910f3d-1e1c-4834-9196-f9ac75606fab.jpg?v=1&width=800,Damen,Damen,03/10/2026,https://eu.boden.com/products/damen-bluse-mit-grossen-rueschen-schwarz-t2217blk?tc_ch=display&tc_ve=ba&tc_so=tradedesk&tc_me=pp&tc_ca=bau,,,10,IN STOCK,,,Schwarz,,,,TRUE,TRUE
55217313,55217313,55217313,Bluse mit großen Rüschen Damen Boden,https://eu.boden.com/products/damen-bluse-mit-grossen-rueschen-dunkle-kirsche-t2217pur?tc_ch=display&tc_ve=ba&tc_so=tradedesk&tc_me=pp&tc_ca=bau,,,86.00,86.00,https://cdn.shopify.com/s/files/1/0680/4625/8428/files/26wwin_t2217_pur_m01_2309e468-bb9d-49d9-8c41-ce8c270511be.jpg?v=1&width=800,Damen,Damen,03/10/2026,https://eu.boden.com/products/damen-bluse-mit-grossen-rueschen-dunkle-kirsche-t2217pur?tc_ch=display&tc_ve=ba&tc_so=tradedesk&tc_me=pp&tc_ca=bau,,,57,IN STOCK,,,Dunkle Kirsche,,,,TRUE,TRUE
55201453,55201453,55201453,Erica Cordoberteil mit Rüschen Damen Boden,https://eu.boden.com/products/damen-erica-cordoberteil-mit-rueschen-dunkler-blauregen-bestickt-t2188prp?tc_ch=display&tc_ve=ba&tc_so=tradedesk&tc_me=pp&tc_ca=bau,,,150.00,150.00,https://cdn.shopify.com/s/files/1/0680/4625/8428/files/26wwin_t2188_prp_m01_3dbfe5f9-5a83-446b-b7f0-6173159e7b88.jpg?v=1&width=800,Damen,Damen,03/10/2026,https://eu.boden.com/products/damen-erica-cordoberteil-mit-rueschen-dunkler-blauregen-bestickt-t2188prp?tc_ch=display&tc_ve=ba&tc_so=tradedesk&tc_me=pp&tc_ca=bau,,,44,IN STOCK,,,"Dunkler Blauregen, Bestickt",,,,TRUE,TRUE
55226501,55226501,55226501,Rosa Bedrucktes Sweatshirt Damen Boden,https://eu.boden.com/products/damen-rosa-bedrucktes-sweatshirt-pfauen-paradies-platzierter-druck-t1915bgr?tc_ch=display&tc_ve=ba&tc_so=tradedesk&tc_me=pp&tc_ca=bau,,,99.00,99.00,https://cdn.shopify.com/s/files/1/0680/4625/8428/files/26wwin_t1915_bgr_m01_b3637e97-ef98-4905-bbc0-a2600d17e596.jpg?v=1&width=800,Damen,Damen,03/10/2026,https://eu.boden.com/products/damen-rosa-bedrucktes-sweatshirt-pfauen-paradies-platzierter-druck-t1915bgr?tc_ch=display&tc_ve=ba&tc_so=tradedesk&tc_me=pp&tc_ca=bau,,,567,IN STOCK,,,Pfauen Paradies Platzierter Druck,,,,TRUE,TRUE
55208121,55208121,55208121,Maeve Midi-Hemdblusenkleid aus Cord Damen Boden,https://eu.boden.com/products/damen-maeve-midi-hemdblusenkleid-aus-cord-waldlichtung-d1807grn?tc_ch=display&tc_ve=ba&tc_so=tradedesk&tc_me=pp&tc_ca=bau,,,180.00,180.00,https://cdn.shopify.com/s/files/1/0680/4625/8428/files/26wwin_d1807_grn_m01.jpg?v=1&width=800,Damen,Damen,03/10/2026,https://eu.boden.com/products/damen-maeve-midi-hemdblusenkleid-aus-cord-waldlichtung-d1807grn?tc_ch=display&tc_ve=ba&tc_so=tradedesk&tc_me=pp&tc_ca=bau,,,228,IN STOCK,,,Waldlichtung,,,,TRUE,TRUE
55208616,55208616,55208616,Maeve Midi-Hemdblusenkleid aus Cord Damen Boden,https://eu.boden.com/products/damen-maeve-midi-hemdblusenkleid-aus-cord-gewuerzter-apfel-d1807mbr?tc_ch=display&tc_ve=ba&tc_so=tradedesk&tc_me=pp&tc_ca=bau,,,180.00,180.00,https://cdn.shopify.com/s/files/1/0680/4625/8428/files/26wwin_d1807_mbr_m01.jpg?v=1&width=800,Damen,Damen,03/10/2026,https://eu.boden.com/products/damen-maeve-midi-hemdblusenkleid-aus-cord-gewuerzter-apfel-d1807mbr?tc_ch=display&tc_ve=ba&tc_so=tradedesk&tc_me=pp&tc_ca=bau,,,74,IN STOCK,,,Gewürzter Apfel,,,,TRUE,TRUE
55220465,55220465,55220465,Louise Kariertes Midi-Hemdblusenkleid Damen Boden,https://eu.boden.com/products/damen-louise-kariertes-midi-hemdblusenkleid-braun-blau-und-rosa-kariert-d1787brn?tc_ch=display&tc_ve=ba&tc_so=tradedesk&tc_me=pp&tc_ca=bau,,,190.00,190.00,https://cdn.shopify.com/s/files/1/0680/4625/8428/files/26wwin_d1787_brn_m01.jpg?v=1&width=800,Damen,Damen,03/10/2026,https://eu.boden.com/products/damen-louise-kariertes-midi-hemdblusenkleid-braun-blau-und-rosa-kariert-d1787brn?tc_ch=display&tc_ve=ba&tc_so=tradedesk&tc_me=pp&tc_ca=bau,,,46,IN STOCK,,,"Braun, Blau und Rosa Kariert",,,,TRUE,TRUE
55200721,55200721,55200721,Sienna Lockeres Cordhemd Damen Boden,https://eu.boden.com/products/damen-sienna-lockeres-cordhemd-gewuerzter-ingwer-t2169ora?tc_ch=display&tc_ve=ba&tc_so=tradedesk&tc_me=pp&tc_ca=bau,,,120.00,120.00,https://cdn.shopify.com/s/files/1/0680/4625/8428/files/26wwin_t2169_ora_w01.jpg?v=1&width=800,Damen,Damen,03/10/2026,https://eu.boden.com/products/damen-sienna-lockeres-cordhemd-gewuerzter-ingwer-t2169ora?tc_ch=display&tc_ve=ba&tc_so=tradedesk&tc_me=pp&tc_ca=bau,,,102,IN STOCK,,,Gewürzter Ingwer,,,,TRUE,TRUE
55200609,55200609,55200609,Sienna Lockeres Cordhemd Damen Boden,https://eu.boden.com/products/damen-sienna-lockeres-cordhemd-sand-t2169snd?tc_ch=display&tc_ve=ba&tc_so=tradedesk&tc_me=pp&tc_ca=bau,,,120.00,120.00,https://cdn.shopify.com/s/files/1/0680/4625/8428/files/26wwin_t2169_snd_m01_1b9c8afe-9d49-46e0-aa17-f39a7390dde1.jpg?v=1&width=800,Damen,Damen,03/10/2026,https://eu.boden.com/products/damen-sienna-lockeres-cordhemd-sand-t2169snd?tc_ch=display&tc_ve=ba&tc_so=tradedesk&tc_me=pp&tc_ca=bau,,,67,IN STOCK,,,Sand,,,,TRUE,TRUE
55227837,55227837,55227837,Una Cord-Midikleid Damen Boden,https://eu.boden.com/products/damen-una-cord-midikleid-mitternachtsblau-smaragdgruen-d1830grn?tc_ch=display&tc_ve=ba&tc_so=tradedesk&tc_me=pp&tc_ca=bau,,,180.00,180.00,https://cdn.shopify.com/s/files/1/0680/4625/8428/files/26wwin_d1830_grn_m01.jpg?v=1&width=800,Damen,Damen,03/10/2026,https://eu.boden.com/products/damen-una-cord-midikleid-mitternachtsblau-smaragdgruen-d1830grn?tc_ch=display&tc_ve=ba&tc_so=tradedesk&tc_me=pp&tc_ca=bau,,,21,IN STOCK,,,Mitternachtsblau Smaragdgrün,,,,TRUE,TRUE
55219099,55219099,55219099,Violettes Oberteil aus Baumwolle Damen Boden,https://eu.boden.com/products/damen-violettes-oberteil-aus-baumwolle-braun-perlen-t2192brn?tc_ch=display&tc_ve=ba&tc_so=tradedesk&tc_me=pp&tc_ca=bau,,,150.00,150.00,https://cdn.shopify.com/s/files/1/0680/4625/8428/files/26wwin_t2192_brn_m01_178b48c5-8a37-4aa3-b59f-4fb2e96f023b.jpg?v=1&width=800,Damen,Damen,03/10/2026,https://eu.boden.com/products/damen-violettes-oberteil-aus-baumwolle-braun-perlen-t2192brn?tc_ch=display&tc_ve=ba&tc_so=tradedesk&tc_me=pp&tc_ca=bau,,,86,IN STOCK,,,Braun Perlen,,,,TRUE,TRUE
55204561,55204561,55204561,Violettes Oberteil aus Baumwolle Damen Boden,https://eu.boden.com/products/damen-violettes-oberteil-aus-baumwolle-cremeweiss-blumenmuster-herz-rebe-t2192ivo?tc_ch=display&tc_ve=ba&tc_so=tradedesk&tc_me=pp&tc_ca=bau,,,99.00,99.00,https://cdn.shopify.com/s/files/1/0680/4625/8428/files/26waut_t2192_ivo_w01.jpg?v=1&width=800,Damen,Damen,03/10/2026,https://eu.boden.com/products/damen-violettes-oberteil-aus-baumwolle-cremeweiss-blumenmuster-herz-rebe-t2192ivo?tc_ch=display&tc_ve=ba&tc_so=tradedesk&tc_me=pp&tc_ca=bau,,,115,IN STOCK,,,"Cremeweiß, Blumenmuster Herz Rebe",,,,TRUE,TRUE
55212478,55212478,55212478,Fleur Cord-Midikleid Damen Boden,https://eu.boden.com/products/damen-fleur-cord-midikleid-mitternachtsblaugruen-d1790lgr?tc_ch=display&tc_ve=ba&tc_so=tradedesk&tc_me=pp&tc_ca=bau,,,170.00,170.00,https://cdn.shopify.com/s/files/1/0680/4625/8428/files/26wwin_d1790_lgr_m01_f82777da-6102-4600-8f72-8538e9123229.jpg?v=1&width=800,Damen,Damen,03/10/2026,https://eu.boden.com/products/damen-fleur-cord-midikleid-mitternachtsblaugruen-d1790lgr?tc_ch=display&tc_ve=ba&tc_so=tradedesk&tc_me=pp&tc_ca=bau,,,47,IN STOCK,,,Mitternachtsblaugrün,,,,TRUE,TRUE
55209956,55209956,55209956,Bronte Kurzes Cordkleid Damen Boden,https://eu.boden.com/products/damen-bronte-kurzes-cordkleid-marineblau-d1470nav?tc_ch=display&tc_ve=ba&tc_so=tradedesk&tc_me=pp&tc_ca=bau,,,140.00,140.00,https://cdn.shopify.com/s/files/1/0680/4625/8428/files/26wwin_d1470_nav_m01.jpg?v=1&width=800,Damen,Damen,03/10/2026,https://eu.boden.com/products/damen-bronte-kurzes-cordkleid-marineblau-d1470nav?tc_ch=display&tc_ve=ba&tc_so=tradedesk&tc_me=pp&tc_ca=bau,,,224,IN STOCK,,,Marineblau,,,,TRUE,TRUE
55209506,55209506,55209506,Bronte Kurzes Cordkleid Damen Boden,https://eu.boden.com/products/damen-bronte-kurzes-cordkleid-mitternachtsblaugruen-d1470grn?tc_ch=display&tc_ve=ba&tc_so=tradedesk&tc_me=pp&tc_ca=bau,,,140.00,140.00,https://cdn.shopify.com/s/files/1/0680/4625/8428/files/26wwin_d1470_grn_m01.jpg?v=1&width=800,Damen,Damen,03/10/2026,https://eu.boden.com/products/damen-bronte-kurzes-cordkleid-mitternachtsblaugruen-d1470grn?tc_ch=display&tc_ve=ba&tc_so=tradedesk&tc_me=pp&tc_ca=bau,,,109,IN STOCK,,,Mitternachtsblaugrün,,,,TRUE,TRUE
55216487,55216487,55216487,Strickkleid mit Zopfmuster Damen Boden,https://eu.boden.com/products/damen-strickkleid-mit-zopfmuster-purpurrot-d1823red?tc_ch=display&tc_ve=ba&tc_so=tradedesk&tc_me=pp&tc_ca=bau,,,220.00,220.00,https://cdn.shopify.com/s/files/1/0680/4625/8428/files/26wwin_d1823_red_m01.jpg?v=1&width=800,Damen,Damen,03/10/2026,https://eu.boden.com/products/damen-strickkleid-mit-zopfmuster-purpurrot-d1823red?tc_ch=display&tc_ve=ba&tc_so=tradedesk&tc_me=pp&tc_ca=bau,,,96,IN STOCK,,,Purpurrot,,,,TRUE,TRUE
55212189,55212189,55212189,Rhoda Kurzes Cordkleid Damen Boden,https://eu.boden.com/products/damen-rhoda-kurzes-cordkleid-ingwer-kuhfelder-d1828lbr?tc_ch=display&tc_ve=ba&tc_so=tradedesk&tc_me=pp&tc_ca=bau,,,150.00,150.00,https://cdn.shopify.com/s/files/1/0680/4625/8428/files/26wwin_d1828_lbr_m01_2d45b5a5-18c1-4300-9f5b-63dbba5a7c3a.jpg?v=1&width=800,Damen,Damen,03/10/2026,https://eu.boden.com/products/damen-rhoda-kurzes-cordkleid-ingwer-kuhfelder-d1828lbr?tc_ch=display&tc_ve=ba&tc_so=tradedesk&tc_me=pp&tc_ca=bau,,,104,IN STOCK,,,"Ingwer, Kuhfelder",,,,TRUE,TRUE
55208716,55208716,55208716,Fleur Cord-Midikleid Damen Boden,https://eu.boden.com/products/damen-fleur-cord-midikleid-rubinrot-d1790lrd?tc_ch=display&tc_ve=ba&tc_so=tradedesk&tc_me=pp&tc_ca=bau,,,170.00,170.00,https://cdn.shopify.com/s/files/1/0680/4625/8428/files/26wwin_d1790_lrd_m01.jpg?v=1&width=800,Damen,Damen,03/10/2026,https://eu.boden.com/products/damen-fleur-cord-midikleid-rubinrot-d1790lrd?tc_ch=display&tc_ve=ba&tc_so=tradedesk&tc_me=pp&tc_ca=bau,,,17,IN STOCK,,,Rubinrot,,,,TRUE,TRUE
55208212,55208212,55208212,Marla Ottoman-Kleid mit Ziernähten Damen Boden,https://eu.boden.com/products/damen-marla-ottoman-kleid-mit-ziernaehten-dunkle-kirsche-d1821pur?tc_ch=display&tc_ve=ba&tc_so=tradedesk&tc_me=pp&tc_ca=bau,,,99.00,99.00,https://cdn.shopify.com/s/files/1/0680/4625/8428/files/26wwin_d1821_pur_m01_fb54f237-cc07-4f54-b47e-7bbcdab3cb61.jpg?v=1&width=800,Damen,Damen,03/10/2026,https://eu.boden.com/products/damen-marla-ottoman-kleid-mit-ziernaehten-dunkle-kirsche-d1821pur?tc_ch=display&tc_ve=ba&tc_so=tradedesk&tc_me=pp&tc_ca=bau,,,205,IN STOCK,,,Dunkle Kirsche,,,,TRUE,TRUE
55204192,55204192,55204192,Belgravia Cordhose Damen Boden,https://eu.boden.com/products/damen-belgravia-cordhose-dunkles-purpur-r0994red?tc_ch=display&tc_ve=ba&tc_so=tradedesk&tc_me=pp&tc_ca=bau,,,150.00,150.00,https://cdn.shopify.com/s/files/1/0680/4625/8428/files/26wwin_r0994_red_m01_3f037b69-f7ab-4311-805c-05bed76453be.jpg?v=1&width=800,Damen,Damen,03/10/2026,https://eu.boden.com/products/damen-belgravia-cordhose-dunkles-purpur-r0994red?tc_ch=display&tc_ve=ba&tc_so=tradedesk&tc_me=pp&tc_ca=bau,,,7,IN STOCK,,,Dunkles Purpur,,,,TRUE,TRUE
55204267,55204267,55204267,Belgravia Cordhose Damen Boden,https://eu.boden.com/products/damen-belgravia-cordhose-milchkaffee-r0994nud?tc_ch=display&tc_ve=ba&tc_so=tradedesk&tc_me=pp&tc_ca=bau,,,150.00,150.00,https://cdn.shopify.com/s/files/1/0680/4625/8428/files/26wwin_r0994_nud_m01_c9b70019-55d8-4d9e-a99b-328eaa506887.jpg?v=1&width=800,Damen,Damen,03/10/2026,https://eu.boden.com/products/damen-belgravia-cordhose-milchkaffee-r0994nud?tc_ch=display&tc_ve=ba&tc_so=tradedesk&tc_me=pp&tc_ca=bau,,,121,IN STOCK,,,Milchkaffee,,,,TRUE,TRUE
55233441,55233441,55233441,Edie Fair-Isle-Strickjacke Damen Boden,https://eu.boden.com/products/damen-edie-fair-isle-strickjacke-rosa-fair-isle-k0851peb?tc_ch=display&tc_ve=ba&tc_so=tradedesk&tc_me=pp&tc_ca=bau,,,150.00,150.00,https://cdn.shopify.com/s/files/1/0680/4625/8428/files/26wwin_k0851_peb_m01_e7d34681-6f87-4f84-90b1-a3fab6f30955.jpg?v=1&width=800,Damen,Damen,03/10/2026,https://eu.boden.com/products/damen-edie-fair-isle-strickjacke-rosa-fair-isle-k0851peb?tc_ch=display&tc_ve=ba&tc_so=tradedesk&tc_me=pp&tc_ca=bau,,,533,IN STOCK,,,Rosa Fair-Isle,,,,TRUE,TRUE
55216924,55216924,55216924,Nia Langärmliges Ottoman-Kleid Damen Boden,https://eu.boden.com/products/damen-nia-langaermliges-ottoman-kleid-malachitgruen-d1831dgr?tc_ch=display&tc_ve=ba&tc_so=tradedesk&tc_me=pp&tc_ca=bau,,,120.00,120.00,https://cdn.shopify.com/s/files/1/0680/4625/8428/files/26wwin_d1831_dgr_m01_b85fa7e8-a21d-4383-a1bc-bf453b19d1d4.jpg?v=1&width=800,Damen,Damen,03/10/2026,https://eu.boden.com/products/damen-nia-langaermliges-ottoman-kleid-malachitgruen-d1831dgr?tc_ch=display&tc_ve=ba&tc_so=tradedesk&tc_me=pp&tc_ca=bau,,,121,IN STOCK,,,Malachitgrün,,,,TRUE,TRUE
55233451,55233451,55233451,Edie Fair-Isle-Pullover Damen Boden,https://eu.boden.com/products/damen-edie-fair-isle-pullover-marineblau-rentier-k0853nvy?tc_ch=display&tc_ve=ba&tc_so=tradedesk&tc_me=pp&tc_ca=bau,,,140.00,140.00,https://cdn.shopify.com/s/files/1/0680/4625/8428/files/26wwin_k0853_nvy_m01.jpg?v=1&width=800,Damen,Damen,03/10/2026,https://eu.boden.com/products/damen-edie-fair-isle-pullover-marineblau-rentier-k0853nvy?tc_ch=display&tc_ve=ba&tc_so=tradedesk&tc_me=pp&tc_ca=bau,,,532,IN STOCK,,,Marineblau Rentier,,,,TRUE,TRUE
55206150,55206150,55206150,Thea Cordhemd Damen Boden,https://eu.boden.com/products/damen-thea-cordhemd-erdiges-rot-t2194red?tc_ch=display&tc_ve=ba&tc_so=tradedesk&tc_me=pp&tc_ca=bau,,,99.00,99.00,https://cdn.shopify.com/s/files/1/0680/4625/8428/files/26wwin_t2194_red_m01_4d975032-c9d7-43f0-9df8-e36cf8c3f479.jpg?v=1&width=800,Damen,Damen,03/10/2026,https://eu.boden.com/products/damen-thea-cordhemd-erdiges-rot-t2194red?tc_ch=display&tc_ve=ba&tc_so=tradedesk&tc_me=pp&tc_ca=bau,,,99,IN STOCK,,,Erdiges Rot,,,,TRUE,TRUE
55205964,55205964,55205964,Violet Cordoberteil mit gesmokten Schultern Damen Boden,https://eu.boden.com/products/damen-violet-cordoberteil-mit-gesmokten-schultern-kirschrot-t2191mpk?tc_ch=display&tc_ve=ba&tc_so=tradedesk&tc_me=pp&tc_ca=bau,,,110.00,110.00,https://cdn.shopify.com/s/files/1/0680/4625/8428/files/26wwin_t2191_mpk_m01_a8b39bfb-bbf5-4720-8935-d911a954e28f.jpg?v=1&width=800,Damen,Damen,03/10/2026,https://eu.boden.com/products/damen-violet-cordoberteil-mit-gesmokten-schultern-kirschrot-t2191mpk?tc_ch=display&tc_ve=ba&tc_so=tradedesk&tc_me=pp&tc_ca=bau,,,100,IN STOCK,,,Kirschrot,,,,TRUE,TRUE
55220250,55220250,55220250,Langärmliges Oberteil mit gerafftem Ausschnitt Damen Boden,https://eu.boden.com/products/damen-langaermliges-oberteil-mit-gerafftem-ausschnitt-dunkle-kirsche-t2207pur?tc_ch=display&tc_ve=ba&tc_so=tradedesk&tc_me=pp&tc_ca=bau,,,59.00,59.00,https://cdn.shopify.com/s/files/1/0680/4625/8428/files/26wwin_t2207_pur_m01.jpg?v=1&width=800,Damen,Damen,03/10/2026,https://eu.boden.com/products/damen-langaermliges-oberteil-mit-gerafftem-ausschnitt-dunkle-kirsche-t2207pur?tc_ch=display&tc_ve=ba&tc_so=tradedesk&tc_me=pp&tc_ca=bau,,,193,IN STOCK,,,Dunkle Kirsche,,,,TRUE,TRUE
55220218,55220218,55220218,Langärmliges Oberteil mit gerafftem Ausschnitt Damen Boden,https://eu.boden.com/products/damen-langaermliges-oberteil-mit-gerafftem-ausschnitt-dunkles-oliv-t2207grn?tc_ch=display&tc_ve=ba&tc_so=tradedesk&tc_me=pp&tc_ca=bau,,,59.00,59.00,https://cdn.shopify.com/s/files/1/0680/4625/8428/files/26wwin_t2207_grn_m01_7ef729a2-4107-4af5-8c69-7c3c628277a5.jpg?v=1&width=800,Damen,Damen,03/10/2026,https://eu.boden.com/products/damen-langaermliges-oberteil-mit-gerafftem-ausschnitt-dunkles-oliv-t2207grn?tc_ch=display&tc_ve=ba&tc_so=tradedesk&tc_me=pp&tc_ca=bau,,,125,IN STOCK,,,Dunkles Oliv,,,,TRUE,TRUE
55205752,55205752,55205752,Violet Cordoberteil mit gesmokten Schultern Damen Boden,https://eu.boden.com/products/damen-violet-cordoberteil-mit-gesmokten-schultern-graublau-t2191blu?tc_ch=display&tc_ve=ba&tc_so=tradedesk&tc_me=pp&tc_ca=bau,,,110.00,110.00,https://cdn.shopify.com/s/files/1/0680/4625/8428/files/26wwin_t2191_blu_m01_86f2865f-a3c7-4b60-bee0-5987bb9eabf4.jpg?v=1&width=800,Damen,Damen,03/10/2026,https://eu.boden.com/products/damen-violet-cordoberteil-mit-gesmokten-schultern-graublau-t2191blu?tc_ch=display&tc_ve=ba&tc_so=tradedesk&tc_me=pp&tc_ca=bau,,,113,IN STOCK,,,Graublau,,,,TRUE,TRUE
55206453,55206453,55206453,Thea Cordhemd Damen Boden,https://eu.boden.com/products/damen-thea-cordhemd-ingwer-t2194brn?tc_ch=display&tc_ve=ba&tc_so=tradedesk&tc_me=pp&tc_ca=bau,,,99.00,99.00,https://cdn.shopify.com/s/files/1/0680/4625/8428/files/26wwin_t2194_brn_m01_cd1749ea-9780-42e8-bf57-8536f1101edc.jpg?v=1&width=800,Damen,Damen,03/10/2026,https://eu.boden.com/products/damen-thea-cordhemd-ingwer-t2194brn?tc_ch=display&tc_ve=ba&tc_so=tradedesk&tc_me=pp&tc_ca=bau,,,126,IN STOCK,,,Ingwer,,,,TRUE,TRUE
55205720,55205720,55205720,Thea Cordhemd Damen Boden,https://eu.boden.com/products/damen-thea-cordhemd-franzoesisches-marineblau-kleines-nelkenmuster-t2194nav?tc_ch=display&tc_ve=ba&tc_so=tradedesk&tc_me=pp&tc_ca=bau,,,99.00,99.00,https://cdn.shopify.com/s/files/1/0680/4625/8428/files/26wwin_t2194_nav_m01_5ad58fb5-1d98-4f87-a79f-be2c0ff13ebb.jpg?v=1&width=800,Damen,Damen,03/10/2026,https://eu.boden.com/products/damen-thea-cordhemd-franzoesisches-marineblau-kleines-nelkenmuster-t2194nav?tc_ch=display&tc_ve=ba&tc_so=tradedesk&tc_me=pp&tc_ca=bau,,,56,IN STOCK,,,"Französisches Marineblau, Kleines Nelkenmuster",,,,TRUE,TRUE
55200771,55200771,55200771,Erica Cordoberteil mit Rüschen Damen Boden,https://eu.boden.com/products/damen-erica-cordoberteil-mit-rueschen-cappuccino-waldbrise-t2188lbr?tc_ch=display&tc_ve=ba&tc_so=tradedesk&tc_me=pp&tc_ca=bau,,,130.00,130.00,https://cdn.shopify.com/s/files/1/0680/4625/8428/files/26wwin_t2188_lbr_w01.jpg?v=1&width=800,Damen,Damen,03/10/2026,https://eu.boden.com/products/damen-erica-cordoberteil-mit-rueschen-cappuccino-waldbrise-t2188lbr?tc_ch=display&tc_ve=ba&tc_so=tradedesk&tc_me=pp&tc_ca=bau,,,47,IN STOCK,,,"Cappuccino, Waldbrise",,,,TRUE,TRUE
55218563,55218563,55218563,Lucy Pullover mit Halbreißverschluss Damen Boden,https://eu.boden.com/products/damen-lucy-pullover-mit-halbreissverschluss-blau-blockfarben-k1172blu?tc_ch=display&tc_ve=ba&tc_so=tradedesk&tc_me=pp&tc_ca=bau,,,140.00,140.00,https://cdn.shopify.com/s/files/1/0680/4625/8428/files/26wwin_k1172_blu_m01_2abb8937-f658-44ec-9f63-dd229c46281a.jpg?v=1&width=800,Damen,Damen,03/10/2026,https://eu.boden.com/products/damen-lucy-pullover-mit-halbreissverschluss-blau-blockfarben-k1172blu?tc_ch=display&tc_ve=ba&tc_so=tradedesk&tc_me=pp&tc_ca=bau,,,181,IN STOCK,,,Blau Blockfarben,,,,TRUE,TRUE
55233456,55233456,55233456,Edie Fair-Isle-Pullover Damen Boden,https://eu.boden.com/products/damen-edie-fair-isle-pullover-camel-fair-isle-k0853snd?tc_ch=display&tc_ve=ba&tc_so=tradedesk&tc_me=pp&tc_ca=bau,,,140.00,140.00,https://cdn.shopify.com/s/files/1/0680/4625/8428/files/26wwin_k0853_snd_m01_5d51e6d1-e6c8-4bb5-8f43-2a07ce7d8ad0.jpg?v=1&width=800,Damen,Damen,03/10/2026,https://eu.boden.com/products/damen-edie-fair-isle-pullover-camel-fair-isle-k0853snd?tc_ch=display&tc_ve=ba&tc_so=tradedesk&tc_me=pp&tc_ca=bau,,,293,IN STOCK,,,Camel Fair-Isle,,,,TRUE,TRUE
55216105,55216105,55216105,Ella Bestickter Strickpullover Damen Boden,https://eu.boden.com/products/damen-ella-bestickter-strickpullover-purpurrot-stickerei-k1318red?tc_ch=display&tc_ve=ba&tc_so=tradedesk&tc_me=pp&tc_ca=bau,,,180.00,180.00,https://cdn.shopify.com/s/files/1/0680/4625/8428/files/26wwin_k1318_red_m01_d08292b7-39c7-465f-827f-63e8845c4954.jpg?v=1&width=800,Damen,Damen,03/10/2026,https://eu.boden.com/products/damen-ella-bestickter-strickpullover-purpurrot-stickerei-k1318red?tc_ch=display&tc_ve=ba&tc_so=tradedesk&tc_me=pp&tc_ca=bau,,,121,IN STOCK,,,Purpurrot Stickerei,,,,TRUE,TRUE
55216315,55216315,55216315,Elsie Henley-Pullover aus Kaschmir Damen Boden,https://eu.boden.com/products/damen-elsie-henley-pullover-aus-kaschmir-tiefseetiefe-k1299ble?tc_ch=display&tc_ve=ba&tc_so=tradedesk&tc_me=pp&tc_ca=bau,,,180.00,180.00,https://cdn.shopify.com/s/files/1/0680/4625/8428/files/26wwin_k1299_ble_m01_c4e5b8d4-dd03-4f9f-96a4-e56a525afc42.jpg?v=1&width=800,Damen,Damen,03/10/2026,https://eu.boden.com/products/damen-elsie-henley-pullover-aus-kaschmir-tiefseetiefe-k1299ble?tc_ch=display&tc_ve=ba&tc_so=tradedesk&tc_me=pp&tc_ca=bau,,,205,IN STOCK,,,Tiefseetiefe,,,,TRUE,TRUE
55211788,55211788,55211788,Mae Fair-Isle-Strickpullover Damen Boden,https://eu.boden.com/products/damen-mae-fair-isle-strickpullover-rote-knospe-melange-k1335red?tc_ch=display&tc_ve=ba&tc_so=tradedesk&tc_me=pp&tc_ca=bau,,,170.00,170.00,https://cdn.shopify.com/s/files/1/0680/4625/8428/files/26waut_k1335_red_w01_cfa33294-4369-46d2-9ee1-08dfc09b6adc.jpg?v=1&width=800,Damen,Damen,03/10/2026,https://eu.boden.com/products/damen-mae-fair-isle-strickpullover-rote-knospe-melange-k1335red?tc_ch=display&tc_ve=ba&tc_so=tradedesk&tc_me=pp&tc_ca=bau,,,183,IN STOCK,,,Rote Knospe Melange,,,,TRUE,TRUE
55210162,55210162,55210162,Canonbury Cordhose Damen Boden,https://eu.boden.com/products/damen-canonbury-cordhose-graublau-r0784blu?tc_ch=display&tc_ve=ba&tc_so=tradedesk&tc_me=pp&tc_ca=bau,,,140.00,140.00,https://cdn.shopify.com/s/files/1/0680/4625/8428/files/26waut_r0784_blu_w01_92e6bac1-ffc4-482d-a3e4-45c2ffba6403.jpg?v=1&width=800,Damen,Damen,03/10/2026,https://eu.boden.com/products/damen-canonbury-cordhose-graublau-r0784blu?tc_ch=display&tc_ve=ba&tc_so=tradedesk&tc_me=pp&tc_ca=bau,,,64,IN STOCK,,,Graublau,,,,TRUE,TRUE
55213006,55213006,55213006,Ariadne Strickjacke aus Wollmischgewebe Damen Boden,https://eu.boden.com/products/damen-ariadne-strickjacke-aus-wollmischgewebe-haferbeige-meliert-bunt-argyle-k1327mml?tc_ch=display&tc_ve=ba&tc_so=tradedesk&tc_me=pp&tc_ca=bau,,,180.00,180.00,https://cdn.shopify.com/s/files/1/0680/4625/8428/files/26wwin_k1327_mml_m01_6dff109e-d447-48a8-9ebb-116919f7af77.jpg?v=1&width=800,Damen,Damen,03/10/2026,https://eu.boden.com/products/damen-ariadne-strickjacke-aus-wollmischgewebe-haferbeige-meliert-bunt-argyle-k1327mml?tc_ch=display&tc_ve=ba&tc_so=tradedesk&tc_me=pp&tc_ca=bau,,,109,IN STOCK,,,"Haferbeige Meliert, Bunt Argyle",,,,TRUE,TRUE
55205552,55205552,55205552,Evelyn Cord-Wickelrock mit Knopfleiste Damen Boden,https://eu.boden.com/products/damen-evelyn-cord-wickelrock-mit-knopfleiste-dunkles-purpur-r0959red?tc_ch=display&tc_ve=ba&tc_so=tradedesk&tc_me=pp&tc_ca=bau,,,99.00,99.00,https://cdn.shopify.com/s/files/1/0680/4625/8428/files/26wwin_r0959_red_m01.jpg?v=1&width=800,Damen,Damen,03/10/2026,https://eu.boden.com/products/damen-evelyn-cord-wickelrock-mit-knopfleiste-dunkles-purpur-r0959red?tc_ch=display&tc_ve=ba&tc_so=tradedesk&tc_me=pp&tc_ca=bau,,,114,IN STOCK,,,Dunkles Purpur,,,,TRUE,TRUE
55219855,55219855,55219855,"Jeans mit hohem Bund und geradem, weitem Bein Damen Boden",https://eu.boden.com/products/damen-jeans-mit-hohem-bund-und-geradem-weitem-bein-kamelbraun-r0713neu?tc_ch=display&tc_ve=ba&tc_so=tradedesk&tc_me=pp&tc_ca=bau,,,140.00,140.00,https://cdn.shopify.com/s/files/1/0680/4625/8428/files/26wwin_r0713_neu_m01_v1_db153972-de6e-44ee-ae68-fc47a39e17af.jpg?v=1&width=800,Damen,Damen,03/10/2026,https://eu.boden.com/products/damen-jeans-mit-hohem-bund-und-geradem-weitem-bein-kamelbraun-r0713neu?tc_ch=display&tc_ve=ba&tc_so=tradedesk&tc_me=pp&tc_ca=bau,,,54,IN STOCK,,,Kamelbraun,,,,TRUE,TRUE
55216342,55216342,55216342,Wickelstrickjacke mit Gürtel Damen Boden,https://eu.boden.com/products/damen-wickelstrickjacke-mit-guertel-weinprobe-k1320pur?tc_ch=display&tc_ve=ba&tc_so=tradedesk&tc_me=pp&tc_ca=bau,,,190.00,190.00,https://cdn.shopify.com/s/files/1/0680/4625/8428/files/26waut_k1320_pur_w01.jpg?v=1&width=800,Damen,Damen,03/10/2026,https://eu.boden.com/products/damen-wickelstrickjacke-mit-guertel-weinprobe-k1320pur?tc_ch=display&tc_ve=ba&tc_so=tradedesk&tc_me=pp&tc_ca=bau,,,180,IN STOCK,,,Weinprobe,,,,TRUE,TRUE
55209129,55209129,55209129,Canonbury Cordhose Damen Boden,https://eu.boden.com/products/damen-canonbury-cordhose-marineblau-r0784nnv?tc_ch=display&tc_ve=ba&tc_so=tradedesk&tc_me=pp&tc_ca=bau,,,140.00,140.00,https://cdn.shopify.com/s/files/1/0680/4625/8428/files/26wwin_r0784_nnv_m01_32f8f716-6244-4dbc-948d-9741aff115f2.jpg?v=1&width=800,Damen,Damen,03/10/2026,https://eu.boden.com/products/damen-canonbury-cordhose-marineblau-r0784nnv?tc_ch=display&tc_ve=ba&tc_so=tradedesk&tc_me=pp&tc_ca=bau,,,83,IN STOCK,,,Marineblau,,,,TRUE,TRUE
55211481,55211481,55211481,"Cord-Jeans mit hohem Bund und geradem, lockerem Bein Damen Boden",https://eu.boden.com/products/damen-cord-jeans-mit-hohem-bund-und-geradem-lockerem-bein-dunkle-traube-r0768pur?tc_ch=display&tc_ve=ba&tc_so=tradedesk&tc_me=pp&tc_ca=bau,,,140.00,140.00,https://cdn.shopify.com/s/files/1/0680/4625/8428/files/26wwin_r0768_pur_m01_fb528042-d95e-4669-86c3-c12ea3f158a7.jpg?v=1&width=800,Damen,Damen,03/10/2026,https://eu.boden.com/products/damen-cord-jeans-mit-hohem-bund-und-geradem-lockerem-bein-dunkle-traube-r0768pur?tc_ch=display&tc_ve=ba&tc_so=tradedesk&tc_me=pp&tc_ca=bau,,,39,IN STOCK,,,Dunkle Traube,,,,TRUE,TRUE
55205643,55205643,55205643,Val Cord-Midirock mit Knopf Damen Boden,https://eu.boden.com/products/damen-val-cord-midirock-mit-knopf-mitternachtsblaugruen-r1000grn?tc_ch=display&tc_ve=ba&tc_so=tradedesk&tc_me=pp&tc_ca=bau,,,150.00,150.00,https://cdn.shopify.com/s/files/1/0680/4625/8428/files/26wwin_r1000_grn_m01.jpg?v=1&width=800,Damen,Damen,03/10/2026,https://eu.boden.com/products/damen-val-cord-midirock-mit-knopf-mitternachtsblaugruen-r1000grn?tc_ch=display&tc_ve=ba&tc_so=tradedesk&tc_me=pp&tc_ca=bau,,,101,IN STOCK,,,Mitternachtsblaugrün,,,,TRUE,TRUE
55210622,55210622,55210622,Emi Sweatshirt mit Stickerei Damen Boden,https://eu.boden.com/products/damen-emi-sweatshirt-mit-stickerei-marineblau-bunt-blumenstickerei-t1646mlt?tc_ch=display&tc_ve=ba&tc_so=tradedesk&tc_me=pp&tc_ca=bau,,,110.00,110.00,https://cdn.shopify.com/s/files/1/0680/4625/8428/files/26wwin_t1646_mlt_m01.jpg?v=1&width=800,Damen,Damen,03/10/2026,https://eu.boden.com/products/damen-emi-sweatshirt-mit-stickerei-marineblau-bunt-blumenstickerei-t1646mlt?tc_ch=display&tc_ve=ba&tc_so=tradedesk&tc_me=pp&tc_ca=bau,,,150,IN STOCK,,,"Marineblau, Bunt Blumenstickerei",,,,TRUE,TRUE
55221791,55221791,55221791,Fitzrovia Cord-Säulenhose Damen Boden,https://eu.boden.com/products/damen-fitzrovia-cord-saeulenhose-lebkuchen-r0991brn?tc_ch=display&tc_ve=ba&tc_so=tradedesk&tc_me=pp&tc_ca=bau,,,150.00,150.00,https://cdn.shopify.com/s/files/1/0680/4625/8428/files/26wwin_r0991_brn_m01_89567ce2-7b2e-44f7-8861-5ec284c50a5d.jpg?v=1&width=800,Damen,Damen,03/10/2026,https://eu.boden.com/products/damen-fitzrovia-cord-saeulenhose-lebkuchen-r0991brn?tc_ch=display&tc_ve=ba&tc_so=tradedesk&tc_me=pp&tc_ca=bau,,,34,IN STOCK,,,Lebkuchen,,,,TRUE,TRUE
55208553,55208553,55208553,Maeve Midi-Hemdblusenkleid aus Cord Damen Boden,https://eu.boden.com/products/damen-maeve-midi-hemdblusenkleid-aus-cord-kalter-kakao-waldbrise-d1807brn?tc_ch=display&tc_ve=ba&tc_so=tradedesk&tc_me=pp&tc_ca=bau,,,190.00,190.00,https://cdn.shopify.com/s/files/1/0680/4625/8428/files/26wwin_d1807_brn_w01.jpg?v=1&width=800,Damen,Damen,03/10/2026,https://eu.boden.com/products/damen-maeve-midi-hemdblusenkleid-aus-cord-kalter-kakao-waldbrise-d1807brn?tc_ch=display&tc_ve=ba&tc_so=tradedesk&tc_me=pp&tc_ca=bau,,,6,IN STOCK,,,"Kalter Kakao, Waldbrise",,,,TRUE,TRUE
55232854,55232854,55232854,Clara Hemd zum Binden Damen Boden,https://eu.boden.com/products/damen-clara-hemd-zum-binden-blau-und-naturweiss-gestreift-t2173ble?tc_ch=display&tc_ve=ba&tc_so=tradedesk&tc_me=pp&tc_ca=bau,,,120.00,120.00,https://cdn.shopify.com/s/files/1/0680/4625/8428/files/26wwin_t2173_ble_m01_2fa26466-35f9-4020-b96f-e23d713181ca.jpg?v=1&width=800,Damen,Damen,03/10/2026,https://eu.boden.com/products/damen-clara-hemd-zum-binden-blau-und-naturweiss-gestreift-t2173ble?tc_ch=display&tc_ve=ba&tc_so=tradedesk&tc_me=pp&tc_ca=bau,,,122,IN STOCK,,,Blau und Naturweiß Gestreift,,,,TRUE,TRUE
55209736,55209736,55209736,Stamford Cordblazer Damen Boden,https://eu.boden.com/products/damen-stamford-cordblazer-dunkles-purpur-u0349drd?tc_ch=display&tc_ve=ba&tc_so=tradedesk&tc_me=pp&tc_ca=bau,,,170.00,170.00,https://cdn.shopify.com/s/files/1/0680/4625/8428/files/26wwin_u0349_drd_m01.jpg?v=1&width=800,Damen,Damen,03/10/2026,https://eu.boden.com/products/damen-stamford-cordblazer-dunkles-purpur-u0349drd?tc_ch=display&tc_ve=ba&tc_so=tradedesk&tc_me=pp&tc_ca=bau,,,25,IN STOCK,,,Dunkles Purpur,,,,TRUE,TRUE
55209260,55209260,55209260,Stamford Cordblazer Damen Boden,https://eu.boden.com/products/damen-stamford-cordblazer-milchkaffee-u0349ivo?tc_ch=display&tc_ve=ba&tc_so=tradedesk&tc_me=pp&tc_ca=bau,,,170.00,170.00,https://cdn.shopify.com/s/files/1/0680/4625/8428/files/26waut_u0349_ivo_w01.jpg?v=1&width=800,Damen,Damen,03/10/2026,https://eu.boden.com/products/damen-stamford-cordblazer-milchkaffee-u0349ivo?tc_ch=display&tc_ve=ba&tc_so=tradedesk&tc_me=pp&tc_ca=bau,,,64,IN STOCK,,,Milchkaffee,,,,TRUE,TRUE
55210559,55210559,55210559,Elsie Kaschmirpullover mit Rundhalsausschnitt Damen Boden,https://eu.boden.com/products/damen-elsie-kaschmirpullover-mit-rundhalsausschnitt-mohnblumenrot-k1298red?tc_ch=display&tc_ve=ba&tc_so=tradedesk&tc_me=pp&tc_ca=bau,,,170.00,170.00,https://cdn.shopify.com/s/files/1/0680/4625/8428/files/26wwin_k1298_red_m01.jpg?v=1&width=800,Damen,Damen,03/10/2026,https://eu.boden.com/products/damen-elsie-kaschmirpullover-mit-rundhalsausschnitt-mohnblumenrot-k1298red?tc_ch=display&tc_ve=ba&tc_so=tradedesk&tc_me=pp&tc_ca=bau,,,154,IN STOCK,,,Mohnblumenrot,,,,TRUE,TRUE
55211141,55211141,55211141,Marta Pullover aus Merinowolle mit Rundhalsausschnitt Damen Boden,https://eu.boden.com/products/damen-marta-pullover-aus-merinowolle-mit-rundhalsausschnitt-bitterschokolade-blauer-streifen-k1306blu?tc_ch=display&tc_ve=ba&tc_so=tradedesk&tc_me=pp&tc_ca=bau,,,150.00,150.00,https://cdn.shopify.com/s/files/1/0680/4625/8428/files/26wwin_k1306_blu_m01_7829765c-eb72-4d8d-8991-2b9dd0e38059.jpg?v=1&width=800,Damen,Damen,03/10/2026,https://eu.boden.com/products/damen-marta-pullover-aus-merinowolle-mit-rundhalsausschnitt-bitterschokolade-blauer-streifen-k1306blu?tc_ch=display&tc_ve=ba&tc_so=tradedesk&tc_me=pp&tc_ca=bau,,,23,IN STOCK,,,"Bitterschokolade, Blauer Streifen",,,,TRUE,TRUE
55210604,55210604,55210604,Elsie Kaschmirpullover mit Rundhalsausschnitt Damen Boden,https://eu.boden.com/products/damen-elsie-kaschmirpullover-mit-rundhalsausschnitt-frisches-gruen-k1298grn?tc_ch=display&tc_ve=ba&tc_so=tradedesk&tc_me=pp&tc_ca=bau,,,170.00,170.00,https://cdn.shopify.com/s/files/1/0680/4625/8428/files/26wwin_k1298_grn_m02.jpg?v=1&width=800,Damen,Damen,03/10/2026,https://eu.boden.com/products/damen-elsie-kaschmirpullover-mit-rundhalsausschnitt-frisches-gruen-k1298grn?tc_ch=display&tc_ve=ba&tc_so=tradedesk&tc_me=pp&tc_ca=bau,,,392,IN STOCK,,,Frisches Grün,,,,TRUE,TRUE
55215382,55215382,55215382,Marta Matrosen-Oberteil aus Merinowolle Damen Boden,https://eu.boden.com/products/damen-marta-matrosen-oberteil-aus-merinowolle-kamelbraun-marineblau-streifen-k1307neu?tc_ch=display&tc_ve=ba&tc_so=tradedesk&tc_me=pp&tc_ca=bau,,,170.00,170.00,https://cdn.shopify.com/s/files/1/0680/4625/8428/files/26wwin_k1307_neu_w01.jpg?v=1&width=800,Damen,Damen,03/10/2026,https://eu.boden.com/products/damen-marta-matrosen-oberteil-aus-merinowolle-kamelbraun-marineblau-streifen-k1307neu?tc_ch=display&tc_ve=ba&tc_so=tradedesk&tc_me=pp&tc_ca=bau,,,425,IN STOCK,,,"Kamelbraun, Marineblau Streifen",,,,TRUE,TRUE
55211272,55211272,55211272,Ottoman-Strickjacke mit Ziernähten Damen Boden,https://eu.boden.com/products/damen-ottoman-strickjacke-mit-ziernaehten-marineblau-k1329npt?tc_ch=display&tc_ve=ba&tc_so=tradedesk&tc_me=pp&tc_ca=bau,,,150.00,150.00,https://cdn.shopify.com/s/files/1/0680/4625/8428/files/26wwin_k1329_npt_m01_d3b2e8d9-a4cd-493e-836c-96049b858b1a.jpg?v=1&width=800,Damen,Damen,03/10/2026,https://eu.boden.com/products/damen-ottoman-strickjacke-mit-ziernaehten-marineblau-k1329npt?tc_ch=display&tc_ve=ba&tc_so=tradedesk&tc_me=pp&tc_ca=bau,,,165,IN STOCK,,,Marineblau,,,,TRUE,TRUE
55215374,55215374,55215374,Marta Matrosen-Oberteil aus Merinowolle Damen Boden,https://eu.boden.com/products/damen-marta-matrosen-oberteil-aus-merinowolle-gerste-k1307mnk?tc_ch=display&tc_ve=ba&tc_so=tradedesk&tc_me=pp&tc_ca=bau,,,150.00,150.00,https://cdn.shopify.com/s/files/1/0680/4625/8428/files/26wwin_k1307_mnk_m01_v1_c9205243-91a4-40f6-b299-fc79a3555341.jpg?v=1&width=800,Damen,Damen,03/10/2026,https://eu.boden.com/products/damen-marta-matrosen-oberteil-aus-merinowolle-gerste-k1307mnk?tc_ch=display&tc_ve=ba&tc_so=tradedesk&tc_me=pp&tc_ca=bau,,,194,IN STOCK,,,Gerste,,,,TRUE,TRUE
55209771,55209771,55209771,Stamford Cordblazer Damen Boden,https://eu.boden.com/products/damen-stamford-cordblazer-marineblau-u0349nvy?tc_ch=display&tc_ve=ba&tc_so=tradedesk&tc_me=pp&tc_ca=bau,,,170.00,170.00,https://cdn.shopify.com/s/files/1/0680/4625/8428/files/26wwin_u0349_nvy_m01_b9e65c08-2a28-4c07-9189-e53c34f98fde.jpg?v=1&width=800,Damen,Damen,03/10/2026,https://eu.boden.com/products/damen-stamford-cordblazer-marineblau-u0349nvy?tc_ch=display&tc_ve=ba&tc_so=tradedesk&tc_me=pp&tc_ca=bau,,,42,IN STOCK,,,Marineblau,,,,TRUE,TRUE
55200327,55200327,55200327,Sienna Baumwollhemd mit Rüschen Damen Boden,https://eu.boden.com/products/damen-sienna-baumwollhemd-mit-rueschen-stickerei-rosa-kastanienbraun-kariert-t2165chk?tc_ch=display&tc_ve=ba&tc_so=tradedesk&tc_me=pp&tc_ca=bau,,,120.00,120.00,https://cdn.shopify.com/s/files/1/0680/4625/8428/files/26wwin_t2165_chk_m01_38206c4a-d960-4274-bd10-3ad294dd6b26.jpg?v=1&width=800,Damen,Damen,03/10/2026,https://eu.boden.com/products/damen-sienna-baumwollhemd-mit-rueschen-stickerei-rosa-kastanienbraun-kariert-t2165chk?tc_ch=display&tc_ve=ba&tc_so=tradedesk&tc_me=pp&tc_ca=bau,,,12,IN STOCK,,,"Stickerei, Rosa & Kastanienbraun Kariert",,,,TRUE,TRUE
55209659,55209659,55209659,Keswick Cordblazer Damen Boden,https://eu.boden.com/products/damen-keswick-cordblazer-graublau-u0500blu?tc_ch=display&tc_ve=ba&tc_so=tradedesk&tc_me=pp&tc_ca=bau,,,190.00,190.00,https://cdn.shopify.com/s/files/1/0680/4625/8428/files/26waut_u0500_blu_w01.jpg?v=1&width=800,Damen,Damen,03/10/2026,https://eu.boden.com/products/damen-keswick-cordblazer-graublau-u0500blu?tc_ch=display&tc_ve=ba&tc_so=tradedesk&tc_me=pp&tc_ca=bau,,,100,IN STOCK,,,Graublau,,,,TRUE,TRUE
55209586,55209586,55209586,Jessica Gestricktes Hemdblusenkleid Damen Boden,https://eu.boden.com/products/damen-jessica-gestricktes-hemdblusenkleid-abendblau-dunkler-blauregen-d1824blu?tc_ch=display&tc_ve=ba&tc_so=tradedesk&tc_me=pp&tc_ca=bau,,,180.00,180.00,https://cdn.shopify.com/s/files/1/0680/4625/8428/files/26wwin_d1824_blu_m01_730528f0-44ea-4f60-8ad2-eb87475c83c2.jpg?v=1&width=800,Damen,Damen,03/10/2026,https://eu.boden.com/products/damen-jessica-gestricktes-hemdblusenkleid-abendblau-dunkler-blauregen-d1824blu?tc_ch=display&tc_ve=ba&tc_so=tradedesk&tc_me=pp&tc_ca=bau,,,89,IN STOCK,,,"Abendblau, Dunkler Blauregen",,,,TRUE,TRUE
55210550,55210550,55210550,Elsie Kaschmirpullover mit Rundhalsausschnitt Damen Boden,https://eu.boden.com/products/damen-elsie-kaschmirpullover-mit-rundhalsausschnitt-tiefseetiefe-k1298bck?tc_ch=display&tc_ve=ba&tc_so=tradedesk&tc_me=pp&tc_ca=bau,,,170.00,170.00,https://cdn.shopify.com/s/files/1/0680/4625/8428/files/26wwin_k1298_bck_m01_ad14e9af-e661-4a11-b31c-b733cfb2e642.jpg?v=1&width=800,Damen,Damen,03/10/2026,https://eu.boden.com/products/damen-elsie-kaschmirpullover-mit-rundhalsausschnitt-tiefseetiefe-k1298bck?tc_ch=display&tc_ve=ba&tc_so=tradedesk&tc_me=pp&tc_ca=bau,,,342,IN STOCK,,,Tiefseetiefe,,,,TRUE,TRUE
55226493,55226493,55226493,Henley-Shirt mit Samtbesatz und Rüschenkragen Damen Boden,https://eu.boden.com/products/damen-henley-shirt-mit-samtbesatz-und-rueschenkragen-schwarz-t2264bla?tc_ch=display&tc_ve=ba&tc_so=tradedesk&tc_me=pp&tc_ca=bau,,,69.00,69.00,https://cdn.shopify.com/s/files/1/0680/4625/8428/files/26wwin_t2264_bla_m01_6462e6e3-33a3-4ca8-baeb-b0658b9ea371.jpg?v=1&width=800,Damen,Damen,03/10/2026,https://eu.boden.com/products/damen-henley-shirt-mit-samtbesatz-und-rueschenkragen-schwarz-t2264bla?tc_ch=display&tc_ve=ba&tc_so=tradedesk&tc_me=pp&tc_ca=bau,,,36,IN STOCK,,,Schwarz,,,,TRUE,TRUE
55206025,55206025,55206025,Cotswold Wollmantel Damen Boden,https://eu.boden.com/products/damen-cotswold-wollmantel-marineblau-u0481nav?tc_ch=display&tc_ve=ba&tc_so=tradedesk&tc_me=pp&tc_ca=bau,,,330.00,330.00,https://cdn.shopify.com/s/files/1/0680/4625/8428/files/26wwin_u0481_nav_m01_1618ab7f-2d11-42ab-8882-5655d46c9c54.jpg?v=1&width=800,Damen,Damen,03/10/2026,https://eu.boden.com/products/damen-cotswold-wollmantel-marineblau-u0481nav?tc_ch=display&tc_ve=ba&tc_so=tradedesk&tc_me=pp&tc_ca=bau,,,72,IN STOCK,,,Marineblau,,,,TRUE,TRUE
55226298,55226298,55226298,Henley-Shirt mit Samtbesatz und Rüschenkragen Damen Boden,https://eu.boden.com/products/damen-henley-shirt-mit-samtbesatz-und-rueschenkragen-dunkle-kirsche-t2264prp?tc_ch=display&tc_ve=ba&tc_so=tradedesk&tc_me=pp&tc_ca=bau,,,69.00,69.00,https://cdn.shopify.com/s/files/1/0680/4625/8428/files/26wwin_t2264_prp_m01.jpg?v=1&width=800,Damen,Damen,03/10/2026,https://eu.boden.com/products/damen-henley-shirt-mit-samtbesatz-und-rueschenkragen-dunkle-kirsche-t2264prp?tc_ch=display&tc_ve=ba&tc_so=tradedesk&tc_me=pp&tc_ca=bau,,,81,IN STOCK,,,Dunkle Kirsche,,,,TRUE,TRUE
55210214,55210214,55210214,Weste mit V-Ausschnitt Damen Boden,https://eu.boden.com/products/damen-weste-mit-v-ausschnitt-dunkles-purpur-u0514drd?tc_ch=display&tc_ve=ba&tc_so=tradedesk&tc_me=pp&tc_ca=bau,,,140.00,140.00,https://cdn.shopify.com/s/files/1/0680/4625/8428/files/26wwin_u0514_drd_m01_736a5626-87fa-43ec-80c0-0b28cc675d0a.jpg?v=1&width=800,Damen,Damen,03/10/2026,https://eu.boden.com/products/damen-weste-mit-v-ausschnitt-dunkles-purpur-u0514drd?tc_ch=display&tc_ve=ba&tc_so=tradedesk&tc_me=pp&tc_ca=bau,,,18,IN STOCK,,,Dunkles Purpur,,,,TRUE,TRUE
55214645,55214645,55214645,Wendbarer Mantel aus Teddyfell-Mix Damen Boden,https://eu.boden.com/products/damen-wendbarer-mantel-aus-teddyfell-mix-mohair-leopardenmuster-u0483neu?tc_ch=display&tc_ve=ba&tc_so=tradedesk&tc_me=pp&tc_ca=bau,,,190.00,190.00,https://cdn.shopify.com/s/files/1/0680/4625/8428/files/26wwin_u0483_neu_m03_699319ce-1931-44bd-86d1-dc77ed9aa03a.jpg?v=1&width=800,Damen,Damen,03/10/2026,https://eu.boden.com/products/damen-wendbarer-mantel-aus-teddyfell-mix-mohair-leopardenmuster-u0483neu?tc_ch=display&tc_ve=ba&tc_so=tradedesk&tc_me=pp&tc_ca=bau,,,90,IN STOCK,,,"Mohair, Leopardenmuster",,,,TRUE,TRUE
55206332,55206332,55206332,Alnwick Teddyfelljacke Damen Boden,https://eu.boden.com/products/damen-alnwick-teddyfelljacke-braun-naturweiss-color-blocking-u0495blu?tc_ch=display&tc_ve=ba&tc_so=tradedesk&tc_me=pp&tc_ca=bau,,,180.00,180.00,https://cdn.shopify.com/s/files/1/0680/4625/8428/files/26wwin_u0495_blu_m01_4642204b-fd80-4afc-b81c-0877a14bf1aa.jpg?v=1&width=800,Damen,Damen,03/10/2026,https://eu.boden.com/products/damen-alnwick-teddyfelljacke-braun-naturweiss-color-blocking-u0495blu?tc_ch=display&tc_ve=ba&tc_so=tradedesk&tc_me=pp&tc_ca=bau,,,59,IN STOCK,,,"Braun, Naturweiß Color Blocking",,,,TRUE,TRUE
55214801,55214801,55214801,Wendbarer Mantel aus Teddyfell-Mix Damen Boden,https://eu.boden.com/products/damen-wendbarer-mantel-aus-teddyfell-mix-waldgruen-u0483grn?tc_ch=display&tc_ve=ba&tc_so=tradedesk&tc_me=pp&tc_ca=bau,,,190.00,190.00,https://cdn.shopify.com/s/files/1/0680/4625/8428/files/26wwin_u0483_grn_w01.jpg?v=1&width=800,Damen,Damen,03/10/2026,https://eu.boden.com/products/damen-wendbarer-mantel-aus-teddyfell-mix-waldgruen-u0483grn?tc_ch=display&tc_ve=ba&tc_so=tradedesk&tc_me=pp&tc_ca=bau,,,152,IN STOCK,,,Waldgrün,,,,TRUE,TRUE
55205781,55205781,55205781,Cotswold Wollmantel Damen Boden,https://eu.boden.com/products/damen-cotswold-wollmantel-jagdgruen-u0481grn?tc_ch=display&tc_ve=ba&tc_so=tradedesk&tc_me=pp&tc_ca=bau,,,330.00,330.00,https://cdn.shopify.com/s/files/1/0680/4625/8428/files/26wwin_u0481_grn_m01_351b9a3c-4212-4f76-965f-eb3c60774bf0.jpg?v=1&width=800,Damen,Damen,03/10/2026,https://eu.boden.com/products/damen-cotswold-wollmantel-jagdgruen-u0481grn?tc_ch=display&tc_ve=ba&tc_so=tradedesk&tc_me=pp&tc_ca=bau,,,24,IN STOCK,,,Jagdgrün,,,,TRUE,TRUE
55226482,55226482,55226482,Samtoberteil mit Spitzenbesatz und V-Ausschnitt Damen Boden,https://eu.boden.com/products/damen-samtoberteil-mit-spitzenbesatz-und-v-ausschnitt-schwarz-t2259blk?tc_ch=display&tc_ve=ba&tc_so=tradedesk&tc_me=pp&tc_ca=bau,,,79.00,79.00,https://cdn.shopify.com/s/files/1/0680/4625/8428/files/26wwin_t2259_blk_m01_d85f0835-fc4a-4981-9213-64dd4fd3536f.jpg?v=1&width=800,Damen,Damen,03/10/2026,https://eu.boden.com/products/damen-samtoberteil-mit-spitzenbesatz-und-v-ausschnitt-schwarz-t2259blk?tc_ch=display&tc_ve=ba&tc_so=tradedesk&tc_me=pp&tc_ca=bau,,,262,IN STOCK,,,Schwarz,,,,TRUE,TRUE
55225531,55225531,55225531,Samtoberteil mit Spitzenbesatz und V-Ausschnitt Damen Boden,https://eu.boden.com/products/damen-samtoberteil-mit-spitzenbesatz-und-v-ausschnitt-rote-beete-t2259red?tc_ch=display&tc_ve=ba&tc_so=tradedesk&tc_me=pp&tc_ca=bau,,,79.00,79.00,https://cdn.shopify.com/s/files/1/0680/4625/8428/files/26wwin_t2259_red_m01_3f532498-f826-480f-9897-8105e932bd33.jpg?v=1&width=800,Damen,Damen,03/10/2026,https://eu.boden.com/products/damen-samtoberteil-mit-spitzenbesatz-und-v-ausschnitt-rote-beete-t2259red?tc_ch=display&tc_ve=ba&tc_so=tradedesk&tc_me=pp&tc_ca=bau,,,222,IN STOCK,,,Rote Beete,,,,TRUE,TRUE
55206037,55206037,55206037,Alnwick Teddyfelljacke Damen Boden,https://eu.boden.com/products/damen-alnwick-teddyfelljacke-olivgruen-marineblau-und-rot-kariert-u0495chk?tc_ch=display&tc_ve=ba&tc_so=tradedesk&tc_me=pp&tc_ca=bau,,,180.00,180.00,https://cdn.shopify.com/s/files/1/0680/4625/8428/files/26wwin_u0495_chk_m01_2f38832c-6d4b-4fde-899c-3009e0658688.jpg?v=1&width=800,Damen,Damen,03/10/2026,https://eu.boden.com/products/damen-alnwick-teddyfelljacke-olivgruen-marineblau-und-rot-kariert-u0495chk?tc_ch=display&tc_ve=ba&tc_so=tradedesk&tc_me=pp&tc_ca=bau,,,7,IN STOCK,,,"Olivgrün, Marineblau und Rot Kariert",,,,TRUE,TRUE
55205671,55205671,55205671,Gesteppter 4-in-1-Parka Damen Boden,https://eu.boden.com/products/damen-gesteppter-4-in-1-parka-waldgruen-u0490grn?tc_ch=display&tc_ve=ba&tc_so=tradedesk&tc_me=pp&tc_ca=bau,,,320.00,320.00,https://cdn.shopify.com/s/files/1/0680/4625/8428/files/26wwin_u0490_grn_w01_2e6c5992-6ec8-4242-a576-7390e6b5fa55.jpg?v=1&width=800,Damen,Damen,03/10/2026,https://eu.boden.com/products/damen-gesteppter-4-in-1-parka-waldgruen-u0490grn?tc_ch=display&tc_ve=ba&tc_so=tradedesk&tc_me=pp&tc_ca=bau,,,293,IN STOCK,,,Waldgrün,,,,TRUE,TRUE
55216054,55216054,55216054,Teddyfellweste mit Trichterkragen Damen Boden,https://eu.boden.com/products/damen-teddyfellweste-mit-trichterkragen-natur-borg-u0520mus?tc_ch=display&tc_ve=ba&tc_so=tradedesk&tc_me=pp&tc_ca=bau,,,170.00,170.00,https://cdn.shopify.com/s/files/1/0680/4625/8428/files/26wwin_u0520_mus_m01_75138e5b-17e2-4239-8919-b0eadd431a3e.jpg?v=1&width=800,Damen,Damen,03/10/2026,https://eu.boden.com/products/damen-teddyfellweste-mit-trichterkragen-natur-borg-u0520mus?tc_ch=display&tc_ve=ba&tc_so=tradedesk&tc_me=pp&tc_ca=bau,,,50,IN STOCK,,,"Natur, Borg",,,,TRUE,TRUE
55206111,55206111,55206111,Alnwick Teddyfelljacke Damen Boden,https://eu.boden.com/products/damen-alnwick-teddyfelljacke-franzoesisches-marineblau-geo-traum-u0495nav?tc_ch=display&tc_ve=ba&tc_so=tradedesk&tc_me=pp&tc_ca=bau,,,180.00,180.00,https://cdn.shopify.com/s/files/1/0680/4625/8428/files/26wwin_u0495_nav_m01_74f515c7-7a49-4025-8253-60850c9da161.jpg?v=1&width=800,Damen,Damen,03/10/2026,https://eu.boden.com/products/damen-alnwick-teddyfelljacke-franzoesisches-marineblau-geo-traum-u0495nav?tc_ch=display&tc_ve=ba&tc_so=tradedesk&tc_me=pp&tc_ca=bau,,,125,IN STOCK,,,"Französisches Marineblau, Geo-Traum",,,,TRUE,TRUE
55226860,55226860,55226860,Gerippte Strickjacke mit Samtbesatz Damen Boden,https://eu.boden.com/products/damen-gerippte-strickjacke-mit-samtbesatz-rote-beete-t2265red?tc_ch=display&tc_ve=ba&tc_so=tradedesk&tc_me=pp&tc_ca=bau,,,69.00,69.00,https://cdn.shopify.com/s/files/1/0680/4625/8428/files/26wwin_t2265_red_m01.jpg?v=1&width=800,Damen,Damen,03/10/2026,https://eu.boden.com/products/damen-gerippte-strickjacke-mit-samtbesatz-rote-beete-t2265red?tc_ch=display&tc_ve=ba&tc_so=tradedesk&tc_me=pp&tc_ca=bau,,,245,IN STOCK,,,Rote Beete,,,,TRUE,TRUE
55206122,55206122,55206122,Alnwick Teddyfelljacke Damen Boden,https://eu.boden.com/products/damen-alnwick-teddyfelljacke-gruen-naturweiss-color-blocking-u0495grn?tc_ch=display&tc_ve=ba&tc_so=tradedesk&tc_me=pp&tc_ca=bau,,,180.00,180.00,https://cdn.shopify.com/s/files/1/0680/4625/8428/files/26wwin_u0495_grn_m01_5f681a5f-8280-4574-a50b-e6e347ce3ed1.jpg?v=1&width=800,Damen,Damen,03/10/2026,https://eu.boden.com/products/damen-alnwick-teddyfelljacke-gruen-naturweiss-color-blocking-u0495grn?tc_ch=display&tc_ve=ba&tc_so=tradedesk&tc_me=pp&tc_ca=bau,,,51,IN STOCK,,,"Grün, Naturweiß Color Blocking",,,,TRUE,TRUE
55206212,55206212,55206212,Gesteppter 4-in-1-Parka Damen Boden,https://eu.boden.com/products/damen-gesteppter-4-in-1-parka-marineblau-u0490nav?tc_ch=display&tc_ve=ba&tc_so=tradedesk&tc_me=pp&tc_ca=bau,,,320.00,320.00,https://cdn.shopify.com/s/files/1/0680/4625/8428/files/26wwin_u0490_nav_m01_21ec903e-5bcb-4182-b375-387d67bf4641.jpg?v=1&width=800,Damen,Damen,03/10/2026,https://eu.boden.com/products/damen-gesteppter-4-in-1-parka-marineblau-u0490nav?tc_ch=display&tc_ve=ba&tc_so=tradedesk&tc_me=pp&tc_ca=bau,,,144,IN STOCK,,,Marineblau,,,,TRUE,TRUE
55206552,55206552,55206552,Georgette-Oberteil mit Rüschen Damen Boden,https://eu.boden.com/products/damen-georgette-oberteil-mit-rueschen-weiches-pfirsich-t2198nud?tc_ch=display&tc_ve=ba&tc_so=tradedesk&tc_me=pp&tc_ca=bau,,,150.00,150.00,https://cdn.shopify.com/s/files/1/0680/4625/8428/files/26waut_t2198_nud_w01.jpg?v=1&width=800,Damen,Damen,03/10/2026,https://eu.boden.com/products/damen-georgette-oberteil-mit-rueschen-weiches-pfirsich-t2198nud?tc_ch=display&tc_ve=ba&tc_so=tradedesk&tc_me=pp&tc_ca=bau,,,182,IN STOCK,,,Weiches Pfirsich,,,,TRUE,TRUE
55206371,55206371,55206371,Georgette-Oberteil mit Rüschen Damen Boden,https://eu.boden.com/products/damen-georgette-oberteil-mit-rueschen-schokolade-verzauberte-zweige-t2198brn?tc_ch=display&tc_ve=ba&tc_so=tradedesk&tc_me=pp&tc_ca=bau,,,170.00,170.00,https://cdn.shopify.com/s/files/1/0680/4625/8428/files/26wwin_t2198_brn_m01_ffa60e6c-29ef-4f54-80ba-180eb9c7a663.jpg?v=1&width=800,Damen,Damen,03/10/2026,https://eu.boden.com/products/damen-georgette-oberteil-mit-rueschen-schokolade-verzauberte-zweige-t2198brn?tc_ch=display&tc_ve=ba&tc_so=tradedesk&tc_me=pp&tc_ca=bau,,,57,IN STOCK,,,"Schokolade, Verzauberte Zweige",,,,TRUE,TRUE
55206353,55206353,55206353,Sky Jeanshemd Damen Boden,https://eu.boden.com/products/damen-sky-jeanshemd-ausgeblichene-optik-t2195den?tc_ch=display&tc_ve=ba&tc_so=tradedesk&tc_me=pp&tc_ca=bau,,,120.00,120.00,https://cdn.shopify.com/s/files/1/0680/4625/8428/files/26wwin_t2195_den_m01_be06894a-e27a-44b7-8e0b-97e914561a4f.jpg?v=1&width=800,Damen,Damen,03/10/2026,https://eu.boden.com/products/damen-sky-jeanshemd-ausgeblichene-optik-t2195den?tc_ch=display&tc_ve=ba&tc_so=tradedesk&tc_me=pp&tc_ca=bau,,,123,IN STOCK,,,Ausgeblichene Optik,,,,TRUE,TRUE
55206894,55206894,55206894,Sky Cordhemd Damen Boden,https://eu.boden.com/products/damen-sky-cordhemd-bunt-gebuerstetes-tierfellmuster-klein-t2196brn?tc_ch=display&tc_ve=ba&tc_so=tradedesk&tc_me=pp&tc_ca=bau,,,130.00,130.00,https://cdn.shopify.com/s/files/1/0680/4625/8428/files/26wwin_t2196_brn_m01_9b2a180e-7e59-4458-b13e-eddf39ad52a6.jpg?v=1&width=800,Damen,Damen,03/10/2026,https://eu.boden.com/products/damen-sky-cordhemd-bunt-gebuerstetes-tierfellmuster-klein-t2196brn?tc_ch=display&tc_ve=ba&tc_so=tradedesk&tc_me=pp&tc_ca=bau,,,102,IN STOCK,,,"Bunt, Gebürstetes Tierfellmuster Klein",,,,TRUE,TRUE
55210409,55210409,55210409,Oberteil mit Spitzenbesatz Damen Boden,https://eu.boden.com/products/damen-oberteil-mit-spitzenbesatz-schwarz-t2197blk?tc_ch=display&tc_ve=ba&tc_so=tradedesk&tc_me=pp&tc_ca=bau,,,120.00,120.00,https://cdn.shopify.com/s/files/1/0680/4625/8428/files/26waut_t2197_blk_w01.jpg?v=1&width=800,Damen,Damen,03/10/2026,https://eu.boden.com/products/damen-oberteil-mit-spitzenbesatz-schwarz-t2197blk?tc_ch=display&tc_ve=ba&tc_so=tradedesk&tc_me=pp&tc_ca=bau,,,183,IN STOCK,,,Schwarz,,,,TRUE,TRUE
55210717,55210717,55210717,Clara Seidenoberteil mit Schleife am Nacken Damen Boden,https://eu.boden.com/products/damen-clara-seidenoberteil-mit-schleife-am-nacken-schuluniform-streifen-t2175mlt?tc_ch=display&tc_ve=ba&tc_so=tradedesk&tc_me=pp&tc_ca=bau,,,190.00,190.00,https://cdn.shopify.com/s/files/1/0680/4625/8428/files/26waut_t2175_mlt_w01.jpg?v=1&width=800,Damen,Damen,03/10/2026,https://eu.boden.com/products/damen-clara-seidenoberteil-mit-schleife-am-nacken-schuluniform-streifen-t2175mlt?tc_ch=display&tc_ve=ba&tc_so=tradedesk&tc_me=pp&tc_ca=bau,,,106,IN STOCK,,,Schuluniform Streifen,,,,TRUE,TRUE
55206910,55206910,55206910,Sky Cordhemd Damen Boden,https://eu.boden.com/products/damen-sky-cordhemd-marineblau-bestickt-t2196nav?tc_ch=display&tc_ve=ba&tc_so=tradedesk&tc_me=pp&tc_ca=bau,,,150.00,150.00,https://cdn.shopify.com/s/files/1/0680/4625/8428/files/26wwin_t2196_nav_m01_3b0cad3c-0d11-4988-928b-e782c79b9fd5.jpg?v=1&width=800,Damen,Damen,03/10/2026,https://eu.boden.com/products/damen-sky-cordhemd-marineblau-bestickt-t2196nav?tc_ch=display&tc_ve=ba&tc_so=tradedesk&tc_me=pp&tc_ca=bau,,,177,IN STOCK,,,"Marineblau, Bestickt",,,,TRUE,TRUE
55208180,55208180,55208180,Louise Midi-Hemdblusenkleid aus Cord Damen Boden,https://eu.boden.com/products/damen-louise-midi-hemdblusenkleid-aus-cord-graublau-d1786blu?tc_ch=display&tc_ve=ba&tc_so=tradedesk&tc_me=pp&tc_ca=bau,,,180.00,180.00,https://cdn.shopify.com/s/files/1/0680/4625/8428/files/26waut_d1786_blu_w01_8495cfcb-c418-4ad5-ab76-3cf664d3eb07.jpg?v=1&width=800,Damen,Damen,03/10/2026,https://eu.boden.com/products/damen-louise-midi-hemdblusenkleid-aus-cord-graublau-d1786blu?tc_ch=display&tc_ve=ba&tc_so=tradedesk&tc_me=pp&tc_ca=bau,,,215,IN STOCK,,,Graublau,,,,TRUE,TRUE
55211828,55211828,55211828,Lydia Strickpullover mit Bindeschleife am Ausschnitt Damen Boden,https://eu.boden.com/products/damen-lydia-strickpullover-mit-bindeschleife-am-ausschnitt-jaegergruen-melange-k1323grn?tc_ch=display&tc_ve=ba&tc_so=tradedesk&tc_me=pp&tc_ca=bau,,,150.00,150.00,https://cdn.shopify.com/s/files/1/0680/4625/8428/files/26wwin_k1323_grn_m01_4d91463e-9957-4719-9ef3-bf6ba9490643.jpg?v=1&width=800,Damen,Damen,03/10/2026,https://eu.boden.com/products/damen-lydia-strickpullover-mit-bindeschleife-am-ausschnitt-jaegergruen-melange-k1323grn?tc_ch=display&tc_ve=ba&tc_so=tradedesk&tc_me=pp&tc_ca=bau,,,97,IN STOCK,,,Jägergrün Melange,,,,TRUE,TRUE
55211844,55211844,55211844,Lydia Strickpullover mit Bindeschleife am Ausschnitt Damen Boden,https://eu.boden.com/products/damen-lydia-strickpullover-mit-bindeschleife-am-ausschnitt-mohnblumenrot-k1323red?tc_ch=display&tc_ve=ba&tc_so=tradedesk&tc_me=pp&tc_ca=bau,,,150.00,150.00,https://cdn.shopify.com/s/files/1/0680/4625/8428/files/26waut_k1323_red_w01.jpg?v=1&width=800,Damen,Damen,03/10/2026,https://eu.boden.com/products/damen-lydia-strickpullover-mit-bindeschleife-am-ausschnitt-mohnblumenrot-k1323red?tc_ch=display&tc_ve=ba&tc_so=tradedesk&tc_me=pp&tc_ca=bau,,,193,IN STOCK,,,Mohnblumenrot,,,,TRUE,TRUE
55206883,55206883,55206883,Sky Cordhemd Damen Boden,https://eu.boden.com/products/damen-sky-cordhemd-rosa-violett-t2196pnk?tc_ch=display&tc_ve=ba&tc_so=tradedesk&tc_me=pp&tc_ca=bau,,,120.00,120.00,https://cdn.shopify.com/s/files/1/0680/4625/8428/files/26waut_t2196_pnk_w01.jpg?v=1&width=800,Damen,Damen,03/10/2026,https://eu.boden.com/products/damen-sky-cordhemd-rosa-violett-t2196pnk?tc_ch=display&tc_ve=ba&tc_so=tradedesk&tc_me=pp&tc_ca=bau,,,190,IN STOCK,,,Rosa Violett,,,,TRUE,TRUE
55219474,55219474,55219474,Spitzenoberteil mit Puffärmeln Damen Boden,https://eu.boden.com/products/damen-spitzenoberteil-mit-puffaermeln-ingwer-t2203brn?tc_ch=display&tc_ve=ba&tc_so=tradedesk&tc_me=pp&tc_ca=bau,,,120.00,120.00,https://cdn.shopify.com/s/files/1/0680/4625/8428/files/26wwin_t2203_brn_m01_3a98ba81-c7a3-4f22-b16d-21575ac1242f.jpg?v=1&width=800,Damen,Damen,03/10/2026,https://eu.boden.com/products/damen-spitzenoberteil-mit-puffaermeln-ingwer-t2203brn?tc_ch=display&tc_ve=ba&tc_so=tradedesk&tc_me=pp&tc_ca=bau,,,31,IN STOCK,,,Ingwer,,,,TRUE,TRUE
55209718,55209718,55209718,Oberteil mit Spitzenbesatz Damen Boden,https://eu.boden.com/products/damen-oberteil-mit-spitzenbesatz-naturweiss-t2197ivo?tc_ch=display&tc_ve=ba&tc_so=tradedesk&tc_me=pp&tc_ca=bau,,,120.00,120.00,https://cdn.shopify.com/s/files/1/0680/4625/8428/files/26wwin_t2197_ivo_m01_801f973e-46f4-44ca-a761-7732def9fe73.jpg?v=1&width=800,Damen,Damen,03/10/2026,https://eu.boden.com/products/damen-oberteil-mit-spitzenbesatz-naturweiss-t2197ivo?tc_ch=display&tc_ve=ba&tc_so=tradedesk&tc_me=pp&tc_ca=bau,,,93,IN STOCK,,,Naturweiß,,,,TRUE,TRUE
55210012,55210012,55210012,Louise Midi-Hemdblusenkleid aus Cord Damen Boden,https://eu.boden.com/products/damen-louise-midi-hemdblusenkleid-aus-cord-olivgruen-gartenornamente-stempel-d1786grn?tc_ch=display&tc_ve=ba&tc_so=tradedesk&tc_me=pp&tc_ca=bau,,,190.00,190.00,https://cdn.shopify.com/s/files/1/0680/4625/8428/files/26wwin_d1786_grn_m01_ad389c6a-cc25-4c9c-8189-ea543378c894.jpg?v=1&width=800,Damen,Damen,03/10/2026,https://eu.boden.com/products/damen-louise-midi-hemdblusenkleid-aus-cord-olivgruen-gartenornamente-stempel-d1786grn?tc_ch=display&tc_ve=ba&tc_so=tradedesk&tc_me=pp&tc_ca=bau,,,81,IN STOCK,,,"Olivgrün, Gartenornamente Stempel",,,,TRUE,TRUE
55211798,55211798,55211798,Lydia Strickpullover mit Bindeschleife am Ausschnitt Damen Boden,https://eu.boden.com/products/damen-lydia-strickpullover-mit-bindeschleife-am-ausschnitt-anthrazit-melange-k1323gry?tc_ch=display&tc_ve=ba&tc_so=tradedesk&tc_me=pp&tc_ca=bau,,,150.00,150.00,https://cdn.shopify.com/s/files/1/0680/4625/8428/files/26wwin_k1323_gry_m01_58dad317-f192-42a3-85c5-b30918fbebcd.jpg?v=1&width=800,Damen,Damen,03/10/2026,https://eu.boden.com/products/damen-lydia-strickpullover-mit-bindeschleife-am-ausschnitt-anthrazit-melange-k1323gry?tc_ch=display&tc_ve=ba&tc_so=tradedesk&tc_me=pp&tc_ca=bau,,,127,IN STOCK,,,Anthrazit Melange,,,,TRUE,TRUE
55205914,55205914,55205914,Mantel aus Teddyfell-Mix Damen Boden,https://eu.boden.com/products/damen-mantel-aus-teddyfell-mix-waldgruen-u0491khk?tc_ch=display&tc_ve=ba&tc_so=tradedesk&tc_me=pp&tc_ca=bau,,,220.00,220.00,https://cdn.shopify.com/s/files/1/0680/4625/8428/files/26wwin_u0491_khk_m01_c005ff6d-08af-4ea0-b506-0dde7f6aeee6.jpg?v=1&width=800,Damen,Damen,03/10/2026,https://eu.boden.com/products/damen-mantel-aus-teddyfell-mix-waldgruen-u0491khk?tc_ch=display&tc_ve=ba&tc_so=tradedesk&tc_me=pp&tc_ca=bau,,,101,IN STOCK,,,Waldgrün,,,,TRUE,TRUE
55220861,55220861,55220861,Fiona Strickkleid mit Reißverschluss vorn Damen Boden,https://eu.boden.com/products/damen-fiona-strickkleid-mit-reissverschluss-vorn-blau-d1457blu?tc_ch=display&tc_ve=ba&tc_so=tradedesk&tc_me=pp&tc_ca=bau,,,190.00,190.00,https://cdn.shopify.com/s/files/1/0680/4625/8428/files/26wwin_d1457_blu_m01.jpg?v=1&width=800,Damen,Damen,03/10/2026,https://eu.boden.com/products/damen-fiona-strickkleid-mit-reissverschluss-vorn-blau-d1457blu?tc_ch=display&tc_ve=ba&tc_so=tradedesk&tc_me=pp&tc_ca=bau,,,184,IN STOCK,,,Blau,,,,TRUE,TRUE
55229674,55229674,55229674,Jasmin Gerafftes Jerseykleid Damen Boden,https://eu.boden.com/products/damen-jasmin-gerafftes-jerseykleid-waldlichtung-paisley-bouquet-d1764dgr?tc_ch=display&tc_ve=ba&tc_so=tradedesk&tc_me=pp&tc_ca=bau,,,140.00,140.00,https://cdn.shopify.com/s/files/1/0680/4625/8428/files/26wwin_d1764_dgr_m01_v2.jpg?v=1&width=800,Damen,Damen,03/10/2026,https://eu.boden.com/products/damen-jasmin-gerafftes-jerseykleid-waldlichtung-paisley-bouquet-d1764dgr?tc_ch=display&tc_ve=ba&tc_so=tradedesk&tc_me=pp&tc_ca=bau,,,124,IN STOCK,,,"Waldlichtung, Paisley-Bouquet",,,,TRUE,TRUE
55232713,55232713,55232713,Jessica Gestricktes Hemdblusenkleid Damen Boden,https://eu.boden.com/products/damen-jessica-gestricktes-hemdblusenkleid-schwarz-und-herbstblaetter-d1824blk?tc_ch=display&tc_ve=ba&tc_so=tradedesk&tc_me=pp&tc_ca=bau,,,180.00,180.00,https://cdn.shopify.com/s/files/1/0680/4625/8428/files/26wwin_d1824_blk_w01.jpg?v=1&width=800,Damen,Damen,03/10/2026,https://eu.boden.com/products/damen-jessica-gestricktes-hemdblusenkleid-schwarz-und-herbstblaetter-d1824blk?tc_ch=display&tc_ve=ba&tc_so=tradedesk&tc_me=pp&tc_ca=bau,,,171,IN STOCK,,,Schwarz und Herbstblätter,,,,TRUE,TRUE
55233426,55233426,55233426,Edie Fair-Isle-Strickjacke Damen Boden,https://eu.boden.com/products/damen-edie-fair-isle-strickjacke-blau-fair-isle-k0851lbl?tc_ch=display&tc_ve=ba&tc_so=tradedesk&tc_me=pp&tc_ca=bau,,,150.00,150.00,https://cdn.shopify.com/s/files/1/0680/4625/8428/files/26wwin_k0851_lbl_m01_a184b28e-d676-4c41-ab80-04fb365ed23e.jpg?v=1&width=800,Damen,Damen,03/10/2026,https://eu.boden.com/products/damen-edie-fair-isle-strickjacke-blau-fair-isle-k0851lbl?tc_ch=display&tc_ve=ba&tc_so=tradedesk&tc_me=pp&tc_ca=bau,,,273,IN STOCK,,,Blau Fair Isle,,,,TRUE,TRUE
55206831,55206831,55206831,Aylesford Wollmantel Damen Boden,https://eu.boden.com/products/damen-aylesford-wollmantel-schwarz-u0494blk?tc_ch=display&tc_ve=ba&tc_so=tradedesk&tc_me=pp&tc_ca=bau,,,280.00,280.00,https://cdn.shopify.com/s/files/1/0680/4625/8428/files/26wwin_u0494_blk_m01.jpg?v=1&width=800,Damen,Damen,03/10/2026,https://eu.boden.com/products/damen-aylesford-wollmantel-schwarz-u0494blk?tc_ch=display&tc_ve=ba&tc_so=tradedesk&tc_me=pp&tc_ca=bau,,,86,IN STOCK,,,Schwarz,,,,TRUE,TRUE
55206276,55206276,55206276,Aylesford Wollmantel Damen Boden,https://eu.boden.com/products/damen-aylesford-wollmantel-vino-u0494red?tc_ch=display&tc_ve=ba&tc_so=tradedesk&tc_me=pp&tc_ca=bau,,,280.00,280.00,https://cdn.shopify.com/s/files/1/0680/4625/8428/files/26wwin_u0494_red_m01.jpg?v=1&width=800,Damen,Damen,03/10/2026,https://eu.boden.com/products/damen-aylesford-wollmantel-vino-u0494red?tc_ch=display&tc_ve=ba&tc_so=tradedesk&tc_me=pp&tc_ca=bau,,,16,IN STOCK,,,Vino,,,,TRUE,TRUE
55212981,55212981,55212981,Jemma Jacquard-Strickjacke Damen Boden,https://eu.boden.com/products/damen-jemma-jacquard-strickjacke-leopardenmuster-kuddelmuddel-k1321mlt?tc_ch=display&tc_ve=ba&tc_so=tradedesk&tc_me=pp&tc_ca=bau,,,180.00,180.00,https://cdn.shopify.com/s/files/1/0680/4625/8428/files/26wwin_k1321_mlt_m01_fa61d046-ecad-4ec5-9dd6-def5c4a3244d.jpg?v=1&width=800,Damen,Damen,03/10/2026,https://eu.boden.com/products/damen-jemma-jacquard-strickjacke-leopardenmuster-kuddelmuddel-k1321mlt?tc_ch=display&tc_ve=ba&tc_so=tradedesk&tc_me=pp&tc_ca=bau,,,233,IN STOCK,,,Leopardenmuster Kuddelmuddel,,,,TRUE,TRUE
55210580,55210580,55210580,Kat Pullover aus gebürstetem Kaschmir Damen Boden,https://eu.boden.com/products/damen-kat-pullover-aus-gebuerstetem-kaschmir-tiefseetiefe-k1190lbl?tc_ch=display&tc_ve=ba&tc_so=tradedesk&tc_me=pp&tc_ca=bau,,,280.00,280.00,https://cdn.shopify.com/s/files/1/0680/4625/8428/files/26wwin_k1190_lbl_m01.jpg?v=1&width=800,Damen,Damen,03/10/2026,https://eu.boden.com/products/damen-kat-pullover-aus-gebuerstetem-kaschmir-tiefseetiefe-k1190lbl?tc_ch=display&tc_ve=ba&tc_so=tradedesk&tc_me=pp&tc_ca=bau,,,121,IN STOCK,,,Tiefseetiefe,,,,TRUE,TRUE
55210111,55210111,55210111,Marla Ottoman-Kleid mit Ziernähten Damen Boden,https://eu.boden.com/products/damen-marla-ottoman-kleid-mit-ziernaehten-erdiges-rot-d1821red?tc_ch=display&tc_ve=ba&tc_so=tradedesk&tc_me=pp&tc_ca=bau,,,99.00,99.00,https://cdn.shopify.com/s/files/1/0680/4625/8428/files/26wwin_d1821_red_m01_2a671089-07ad-4d4c-a551-cf860172ac67.jpg?v=1&width=800,Damen,Damen,03/10/2026,https://eu.boden.com/products/damen-marla-ottoman-kleid-mit-ziernaehten-erdiges-rot-d1821red?tc_ch=display&tc_ve=ba&tc_so=tradedesk&tc_me=pp&tc_ca=bau,,,144,IN STOCK,,,Erdiges Rot,,,,TRUE,TRUE
55205329,55205329,55205329,Val Cord-Midirock mit Knopf Damen Boden,https://eu.boden.com/products/damen-val-cord-midirock-mit-knopf-marineblau-r1000nav?tc_ch=display&tc_ve=ba&tc_so=tradedesk&tc_me=pp&tc_ca=bau,,,150.00,150.00,https://cdn.shopify.com/s/files/1/0680/4625/8428/files/26wwin_r1000_nav_m01_188a2d99-1ba6-4ef2-91a7-575a38bd4e96.jpg?v=1&width=800,Damen,Damen,03/10/2026,https://eu.boden.com/products/damen-val-cord-midirock-mit-knopf-marineblau-r1000nav?tc_ch=display&tc_ve=ba&tc_so=tradedesk&tc_me=pp&tc_ca=bau,,,122,IN STOCK,,,Marineblau,,,,TRUE,TRUE
55205300,55205300,55205300,Val Cord-Midirock mit Knopf Damen Boden,https://eu.boden.com/products/damen-val-cord-midirock-mit-knopf-lebkuchen-r1000tan?tc_ch=display&tc_ve=ba&tc_so=tradedesk&tc_me=pp&tc_ca=bau,,,150.00,150.00,https://cdn.shopify.com/s/files/1/0680/4625/8428/files/26wwin_r1000_tan_m01_c5b21e1f-e29f-4c42-b3ce-0ace7c3adc88.jpg?v=1&width=800,Damen,Damen,03/10/2026,https://eu.boden.com/products/damen-val-cord-midirock-mit-knopf-lebkuchen-r1000tan?tc_ch=display&tc_ve=ba&tc_so=tradedesk&tc_me=pp&tc_ca=bau,,,82,IN STOCK,,,Lebkuchen,,,,TRUE,TRUE
55219028,55219028,55219028,Plissierter Midi-Kilt Damen Boden,https://eu.boden.com/products/damen-plissierter-midi-kilt-navy-mit-fischgraetmuster-r1014nvy?tc_ch=display&tc_ve=ba&tc_so=tradedesk&tc_me=pp&tc_ca=bau,,,240.00,240.00,https://cdn.shopify.com/s/files/1/0680/4625/8428/files/26wwin_r1014_nvy_m01_966b30b6-58a1-48f8-a68a-c1d23a51bdc7.jpg?v=1&width=800,Damen,Damen,03/10/2026,https://eu.boden.com/products/damen-plissierter-midi-kilt-navy-mit-fischgraetmuster-r1014nvy?tc_ch=display&tc_ve=ba&tc_so=tradedesk&tc_me=pp&tc_ca=bau,,,46,IN STOCK,,,Navy Mit Fischgrätmuster,,,,TRUE,TRUE
55213347,55213347,55213347,Aylesford Langer Mantel Damen Boden,https://eu.boden.com/products/damen-aylesford-langer-mantel-camel-herzen-u0521neu?tc_ch=display&tc_ve=ba&tc_so=tradedesk&tc_me=pp&tc_ca=bau,,,520.00,520.00,https://cdn.shopify.com/s/files/1/0680/4625/8428/files/26wwin_u0521_neu_m01_d2f8f7e5-4df3-4998-9905-c5c64b789f79.jpg?v=1&width=800,Damen,Damen,03/10/2026,https://eu.boden.com/products/damen-aylesford-langer-mantel-camel-herzen-u0521neu?tc_ch=display&tc_ve=ba&tc_so=tradedesk&tc_me=pp&tc_ca=bau,,,65,IN STOCK,,,Camel Herzen,,,,TRUE,TRUE
55218246,55218246,55218246,Zweireihiger Trenchcoat Damen Boden,https://eu.boden.com/products/damen-zweireihiger-trenchcoat-kamelbraun-u0435ntl?tc_ch=display&tc_ve=ba&tc_so=tradedesk&tc_me=pp&tc_ca=bau,,,370.00,370.00,https://cdn.shopify.com/s/files/1/0680/4625/8428/files/26waut_u0435_ntl_w01.jpg?v=1&width=800,Damen,Damen,03/10/2026,https://eu.boden.com/products/damen-zweireihiger-trenchcoat-kamelbraun-u0435ntl?tc_ch=display&tc_ve=ba&tc_so=tradedesk&tc_me=pp&tc_ca=bau,,,31,IN STOCK,,,Kamelbraun,,,,TRUE,TRUE
55227299,55227299,55227299,Marianne Pullover aus Merinowolle Damen Boden,https://eu.boden.com/products/damen-marianne-pullover-aus-merinowolle-rosa-heide-k1301pin?tc_ch=display&tc_ve=ba&tc_so=tradedesk&tc_me=pp&tc_ca=bau,,,140.00,140.00,https://cdn.shopify.com/s/files/1/0680/4625/8428/files/26wwin_k1301_pin_m01_37519b5b-3d2a-47bf-863d-987ea488e1c8.jpg?v=1&width=800,Damen,Damen,03/10/2026,https://eu.boden.com/products/damen-marianne-pullover-aus-merinowolle-rosa-heide-k1301pin?tc_ch=display&tc_ve=ba&tc_so=tradedesk&tc_me=pp&tc_ca=bau,,,437,IN STOCK,,,Rosa Heide,,,,TRUE,TRUE
55210003,55210003,55210003,Midikleid aus Tüll mit Faltendetail Damen Boden,https://eu.boden.com/products/damen-midikleid-aus-tuell-mit-faltendetail-dunkle-kirsche-d1797pur?tc_ch=display&tc_ve=ba&tc_so=tradedesk&tc_me=pp&tc_ca=bau,,,190.00,190.00,https://cdn.shopify.com/s/files/1/0680/4625/8428/files/26waut_d1797_pur_w01.jpg?v=1&width=800,Damen,Damen,03/10/2026,https://eu.boden.com/products/damen-midikleid-aus-tuell-mit-faltendetail-dunkle-kirsche-d1797pur?tc_ch=display&tc_ve=ba&tc_so=tradedesk&tc_me=pp&tc_ca=bau,,,69,IN STOCK,,,Dunkle Kirsche,,,,TRUE,TRUE
55214907,55214907,55214907,Rock aus Wollmischung mit Einsätzen Damen Boden,https://eu.boden.com/products/damen-rock-aus-wollmischung-mit-einsaetzen-braun-kuddelmuddel-kariert-r0988brn?tc_ch=display&tc_ve=ba&tc_so=tradedesk&tc_me=pp&tc_ca=bau,,,210.00,210.00,https://cdn.shopify.com/s/files/1/0680/4625/8428/files/26waut_r0988_brn_w01.jpg?v=1&width=800,Damen,Damen,03/10/2026,https://eu.boden.com/products/damen-rock-aus-wollmischung-mit-einsaetzen-braun-kuddelmuddel-kariert-r0988brn?tc_ch=display&tc_ve=ba&tc_so=tradedesk&tc_me=pp&tc_ca=bau,,,55,IN STOCK,,,Braun Kuddelmuddel Kariert,,,,TRUE,TRUE
55220604,55220604,55220604,Gestricktes Halstuch aus Merinowolle Damen Boden,https://eu.boden.com/products/damen-gestricktes-halstuch-aus-merinowolle-feuerblume-a2286red?tc_ch=display&tc_ve=ba&tc_so=tradedesk&tc_me=pp&tc_ca=bau,,,69.00,69.00,https://cdn.shopify.com/s/files/1/0680/4625/8428/files/26wwin_a2286_red_90a80c15-a555-4669-8e50-c3a6b998c2e3.jpg?v=1&width=800,Damen,Damen,03/10/2026,https://eu.boden.com/products/damen-gestricktes-halstuch-aus-merinowolle-feuerblume-a2286red?tc_ch=display&tc_ve=ba&tc_so=tradedesk&tc_me=pp&tc_ca=bau,,,259,IN STOCK,,,Feuerblume,,,,TRUE,TRUE
55228417,55228417,55228417,Schlauchschal aus gebürstetem Kaschmir Damen Boden,https://eu.boden.com/products/damen-schlauchschal-aus-gebuerstetem-kaschmir-mohair-leopardenmuster-a2311mul?tc_ch=display&tc_ve=ba&tc_so=tradedesk&tc_me=pp&tc_ca=bau,,,120.00,120.00,https://cdn.shopify.com/s/files/1/0680/4625/8428/files/26wwin_a2311_mul_721d6fe6-2d62-4bbb-9047-0c8238168778.jpg?v=1&width=800,Damen,Damen,03/10/2026,https://eu.boden.com/products/damen-schlauchschal-aus-gebuerstetem-kaschmir-mohair-leopardenmuster-a2311mul?tc_ch=display&tc_ve=ba&tc_so=tradedesk&tc_me=pp&tc_ca=bau,,,111,IN STOCK,,,"Mohair, Leopardenmuster",,,,TRUE,TRUE
55208692,55208692,55208692,Fleur Cord-Midikleid Damen Boden,https://eu.boden.com/products/damen-fleur-cord-midikleid-braun-leopardenmuster-d1790spt?tc_ch=display&tc_ve=ba&tc_so=tradedesk&tc_me=pp&tc_ca=bau,,,180.00,180.00,https://cdn.shopify.com/s/files/1/0680/4625/8428/files/26wwin_d1790_spt_m01_v1.jpg?v=1&width=800,Damen,Damen,03/10/2026,https://eu.boden.com/products/damen-fleur-cord-midikleid-braun-leopardenmuster-d1790spt?tc_ch=display&tc_ve=ba&tc_so=tradedesk&tc_me=pp&tc_ca=bau,,,36,IN STOCK,,,"Braun, Leopardenmuster",,,,TRUE,TRUE
55217649,55217649,55217649,Kaschmir-Halstuch Damen Boden,https://eu.boden.com/products/damen-kaschmir-halstuch-mohnblumenrot-camel-streifen-a2284red?tc_ch=display&tc_ve=ba&tc_so=tradedesk&tc_me=pp&tc_ca=bau,,,99.00,99.00,https://cdn.shopify.com/s/files/1/0680/4625/8428/files/26wwin_a2284_red_22a28c6e-55be-4a56-9a3e-51c78ebb02d8.jpg?v=1&width=800,Damen,Damen,03/10/2026,https://eu.boden.com/products/damen-kaschmir-halstuch-mohnblumenrot-camel-streifen-a2284red?tc_ch=display&tc_ve=ba&tc_so=tradedesk&tc_me=pp&tc_ca=bau,,,136,IN STOCK,,,Mohnblumenrot/Camel Streifen,,,,TRUE,TRUE
55233709,55233709,55233709,Elisabeth Quadratischer Seidenschal Damen Boden,https://eu.boden.com/products/damen-elisabeth-quadratischer-seidenschal-marineblau-schottenmuster-a1592ntl?tc_ch=display&tc_ve=ba&tc_so=tradedesk&tc_me=pp&tc_ca=bau,,,99.00,99.00,https://cdn.shopify.com/s/files/1/0680/4625/8428/files/26wwin_a1592_ntl_11df056d-4ef7-4747-b3b5-36784c223ee8.jpg?v=1&width=800,Damen,Damen,03/10/2026,https://eu.boden.com/products/damen-elisabeth-quadratischer-seidenschal-marineblau-schottenmuster-a1592ntl?tc_ch=display&tc_ve=ba&tc_so=tradedesk&tc_me=pp&tc_ca=bau,,,75,IN STOCK,,,"Marineblau, Schottenmuster",,,,TRUE,TRUE
55221039,55221039,55221039,Belgravia Hose aus Jumbo-Cord Damen Boden,https://eu.boden.com/products/damen-belgravia-hose-aus-jumbo-cord-kardamom-samen-r0777grn?tc_ch=display&tc_ve=ba&tc_so=tradedesk&tc_me=pp&tc_ca=bau,,,170.00,170.00,https://cdn.shopify.com/s/files/1/0680/4625/8428/files/26wwin_r0777_grn_m01_36ff5961-470d-4ca6-af04-049a15cc89c4.jpg?v=1&width=800,Damen,Damen,03/10/2026,https://eu.boden.com/products/damen-belgravia-hose-aus-jumbo-cord-kardamom-samen-r0777grn?tc_ch=display&tc_ve=ba&tc_so=tradedesk&tc_me=pp&tc_ca=bau,,,20,IN STOCK,,,Kardamom-Samen,,,,TRUE,TRUE
55216470,55216470,55216470,Belgravia Hose aus Wollmischung Damen Boden,https://eu.boden.com/products/damen-belgravia-hose-aus-wollmischung-kastanienbraun-und-olivgruen-kariert-r0779drd?tc_ch=display&tc_ve=ba&tc_so=tradedesk&tc_me=pp&tc_ca=bau,,,210.00,210.00,https://cdn.shopify.com/s/files/1/0680/4625/8428/files/26wwin_r0779_drd_m01_v1.jpg?v=1&width=800,Damen,Damen,03/10/2026,https://eu.boden.com/products/damen-belgravia-hose-aus-wollmischung-kastanienbraun-und-olivgruen-kariert-r0779drd?tc_ch=display&tc_ve=ba&tc_so=tradedesk&tc_me=pp&tc_ca=bau,,,12,IN STOCK,,,Kastanienbraun Und Olivgrün Kariert,,,,TRUE,TRUE
55233177,55233177,55233177,Una Kariertes Midikleid mit Kragen Damen Boden,https://eu.boden.com/products/damen-una-kariertes-midikleid-mit-kragen-braun-blau-und-orange-kariert-d1839mbr?tc_ch=display&tc_ve=ba&tc_so=tradedesk&tc_me=pp&tc_ca=bau,,,190.00,190.00,https://cdn.shopify.com/s/files/1/0680/4625/8428/files/26wwin_d1839_mbr_m02_a1944aed-59db-4f80-a84a-af3586bcaba7.jpg?v=1&width=800,Damen,Damen,03/10/2026,https://eu.boden.com/products/damen-una-kariertes-midikleid-mit-kragen-braun-blau-und-orange-kariert-d1839mbr?tc_ch=display&tc_ve=ba&tc_so=tradedesk&tc_me=pp&tc_ca=bau,,,115,IN STOCK,,,"Braun, Blau und Orange Kariert",,,,TRUE,TRUE
55201703,55201703,55201703,Iris Maritimes Oberteil mit Puffärmeln Damen Boden,https://eu.boden.com/products/damen-iris-maritimes-oberteil-mit-puffaermeln-weinprobe-naturweiss-t2160pst?tc_ch=display&tc_ve=ba&tc_so=tradedesk&tc_me=pp&tc_ca=bau,,,79.00,79.00,https://cdn.shopify.com/s/files/1/0680/4625/8428/files/26wwin_t2160_pst_m01_f7650538-04a3-4b8d-bf7a-8b9e558af67c.jpg?v=1&width=800,Damen,Damen,03/10/2026,https://eu.boden.com/products/damen-iris-maritimes-oberteil-mit-puffaermeln-weinprobe-naturweiss-t2160pst?tc_ch=display&tc_ve=ba&tc_so=tradedesk&tc_me=pp&tc_ca=bau,,,123,IN STOCK,,,Weinprobe/Naturweiß,,,,TRUE,TRUE
55206443,55206443,55206443,Baumwollweste mit Teddyfellbesatz Damen Boden,https://eu.boden.com/products/damen-baumwollweste-mit-teddyfellbesatz-sand-u0510snd?tc_ch=display&tc_ve=ba&tc_so=tradedesk&tc_me=pp&tc_ca=bau,,,170.00,170.00,https://cdn.shopify.com/s/files/1/0680/4625/8428/files/26wwin_u0510_snd_m01.jpg?v=1&width=800,Damen,Damen,03/10/2026,https://eu.boden.com/products/damen-baumwollweste-mit-teddyfellbesatz-sand-u0510snd?tc_ch=display&tc_ve=ba&tc_so=tradedesk&tc_me=pp&tc_ca=bau,,,144,IN STOCK,,,Sand,,,,TRUE,TRUE
55226008,55226008,55226008,Honor Säulen-Midikleid aus Jersey Damen Boden,https://eu.boden.com/products/damen-honor-saeulen-midikleid-aus-jersey-duffle-bag-geo-parade-d1767bgr?tc_ch=display&tc_ve=ba&tc_so=tradedesk&tc_me=pp&tc_ca=bau,,,140.00,140.00,https://cdn.shopify.com/s/files/1/0680/4625/8428/files/26wwin_d1767_bgr_m01_1d9a1917-0ed0-4902-8517-3f313ed8baf1.jpg?v=1&width=800,Damen,Damen,03/10/2026,https://eu.boden.com/products/damen-honor-saeulen-midikleid-aus-jersey-duffle-bag-geo-parade-d1767bgr?tc_ch=display&tc_ve=ba&tc_so=tradedesk&tc_me=pp&tc_ca=bau,,,162,IN STOCK,,,"Duffle Bag, Geo-Parade",,,,TRUE,TRUE
55226779,55226779,55226779,Etta Ponte-Kleid mit Paspelierung Damen Boden,https://eu.boden.com/products/damen-etta-ponte-kleid-mit-paspelierung-marineblau-geo-parade-monochrom-d1815str?tc_ch=display&tc_ve=ba&tc_so=tradedesk&tc_me=pp&tc_ca=bau,,,190.00,190.00,https://cdn.shopify.com/s/files/1/0680/4625/8428/files/26wwin_d1815_str_m05_fe3c8661-c15c-4d28-b9af-6c912a769230.jpg?v=1&width=800,Damen,Damen,03/10/2026,https://eu.boden.com/products/damen-etta-ponte-kleid-mit-paspelierung-marineblau-geo-parade-monochrom-d1815str?tc_ch=display&tc_ve=ba&tc_so=tradedesk&tc_me=pp&tc_ca=bau,,,106,IN STOCK,,,"Marineblau, Geo-Parade Monochrom",,,,TRUE,TRUE
55226171,55226171,55226171,Nia Langärmliges Ottoman-Kleid Damen Boden,https://eu.boden.com/products/damen-nia-langaermliges-ottoman-kleid-pflaumenmarmelade-d1831pur?tc_ch=display&tc_ve=ba&tc_so=tradedesk&tc_me=pp&tc_ca=bau,,,120.00,120.00,https://cdn.shopify.com/s/files/1/0680/4625/8428/files/26wwin_d1831_pur_m01_bab7619d-2d39-46d1-8fe0-85b97331a993.jpg?v=1&width=800,Damen,Damen,03/10/2026,https://eu.boden.com/products/damen-nia-langaermliges-ottoman-kleid-pflaumenmarmelade-d1831pur?tc_ch=display&tc_ve=ba&tc_so=tradedesk&tc_me=pp&tc_ca=bau,,,105,IN STOCK,,,Pflaumenmarmelade,,,,TRUE,TRUE
55226037,55226037,55226037,Marla Ottoman-Kleid mit Ziernähten Damen Boden,https://eu.boden.com/products/damen-marla-ottoman-kleid-mit-ziernaehten-marineblau-und-waldlichtung-jacquard-d1821grn?tc_ch=display&tc_ve=ba&tc_so=tradedesk&tc_me=pp&tc_ca=bau,,,110.00,110.00,https://cdn.shopify.com/s/files/1/0680/4625/8428/files/26wwin_d1821_grn_m01_d7d2c84e-2f56-40de-93de-79bff371cdd2.jpg?v=1&width=800,Damen,Damen,03/10/2026,https://eu.boden.com/products/damen-marla-ottoman-kleid-mit-ziernaehten-marineblau-und-waldlichtung-jacquard-d1821grn?tc_ch=display&tc_ve=ba&tc_so=tradedesk&tc_me=pp&tc_ca=bau,,,153,IN STOCK,,,Marineblau und Waldlichtung Jacquard,,,,TRUE,TRUE
55230611,55230611,55230611,Statement-Ohrstecker im Clusterdesign Damen Boden,https://eu.boden.com/products/damen-statement-ohrstecker-im-clusterdesign-rot-bunt-a2289drd?tc_ch=display&tc_ve=ba&tc_so=tradedesk&tc_me=pp&tc_ca=bau,,,43.00,43.00,https://cdn.shopify.com/s/files/1/0680/4625/8428/files/26wwin_a2289_drd_3fd438ad-5df3-4beb-9525-dd776615db3f.jpg?v=1&width=800,Damen,Damen,03/10/2026,https://eu.boden.com/products/damen-statement-ohrstecker-im-clusterdesign-rot-bunt-a2289drd?tc_ch=display&tc_ve=ba&tc_so=tradedesk&tc_me=pp&tc_ca=bau,,,75,IN STOCK,,,"Rot, Bunt",,,,TRUE,TRUE
55230046,55230046,55230046,Belgravia Hose aus Wollmischung Damen Boden,https://eu.boden.com/products/damen-belgravia-hose-aus-wollmischung-braun-blau-und-rosa-kariert-r0779mul?tc_ch=display&tc_ve=ba&tc_so=tradedesk&tc_me=pp&tc_ca=bau,,,210.00,210.00,https://cdn.shopify.com/s/files/1/0680/4625/8428/files/26wwin_r0779_mul_m01.jpg?v=1&width=800,Damen,Damen,03/10/2026,https://eu.boden.com/products/damen-belgravia-hose-aus-wollmischung-braun-blau-und-rosa-kariert-r0779mul?tc_ch=display&tc_ve=ba&tc_so=tradedesk&tc_me=pp&tc_ca=bau,,,98,IN STOCK,,,"Braun, Blau und Rosa Kariert",,,,TRUE,TRUE
55226360,55226360,55226360,Belgravia Ponte-Hose Damen Boden,https://eu.boden.com/products/damen-belgravia-ponte-hose-bitterschokolade-r0814brm?tc_ch=display&tc_ve=ba&tc_so=tradedesk&tc_me=pp&tc_ca=bau,,,120.00,120.00,https://cdn.shopify.com/s/files/1/0680/4625/8428/files/26wwin_r0814_brm_m01.jpg?v=1&width=800,Damen,Damen,03/10/2026,https://eu.boden.com/products/damen-belgravia-ponte-hose-bitterschokolade-r0814brm?tc_ch=display&tc_ve=ba&tc_so=tradedesk&tc_me=pp&tc_ca=bau,,,214,IN STOCK,,,Bitterschokolade,,,,TRUE,TRUE
55208245,55208245,55208245,Blouson-Stufenkleid aus Jersey Damen Boden,https://eu.boden.com/products/damen-blouson-stufenkleid-aus-jersey-franzoesisches-marineblau-gartenornamente-d1818nav?tc_ch=display&tc_ve=ba&tc_so=tradedesk&tc_me=pp&tc_ca=bau,,,180.00,180.00,https://cdn.shopify.com/s/files/1/0680/4625/8428/files/26waut_d1818_nav_w01.jpg?v=1&width=800,Damen,Damen,03/10/2026,https://eu.boden.com/products/damen-blouson-stufenkleid-aus-jersey-franzoesisches-marineblau-gartenornamente-d1818nav?tc_ch=display&tc_ve=ba&tc_so=tradedesk&tc_me=pp&tc_ca=bau,,,118,IN STOCK,,,"Französisches Marineblau, Gartenornamente",,,,TRUE,TRUE
55226342,55226342,55226342,Geripptes Hemd aus Jerseysamt Damen Boden,https://eu.boden.com/products/damen-geripptes-hemd-aus-jerseysamt-dunkle-kirsche-t2267pst?tc_ch=display&tc_ve=ba&tc_so=tradedesk&tc_me=pp&tc_ca=bau,,,76.00,76.00,https://cdn.shopify.com/s/files/1/0680/4625/8428/files/26wwin_t2267_pst_m01_e492b16c-23c9-4149-b9f7-a15d6385aa08.jpg?v=1&width=800,Damen,Damen,03/10/2026,https://eu.boden.com/products/damen-geripptes-hemd-aus-jerseysamt-dunkle-kirsche-t2267pst?tc_ch=display&tc_ve=ba&tc_so=tradedesk&tc_me=pp&tc_ca=bau,,,152,IN STOCK,,,Dunkle Kirsche,,,,TRUE,TRUE
55216399,55216399,55216399,Stamford Wollblazer Damen Boden,https://eu.boden.com/products/damen-stamford-wollblazer-kastanienbraun-und-olivgruen-kariert-u0473red?tc_ch=display&tc_ve=ba&tc_so=tradedesk&tc_me=pp&tc_ca=bau,,,260.00,260.00,https://cdn.shopify.com/s/files/1/0680/4625/8428/files/26wwin_u0473_red_m01_v1_1f71124d-e4b8-4f6c-890e-ebb76c5b95b1.jpg?v=1&width=800,Damen,Damen,03/10/2026,https://eu.boden.com/products/damen-stamford-wollblazer-kastanienbraun-und-olivgruen-kariert-u0473red?tc_ch=display&tc_ve=ba&tc_so=tradedesk&tc_me=pp&tc_ca=bau,,,12,IN STOCK,,,Kastanienbraun Und Olivgrün Kariert,,,,TRUE,TRUE
55221098,55221098,55221098,Hemd mit voluminösen Ärmeln Damen Boden,https://eu.boden.com/products/damen-hemd-mit-voluminoesen-aermeln-oxford-blau-t2182blu?tc_ch=display&tc_ve=ba&tc_so=tradedesk&tc_me=pp&tc_ca=bau,,,110.00,110.00,https://cdn.shopify.com/s/files/1/0680/4625/8428/files/26wwin_t2182_blu_m01_043f9cca-9653-4831-a16f-615e7032dcc3.jpg?v=1&width=800,Damen,Damen,03/10/2026,https://eu.boden.com/products/damen-hemd-mit-voluminoesen-aermeln-oxford-blau-t2182blu?tc_ch=display&tc_ve=ba&tc_so=tradedesk&tc_me=pp&tc_ca=bau,,,174,IN STOCK,,,Oxford-Blau,,,,TRUE,TRUE
55225553,55225553,55225553,Geripptes Hemd aus Jerseysamt Damen Boden,https://eu.boden.com/products/damen-geripptes-hemd-aus-jerseysamt-marineblau-t2267nav?tc_ch=display&tc_ve=ba&tc_so=tradedesk&tc_me=pp&tc_ca=bau,,,76.00,76.00,https://cdn.shopify.com/s/files/1/0680/4625/8428/files/26wwin_t2267_nav_m01.jpg?v=1&width=800,Damen,Damen,03/10/2026,https://eu.boden.com/products/damen-geripptes-hemd-aus-jerseysamt-marineblau-t2267nav?tc_ch=display&tc_ve=ba&tc_so=tradedesk&tc_me=pp&tc_ca=bau,,,152,IN STOCK,,,Marineblau,,,,TRUE,TRUE
55226190,55226190,55226190,Geripptes Hemd aus Jerseysamt Damen Boden,https://eu.boden.com/products/damen-geripptes-hemd-aus-jerseysamt-bordeaux-t2267mpr?tc_ch=display&tc_ve=ba&tc_so=tradedesk&tc_me=pp&tc_ca=bau,,,76.00,76.00,https://cdn.shopify.com/s/files/1/0680/4625/8428/files/26wwin_t2267_mpr_m01_757811ed-d28f-4bfd-aa11-ecebd9cdcf39.jpg?v=1&width=800,Damen,Damen,03/10/2026,https://eu.boden.com/products/damen-geripptes-hemd-aus-jerseysamt-bordeaux-t2267mpr?tc_ch=display&tc_ve=ba&tc_so=tradedesk&tc_me=pp&tc_ca=bau,,,81,IN STOCK,,,Bordeaux,,,,TRUE,TRUE
55231253,55231253,55231253,Klassischer Ledergürtel-GRÜN Damen Boden,https://eu.boden.com/products/damen-klassischer-lederguertel-gruen-a1615gaj?tc_ch=display&tc_ve=ba&tc_so=tradedesk&tc_me=pp&tc_ca=bau,,,99.00,99.00,https://cdn.shopify.com/s/files/1/0680/4625/8428/files/26wwin_a1615_gaj_29c0ec6b-7d44-475b-a263-fd654dccf707.jpg?v=1&width=800,Damen,Damen,03/10/2026,https://eu.boden.com/products/damen-klassischer-lederguertel-gruen-a1615gaj?tc_ch=display&tc_ve=ba&tc_so=tradedesk&tc_me=pp&tc_ca=bau,,,130,IN STOCK,,,Grün,,,,TRUE,TRUE
55229570,55229570,55229570,Absatzsandalen mit Faltendetail Damen Boden,https://eu.boden.com/products/damen-absatzsandalen-mit-faltendetail-schwarz-a2190blk?tc_ch=display&tc_ve=ba&tc_so=tradedesk&tc_me=pp&tc_ca=bau,,,240.00,240.00,https://cdn.shopify.com/s/files/1/0680/4625/8428/files/26wwin_a2190_blk.jpg?v=1&width=800,Damen,Damen,03/10/2026,https://eu.boden.com/products/damen-absatzsandalen-mit-faltendetail-schwarz-a2190blk?tc_ch=display&tc_ve=ba&tc_so=tradedesk&tc_me=pp&tc_ca=bau,,,96,IN STOCK,,,Schwarz,,,,TRUE,TRUE
55229598,55229598,55229598,Stretch-Stiefel mit Kitten-Absatz Damen Boden,https://eu.boden.com/products/damen-stretch-stiefel-mit-kitten-absatz-blumenmuster-a2252mix?tc_ch=display&tc_ve=ba&tc_so=tradedesk&tc_me=pp&tc_ca=bau,,,180.00,180.00,https://cdn.shopify.com/s/files/1/0680/4625/8428/files/26wwin_a2252_mix_aaaa54da-e128-4b66-9fa1-daf9f36c90d6.jpg?v=1&width=800,Damen,Damen,03/10/2026,https://eu.boden.com/products/damen-stretch-stiefel-mit-kitten-absatz-blumenmuster-a2252mix?tc_ch=display&tc_ve=ba&tc_so=tradedesk&tc_me=pp&tc_ca=bau,,,72,IN STOCK,,,Blumenmuster,,,,TRUE,TRUE
55228336,55228336,55228336,Pumps mit Schnallenriemen und Blockabsatz Damen Boden,https://eu.boden.com/products/damen-pumps-mit-schnallenriemen-und-blockabsatz-mitternachtsblau-smaragdgruen-a2274mnt?tc_ch=display&tc_ve=ba&tc_so=tradedesk&tc_me=pp&tc_ca=bau,,,210.00,210.00,https://cdn.shopify.com/s/files/1/0680/4625/8428/files/26wwin_a2274_mnt.jpg?v=1&width=800,Damen,Damen,03/10/2026,https://eu.boden.com/products/damen-pumps-mit-schnallenriemen-und-blockabsatz-mitternachtsblau-smaragdgruen-a2274mnt?tc_ch=display&tc_ve=ba&tc_so=tradedesk&tc_me=pp&tc_ca=bau,,,63,IN STOCK,,,Mitternachtsblau Smaragdgrün,,,,TRUE,TRUE
55233846,55233846,55233846,Gewebter Mohair-Schal Damen Boden,https://eu.boden.com/products/damen-gewebter-mohair-schal-enteneiblau-argyle-a2108bgm?tc_ch=display&tc_ve=ba&tc_so=tradedesk&tc_me=pp&tc_ca=bau,,,110.00,110.00,https://cdn.shopify.com/s/files/1/0680/4625/8428/files/26wwin_a2108_bgm.jpg?v=1&width=800,Damen,Damen,03/10/2026,https://eu.boden.com/products/damen-gewebter-mohair-schal-enteneiblau-argyle-a2108bgm?tc_ch=display&tc_ve=ba&tc_so=tradedesk&tc_me=pp&tc_ca=bau,,,388,IN STOCK,,,Enteneiblau Argyle,,,,TRUE,TRUE
55228481,55228481,55228481,Dinah Verzierte Loafer Damen Boden,https://eu.boden.com/products/damen-dinah-verzierte-loafer-schwarz-glitzerschleifen-a2278cam?tc_ch=display&tc_ve=ba&tc_so=tradedesk&tc_me=pp&tc_ca=bau,,,190.00,190.00,https://cdn.shopify.com/s/files/1/0680/4625/8428/files/26wwin_a2278_cam_35d707fa-5228-44ad-9fb5-6c40e8f8c71e.jpg?v=1&width=800,Damen,Damen,03/10/2026,https://eu.boden.com/products/damen-dinah-verzierte-loafer-schwarz-glitzerschleifen-a2278cam?tc_ch=display&tc_ve=ba&tc_so=tradedesk&tc_me=pp&tc_ca=bau,,,79,IN STOCK,,,"Schwarz, Glitzerschleifen",,,,TRUE,TRUE
55222353,55222353,55222353,Patti Ballerinas mit runder Zehenpartie Damen Boden,https://eu.boden.com/products/damen-patti-ballerinas-mit-runder-zehenpartie-schwarzes-wildleder-verziert-a2245bla?tc_ch=display&tc_ve=ba&tc_so=tradedesk&tc_me=pp&tc_ca=bau,,,150.00,150.00,https://cdn.shopify.com/s/files/1/0680/4625/8428/files/26wwin_a2245_bla.jpg?v=1&width=800,Damen,Damen,03/10/2026,https://eu.boden.com/products/damen-patti-ballerinas-mit-runder-zehenpartie-schwarzes-wildleder-verziert-a2245bla?tc_ch=display&tc_ve=ba&tc_so=tradedesk&tc_me=pp&tc_ca=bau,,,106,IN STOCK,,,Schwarzes Wildleder Verziert,,,,TRUE,TRUE
55221750,55221750,55221750,Patti Ballerinas mit runder Zehenpartie Damen Boden,https://eu.boden.com/products/damen-patti-ballerinas-mit-runder-zehenpartie-dunkles-burgunderrot-schleife-a2245dam?tc_ch=display&tc_ve=ba&tc_so=tradedesk&tc_me=pp&tc_ca=bau,,,150.00,150.00,https://cdn.shopify.com/s/files/1/0680/4625/8428/files/26wwin_a2245_dam_442b67ae-c49d-45d7-a128-c66c1284807c.jpg?v=1&width=800,Damen,Damen,03/10/2026,https://eu.boden.com/products/damen-patti-ballerinas-mit-runder-zehenpartie-dunkles-burgunderrot-schleife-a2245dam?tc_ch=display&tc_ve=ba&tc_so=tradedesk&tc_me=pp&tc_ca=bau,,,68,IN STOCK,,,Dunkles Burgunderrot Schleife,,,,TRUE,TRUE
55221882,55221882,55221882,Nya Pennyloafer Damen Boden,https://eu.boden.com/products/damen-nya-pennyloafer-silber-metallic-a1805sil?tc_ch=display&tc_ve=ba&tc_so=tradedesk&tc_me=pp&tc_ca=bau,,,170.00,170.00,https://cdn.shopify.com/s/files/1/0680/4625/8428/files/26wwin_a1805_sil_642b0425-3959-45ac-86c5-50d14f91f7af.jpg?v=1&width=800,Damen,Damen,03/10/2026,https://eu.boden.com/products/damen-nya-pennyloafer-silber-metallic-a1805sil?tc_ch=display&tc_ve=ba&tc_so=tradedesk&tc_me=pp&tc_ca=bau,,,34,IN STOCK,,,Silber-Metallic,,,,TRUE,TRUE
55235735,55235735,55235735,Nya Pennyloafer Damen Boden,https://eu.boden.com/products/damen-nya-pennyloafer-rot-schottenmuster-krone-a1805req?tc_ch=display&tc_ve=ba&tc_so=tradedesk&tc_me=pp&tc_ca=bau,,,190.00,190.00,https://cdn.shopify.com/s/files/1/0680/4625/8428/files/26wwin_a1805_req_5832609d-2015-4cb2-940d-d8ac55f50fe5.jpg?v=1&width=800,Damen,Damen,03/10/2026,https://eu.boden.com/products/damen-nya-pennyloafer-rot-schottenmuster-krone-a1805req?tc_ch=display&tc_ve=ba&tc_so=tradedesk&tc_me=pp&tc_ca=bau,,,63,IN STOCK,,,"Rot Schottenmuster, Krone",,,,TRUE,TRUE
55228317,55228317,55228317,Pumps mit Schnallenriemen und Blockabsatz Damen Boden,https://eu.boden.com/products/damen-pumps-mit-schnallenriemen-und-blockabsatz-schwarz-samt-a2274bla?tc_ch=display&tc_ve=ba&tc_so=tradedesk&tc_me=pp&tc_ca=bau,,,210.00,210.00,https://cdn.shopify.com/s/files/1/0680/4625/8428/files/26wwin_a2274_bla_4ec5158d-75b1-45c2-9034-dd0a07c829ae.jpg?v=1&width=800,Damen,Damen,03/10/2026,https://eu.boden.com/products/damen-pumps-mit-schnallenriemen-und-blockabsatz-schwarz-samt-a2274bla?tc_ch=display&tc_ve=ba&tc_so=tradedesk&tc_me=pp&tc_ca=bau,,,64,IN STOCK,,,Schwarz Samt,,,,TRUE,TRUE
55231356,55231356,55231356,Pumps mit Schnallenriemen und Blockabsatz Damen Boden,https://eu.boden.com/products/damen-pumps-mit-schnallenriemen-und-blockabsatz-klassisches-leopardenmuster-a2274lbr?tc_ch=display&tc_ve=ba&tc_so=tradedesk&tc_me=pp&tc_ca=bau,,,210.00,210.00,https://cdn.shopify.com/s/files/1/0680/4625/8428/files/26wwin_a2274_lbr_7d67d580-643f-466d-9c20-c0a627b41422.jpg?v=1&width=800,Damen,Damen,03/10/2026,https://eu.boden.com/products/damen-pumps-mit-schnallenriemen-und-blockabsatz-klassisches-leopardenmuster-a2274lbr?tc_ch=display&tc_ve=ba&tc_so=tradedesk&tc_me=pp&tc_ca=bau,,,41,IN STOCK,,,Klassisches Leopardenmuster,,,,TRUE,TRUE
55222759,55222759,55222759,Dinah Verzierte Loafer Damen Boden,https://eu.boden.com/products/damen-dinah-verzierte-loafer-schwarz-goldsterne-a2278blk?tc_ch=display&tc_ve=ba&tc_so=tradedesk&tc_me=pp&tc_ca=bau,,,190.00,190.00,https://cdn.shopify.com/s/files/1/0680/4625/8428/files/26wwin_a2278_blk_d0061120-ba4c-4d13-9445-42bc4dc181df.jpg?v=1&width=800,Damen,Damen,03/10/2026,https://eu.boden.com/products/damen-dinah-verzierte-loafer-schwarz-goldsterne-a2278blk?tc_ch=display&tc_ve=ba&tc_so=tradedesk&tc_me=pp&tc_ca=bau,,,72,IN STOCK,,,"Schwarz, Goldsterne",,,,TRUE,TRUE
55233268,55233268,55233268,Mütze aus gebürstetem Kaschmir Damen Boden,https://eu.boden.com/products/damen-muetze-aus-gebuerstetem-kaschmir-mohair-leopardenmuster-a2310mul?tc_ch=display&tc_ve=ba&tc_so=tradedesk&tc_me=pp&tc_ca=bau,,,99.00,99.00,https://cdn.shopify.com/s/files/1/0680/4625/8428/files/26wwin_a2310_mul.jpg?v=1&width=800,Damen,Damen,03/10/2026,https://eu.boden.com/products/damen-muetze-aus-gebuerstetem-kaschmir-mohair-leopardenmuster-a2310mul?tc_ch=display&tc_ve=ba&tc_so=tradedesk&tc_me=pp&tc_ca=bau,,,212,IN STOCK,,,"Mohair, Leopardenmuster",,,,TRUE,TRUE
55233159,55233159,55233159,Schlauchschal aus gebürstetem Kaschmir Damen Boden,https://eu.boden.com/products/damen-schlauchschal-aus-gebuerstetem-kaschmir-bunt-argyle-muster-a2311col?tc_ch=display&tc_ve=ba&tc_so=tradedesk&tc_me=pp&tc_ca=bau,,,120.00,120.00,https://cdn.shopify.com/s/files/1/0680/4625/8428/files/26wwin_a2311_col_269a867b-5f10-4f2a-a0f5-f740ad3bf813.jpg?v=1&width=800,Damen,Damen,03/10/2026,https://eu.boden.com/products/damen-schlauchschal-aus-gebuerstetem-kaschmir-bunt-argyle-muster-a2311col?tc_ch=display&tc_ve=ba&tc_so=tradedesk&tc_me=pp&tc_ca=bau,,,247,IN STOCK,,,"Bunt, Argyle-Muster",,,,TRUE,TRUE
55234210,55234210,55234210,Schlauchschal aus gebürstetem Kaschmir Damen Boden,https://eu.boden.com/products/damen-schlauchschal-aus-gebuerstetem-kaschmir-dunkle-kirsche-blaue-punkte-a2311dbr?tc_ch=display&tc_ve=ba&tc_so=tradedesk&tc_me=pp&tc_ca=bau,,,120.00,120.00,https://cdn.shopify.com/s/files/1/0680/4625/8428/files/26wwin_a2311_dbr_c66f389d-9fed-4627-b4db-3ba2cde77ed7.jpg?v=1&width=800,Damen,Damen,03/10/2026,https://eu.boden.com/products/damen-schlauchschal-aus-gebuerstetem-kaschmir-dunkle-kirsche-blaue-punkte-a2311dbr?tc_ch=display&tc_ve=ba&tc_so=tradedesk&tc_me=pp&tc_ca=bau,,,197,IN STOCK,,,"Dunkle Kirsche, Blaue Punkte",,,,TRUE,TRUE
55220561,55220561,55220561,Woodbridge Blazer aus Wollmischgewebe Damen Boden,https://eu.boden.com/products/damen-woodbridge-blazer-aus-wollmischgewebe-navy-nadelstreifen-u0555nav?tc_ch=display&tc_ve=ba&tc_so=tradedesk&tc_me=pp&tc_ca=bau,,,280.00,280.00,https://cdn.shopify.com/s/files/1/0680/4625/8428/files/26wwin_u0555_nav_m01_v3.jpg?v=1&width=800,Damen,Damen,03/10/2026,https://eu.boden.com/products/damen-woodbridge-blazer-aus-wollmischgewebe-navy-nadelstreifen-u0555nav?tc_ch=display&tc_ve=ba&tc_so=tradedesk&tc_me=pp&tc_ca=bau,,,70,IN STOCK,,,"Navy, Nadelstreifen",,,,TRUE,TRUE
55208423,55208423,55208423,Lou Etuikleid aus Cord Damen Boden,https://eu.boden.com/products/damen-lou-etuikleid-aus-cord-purpurrot-d1785red?tc_ch=display&tc_ve=ba&tc_so=tradedesk&tc_me=pp&tc_ca=bau,,,140.00,140.00,https://cdn.shopify.com/s/files/1/0680/4625/8428/files/26wwin_d1785_red_m01_5fdf6a9e-b12d-44d6-9c41-50293b36a7fc.jpg?v=1&width=800,Damen,Damen,03/10/2026,https://eu.boden.com/products/damen-lou-etuikleid-aus-cord-purpurrot-d1785red?tc_ch=display&tc_ve=ba&tc_so=tradedesk&tc_me=pp&tc_ca=bau,,,120,IN STOCK,,,Purpurrot,,,,TRUE,TRUE
55205386,55205386,55205386,Schmal geschnittene Cord-Jeans mit hohem Bund Damen Boden,https://eu.boden.com/products/damen-schmal-geschnittene-cord-jeans-mit-hohem-bund-gebranntes-henna-r0766brm?tc_ch=display&tc_ve=ba&tc_so=tradedesk&tc_me=pp&tc_ca=bau,,,110.00,110.00,https://cdn.shopify.com/s/files/1/0680/4625/8428/files/26wwin_r0766_brm_m01_f9c4fdc0-227f-495d-aa54-25e73b762be1.jpg?v=1&width=800,Damen,Damen,03/10/2026,https://eu.boden.com/products/damen-schmal-geschnittene-cord-jeans-mit-hohem-bund-gebranntes-henna-r0766brm?tc_ch=display&tc_ve=ba&tc_so=tradedesk&tc_me=pp&tc_ca=bau,,,31,IN STOCK,,,Gebranntes Henna,,,,TRUE,TRUE
55216432,55216432,55216432,Nia Langärmliges Ottoman-Kleid Damen Boden,https://eu.boden.com/products/damen-nia-langaermliges-ottoman-kleid-purpurrot-d1831lrd?tc_ch=display&tc_ve=ba&tc_so=tradedesk&tc_me=pp&tc_ca=bau,,,120.00,120.00,https://cdn.shopify.com/s/files/1/0680/4625/8428/files/26waut_d1831_lrd_w01_6a1a94b4-8be9-4e28-a816-ea2982b89cc0.jpg?v=1&width=800,Damen,Damen,03/10/2026,https://eu.boden.com/products/damen-nia-langaermliges-ottoman-kleid-purpurrot-d1831lrd?tc_ch=display&tc_ve=ba&tc_so=tradedesk&tc_me=pp&tc_ca=bau,,,175,IN STOCK,,,Purpurrot,,,,TRUE,TRUE
55208599,55208599,55208599,Camilla Baumwollpullover mit Rundhalsausschnitt Damen Boden,https://eu.boden.com/products/damen-camilla-baumwollpullover-mit-rundhalsausschnitt-schwarz-k1280bla?tc_ch=display&tc_ve=ba&tc_so=tradedesk&tc_me=pp&tc_ca=bau,,,86.00,86.00,https://cdn.shopify.com/s/files/1/0680/4625/8428/files/26wwin_k1280_bla_m01.jpg?v=1&width=800,Damen,Damen,03/10/2026,https://eu.boden.com/products/damen-camilla-baumwollpullover-mit-rundhalsausschnitt-schwarz-k1280bla?tc_ch=display&tc_ve=ba&tc_so=tradedesk&tc_me=pp&tc_ca=bau,,,552,IN STOCK,,,Schwarz,,,,TRUE,TRUE
55211247,55211247,55211247,Camilla Baumwollstrickjacke mit Rundhalsausschnitt Damen Boden,https://eu.boden.com/products/damen-camilla-baumwollstrickjacke-mit-rundhalsausschnitt-schwarz-k1281bla?tc_ch=display&tc_ve=ba&tc_so=tradedesk&tc_me=pp&tc_ca=bau,,,99.00,99.00,https://cdn.shopify.com/s/files/1/0680/4625/8428/files/26wwin_k1281_bla_m01_37463437-cd68-45a2-bd1a-e45e6061f93d.jpg?v=1&width=800,Damen,Damen,03/10/2026,https://eu.boden.com/products/damen-camilla-baumwollstrickjacke-mit-rundhalsausschnitt-schwarz-k1281bla?tc_ch=display&tc_ve=ba&tc_so=tradedesk&tc_me=pp&tc_ca=bau,,,647,IN STOCK,,,Schwarz,,,,TRUE,TRUE
55205428,55205428,55205428,Schmal geschnittene Cord-Jeans mit hohem Bund Damen Boden,https://eu.boden.com/products/damen-schmal-geschnittene-cord-jeans-mit-hohem-bund-seegras-r0766mgr?tc_ch=display&tc_ve=ba&tc_so=tradedesk&tc_me=pp&tc_ca=bau,,,110.00,110.00,https://cdn.shopify.com/s/files/1/0680/4625/8428/files/26wwin_r0766_mgr_m01_4e64835b-d12b-4eca-8d0d-a4ce7ed90c22.jpg?v=1&width=800,Damen,Damen,03/10/2026,https://eu.boden.com/products/damen-schmal-geschnittene-cord-jeans-mit-hohem-bund-seegras-r0766mgr?tc_ch=display&tc_ve=ba&tc_so=tradedesk&tc_me=pp&tc_ca=bau,,,55,IN STOCK,,,Seegras,,,,TRUE,TRUE
55235396,55235396,55235396,Ponte-Kleid mit Bindegürtel Damen Boden,https://eu.boden.com/products/damen-ponte-kleid-mit-bindeguertel-rote-beete-d1808red?tc_ch=display&tc_ve=ba&tc_so=tradedesk&tc_me=pp&tc_ca=bau,,,120.00,120.00,https://cdn.shopify.com/s/files/1/0680/4625/8428/files/26wwin_d1808_red_m01_v1.jpg?v=1&width=800,Damen,Damen,03/10/2026,https://eu.boden.com/products/damen-ponte-kleid-mit-bindeguertel-rote-beete-d1808red?tc_ch=display&tc_ve=ba&tc_so=tradedesk&tc_me=pp&tc_ca=bau,,,58,IN STOCK,,,Rote Beete,,,,TRUE,TRUE
55232569,55232569,55232569,Samtkleid mit drapierten Ärmeln Damen Boden,https://eu.boden.com/products/damen-samtkleid-mit-drapierten-aermeln-skarabaeus-d1868dgr?tc_ch=display&tc_ve=ba&tc_so=tradedesk&tc_me=pp&tc_ca=bau,,,170.00,170.00,https://cdn.shopify.com/s/files/1/0680/4625/8428/files/26waut_d1868_dgr_w01.jpg?v=1&width=800,Damen,Damen,03/10/2026,https://eu.boden.com/products/damen-samtkleid-mit-drapierten-aermeln-skarabaeus-d1868dgr?tc_ch=display&tc_ve=ba&tc_so=tradedesk&tc_me=pp&tc_ca=bau,,,196,IN STOCK,,,Skarabäus,,,,TRUE,TRUE
55210632,55210632,55210632,Elsie Kaschmir-Strickjacke mit Rundhalsausschnitt Damen Boden,https://eu.boden.com/products/damen-elsie-kaschmir-strickjacke-mit-rundhalsausschnitt-schwarz-k1273blk?tc_ch=display&tc_ve=ba&tc_so=tradedesk&tc_me=pp&tc_ca=bau,,,180.00,180.00,https://cdn.shopify.com/s/files/1/0680/4625/8428/files/26wwin_k1273_blk_m01.jpg?v=1&width=800,Damen,Damen,03/10/2026,https://eu.boden.com/products/damen-elsie-kaschmir-strickjacke-mit-rundhalsausschnitt-schwarz-k1273blk?tc_ch=display&tc_ve=ba&tc_so=tradedesk&tc_me=pp&tc_ca=bau,,,321,IN STOCK,,,Schwarz,,,,TRUE,TRUE
55212714,55212714,55212714,Zara Kurzes Cordkleid Damen Boden,https://eu.boden.com/products/damen-zara-kurzes-cordkleid-graublau-d1829blu?tc_ch=display&tc_ve=ba&tc_so=tradedesk&tc_me=pp&tc_ca=bau,,,140.00,140.00,https://cdn.shopify.com/s/files/1/0680/4625/8428/files/26wwin_d1829_blu_m01_c110f605-c58c-4468-a186-74b2a8aab5bc.jpg?v=1&width=800,Damen,Damen,03/10/2026,https://eu.boden.com/products/damen-zara-kurzes-cordkleid-graublau-d1829blu?tc_ch=display&tc_ve=ba&tc_so=tradedesk&tc_me=pp&tc_ca=bau,,,69,IN STOCK,,,Graublau,,,,TRUE,TRUE
55225867,55225867,55225867,Ria Verzierte Strickjacke Damen Boden,https://eu.boden.com/products/damen-ria-verzierte-strickjacke-blau-schleife-k1315blu?tc_ch=display&tc_ve=ba&tc_so=tradedesk&tc_me=pp&tc_ca=bau,,,190.00,190.00,https://cdn.shopify.com/s/files/1/0680/4625/8428/files/26wwin_k1315_blu_m01_v1.jpg?v=1&width=800,Damen,Damen,03/10/2026,https://eu.boden.com/products/damen-ria-verzierte-strickjacke-blau-schleife-k1315blu?tc_ch=display&tc_ve=ba&tc_so=tradedesk&tc_me=pp&tc_ca=bau,,,288,IN STOCK,,,"Blau, Schleife",,,,TRUE,TRUE
55209930,55209930,55209930,Canonbury Cordhose Damen Boden,https://eu.boden.com/products/damen-canonbury-cordhose-rosa-violett-r0784pur?tc_ch=display&tc_ve=ba&tc_so=tradedesk&tc_me=pp&tc_ca=bau,,,140.00,140.00,https://cdn.shopify.com/s/files/1/0680/4625/8428/files/26wwin_r0784_pur_m01.jpg?v=1&width=800,Damen,Damen,03/10/2026,https://eu.boden.com/products/damen-canonbury-cordhose-rosa-violett-r0784pur?tc_ch=display&tc_ve=ba&tc_so=tradedesk&tc_me=pp&tc_ca=bau,,,69,IN STOCK,,,Rosa Violett,,,,TRUE,TRUE
55211733,55211733,55211733,"Cord-Jeans mit hohem Bund und geradem, lockerem Bein Damen Boden",https://eu.boden.com/products/damen-cord-jeans-mit-hohem-bund-und-geradem-lockerem-bein-lebkuchen-r0768tan?tc_ch=display&tc_ve=ba&tc_so=tradedesk&tc_me=pp&tc_ca=bau,,,140.00,140.00,https://cdn.shopify.com/s/files/1/0680/4625/8428/files/26wwin_r0768_tan_m01_f26a2ab9-7a65-4be6-a1c0-e680ce341ffc.jpg?v=1&width=800,Damen,Damen,03/10/2026,https://eu.boden.com/products/damen-cord-jeans-mit-hohem-bund-und-geradem-lockerem-bein-lebkuchen-r0768tan?tc_ch=display&tc_ve=ba&tc_so=tradedesk&tc_me=pp&tc_ca=bau,,,82,IN STOCK,,,Lebkuchen,,,,TRUE,TRUE
55209425,55209425,55209425,Stamford Cordblazer Damen Boden,https://eu.boden.com/products/damen-stamford-cordblazer-mitternachtsblaugruen-u0349dgr?tc_ch=display&tc_ve=ba&tc_so=tradedesk&tc_me=pp&tc_ca=bau,,,170.00,170.00,https://cdn.shopify.com/s/files/1/0680/4625/8428/files/26wwin_u0349_dgr_m01_f3861d66-ba61-47c8-b3df-309cd3214775.jpg?v=1&width=800,Damen,Damen,03/10/2026,https://eu.boden.com/products/damen-stamford-cordblazer-mitternachtsblaugruen-u0349dgr?tc_ch=display&tc_ve=ba&tc_so=tradedesk&tc_me=pp&tc_ca=bau,,,9,IN STOCK,,,Mitternachtsblaugrün,,,,TRUE,TRUE
55218066,55218066,55218066,"Kragenloser, klassisch geschneiderter Blazer Damen Boden",https://eu.boden.com/products/damen-kragenloser-klassisch-geschneiderter-blazer-marineblau-u0475dnv?tc_ch=display&tc_ve=ba&tc_so=tradedesk&tc_me=pp&tc_ca=bau,,,260.00,260.00,https://cdn.shopify.com/s/files/1/0680/4625/8428/files/26wwin_u0475_dnv_m01_7ea15c1f-19b9-426f-9a6e-403c1f3ae2b0.jpg?v=1&width=800,Damen,Damen,03/10/2026,https://eu.boden.com/products/damen-kragenloser-klassisch-geschneiderter-blazer-marineblau-u0475dnv?tc_ch=display&tc_ve=ba&tc_so=tradedesk&tc_me=pp&tc_ca=bau,,,21,IN STOCK,,,Marineblau,,,,TRUE,TRUE
55220280,55220280,55220280,Langärmliges Oberteil mit gerafftem Ausschnitt Damen Boden,https://eu.boden.com/products/damen-langaermliges-oberteil-mit-gerafftem-ausschnitt-cappuccino-verteiltes-blattwerk-t2207nav?tc_ch=display&tc_ve=ba&tc_so=tradedesk&tc_me=pp&tc_ca=bau,,,69.00,69.00,https://cdn.shopify.com/s/files/1/0680/4625/8428/files/26wwin_t2207_nav_m01_07b9ceaa-7c5b-4bb5-9acd-7f0ece0a2693.jpg?v=1&width=800,Damen,Damen,03/10/2026,https://eu.boden.com/products/damen-langaermliges-oberteil-mit-gerafftem-ausschnitt-cappuccino-verteiltes-blattwerk-t2207nav?tc_ch=display&tc_ve=ba&tc_so=tradedesk&tc_me=pp&tc_ca=bau,,,297,IN STOCK,,,"Cappuccino, Verteiltes Blattwerk",,,,TRUE,TRUE
55200875,55200875,55200875,Rosa Bedrucktes Sweatshirt Damen Boden,https://eu.boden.com/products/damen-rosa-bedrucktes-sweatshirt-marineblau-verzaubertes-blumenmuster-t1915nar?tc_ch=display&tc_ve=ba&tc_so=tradedesk&tc_me=pp&tc_ca=bau,,,99.00,99.00,https://cdn.shopify.com/s/files/1/0680/4625/8428/files/26wwin_t1915_nar_m01.jpg?v=1&width=800,Damen,Damen,03/10/2026,https://eu.boden.com/products/damen-rosa-bedrucktes-sweatshirt-marineblau-verzaubertes-blumenmuster-t1915nar?tc_ch=display&tc_ve=ba&tc_so=tradedesk&tc_me=pp&tc_ca=bau,,,395,IN STOCK,,,"Marineblau, Verzaubertes Blumenmuster",,,,TRUE,TRUE
55220228,55220228,55220228,"Hochgeschlossen, langärmlig Damen Boden",https://eu.boden.com/products/damen-hochgeschlossen-langaermlig-blumenerde-zebra-swirl-motiv-t2209brn?tc_ch=display&tc_ve=ba&tc_so=tradedesk&tc_me=pp&tc_ca=bau,,,56.00,56.00,https://cdn.shopify.com/s/files/1/0680/4625/8428/files/26wwin_t2209_brn_m01.jpg?v=1&width=800,Damen,Damen,03/10/2026,https://eu.boden.com/products/damen-hochgeschlossen-langaermlig-blumenerde-zebra-swirl-motiv-t2209brn?tc_ch=display&tc_ve=ba&tc_so=tradedesk&tc_me=pp&tc_ca=bau,,,172,IN STOCK,,,"Blumenerde, Zebra Swirl-Motiv",,,,TRUE,TRUE
55236747,55236747,55236747,Das neue Sienna Baumwollhemd Damen Boden,https://eu.boden.com/products/damen-das-neue-sienna-baumwollhemd-naturweiss-boden-punkte-t2164ivo?tc_ch=display&tc_ve=ba&tc_so=tradedesk&tc_me=pp&tc_ca=bau,,,86.00,86.00,https://cdn.shopify.com/s/files/1/0680/4625/8428/files/26wwin_t2164_ivo_m01.jpg?v=1&width=800,Damen,Damen,03/10/2026,https://eu.boden.com/products/damen-das-neue-sienna-baumwollhemd-naturweiss-boden-punkte-t2164ivo?tc_ch=display&tc_ve=ba&tc_so=tradedesk&tc_me=pp&tc_ca=bau,,,133,IN STOCK,,,"Naturweiß, Boden-Punkte",,,,TRUE,TRUE
55233702,55233702,55233702,Elisabeth Quadratischer Seidenschal Damen Boden,https://eu.boden.com/products/damen-elisabeth-quadratischer-seidenschal-bunt-geo-blume-a1592irs?tc_ch=display&tc_ve=ba&tc_so=tradedesk&tc_me=pp&tc_ca=bau,,,99.00,99.00,https://cdn.shopify.com/s/files/1/0680/4625/8428/files/26wwin_a1592_irs_2084e62c-71e7-4cff-a5df-8b5b7e584316.jpg?v=1&width=800,Damen,Damen,03/10/2026,https://eu.boden.com/products/damen-elisabeth-quadratischer-seidenschal-bunt-geo-blume-a1592irs?tc_ch=display&tc_ve=ba&tc_so=tradedesk&tc_me=pp&tc_ca=bau,,,154,IN STOCK,,,"Bunt, Geo Blume",,,,TRUE,TRUE
55232844,55232844,55232844,"Hochgeschlossen, langärmlig Damen Boden",https://eu.boden.com/products/damen-hochgeschlossen-langaermlig-grau-dunkles-leopardenmuster-t2209gry?tc_ch=display&tc_ve=ba&tc_so=tradedesk&tc_me=pp&tc_ca=bau,,,56.00,56.00,https://cdn.shopify.com/s/files/1/0680/4625/8428/files/26wwin_t2209_gry_m01_09a4211b-f8a7-4079-82cb-b56b48bc055c.jpg?v=1&width=800,Damen,Damen,03/10/2026,https://eu.boden.com/products/damen-hochgeschlossen-langaermlig-grau-dunkles-leopardenmuster-t2209gry?tc_ch=display&tc_ve=ba&tc_so=tradedesk&tc_me=pp&tc_ca=bau,,,52,IN STOCK,,,"Grau, Dunkles Leopardenmuster",,,,TRUE,TRUE
55233721,55233721,55233721,Elisabeth Quadratischer Seidenschal Damen Boden,https://eu.boden.com/products/damen-elisabeth-quadratischer-seidenschal-winter-punkte-a1592mnt?tc_ch=display&tc_ve=ba&tc_so=tradedesk&tc_me=pp&tc_ca=bau,,,99.00,99.00,https://cdn.shopify.com/s/files/1/0680/4625/8428/files/26wwin_a1592_mnt_7cb339d5-b451-4a5b-8c9c-04a9156a54bc.jpg?v=1&width=800,Damen,Damen,03/10/2026,https://eu.boden.com/products/damen-elisabeth-quadratischer-seidenschal-winter-punkte-a1592mnt?tc_ch=display&tc_ve=ba&tc_so=tradedesk&tc_me=pp&tc_ca=bau,,,141,IN STOCK,,,Winter Punkte,,,,TRUE,TRUE
55232884,55232884,55232884,"Hochgeschlossen, langärmlig Damen Boden",https://eu.boden.com/products/damen-hochgeschlossen-langaermlig-franzoesisches-marineblau-geo-parade-monochrom-t2209nvy?tc_ch=display&tc_ve=ba&tc_so=tradedesk&tc_me=pp&tc_ca=bau,,,56.00,56.00,https://cdn.shopify.com/s/files/1/0680/4625/8428/files/26wwin_t2209_nvy_m01_a3936fcd-8747-43c1-8f34-2584e3718ec6.jpg?v=1&width=800,Damen,Damen,03/10/2026,https://eu.boden.com/products/damen-hochgeschlossen-langaermlig-franzoesisches-marineblau-geo-parade-monochrom-t2209nvy?tc_ch=display&tc_ve=ba&tc_so=tradedesk&tc_me=pp&tc_ca=bau,,,146,IN STOCK,,,"Französisches Marineblau, Geo-Parade Monochrom",,,,TRUE,TRUE
55206715,55206715,55206715,Thea Cordhemd Damen Boden,https://eu.boden.com/products/damen-thea-cordhemd-mitternachtsblaugruen-t2194grn?tc_ch=display&tc_ve=ba&tc_so=tradedesk&tc_me=pp&tc_ca=bau,,,99.00,99.00,https://cdn.shopify.com/s/files/1/0680/4625/8428/files/26wwin_t2194_grn_m01.jpg?v=1&width=800,Damen,Damen,03/10/2026,https://eu.boden.com/products/damen-thea-cordhemd-mitternachtsblaugruen-t2194grn?tc_ch=display&tc_ve=ba&tc_so=tradedesk&tc_me=pp&tc_ca=bau,,,150,IN STOCK,,,Mitternachtsblaugrün,,,,TRUE,TRUE
55194206,55194206,55194206,Alex Ponte-Midikleid in Kontrastfarben Damen Boden,https://eu.boden.com/products/damen-alex-ponte-midikleid-in-kontrastfarben-marineblau-kamelbraun-texturiert-d1758nav?tc_ch=display&tc_ve=ba&tc_so=tradedesk&tc_me=pp&tc_ca=bau,,,190.00,190.00,https://cdn.shopify.com/s/files/1/0680/4625/8428/files/26waut_d1758_nav_w01_1deb516a-78df-49bd-ac0d-be61cd4c50e0.jpg?v=1&width=800,Damen,Damen,03/10/2026,https://eu.boden.com/products/damen-alex-ponte-midikleid-in-kontrastfarben-marineblau-kamelbraun-texturiert-d1758nav?tc_ch=display&tc_ve=ba&tc_so=tradedesk&tc_me=pp&tc_ca=bau,,,13,IN STOCK,,,Marineblau/Kamelbraun Texturiert,,,,TRUE,TRUE
55210996,55210996,55210996,Camilla Baumwollpullover mit Rundhalsausschnitt Damen Boden,https://eu.boden.com/products/damen-camilla-baumwollpullover-mit-rundhalsausschnitt-bitterschokolade-k1280brn?tc_ch=display&tc_ve=ba&tc_so=tradedesk&tc_me=pp&tc_ca=bau,,,86.00,86.00,https://cdn.shopify.com/s/files/1/0680/4625/8428/files/26wwin_k1280_brn_m01_05c3b063-32f2-4dba-983a-5b4ed9a19e3f.jpg?v=1&width=800,Damen,Damen,03/10/2026,https://eu.boden.com/products/damen-camilla-baumwollpullover-mit-rundhalsausschnitt-bitterschokolade-k1280brn?tc_ch=display&tc_ve=ba&tc_so=tradedesk&tc_me=pp&tc_ca=bau,,,255,IN STOCK,,,Bitterschokolade,,,,TRUE,TRUE
55217662,55217662,55217662,Rüschenkleid mit Bindeband Damen Boden,https://eu.boden.com/products/damen-rueschenkleid-mit-bindeband-braun-verzauberte-zweige-d1827brn?tc_ch=display&tc_ve=ba&tc_so=tradedesk&tc_me=pp&tc_ca=bau,,,220.00,220.00,https://cdn.shopify.com/s/files/1/0680/4625/8428/files/26waut_d1827_brn_w01_8a351c6d-45a5-4424-bc09-a08de05b7e1f.jpg?v=1&width=800,Damen,Damen,03/10/2026,https://eu.boden.com/products/damen-rueschenkleid-mit-bindeband-braun-verzauberte-zweige-d1827brn?tc_ch=display&tc_ve=ba&tc_so=tradedesk&tc_me=pp&tc_ca=bau,,,83,IN STOCK,,,"Braun, Verzauberte Zweige",,,,TRUE,TRUE
55213152,55213152,55213152,Jemma Jacquard-Strickjacke Damen Boden,https://eu.boden.com/products/damen-jemma-jacquard-strickjacke-umbra-argyle-k1321brn?tc_ch=display&tc_ve=ba&tc_so=tradedesk&tc_me=pp&tc_ca=bau,,,180.00,180.00,https://cdn.shopify.com/s/files/1/0680/4625/8428/files/26wwin_k1321_brn_w01.jpg?v=1&width=800,Damen,Damen,03/10/2026,https://eu.boden.com/products/damen-jemma-jacquard-strickjacke-umbra-argyle-k1321brn?tc_ch=display&tc_ve=ba&tc_so=tradedesk&tc_me=pp&tc_ca=bau,,,307,IN STOCK,,,"Umbra, Argyle",,,,TRUE,TRUE
55211118,55211118,55211118,Marta Pullover aus Merinowolle mit Rundhalsausschnitt Damen Boden,https://eu.boden.com/products/damen-marta-pullover-aus-merinowolle-mit-rundhalsausschnitt-saftiger-apfel-k1306grn?tc_ch=display&tc_ve=ba&tc_so=tradedesk&tc_me=pp&tc_ca=bau,,,140.00,140.00,https://cdn.shopify.com/s/files/1/0680/4625/8428/files/26wwin_k1306_grn_m01_fae47502-c46e-49e2-be88-7d472218a9b4.jpg?v=1&width=800,Damen,Damen,03/10/2026,https://eu.boden.com/products/damen-marta-pullover-aus-merinowolle-mit-rundhalsausschnitt-saftiger-apfel-k1306grn?tc_ch=display&tc_ve=ba&tc_so=tradedesk&tc_me=pp&tc_ca=bau,,,133,IN STOCK,,,Saftiger Apfel,,,,TRUE,TRUE
55217271,55217271,55217271,Gestrickter Ottoman-Midirock Damen Boden,https://eu.boden.com/products/damen-gestrickter-ottoman-midirock-marineblau-r0984nav?tc_ch=display&tc_ve=ba&tc_so=tradedesk&tc_me=pp&tc_ca=bau,,,150.00,150.00,https://cdn.shopify.com/s/files/1/0680/4625/8428/files/26wwin_r0984_nav_m01_v1_92b03147-2269-4e94-9919-45ebee10a43b.jpg?v=1&width=800,Damen,Damen,03/10/2026,https://eu.boden.com/products/damen-gestrickter-ottoman-midirock-marineblau-r0984nav?tc_ch=display&tc_ve=ba&tc_so=tradedesk&tc_me=pp&tc_ca=bau,,,55,IN STOCK,,,Marineblau,,,,TRUE,TRUE
55211220,55211220,55211220,Ariadne Strickjacke aus Wollmischgewebe Damen Boden,https://eu.boden.com/products/damen-ariadne-strickjacke-aus-wollmischgewebe-marineblau-argyle-k1327nvy?tc_ch=display&tc_ve=ba&tc_so=tradedesk&tc_me=pp&tc_ca=bau,,,180.00,180.00,https://cdn.shopify.com/s/files/1/0680/4625/8428/files/26wwin_k1327_nvy_m01_a80f67ad-156f-4380-9258-9bbb953bb720.jpg?v=1&width=800,Damen,Damen,03/10/2026,https://eu.boden.com/products/damen-ariadne-strickjacke-aus-wollmischgewebe-marineblau-argyle-k1327nvy?tc_ch=display&tc_ve=ba&tc_so=tradedesk&tc_me=pp&tc_ca=bau,,,158,IN STOCK,,,Marineblau Argyle,,,,TRUE,TRUE
55211834,55211834,55211834,Ariadne Pullover aus Alpaka-Mischung Damen Boden,https://eu.boden.com/products/damen-ariadne-pullover-aus-alpaka-mischung-orange-argyle-k1328org?tc_ch=display&tc_ve=ba&tc_so=tradedesk&tc_me=pp&tc_ca=bau,,,170.00,170.00,https://cdn.shopify.com/s/files/1/0680/4625/8428/files/26wwin_k1328_org_m01_6b671e43-e4c4-4de6-b2ed-125a9cf0e30b.jpg?v=1&width=800,Damen,Damen,03/10/2026,https://eu.boden.com/products/damen-ariadne-pullover-aus-alpaka-mischung-orange-argyle-k1328org?tc_ch=display&tc_ve=ba&tc_so=tradedesk&tc_me=pp&tc_ca=bau,,,49,IN STOCK,,,Orange Argyle,,,,TRUE,TRUE
55211265,55211265,55211265,Pullover mit Zopfmuster und Kragen Damen Boden,https://eu.boden.com/products/damen-pullover-mit-zopfmuster-und-kragen-beige-k1310oat?tc_ch=display&tc_ve=ba&tc_so=tradedesk&tc_me=pp&tc_ca=bau,,,180.00,180.00,https://cdn.shopify.com/s/files/1/0680/4625/8428/files/26wwin_k1310_oat_w01_0c5c0e6f-f04a-4ae9-8852-b5c8d0e8ee45.jpg?v=1&width=800,Damen,Damen,03/10/2026,https://eu.boden.com/products/damen-pullover-mit-zopfmuster-und-kragen-beige-k1310oat?tc_ch=display&tc_ve=ba&tc_so=tradedesk&tc_me=pp&tc_ca=bau,,,219,IN STOCK,,,Beige,,,,TRUE,TRUE
55211070,55211070,55211070,Marta Pullover aus Merinowolle mit Rundhalsausschnitt Damen Boden,https://eu.boden.com/products/damen-marta-pullover-aus-merinowolle-mit-rundhalsausschnitt-kraeftiges-violett-k1306pur?tc_ch=display&tc_ve=ba&tc_so=tradedesk&tc_me=pp&tc_ca=bau,,,140.00,140.00,https://cdn.shopify.com/s/files/1/0680/4625/8428/files/26wwin_k1306_pur_m01_d0d2dc0a-8807-406d-88c1-3827b035b812.jpg?v=1&width=800,Damen,Damen,03/10/2026,https://eu.boden.com/products/damen-marta-pullover-aus-merinowolle-mit-rundhalsausschnitt-kraeftiges-violett-k1306pur?tc_ch=display&tc_ve=ba&tc_so=tradedesk&tc_me=pp&tc_ca=bau,,,166,IN STOCK,,,Kräftiges Violett,,,,TRUE,TRUE
55220217,55220217,55220217,"Hochgeschlossen, langärmlig Damen Boden",https://eu.boden.com/products/damen-hochgeschlossen-langaermlig-ruebenrot-t2209red?tc_ch=display&tc_ve=ba&tc_so=tradedesk&tc_me=pp&tc_ca=bau,,,46.00,46.00,https://cdn.shopify.com/s/files/1/0680/4625/8428/files/26wwin_t2209_red_m01_5fc34bf7-4785-4d1b-9577-25416171d064.jpg?v=1&width=800,Damen,Damen,03/10/2026,https://eu.boden.com/products/damen-hochgeschlossen-langaermlig-ruebenrot-t2209red?tc_ch=display&tc_ve=ba&tc_so=tradedesk&tc_me=pp&tc_ca=bau,,,98,IN STOCK,,,Rübenrot,,,,TRUE,TRUE
55226000,55226000,55226000,Gerippte Strickjacke mit Samtbesatz Damen Boden,https://eu.boden.com/products/damen-gerippte-strickjacke-mit-samtbesatz-kiefergruen-t2265grn?tc_ch=display&tc_ve=ba&tc_so=tradedesk&tc_me=pp&tc_ca=bau,,,69.00,69.00,https://cdn.shopify.com/s/files/1/0680/4625/8428/files/26wwin_t2265_grn_m01_39131d57-e095-4406-a3b5-da12749ee770.jpg?v=1&width=800,Damen,Damen,03/10/2026,https://eu.boden.com/products/damen-gerippte-strickjacke-mit-samtbesatz-kiefergruen-t2265grn?tc_ch=display&tc_ve=ba&tc_so=tradedesk&tc_me=pp&tc_ca=bau,,,217,IN STOCK,,,Kiefergrün,,,,TRUE,TRUE
55208377,55208377,55208377,Lou Etuikleid aus Cord Damen Boden,https://eu.boden.com/products/damen-lou-etuikleid-aus-cord-marineblau-d1785nav?tc_ch=display&tc_ve=ba&tc_so=tradedesk&tc_me=pp&tc_ca=bau,,,140.00,140.00,https://cdn.shopify.com/s/files/1/0680/4625/8428/files/26wwin_d1785_nav_m01.jpg?v=1&width=800,Damen,Damen,03/10/2026,https://eu.boden.com/products/damen-lou-etuikleid-aus-cord-marineblau-d1785nav?tc_ch=display&tc_ve=ba&tc_so=tradedesk&tc_me=pp&tc_ca=bau,,,145,IN STOCK,,,Marineblau,,,,TRUE,TRUE
55217224,55217224,55217224,Elsie Rollkragenpullover aus Kaschmir Damen Boden,https://eu.boden.com/products/damen-elsie-rollkragenpullover-aus-kaschmir-schwarz-k1343blk?tc_ch=display&tc_ve=ba&tc_so=tradedesk&tc_me=pp&tc_ca=bau,,,180.00,180.00,https://cdn.shopify.com/s/files/1/0680/4625/8428/files/26wwin_k1343_blk_m01_3f179994-ce50-4716-9891-6a539287a955.jpg?v=1&width=800,Damen,Damen,03/10/2026,https://eu.boden.com/products/damen-elsie-rollkragenpullover-aus-kaschmir-schwarz-k1343blk?tc_ch=display&tc_ve=ba&tc_so=tradedesk&tc_me=pp&tc_ca=bau,,,156,IN STOCK,,,Schwarz,,,,TRUE,TRUE
55212518,55212518,55212518,Rhoda Kurzes Cordkleid Damen Boden,https://eu.boden.com/products/damen-rhoda-kurzes-cordkleid-waldgruen-d1828khk?tc_ch=display&tc_ve=ba&tc_so=tradedesk&tc_me=pp&tc_ca=bau,,,140.00,140.00,https://cdn.shopify.com/s/files/1/0680/4625/8428/files/26wwin_d1828_khk_m01_131bc1d8-a1ff-4977-b0f2-ce74ae7b75ae.jpg?v=1&width=800,Damen,Damen,03/10/2026,https://eu.boden.com/products/damen-rhoda-kurzes-cordkleid-waldgruen-d1828khk?tc_ch=display&tc_ve=ba&tc_so=tradedesk&tc_me=pp&tc_ca=bau,,,87,IN STOCK,,,Waldgrün,,,,TRUE,TRUE
55213162,55213162,55213162,Aylesford Langer Mantel Damen Boden,https://eu.boden.com/products/damen-aylesford-langer-mantel-marineblau-u0521nav?tc_ch=display&tc_ve=ba&tc_so=tradedesk&tc_me=pp&tc_ca=bau,,,340.00,340.00,https://cdn.shopify.com/s/files/1/0680/4625/8428/files/26wwin_u0521_nav_m01_9b4eab00-7284-41c7-b058-97da1ae7c723.jpg?v=1&width=800,Damen,Damen,03/10/2026,https://eu.boden.com/products/damen-aylesford-langer-mantel-marineblau-u0521nav?tc_ch=display&tc_ve=ba&tc_so=tradedesk&tc_me=pp&tc_ca=bau,,,58,IN STOCK,,,Marineblau,,,,TRUE,TRUE
55228428,55228428,55228428,Jessie Chelsea-Stiefel mit breiter Sohle Damen Boden,https://eu.boden.com/products/damen-jessie-chelsea-stiefel-mit-breiter-sohle-schwarz-a2238blc?tc_ch=display&tc_ve=ba&tc_so=tradedesk&tc_me=pp&tc_ca=bau,,,220.00,220.00,https://cdn.shopify.com/s/files/1/0680/4625/8428/files/26wwin_a2238_blc_bb1299b3-d0b6-47a2-a57b-48e9b402a789.jpg?v=1&width=800,Damen,Damen,03/10/2026,https://eu.boden.com/products/damen-jessie-chelsea-stiefel-mit-breiter-sohle-schwarz-a2238blc?tc_ch=display&tc_ve=ba&tc_so=tradedesk&tc_me=pp&tc_ca=bau,,,47,IN STOCK,,,Schwarz,,,,TRUE,TRUE
55225464,55225464,55225464,Samt-Jumpsuit mit Wasserfallausschnitt Damen Boden,https://eu.boden.com/products/damen-samt-jumpsuit-mit-wasserfallausschnitt-dunkle-kirsche-d1841prp?tc_ch=display&tc_ve=ba&tc_so=tradedesk&tc_me=pp&tc_ca=bau,,,150.00,150.00,https://cdn.shopify.com/s/files/1/0680/4625/8428/files/26wwin_d1841_prp_m01_03d35109-fa33-49cf-bb0b-bf7b542b82ce.jpg?v=1&width=800,Damen,Damen,03/10/2026,https://eu.boden.com/products/damen-samt-jumpsuit-mit-wasserfallausschnitt-dunkle-kirsche-d1841prp?tc_ch=display&tc_ve=ba&tc_so=tradedesk&tc_me=pp&tc_ca=bau,,,40,IN STOCK,,,Dunkle Kirsche,,,,TRUE,TRUE
55228828,55228828,55228828,Kniehohe Stiefel mit Ziernaht Damen Boden,https://eu.boden.com/products/damen-kniehohe-stiefel-mit-ziernaht-dunkles-burgunderrot-a2306drd?tc_ch=display&tc_ve=ba&tc_so=tradedesk&tc_me=pp&tc_ca=bau,,,310.00,310.00,https://cdn.shopify.com/s/files/1/0680/4625/8428/files/26wwin_a2306_drd_339724ca-97d3-4276-aa6a-0263c516f90d.jpg?v=1&width=800,Damen,Damen,03/10/2026,https://eu.boden.com/products/damen-kniehohe-stiefel-mit-ziernaht-dunkles-burgunderrot-a2306drd?tc_ch=display&tc_ve=ba&tc_so=tradedesk&tc_me=pp&tc_ca=bau,,,53,IN STOCK,,,Dunkles Burgunderrot,,,,TRUE,TRUE
55233161,55233161,55233161,Mütze aus gebürstetem Kaschmir Damen Boden,https://eu.boden.com/products/damen-muetze-aus-gebuerstetem-kaschmir-mohnblumenrot-a2310rus?tc_ch=display&tc_ve=ba&tc_so=tradedesk&tc_me=pp&tc_ca=bau,,,86.00,86.00,https://cdn.shopify.com/s/files/1/0680/4625/8428/files/26wwin_a2310_rus_30a7247c-a8ab-48c3-a5a0-6e3c7e829aa1.jpg?v=1&width=800,Damen,Damen,03/10/2026,https://eu.boden.com/products/damen-muetze-aus-gebuerstetem-kaschmir-mohnblumenrot-a2310rus?tc_ch=display&tc_ve=ba&tc_so=tradedesk&tc_me=pp&tc_ca=bau,,,365,IN STOCK,,,Mohnblumenrot,,,,TRUE,TRUE
55225519,55225519,55225519,Samt-Jumpsuit mit Tüllärmeln Damen Boden,https://eu.boden.com/products/damen-samt-jumpsuit-mit-tuellaermeln-schwarz-d1842blk?tc_ch=display&tc_ve=ba&tc_so=tradedesk&tc_me=pp&tc_ca=bau,,,170.00,170.00,https://cdn.shopify.com/s/files/1/0680/4625/8428/files/26wwin_d1842_blk_m01_v1_14719883-64d2-4535-a3fa-c7492b963fee.jpg?v=1&width=800,Damen,Damen,03/10/2026,https://eu.boden.com/products/damen-samt-jumpsuit-mit-tuellaermeln-schwarz-d1842blk?tc_ch=display&tc_ve=ba&tc_so=tradedesk&tc_me=pp&tc_ca=bau,,,70,IN STOCK,,,Schwarz,,,,TRUE,TRUE
55233160,55233160,55233160,Schlauchschal aus gebürstetem Kaschmir Damen Boden,https://eu.boden.com/products/damen-schlauchschal-aus-gebuerstetem-kaschmir-braun-orange-a2311red?tc_ch=display&tc_ve=ba&tc_so=tradedesk&tc_me=pp&tc_ca=bau,,,99.00,99.00,https://cdn.shopify.com/s/files/1/0680/4625/8428/files/26wwin_a2311_red_62e0fac3-c1b7-41d2-94fe-50f8efacf182.jpg?v=1&width=800,Damen,Damen,03/10/2026,https://eu.boden.com/products/damen-schlauchschal-aus-gebuerstetem-kaschmir-braun-orange-a2311red?tc_ch=display&tc_ve=ba&tc_so=tradedesk&tc_me=pp&tc_ca=bau,,,148,IN STOCK,,,Braun-Orange,,,,TRUE,TRUE
55209934,55209934,55209934,Kate Plissiertes Hemdblusenkleid Damen Boden,https://eu.boden.com/products/damen-kate-plissiertes-hemdblusenkleid-waldgruen-d1793khk?tc_ch=display&tc_ve=ba&tc_so=tradedesk&tc_me=pp&tc_ca=bau,,,180.00,180.00,https://cdn.shopify.com/s/files/1/0680/4625/8428/files/26wwin_d1793_khk_m01_v1.jpg?v=1&width=800,Damen,Damen,03/10/2026,https://eu.boden.com/products/damen-kate-plissiertes-hemdblusenkleid-waldgruen-d1793khk?tc_ch=display&tc_ve=ba&tc_so=tradedesk&tc_me=pp&tc_ca=bau,,,42,IN STOCK,,,Waldgrün,,,,TRUE,TRUE
55233365,55233365,55233365,Mütze aus gebürstetem Kaschmir Damen Boden,https://eu.boden.com/products/damen-muetze-aus-gebuerstetem-kaschmir-kamelbraun-a2310neu?tc_ch=display&tc_ve=ba&tc_so=tradedesk&tc_me=pp&tc_ca=bau,,,86.00,86.00,https://cdn.shopify.com/s/files/1/0680/4625/8428/files/26wwin_a2310_neu_b344688d-14fb-44f2-948e-1fa1634a31a2.jpg?v=1&width=800,Damen,Damen,03/10/2026,https://eu.boden.com/products/damen-muetze-aus-gebuerstetem-kaschmir-kamelbraun-a2310neu?tc_ch=display&tc_ve=ba&tc_so=tradedesk&tc_me=pp&tc_ca=bau,,,295,IN STOCK,,,Kamelbraun,,,,TRUE,TRUE
55226307,55226307,55226307,Mya Gerafftes Samt-Midikleid Damen Boden,https://eu.boden.com/products/damen-mya-gerafftes-samt-midikleid-rote-beete-d1847red?tc_ch=display&tc_ve=ba&tc_so=tradedesk&tc_me=pp&tc_ca=bau,,,170.00,170.00,https://cdn.shopify.com/s/files/1/0680/4625/8428/files/26wwin_d1847_red_m01_v1_004a8536-a781-42dc-94f9-96ff5c6e23e9.jpg?v=1&width=800,Damen,Damen,03/10/2026,https://eu.boden.com/products/damen-mya-gerafftes-samt-midikleid-rote-beete-d1847red?tc_ch=display&tc_ve=ba&tc_so=tradedesk&tc_me=pp&tc_ca=bau,,,86,IN STOCK,,,Rote Beete,,,,TRUE,TRUE
55227406,55227406,55227406,Juliet Jersey-Midikleid Damen Boden,https://eu.boden.com/products/damen-juliet-jersey-midikleid-marineblau-pfauen-paradies-d1848nvy?tc_ch=display&tc_ve=ba&tc_so=tradedesk&tc_me=pp&tc_ca=bau,,,170.00,170.00,https://cdn.shopify.com/s/files/1/0680/4625/8428/files/26wwin_d1848_nvy_m01_9c42d677-1412-4864-81a4-1a642f0171af.jpg?v=1&width=800,Damen,Damen,03/10/2026,https://eu.boden.com/products/damen-juliet-jersey-midikleid-marineblau-pfauen-paradies-d1848nvy?tc_ch=display&tc_ve=ba&tc_so=tradedesk&tc_me=pp&tc_ca=bau,,,103,IN STOCK,,,"Marineblau, Pfauen-Paradies",,,,TRUE,TRUE
55227188,55227188,55227188,Juliet Jersey-Midikleid Damen Boden,https://eu.boden.com/products/damen-juliet-jersey-midikleid-dunkles-kirschrot-stickerei-d1848pur?tc_ch=display&tc_ve=ba&tc_so=tradedesk&tc_me=pp&tc_ca=bau,,,170.00,170.00,https://cdn.shopify.com/s/files/1/0680/4625/8428/files/26wwin_d1848_pur_m01_v4.jpg?v=1&width=800,Damen,Damen,03/10/2026,https://eu.boden.com/products/damen-juliet-jersey-midikleid-dunkles-kirschrot-stickerei-d1848pur?tc_ch=display&tc_ve=ba&tc_so=tradedesk&tc_me=pp&tc_ca=bau,,,142,IN STOCK,,,Dunkles Kirschrot Stickerei,,,,TRUE,TRUE
55226062,55226062,55226062,Mya Gerafftes Samt-Midikleid Damen Boden,https://eu.boden.com/products/damen-mya-gerafftes-samt-midikleid-black-beauty-d1847blk?tc_ch=display&tc_ve=ba&tc_so=tradedesk&tc_me=pp&tc_ca=bau,,,170.00,170.00,https://cdn.shopify.com/s/files/1/0680/4625/8428/files/26wwin_d1847_blk_m01_ac502381-5b71-448f-a082-7085c7d02149.jpg?v=1&width=800,Damen,Damen,03/10/2026,https://eu.boden.com/products/damen-mya-gerafftes-samt-midikleid-black-beauty-d1847blk?tc_ch=display&tc_ve=ba&tc_so=tradedesk&tc_me=pp&tc_ca=bau,,,106,IN STOCK,,,Black Beauty,,,,TRUE,TRUE
55226092,55226092,55226092,Nia Langärmliges Ottoman-Kleid Damen Boden,https://eu.boden.com/products/damen-nia-langaermliges-ottoman-kleid-leuchtendes-blau-d1831pbl?tc_ch=display&tc_ve=ba&tc_so=tradedesk&tc_me=pp&tc_ca=bau,,,120.00,120.00,https://cdn.shopify.com/s/files/1/0680/4625/8428/files/26wwin_d1831_pbl_m01_v2_271b4353-ee00-4a38-b22c-210eec2de72f.jpg?v=1&width=800,Damen,Damen,03/10/2026,https://eu.boden.com/products/damen-nia-langaermliges-ottoman-kleid-leuchtendes-blau-d1831pbl?tc_ch=display&tc_ve=ba&tc_so=tradedesk&tc_me=pp&tc_ca=bau,,,49,IN STOCK,,,Leuchtendes Blau,,,,TRUE,TRUE
55231769,55231769,55231769,Kat Pullover aus gebürstetem Kaschmir Damen Boden,https://eu.boden.com/products/damen-kat-pullover-aus-gebuerstetem-kaschmir-marineblau-rosa-gruen-argyle-k1190mul?tc_ch=display&tc_ve=ba&tc_so=tradedesk&tc_me=pp&tc_ca=bau,,,320.00,320.00,https://cdn.shopify.com/s/files/1/0680/4625/8428/files/26wwin_k1190_mul_w01.jpg?v=1&width=800,Damen,Damen,03/10/2026,https://eu.boden.com/products/damen-kat-pullover-aus-gebuerstetem-kaschmir-marineblau-rosa-gruen-argyle-k1190mul?tc_ch=display&tc_ve=ba&tc_so=tradedesk&tc_me=pp&tc_ca=bau,,,155,IN STOCK,,,"Marineblau, Rosa, Grün Argyle",,,,TRUE,TRUE
55226660,55226660,55226660,Grace Strickjacke in Blockfarben Damen Boden,https://eu.boden.com/products/damen-grace-strickjacke-in-blockfarben-marineblau-kamel-k1232nnv?tc_ch=display&tc_ve=ba&tc_so=tradedesk&tc_me=pp&tc_ca=bau,,,110.00,110.00,https://cdn.shopify.com/s/files/1/0680/4625/8428/files/26wwin_k1232_nnv_m01_8c46094d-8e43-4bac-916d-2e3303a82e5e.jpg?v=1&width=800,Damen,Damen,03/10/2026,https://eu.boden.com/products/damen-grace-strickjacke-in-blockfarben-marineblau-kamel-k1232nnv?tc_ch=display&tc_ve=ba&tc_so=tradedesk&tc_me=pp&tc_ca=bau,,,292,IN STOCK,,,"Marineblau, Kamel",,,,TRUE,TRUE
55233436,55233436,55233436,Edie Fair-Isle-Strickjacke Damen Boden,https://eu.boden.com/products/damen-edie-fair-isle-strickjacke-durchgehend-blau-fair-isle-k0851bbl?tc_ch=display&tc_ve=ba&tc_so=tradedesk&tc_me=pp&tc_ca=bau,,,150.00,150.00,https://cdn.shopify.com/s/files/1/0680/4625/8428/files/26wwin_k0851_bbl_m01_v2_59cccb1f-3a94-4970-b84a-460b00e405e5.jpg?v=1&width=800,Damen,Damen,03/10/2026,https://eu.boden.com/products/damen-edie-fair-isle-strickjacke-durchgehend-blau-fair-isle-k0851bbl?tc_ch=display&tc_ve=ba&tc_so=tradedesk&tc_me=pp&tc_ca=bau,,,294,IN STOCK,,,Durchgehend Blau Fair-Isle,,,,TRUE,TRUE
55226640,55226640,55226640,Grace Pullover in Blockfarben Damen Boden,https://eu.boden.com/products/damen-grace-pullover-in-blockfarben-camel-blau-k1204ntl?tc_ch=display&tc_ve=ba&tc_so=tradedesk&tc_me=pp&tc_ca=bau,,,99.00,99.00,https://cdn.shopify.com/s/files/1/0680/4625/8428/files/26wwin_k1204_ntl_m01_1586ef53-7a50-48af-aff0-6d159c640bbd.jpg?v=1&width=800,Damen,Damen,03/10/2026,https://eu.boden.com/products/damen-grace-pullover-in-blockfarben-camel-blau-k1204ntl?tc_ch=display&tc_ve=ba&tc_so=tradedesk&tc_me=pp&tc_ca=bau,,,370,IN STOCK,,,"Camel, Blau",,,,TRUE,TRUE
55210941,55210941,55210941,Kat Pullover aus gebürstetem Kaschmir Damen Boden,https://eu.boden.com/products/damen-kat-pullover-aus-gebuerstetem-kaschmir-braun-orange-k1190brn?tc_ch=display&tc_ve=ba&tc_so=tradedesk&tc_me=pp&tc_ca=bau,,,280.00,280.00,https://cdn.shopify.com/s/files/1/0680/4625/8428/files/26wwin_k1190_brn_m01_f70357c3-33dd-45de-b7a2-e3a244b5e8d2.jpg?v=1&width=800,Damen,Damen,03/10/2026,https://eu.boden.com/products/damen-kat-pullover-aus-gebuerstetem-kaschmir-braun-orange-k1190brn?tc_ch=display&tc_ve=ba&tc_so=tradedesk&tc_me=pp&tc_ca=bau,,,209,IN STOCK,,,Braun-Orange,,,,TRUE,TRUE
55226589,55226589,55226589,Mya Gerafftes Samt-Midikleid Damen Boden,https://eu.boden.com/products/damen-mya-gerafftes-samt-midikleid-saphirblau-d1847dbl?tc_ch=display&tc_ve=ba&tc_so=tradedesk&tc_me=pp&tc_ca=bau,,,170.00,170.00,https://cdn.shopify.com/s/files/1/0680/4625/8428/files/26wwin_d1847_dbl_m01_03477651-11e8-45de-bf1d-018fb9a28739.jpg?v=1&width=800,Damen,Damen,03/10/2026,https://eu.boden.com/products/damen-mya-gerafftes-samt-midikleid-saphirblau-d1847dbl?tc_ch=display&tc_ve=ba&tc_so=tradedesk&tc_me=pp&tc_ca=bau,,,95,IN STOCK,,,Saphirblau,,,,TRUE,TRUE
55226063,55226063,55226063,Meg Pullover mit Raglanärmeln Damen Boden,https://eu.boden.com/products/damen-meg-pullover-mit-raglanaermeln-waldlichtung-color-blocking-k0950grn?tc_ch=display&tc_ve=ba&tc_so=tradedesk&tc_me=pp&tc_ca=bau,,,99.00,99.00,https://cdn.shopify.com/s/files/1/0680/4625/8428/files/26wwin_k0950_grn_m01_844bc027-f40e-48a9-9c29-642327987359.jpg?v=1&width=800,Damen,Damen,03/10/2026,https://eu.boden.com/products/damen-meg-pullover-mit-raglanaermeln-waldlichtung-color-blocking-k0950grn?tc_ch=display&tc_ve=ba&tc_so=tradedesk&tc_me=pp&tc_ca=bau,,,302,IN STOCK,,,"Waldlichtung, Color Blocking",,,,TRUE,TRUE
55236117,55236117,55236117,Edie Fair-Isle-Pullover Damen Boden,https://eu.boden.com/products/damen-edie-fair-isle-pullover-blau-schneemann-fair-isle-k0853aqu?tc_ch=display&tc_ve=ba&tc_so=tradedesk&tc_me=pp&tc_ca=bau,,,140.00,140.00,https://cdn.shopify.com/s/files/1/0680/4625/8428/files/26wwin_k0853_aqu_m01_6c4e3acd-1cb6-4929-b90f-fcf564167e20.jpg?v=1&width=800,Damen,Damen,03/10/2026,https://eu.boden.com/products/damen-edie-fair-isle-pullover-blau-schneemann-fair-isle-k0853aqu?tc_ch=display&tc_ve=ba&tc_so=tradedesk&tc_me=pp&tc_ca=bau,,,496,IN STOCK,,,Blau Schneemann-Fair-Isle,,,,TRUE,TRUE
55221147,55221147,55221147,Liz Henley-Pullover Damen Boden,https://eu.boden.com/products/damen-liz-henley-pullover-graubraun-meliert-k1199ntl?tc_ch=display&tc_ve=ba&tc_so=tradedesk&tc_me=pp&tc_ca=bau,,,99.00,99.00,https://cdn.shopify.com/s/files/1/0680/4625/8428/files/26wwin_k1199_ntl_m01_v1_0592845e-667e-4ce9-a6b2-2c71b99cb381.jpg?v=1&width=800,Damen,Damen,03/10/2026,https://eu.boden.com/products/damen-liz-henley-pullover-graubraun-meliert-k1199ntl?tc_ch=display&tc_ve=ba&tc_so=tradedesk&tc_me=pp&tc_ca=bau,,,384,IN STOCK,,,Graubraun Meliert,,,,TRUE,TRUE
55225444,55225444,55225444,Meg Pullover mit Raglanärmeln Damen Boden,https://eu.boden.com/products/damen-meg-pullover-mit-raglanaermeln-merlot-color-blocking-k0950brn?tc_ch=display&tc_ve=ba&tc_so=tradedesk&tc_me=pp&tc_ca=bau,,,99.00,99.00,https://cdn.shopify.com/s/files/1/0680/4625/8428/files/26wwin_k0950_brn_m01_3b9dc3a9-b12a-4c2c-95f3-41054c5147a8.jpg?v=1&width=800,Damen,Damen,03/10/2026,https://eu.boden.com/products/damen-meg-pullover-mit-raglanaermeln-merlot-color-blocking-k0950brn?tc_ch=display&tc_ve=ba&tc_so=tradedesk&tc_me=pp&tc_ca=bau,,,327,IN STOCK,,,"Merlot, Color Blocking",,,,TRUE,TRUE
55226875,55226875,55226875,Grace Pullover in Blockfarben Damen Boden,https://eu.boden.com/products/damen-grace-pullover-in-blockfarben-mohnblumenrot-naturweiss-k1204ree?tc_ch=display&tc_ve=ba&tc_so=tradedesk&tc_me=pp&tc_ca=bau,,,99.00,99.00,https://cdn.shopify.com/s/files/1/0680/4625/8428/files/26wwin_k1204_ree_m01_d6eb2eb6-47e4-4995-aa22-b667dd7e8813.jpg?v=1&width=800,Damen,Damen,03/10/2026,https://eu.boden.com/products/damen-grace-pullover-in-blockfarben-mohnblumenrot-naturweiss-k1204ree?tc_ch=display&tc_ve=ba&tc_so=tradedesk&tc_me=pp&tc_ca=bau,,,363,IN STOCK,,,"Mohnblumenrot, Naturweiß",,,,TRUE,TRUE
55220617,55220617,55220617,Elsie Kaschmirpullover mit Rundhalsausschnitt Damen Boden,https://eu.boden.com/products/damen-elsie-kaschmirpullover-mit-rundhalsausschnitt-koenigliches-lila-k1298prp?tc_ch=display&tc_ve=ba&tc_so=tradedesk&tc_me=pp&tc_ca=bau,,,170.00,170.00,https://cdn.shopify.com/s/files/1/0680/4625/8428/files/26wwin_k1298_prp_m01.jpg?v=1&width=800,Damen,Damen,03/10/2026,https://eu.boden.com/products/damen-elsie-kaschmirpullover-mit-rundhalsausschnitt-koenigliches-lila-k1298prp?tc_ch=display&tc_ve=ba&tc_so=tradedesk&tc_me=pp&tc_ca=bau,,,254,IN STOCK,,,Königliches Lila,,,,TRUE,TRUE
55229370,55229370,55229370,Camilla Baumwollpullover mit Rundhalsausschnitt Damen Boden,https://eu.boden.com/products/damen-camilla-baumwollpullover-mit-rundhalsausschnitt-zaubertrank-violett-k1280pst?tc_ch=display&tc_ve=ba&tc_so=tradedesk&tc_me=pp&tc_ca=bau,,,86.00,86.00,https://cdn.shopify.com/s/files/1/0680/4625/8428/files/26wwin_k1280_pst_m01.jpg?v=1&width=800,Damen,Damen,03/10/2026,https://eu.boden.com/products/damen-camilla-baumwollpullover-mit-rundhalsausschnitt-zaubertrank-violett-k1280pst?tc_ch=display&tc_ve=ba&tc_so=tradedesk&tc_me=pp&tc_ca=bau,,,380,IN STOCK,,,Zaubertrank-Violett,,,,TRUE,TRUE
55228305,55228305,55228305,Elsie Kaschmir-Strickjacke mit Rundhalsausschnitt Damen Boden,https://eu.boden.com/products/damen-elsie-kaschmir-strickjacke-mit-rundhalsausschnitt-nerzbraun-melange-k1273neu?tc_ch=display&tc_ve=ba&tc_so=tradedesk&tc_me=pp&tc_ca=bau,,,180.00,180.00,https://cdn.shopify.com/s/files/1/0680/4625/8428/files/26wwin_k1273_neu_m01_bc8cb2fd-fe17-465e-931b-9b731dcd492b.jpg?v=1&width=800,Damen,Damen,03/10/2026,https://eu.boden.com/products/damen-elsie-kaschmir-strickjacke-mit-rundhalsausschnitt-nerzbraun-melange-k1273neu?tc_ch=display&tc_ve=ba&tc_so=tradedesk&tc_me=pp&tc_ca=bau,,,218,IN STOCK,,,Nerzbraun Melange,,,,TRUE,TRUE
55218124,55218124,55218124,Kurzer Wollmantel mit Trichterkragen Damen Boden,https://eu.boden.com/products/damen-kurzer-wollmantel-mit-trichterkragen-gruen-und-rosa-kariert-u0480mul?tc_ch=display&tc_ve=ba&tc_so=tradedesk&tc_me=pp&tc_ca=bau,,,380.00,380.00,https://cdn.shopify.com/s/files/1/0680/4625/8428/files/26wwin_u0480_mul_w01_dca8545a-242b-4466-8462-3f9bdab2ad5f.jpg?v=1&width=800,Damen,Damen,03/10/2026,https://eu.boden.com/products/damen-kurzer-wollmantel-mit-trichterkragen-gruen-und-rosa-kariert-u0480mul?tc_ch=display&tc_ve=ba&tc_so=tradedesk&tc_me=pp&tc_ca=bau,,,49,IN STOCK,,,Grün und Rosa Kariert,,,,TRUE,TRUE
55218341,55218341,55218341,Cotswold Wollmantel Damen Boden,https://eu.boden.com/products/damen-cotswold-wollmantel-camel-rosa-kariert-u0481mul?tc_ch=display&tc_ve=ba&tc_so=tradedesk&tc_me=pp&tc_ca=bau,,,380.00,380.00,https://cdn.shopify.com/s/files/1/0680/4625/8428/files/26wwin_u0481_mul_w01_30caba48-2adf-4524-acbb-c056204ac735.jpg?v=1&width=800,Damen,Damen,03/10/2026,https://eu.boden.com/products/damen-cotswold-wollmantel-camel-rosa-kariert-u0481mul?tc_ch=display&tc_ve=ba&tc_so=tradedesk&tc_me=pp&tc_ca=bau,,,33,IN STOCK,,,"Camel, Rosa Kariert",,,,TRUE,TRUE
55229389,55229389,55229389,Elsie Kaschmirpullover mit V-Ausschnitt Damen Boden,https://eu.boden.com/products/damen-elsie-kaschmirpullover-mit-v-ausschnitt-jagdgruen-k1333mgr?tc_ch=display&tc_ve=ba&tc_so=tradedesk&tc_me=pp&tc_ca=bau,,,170.00,170.00,https://cdn.shopify.com/s/files/1/0680/4625/8428/files/26wwin_k1333_mgr_m01_1c338ab4-7b0d-43f4-b8f2-1b14e6995799.jpg?v=1&width=800,Damen,Damen,03/10/2026,https://eu.boden.com/products/damen-elsie-kaschmirpullover-mit-v-ausschnitt-jagdgruen-k1333mgr?tc_ch=display&tc_ve=ba&tc_so=tradedesk&tc_me=pp&tc_ca=bau,,,259,IN STOCK,,,Jagdgrün,,,,TRUE,TRUE
55229359,55229359,55229359,Elsie Rollkragenpullover aus Kaschmir Damen Boden,https://eu.boden.com/products/damen-elsie-rollkragenpullover-aus-kaschmir-azurblau-k1343lbl?tc_ch=display&tc_ve=ba&tc_so=tradedesk&tc_me=pp&tc_ca=bau,,,180.00,180.00,https://cdn.shopify.com/s/files/1/0680/4625/8428/files/26wwin_k1343_lbl_w01.jpg?v=1&width=800,Damen,Damen,03/10/2026,https://eu.boden.com/products/damen-elsie-rollkragenpullover-aus-kaschmir-azurblau-k1343lbl?tc_ch=display&tc_ve=ba&tc_so=tradedesk&tc_me=pp&tc_ca=bau,,,215,IN STOCK,,,Azurblau,,,,TRUE,TRUE
55228912,55228912,55228912,Schlafanzugoberteil aus gebürsteter Baumwolle Damen Boden,https://eu.boden.com/products/damen-schlafanzugoberteil-aus-gebuersteter-baumwolle-orangenbluete-n0034ora?tc_ch=display&tc_ve=ba&tc_so=tradedesk&tc_me=pp&tc_ca=bau,,,69.00,69.00,https://cdn.shopify.com/s/files/1/0680/4625/8428/files/26wwin_n0034_ora_m01_11fc8cfc-0328-4f7f-a3b9-3b78ba295853.jpg?v=1&width=800,Damen,Damen,03/10/2026,https://eu.boden.com/products/damen-schlafanzugoberteil-aus-gebuersteter-baumwolle-orangenbluete-n0034ora?tc_ch=display&tc_ve=ba&tc_so=tradedesk&tc_me=pp&tc_ca=bau,,,199,IN STOCK,,,Orangenblüte,,,,TRUE,TRUE
55228520,55228520,55228520,Schlafanzughose aus gebürsteter Baumwolle Damen Boden,https://eu.boden.com/products/damen-schlafanzughose-aus-gebuersteter-baumwolle-orangenbluete-n0030ora?tc_ch=display&tc_ve=ba&tc_so=tradedesk&tc_me=pp&tc_ca=bau,,,69.00,69.00,https://cdn.shopify.com/s/files/1/0680/4625/8428/files/26wwin_n0030_ora_m01.jpg?v=1&width=800,Damen,Damen,03/10/2026,https://eu.boden.com/products/damen-schlafanzughose-aus-gebuersteter-baumwolle-orangenbluete-n0030ora?tc_ch=display&tc_ve=ba&tc_so=tradedesk&tc_me=pp&tc_ca=bau,,,337,IN STOCK,,,Orangenblüte,,,,TRUE,TRUE
55229098,55229098,55229098,Wollmantel mit Trichterkragen Damen Boden,https://eu.boden.com/products/damen-wollmantel-mit-trichterkragen-marineblau-u0394nav?tc_ch=display&tc_ve=ba&tc_so=tradedesk&tc_me=pp&tc_ca=bau,,,320.00,320.00,https://cdn.shopify.com/s/files/1/0680/4625/8428/files/26wwin_u0394_nav_m01_b12ab1e9-f765-4d71-8aa7-7ad0edcfc7eb.jpg?v=1&width=800,Damen,Damen,03/10/2026,https://eu.boden.com/products/damen-wollmantel-mit-trichterkragen-marineblau-u0394nav?tc_ch=display&tc_ve=ba&tc_so=tradedesk&tc_me=pp&tc_ca=bau,,,58,IN STOCK,,,Marineblau,,,,TRUE,TRUE
55233945,55233945,55233945,Sky Cordhemd Damen Boden,https://eu.boden.com/products/damen-sky-cordhemd-mitternachtsblau-smaragdgruen-t2196grn?tc_ch=display&tc_ve=ba&tc_so=tradedesk&tc_me=pp&tc_ca=bau,,,120.00,120.00,https://cdn.shopify.com/s/files/1/0680/4625/8428/files/26wwin_t2196_grn_m01_6dbabdd8-882a-4384-8a67-69134b73efc8.jpg?v=1&width=800,Damen,Damen,03/10/2026,https://eu.boden.com/products/damen-sky-cordhemd-mitternachtsblau-smaragdgruen-t2196grn?tc_ch=display&tc_ve=ba&tc_so=tradedesk&tc_me=pp&tc_ca=bau,,,103,IN STOCK,,,Mitternachtsblau Smaragdgrün,,,,TRUE,TRUE
55219502,55219502,55219502,Schwingender Cordrock Damen Boden,https://eu.boden.com/products/damen-schwingender-cordrock-mitternachtsblau-smaragdgruen-r1016grn?tc_ch=display&tc_ve=ba&tc_so=tradedesk&tc_me=pp&tc_ca=bau,,,120.00,120.00,https://cdn.shopify.com/s/files/1/0680/4625/8428/files/26wwin_r1016_grn_m01.jpg?v=1&width=800,Damen,Damen,03/10/2026,https://eu.boden.com/products/damen-schwingender-cordrock-mitternachtsblau-smaragdgruen-r1016grn?tc_ch=display&tc_ve=ba&tc_so=tradedesk&tc_me=pp&tc_ca=bau,,,60,IN STOCK,,,Mitternachtsblau Smaragdgrün,,,,TRUE,TRUE
55227108,55227108,55227108,Violettes Oberteil aus Baumwolle Damen Boden,https://eu.boden.com/products/damen-violettes-oberteil-aus-baumwolle-marineblau-gruen-und-rosa-kariert-t2192chk?tc_ch=display&tc_ve=ba&tc_so=tradedesk&tc_me=pp&tc_ca=bau,,,99.00,99.00,https://cdn.shopify.com/s/files/1/0680/4625/8428/files/26wwin_t2192_chk_m01.jpg?v=1&width=800,Damen,Damen,03/10/2026,https://eu.boden.com/products/damen-violettes-oberteil-aus-baumwolle-marineblau-gruen-und-rosa-kariert-t2192chk?tc_ch=display&tc_ve=ba&tc_so=tradedesk&tc_me=pp&tc_ca=bau,,,112,IN STOCK,,,"Marineblau, Grün und Rosa Kariert",,,,TRUE,TRUE
55228996,55228996,55228996,Aylesford Wollmantel Damen Boden,https://eu.boden.com/products/damen-aylesford-wollmantel-frisches-gruen-u0494mgr?tc_ch=display&tc_ve=ba&tc_so=tradedesk&tc_me=pp&tc_ca=bau,,,280.00,280.00,https://cdn.shopify.com/s/files/1/0680/4625/8428/files/26wwin_u0494_mgr_m01_c364fde0-869d-47dd-8575-a6c6e64c6648.jpg?v=1&width=800,Damen,Damen,03/10/2026,https://eu.boden.com/products/damen-aylesford-wollmantel-frisches-gruen-u0494mgr?tc_ch=display&tc_ve=ba&tc_so=tradedesk&tc_me=pp&tc_ca=bau,,,15,IN STOCK,,,Frisches Grün,,,,TRUE,TRUE
55226270,55226270,55226270,Stamford Wollblazer Damen Boden,https://eu.boden.com/products/damen-stamford-wollblazer-braun-blau-und-orange-kariert-u0473brm?tc_ch=display&tc_ve=ba&tc_so=tradedesk&tc_me=pp&tc_ca=bau,,,260.00,260.00,https://cdn.shopify.com/s/files/1/0680/4625/8428/files/26wwin_u0473_brm_m01_d4e99589-2c3f-4833-8d45-87aec2b3a872.jpg?v=1&width=800,Damen,Damen,03/10/2026,https://eu.boden.com/products/damen-stamford-wollblazer-braun-blau-und-orange-kariert-u0473brm?tc_ch=display&tc_ve=ba&tc_so=tradedesk&tc_me=pp&tc_ca=bau,,,48,IN STOCK,,,"Braun, Blau und Orange Kariert",,,,TRUE,TRUE
55228009,55228009,55228009,Aylesford Wollmantel Damen Boden,https://eu.boden.com/products/damen-aylesford-wollmantel-gelb-kastanienbraun-bunt-kariert-u0494yel?tc_ch=display&tc_ve=ba&tc_so=tradedesk&tc_me=pp&tc_ca=bau,,,340.00,340.00,https://cdn.shopify.com/s/files/1/0680/4625/8428/files/26wwin_u0494_yel_w01.jpg?v=1&width=800,Damen,Damen,03/10/2026,https://eu.boden.com/products/damen-aylesford-wollmantel-gelb-kastanienbraun-bunt-kariert-u0494yel?tc_ch=display&tc_ve=ba&tc_so=tradedesk&tc_me=pp&tc_ca=bau,,,79,IN STOCK,,,"Gelb, Kastanienbraun Bunt Kariert",,,,TRUE,TRUE
55227951,55227951,55227951,Zara Kurzes Cordkleid Damen Boden,https://eu.boden.com/products/damen-zara-kurzes-cordkleid-bitterschokolade-d1829brn?tc_ch=display&tc_ve=ba&tc_so=tradedesk&tc_me=pp&tc_ca=bau,,,140.00,140.00,https://cdn.shopify.com/s/files/1/0680/4625/8428/files/26wwin_d1829_brn_w01.jpg?v=1&width=800,Damen,Damen,03/10/2026,https://eu.boden.com/products/damen-zara-kurzes-cordkleid-bitterschokolade-d1829brn?tc_ch=display&tc_ve=ba&tc_so=tradedesk&tc_me=pp&tc_ca=bau,,,89,IN STOCK,,,Bitterschokolade,,,,TRUE,TRUE
55227067,55227067,55227067,Marianne Pullover aus Merinowolle Damen Boden,https://eu.boden.com/products/damen-marianne-pullover-aus-merinowolle-beige-k1301spt?tc_ch=display&tc_ve=ba&tc_so=tradedesk&tc_me=pp&tc_ca=bau,,,140.00,140.00,https://cdn.shopify.com/s/files/1/0680/4625/8428/files/26wwin_k1301_spt_m01_0a32a012-1353-425c-a6be-0a92b8a33589.jpg?v=1&width=800,Damen,Damen,03/10/2026,https://eu.boden.com/products/damen-marianne-pullover-aus-merinowolle-beige-k1301spt?tc_ch=display&tc_ve=ba&tc_so=tradedesk&tc_me=pp&tc_ca=bau,,,164,IN STOCK,,,Beige,,,,TRUE,TRUE
55220594,55220594,55220594,Elsie Kaschmir-Strickjacke mit Rundhalsausschnitt Damen Boden,https://eu.boden.com/products/damen-elsie-kaschmir-strickjacke-mit-rundhalsausschnitt-dunkles-burgunderrot-k1273ree?tc_ch=display&tc_ve=ba&tc_so=tradedesk&tc_me=pp&tc_ca=bau,,,180.00,180.00,https://cdn.shopify.com/s/files/1/0680/4625/8428/files/26wwin_k1273_ree_m01_c9615e4d-38a8-494b-ad9f-4a321ab5d078.jpg?v=1&width=800,Damen,Damen,03/10/2026,https://eu.boden.com/products/damen-elsie-kaschmir-strickjacke-mit-rundhalsausschnitt-dunkles-burgunderrot-k1273ree?tc_ch=display&tc_ve=ba&tc_so=tradedesk&tc_me=pp&tc_ca=bau,,,203,IN STOCK,,,Dunkles Burgunderrot,,,,TRUE,TRUE
55226442,55226442,55226442,Marta Pullover aus Merinowolle mit Rundhalsausschnitt Damen Boden,https://eu.boden.com/products/damen-marta-pullover-aus-merinowolle-mit-rundhalsausschnitt-kuddelmuddel-streifen-k1306mlt?tc_ch=display&tc_ve=ba&tc_so=tradedesk&tc_me=pp&tc_ca=bau,,,150.00,150.00,https://cdn.shopify.com/s/files/1/0680/4625/8428/files/26wwin_k1306_mlt_m01_d17d4fd4-a7f6-4043-af1a-231a690aa57c.jpg?v=1&width=800,Damen,Damen,03/10/2026,https://eu.boden.com/products/damen-marta-pullover-aus-merinowolle-mit-rundhalsausschnitt-kuddelmuddel-streifen-k1306mlt?tc_ch=display&tc_ve=ba&tc_so=tradedesk&tc_me=pp&tc_ca=bau,,,226,IN STOCK,,,Kuddelmuddel Streifen,,,,TRUE,TRUE
55229489,55229489,55229489,Elsie Rollkragenpullover aus Kaschmir Damen Boden,https://eu.boden.com/products/damen-elsie-rollkragenpullover-aus-kaschmir-marineblau-k1343nar?tc_ch=display&tc_ve=ba&tc_so=tradedesk&tc_me=pp&tc_ca=bau,,,180.00,180.00,https://cdn.shopify.com/s/files/1/0680/4625/8428/files/26wwin_k1343_nar_m01_7dc590b6-5b1a-4395-85fb-efb81bb8e3dd.jpg?v=1&width=800,Damen,Damen,03/10/2026,https://eu.boden.com/products/damen-elsie-rollkragenpullover-aus-kaschmir-marineblau-k1343nar?tc_ch=display&tc_ve=ba&tc_so=tradedesk&tc_me=pp&tc_ca=bau,,,170,IN STOCK,,,Marineblau,,,,TRUE,TRUE
55233446,55233446,55233446,Edie Fair-Isle-Pullover Damen Boden,https://eu.boden.com/products/damen-edie-fair-isle-pullover-rot-soldat-fair-isle-k0853ree?tc_ch=display&tc_ve=ba&tc_so=tradedesk&tc_me=pp&tc_ca=bau,,,140.00,140.00,https://cdn.shopify.com/s/files/1/0680/4625/8428/files/26wwin_k0853_ree_m01.jpg?v=1&width=800,Damen,Damen,03/10/2026,https://eu.boden.com/products/damen-edie-fair-isle-pullover-rot-soldat-fair-isle-k0853ree?tc_ch=display&tc_ve=ba&tc_so=tradedesk&tc_me=pp&tc_ca=bau,,,691,IN STOCK,,,Rot Soldat Fair-Isle,,,,TRUE,TRUE
55229582,55229582,55229582,Phoebe Strickjacke mit Kragen Damen Boden,https://eu.boden.com/products/damen-phoebe-strickjacke-mit-kragen-rot-camel-kariert-k1296ree?tc_ch=display&tc_ve=ba&tc_so=tradedesk&tc_me=pp&tc_ca=bau,,,190.00,190.00,https://cdn.shopify.com/s/files/1/0680/4625/8428/files/26wwin_k1296_ree_m01_4702368b-cd2e-4fb4-8c21-728d225a67cb.jpg?v=1&width=800,Damen,Damen,03/10/2026,https://eu.boden.com/products/damen-phoebe-strickjacke-mit-kragen-rot-camel-kariert-k1296ree?tc_ch=display&tc_ve=ba&tc_so=tradedesk&tc_me=pp&tc_ca=bau,,,126,IN STOCK,,,"Rot, Camel Kariert",,,,TRUE,TRUE
55229465,55229465,55229465,Camilla Rollkragenpullover Damen Boden,https://eu.boden.com/products/damen-camilla-rollkragenpullover-mitternachtsblaugruen-k1313grn?tc_ch=display&tc_ve=ba&tc_so=tradedesk&tc_me=pp&tc_ca=bau,,,99.00,99.00,https://cdn.shopify.com/s/files/1/0680/4625/8428/files/26wwin_k1313_grn_m01_d0334be7-242a-448f-ad7c-4610bd38cd74.jpg?v=1&width=800,Damen,Damen,03/10/2026,https://eu.boden.com/products/damen-camilla-rollkragenpullover-mitternachtsblaugruen-k1313grn?tc_ch=display&tc_ve=ba&tc_so=tradedesk&tc_me=pp&tc_ca=bau,,,323,IN STOCK,,,Mitternachtsblaugrün,,,,TRUE,TRUE
55216201,55216201,55216201,Weste aus Wollmischgewebe mit V-Ausschnitt Damen Boden,https://eu.boden.com/products/damen-weste-aus-wollmischgewebe-mit-v-ausschnitt-navy-nadelstreifen-u0474nav?tc_ch=display&tc_ve=ba&tc_so=tradedesk&tc_me=pp&tc_ca=bau,,,150.00,150.00,https://cdn.shopify.com/s/files/1/0680/4625/8428/files/26wwin_u0474_nav_m01_v2.jpg?v=1&width=800,Damen,Damen,03/10/2026,https://eu.boden.com/products/damen-weste-aus-wollmischgewebe-mit-v-ausschnitt-navy-nadelstreifen-u0474nav?tc_ch=display&tc_ve=ba&tc_so=tradedesk&tc_me=pp&tc_ca=bau,,,53,IN STOCK,,,"Navy, Nadelstreifen",,,,TRUE,TRUE
55227339,55227339,55227339,Sara Seidenhemd Damen Boden,https://eu.boden.com/products/damen-sara-seidenhemd-waldbraun-boden-punkte-t2000pnt?tc_ch=display&tc_ve=ba&tc_so=tradedesk&tc_me=pp&tc_ca=bau,,,190.00,190.00,https://cdn.shopify.com/s/files/1/0680/4625/8428/files/26wwin_t2000_pnt_m01.jpg?v=1&width=800,Damen,Damen,03/10/2026,https://eu.boden.com/products/damen-sara-seidenhemd-waldbraun-boden-punkte-t2000pnt?tc_ch=display&tc_ve=ba&tc_so=tradedesk&tc_me=pp&tc_ca=bau,,,92,IN STOCK,,,"Waldbraun, Boden-Punkte",,,,TRUE,TRUE
55229470,55229470,55229470,Camilla Rollkragenpullover Damen Boden,https://eu.boden.com/products/damen-camilla-rollkragenpullover-erdiges-rot-k1313red?tc_ch=display&tc_ve=ba&tc_so=tradedesk&tc_me=pp&tc_ca=bau,,,99.00,99.00,https://cdn.shopify.com/s/files/1/0680/4625/8428/files/26wwin_k1313_red_m01.jpg?v=1&width=800,Damen,Damen,03/10/2026,https://eu.boden.com/products/damen-camilla-rollkragenpullover-erdiges-rot-k1313red?tc_ch=display&tc_ve=ba&tc_so=tradedesk&tc_me=pp&tc_ca=bau,,,321,IN STOCK,,,Erdiges Rot,,,,TRUE,TRUE
55226524,55226524,55226524,Keswick Cordblazer Damen Boden,https://eu.boden.com/products/damen-keswick-cordblazer-dunkles-purpur-u0500rus?tc_ch=display&tc_ve=ba&tc_so=tradedesk&tc_me=pp&tc_ca=bau,,,190.00,190.00,https://cdn.shopify.com/s/files/1/0680/4625/8428/files/26wwin_u0500_rus_m01_v8.jpg?v=1&width=800,Damen,Damen,03/10/2026,https://eu.boden.com/products/damen-keswick-cordblazer-dunkles-purpur-u0500rus?tc_ch=display&tc_ve=ba&tc_so=tradedesk&tc_me=pp&tc_ca=bau,,,48,IN STOCK,,,Dunkles Purpur,,,,TRUE,TRUE
55220057,55220057,55220057,Canonbury Hose aus Wollmischung Damen Boden,https://eu.boden.com/products/damen-canonbury-hose-aus-wollmischung-dunkelgruen-fischgraetmuster-r0823mos?tc_ch=display&tc_ve=ba&tc_so=tradedesk&tc_me=pp&tc_ca=bau,,,190.00,190.00,https://cdn.shopify.com/s/files/1/0680/4625/8428/files/26wwin_r0823_mos_m01_0bdfe5f8-beed-4e82-ba0f-253cdbf498f9.jpg?v=1&width=800,Damen,Damen,03/10/2026,https://eu.boden.com/products/damen-canonbury-hose-aus-wollmischung-dunkelgruen-fischgraetmuster-r0823mos?tc_ch=display&tc_ve=ba&tc_so=tradedesk&tc_me=pp&tc_ca=bau,,,81,IN STOCK,,,Dunkelgrün Fischgrätmuster,,,,TRUE,TRUE
55225640,55225640,55225640,Samtkleid mit drapierten Ärmeln Damen Boden,https://eu.boden.com/products/damen-samtkleid-mit-drapierten-aermeln-marineblau-d1868nav?tc_ch=display&tc_ve=ba&tc_so=tradedesk&tc_me=pp&tc_ca=bau,,,170.00,170.00,https://cdn.shopify.com/s/files/1/0680/4625/8428/files/26wwin_d1868_nav_m01.jpg?v=1&width=800,Damen,Damen,03/10/2026,https://eu.boden.com/products/damen-samtkleid-mit-drapierten-aermeln-marineblau-d1868nav?tc_ch=display&tc_ve=ba&tc_so=tradedesk&tc_me=pp&tc_ca=bau,,,100,IN STOCK,,,Marineblau,,,,TRUE,TRUE
55233322,55233322,55233322,Cassie Teekleid aus Spitze Damen Boden,https://eu.boden.com/products/damen-cassie-teekleid-aus-spitze-dunkles-aurorablau-d1874lbl?tc_ch=display&tc_ve=ba&tc_so=tradedesk&tc_me=pp&tc_ca=bau,,,299.00,299.00,https://cdn.shopify.com/s/files/1/0680/4625/8428/files/26wwin_d1874_lbl_m01_2907545b-1b7c-4470-9f0f-2b806a1e800d.jpg?v=1&width=800,Damen,Damen,03/10/2026,https://eu.boden.com/products/damen-cassie-teekleid-aus-spitze-dunkles-aurorablau-d1874lbl?tc_ch=display&tc_ve=ba&tc_so=tradedesk&tc_me=pp&tc_ca=bau,,,40,IN STOCK,,,Dunkles Aurorablau,,,,TRUE,TRUE
55229366,55229366,55229366,Elsie Rollkragenpullover aus Kaschmir Damen Boden,https://eu.boden.com/products/damen-elsie-rollkragenpullover-aus-kaschmir-dunkles-burgunderrot-k1343red?tc_ch=display&tc_ve=ba&tc_so=tradedesk&tc_me=pp&tc_ca=bau,,,180.00,180.00,https://cdn.shopify.com/s/files/1/0680/4625/8428/files/26wwin_k1343_red_m01.jpg?v=1&width=800,Damen,Damen,03/10/2026,https://eu.boden.com/products/damen-elsie-rollkragenpullover-aus-kaschmir-dunkles-burgunderrot-k1343red?tc_ch=display&tc_ve=ba&tc_so=tradedesk&tc_me=pp&tc_ca=bau,,,265,IN STOCK,,,Dunkles Burgunderrot,,,,TRUE,TRUE
55226212,55226212,55226212,Samtkleid mit drapierten Ärmeln Damen Boden,https://eu.boden.com/products/damen-samtkleid-mit-drapierten-aermeln-dunkle-kirsche-d1868prp?tc_ch=display&tc_ve=ba&tc_so=tradedesk&tc_me=pp&tc_ca=bau,,,170.00,170.00,https://cdn.shopify.com/s/files/1/0680/4625/8428/files/26wwin_d1868_prp_m01.jpg?v=1&width=800,Damen,Damen,03/10/2026,https://eu.boden.com/products/damen-samtkleid-mit-drapierten-aermeln-dunkle-kirsche-d1868prp?tc_ch=display&tc_ve=ba&tc_so=tradedesk&tc_me=pp&tc_ca=bau,,,45,IN STOCK,,,Dunkle Kirsche,,,,TRUE,TRUE
55231860,55231860,55231860,Kat Strickjacke aus gebürstetem Kaschmir Damen Boden,https://eu.boden.com/products/damen-kat-strickjacke-aus-gebuerstetem-kaschmir-dunkle-kirsche-punkte-k1156drd?tc_ch=display&tc_ve=ba&tc_so=tradedesk&tc_me=pp&tc_ca=bau,,,299.00,299.00,https://cdn.shopify.com/s/files/1/0680/4625/8428/files/26wwin_k1156_drd_m01.jpg?v=1&width=800,Damen,Damen,03/10/2026,https://eu.boden.com/products/damen-kat-strickjacke-aus-gebuerstetem-kaschmir-dunkle-kirsche-punkte-k1156drd?tc_ch=display&tc_ve=ba&tc_so=tradedesk&tc_me=pp&tc_ca=bau,,,108,IN STOCK,,,Dunkle Kirsche Punkte,,,,TRUE,TRUE
55220301,55220301,55220301,"Cord-Jeans mit hohem Bund und geradem, lockerem Bein Damen Boden",https://eu.boden.com/products/damen-cord-jeans-mit-hohem-bund-und-geradem-lockerem-bein-bitterschokolade-r0768brm?tc_ch=display&tc_ve=ba&tc_so=tradedesk&tc_me=pp&tc_ca=bau,,,140.00,140.00,https://cdn.shopify.com/s/files/1/0680/4625/8428/files/26wwin_r0768_brm_m01_9ffa0e2a-3592-4399-995c-5e92d3d067ae.jpg?v=1&width=800,Damen,Damen,03/10/2026,https://eu.boden.com/products/damen-cord-jeans-mit-hohem-bund-und-geradem-lockerem-bein-bitterschokolade-r0768brm?tc_ch=display&tc_ve=ba&tc_so=tradedesk&tc_me=pp&tc_ca=bau,,,95,IN STOCK,,,Bitterschokolade,,,,TRUE,TRUE
55226821,55226821,55226821,Zara Kurzes Cordkleid Damen Boden,https://eu.boden.com/products/damen-zara-kurzes-cordkleid-mitternachtsblau-smaragdgruen-d1829mgr?tc_ch=display&tc_ve=ba&tc_so=tradedesk&tc_me=pp&tc_ca=bau,,,140.00,140.00,https://cdn.shopify.com/s/files/1/0680/4625/8428/files/26wwin_d1829_mgr_m01_67c18f82-4f4b-4419-98d9-c5af641895ed.jpg?v=1&width=800,Damen,Damen,03/10/2026,https://eu.boden.com/products/damen-zara-kurzes-cordkleid-mitternachtsblau-smaragdgruen-d1829mgr?tc_ch=display&tc_ve=ba&tc_so=tradedesk&tc_me=pp&tc_ca=bau,,,62,IN STOCK,,,Mitternachtsblau Smaragdgrün,,,,TRUE,TRUE
55233225,55233225,55233225,Maeve Hemdblusenkleid für besondere Anlässe Damen Boden,https://eu.boden.com/products/damen-maeve-hemdblusenkleid-fuer-besondere-anlaesse-marineblau-gruen-und-blau-kariert-d1799nav?tc_ch=display&tc_ve=ba&tc_so=tradedesk&tc_me=pp&tc_ca=bau,,,280.00,280.00,https://cdn.shopify.com/s/files/1/0680/4625/8428/files/26waut_d1799_nav_w01.jpg?v=1&width=800,Damen,Damen,03/10/2026,https://eu.boden.com/products/damen-maeve-hemdblusenkleid-fuer-besondere-anlaesse-marineblau-gruen-und-blau-kariert-d1799nav?tc_ch=display&tc_ve=ba&tc_so=tradedesk&tc_me=pp&tc_ca=bau,,,116,IN STOCK,,,"Marineblau, Grün und Blau Kariert",,,,TRUE,TRUE
55226395,55226395,55226395,Belgravia Cordhose Damen Boden,https://eu.boden.com/products/damen-belgravia-cordhose-dunkle-traube-r0994pur?tc_ch=display&tc_ve=ba&tc_so=tradedesk&tc_me=pp&tc_ca=bau,,,150.00,150.00,https://cdn.shopify.com/s/files/1/0680/4625/8428/files/26wwin_r0994_pur_m01_ee40fb1e-19f9-4984-9843-b04c1c2738ef.jpg?v=1&width=800,Damen,Damen,03/10/2026,https://eu.boden.com/products/damen-belgravia-cordhose-dunkle-traube-r0994pur?tc_ch=display&tc_ve=ba&tc_so=tradedesk&tc_me=pp&tc_ca=bau,,,104,IN STOCK,,,Dunkle Traube,,,,TRUE,TRUE
55231738,55231738,55231738,Cotswold Wollmantel Damen Boden,https://eu.boden.com/products/damen-cotswold-wollmantel-grau-fischgraet-u0481gry?tc_ch=display&tc_ve=ba&tc_so=tradedesk&tc_me=pp&tc_ca=bau,,,380.00,380.00,https://cdn.shopify.com/s/files/1/0680/4625/8428/files/26wwin_u0481_gry_m01_ec2a7a5b-7721-4f21-ae34-45951acd5142.jpg?v=1&width=800,Damen,Damen,03/10/2026,https://eu.boden.com/products/damen-cotswold-wollmantel-grau-fischgraet-u0481gry?tc_ch=display&tc_ve=ba&tc_so=tradedesk&tc_me=pp&tc_ca=bau,,,46,IN STOCK,,,Grau Fischgrät,,,,TRUE,TRUE
55232542,55232542,55232542,Stamford Ponte-Blazer Damen Boden,https://eu.boden.com/products/damen-stamford-ponte-blazer-waldgruen-u0472grn?tc_ch=display&tc_ve=ba&tc_so=tradedesk&tc_me=pp&tc_ca=bau,,,150.00,150.00,https://cdn.shopify.com/s/files/1/0680/4625/8428/files/26wwin_u0472_grn_m01_e036b1e6-9d08-4d52-a21a-7947d048b2b7.jpg?v=1&width=800,Damen,Damen,03/10/2026,https://eu.boden.com/products/damen-stamford-ponte-blazer-waldgruen-u0472grn?tc_ch=display&tc_ve=ba&tc_so=tradedesk&tc_me=pp&tc_ca=bau,,,93,IN STOCK,,,Waldgrün,,,,TRUE,TRUE
55228784,55228784,55228784,Lou Kariertes Etuikleid aus Wolle Damen Boden,https://eu.boden.com/products/damen-lou-kariertes-etuikleid-aus-wolle-gruen-marineblau-und-blaugruen-kariert-d1872grn?tc_ch=display&tc_ve=ba&tc_so=tradedesk&tc_me=pp&tc_ca=bau,,,180.00,180.00,https://cdn.shopify.com/s/files/1/0680/4625/8428/files/26wwin_d1872_grn_w01.jpg?v=1&width=800,Damen,Damen,03/10/2026,https://eu.boden.com/products/damen-lou-kariertes-etuikleid-aus-wolle-gruen-marineblau-und-blaugruen-kariert-d1872grn?tc_ch=display&tc_ve=ba&tc_so=tradedesk&tc_me=pp&tc_ca=bau,,,33,IN STOCK,,,"Grün, Marineblau und Blaugrün Kariert",,,,TRUE,TRUE
55233200,55233200,55233200,Cassie Teekleid aus Spitze Damen Boden,https://eu.boden.com/products/damen-cassie-teekleid-aus-spitze-dunkle-kirsche-d1874prp?tc_ch=display&tc_ve=ba&tc_so=tradedesk&tc_me=pp&tc_ca=bau,,,299.00,299.00,https://cdn.shopify.com/s/files/1/0680/4625/8428/files/26wwin_d1874_prp_m01_535d899e-1a18-44f5-b117-738eaf3c032f.jpg?v=1&width=800,Damen,Damen,03/10/2026,https://eu.boden.com/products/damen-cassie-teekleid-aus-spitze-dunkle-kirsche-d1874prp?tc_ch=display&tc_ve=ba&tc_so=tradedesk&tc_me=pp&tc_ca=bau,,,155,IN STOCK,,,Dunkle Kirsche,,,,TRUE,TRUE
55226974,55226974,55226974,Samt-Jumpsuit mit Wasserfallausschnitt Damen Boden,https://eu.boden.com/products/damen-samt-jumpsuit-mit-wasserfallausschnitt-dunkles-aurorablau-d1841blu?tc_ch=display&tc_ve=ba&tc_so=tradedesk&tc_me=pp&tc_ca=bau,,,150.00,150.00,https://cdn.shopify.com/s/files/1/0680/4625/8428/files/26wwin_d1841_blu_m01_v1_ebdbc7c1-f43d-4211-9d57-297eeaff522f.jpg?v=1&width=800,Damen,Damen,03/10/2026,https://eu.boden.com/products/damen-samt-jumpsuit-mit-wasserfallausschnitt-dunkles-aurorablau-d1841blu?tc_ch=display&tc_ve=ba&tc_so=tradedesk&tc_me=pp&tc_ca=bau,,,53,IN STOCK,,,Dunkles Aurorablau,,,,TRUE,TRUE
55225929,55225929,55225929,Verkürzte Strickjacke mit Fellkragen Damen Boden,https://eu.boden.com/products/damen-verkuerzte-strickjacke-mit-fellkragen-schwarz-k1170blw?tc_ch=display&tc_ve=ba&tc_so=tradedesk&tc_me=pp&tc_ca=bau,,,170.00,170.00,https://cdn.shopify.com/s/files/1/0680/4625/8428/files/26wwin_k1170_blw_m01.jpg?v=1&width=800,Damen,Damen,03/10/2026,https://eu.boden.com/products/damen-verkuerzte-strickjacke-mit-fellkragen-schwarz-k1170blw?tc_ch=display&tc_ve=ba&tc_so=tradedesk&tc_me=pp&tc_ca=bau,,,205,IN STOCK,,,Schwarz,,,,TRUE,TRUE
55221728,55221728,55221728,Schmal geschnittene Cord-Jeans mit hohem Bund Damen Boden,https://eu.boden.com/products/damen-schmal-geschnittene-cord-jeans-mit-hohem-bund-schwarz-r0766bla?tc_ch=display&tc_ve=ba&tc_so=tradedesk&tc_me=pp&tc_ca=bau,,,110.00,110.00,https://cdn.shopify.com/s/files/1/0680/4625/8428/files/26wwin_r0766_bla_m01_34daeb94-03fb-44da-91b8-a26411ffe340.jpg?v=1&width=800,Damen,Damen,03/10/2026,https://eu.boden.com/products/damen-schmal-geschnittene-cord-jeans-mit-hohem-bund-schwarz-r0766bla?tc_ch=display&tc_ve=ba&tc_so=tradedesk&tc_me=pp&tc_ca=bau,,,67,IN STOCK,,,Schwarz,,,,TRUE,TRUE
55226655,55226655,55226655,Ariadne Pullover aus Alpaka-Mischung Damen Boden,https://eu.boden.com/products/damen-ariadne-pullover-aus-alpaka-mischung-blau-argyle-k1328mlt?tc_ch=display&tc_ve=ba&tc_so=tradedesk&tc_me=pp&tc_ca=bau,,,170.00,170.00,https://cdn.shopify.com/s/files/1/0680/4625/8428/files/26wwin_k1328_mlt_m01_4ee4b6ac-2519-4527-8625-a14a64354a3e.jpg?v=1&width=800,Damen,Damen,03/10/2026,https://eu.boden.com/products/damen-ariadne-pullover-aus-alpaka-mischung-blau-argyle-k1328mlt?tc_ch=display&tc_ve=ba&tc_so=tradedesk&tc_me=pp&tc_ca=bau,,,275,IN STOCK,,,Blau Argyle,,,,TRUE,TRUE
55222507,55222507,55222507,Belgravia Hose aus Jumbo-Cord Damen Boden,https://eu.boden.com/products/damen-belgravia-hose-aus-jumbo-cord-graublau-r0777blu?tc_ch=display&tc_ve=ba&tc_so=tradedesk&tc_me=pp&tc_ca=bau,,,170.00,170.00,https://cdn.shopify.com/s/files/1/0680/4625/8428/files/26wwin_r0777_blu_m01_ae595e24-1eaf-4e78-a084-a8e33b55e7a2.jpg?v=1&width=800,Damen,Damen,03/10/2026,https://eu.boden.com/products/damen-belgravia-hose-aus-jumbo-cord-graublau-r0777blu?tc_ch=display&tc_ve=ba&tc_so=tradedesk&tc_me=pp&tc_ca=bau,,,77,IN STOCK,,,Graublau,,,,TRUE,TRUE
55223042,55223042,55223042,Belgravia Hose aus Jumbo-Cord Damen Boden,https://eu.boden.com/products/damen-belgravia-hose-aus-jumbo-cord-bitterschokolade-r0777brm?tc_ch=display&tc_ve=ba&tc_so=tradedesk&tc_me=pp&tc_ca=bau,,,170.00,170.00,https://cdn.shopify.com/s/files/1/0680/4625/8428/files/26wwin_r0777_brm_m01_v2.jpg?v=1&width=800,Damen,Damen,03/10/2026,https://eu.boden.com/products/damen-belgravia-hose-aus-jumbo-cord-bitterschokolade-r0777brm?tc_ch=display&tc_ve=ba&tc_so=tradedesk&tc_me=pp&tc_ca=bau,,,108,IN STOCK,,,Bitterschokolade,,,,TRUE,TRUE
55220134,55220134,55220134,Belgravia Hose aus Wollmischung Damen Boden,https://eu.boden.com/products/damen-belgravia-hose-aus-wollmischung-rosa-und-kastanienbraun-kariert-r0779pin?tc_ch=display&tc_ve=ba&tc_so=tradedesk&tc_me=pp&tc_ca=bau,,,210.00,210.00,https://cdn.shopify.com/s/files/1/0680/4625/8428/files/26wwin_r0779_pin_m01_86b8b594-3b12-4c34-86fd-4d35123c5730.jpg?v=1&width=800,Damen,Damen,03/10/2026,https://eu.boden.com/products/damen-belgravia-hose-aus-wollmischung-rosa-und-kastanienbraun-kariert-r0779pin?tc_ch=display&tc_ve=ba&tc_so=tradedesk&tc_me=pp&tc_ca=bau,,,72,IN STOCK,,,Rosa und Kastanienbraun Kariert,,,,TRUE,TRUE
55225474,55225474,55225474,Belgravia Ponte-Hose Damen Boden,https://eu.boden.com/products/damen-belgravia-ponte-hose-koenigsrot-r0814brd?tc_ch=display&tc_ve=ba&tc_so=tradedesk&tc_me=pp&tc_ca=bau,,,120.00,120.00,https://cdn.shopify.com/s/files/1/0680/4625/8428/files/26wwin_r0814_brd_m01_55d41c8a-11e7-42b1-86bc-1f1ac5b8d237.jpg?v=1&width=800,Damen,Damen,03/10/2026,https://eu.boden.com/products/damen-belgravia-ponte-hose-koenigsrot-r0814brd?tc_ch=display&tc_ve=ba&tc_so=tradedesk&tc_me=pp&tc_ca=bau,,,114,IN STOCK,,,Königsrot,,,,TRUE,TRUE
55219984,55219984,55219984,Plissierter Midi-Kilt Damen Boden,https://eu.boden.com/products/damen-plissierter-midi-kilt-kuddelmuddel-karo-r1014mlt?tc_ch=display&tc_ve=ba&tc_so=tradedesk&tc_me=pp&tc_ca=bau,,,240.00,240.00,https://cdn.shopify.com/s/files/1/0680/4625/8428/files/26waut_r1014_mlt_w01_62505c32-2b5a-4777-9111-d3c5a2df73a6.jpg?v=1&width=800,Damen,Damen,03/10/2026,https://eu.boden.com/products/damen-plissierter-midi-kilt-kuddelmuddel-karo-r1014mlt?tc_ch=display&tc_ve=ba&tc_so=tradedesk&tc_me=pp&tc_ca=bau,,,64,IN STOCK,,,Kuddelmuddel-Karo,,,,TRUE,TRUE
55228941,55228941,55228941,Wollmantel mit Trichterkragen Damen Boden,https://eu.boden.com/products/damen-wollmantel-mit-trichterkragen-festival-fuchsia-u0394ros?tc_ch=display&tc_ve=ba&tc_so=tradedesk&tc_me=pp&tc_ca=bau,,,320.00,320.00,https://cdn.shopify.com/s/files/1/0680/4625/8428/files/26wwin_u0394_ros_m01_8a2a315c-67e7-43e4-a19f-3701174d13e8.jpg?v=1&width=800,Damen,Damen,03/10/2026,https://eu.boden.com/products/damen-wollmantel-mit-trichterkragen-festival-fuchsia-u0394ros?tc_ch=display&tc_ve=ba&tc_so=tradedesk&tc_me=pp&tc_ca=bau,,,74,IN STOCK,,,Festival-Fuchsia,,,,TRUE,TRUE
55220333,55220333,55220333,Stamford Ponte-Blazer Damen Boden,https://eu.boden.com/products/damen-stamford-ponte-blazer-koenigsrot-u0472red?tc_ch=display&tc_ve=ba&tc_so=tradedesk&tc_me=pp&tc_ca=bau,,,150.00,150.00,https://cdn.shopify.com/s/files/1/0680/4625/8428/files/26wwin_u0472_red_m01_d0b754e7-9c8d-4992-8701-52d497b07773.jpg?v=1&width=800,Damen,Damen,03/10/2026,https://eu.boden.com/products/damen-stamford-ponte-blazer-koenigsrot-u0472red?tc_ch=display&tc_ve=ba&tc_so=tradedesk&tc_me=pp&tc_ca=bau,,,54,IN STOCK,,,Königsrot,,,,TRUE,TRUE
55228082,55228082,55228082,Stamford Wollblazer Damen Boden,https://eu.boden.com/products/damen-stamford-wollblazer-rosa-und-kastanienbraun-kariert-u0473pin?tc_ch=display&tc_ve=ba&tc_so=tradedesk&tc_me=pp&tc_ca=bau,,,260.00,260.00,https://cdn.shopify.com/s/files/1/0680/4625/8428/files/26wwin_u0473_pin_w01_v1.jpg?v=1&width=800,Damen,Damen,03/10/2026,https://eu.boden.com/products/damen-stamford-wollblazer-rosa-und-kastanienbraun-kariert-u0473pin?tc_ch=display&tc_ve=ba&tc_so=tradedesk&tc_me=pp&tc_ca=bau,,,62,IN STOCK,,,Rosa und Kastanienbraun Kariert,,,,TRUE,TRUE
55228617,55228617,55228617,Aylesford Wollmantel Damen Boden,https://eu.boden.com/products/damen-aylesford-wollmantel-blaugruen-meer-u0494blu?tc_ch=display&tc_ve=ba&tc_so=tradedesk&tc_me=pp&tc_ca=bau,,,280.00,280.00,https://cdn.shopify.com/s/files/1/0680/4625/8428/files/26wwin_u0494_blu_m01.jpg?v=1&width=800,Damen,Damen,03/10/2026,https://eu.boden.com/products/damen-aylesford-wollmantel-blaugruen-meer-u0494blu?tc_ch=display&tc_ve=ba&tc_so=tradedesk&tc_me=pp&tc_ca=bau,,,65,IN STOCK,,,Blaugrün Meer,,,,TRUE,TRUE
55229153,55229153,55229153,Mantel aus Wollmischgewebe mit aufgesetzten Taschen Damen Boden,https://eu.boden.com/products/damen-mantel-aus-wollmischgewebe-mit-aufgesetzten-taschen-marineblau-gruen-und-blau-kariert-u0509nvy?tc_ch=display&tc_ve=ba&tc_so=tradedesk&tc_me=pp&tc_ca=bau,,,420.00,420.00,https://cdn.shopify.com/s/files/1/0680/4625/8428/files/26waut_u0509_nvy_w01_5e37aad9-5913-49e2-ba99-5c2d8f29f50a.jpg?v=1&width=800,Damen,Damen,03/10/2026,https://eu.boden.com/products/damen-mantel-aus-wollmischgewebe-mit-aufgesetzten-taschen-marineblau-gruen-und-blau-kariert-u0509nvy?tc_ch=display&tc_ve=ba&tc_so=tradedesk&tc_me=pp&tc_ca=bau,,,112,IN STOCK,,,"Marineblau, Grün und Blau Kariert",,,,TRUE,TRUE
55220264,55220264,55220264,Dartmouth Blazer aus Wollmischgewebe Damen Boden,https://eu.boden.com/products/damen-dartmouth-blazer-aus-wollmischgewebe-naturweiss-blau-und-kastanienbraun-kariert-u0502brn?tc_ch=display&tc_ve=ba&tc_so=tradedesk&tc_me=pp&tc_ca=bau,,,240.00,240.00,https://cdn.shopify.com/s/files/1/0680/4625/8428/files/26wwin_u0502_brn_w01.jpg?v=1&width=800,Damen,Damen,03/10/2026,https://eu.boden.com/products/damen-dartmouth-blazer-aus-wollmischgewebe-naturweiss-blau-und-kastanienbraun-kariert-u0502brn?tc_ch=display&tc_ve=ba&tc_so=tradedesk&tc_me=pp&tc_ca=bau,,,38,IN STOCK,,,"Naturweiß, Blau und Kastanienbraun Kariert",,,,TRUE,TRUE
55228995,55228995,55228995,Aylesford Wollmantel Damen Boden,https://eu.boden.com/products/damen-aylesford-wollmantel-hellrosa-u0494ros?tc_ch=display&tc_ve=ba&tc_so=tradedesk&tc_me=pp&tc_ca=bau,,,280.00,280.00,https://cdn.shopify.com/s/files/1/0680/4625/8428/files/26wwin_u0494_ros_m01_76df1689-7f46-4b01-b871-233e18fbb28e.jpg?v=1&width=800,Damen,Damen,03/10/2026,https://eu.boden.com/products/damen-aylesford-wollmantel-hellrosa-u0494ros?tc_ch=display&tc_ve=ba&tc_so=tradedesk&tc_me=pp&tc_ca=bau,,,51,IN STOCK,,,Hellrosa,,,,TRUE,TRUE
55228128,55228128,55228128,Party-Oberteil mit Kunstfedern an den Manschetten Damen Boden,https://eu.boden.com/products/damen-party-oberteil-mit-kunstfedern-an-den-manschetten-cognac-bluehender-zweig-t1960brn?tc_ch=display&tc_ve=ba&tc_so=tradedesk&tc_me=pp&tc_ca=bau,,,170.00,170.00,https://cdn.shopify.com/s/files/1/0680/4625/8428/files/26waut_t1960_brn_w01.jpg?v=1&width=800,Damen,Damen,03/10/2026,https://eu.boden.com/products/damen-party-oberteil-mit-kunstfedern-an-den-manschetten-cognac-bluehender-zweig-t1960brn?tc_ch=display&tc_ve=ba&tc_so=tradedesk&tc_me=pp&tc_ca=bau,,,105,IN STOCK,,,"Cognac, Blühender Zweig",,,,TRUE,TRUE
55222369,55222369,55222369,Belgravia Hose aus Wollmischung Damen Boden,https://eu.boden.com/products/damen-belgravia-hose-aus-wollmischung-navy-nadelstreifen-r0779nvy?tc_ch=display&tc_ve=ba&tc_so=tradedesk&tc_me=pp&tc_ca=bau,,,210.00,210.00,https://cdn.shopify.com/s/files/1/0680/4625/8428/files/26wwin_r0779_nvy_m01_v3.jpg?v=1&width=800,Damen,Damen,03/10/2026,https://eu.boden.com/products/damen-belgravia-hose-aus-wollmischung-navy-nadelstreifen-r0779nvy?tc_ch=display&tc_ve=ba&tc_so=tradedesk&tc_me=pp&tc_ca=bau,,,35,IN STOCK,,,"Navy, Nadelstreifen",,,,TRUE,TRUE
55229356,55229356,55229356,Camilla Baumwollpullover mit Rundhalsausschnitt Damen Boden,https://eu.boden.com/products/damen-camilla-baumwollpullover-mit-rundhalsausschnitt-leuchtendes-blau-k1280blu?tc_ch=display&tc_ve=ba&tc_so=tradedesk&tc_me=pp&tc_ca=bau,,,86.00,86.00,https://cdn.shopify.com/s/files/1/0680/4625/8428/files/26wwin_k1280_blu_m01_v1_4578a499-6273-4b89-9d36-c83cf50846dc.jpg?v=1&width=800,Damen,Damen,03/10/2026,https://eu.boden.com/products/damen-camilla-baumwollpullover-mit-rundhalsausschnitt-leuchtendes-blau-k1280blu?tc_ch=display&tc_ve=ba&tc_so=tradedesk&tc_me=pp&tc_ca=bau,,,306,IN STOCK,,,Leuchtendes Blau,,,,TRUE,TRUE
55221060,55221060,55221060,Highgate Ponte-Hose Damen Boden,https://eu.boden.com/products/damen-highgate-ponte-hose-dunkelviolett-r0478bur?tc_ch=display&tc_ve=ba&tc_so=tradedesk&tc_me=pp&tc_ca=bau,,,99.00,99.00,https://cdn.shopify.com/s/files/1/0680/4625/8428/files/26wwin_r0478_bur_m01_v5.jpg?v=1&width=800,Damen,Damen,03/10/2026,https://eu.boden.com/products/damen-highgate-ponte-hose-dunkelviolett-r0478bur?tc_ch=display&tc_ve=ba&tc_so=tradedesk&tc_me=pp&tc_ca=bau,,,71,IN STOCK,,,Dunkelviolett,,,,TRUE,TRUE
55221069,55221069,55221069,Highgate Ponte-Hose Damen Boden,https://eu.boden.com/products/damen-highgate-ponte-hose-mitternachtsblau-smaragdgruen-r0478mnt?tc_ch=display&tc_ve=ba&tc_so=tradedesk&tc_me=pp&tc_ca=bau,,,99.00,99.00,https://cdn.shopify.com/s/files/1/0680/4625/8428/files/26wwin_r0478_mnt_m01_5dd6cfef-477b-448c-8f4e-f17cd41c79d6.jpg?v=1&width=800,Damen,Damen,03/10/2026,https://eu.boden.com/products/damen-highgate-ponte-hose-mitternachtsblau-smaragdgruen-r0478mnt?tc_ch=display&tc_ve=ba&tc_so=tradedesk&tc_me=pp&tc_ca=bau,,,79,IN STOCK,,,Mitternachtsblau Smaragdgrün,,,,TRUE,TRUE
55219905,55219905,55219905,Canonbury Hose aus Wollmischung Damen Boden,https://eu.boden.com/products/damen-canonbury-hose-aus-wollmischung-naturweiss-blau-und-kastanienbraun-kariert-r0823mul?tc_ch=display&tc_ve=ba&tc_so=tradedesk&tc_me=pp&tc_ca=bau,,,190.00,190.00,https://cdn.shopify.com/s/files/1/0680/4625/8428/files/26wwin_r0823_mul_m01_v1.jpg?v=1&width=800,Damen,Damen,03/10/2026,https://eu.boden.com/products/damen-canonbury-hose-aus-wollmischung-naturweiss-blau-und-kastanienbraun-kariert-r0823mul?tc_ch=display&tc_ve=ba&tc_so=tradedesk&tc_me=pp&tc_ca=bau,,,109,IN STOCK,,,"Naturweiß, Blau und Kastanienbraun Kariert",,,,TRUE,TRUE
55227816,55227816,55227816,Erica Cordoberteil mit Rüschen Damen Boden,https://eu.boden.com/products/damen-erica-cordoberteil-mit-rueschen-mandel-pfirsich-t2188pln?tc_ch=display&tc_ve=ba&tc_so=tradedesk&tc_me=pp&tc_ca=bau,,,120.00,120.00,https://cdn.shopify.com/s/files/1/0680/4625/8428/files/26wwin_t2188_pln_m01_v3.jpg?v=1&width=800,Damen,Damen,03/10/2026,https://eu.boden.com/products/damen-erica-cordoberteil-mit-rueschen-mandel-pfirsich-t2188pln?tc_ch=display&tc_ve=ba&tc_so=tradedesk&tc_me=pp&tc_ca=bau,,,57,IN STOCK,,,Mandel Pfirsich,,,,TRUE,TRUE
55235703,55235703,55235703,Edie Fair-Isle-Pullover Damen Boden,https://eu.boden.com/products/damen-edie-fair-isle-pullover-rosa-durchgehendes-fair-isle-muster-k0853peb?tc_ch=display&tc_ve=ba&tc_so=tradedesk&tc_me=pp&tc_ca=bau,,,140.00,140.00,https://cdn.shopify.com/s/files/1/0680/4625/8428/files/26wwin_k0853_peb_m01_v1.jpg?v=1&width=800,Damen,Damen,03/10/2026,https://eu.boden.com/products/damen-edie-fair-isle-pullover-rosa-durchgehendes-fair-isle-muster-k0853peb?tc_ch=display&tc_ve=ba&tc_so=tradedesk&tc_me=pp&tc_ca=bau,,,398,IN STOCK,,,Rosa durchgehendes Fair-Isle-Muster,,,,TRUE,TRUE
55227447,55227447,55227447,Bluse mit Rüschen und Spitze Damen Boden,https://eu.boden.com/products/damen-bluse-mit-rueschen-und-spitze-schwarz-t2218blk?tc_ch=display&tc_ve=ba&tc_so=tradedesk&tc_me=pp&tc_ca=bau,,,99.00,99.00,https://cdn.shopify.com/s/files/1/0680/4625/8428/files/26wwin_t2218_blk_m01_v1.jpg?v=1&width=800,Damen,Damen,03/10/2026,https://eu.boden.com/products/damen-bluse-mit-rueschen-und-spitze-schwarz-t2218blk?tc_ch=display&tc_ve=ba&tc_so=tradedesk&tc_me=pp&tc_ca=bau,,,94,IN STOCK,,,Schwarz,,,,TRUE,TRUE
55233849,55233849,55233849,Emi Sweatshirt mit Stickerei Damen Boden,https://eu.boden.com/products/damen-emi-sweatshirt-mit-stickerei-blauer-glanzstahl-t1646fun?tc_ch=display&tc_ve=ba&tc_so=tradedesk&tc_me=pp&tc_ca=bau,,,110.00,110.00,https://cdn.shopify.com/s/files/1/0680/4625/8428/files/26wwin_t1646_fun_m01_v1.jpg?v=1&width=800,Damen,Damen,03/10/2026,https://eu.boden.com/products/damen-emi-sweatshirt-mit-stickerei-blauer-glanzstahl-t1646fun?tc_ch=display&tc_ve=ba&tc_so=tradedesk&tc_me=pp&tc_ca=bau,,,397,IN STOCK,,,Blauer Glanzstahl,,,,TRUE,TRUE
55232935,55232935,55232935,Superweiches Oberteil mit Rüschendetail Damen Boden,https://eu.boden.com/products/damen-superweiches-oberteil-mit-rueschendetail-rubinrot-t1657dcm?tc_ch=display&tc_ve=ba&tc_so=tradedesk&tc_me=pp&tc_ca=bau,,,46.00,46.00,https://cdn.shopify.com/s/files/1/0680/4625/8428/files/26wwin_t1657_dcm_m01_v4.jpg?v=1&width=800,Damen,Damen,03/10/2026,https://eu.boden.com/products/damen-superweiches-oberteil-mit-rueschendetail-rubinrot-t1657dcm?tc_ch=display&tc_ve=ba&tc_so=tradedesk&tc_me=pp&tc_ca=bau,,,277,IN STOCK,,,Rubinrot,,,,TRUE,TRUE
55228953,55228953,55228953,Schlafanzughose aus gebürsteter Baumwolle Damen Boden,https://eu.boden.com/products/damen-schlafanzughose-aus-gebuersteter-baumwolle-blumenmuster-tiger-n0030grn?tc_ch=display&tc_ve=ba&tc_so=tradedesk&tc_me=pp&tc_ca=bau,,,69.00,69.00,https://cdn.shopify.com/s/files/1/0680/4625/8428/files/26wwin_n0030_grn_m01_5d34de9b-87f9-4f7b-ac42-b779929b2b3b.jpg?v=1&width=800,Damen,Damen,03/10/2026,https://eu.boden.com/products/damen-schlafanzughose-aus-gebuersteter-baumwolle-blumenmuster-tiger-n0030grn?tc_ch=display&tc_ve=ba&tc_so=tradedesk&tc_me=pp&tc_ca=bau,,,547,IN STOCK,,,Blumenmuster Tiger,,,,TRUE,TRUE
55230181,55230181,55230181,Schlafanzughemd aus Baumwolle Damen Boden,https://eu.boden.com/products/damen-schlafanzughemd-aus-baumwolle-rot-blumenmuster-n0031red?tc_ch=display&tc_ve=ba&tc_so=tradedesk&tc_me=pp&tc_ca=bau,,,69.00,69.00,https://cdn.shopify.com/s/files/1/0680/4625/8428/files/26wwin_n0031_red_m01_b4bfc507-0d87-47e8-9d87-a8c0fc792d10.jpg?v=1&width=800,Damen,Damen,03/10/2026,https://eu.boden.com/products/damen-schlafanzughemd-aus-baumwolle-rot-blumenmuster-n0031red?tc_ch=display&tc_ve=ba&tc_so=tradedesk&tc_me=pp&tc_ca=bau,,,143,IN STOCK,,,"Rot, Blumenmuster",,,,TRUE,TRUE
55229449,55229449,55229449,Elsie Kaschmirpullover mit V-Ausschnitt Damen Boden,https://eu.boden.com/products/damen-elsie-kaschmirpullover-mit-v-ausschnitt-klarer-himmel-k1333blu?tc_ch=display&tc_ve=ba&tc_so=tradedesk&tc_me=pp&tc_ca=bau,,,170.00,170.00,https://cdn.shopify.com/s/files/1/0680/4625/8428/files/26wwin_k1333_blu_m01_v1_9f97cef4-0896-464a-86a2-6e34c6331410.jpg?v=1&width=800,Damen,Damen,03/10/2026,https://eu.boden.com/products/damen-elsie-kaschmirpullover-mit-v-ausschnitt-klarer-himmel-k1333blu?tc_ch=display&tc_ve=ba&tc_so=tradedesk&tc_me=pp&tc_ca=bau,,,149,IN STOCK,,,Klarer Himmel,,,,TRUE,TRUE
55229812,55229812,55229812,Ausgestellte Jeans mit aufgesetzter Tasche Damen Boden,https://eu.boden.com/products/damen-ausgestellte-jeans-mit-aufgesetzter-tasche-schwarz-r0893blk?tc_ch=display&tc_ve=ba&tc_so=tradedesk&tc_me=pp&tc_ca=bau,,,150.00,150.00,https://cdn.shopify.com/s/files/1/0680/4625/8428/files/26wwin_r0893_blk_m01_18324e40-de78-4604-a169-1544b318de94.jpg?v=1&width=800,Damen,Damen,03/10/2026,https://eu.boden.com/products/damen-ausgestellte-jeans-mit-aufgesetzter-tasche-schwarz-r0893blk?tc_ch=display&tc_ve=ba&tc_so=tradedesk&tc_me=pp&tc_ca=bau,,,101,IN STOCK,,,Schwarz,,,,TRUE,TRUE
55230292,55230292,55230292,Schlafanzughose aus Baumwolle Damen Boden,https://eu.boden.com/products/damen-schlafanzughose-aus-baumwolle-rot-blumenmuster-n0029red?tc_ch=display&tc_ve=ba&tc_so=tradedesk&tc_me=pp&tc_ca=bau,,,69.00,69.00,https://cdn.shopify.com/s/files/1/0680/4625/8428/files/26wwin_n0029_red_m01_bd864143-b0ff-4200-b33e-ea9f5f858ecc.jpg?v=1&width=800,Damen,Damen,03/10/2026,https://eu.boden.com/products/damen-schlafanzughose-aus-baumwolle-rot-blumenmuster-n0029red?tc_ch=display&tc_ve=ba&tc_so=tradedesk&tc_me=pp&tc_ca=bau,,,212,IN STOCK,,,"Rot, Blumenmuster",,,,TRUE,TRUE
55225706,55225706,55225706,Georgia Jersey-Midikleid Damen Boden,https://eu.boden.com/products/damen-georgia-jersey-midikleid-umbra-paisley-bouquet-d1034brn?tc_ch=display&tc_ve=ba&tc_so=tradedesk&tc_me=pp&tc_ca=bau,,,140.00,140.00,https://cdn.shopify.com/s/files/1/0680/4625/8428/files/26wwin_d1034_brn_m01_0ab40c7c-0e64-4fe6-86a6-a8478d383f1e.jpg?v=1&width=800,Damen,Damen,03/10/2026,https://eu.boden.com/products/damen-georgia-jersey-midikleid-umbra-paisley-bouquet-d1034brn?tc_ch=display&tc_ve=ba&tc_so=tradedesk&tc_me=pp&tc_ca=bau,,,69,IN STOCK,,,"Umbra, Paisley-Bouquet",,,,TRUE,TRUE
55220710,55220710,55220710,Fiona Strickkleid mit Reißverschluss vorn Damen Boden,https://eu.boden.com/products/damen-fiona-strickkleid-mit-reissverschluss-vorn-camel-und-marineblau-kariert-d1457brn?tc_ch=display&tc_ve=ba&tc_so=tradedesk&tc_me=pp&tc_ca=bau,,,210.00,210.00,https://cdn.shopify.com/s/files/1/0680/4625/8428/files/26wwin_d1457_brn_m01_v3.jpg?v=1&width=800,Damen,Damen,03/10/2026,https://eu.boden.com/products/damen-fiona-strickkleid-mit-reissverschluss-vorn-camel-und-marineblau-kariert-d1457brn?tc_ch=display&tc_ve=ba&tc_so=tradedesk&tc_me=pp&tc_ca=bau,,,78,IN STOCK,,,Camel und Marineblau Kariert,,,,TRUE,TRUE
55232377,55232377,55232377,Jessica Gestricktes Hemdblusenkleid Damen Boden,https://eu.boden.com/products/damen-jessica-gestricktes-hemdblusenkleid-rumba-rot-abendblau-d1824red?tc_ch=display&tc_ve=ba&tc_so=tradedesk&tc_me=pp&tc_ca=bau,,,180.00,180.00,https://cdn.shopify.com/s/files/1/0680/4625/8428/files/26wwin_d1824_red_m01_v4.jpg?v=1&width=800,Damen,Damen,03/10/2026,https://eu.boden.com/products/damen-jessica-gestricktes-hemdblusenkleid-rumba-rot-abendblau-d1824red?tc_ch=display&tc_ve=ba&tc_so=tradedesk&tc_me=pp&tc_ca=bau,,,57,IN STOCK,,,"Rumba-Rot, Abendblau",,,,TRUE,TRUE
55228777,55228777,55228777,Schlafanzughemd aus Baumwolle Damen Boden,https://eu.boden.com/products/damen-schlafanzughemd-aus-baumwolle-weiss-mit-pfau-n0031mul?tc_ch=display&tc_ve=ba&tc_so=tradedesk&tc_me=pp&tc_ca=bau,,,69.00,69.00,https://cdn.shopify.com/s/files/1/0680/4625/8428/files/26wwin_n0031_mul_m01.jpg?v=1&width=800,Damen,Damen,03/10/2026,https://eu.boden.com/products/damen-schlafanzughemd-aus-baumwolle-weiss-mit-pfau-n0031mul?tc_ch=display&tc_ve=ba&tc_so=tradedesk&tc_me=pp&tc_ca=bau,,,254,IN STOCK,,,Weiß Mit Pfau,,,,TRUE,TRUE
55229951,55229951,55229951,Schlafanzughose aus gebürsteter Baumwolle Damen Boden,https://eu.boden.com/products/damen-schlafanzughose-aus-gebuersteter-baumwolle-hellblau-und-marineblau-argyle-n0030blu?tc_ch=display&tc_ve=ba&tc_so=tradedesk&tc_me=pp&tc_ca=bau,,,69.00,69.00,https://cdn.shopify.com/s/files/1/0680/4625/8428/files/26wwin_n0030_blu_m01_v1.jpg?v=1&width=800,Damen,Damen,03/10/2026,https://eu.boden.com/products/damen-schlafanzughose-aus-gebuersteter-baumwolle-hellblau-und-marineblau-argyle-n0030blu?tc_ch=display&tc_ve=ba&tc_so=tradedesk&tc_me=pp&tc_ca=bau,,,556,IN STOCK,,,Hellblau und Marineblau Argyle,,,,TRUE,TRUE
55228679,55228679,55228679,Schlafanzughose aus Baumwolle Damen Boden,https://eu.boden.com/products/damen-schlafanzughose-aus-baumwolle-rosa-und-blau-streifen-n0029str?tc_ch=display&tc_ve=ba&tc_so=tradedesk&tc_me=pp&tc_ca=bau,,,69.00,69.00,https://cdn.shopify.com/s/files/1/0680/4625/8428/files/26wwin_n0029_str_m01_v1.jpg?v=1&width=800,Damen,Damen,03/10/2026,https://eu.boden.com/products/damen-schlafanzughose-aus-baumwolle-rosa-und-blau-streifen-n0029str?tc_ch=display&tc_ve=ba&tc_so=tradedesk&tc_me=pp&tc_ca=bau,,,241,IN STOCK,,,Rosa und Blau Streifen,,,,TRUE,TRUE
55228793,55228793,55228793,Schlafanzughose aus Baumwolle Damen Boden,https://eu.boden.com/products/damen-schlafanzughose-aus-baumwolle-weiss-mit-pfau-n0029mul?tc_ch=display&tc_ve=ba&tc_so=tradedesk&tc_me=pp&tc_ca=bau,,,69.00,69.00,https://cdn.shopify.com/s/files/1/0680/4625/8428/files/26wwin_n0029_mul_m01_69f09846-552c-4899-8e32-34ac854d7622.jpg?v=1&width=800,Damen,Damen,03/10/2026,https://eu.boden.com/products/damen-schlafanzughose-aus-baumwolle-weiss-mit-pfau-n0029mul?tc_ch=display&tc_ve=ba&tc_so=tradedesk&tc_me=pp&tc_ca=bau,,,380,IN STOCK,,,Weiß Mit Pfau,,,,TRUE,TRUE
55228755,55228755,55228755,Schlafanzughose aus gebürsteter Baumwolle Damen Boden,https://eu.boden.com/products/damen-schlafanzughose-aus-gebuersteter-baumwolle-rot-kariert-n0030chk?tc_ch=display&tc_ve=ba&tc_so=tradedesk&tc_me=pp&tc_ca=bau,,,69.00,69.00,https://cdn.shopify.com/s/files/1/0680/4625/8428/files/26wwin_n0030_chk_m01_v1_76b81c70-6a84-48df-b9e4-d3a8e92c2d67.jpg?v=1&width=800,Damen,Damen,03/10/2026,https://eu.boden.com/products/damen-schlafanzughose-aus-gebuersteter-baumwolle-rot-kariert-n0030chk?tc_ch=display&tc_ve=ba&tc_so=tradedesk&tc_me=pp&tc_ca=bau,,,650,IN STOCK,,,Rot Kariert,,,,TRUE,TRUE
55229114,55229114,55229114,Schlafanzughemd aus Baumwolle Damen Boden,https://eu.boden.com/products/damen-schlafanzughemd-aus-baumwolle-rosa-und-blau-streifen-n0031str?tc_ch=display&tc_ve=ba&tc_so=tradedesk&tc_me=pp&tc_ca=bau,,,69.00,69.00,https://cdn.shopify.com/s/files/1/0680/4625/8428/files/26wwin_n0031_str_m01_a535b0fa-6bd2-4d67-b7ac-ca89f640bed0.jpg?v=1&width=800,Damen,Damen,03/10/2026,https://eu.boden.com/products/damen-schlafanzughemd-aus-baumwolle-rosa-und-blau-streifen-n0031str?tc_ch=display&tc_ve=ba&tc_so=tradedesk&tc_me=pp&tc_ca=bau,,,171,IN STOCK,,,Rosa und Blau Streifen,,,,TRUE,TRUE
55230017,55230017,55230017,Schlafanzugoberteil aus gebürsteter Baumwolle Damen Boden,https://eu.boden.com/products/damen-schlafanzugoberteil-aus-gebuersteter-baumwolle-blau-argyle-n0034blu?tc_ch=display&tc_ve=ba&tc_so=tradedesk&tc_me=pp&tc_ca=bau,,,69.00,69.00,https://cdn.shopify.com/s/files/1/0680/4625/8428/files/26wwin_n0034_blu_m01_1c38dd1f-ab0a-4fca-a7f0-088ef736a523.jpg?v=1&width=800,Damen,Damen,03/10/2026,https://eu.boden.com/products/damen-schlafanzugoberteil-aus-gebuersteter-baumwolle-blau-argyle-n0034blu?tc_ch=display&tc_ve=ba&tc_so=tradedesk&tc_me=pp&tc_ca=bau,,,362,IN STOCK,,,Blau Argyle,,,,TRUE,TRUE
55229177,55229177,55229177,Schlafanzugoberteil aus gebürsteter Baumwolle Damen Boden,https://eu.boden.com/products/damen-schlafanzugoberteil-aus-gebuersteter-baumwolle-rot-kariert-n0034red?tc_ch=display&tc_ve=ba&tc_so=tradedesk&tc_me=pp&tc_ca=bau,,,69.00,69.00,https://cdn.shopify.com/s/files/1/0680/4625/8428/files/26wwin_n0034_red_m01_63bfc00e-e5c4-4444-81b4-175487ba5d0f.jpg?v=1&width=800,Damen,Damen,03/10/2026,https://eu.boden.com/products/damen-schlafanzugoberteil-aus-gebuersteter-baumwolle-rot-kariert-n0034red?tc_ch=display&tc_ve=ba&tc_so=tradedesk&tc_me=pp&tc_ca=bau,,,405,IN STOCK,,,Rot Kariert,,,,TRUE,TRUE
55219353,55219353,55219353,Vera Kilt mit doppelter Schnalle Damen Boden,https://eu.boden.com/products/damen-vera-kilt-mit-doppelter-schnalle-lila-mit-fischgraetmuster-r1023pur?tc_ch=display&tc_ve=ba&tc_so=tradedesk&tc_me=pp&tc_ca=bau,,,180.00,180.00,https://cdn.shopify.com/s/files/1/0680/4625/8428/files/26wwin_r1023_pur_m01_a2f532ae-4515-45a2-b37b-9d1c9bec07b0.jpg?v=1&width=800,Damen,Damen,03/10/2026,https://eu.boden.com/products/damen-vera-kilt-mit-doppelter-schnalle-lila-mit-fischgraetmuster-r1023pur?tc_ch=display&tc_ve=ba&tc_so=tradedesk&tc_me=pp&tc_ca=bau,,,65,IN STOCK,,,Lila Mit Fischgrätmuster,,,,TRUE,TRUE
55230106,55230106,55230106,Kragenloser Blazer aus Wollmischgewebe Damen Boden,https://eu.boden.com/products/damen-kragenloser-blazer-aus-wollmischgewebe-gelb-kastanienbraun-bunt-kariert-u0512yel?tc_ch=display&tc_ve=ba&tc_so=tradedesk&tc_me=pp&tc_ca=bau,,,280.00,280.00,https://cdn.shopify.com/s/files/1/0680/4625/8428/files/26wwin_u0512_yel_m01_521111c7-b8be-441b-8f0e-f497861a93dd.jpg?v=1&width=800,Damen,Damen,03/10/2026,https://eu.boden.com/products/damen-kragenloser-blazer-aus-wollmischgewebe-gelb-kastanienbraun-bunt-kariert-u0512yel?tc_ch=display&tc_ve=ba&tc_so=tradedesk&tc_me=pp&tc_ca=bau,,,61,IN STOCK,,,"Gelb, Kastanienbraun Bunt Kariert",,,,TRUE,TRUE
55229272,55229272,55229272,"Legere, kniehohe Stiefel mit Ziernaht Damen Boden",https://eu.boden.com/products/damen-legere-kniehohe-stiefel-mit-ziernaht-hellbraun-leder-a2309tan?tc_ch=display&tc_ve=ba&tc_so=tradedesk&tc_me=pp&tc_ca=bau,,,310.00,310.00,https://cdn.shopify.com/s/files/1/0680/4625/8428/files/26wwin_a2309_tan_7c9e25fd-7733-4e72-b112-3386e9231deb.jpg?v=1&width=800,Damen,Damen,03/10/2026,https://eu.boden.com/products/damen-legere-kniehohe-stiefel-mit-ziernaht-hellbraun-leder-a2309tan?tc_ch=display&tc_ve=ba&tc_so=tradedesk&tc_me=pp&tc_ca=bau,,,77,IN STOCK,,,Hellbraun Leder,,,,TRUE,TRUE
55220615,55220615,55220615,Liz Henley-Pullover Damen Boden,https://eu.boden.com/products/damen-liz-henley-pullover-sanftes-indigoblau-k1199blu?tc_ch=display&tc_ve=ba&tc_so=tradedesk&tc_me=pp&tc_ca=bau,,,99.00,99.00,https://cdn.shopify.com/s/files/1/0680/4625/8428/files/26wwin_k1199_blu_m01_1158cb50-5d0c-4b97-9f60-d4564cf711bb.jpg?v=1&width=800,Damen,Damen,03/10/2026,https://eu.boden.com/products/damen-liz-henley-pullover-sanftes-indigoblau-k1199blu?tc_ch=display&tc_ve=ba&tc_so=tradedesk&tc_me=pp&tc_ca=bau,,,373,IN STOCK,,,Sanftes Indigoblau,,,,TRUE,TRUE
55220518,55220518,55220518,Canonbury Cordhose Damen Boden,https://eu.boden.com/products/damen-canonbury-cordhose-weinprobe-r0784bur?tc_ch=display&tc_ve=ba&tc_so=tradedesk&tc_me=pp&tc_ca=bau,,,140.00,140.00,https://cdn.shopify.com/s/files/1/0680/4625/8428/files/26wwin_r0784_bur_m01_dede19b7-cd55-4790-a504-261c37a524c7.jpg?v=1&width=800,Damen,Damen,03/10/2026,https://eu.boden.com/products/damen-canonbury-cordhose-weinprobe-r0784bur?tc_ch=display&tc_ve=ba&tc_so=tradedesk&tc_me=pp&tc_ca=bau,,,70,IN STOCK,,,Weinprobe,,,,TRUE,TRUE
55229438,55229438,55229438,Camilla Baumwollstrickjacke mit Rundhalsausschnitt Damen Boden,https://eu.boden.com/products/damen-camilla-baumwollstrickjacke-mit-rundhalsausschnitt-violett-zaubertrank-k1281prp?tc_ch=display&tc_ve=ba&tc_so=tradedesk&tc_me=pp&tc_ca=bau,,,99.00,99.00,https://cdn.shopify.com/s/files/1/0680/4625/8428/files/26wwin_k1281_prp_m01_v7_383612cd-a1b5-4590-a06a-7c6667eab933.jpg?v=1&width=800,Damen,Damen,03/10/2026,https://eu.boden.com/products/damen-camilla-baumwollstrickjacke-mit-rundhalsausschnitt-violett-zaubertrank-k1281prp?tc_ch=display&tc_ve=ba&tc_so=tradedesk&tc_me=pp&tc_ca=bau,,,301,IN STOCK,,,Violett Zaubertrank,,,,TRUE,TRUE
55226880,55226880,55226880,Verziertes T-Shirt Damen Boden,https://eu.boden.com/products/damen-verziertes-t-shirt-marineblau-k1225nav?tc_ch=display&tc_ve=ba&tc_so=tradedesk&tc_me=pp&tc_ca=bau,,,140.00,140.00,https://cdn.shopify.com/s/files/1/0680/4625/8428/files/26wwin_k1225_nav_m01_v2.jpg?v=1&width=800,Damen,Damen,03/10/2026,https://eu.boden.com/products/damen-verziertes-t-shirt-marineblau-k1225nav?tc_ch=display&tc_ve=ba&tc_so=tradedesk&tc_me=pp&tc_ca=bau,,,237,IN STOCK,,,Marineblau,,,,TRUE,TRUE
55227949,55227949,55227949,Ara Camisole-Top aus Seidenmischung mit Spitze Damen Boden,https://eu.boden.com/products/damen-ara-camisole-top-aus-seidenmischung-mit-spitze-bordeauxrot-t1957plm?tc_ch=display&tc_ve=ba&tc_so=tradedesk&tc_me=pp&tc_ca=bau,,,120.00,120.00,https://cdn.shopify.com/s/files/1/0680/4625/8428/files/26wwin_t1957_plm_m01_e0b04367-799e-4428-95c9-5acff09acefa.jpg?v=1&width=800,Damen,Damen,03/10/2026,https://eu.boden.com/products/damen-ara-camisole-top-aus-seidenmischung-mit-spitze-bordeauxrot-t1957plm?tc_ch=display&tc_ve=ba&tc_so=tradedesk&tc_me=pp&tc_ca=bau,,,23,IN STOCK,,,Bordeauxrot,,,,TRUE,TRUE
55254343,55254343,55254343,Notizbücher Damen Boden,https://eu.boden.com/products/damen-notizbuecher-david-bowie-a2417mul?tc_ch=display&tc_ve=ba&tc_so=tradedesk&tc_me=pp&tc_ca=bau,,,18.00,18.00,https://cdn.shopify.com/s/files/1/0680/4625/8428/files/26wwin_a2417_mul.jpg?v=1&width=800,Damen,Damen,03/10/2026,https://eu.boden.com/products/damen-notizbuecher-david-bowie-a2417mul?tc_ch=display&tc_ve=ba&tc_so=tradedesk&tc_me=pp&tc_ca=bau,,,282,IN STOCK,,,David Bowie,,,,TRUE,TRUE
55254019,55254019,55254019,Notizbücher Damen Boden,https://eu.boden.com/products/damen-notizbuecher-prinzessin-diana-a2417mnt?tc_ch=display&tc_ve=ba&tc_so=tradedesk&tc_me=pp&tc_ca=bau,,,18.00,18.00,https://cdn.shopify.com/s/files/1/0680/4625/8428/files/26wwin_a2417_mnt_0e2ab14c-dbce-4b1a-95e1-637068a521dd.jpg?v=1&width=800,Damen,Damen,03/10/2026,https://eu.boden.com/products/damen-notizbuecher-prinzessin-diana-a2417mnt?tc_ch=display&tc_ve=ba&tc_so=tradedesk&tc_me=pp&tc_ca=bau,,,293,IN STOCK,,,Prinzessin Diana,,,,TRUE,TRUE
55254002,55254002,55254002,Notizbücher Damen Boden,https://eu.boden.com/products/damen-notizbuecher-the-beatles-a2417mus?tc_ch=display&tc_ve=ba&tc_so=tradedesk&tc_me=pp&tc_ca=bau,,,18.00,18.00,https://cdn.shopify.com/s/files/1/0680/4625/8428/files/26wwin_a2417_mus_f6705dc2-cfdc-4b49-9700-cb0119ac5063.jpg?v=1&width=800,Damen,Damen,03/10/2026,https://eu.boden.com/products/damen-notizbuecher-the-beatles-a2417mus?tc_ch=display&tc_ve=ba&tc_so=tradedesk&tc_me=pp&tc_ca=bau,,,284,IN STOCK,,,The Beatles,,,,TRUE,TRUE
55254025,55254025,55254025,Notizbücher Damen Boden,https://eu.boden.com/products/damen-notizbuecher-koenigin-elizabeth-ii-a2417mlt?tc_ch=display&tc_ve=ba&tc_so=tradedesk&tc_me=pp&tc_ca=bau,,,18.00,18.00,https://cdn.shopify.com/s/files/1/0680/4625/8428/files/26wwin_a2417_mlt_88121beb-e93d-457d-ba2a-14a097d9f7b1.jpg?v=1&width=800,Damen,Damen,03/10/2026,https://eu.boden.com/products/damen-notizbuecher-koenigin-elizabeth-ii-a2417mlt?tc_ch=display&tc_ve=ba&tc_so=tradedesk&tc_me=pp&tc_ca=bau,,,277,IN STOCK,,,Königin Elizabeth Ii.,,,,TRUE,TRUE
55233388,55233388,55233388,Statement-Halskette mit Schmucksteinen Damen Boden,https://eu.boden.com/products/damen-statement-halskette-mit-schmucksteinen-rauchgrau-a2328grm?tc_ch=display&tc_ve=ba&tc_so=tradedesk&tc_me=pp&tc_ca=bau,,,86.00,86.00,https://cdn.shopify.com/s/files/1/0680/4625/8428/files/26waut_a2328_grm_w01.jpg?v=1&width=800,Damen,Damen,03/10/2026,https://eu.boden.com/products/damen-statement-halskette-mit-schmucksteinen-rauchgrau-a2328grm?tc_ch=display&tc_ve=ba&tc_so=tradedesk&tc_me=pp&tc_ca=bau,,,296,IN STOCK,,,Rauchgrau,,,,TRUE,TRUE
55229605,55229605,55229605,Wickelschal aus Wolle Damen Boden,https://eu.boden.com/products/damen-wickelschal-aus-wolle-schottenmuster-a2314mnk?tc_ch=display&tc_ve=ba&tc_so=tradedesk&tc_me=pp&tc_ca=bau,,,110.00,110.00,https://cdn.shopify.com/s/files/1/0680/4625/8428/files/26wwin_a2314_mnk.jpg?v=1&width=800,Damen,Damen,03/10/2026,https://eu.boden.com/products/damen-wickelschal-aus-wolle-schottenmuster-a2314mnk?tc_ch=display&tc_ve=ba&tc_so=tradedesk&tc_me=pp&tc_ca=bau,,,292,IN STOCK,,,Schottenmuster,,,,TRUE,TRUE
55229730,55229730,55229730,Catrin Ottoman-Etuikleid Damen Boden,https://eu.boden.com/products/damen-catrin-ottoman-etuikleid-denim-blau-d1853blu?tc_ch=display&tc_ve=ba&tc_so=tradedesk&tc_me=pp&tc_ca=bau,,,140.00,140.00,https://cdn.shopify.com/s/files/1/0680/4625/8428/files/26wwin_d1853_blu_m01_b24736cb-f320-4a48-aadd-f819202ef736.jpg?v=1&width=800,Damen,Damen,03/10/2026,https://eu.boden.com/products/damen-catrin-ottoman-etuikleid-denim-blau-d1853blu?tc_ch=display&tc_ve=ba&tc_so=tradedesk&tc_me=pp&tc_ca=bau,,,61,IN STOCK,,,Denim-Blau,,,,TRUE,TRUE
55223192,55223192,55223192,Kniehohe Stiefel mit breiter Sohle Damen Boden,https://eu.boden.com/products/damen-kniehohe-stiefel-mit-breiter-sohle-bitterschokolade-a2302mbr?tc_ch=display&tc_ve=ba&tc_so=tradedesk&tc_me=pp&tc_ca=bau,,,310.00,310.00,https://cdn.shopify.com/s/files/1/0680/4625/8428/files/26wwin_a2302_mbr_m01_v2.jpg?v=1&width=800,Damen,Damen,03/10/2026,https://eu.boden.com/products/damen-kniehohe-stiefel-mit-breiter-sohle-bitterschokolade-a2302mbr?tc_ch=display&tc_ve=ba&tc_so=tradedesk&tc_me=pp&tc_ca=bau,,,48,IN STOCK,,,Bitterschokolade,,,,TRUE,TRUE
55225886,55225886,55225886,Marianne Strickjacke aus Merinowolle Damen Boden,https://eu.boden.com/products/damen-marianne-strickjacke-aus-merinowolle-graublau-k1314blu?tc_ch=display&tc_ve=ba&tc_so=tradedesk&tc_me=pp&tc_ca=bau,,,150.00,150.00,https://cdn.shopify.com/s/files/1/0680/4625/8428/files/26wwin_k1314_blu_m01_145a686b-35a5-4adf-a0ff-1134d66d8f5f.jpg?v=1&width=800,Damen,Damen,03/10/2026,https://eu.boden.com/products/damen-marianne-strickjacke-aus-merinowolle-graublau-k1314blu?tc_ch=display&tc_ve=ba&tc_so=tradedesk&tc_me=pp&tc_ca=bau,,,192,IN STOCK,,,Graublau,,,,TRUE,TRUE
55232506,55232506,55232506,Midi-Jacquardkleid mit Rundhalsausschnitt Damen Boden,https://eu.boden.com/products/damen-midi-jacquardkleid-mit-rundhalsausschnitt-gruen-kariert-d1855grn?tc_ch=display&tc_ve=ba&tc_so=tradedesk&tc_me=pp&tc_ca=bau,,,220.00,220.00,https://cdn.shopify.com/s/files/1/0680/4625/8428/files/26wwin_d1855_grn_m01_v1.jpg?v=1&width=800,Damen,Damen,03/10/2026,https://eu.boden.com/products/damen-midi-jacquardkleid-mit-rundhalsausschnitt-gruen-kariert-d1855grn?tc_ch=display&tc_ve=ba&tc_so=tradedesk&tc_me=pp&tc_ca=bau,,,120,IN STOCK,,,Grün Kariert,,,,TRUE,TRUE
55226203,55226203,55226203,Marianne Strickjacke aus Merinowolle Damen Boden,https://eu.boden.com/products/damen-marianne-strickjacke-aus-merinowolle-dunkle-kirsche-k1314prp?tc_ch=display&tc_ve=ba&tc_so=tradedesk&tc_me=pp&tc_ca=bau,,,150.00,150.00,https://cdn.shopify.com/s/files/1/0680/4625/8428/files/26wwin_k1314_prp_m01_4f62be87-a352-4b9c-bceb-ec6a399fb54f.jpg?v=1&width=800,Damen,Damen,03/10/2026,https://eu.boden.com/products/damen-marianne-strickjacke-aus-merinowolle-dunkle-kirsche-k1314prp?tc_ch=display&tc_ve=ba&tc_so=tradedesk&tc_me=pp&tc_ca=bau,,,328,IN STOCK,,,Dunkle Kirsche,,,,TRUE,TRUE
55231898,55231898,55231898,Strickkleid mit Kontraststreifen Damen Boden,https://eu.boden.com/products/damen-strickkleid-mit-kontraststreifen-marineblau-d1858nav?tc_ch=display&tc_ve=ba&tc_so=tradedesk&tc_me=pp&tc_ca=bau,,,190.00,190.00,https://cdn.shopify.com/s/files/1/0680/4625/8428/files/26wwin_d1858_nav_m01_3a5978a7-3de5-4e92-8277-7d063c66e7fe.jpg?v=1&width=800,Damen,Damen,03/10/2026,https://eu.boden.com/products/damen-strickkleid-mit-kontraststreifen-marineblau-d1858nav?tc_ch=display&tc_ve=ba&tc_so=tradedesk&tc_me=pp&tc_ca=bau,,,152,IN STOCK,,,Marineblau,,,,TRUE,TRUE
55251824,55251824,55251824,Verzierter Bindegürtel Damen Boden,https://eu.boden.com/products/damen-verzierter-bindeguertel-schwarz-a2312bla?tc_ch=display&tc_ve=ba&tc_so=tradedesk&tc_me=pp&tc_ca=bau,,,86.00,86.00,https://cdn.shopify.com/s/files/1/0680/4625/8428/files/26wwin_a2312_bla_84d7d268-15c8-41a0-b12b-85e7d54537f4.jpg?v=1&width=800,Damen,Damen,03/10/2026,https://eu.boden.com/products/damen-verzierter-bindeguertel-schwarz-a2312bla?tc_ch=display&tc_ve=ba&tc_so=tradedesk&tc_me=pp&tc_ca=bau,,,147,IN STOCK,,,Schwarz,,,,TRUE,TRUE
55232647,55232647,55232647,Midi-Jacquardkleid mit Rundhalsausschnitt Damen Boden,https://eu.boden.com/products/damen-midi-jacquardkleid-mit-rundhalsausschnitt-marineblau-motivdruck-d1855nav?tc_ch=display&tc_ve=ba&tc_so=tradedesk&tc_me=pp&tc_ca=bau,,,220.00,220.00,https://cdn.shopify.com/s/files/1/0680/4625/8428/files/26wwin_d1855_nav_m01_08b76487-5c02-47dd-9da0-b66cb01d1bb3.jpg?v=1&width=800,Damen,Damen,03/10/2026,https://eu.boden.com/products/damen-midi-jacquardkleid-mit-rundhalsausschnitt-marineblau-motivdruck-d1855nav?tc_ch=display&tc_ve=ba&tc_so=tradedesk&tc_me=pp&tc_ca=bau,,,172,IN STOCK,,,Marineblau Motivdruck,,,,TRUE,TRUE
55226385,55226385,55226385,Lara Baumwollpullover mit Knopfleiste Damen Boden,https://eu.boden.com/products/damen-lara-baumwollpullover-mit-knopfleiste-grau-meliert-fair-isle-k1311gry?tc_ch=display&tc_ve=ba&tc_so=tradedesk&tc_me=pp&tc_ca=bau,,,140.00,140.00,https://cdn.shopify.com/s/files/1/0680/4625/8428/files/26wwin_k1311_gry_m01_d3d796cb-d20f-4ace-9dd1-d0c9f91ae48b.jpg?v=1&width=800,Damen,Damen,03/10/2026,https://eu.boden.com/products/damen-lara-baumwollpullover-mit-knopfleiste-grau-meliert-fair-isle-k1311gry?tc_ch=display&tc_ve=ba&tc_so=tradedesk&tc_me=pp&tc_ca=bau,,,247,IN STOCK,,,"Grau Meliert, Fair-Isle",,,,TRUE,TRUE
55233630,55233630,55233630,Stretch-Stiefeletten Damen Boden,https://eu.boden.com/products/damen-stretch-stiefeletten-schwarz-samt-a2296blk?tc_ch=display&tc_ve=ba&tc_so=tradedesk&tc_me=pp&tc_ca=bau,,,240.00,240.00,https://cdn.shopify.com/s/files/1/0680/4625/8428/files/26wwin_a2296_blk_93e10461-e982-4a2a-9cc0-210b07b1ea78.jpg?v=1&width=800,Damen,Damen,03/10/2026,https://eu.boden.com/products/damen-stretch-stiefeletten-schwarz-samt-a2296blk?tc_ch=display&tc_ve=ba&tc_so=tradedesk&tc_me=pp&tc_ca=bau,,,81,IN STOCK,,,Schwarz Samt,,,,TRUE,TRUE
55233706,55233706,55233706,Octavia Schmaler Seidenschal Damen Boden,https://eu.boden.com/products/damen-octavia-schmaler-seidenschal-leopard-mit-tupfen-a2316flr?tc_ch=display&tc_ve=ba&tc_so=tradedesk&tc_me=pp&tc_ca=bau,,,99.00,99.00,https://cdn.shopify.com/s/files/1/0680/4625/8428/files/26wwin_a2316_flr_3ef785b5-8bcf-42c4-b160-b9ae42e2d601.jpg?v=1&width=800,Damen,Damen,03/10/2026,https://eu.boden.com/products/damen-octavia-schmaler-seidenschal-leopard-mit-tupfen-a2316flr?tc_ch=display&tc_ve=ba&tc_so=tradedesk&tc_me=pp&tc_ca=bau,,,85,IN STOCK,,,Leopard Mit Tupfen,,,,TRUE,TRUE
55232697,55232697,55232697,Geripptes Henley-Strickkleid Damen Boden,https://eu.boden.com/products/damen-geripptes-henley-strickkleid-marineblau-d1856nav?tc_ch=display&tc_ve=ba&tc_so=tradedesk&tc_me=pp&tc_ca=bau,,,210.00,210.00,https://cdn.shopify.com/s/files/1/0680/4625/8428/files/26wwin_d1856_nav_m01_abdc52ce-1511-4cdd-a079-1e3d307d462c.jpg?v=1&width=800,Damen,Damen,03/10/2026,https://eu.boden.com/products/damen-geripptes-henley-strickkleid-marineblau-d1856nav?tc_ch=display&tc_ve=ba&tc_so=tradedesk&tc_me=pp&tc_ca=bau,,,55,IN STOCK,,,Marineblau,,,,TRUE,TRUE
55230098,55230098,55230098,Zelda Rippstrickpullover mit Halbreißverschluss Damen Boden,https://eu.boden.com/products/damen-zelda-rippstrickpullover-mit-halbreissverschluss-waldlichtung-k1352lgr?tc_ch=display&tc_ve=ba&tc_so=tradedesk&tc_me=pp&tc_ca=bau,,,99.00,99.00,https://cdn.shopify.com/s/files/1/0680/4625/8428/files/26wwin_k1352_lgr_m01.jpg?v=1&width=800,Damen,Damen,03/10/2026,https://eu.boden.com/products/damen-zelda-rippstrickpullover-mit-halbreissverschluss-waldlichtung-k1352lgr?tc_ch=display&tc_ve=ba&tc_so=tradedesk&tc_me=pp&tc_ca=bau,,,267,IN STOCK,,,Waldlichtung,,,,TRUE,TRUE
55226771,55226771,55226771,Verzierte Strickjacke Damen Boden,https://eu.boden.com/products/damen-verzierte-strickjacke-marineblau-k1224nav?tc_ch=display&tc_ve=ba&tc_so=tradedesk&tc_me=pp&tc_ca=bau,,,190.00,190.00,https://cdn.shopify.com/s/files/1/0680/4625/8428/files/26wwin_k1224_nav_m01_a8a76e05-155e-433d-ae3d-f8786980b233.jpg?v=1&width=800,Damen,Damen,03/10/2026,https://eu.boden.com/products/damen-verzierte-strickjacke-marineblau-k1224nav?tc_ch=display&tc_ve=ba&tc_so=tradedesk&tc_me=pp&tc_ca=bau,,,237,IN STOCK,,,Marineblau,,,,TRUE,TRUE
55239668,55239668,55239668,Stiefeletten mit geformter Zehenpartie Damen Boden,https://eu.boden.com/products/damen-stiefeletten-mit-geformter-zehenpartie-oxblood-a2295bur?tc_ch=display&tc_ve=ba&tc_so=tradedesk&tc_me=pp&tc_ca=bau,,,230.00,230.00,https://cdn.shopify.com/s/files/1/0680/4625/8428/files/26wwin_a2295_bur_d4a5d4b8-cb5a-475a-9572-ff8b1567344f.jpg?v=1&width=800,Damen,Damen,03/10/2026,https://eu.boden.com/products/damen-stiefeletten-mit-geformter-zehenpartie-oxblood-a2295bur?tc_ch=display&tc_ve=ba&tc_so=tradedesk&tc_me=pp&tc_ca=bau,,,47,IN STOCK,,,Oxblood,,,,TRUE,TRUE
55230194,55230194,55230194,Zelda Rippstrickpullover mit Halbreißverschluss Damen Boden,https://eu.boden.com/products/damen-zelda-rippstrickpullover-mit-halbreissverschluss-leuchtendes-blau-kastanienbraun-streifen-k1352pnt?tc_ch=display&tc_ve=ba&tc_so=tradedesk&tc_me=pp&tc_ca=bau,,,110.00,110.00,https://cdn.shopify.com/s/files/1/0680/4625/8428/files/26wwin_k1352_pnt_m01_77bfd21c-9078-46f8-91b7-0ba59849fae6.jpg?v=1&width=800,Damen,Damen,03/10/2026,https://eu.boden.com/products/damen-zelda-rippstrickpullover-mit-halbreissverschluss-leuchtendes-blau-kastanienbraun-streifen-k1352pnt?tc_ch=display&tc_ve=ba&tc_so=tradedesk&tc_me=pp&tc_ca=bau,,,310,IN STOCK,,,"Leuchtendes Blau, Kastanienbraun Streifen",,,,TRUE,TRUE
55226912,55226912,55226912,Mae Fair-Isle-Strickjacke Damen Boden,https://eu.boden.com/products/damen-mae-fair-isle-strickjacke-navy-mit-fair-isle-k1336nvy?tc_ch=display&tc_ve=ba&tc_so=tradedesk&tc_me=pp&tc_ca=bau,,,180.00,180.00,https://cdn.shopify.com/s/files/1/0680/4625/8428/files/26wwin_k1336_nvy_w01.jpg?v=1&width=800,Damen,Damen,03/10/2026,https://eu.boden.com/products/damen-mae-fair-isle-strickjacke-navy-mit-fair-isle-k1336nvy?tc_ch=display&tc_ve=ba&tc_so=tradedesk&tc_me=pp&tc_ca=bau,,,562,IN STOCK,,,Navy Mit Fair Isle,,,,TRUE,TRUE
55225762,55225762,55225762,Mae Fair-Isle-Strickpullover Damen Boden,https://eu.boden.com/products/damen-mae-fair-isle-strickpullover-blau-passe-k1335blu?tc_ch=display&tc_ve=ba&tc_so=tradedesk&tc_me=pp&tc_ca=bau,,,170.00,170.00,https://cdn.shopify.com/s/files/1/0680/4625/8428/files/26wwin_k1335_blu_m01_1cf6ba8d-ed0c-4f36-8b5f-be90e103be00.jpg?v=1&width=800,Damen,Damen,03/10/2026,https://eu.boden.com/products/damen-mae-fair-isle-strickpullover-blau-passe-k1335blu?tc_ch=display&tc_ve=ba&tc_so=tradedesk&tc_me=pp&tc_ca=bau,,,490,IN STOCK,,,Blau Passe,,,,TRUE,TRUE
55227038,55227038,55227038,Besticktes Tüll-Maxikleid Damen Boden,https://eu.boden.com/products/damen-besticktes-tuell-maxikleid-schwarz-d1880blk?tc_ch=display&tc_ve=ba&tc_so=tradedesk&tc_me=pp&tc_ca=bau,,,240.00,240.00,https://cdn.shopify.com/s/files/1/0680/4625/8428/files/26wwin_d1880_blk_m01_3605c937-b264-425c-9239-362702657701.jpg?v=1&width=800,Damen,Damen,03/10/2026,https://eu.boden.com/products/damen-besticktes-tuell-maxikleid-schwarz-d1880blk?tc_ch=display&tc_ve=ba&tc_so=tradedesk&tc_me=pp&tc_ca=bau,,,128,IN STOCK,,,Schwarz,,,,TRUE,TRUE
55225676,55225676,55225676,Tüllkleid mit Kontrastdetails Damen Boden,https://eu.boden.com/products/damen-tuellkleid-mit-kontrastdetails-schwarz-d1879blk?tc_ch=display&tc_ve=ba&tc_so=tradedesk&tc_me=pp&tc_ca=bau,,,190.00,190.00,https://cdn.shopify.com/s/files/1/0680/4625/8428/files/26waut_d1879_blk_w01_f4498bd2-2e03-4900-b20c-f1681f0bdca3.jpg?v=1&width=800,Damen,Damen,03/10/2026,https://eu.boden.com/products/damen-tuellkleid-mit-kontrastdetails-schwarz-d1879blk?tc_ch=display&tc_ve=ba&tc_so=tradedesk&tc_me=pp&tc_ca=bau,,,88,IN STOCK,,,Schwarz,,,,TRUE,TRUE
55226888,55226888,55226888,Maeve Hemdblusenkleid aus Samt Damen Boden,https://eu.boden.com/products/damen-maeve-hemdblusenkleid-aus-samt-blaugruen-meer-d1862blu?tc_ch=display&tc_ve=ba&tc_so=tradedesk&tc_me=pp&tc_ca=bau,,,240.00,240.00,https://cdn.shopify.com/s/files/1/0680/4625/8428/files/26waut_d1862_blu_w01_db5c2683-1792-4130-9715-699dd2de3620.jpg?v=1&width=800,Damen,Damen,03/10/2026,https://eu.boden.com/products/damen-maeve-hemdblusenkleid-aus-samt-blaugruen-meer-d1862blu?tc_ch=display&tc_ve=ba&tc_so=tradedesk&tc_me=pp&tc_ca=bau,,,71,IN STOCK,,,Blaugrün Meer,,,,TRUE,TRUE
55239778,55239778,55239778,Stiefeletten mit geformter Zehenpartie Damen Boden,https://eu.boden.com/products/damen-stiefeletten-mit-geformter-zehenpartie-schwarz-a2295blk?tc_ch=display&tc_ve=ba&tc_so=tradedesk&tc_me=pp&tc_ca=bau,,,230.00,230.00,https://cdn.shopify.com/s/files/1/0680/4625/8428/files/26wwin_a2295_blk_9290a1c4-5555-49ee-81e5-75e22d6f1a73.jpg?v=1&width=800,Damen,Damen,03/10/2026,https://eu.boden.com/products/damen-stiefeletten-mit-geformter-zehenpartie-schwarz-a2295blk?tc_ch=display&tc_ve=ba&tc_so=tradedesk&tc_me=pp&tc_ca=bau,,,47,IN STOCK,,,Schwarz,,,,TRUE,TRUE
55229897,55229897,55229897,Catrin Ottoman-Etuikleid Damen Boden,https://eu.boden.com/products/damen-catrin-ottoman-etuikleid-waldlichtung-d1853dgr?tc_ch=display&tc_ve=ba&tc_so=tradedesk&tc_me=pp&tc_ca=bau,,,140.00,140.00,https://cdn.shopify.com/s/files/1/0680/4625/8428/files/26wwin_d1853_dgr_m01_7e149004-3008-41f3-9a36-efd49599e6f1.jpg?v=1&width=800,Damen,Damen,03/10/2026,https://eu.boden.com/products/damen-catrin-ottoman-etuikleid-waldlichtung-d1853dgr?tc_ch=display&tc_ve=ba&tc_so=tradedesk&tc_me=pp&tc_ca=bau,,,98,IN STOCK,,,Waldlichtung,,,,TRUE,TRUE
55236632,55236632,55236632,Plateauschuhe mit Schleife Damen Boden,https://eu.boden.com/products/damen-plateauschuhe-mit-schleife-schwarz-a2299blw?tc_ch=display&tc_ve=ba&tc_so=tradedesk&tc_me=pp&tc_ca=bau,,,240.00,240.00,https://cdn.shopify.com/s/files/1/0680/4625/8428/files/26wwin_a2299_blw_14d8e638-bbb4-47cd-b9d4-b8a416218f01.jpg?v=1&width=800,Damen,Damen,03/10/2026,https://eu.boden.com/products/damen-plateauschuhe-mit-schleife-schwarz-a2299blw?tc_ch=display&tc_ve=ba&tc_so=tradedesk&tc_me=pp&tc_ca=bau,,,22,IN STOCK,,,Schwarz,,,,TRUE,TRUE
55229615,55229615,55229615,"Flache, zweiteilige Schuhe mit Schleife Damen Boden",https://eu.boden.com/products/damen-flache-zweiteilige-schuhe-mit-schleife-schwarz-a2297blk?tc_ch=display&tc_ve=ba&tc_so=tradedesk&tc_me=pp&tc_ca=bau,,,170.00,170.00,https://cdn.shopify.com/s/files/1/0680/4625/8428/files/26wwin_a2297_blk_82a00d0c-d511-4311-9a8a-d2a73b5f22cb.jpg?v=1&width=800,Damen,Damen,03/10/2026,https://eu.boden.com/products/damen-flache-zweiteilige-schuhe-mit-schleife-schwarz-a2297blk?tc_ch=display&tc_ve=ba&tc_so=tradedesk&tc_me=pp&tc_ca=bau,,,105,IN STOCK,,,Schwarz,,,,TRUE,TRUE
55233529,55233529,55233529,Mae Fair-Isle-Strickjacke Damen Boden,https://eu.boden.com/products/damen-mae-fair-isle-strickjacke-camel-rote-bommeln-k1336nud?tc_ch=display&tc_ve=ba&tc_so=tradedesk&tc_me=pp&tc_ca=bau,,,190.00,190.00,https://cdn.shopify.com/s/files/1/0680/4625/8428/files/26wwin_k1336_nud_m01.jpg?v=1&width=800,Damen,Damen,03/10/2026,https://eu.boden.com/products/damen-mae-fair-isle-strickjacke-camel-rote-bommeln-k1336nud?tc_ch=display&tc_ve=ba&tc_so=tradedesk&tc_me=pp&tc_ca=bau,,,218,IN STOCK,,,"Camel, Rote Bommeln",,,,TRUE,TRUE
55226665,55226665,55226665,Mae Fair-Isle-Strickpullover Damen Boden,https://eu.boden.com/products/damen-mae-fair-isle-strickpullover-nerz-fair-isle-k1335oat?tc_ch=display&tc_ve=ba&tc_so=tradedesk&tc_me=pp&tc_ca=bau,,,170.00,170.00,https://cdn.shopify.com/s/files/1/0680/4625/8428/files/26wwin_k1335_oat_w01_0fa1b029-8015-4469-9008-95eaaad4349a.jpg?v=1&width=800,Damen,Damen,03/10/2026,https://eu.boden.com/products/damen-mae-fair-isle-strickpullover-nerz-fair-isle-k1335oat?tc_ch=display&tc_ve=ba&tc_so=tradedesk&tc_me=pp&tc_ca=bau,,,232,IN STOCK,,,"Nerz, Fair-Isle",,,,TRUE,TRUE
55225522,55225522,55225522,Lara Baumwollpullover mit Knopfleiste Damen Boden,https://eu.boden.com/products/damen-lara-baumwollpullover-mit-knopfleiste-lebkuchen-k1311brm?tc_ch=display&tc_ve=ba&tc_so=tradedesk&tc_me=pp&tc_ca=bau,,,110.00,110.00,https://cdn.shopify.com/s/files/1/0680/4625/8428/files/26wwin_k1311_brm_m01.jpg?v=1&width=800,Damen,Damen,03/10/2026,https://eu.boden.com/products/damen-lara-baumwollpullover-mit-knopfleiste-lebkuchen-k1311brm?tc_ch=display&tc_ve=ba&tc_so=tradedesk&tc_me=pp&tc_ca=bau,,,266,IN STOCK,,,Lebkuchen,,,,TRUE,TRUE
55233715,55233715,55233715,Octavia Schmaler Seidenschal Damen Boden,https://eu.boden.com/products/damen-octavia-schmaler-seidenschal-gruen-und-braun-paisley-a2316sgr?tc_ch=display&tc_ve=ba&tc_so=tradedesk&tc_me=pp&tc_ca=bau,,,99.00,99.00,https://cdn.shopify.com/s/files/1/0680/4625/8428/files/26wwin_a2316_sgr_ff1ddc0b-392f-4b95-b45a-49a7dd495b61.jpg?v=1&width=800,Damen,Damen,03/10/2026,https://eu.boden.com/products/damen-octavia-schmaler-seidenschal-gruen-und-braun-paisley-a2316sgr?tc_ch=display&tc_ve=ba&tc_so=tradedesk&tc_me=pp&tc_ca=bau,,,118,IN STOCK,,,Grün und Braun Paisley,,,,TRUE,TRUE
55228413,55228413,55228413,Reitstiefel Damen Boden,https://eu.boden.com/products/damen-reitstiefel-schwarz-a2303blk?tc_ch=display&tc_ve=ba&tc_so=tradedesk&tc_me=pp&tc_ca=bau,,,310.00,310.00,https://cdn.shopify.com/s/files/1/0680/4625/8428/files/26wwin_a2303_blk_397a21cc-203e-4dec-b6c4-9c14055dcd25.jpg?v=1&width=800,Damen,Damen,03/10/2026,https://eu.boden.com/products/damen-reitstiefel-schwarz-a2303blk?tc_ch=display&tc_ve=ba&tc_so=tradedesk&tc_me=pp&tc_ca=bau,,,63,IN STOCK,,,Schwarz,,,,TRUE,TRUE
55225770,55225770,55225770,Satinkleid mit Kunstfederbesatz Damen Boden,https://eu.boden.com/products/damen-satinkleid-mit-kunstfederbesatz-kristall-blaugruen-bluehender-zweig-d1865blu?tc_ch=display&tc_ve=ba&tc_so=tradedesk&tc_me=pp&tc_ca=bau,,,220.00,220.00,https://cdn.shopify.com/s/files/1/0680/4625/8428/files/26wwin_d1865_blu_m01.jpg?v=1&width=800,Damen,Damen,03/10/2026,https://eu.boden.com/products/damen-satinkleid-mit-kunstfederbesatz-kristall-blaugruen-bluehender-zweig-d1865blu?tc_ch=display&tc_ve=ba&tc_so=tradedesk&tc_me=pp&tc_ca=bau,,,94,IN STOCK,,,Kristall-Blaugrün Blühender Zweig,,,,TRUE,TRUE
55233559,55233559,55233559,Violet Henley-Shirt mit Samtbesatz Damen Boden,https://eu.boden.com/products/damen-violet-henley-shirt-mit-samtbesatz-tintenblau-k1354blu?tc_ch=display&tc_ve=ba&tc_so=tradedesk&tc_me=pp&tc_ca=bau,,,110.00,110.00,https://cdn.shopify.com/s/files/1/0680/4625/8428/files/26wwin_k1354_blu_m01_v4.jpg?v=1&width=800,Damen,Damen,03/10/2026,https://eu.boden.com/products/damen-violet-henley-shirt-mit-samtbesatz-tintenblau-k1354blu?tc_ch=display&tc_ve=ba&tc_so=tradedesk&tc_me=pp&tc_ca=bau,,,152,IN STOCK,,,Tintenblau,,,,TRUE,TRUE
55225432,55225432,55225432,Mae Origineller Pullover Damen Boden,https://eu.boden.com/products/damen-mae-origineller-pullover-marineblau-kranz-k1357nav?tc_ch=display&tc_ve=ba&tc_so=tradedesk&tc_me=pp&tc_ca=bau,,,180.00,180.00,https://cdn.shopify.com/s/files/1/0680/4625/8428/files/26wwin_k1357_nav_m01_v2.jpg?v=1&width=800,Damen,Damen,03/10/2026,https://eu.boden.com/products/damen-mae-origineller-pullover-marineblau-kranz-k1357nav?tc_ch=display&tc_ve=ba&tc_so=tradedesk&tc_me=pp&tc_ca=bau,,,288,IN STOCK,,,Marineblau Kranz,,,,TRUE,TRUE
55233540,55233540,55233540,Violet Henley-Shirt mit Samtbesatz Damen Boden,https://eu.boden.com/products/damen-violet-henley-shirt-mit-samtbesatz-multi-lace-k1354pnt?tc_ch=display&tc_ve=ba&tc_so=tradedesk&tc_me=pp&tc_ca=bau,,,110.00,110.00,https://cdn.shopify.com/s/files/1/0680/4625/8428/files/26wwin_k1354_pnt_m01_bdae77c6-2258-492e-8b0a-3f7e52baf97b.jpg?v=1&width=800,Damen,Damen,03/10/2026,https://eu.boden.com/products/damen-violet-henley-shirt-mit-samtbesatz-multi-lace-k1354pnt?tc_ch=display&tc_ve=ba&tc_so=tradedesk&tc_me=pp&tc_ca=bau,,,255,IN STOCK,,,Multi Lace,,,,TRUE,TRUE
55227475,55227475,55227475,Baumwolloberteil mit Lochstickerei Damen Boden,https://eu.boden.com/products/damen-baumwolloberteil-mit-lochstickerei-bordeauxrot-t2247nvy?tc_ch=display&tc_ve=ba&tc_so=tradedesk&tc_me=pp&tc_ca=bau,,,130.00,130.00,https://cdn.shopify.com/s/files/1/0680/4625/8428/files/26wwin_t2247_nvy_m01_v6.jpg?v=1&width=800,Damen,Damen,03/10/2026,https://eu.boden.com/products/damen-baumwolloberteil-mit-lochstickerei-bordeauxrot-t2247nvy?tc_ch=display&tc_ve=ba&tc_so=tradedesk&tc_me=pp&tc_ca=bau,,,68,IN STOCK,,,Bordeauxrot,,,,TRUE,TRUE
55219660,55219660,55219660,Baumwolloberteil mit Lochstickerei Damen Boden,https://eu.boden.com/products/damen-baumwolloberteil-mit-lochstickerei-waldlichtung-t2199dgr?tc_ch=display&tc_ve=ba&tc_so=tradedesk&tc_me=pp&tc_ca=bau,,,120.00,120.00,https://cdn.shopify.com/s/files/1/0680/4625/8428/files/26wwin_t2199_dgr_m01_v1_c46f3e0c-206d-4ef4-a154-e9b795c85e00.jpg?v=1&width=800,Damen,Damen,03/10/2026,https://eu.boden.com/products/damen-baumwolloberteil-mit-lochstickerei-waldlichtung-t2199dgr?tc_ch=display&tc_ve=ba&tc_so=tradedesk&tc_me=pp&tc_ca=bau,,,105,IN STOCK,,,Waldlichtung,,,,TRUE,TRUE
55233386,55233386,55233386,Breite Halskette mit Metalljuwelen Damen Boden,https://eu.boden.com/products/damen-breite-halskette-mit-metalljuwelen-gold-a2324gld?tc_ch=display&tc_ve=ba&tc_so=tradedesk&tc_me=pp&tc_ca=bau,,,76.00,76.00,https://cdn.shopify.com/s/files/1/0680/4625/8428/files/26wwin_a2324_gld.jpg?v=1&width=800,Damen,Damen,03/10/2026,https://eu.boden.com/products/damen-breite-halskette-mit-metalljuwelen-gold-a2324gld?tc_ch=display&tc_ve=ba&tc_so=tradedesk&tc_me=pp&tc_ca=bau,,,236,IN STOCK,,,Gold,,,,TRUE,TRUE
55234828,55234828,55234828,Verity Taft-Midirock Damen Boden,https://eu.boden.com/products/damen-verity-taft-midirock-marineblau-gruen-blau-ton-in-ton-kariert-r1039chk?tc_ch=display&tc_ve=ba&tc_so=tradedesk&tc_me=pp&tc_ca=bau,,,150.00,150.00,https://cdn.shopify.com/s/files/1/0680/4625/8428/files/26wwin_r1039_chk_m01_8732b7da-531d-4fc4-87f9-a8abd5464acb.jpg?v=1&width=800,Damen,Damen,03/10/2026,https://eu.boden.com/products/damen-verity-taft-midirock-marineblau-gruen-blau-ton-in-ton-kariert-r1039chk?tc_ch=display&tc_ve=ba&tc_so=tradedesk&tc_me=pp&tc_ca=bau,,,86,IN STOCK,,,"Marineblau, Grün, Blau Ton-in-Ton-Kariert",,,,TRUE,TRUE
55226246,55226246,55226246,Canonbury Samthose Damen Boden,https://eu.boden.com/products/damen-canonbury-samthose-mitternachtsblau-smaragdgruen-r1026grn?tc_ch=display&tc_ve=ba&tc_so=tradedesk&tc_me=pp&tc_ca=bau,,,170.00,170.00,https://cdn.shopify.com/s/files/1/0680/4625/8428/files/26wwin_r1026_grn_m01_b434320c-7db5-4719-83e6-2115a058344b.jpg?v=1&width=800,Damen,Damen,03/10/2026,https://eu.boden.com/products/damen-canonbury-samthose-mitternachtsblau-smaragdgruen-r1026grn?tc_ch=display&tc_ve=ba&tc_so=tradedesk&tc_me=pp&tc_ca=bau,,,110,IN STOCK,,,Mitternachtsblau Smaragdgrün,,,,TRUE,TRUE
55227534,55227534,55227534,Jerseyhemd mit Kragen Damen Boden,https://eu.boden.com/products/damen-jerseyhemd-mit-kragen-franzoesisches-marineblau-bezauberndes-blattmuster-t2248blu?tc_ch=display&tc_ve=ba&tc_so=tradedesk&tc_me=pp&tc_ca=bau,,,99.00,99.00,https://cdn.shopify.com/s/files/1/0680/4625/8428/files/26wwin_t2248_blu_m01.jpg?v=1&width=800,Damen,Damen,03/10/2026,https://eu.boden.com/products/damen-jerseyhemd-mit-kragen-franzoesisches-marineblau-bezauberndes-blattmuster-t2248blu?tc_ch=display&tc_ve=ba&tc_so=tradedesk&tc_me=pp&tc_ca=bau,,,116,IN STOCK,,,"Französisches Marineblau, Bezauberndes Blattmuster",,,,TRUE,TRUE
55243167,55243167,55243167,Stripe & Stare Triangel-BH mit Spitze Damen Boden,https://eu.boden.com/products/damen-stripe-stare-triangel-bh-mit-spitze-herzen-a2413mul?tc_ch=display&tc_ve=ba&tc_so=tradedesk&tc_me=pp&tc_ca=bau,,,43.00,43.00,https://cdn.shopify.com/s/files/1/0680/4625/8428/files/26wwin_a2413_mul_da51e18b-0034-4ce9-a15d-97a50482b8b0.jpg?v=1&width=800,Damen,Damen,03/10/2026,https://eu.boden.com/products/damen-stripe-stare-triangel-bh-mit-spitze-herzen-a2413mul?tc_ch=display&tc_ve=ba&tc_so=tradedesk&tc_me=pp&tc_ca=bau,,,77,IN STOCK,,,Herzen,,,,TRUE,TRUE
55227500,55227500,55227500,Samt-Oberteil mit Tüll Damen Boden,https://eu.boden.com/products/damen-samt-oberteil-mit-tuell-dunkle-schokolade-t2257brn?tc_ch=display&tc_ve=ba&tc_so=tradedesk&tc_me=pp&tc_ca=bau,,,99.00,99.00,https://cdn.shopify.com/s/files/1/0680/4625/8428/files/26wwin_t2257_brn_m01_v2_5b069aad-9996-41cc-882d-630a61e0ec11.jpg?v=1&width=800,Damen,Damen,03/10/2026,https://eu.boden.com/products/damen-samt-oberteil-mit-tuell-dunkle-schokolade-t2257brn?tc_ch=display&tc_ve=ba&tc_so=tradedesk&tc_me=pp&tc_ca=bau,,,121,IN STOCK,,,Dunkle Schokolade,,,,TRUE,TRUE
55235750,55235750,55235750,Verzierter Kragen Damen Boden,https://eu.boden.com/products/damen-verzierter-kragen-schwarz-glitzer-a2318bla?tc_ch=display&tc_ve=ba&tc_so=tradedesk&tc_me=pp&tc_ca=bau,,,99.00,99.00,https://cdn.shopify.com/s/files/1/0680/4625/8428/files/26wwin_a2318_bla.jpg?v=1&width=800,Damen,Damen,03/10/2026,https://eu.boden.com/products/damen-verzierter-kragen-schwarz-glitzer-a2318bla?tc_ch=display&tc_ve=ba&tc_so=tradedesk&tc_me=pp&tc_ca=bau,,,110,IN STOCK,,,Schwarz Glitzer,,,,TRUE,TRUE
55234373,55234373,55234373,Flauschige Jacquard-Strickjacke Damen Boden,https://eu.boden.com/products/damen-flauschige-jacquard-strickjacke-marineblau-gruen-und-rosa-kariert-k1370blu?tc_ch=display&tc_ve=ba&tc_so=tradedesk&tc_me=pp&tc_ca=bau,,,230.00,230.00,https://cdn.shopify.com/s/files/1/0680/4625/8428/files/26wwin_k1370_blu_w01.jpg?v=1&width=800,Damen,Damen,03/10/2026,https://eu.boden.com/products/damen-flauschige-jacquard-strickjacke-marineblau-gruen-und-rosa-kariert-k1370blu?tc_ch=display&tc_ve=ba&tc_so=tradedesk&tc_me=pp&tc_ca=bau,,,201,IN STOCK,,,"Marineblau, Grün und Rosa Kariert",,,,TRUE,TRUE
55225934,55225934,55225934,Marta Langer Merino-Pullover Damen Boden,https://eu.boden.com/products/damen-marta-langer-merino-pullover-ockergruen-k1360grn?tc_ch=display&tc_ve=ba&tc_so=tradedesk&tc_me=pp&tc_ca=bau,,,170.00,170.00,https://cdn.shopify.com/s/files/1/0680/4625/8428/files/26wwin_k1360_grn_w01_10934d77-4d9c-41b8-aed4-4b1fbe861094.jpg?v=1&width=800,Damen,Damen,03/10/2026,https://eu.boden.com/products/damen-marta-langer-merino-pullover-ockergruen-k1360grn?tc_ch=display&tc_ve=ba&tc_so=tradedesk&tc_me=pp&tc_ca=bau,,,283,IN STOCK,,,Ockergrün,,,,TRUE,TRUE
55233387,55233387,55233387,Schleifen-Ohrringe mit Schmucksteinen Damen Boden,https://eu.boden.com/products/damen-schleifen-ohrringe-mit-schmucksteinen-transparent-a2326slv?tc_ch=display&tc_ve=ba&tc_so=tradedesk&tc_me=pp&tc_ca=bau,,,59.00,59.00,https://cdn.shopify.com/s/files/1/0680/4625/8428/files/26gwin_a2326_slv_615ec6d5-1442-4ab1-9618-dd8381fa37ed.jpg?v=1&width=800,Damen,Damen,03/10/2026,https://eu.boden.com/products/damen-schleifen-ohrringe-mit-schmucksteinen-transparent-a2326slv?tc_ch=display&tc_ve=ba&tc_so=tradedesk&tc_me=pp&tc_ca=bau,,,606,IN STOCK,,,Transparent,,,,TRUE,TRUE
55226514,55226514,55226514,Samthemd mit Puffärmeln Damen Boden,https://eu.boden.com/products/damen-samthemd-mit-puffaermeln-portwein-koenigliches-lila-t2258brn?tc_ch=display&tc_ve=ba&tc_so=tradedesk&tc_me=pp&tc_ca=bau,,,99.00,99.00,https://cdn.shopify.com/s/files/1/0680/4625/8428/files/26wwin_t2258_brn_m01_726fbb5b-76d7-4be5-8ac9-4ad6960957b3.jpg?v=1&width=800,Damen,Damen,03/10/2026,https://eu.boden.com/products/damen-samthemd-mit-puffaermeln-portwein-koenigliches-lila-t2258brn?tc_ch=display&tc_ve=ba&tc_so=tradedesk&tc_me=pp&tc_ca=bau,,,373,IN STOCK,,,Portwein Königliches Lila,,,,TRUE,TRUE
55232464,55232464,55232464,Fay Hochgeschlossener Kaschmirpullover Damen Boden,https://eu.boden.com/products/damen-fay-hochgeschlossener-kaschmirpullover-graubraun-meliert-k1358neu?tc_ch=display&tc_ve=ba&tc_so=tradedesk&tc_me=pp&tc_ca=bau,,,210.00,210.00,https://cdn.shopify.com/s/files/1/0680/4625/8428/files/26wwin_k1358_neu_m01_v1_a0439b17-6c25-4739-aff2-718fe1413362.jpg?v=1&width=800,Damen,Damen,03/10/2026,https://eu.boden.com/products/damen-fay-hochgeschlossener-kaschmirpullover-graubraun-meliert-k1358neu?tc_ch=display&tc_ve=ba&tc_so=tradedesk&tc_me=pp&tc_ca=bau,,,91,IN STOCK,,,Graubraun Meliert,,,,TRUE,TRUE
55229785,55229785,55229785,Honor Kurzes Samtkleid Damen Boden,https://eu.boden.com/products/damen-honor-kurzes-samtkleid-nachtschatten-d1851blu?tc_ch=display&tc_ve=ba&tc_so=tradedesk&tc_me=pp&tc_ca=bau,,,140.00,140.00,https://cdn.shopify.com/s/files/1/0680/4625/8428/files/26waut_d1851_blu_w01_ee514dfe-86a2-4702-953a-9cd407761da5.jpg?v=1&width=800,Damen,Damen,03/10/2026,https://eu.boden.com/products/damen-honor-kurzes-samtkleid-nachtschatten-d1851blu?tc_ch=display&tc_ve=ba&tc_so=tradedesk&tc_me=pp&tc_ca=bau,,,181,IN STOCK,,,Nachtschatten,,,,TRUE,TRUE
55222233,55222233,55222233,Aya Jacquard-Rock Damen Boden,https://eu.boden.com/products/damen-aya-jacquard-rock-gold-r1038gol?tc_ch=display&tc_ve=ba&tc_so=tradedesk&tc_me=pp&tc_ca=bau,,,190.00,190.00,https://cdn.shopify.com/s/files/1/0680/4625/8428/files/26wwin_r1038_gol_m01_4cf2956b-0520-4588-9692-62512529e99c.jpg?v=1&width=800,Damen,Damen,03/10/2026,https://eu.boden.com/products/damen-aya-jacquard-rock-gold-r1038gol?tc_ch=display&tc_ve=ba&tc_so=tradedesk&tc_me=pp&tc_ca=bau,,,71,IN STOCK,,,Gold,,,,TRUE,TRUE
55232914,55232914,55232914,Verzierte Schleife Damen Boden,https://eu.boden.com/products/damen-verzierte-schleife-schwarz-a2332blw?tc_ch=display&tc_ve=ba&tc_so=tradedesk&tc_me=pp&tc_ca=bau,,,56.00,56.00,https://cdn.shopify.com/s/files/1/0680/4625/8428/files/26wwin_a2332_blw_aaa1cbec-4c32-4512-9918-07229059f0d4.jpg?v=1&width=800,Damen,Damen,03/10/2026,https://eu.boden.com/products/damen-verzierte-schleife-schwarz-a2332blw?tc_ch=display&tc_ve=ba&tc_so=tradedesk&tc_me=pp&tc_ca=bau,,,197,IN STOCK,,,Schwarz,,,,TRUE,TRUE
55233373,55233373,55233373,Zarte Halskette mit Metalljuwelen Damen Boden,https://eu.boden.com/products/damen-zarte-halskette-mit-metalljuwelen-gold-a2325gld?tc_ch=display&tc_ve=ba&tc_so=tradedesk&tc_me=pp&tc_ca=bau,,,59.00,59.00,https://cdn.shopify.com/s/files/1/0680/4625/8428/files/26wwin_a2325_gld_0fb3bd6f-fa96-4ab9-9b56-04a34425bc13.jpg?v=1&width=800,Damen,Damen,03/10/2026,https://eu.boden.com/products/damen-zarte-halskette-mit-metalljuwelen-gold-a2325gld?tc_ch=display&tc_ve=ba&tc_so=tradedesk&tc_me=pp&tc_ca=bau,,,334,IN STOCK,,,Gold,,,,TRUE,TRUE
55231793,55231793,55231793,Fay Hochgeschlossener Kaschmirpullover Damen Boden,https://eu.boden.com/products/damen-fay-hochgeschlossener-kaschmirpullover-braun-orange-k1358lbr?tc_ch=display&tc_ve=ba&tc_so=tradedesk&tc_me=pp&tc_ca=bau,,,210.00,210.00,https://cdn.shopify.com/s/files/1/0680/4625/8428/files/26wwin_k1358_lbr_m01_84ca14f5-9940-4846-90c7-dac10e9b0c14.jpg?v=1&width=800,Damen,Damen,03/10/2026,https://eu.boden.com/products/damen-fay-hochgeschlossener-kaschmirpullover-braun-orange-k1358lbr?tc_ch=display&tc_ve=ba&tc_so=tradedesk&tc_me=pp&tc_ca=bau,,,196,IN STOCK,,,Braun-Orange,,,,TRUE,TRUE
55226947,55226947,55226947,Canonbury Samthose Damen Boden,https://eu.boden.com/products/damen-canonbury-samthose-bunt-juwelenstrauss-r1026mix?tc_ch=display&tc_ve=ba&tc_so=tradedesk&tc_me=pp&tc_ca=bau,,,180.00,180.00,https://cdn.shopify.com/s/files/1/0680/4625/8428/files/26wwin_r1026_mix_m01_v1.jpg?v=1&width=800,Damen,Damen,03/10/2026,https://eu.boden.com/products/damen-canonbury-samthose-bunt-juwelenstrauss-r1026mix?tc_ch=display&tc_ve=ba&tc_so=tradedesk&tc_me=pp&tc_ca=bau,,,77,IN STOCK,,,"Bunt, Juwelenstrauß",,,,TRUE,TRUE
55255440,55255440,55255440,Jersey-Spitzenhemd Damen Boden,https://eu.boden.com/products/damen-jersey-spitzenhemd-kiefergruen-t2375grn?tc_ch=display&tc_ve=ba&tc_so=tradedesk&tc_me=pp&tc_ca=bau,,,99.00,99.00,https://cdn.shopify.com/s/files/1/0680/4625/8428/files/26wwin_t2375_grn_m01_b8f18da7-ac32-4e86-8e3e-b3bf8250ac32.jpg?v=1&width=800,Damen,Damen,03/10/2026,https://eu.boden.com/products/damen-jersey-spitzenhemd-kiefergruen-t2375grn?tc_ch=display&tc_ve=ba&tc_so=tradedesk&tc_me=pp&tc_ca=bau,,,133,IN STOCK,,,Kiefergrün,,,,TRUE,TRUE
55229197,55229197,55229197,Verity Taft-Midirock Damen Boden,https://eu.boden.com/products/damen-verity-taft-midirock-blaugruen-meer-r1039blu?tc_ch=display&tc_ve=ba&tc_so=tradedesk&tc_me=pp&tc_ca=bau,,,140.00,140.00,https://cdn.shopify.com/s/files/1/0680/4625/8428/files/26wwin_r1039_blu_m01_bfdbc644-7a4b-4c84-9b1e-0f6f3501182c.jpg?v=1&width=800,Damen,Damen,03/10/2026,https://eu.boden.com/products/damen-verity-taft-midirock-blaugruen-meer-r1039blu?tc_ch=display&tc_ve=ba&tc_so=tradedesk&tc_me=pp&tc_ca=bau,,,34,IN STOCK,,,Blaugrün Meer,,,,TRUE,TRUE
55225675,55225675,55225675,Oberteil mit Spitzendetail Damen Boden,https://eu.boden.com/products/damen-oberteil-mit-spitzendetail-schwarz-t2253blk?tc_ch=display&tc_ve=ba&tc_so=tradedesk&tc_me=pp&tc_ca=bau,,,99.00,99.00,https://cdn.shopify.com/s/files/1/0680/4625/8428/files/26wwin_t2253_blk_m01_4dba0a9a-a01d-4dc3-98a8-e0cfdbb4dbe2.jpg?v=1&width=800,Damen,Damen,03/10/2026,https://eu.boden.com/products/damen-oberteil-mit-spitzendetail-schwarz-t2253blk?tc_ch=display&tc_ve=ba&tc_so=tradedesk&tc_me=pp&tc_ca=bau,,,186,IN STOCK,,,Schwarz,,,,TRUE,TRUE
55227612,55227612,55227612,Zara Kurzes Jeanskleid Damen Boden,https://eu.boden.com/products/damen-zara-kurzes-jeanskleid-dunkles-vintageblau-d1837mdn?tc_ch=display&tc_ve=ba&tc_so=tradedesk&tc_me=pp&tc_ca=bau,,,150.00,150.00,https://cdn.shopify.com/s/files/1/0680/4625/8428/files/26wwin_d1837_mdn_m01_8a0110a0-31a8-4df0-89a4-1a334f67b6eb.jpg?v=1&width=800,Damen,Damen,03/10/2026,https://eu.boden.com/products/damen-zara-kurzes-jeanskleid-dunkles-vintageblau-d1837mdn?tc_ch=display&tc_ve=ba&tc_so=tradedesk&tc_me=pp&tc_ca=bau,,,101,IN STOCK,,,Dunkles Vintageblau,,,,TRUE,TRUE
55220399,55220399,55220399,Schmal geschnittene Jeans mit hohem Bund Damen Boden,https://eu.boden.com/products/damen-schmal-geschnittene-jeans-mit-hohem-bund-medium-vintage-r1034den?tc_ch=display&tc_ve=ba&tc_so=tradedesk&tc_me=pp&tc_ca=bau,,,110.00,110.00,https://cdn.shopify.com/s/files/1/0680/4625/8428/files/26wwin_r1034_den_m01_3a9904f7-efa3-4bc1-af66-f0c501a1d914.jpg?v=1&width=800,Damen,Damen,03/10/2026,https://eu.boden.com/products/damen-schmal-geschnittene-jeans-mit-hohem-bund-medium-vintage-r1034den?tc_ch=display&tc_ve=ba&tc_so=tradedesk&tc_me=pp&tc_ca=bau,,,47,IN STOCK,,,Medium Vintage,,,,TRUE,TRUE
55233422,55233422,55233422,Große Creolen mit Schmucksteinen-GRÜN Damen Boden,https://eu.boden.com/products/damen-grosse-creolen-mit-schmucksteinen-gruen-a2323gst?tc_ch=display&tc_ve=ba&tc_so=tradedesk&tc_me=pp&tc_ca=bau,,,56.00,56.00,https://cdn.shopify.com/s/files/1/0680/4625/8428/files/26gwin_a2323_gst_23dc8e50-2500-4c15-80f6-1896ede5508f.jpg?v=1&width=800,Damen,Damen,03/10/2026,https://eu.boden.com/products/damen-grosse-creolen-mit-schmucksteinen-gruen-a2323gst?tc_ch=display&tc_ve=ba&tc_so=tradedesk&tc_me=pp&tc_ca=bau,,,208,IN STOCK,,,Grün,,,,TRUE,TRUE
55255749,55255749,55255749,Jersey-Leggings mit hohem Bund Damen Boden,https://eu.boden.com/products/damen-jersey-leggings-mit-hohem-bund-bitterschokolade-r0819brm?tc_ch=display&tc_ve=ba&tc_so=tradedesk&tc_me=pp&tc_ca=bau,,,39.00,39.00,https://cdn.shopify.com/s/files/1/0680/4625/8428/files/26wwin_r0819_brm_m01_f9fc6f01-3c95-4d34-8751-ce63260fa980.jpg?v=1&width=800,Damen,Damen,03/10/2026,https://eu.boden.com/products/damen-jersey-leggings-mit-hohem-bund-bitterschokolade-r0819brm?tc_ch=display&tc_ve=ba&tc_so=tradedesk&tc_me=pp&tc_ca=bau,,,317,IN STOCK,,,Bitterschokolade,,,,TRUE,TRUE
55233532,55233532,55233532,Taft-Oberteil mit Puffärmeln Damen Boden,https://eu.boden.com/products/damen-taft-oberteil-mit-puffaermeln-marineblau-gruen-blau-ton-in-ton-kariert-t2231bla?tc_ch=display&tc_ve=ba&tc_so=tradedesk&tc_me=pp&tc_ca=bau,,,120.00,120.00,https://cdn.shopify.com/s/files/1/0680/4625/8428/files/26wwin_t2231_bla_m01_v2.jpg?v=1&width=800,Damen,Damen,03/10/2026,https://eu.boden.com/products/damen-taft-oberteil-mit-puffaermeln-marineblau-gruen-blau-ton-in-ton-kariert-t2231bla?tc_ch=display&tc_ve=ba&tc_so=tradedesk&tc_me=pp&tc_ca=bau,,,79,IN STOCK,,,"Marineblau, Grün, Blau Ton-in-Ton-Kariert",,,,TRUE,TRUE
55234560,55234560,55234560,Marta Langer Merino-Pullover Damen Boden,https://eu.boden.com/products/damen-marta-langer-merino-pullover-grau-rot-rosa-argyle-k1360mul?tc_ch=display&tc_ve=ba&tc_so=tradedesk&tc_me=pp&tc_ca=bau,,,190.00,190.00,https://cdn.shopify.com/s/files/1/0680/4625/8428/files/26wwin_k1360_mul_m01_bddc5823-2762-42f2-8f4f-22d99734fa68.jpg?v=1&width=800,Damen,Damen,03/10/2026,https://eu.boden.com/products/damen-marta-langer-merino-pullover-grau-rot-rosa-argyle-k1360mul?tc_ch=display&tc_ve=ba&tc_so=tradedesk&tc_me=pp&tc_ca=bau,,,179,IN STOCK,,,"Grau, Rot, Rosa Argyle",,,,TRUE,TRUE
55233375,55233375,55233375,Große neue Creolen Damen Boden,https://eu.boden.com/products/damen-grosse-neue-creolen-gold-a2330gol?tc_ch=display&tc_ve=ba&tc_so=tradedesk&tc_me=pp&tc_ca=bau,,,56.00,56.00,https://cdn.shopify.com/s/files/1/0680/4625/8428/files/26wwin_a2330_gol_m01.jpg?v=1&width=800,Damen,Damen,03/10/2026,https://eu.boden.com/products/damen-grosse-neue-creolen-gold-a2330gol?tc_ch=display&tc_ve=ba&tc_so=tradedesk&tc_me=pp&tc_ca=bau,,,240,IN STOCK,,,Gold,,,,TRUE,TRUE
55227027,55227027,55227027,Oberteil mit Spitzendetail Damen Boden,https://eu.boden.com/products/damen-oberteil-mit-spitzendetail-mitternachtsmeer-t2253blu?tc_ch=display&tc_ve=ba&tc_so=tradedesk&tc_me=pp&tc_ca=bau,,,99.00,99.00,https://cdn.shopify.com/s/files/1/0680/4625/8428/files/26wwin_t2253_blu_m01_de81dd63-ce13-419a-9bf2-fc05b2b7550d.jpg?v=1&width=800,Damen,Damen,03/10/2026,https://eu.boden.com/products/damen-oberteil-mit-spitzendetail-mitternachtsmeer-t2253blu?tc_ch=display&tc_ve=ba&tc_so=tradedesk&tc_me=pp&tc_ca=bau,,,138,IN STOCK,,,Mitternachtsmeer,,,,TRUE,TRUE
55235660,55235660,55235660,Marta Merino-Pullover mit V-Ausschnitt Damen Boden,https://eu.boden.com/products/damen-marta-merino-pullover-mit-v-ausschnitt-meeresdunst-blau-color-blocking-k1362blu?tc_ch=display&tc_ve=ba&tc_so=tradedesk&tc_me=pp&tc_ca=bau,,,170.00,170.00,https://cdn.shopify.com/s/files/1/0680/4625/8428/files/26wwin_k1362_blu_m01.jpg?v=1&width=800,Damen,Damen,03/10/2026,https://eu.boden.com/products/damen-marta-merino-pullover-mit-v-ausschnitt-meeresdunst-blau-color-blocking-k1362blu?tc_ch=display&tc_ve=ba&tc_so=tradedesk&tc_me=pp&tc_ca=bau,,,177,IN STOCK,,,Meeresdunst-Blau Color Blocking,,,,TRUE,TRUE
55234380,55234380,55234380,Sienna Spitzenhemd mit Rüschen Damen Boden,https://eu.boden.com/products/damen-sienna-spitzenhemd-mit-rueschen-marineblau-t2234nav?tc_ch=display&tc_ve=ba&tc_so=tradedesk&tc_me=pp&tc_ca=bau,,,150.00,150.00,https://cdn.shopify.com/s/files/1/0680/4625/8428/files/26wwin_t2234_nav_m01_v2.jpg?v=1&width=800,Damen,Damen,03/10/2026,https://eu.boden.com/products/damen-sienna-spitzenhemd-mit-rueschen-marineblau-t2234nav?tc_ch=display&tc_ve=ba&tc_so=tradedesk&tc_me=pp&tc_ca=bau,,,102,IN STOCK,,,Marineblau,,,,TRUE,TRUE
55225836,55225836,55225836,Canonbury Samthose Damen Boden,https://eu.boden.com/products/damen-canonbury-samthose-smartes-rot-r1026red?tc_ch=display&tc_ve=ba&tc_so=tradedesk&tc_me=pp&tc_ca=bau,,,170.00,170.00,https://cdn.shopify.com/s/files/1/0680/4625/8428/files/26waut_r1026_red_w01.jpg?v=1&width=800,Damen,Damen,03/10/2026,https://eu.boden.com/products/damen-canonbury-samthose-smartes-rot-r1026red?tc_ch=display&tc_ve=ba&tc_so=tradedesk&tc_me=pp&tc_ca=bau,,,110,IN STOCK,,,Smartes Rot,,,,TRUE,TRUE
55226756,55226756,55226756,Ausgestellte Samthose Damen Boden,https://eu.boden.com/products/damen-ausgestellte-samthose-dunkle-kirsche-r1029psp?tc_ch=display&tc_ve=ba&tc_so=tradedesk&tc_me=pp&tc_ca=bau,,,180.00,180.00,https://cdn.shopify.com/s/files/1/0680/4625/8428/files/26wwin_r1029_psp_m01_v2.jpg?v=1&width=800,Damen,Damen,03/10/2026,https://eu.boden.com/products/damen-ausgestellte-samthose-dunkle-kirsche-r1029psp?tc_ch=display&tc_ve=ba&tc_so=tradedesk&tc_me=pp&tc_ca=bau,,,78,IN STOCK,,,Dunkle Kirsche,,,,TRUE,TRUE
55230819,55230819,55230819,Baumwolloberteil mit Spitzenbesatz und Perlen Damen Boden,https://eu.boden.com/products/damen-baumwolloberteil-mit-spitzenbesatz-und-perlen-mandelmilch-regulaeres-punktmuster-t2232bla?tc_ch=display&tc_ve=ba&tc_so=tradedesk&tc_me=pp&tc_ca=bau,,,170.00,170.00,https://cdn.shopify.com/s/files/1/0680/4625/8428/files/26wwin_t2232_bla_m01_4a407e73-0dd5-4f78-afd8-053b298a5a07.jpg?v=1&width=800,Damen,Damen,03/10/2026,https://eu.boden.com/products/damen-baumwolloberteil-mit-spitzenbesatz-und-perlen-mandelmilch-regulaeres-punktmuster-t2232bla?tc_ch=display&tc_ve=ba&tc_so=tradedesk&tc_me=pp&tc_ca=bau,,,106,IN STOCK,,,"Mandelmilch, Reguläres Punktmuster",,,,TRUE,TRUE
55227262,55227262,55227262,Samt-Oberteil mit Tüll Damen Boden,https://eu.boden.com/products/damen-samt-oberteil-mit-tuell-sternzeichen-violett-t2257prp?tc_ch=display&tc_ve=ba&tc_so=tradedesk&tc_me=pp&tc_ca=bau,,,99.00,99.00,https://cdn.shopify.com/s/files/1/0680/4625/8428/files/26wwin_t2257_prp_m01_d30ef5a3-ee34-491b-9c14-51744847378a.jpg?v=1&width=800,Damen,Damen,03/10/2026,https://eu.boden.com/products/damen-samt-oberteil-mit-tuell-sternzeichen-violett-t2257prp?tc_ch=display&tc_ve=ba&tc_so=tradedesk&tc_me=pp&tc_ca=bau,,,137,IN STOCK,,,Sternzeichen-Violett,,,,TRUE,TRUE
55226867,55226867,55226867,Samthemd mit Puffärmeln Damen Boden,https://eu.boden.com/products/damen-samthemd-mit-puffaermeln-kardamom-samen-t2258grn?tc_ch=display&tc_ve=ba&tc_so=tradedesk&tc_me=pp&tc_ca=bau,,,99.00,99.00,https://cdn.shopify.com/s/files/1/0680/4625/8428/files/26wwin_t2258_grn_m01_91e55454-8e96-4b1b-a539-eb7b61a92f78.jpg?v=1&width=800,Damen,Damen,03/10/2026,https://eu.boden.com/products/damen-samthemd-mit-puffaermeln-kardamom-samen-t2258grn?tc_ch=display&tc_ve=ba&tc_so=tradedesk&tc_me=pp&tc_ca=bau,,,187,IN STOCK,,,Kardamom-Samen,,,,TRUE,TRUE
55226763,55226763,55226763,Samtoberteil mit Spitzenbesatz Damen Boden,https://eu.boden.com/products/damen-samtoberteil-mit-spitzenbesatz-nachtschatten-t2260blu?tc_ch=display&tc_ve=ba&tc_so=tradedesk&tc_me=pp&tc_ca=bau,,,79.00,79.00,https://cdn.shopify.com/s/files/1/0680/4625/8428/files/26wwin_t2260_blu_m01_v4.jpg?v=1&width=800,Damen,Damen,03/10/2026,https://eu.boden.com/products/damen-samtoberteil-mit-spitzenbesatz-nachtschatten-t2260blu?tc_ch=display&tc_ve=ba&tc_so=tradedesk&tc_me=pp&tc_ca=bau,,,310,IN STOCK,,,Nachtschatten,,,,TRUE,TRUE
55226393,55226393,55226393,Oberteil mit Spitzendetail Damen Boden,https://eu.boden.com/products/damen-oberteil-mit-spitzendetail-braunschweigisches-gruen-t2253khk?tc_ch=display&tc_ve=ba&tc_so=tradedesk&tc_me=pp&tc_ca=bau,,,99.00,99.00,https://cdn.shopify.com/s/files/1/0680/4625/8428/files/26wwin_t2253_khk_m01_v1.jpg?v=1&width=800,Damen,Damen,03/10/2026,https://eu.boden.com/products/damen-oberteil-mit-spitzendetail-braunschweigisches-gruen-t2253khk?tc_ch=display&tc_ve=ba&tc_so=tradedesk&tc_me=pp&tc_ca=bau,,,133,IN STOCK,,,Braunschweigisches Grün,,,,TRUE,TRUE
55235584,55235584,55235584,Marta Merino-Pullover mit V-Ausschnitt Damen Boden,https://eu.boden.com/products/damen-marta-merino-pullover-mit-v-ausschnitt-rose-gruen-color-blocking-k1362pin?tc_ch=display&tc_ve=ba&tc_so=tradedesk&tc_me=pp&tc_ca=bau,,,170.00,170.00,https://cdn.shopify.com/s/files/1/0680/4625/8428/files/26wwin_k1362_pin_w01_e8cc65ed-f2a9-46d0-90e7-b9207140d4a1.jpg?v=1&width=800,Damen,Damen,03/10/2026,https://eu.boden.com/products/damen-marta-merino-pullover-mit-v-ausschnitt-rose-gruen-color-blocking-k1362pin?tc_ch=display&tc_ve=ba&tc_so=tradedesk&tc_me=pp&tc_ca=bau,,,354,IN STOCK,,,"Rosé, Grün Color Blocking",,,,TRUE,TRUE
55225603,55225603,55225603,Honor Säulen-Midikleid aus Samt Damen Boden,https://eu.boden.com/products/damen-honor-saeulen-midikleid-aus-samt-portwein-koenigliches-lila-d1849prp?tc_ch=display&tc_ve=ba&tc_so=tradedesk&tc_me=pp&tc_ca=bau,,,170.00,170.00,https://cdn.shopify.com/s/files/1/0680/4625/8428/files/26wwin_d1849_prp_m01_v2.jpg?v=1&width=800,Damen,Damen,03/10/2026,https://eu.boden.com/products/damen-honor-saeulen-midikleid-aus-samt-portwein-koenigliches-lila-d1849prp?tc_ch=display&tc_ve=ba&tc_so=tradedesk&tc_me=pp&tc_ca=bau,,,85,IN STOCK,,,Portwein Königliches Lila,,,,TRUE,TRUE
55227557,55227557,55227557,Jerseyhemd mit Kragen Damen Boden,https://eu.boden.com/products/damen-jerseyhemd-mit-kragen-pfauen-paradies-t2248mul?tc_ch=display&tc_ve=ba&tc_so=tradedesk&tc_me=pp&tc_ca=bau,,,99.00,99.00,https://cdn.shopify.com/s/files/1/0680/4625/8428/files/26wwin_t2248_mul_m01_v2.jpg?v=1&width=800,Damen,Damen,03/10/2026,https://eu.boden.com/products/damen-jerseyhemd-mit-kragen-pfauen-paradies-t2248mul?tc_ch=display&tc_ve=ba&tc_so=tradedesk&tc_me=pp&tc_ca=bau,,,263,IN STOCK,,,Pfauen Paradies,,,,TRUE,TRUE
55233390,55233390,55233390,Kleine Creolen mit Schmucksteinen Damen Boden,https://eu.boden.com/products/damen-kleine-creolen-mit-schmucksteinen-transparent-a2329pew?tc_ch=display&tc_ve=ba&tc_so=tradedesk&tc_me=pp&tc_ca=bau,,,43.00,43.00,https://cdn.shopify.com/s/files/1/0680/4625/8428/files/26gwin_a2329_pew.jpg?v=1&width=800,Damen,Damen,03/10/2026,https://eu.boden.com/products/damen-kleine-creolen-mit-schmucksteinen-transparent-a2329pew?tc_ch=display&tc_ve=ba&tc_so=tradedesk&tc_me=pp&tc_ca=bau,,,204,IN STOCK,,,Transparent,,,,TRUE,TRUE
55226616,55226616,55226616,Sienna Baumwollhemd mit Rüschen Damen Boden,https://eu.boden.com/products/damen-sienna-baumwollhemd-mit-rueschen-sanftes-cremeweiss-wogende-zweige-t2165mlt?tc_ch=display&tc_ve=ba&tc_so=tradedesk&tc_me=pp&tc_ca=bau,,,99.00,99.00,https://cdn.shopify.com/s/files/1/0680/4625/8428/files/26wwin_t2165_mlt_w01_26e9661f-d506-4123-afa3-4c8da5718c04.jpg?v=1&width=800,Damen,Damen,03/10/2026,https://eu.boden.com/products/damen-sienna-baumwollhemd-mit-rueschen-sanftes-cremeweiss-wogende-zweige-t2165mlt?tc_ch=display&tc_ve=ba&tc_so=tradedesk&tc_me=pp&tc_ca=bau,,,205,IN STOCK,,,"Sanftes Cremeweiß, Wogende Zweige",,,,TRUE,TRUE
55245049,55245049,55245049,Stoffetui Damen Boden,https://eu.boden.com/products/damen-stoffetui-rot-karo-a2414mul?tc_ch=display&tc_ve=ba&tc_so=tradedesk&tc_me=pp&tc_ca=bau,,,33.00,33.00,https://cdn.shopify.com/s/files/1/0680/4625/8428/files/26wwin_a2414_mul.jpg?v=1&width=800,Damen,Damen,03/10/2026,https://eu.boden.com/products/damen-stoffetui-rot-karo-a2414mul?tc_ch=display&tc_ve=ba&tc_so=tradedesk&tc_me=pp&tc_ca=bau,,,305,IN STOCK,,,Rot Karo,,,,TRUE,TRUE
55229856,55229856,55229856,Honor Kurzes Samtkleid Damen Boden,https://eu.boden.com/products/damen-honor-kurzes-samtkleid-blaugruen-meer-d1851dbl?tc_ch=display&tc_ve=ba&tc_so=tradedesk&tc_me=pp&tc_ca=bau,,,140.00,140.00,https://cdn.shopify.com/s/files/1/0680/4625/8428/files/26wwin_d1851_dbl_m01_58ecc542-53ab-4fb5-9d50-e6b928fe7c3c.jpg?v=1&width=800,Damen,Damen,03/10/2026,https://eu.boden.com/products/damen-honor-kurzes-samtkleid-blaugruen-meer-d1851dbl?tc_ch=display&tc_ve=ba&tc_so=tradedesk&tc_me=pp&tc_ca=bau,,,131,IN STOCK,,,Blaugrün Meer,,,,TRUE,TRUE
55227001,55227001,55227001,Honor Säulen-Midikleid aus Samt Damen Boden,https://eu.boden.com/products/damen-honor-saeulen-midikleid-aus-samt-dunkles-smaragdgruen-d1849grn?tc_ch=display&tc_ve=ba&tc_so=tradedesk&tc_me=pp&tc_ca=bau,,,170.00,170.00,https://cdn.shopify.com/s/files/1/0680/4625/8428/files/26wwin_d1849_grn_m01_269688cc-d885-41f8-bbb2-6bc009b0e209.jpg?v=1&width=800,Damen,Damen,03/10/2026,https://eu.boden.com/products/damen-honor-saeulen-midikleid-aus-samt-dunkles-smaragdgruen-d1849grn?tc_ch=display&tc_ve=ba&tc_so=tradedesk&tc_me=pp&tc_ca=bau,,,104,IN STOCK,,,Dunkles Smaragdgrün,,,,TRUE,TRUE
55220469,55220469,55220469,Schmal geschnittene Jeans mit hohem Bund Damen Boden,https://eu.boden.com/products/damen-schmal-geschnittene-jeans-mit-hohem-bund-indigo-r1034nvy?tc_ch=display&tc_ve=ba&tc_so=tradedesk&tc_me=pp&tc_ca=bau,,,110.00,110.00,https://cdn.shopify.com/s/files/1/0680/4625/8428/files/26wwin_r1034_nvy_m01_278d6e62-789e-4623-89c8-f3fb5dd42d21.jpg?v=1&width=800,Damen,Damen,03/10/2026,https://eu.boden.com/products/damen-schmal-geschnittene-jeans-mit-hohem-bund-indigo-r1034nvy?tc_ch=display&tc_ve=ba&tc_so=tradedesk&tc_me=pp&tc_ca=bau,,,52,IN STOCK,,,Indigo,,,,TRUE,TRUE
55226424,55226424,55226424,Samthemd mit Puffärmeln Damen Boden,https://eu.boden.com/products/damen-samthemd-mit-puffaermeln-schwarz-t2258blk?tc_ch=display&tc_ve=ba&tc_so=tradedesk&tc_me=pp&tc_ca=bau,,,99.00,99.00,https://cdn.shopify.com/s/files/1/0680/4625/8428/files/26wwin_t2258_blk_m01_v2.jpg?v=1&width=800,Damen,Damen,03/10/2026,https://eu.boden.com/products/damen-samthemd-mit-puffaermeln-schwarz-t2258blk?tc_ch=display&tc_ve=ba&tc_so=tradedesk&tc_me=pp&tc_ca=bau,,,406,IN STOCK,,,Schwarz,,,,TRUE,TRUE
55234422,55234422,55234422,Sienna Spitzenhemd mit Rüschen Damen Boden,https://eu.boden.com/products/damen-sienna-spitzenhemd-mit-rueschen-dunkelviolett-t2234mpr?tc_ch=display&tc_ve=ba&tc_so=tradedesk&tc_me=pp&tc_ca=bau,,,150.00,150.00,https://cdn.shopify.com/s/files/1/0680/4625/8428/files/26wwin_t2234_mpr_m01_7c93a838-75ef-4ada-969c-f77fae236ef3.jpg?v=1&width=800,Damen,Damen,03/10/2026,https://eu.boden.com/products/damen-sienna-spitzenhemd-mit-rueschen-dunkelviolett-t2234mpr?tc_ch=display&tc_ve=ba&tc_so=tradedesk&tc_me=pp&tc_ca=bau,,,132,IN STOCK,,,Dunkelviolett,,,,TRUE,TRUE
55225877,55225877,55225877,Oberteil mit Spitzendetail Damen Boden,https://eu.boden.com/products/damen-oberteil-mit-spitzendetail-rote-beete-t2253red?tc_ch=display&tc_ve=ba&tc_so=tradedesk&tc_me=pp&tc_ca=bau,,,99.00,99.00,https://cdn.shopify.com/s/files/1/0680/4625/8428/files/26wwin_t2253_red_m01_bcb73314-7be1-43d7-9da3-0c097ef42fdf.jpg?v=1&width=800,Damen,Damen,03/10/2026,https://eu.boden.com/products/damen-oberteil-mit-spitzendetail-rote-beete-t2253red?tc_ch=display&tc_ve=ba&tc_so=tradedesk&tc_me=pp&tc_ca=bau,,,91,IN STOCK,,,Rote Beete,,,,TRUE,TRUE
55233423,55233423,55233423,Kleine neue Creolen Damen Boden,https://eu.boden.com/products/damen-kleine-neue-creolen-gold-a2331gld?tc_ch=display&tc_ve=ba&tc_so=tradedesk&tc_me=pp&tc_ca=bau,,,43.00,43.00,https://cdn.shopify.com/s/files/1/0680/4625/8428/files/26wwin_a2331_gld_da41cd62-0865-41eb-888f-f25159260b7d.jpg?v=1&width=800,Damen,Damen,03/10/2026,https://eu.boden.com/products/damen-kleine-neue-creolen-gold-a2331gld?tc_ch=display&tc_ve=ba&tc_so=tradedesk&tc_me=pp&tc_ca=bau,,,199,IN STOCK,,,Gold,,,,TRUE,TRUE
55233477,55233477,55233477,Ria Verzierter Strickpullover Damen Boden,https://eu.boden.com/products/damen-ria-verzierter-strickpullover-rot-weihnachten-k1361red?tc_ch=display&tc_ve=ba&tc_so=tradedesk&tc_me=pp&tc_ca=bau,,,180.00,180.00,https://cdn.shopify.com/s/files/1/0680/4625/8428/files/26wwin_k1361_red_m01_c3a307e7-fb80-431c-8d6e-0ce54f522b96.jpg?v=1&width=800,Damen,Damen,03/10/2026,https://eu.boden.com/products/damen-ria-verzierter-strickpullover-rot-weihnachten-k1361red?tc_ch=display&tc_ve=ba&tc_so=tradedesk&tc_me=pp&tc_ca=bau,,,268,IN STOCK,,,"Rot, Weihnachten",,,,TRUE,TRUE
55233696,55233696,55233696,Gefärbte Glas-Ohrringe-GRÜN Damen Boden,https://eu.boden.com/products/damen-gefaerbte-glas-ohrringe-gruen-a2321jad?tc_ch=display&tc_ve=ba&tc_so=tradedesk&tc_me=pp&tc_ca=bau,,,56.00,56.00,https://cdn.shopify.com/s/files/1/0680/4625/8428/files/26gwin_a2321_jad_f60da138-9a78-46c4-bc9a-15c1c77939b9.jpg?v=1&width=800,Damen,Damen,03/10/2026,https://eu.boden.com/products/damen-gefaerbte-glas-ohrringe-gruen-a2321jad?tc_ch=display&tc_ve=ba&tc_so=tradedesk&tc_me=pp&tc_ca=bau,,,177,IN STOCK,,,Grün,,,,TRUE,TRUE
55232042,55232042,55232042,Fay Hochgeschlossener Kaschmirpullover Damen Boden,https://eu.boden.com/products/damen-fay-hochgeschlossener-kaschmirpullover-kohlblatt-meliert-k1358grn?tc_ch=display&tc_ve=ba&tc_so=tradedesk&tc_me=pp&tc_ca=bau,,,210.00,210.00,https://cdn.shopify.com/s/files/1/0680/4625/8428/files/26wwin_k1358_grn_m01_dc408ced-5c0f-4ccc-990b-62e8e294d498.jpg?v=1&width=800,Damen,Damen,03/10/2026,https://eu.boden.com/products/damen-fay-hochgeschlossener-kaschmirpullover-kohlblatt-meliert-k1358grn?tc_ch=display&tc_ve=ba&tc_so=tradedesk&tc_me=pp&tc_ca=bau,,,197,IN STOCK,,,Kohlblatt Meliert,,,,TRUE,TRUE
55243192,55243192,55243192,The Original Höschen Damen Boden,https://eu.boden.com/products/damen-the-original-hoeschen-blumenmix-im-4er-pack-a2416mlt?tc_ch=display&tc_ve=ba&tc_so=tradedesk&tc_me=pp&tc_ca=bau,,,69.00,69.00,https://cdn.shopify.com/s/files/1/0680/4625/8428/files/26wwin_a2416_mlt_v3_a4467ada-b9b7-4713-a636-eb1c613a3835.jpg?v=1&width=800,Damen,Damen,03/10/2026,https://eu.boden.com/products/damen-the-original-hoeschen-blumenmix-im-4er-pack-a2416mlt?tc_ch=display&tc_ve=ba&tc_so=tradedesk&tc_me=pp&tc_ca=bau,,,76,IN STOCK,,,Blumenmix im 4er-Pack,,,,TRUE,TRUE
55233420,55233420,55233420,Große Creolen mit Schmucksteinen Damen Boden,https://eu.boden.com/products/damen-grosse-creolen-mit-schmucksteinen-transparent-a2323snk?tc_ch=display&tc_ve=ba&tc_so=tradedesk&tc_me=pp&tc_ca=bau,,,56.00,56.00,https://cdn.shopify.com/s/files/1/0680/4625/8428/files/26gwin_a2323_snk_cc045303-9b9d-4f75-9b66-6946441f00bf.jpg?v=1&width=800,Damen,Damen,03/10/2026,https://eu.boden.com/products/damen-grosse-creolen-mit-schmucksteinen-transparent-a2323snk?tc_ch=display&tc_ve=ba&tc_so=tradedesk&tc_me=pp&tc_ca=bau,,,277,IN STOCK,,,Transparent,,,,TRUE,TRUE
55233389,55233389,55233389,Statement-Ohrringe mit Schmucksteinen Damen Boden,https://eu.boden.com/products/damen-statement-ohrringe-mit-schmucksteinen-rauchgrau-a2327gry?tc_ch=display&tc_ve=ba&tc_so=tradedesk&tc_me=pp&tc_ca=bau,,,56.00,56.00,https://cdn.shopify.com/s/files/1/0680/4625/8428/files/26wwin_a2327_gry_m01_0b4995dc-b794-4e32-948b-352fe0993cdc.jpg?v=1&width=800,Damen,Damen,03/10/2026,https://eu.boden.com/products/damen-statement-ohrringe-mit-schmucksteinen-rauchgrau-a2327gry?tc_ch=display&tc_ve=ba&tc_so=tradedesk&tc_me=pp&tc_ca=bau,,,292,IN STOCK,,,Rauchgrau,,,,TRUE,TRUE
55255486,55255486,55255486,Jersey-Spitzenhemd Damen Boden,https://eu.boden.com/products/damen-jersey-spitzenhemd-marineblau-t2375nav?tc_ch=display&tc_ve=ba&tc_so=tradedesk&tc_me=pp&tc_ca=bau,,,99.00,99.00,https://cdn.shopify.com/s/files/1/0680/4625/8428/files/26wwin_t2375_nav_m01_226d2451-b959-458f-b46e-4688fb3c2599.jpg?v=1&width=800,Damen,Damen,03/10/2026,https://eu.boden.com/products/damen-jersey-spitzenhemd-marineblau-t2375nav?tc_ch=display&tc_ve=ba&tc_so=tradedesk&tc_me=pp&tc_ca=bau,,,185,IN STOCK,,,Marineblau,,,,TRUE,TRUE
55234404,55234404,55234404,Mae Originelle Strickjacke Damen Boden,https://eu.boden.com/products/damen-mae-originelle-strickjacke-naturweiss-stechpalmenkranz-k1371ivo?tc_ch=display&tc_ve=ba&tc_so=tradedesk&tc_me=pp&tc_ca=bau,,,190.00,190.00,https://cdn.shopify.com/s/files/1/0680/4625/8428/files/26wwin_k1371_ivo_m01_e5065217-9c7b-47c5-ac5a-c484419cdd9e.jpg?v=1&width=800,Damen,Damen,03/10/2026,https://eu.boden.com/products/damen-mae-originelle-strickjacke-naturweiss-stechpalmenkranz-k1371ivo?tc_ch=display&tc_ve=ba&tc_so=tradedesk&tc_me=pp&tc_ca=bau,,,231,IN STOCK,,,"Naturweiß, Stechpalmenkranz",,,,TRUE,TRUE
55226647,55226647,55226647,Samtoberteil mit Spitzenbesatz Damen Boden,https://eu.boden.com/products/damen-samtoberteil-mit-spitzenbesatz-schwarz-t2260blk?tc_ch=display&tc_ve=ba&tc_so=tradedesk&tc_me=pp&tc_ca=bau,,,79.00,79.00,https://cdn.shopify.com/s/files/1/0680/4625/8428/files/26wwin_t2260_blk_m01_a1f1a694-0d2e-4d50-a3e6-7600a746cf6d.jpg?v=1&width=800,Damen,Damen,03/10/2026,https://eu.boden.com/products/damen-samtoberteil-mit-spitzenbesatz-schwarz-t2260blk?tc_ch=display&tc_ve=ba&tc_so=tradedesk&tc_me=pp&tc_ca=bau,,,173,IN STOCK,,,Schwarz,,,,TRUE,TRUE
55221045,55221045,55221045,Erica Kariertes Oberteil mit Rüschen Damen Boden,https://eu.boden.com/products/damen-erica-kariertes-oberteil-mit-rueschen-haferbeige-marineblau-und-rot-kariert-t2235chk?tc_ch=display&tc_ve=ba&tc_so=tradedesk&tc_me=pp&tc_ca=bau,,,120.00,120.00,https://cdn.shopify.com/s/files/1/0680/4625/8428/files/26waut_t2235_chk_w01.jpg?v=1&width=800,Damen,Damen,03/10/2026,https://eu.boden.com/products/damen-erica-kariertes-oberteil-mit-rueschen-haferbeige-marineblau-und-rot-kariert-t2235chk?tc_ch=display&tc_ve=ba&tc_so=tradedesk&tc_me=pp&tc_ca=bau,,,46,IN STOCK,,,"Haferbeige, Marineblau und Rot Kariert",,,,TRUE,TRUE
55227395,55227395,55227395,Baumwolloberteil mit Lochstickerei Damen Boden,https://eu.boden.com/products/damen-baumwolloberteil-mit-lochstickerei-schokoladenbraun-t2247pin?tc_ch=display&tc_ve=ba&tc_so=tradedesk&tc_me=pp&tc_ca=bau,,,130.00,130.00,https://cdn.shopify.com/s/files/1/0680/4625/8428/files/26wwin_t2247_pin_m01_3c966127-fe04-40fe-88fd-5526c4ed95aa.jpg?v=1&width=800,Damen,Damen,03/10/2026,https://eu.boden.com/products/damen-baumwolloberteil-mit-lochstickerei-schokoladenbraun-t2247pin?tc_ch=display&tc_ve=ba&tc_so=tradedesk&tc_me=pp&tc_ca=bau,,,57,IN STOCK,,,Schokoladenbraun,,,,TRUE,TRUE
55235650,55235650,55235650,Marta Merino-Pullover mit V-Ausschnitt Damen Boden,https://eu.boden.com/products/damen-marta-merino-pullover-mit-v-ausschnitt-camel-marineblau-color-blocking-k1362cam?tc_ch=display&tc_ve=ba&tc_so=tradedesk&tc_me=pp&tc_ca=bau,,,170.00,170.00,https://cdn.shopify.com/s/files/1/0680/4625/8428/files/26wwin_k1362_cam_m01_adcc644c-de57-4b44-9aed-904b50769c8a.jpg?v=1&width=800,Damen,Damen,03/10/2026,https://eu.boden.com/products/damen-marta-merino-pullover-mit-v-ausschnitt-camel-marineblau-color-blocking-k1362cam?tc_ch=display&tc_ve=ba&tc_so=tradedesk&tc_me=pp&tc_ca=bau,,,226,IN STOCK,,,"Camel, Marineblau Color Blocking",,,,TRUE,TRUE
55232951,55232951,55232951,Verzierte Samttasche Damen Boden,https://eu.boden.com/products/damen-verzierte-samttasche-schwarz-a2348bla?tc_ch=display&tc_ve=ba&tc_so=tradedesk&tc_me=pp&tc_ca=bau,,,110.00,110.00,https://cdn.shopify.com/s/files/1/0680/4625/8428/files/26wwin_a2348_bla_bba34048-044f-441d-a892-1090a22072fa.jpg?v=1&width=800,Damen,Damen,03/10/2026,https://eu.boden.com/products/damen-verzierte-samttasche-schwarz-a2348bla?tc_ch=display&tc_ve=ba&tc_so=tradedesk&tc_me=pp&tc_ca=bau,,,321,IN STOCK,,,Schwarz,,,,TRUE,TRUE
55228538,55228538,55228538,Ausgestellte Samthose Damen Boden,https://eu.boden.com/products/damen-ausgestellte-samthose-mitternachtsblau-smaragdgruen-r1029grn?tc_ch=display&tc_ve=ba&tc_so=tradedesk&tc_me=pp&tc_ca=bau,,,180.00,180.00,https://cdn.shopify.com/s/files/1/0680/4625/8428/files/26wwin_r1029_grn_m01_c6c4657c-f2b1-487e-97ab-30aeaaf8dda5.jpg?v=1&width=800,Damen,Damen,03/10/2026,https://eu.boden.com/products/damen-ausgestellte-samthose-mitternachtsblau-smaragdgruen-r1029grn?tc_ch=display&tc_ve=ba&tc_so=tradedesk&tc_me=pp&tc_ca=bau,,,95,IN STOCK,,,Mitternachtsblau Smaragdgrün,,,,TRUE,TRUE
55229551,55229551,55229551,Kuschelige Stricksocken Damen Boden,https://eu.boden.com/products/damen-kuschelige-stricksocken-bunt-a2320thn?tc_ch=display&tc_ve=ba&tc_so=tradedesk&tc_me=pp&tc_ca=bau,,,43.00,43.00,https://cdn.shopify.com/s/files/1/0680/4625/8428/files/26wwin_a2320_thn_m01_v2.jpg?v=1&width=800,Damen,Damen,03/10/2026,https://eu.boden.com/products/damen-kuschelige-stricksocken-bunt-a2320thn?tc_ch=display&tc_ve=ba&tc_so=tradedesk&tc_me=pp&tc_ca=bau,,,205,IN STOCK,,,Bunt,,,,TRUE,TRUE
55234412,55234412,55234412,Verzierte Strickjacke Damen Boden,https://eu.boden.com/products/damen-verzierte-strickjacke-schwarz-k1368blk?tc_ch=display&tc_ve=ba&tc_so=tradedesk&tc_me=pp&tc_ca=bau,,,190.00,190.00,https://cdn.shopify.com/s/files/1/0680/4625/8428/files/26wwin_k1368_blk_m01_9c1089fe-036b-4a61-a716-6c69f72a4185.jpg?v=1&width=800,Damen,Damen,03/10/2026,https://eu.boden.com/products/damen-verzierte-strickjacke-schwarz-k1368blk?tc_ch=display&tc_ve=ba&tc_so=tradedesk&tc_me=pp&tc_ca=bau,,,123,IN STOCK,,,Schwarz,,,,TRUE,TRUE
55226920,55226920,55226920,Canonbury Samthose Damen Boden,https://eu.boden.com/products/damen-canonbury-samthose-schwarz-r1026bla?tc_ch=display&tc_ve=ba&tc_so=tradedesk&tc_me=pp&tc_ca=bau,,,170.00,170.00,https://cdn.shopify.com/s/files/1/0680/4625/8428/files/26wwin_r1026_bla_m01_275bca4b-d292-443d-ad7c-dcd71888f83b.jpg?v=1&width=800,Damen,Damen,03/10/2026,https://eu.boden.com/products/damen-canonbury-samthose-schwarz-r1026bla?tc_ch=display&tc_ve=ba&tc_so=tradedesk&tc_me=pp&tc_ca=bau,,,145,IN STOCK,,,Schwarz,,,,TRUE,TRUE
55226349,55226349,55226349,Samtoberteil mit Spitzenbesatz Damen Boden,https://eu.boden.com/products/damen-samtoberteil-mit-spitzenbesatz-mitternachtsblau-smaragdgruen-t2260grn?tc_ch=display&tc_ve=ba&tc_so=tradedesk&tc_me=pp&tc_ca=bau,,,79.00,79.00,https://cdn.shopify.com/s/files/1/0680/4625/8428/files/26wwin_t2260_grn_m01_v4_14b19751-1380-4969-9303-e27730e9d92a.jpg?v=1&width=800,Damen,Damen,03/10/2026,https://eu.boden.com/products/damen-samtoberteil-mit-spitzenbesatz-mitternachtsblau-smaragdgruen-t2260grn?tc_ch=display&tc_ve=ba&tc_so=tradedesk&tc_me=pp&tc_ca=bau,,,376,IN STOCK,,,Mitternachtsblau Smaragdgrün,,,,TRUE,TRUE
55228038,55228038,55228038,Una Jeans-Midikleid mit Kragen Damen Boden,https://eu.boden.com/products/damen-una-jeans-midikleid-mit-kragen-dunkel-vintage-denim-d1836den?tc_ch=display&tc_ve=ba&tc_so=tradedesk&tc_me=pp&tc_ca=bau,,,190.00,190.00,https://cdn.shopify.com/s/files/1/0680/4625/8428/files/26wwin_d1836_den_m01_2e4b9199-9dc4-4f1f-9b75-167e012be6e6.jpg?v=1&width=800,Damen,Damen,03/10/2026,https://eu.boden.com/products/damen-una-jeans-midikleid-mit-kragen-dunkel-vintage-denim-d1836den?tc_ch=display&tc_ve=ba&tc_so=tradedesk&tc_me=pp&tc_ca=bau,,,71,IN STOCK,,,Dunkel Vintage Denim,,,,TRUE,TRUE
55234135,55234135,55234135,Kuschelige Stricksocken Damen Boden,https://eu.boden.com/products/damen-kuschelige-stricksocken-argyle-muster-a2320fun?tc_ch=display&tc_ve=ba&tc_so=tradedesk&tc_me=pp&tc_ca=bau,,,43.00,43.00,https://cdn.shopify.com/s/files/1/0680/4625/8428/files/26wwin_a2320_fun_m01_v2_1225fbd0-e555-46e2-a3b3-31bcef0bb355.jpg?v=1&width=800,Damen,Damen,03/10/2026,https://eu.boden.com/products/damen-kuschelige-stricksocken-argyle-muster-a2320fun?tc_ch=display&tc_ve=ba&tc_so=tradedesk&tc_me=pp&tc_ca=bau,,,325,IN STOCK,,,Argyle-Muster,,,,TRUE,TRUE
55226507,55226507,55226507,Breiter Fair-Isle-Pullover Damen Boden,https://eu.boden.com/products/damen-breiter-fair-isle-pullover-chinchilla-meliert-fair-isle-k1356neu?tc_ch=display&tc_ve=ba&tc_so=tradedesk&tc_me=pp&tc_ca=bau,,,180.00,180.00,https://cdn.shopify.com/s/files/1/0680/4625/8428/files/26wwin_k1356_neu_m01_6b1e5407-17fa-40b8-ba8a-79dba4bf7c7c.jpg?v=1&width=800,Damen,Damen,03/10/2026,https://eu.boden.com/products/damen-breiter-fair-isle-pullover-chinchilla-meliert-fair-isle-k1356neu?tc_ch=display&tc_ve=ba&tc_so=tradedesk&tc_me=pp&tc_ca=bau,,,223,IN STOCK,,,"Chinchilla Meliert, Fair-Isle",,,,TRUE,TRUE
55225804,55225804,55225804,Ausgestellte Samthose Damen Boden,https://eu.boden.com/products/damen-ausgestellte-samthose-schwarz-r1029blk?tc_ch=display&tc_ve=ba&tc_so=tradedesk&tc_me=pp&tc_ca=bau,,,180.00,180.00,https://cdn.shopify.com/s/files/1/0680/4625/8428/files/26wwin_r1029_blk_m01_ca6b100e-a481-4506-a8f2-4a5e9b3df762.jpg?v=1&width=800,Damen,Damen,03/10/2026,https://eu.boden.com/products/damen-ausgestellte-samthose-schwarz-r1029blk?tc_ch=display&tc_ve=ba&tc_so=tradedesk&tc_me=pp&tc_ca=bau,,,117,IN STOCK,,,Schwarz,,,,TRUE,TRUE
55227647,55227647,55227647,Ara Camisole-Top aus Seidenmischung mit Spitze Damen Boden,https://eu.boden.com/products/damen-ara-camisole-top-aus-seidenmischung-mit-spitze-quarzrosa-t1957prp?tc_ch=display&tc_ve=ba&tc_so=tradedesk&tc_me=pp&tc_ca=bau,,,120.00,120.00,https://cdn.shopify.com/s/files/1/0680/4625/8428/files/26wwin_t1957_prp_m01_v4.jpg?v=1&width=800,Damen,Damen,03/10/2026,https://eu.boden.com/products/damen-ara-camisole-top-aus-seidenmischung-mit-spitze-quarzrosa-t1957prp?tc_ch=display&tc_ve=ba&tc_so=tradedesk&tc_me=pp&tc_ca=bau,,,121,IN STOCK,,,Quarzrosa,,,,TRUE,TRUE
55233675,55233675,55233675,Violet Strickjacke mit Samtbesatz Damen Boden,https://eu.boden.com/products/damen-violet-strickjacke-mit-samtbesatz-schwarz-k1363blk?tc_ch=display&tc_ve=ba&tc_so=tradedesk&tc_me=pp&tc_ca=bau,,,120.00,120.00,https://cdn.shopify.com/s/files/1/0680/4625/8428/files/26wwin_k1363_blk_m01.jpg?v=1&width=800,Damen,Damen,03/10/2026,https://eu.boden.com/products/damen-violet-strickjacke-mit-samtbesatz-schwarz-k1363blk?tc_ch=display&tc_ve=ba&tc_so=tradedesk&tc_me=pp&tc_ca=bau,,,229,IN STOCK,,,Schwarz,,,,TRUE,TRUE
55253983,55253983,55253983,Stripe & Stare Camisole mit Spitze Damen Boden,https://eu.boden.com/products/damen-stripe-stare-camisole-mit-spitze-bluehender-garten-a2409mul?tc_ch=display&tc_ve=ba&tc_so=tradedesk&tc_me=pp&tc_ca=bau,,,39.00,39.00,https://cdn.shopify.com/s/files/1/0680/4625/8428/files/26wwin_a2409_mul_fce35309-4925-40cf-a77e-b89a9b791bd8.jpg?v=1&width=800,Damen,Damen,03/10/2026,https://eu.boden.com/products/damen-stripe-stare-camisole-mit-spitze-bluehender-garten-a2409mul?tc_ch=display&tc_ve=ba&tc_so=tradedesk&tc_me=pp&tc_ca=bau,,,73,IN STOCK,,,Blühender Garten,,,,TRUE,TRUE
55228703,55228703,55228703,Cotswold Teddyfellmantel Damen Boden,https://eu.boden.com/products/damen-cotswold-teddyfellmantel-nerz-braun-riesiges-argyle-muster-teddyfell-u0530brn?tc_ch=display&tc_ve=ba&tc_so=tradedesk&tc_me=pp&tc_ca=bau,,,260.00,260.00,https://cdn.shopify.com/s/files/1/0680/4625/8428/files/26wwin_u0530_brn_w01.jpg?v=1&width=800,Damen,Damen,03/10/2026,https://eu.boden.com/products/damen-cotswold-teddyfellmantel-nerz-braun-riesiges-argyle-muster-teddyfell-u0530brn?tc_ch=display&tc_ve=ba&tc_so=tradedesk&tc_me=pp&tc_ca=bau,,,63,IN STOCK,,,Nerz & Braun Riesiges Argyle-Muster Teddyfell,,,,TRUE,TRUE
55229611,55229611,55229611,Strickschal Damen Boden,https://eu.boden.com/products/damen-strickschal-bunt-argyle-muster-a2317mul?tc_ch=display&tc_ve=ba&tc_so=tradedesk&tc_me=pp&tc_ca=bau,,,99.00,99.00,https://cdn.shopify.com/s/files/1/0680/4625/8428/files/26wwin_a2317_mul_983a7ea8-7856-412e-90fc-2725a754e8ec.jpg?v=1&width=800,Damen,Damen,03/10/2026,https://eu.boden.com/products/damen-strickschal-bunt-argyle-muster-a2317mul?tc_ch=display&tc_ve=ba&tc_so=tradedesk&tc_me=pp&tc_ca=bau,,,260,IN STOCK,,,"Bunt, Argyle-Muster",,,,TRUE,TRUE
55233374,55233374,55233374,Kaschmir-Socken Damen Boden,https://eu.boden.com/products/damen-kaschmir-socken-beige-a2346oat?tc_ch=display&tc_ve=ba&tc_so=tradedesk&tc_me=pp&tc_ca=bau,,,69.00,69.00,https://cdn.shopify.com/s/files/1/0680/4625/8428/files/26wwin_a2346_oat_0361e43b-464f-4e58-a051-a173818b63d7.jpg?v=1&width=800,Damen,Damen,03/10/2026,https://eu.boden.com/products/damen-kaschmir-socken-beige-a2346oat?tc_ch=display&tc_ve=ba&tc_so=tradedesk&tc_me=pp&tc_ca=bau,,,251,IN STOCK,,,Beige,,,,TRUE,TRUE
55242808,55242808,55242808,Höschen mit hohem Bund im 4er-Pack Damen Boden,https://eu.boden.com/products/damen-hoeschen-mit-hohem-bund-im-4er-pack-blumenmix-im-4er-pack-a2412mul?tc_ch=display&tc_ve=ba&tc_so=tradedesk&tc_me=pp&tc_ca=bau,,,69.00,69.00,https://cdn.shopify.com/s/files/1/0680/4625/8428/files/26wwin_a2412_mul_23122ca4-8e0f-441e-87a5-98310379d32e.jpg?v=1&width=800,Damen,Damen,03/10/2026,https://eu.boden.com/products/damen-hoeschen-mit-hohem-bund-im-4er-pack-blumenmix-im-4er-pack-a2412mul?tc_ch=display&tc_ve=ba&tc_so=tradedesk&tc_me=pp&tc_ca=bau,,,68,IN STOCK,,,Blumenmix im 4er-Pack,,,,TRUE,TRUE
55227741,55227741,55227741,Carmen Cordoberteil mit Spitzenbesatz Damen Boden,https://eu.boden.com/products/damen-carmen-cordoberteil-mit-spitzenbesatz-marineblau-t2237nav?tc_ch=display&tc_ve=ba&tc_so=tradedesk&tc_me=pp&tc_ca=bau,,,130.00,130.00,https://cdn.shopify.com/s/files/1/0680/4625/8428/files/26wwin_t2237_nav_m01_3e8d5799-b8e4-44d3-9455-9072911acff7.jpg?v=1&width=800,Damen,Damen,03/10/2026,https://eu.boden.com/products/damen-carmen-cordoberteil-mit-spitzenbesatz-marineblau-t2237nav?tc_ch=display&tc_ve=ba&tc_so=tradedesk&tc_me=pp&tc_ca=bau,,,74,IN STOCK,,,Marineblau,,,,TRUE,TRUE
55233391,55233391,55233391,Girlanden-Ohrringe mit Schmucksteinen Damen Boden,https://eu.boden.com/products/damen-girlanden-ohrringe-mit-schmucksteinen-rosa-a2322pin?tc_ch=display&tc_ve=ba&tc_so=tradedesk&tc_me=pp&tc_ca=bau,,,56.00,56.00,https://cdn.shopify.com/s/files/1/0680/4625/8428/files/26gwin_a2322_pin_bcf92858-502c-4ae4-8dfa-460b4e964f5a.jpg?v=1&width=800,Damen,Damen,03/10/2026,https://eu.boden.com/products/damen-girlanden-ohrringe-mit-schmucksteinen-rosa-a2322pin?tc_ch=display&tc_ve=ba&tc_so=tradedesk&tc_me=pp&tc_ca=bau,,,197,IN STOCK,,,Rosa,,,,TRUE,TRUE
55234154,55234154,55234154,Das neue Sienna Baumwollhemd Damen Boden,https://eu.boden.com/products/damen-das-neue-sienna-baumwollhemd-weiss-kragen-mit-schmucksteinen-t2164wti?tc_ch=display&tc_ve=ba&tc_so=tradedesk&tc_me=pp&tc_ca=bau,,,110.00,110.00,https://cdn.shopify.com/s/files/1/0680/4625/8428/files/26wwin_t2164_wti_m01_d466182b-75e2-4ede-9b4d-c26b53b11fc6.jpg?v=1&width=800,Damen,Damen,03/10/2026,https://eu.boden.com/products/damen-das-neue-sienna-baumwollhemd-weiss-kragen-mit-schmucksteinen-t2164wti?tc_ch=display&tc_ve=ba&tc_so=tradedesk&tc_me=pp&tc_ca=bau,,,154,IN STOCK,,,"Weiß, Kragen Mit Schmucksteinen",,,,TRUE,TRUE
55233180,55233180,55233180,Großes Kaschmir-Halstuch Damen Boden,https://eu.boden.com/products/damen-grosses-kaschmir-halstuch-nerzbraun-melange-a2351gry?tc_ch=display&tc_ve=ba&tc_so=tradedesk&tc_me=pp&tc_ca=bau,,,140.00,140.00,https://cdn.shopify.com/s/files/1/0680/4625/8428/files/26wwin_a2351_gry_c46a73e9-3a9c-40d8-8afc-695c20688544.jpg?v=1&width=800,Damen,Damen,03/10/2026,https://eu.boden.com/products/damen-grosses-kaschmir-halstuch-nerzbraun-melange-a2351gry?tc_ch=display&tc_ve=ba&tc_so=tradedesk&tc_me=pp&tc_ca=bau,,,307,IN STOCK,,,Nerzbraun Melange,,,,TRUE,TRUE
55228213,55228213,55228213,Joanna Midi-Hemdblusenkleid Damen Boden,https://eu.boden.com/products/damen-joanna-midi-hemdblusenkleid-bunt-geometrisches-blumenmuster-d1194col?tc_ch=display&tc_ve=ba&tc_so=tradedesk&tc_me=pp&tc_ca=bau,,,220.00,220.00,https://cdn.shopify.com/s/files/1/0680/4625/8428/files/26wwin_d1194_col_w01.jpg?v=1&width=800,Damen,Damen,03/10/2026,https://eu.boden.com/products/damen-joanna-midi-hemdblusenkleid-bunt-geometrisches-blumenmuster-d1194col?tc_ch=display&tc_ve=ba&tc_so=tradedesk&tc_me=pp&tc_ca=bau,,,98,IN STOCK,,,Bunt Geometrisches Blumenmuster,,,,TRUE,TRUE
55228117,55228117,55228117,Hereford Wolljacke im Military-Stil Damen Boden,https://eu.boden.com/products/damen-hereford-wolljacke-im-military-stil-marineblau-gruen-blau-ton-in-ton-kariert-u0540mul?tc_ch=display&tc_ve=ba&tc_so=tradedesk&tc_me=pp&tc_ca=bau,,,380.00,380.00,https://cdn.shopify.com/s/files/1/0680/4625/8428/files/26waut_u0540_mul_w01.jpg?v=1&width=800,Damen,Damen,03/10/2026,https://eu.boden.com/products/damen-hereford-wolljacke-im-military-stil-marineblau-gruen-blau-ton-in-ton-kariert-u0540mul?tc_ch=display&tc_ve=ba&tc_so=tradedesk&tc_me=pp&tc_ca=bau,,,31,IN STOCK,,,"Marineblau, Grün, Blau Ton-in-Ton-Kariert",,,,TRUE,TRUE
55244508,55244508,55244508,Einzelne Unterhose Damen Boden,https://eu.boden.com/products/damen-einzelne-unterhose-herz-a2418mlt?tc_ch=display&tc_ve=ba&tc_so=tradedesk&tc_me=pp&tc_ca=bau,,,26.00,26.00,https://cdn.shopify.com/s/files/1/0680/4625/8428/files/26wwin_a2418_mlt_f7cf59c7-a4ac-41bc-8f9b-1efc9a360f88.jpg?v=1&width=800,Damen,Damen,03/10/2026,https://eu.boden.com/products/damen-einzelne-unterhose-herz-a2418mlt?tc_ch=display&tc_ve=ba&tc_so=tradedesk&tc_me=pp&tc_ca=bau,,,79,IN STOCK,,,Herz,,,,TRUE,TRUE
55227575,55227575,55227575,Aylesford Langer Mantel Damen Boden,https://eu.boden.com/products/damen-aylesford-langer-mantel-mitternachtsblau-smaragdgruen-u0521lgr?tc_ch=display&tc_ve=ba&tc_so=tradedesk&tc_me=pp&tc_ca=bau,,,380.00,380.00,https://cdn.shopify.com/s/files/1/0680/4625/8428/files/26wwin_u0521_lgr_017e1a6f-bc48-4533-8d68-aac4bf59a03e.jpg?v=1&width=800,Damen,Damen,03/10/2026,https://eu.boden.com/products/damen-aylesford-langer-mantel-mitternachtsblau-smaragdgruen-u0521lgr?tc_ch=display&tc_ve=ba&tc_so=tradedesk&tc_me=pp&tc_ca=bau,,,82,IN STOCK,,,Mitternachtsblau Smaragdgrün,,,,TRUE,TRUE
55245686,55245686,55245686,Einzelne Unterhose Damen Boden,https://eu.boden.com/products/damen-einzelne-unterhose-blumenmuster-a2418mul?tc_ch=display&tc_ve=ba&tc_so=tradedesk&tc_me=pp&tc_ca=bau,,,26.00,26.00,https://cdn.shopify.com/s/files/1/0680/4625/8428/files/26wwin_a2418_mul_7bd97f2d-bda2-4108-9ec5-d4189cc2208b.jpg?v=1&width=800,Damen,Damen,03/10/2026,https://eu.boden.com/products/damen-einzelne-unterhose-blumenmuster-a2418mul?tc_ch=display&tc_ve=ba&tc_so=tradedesk&tc_me=pp&tc_ca=bau,,,75,IN STOCK,,,Blumenmuster,,,,TRUE,TRUE
55233418,55233418,55233418,Girlanden-Ohrringe mit Schmucksteinen Damen Boden,https://eu.boden.com/products/damen-girlanden-ohrringe-mit-schmucksteinen-transparent-a2322ivo?tc_ch=display&tc_ve=ba&tc_so=tradedesk&tc_me=pp&tc_ca=bau,,,56.00,56.00,https://cdn.shopify.com/s/files/1/0680/4625/8428/files/26gwin_a2322_ivo_6a421188-d653-41b2-8b7d-c51e7ea8aaae.jpg?v=1&width=800,Damen,Damen,03/10/2026,https://eu.boden.com/products/damen-girlanden-ohrringe-mit-schmucksteinen-transparent-a2322ivo?tc_ch=display&tc_ve=ba&tc_so=tradedesk&tc_me=pp&tc_ca=bau,,,266,IN STOCK,,,Transparent,,,,TRUE,TRUE
55228107,55228107,55228107,Jacke mit Federquasten Damen Boden,https://eu.boden.com/products/damen-jacke-mit-federquasten-schwarz-u0532blk?tc_ch=display&tc_ve=ba&tc_so=tradedesk&tc_me=pp&tc_ca=bau,,,230.00,230.00,https://cdn.shopify.com/s/files/1/0680/4625/8428/files/26wwin_u0532_blk_m01_v2.jpg?v=1&width=800,Damen,Damen,03/10/2026,https://eu.boden.com/products/damen-jacke-mit-federquasten-schwarz-u0532blk?tc_ch=display&tc_ve=ba&tc_so=tradedesk&tc_me=pp&tc_ca=bau,,,52,IN STOCK,,,Schwarz,,,,TRUE,TRUE
55228202,55228202,55228202,Carmen Cordoberteil mit Spitzenbesatz Damen Boden,https://eu.boden.com/products/damen-carmen-cordoberteil-mit-spitzenbesatz-dunkle-kirsche-t2237rus?tc_ch=display&tc_ve=ba&tc_so=tradedesk&tc_me=pp&tc_ca=bau,,,130.00,130.00,https://cdn.shopify.com/s/files/1/0680/4625/8428/files/26wwin_t2237_rus_w01.jpg?v=1&width=800,Damen,Damen,03/10/2026,https://eu.boden.com/products/damen-carmen-cordoberteil-mit-spitzenbesatz-dunkle-kirsche-t2237rus?tc_ch=display&tc_ve=ba&tc_so=tradedesk&tc_me=pp&tc_ca=bau,,,171,IN STOCK,,,Dunkle Kirsche,,,,TRUE,TRUE
55233759,55233759,55233759,Ausgestellter Partyrock aus Tüll Damen Boden,https://eu.boden.com/products/damen-ausgestellter-partyrock-aus-tuell-seemoos-beflockt-punkte-r1020spt?tc_ch=display&tc_ve=ba&tc_so=tradedesk&tc_me=pp&tc_ca=bau,,,180.00,180.00,https://cdn.shopify.com/s/files/1/0680/4625/8428/files/26waut_r1020_spt_w01_25ee9722-3c58-406e-8bee-d9f6e3a9ec1a.jpg?v=1&width=800,Damen,Damen,03/10/2026,https://eu.boden.com/products/damen-ausgestellter-partyrock-aus-tuell-seemoos-beflockt-punkte-r1020spt?tc_ch=display&tc_ve=ba&tc_so=tradedesk&tc_me=pp&tc_ca=bau,,,115,IN STOCK,,,Seemoos Beflockt Punkte,,,,TRUE,TRUE
55233723,55233723,55233723,Strickschal Damen Boden,https://eu.boden.com/products/damen-strickschal-anthrazit-rot-und-rosa-argyle-a2317pnt?tc_ch=display&tc_ve=ba&tc_so=tradedesk&tc_me=pp&tc_ca=bau,,,99.00,99.00,https://cdn.shopify.com/s/files/1/0680/4625/8428/files/26wwin_a2317_pnt.jpg?v=1&width=800,Damen,Damen,03/10/2026,https://eu.boden.com/products/damen-strickschal-anthrazit-rot-und-rosa-argyle-a2317pnt?tc_ch=display&tc_ve=ba&tc_so=tradedesk&tc_me=pp&tc_ca=bau,,,280,IN STOCK,,,"Anthrazit, Rot und Rosa Argyle",,,,TRUE,TRUE
55227925,55227925,55227925,Kurze wattierte Jacke Damen Boden,https://eu.boden.com/products/damen-kurze-wattierte-jacke-silber-u0522sil?tc_ch=display&tc_ve=ba&tc_so=tradedesk&tc_me=pp&tc_ca=bau,,,210.00,210.00,https://cdn.shopify.com/s/files/1/0680/4625/8428/files/26wwin_u0522_sil_m01_v5.jpg?v=1&width=800,Damen,Damen,03/10/2026,https://eu.boden.com/products/damen-kurze-wattierte-jacke-silber-u0522sil?tc_ch=display&tc_ve=ba&tc_so=tradedesk&tc_me=pp&tc_ca=bau,,,56,IN STOCK,,,Silber,,,,TRUE,TRUE
55230074,55230074,55230074,Fitzrovia Samthose Damen Boden,https://eu.boden.com/products/damen-fitzrovia-samthose-blaugruen-meer-r1025blu?tc_ch=display&tc_ve=ba&tc_so=tradedesk&tc_me=pp&tc_ca=bau,,,190.00,190.00,https://cdn.shopify.com/s/files/1/0680/4625/8428/files/26wwin_r1025_blu_m01_b84908cb-011d-4c6e-9568-c3380801920e.jpg?v=1&width=800,Damen,Damen,03/10/2026,https://eu.boden.com/products/damen-fitzrovia-samthose-blaugruen-meer-r1025blu?tc_ch=display&tc_ve=ba&tc_so=tradedesk&tc_me=pp&tc_ca=bau,,,108,IN STOCK,,,Blaugrün Meer,,,,TRUE,TRUE
55233283,55233283,55233283,Großes Kaschmir-Halstuch Damen Boden,https://eu.boden.com/products/damen-grosses-kaschmir-halstuch-gewuerzter-apfel-a2351red?tc_ch=display&tc_ve=ba&tc_so=tradedesk&tc_me=pp&tc_ca=bau,,,140.00,140.00,https://cdn.shopify.com/s/files/1/0680/4625/8428/files/26wwin_a2351_red_m01_v1.jpg?v=1&width=800,Damen,Damen,03/10/2026,https://eu.boden.com/products/damen-grosses-kaschmir-halstuch-gewuerzter-apfel-a2351red?tc_ch=display&tc_ve=ba&tc_so=tradedesk&tc_me=pp&tc_ca=bau,,,234,IN STOCK,,,Gewürzter Apfel,,,,TRUE,TRUE
55226810,55226810,55226810,Säulen-Wickelrock Damen Boden,https://eu.boden.com/products/damen-saeulen-wickelrock-oliv-fischgraet-r1019dgr?tc_ch=display&tc_ve=ba&tc_so=tradedesk&tc_me=pp&tc_ca=bau,,,210.00,210.00,https://cdn.shopify.com/s/files/1/0680/4625/8428/files/26wwin_r1019_dgr_m01_b1566901-80c4-4750-9dee-777b5243590f.jpg?v=1&width=800,Damen,Damen,03/10/2026,https://eu.boden.com/products/damen-saeulen-wickelrock-oliv-fischgraet-r1019dgr?tc_ch=display&tc_ve=ba&tc_so=tradedesk&tc_me=pp&tc_ca=bau,,,134,IN STOCK,,,"Oliv, Fischgrät",,,,TRUE,TRUE
55226672,55226672,55226672,Säulen-Wickelrock Damen Boden,https://eu.boden.com/products/damen-saeulen-wickelrock-braun-blau-und-orange-kariert-r1019mul?tc_ch=display&tc_ve=ba&tc_so=tradedesk&tc_me=pp&tc_ca=bau,,,210.00,210.00,https://cdn.shopify.com/s/files/1/0680/4625/8428/files/26wwin_r1019_mul_m04_140ea08a-4d48-4c43-952c-ef49584fa9ae.jpg?v=1&width=800,Damen,Damen,03/10/2026,https://eu.boden.com/products/damen-saeulen-wickelrock-braun-blau-und-orange-kariert-r1019mul?tc_ch=display&tc_ve=ba&tc_so=tradedesk&tc_me=pp&tc_ca=bau,,,198,IN STOCK,,,"Braun, Blau und Orange Kariert",,,,TRUE,TRUE
55227872,55227872,55227872,Langer Wollblazer mit Knopfleiste Damen Boden,https://eu.boden.com/products/damen-langer-wollblazer-mit-knopfleiste-dunkelgruen-fischgraetmuster-u0539grn?tc_ch=display&tc_ve=ba&tc_so=tradedesk&tc_me=pp&tc_ca=bau,,,299.00,299.00,https://cdn.shopify.com/s/files/1/0680/4625/8428/files/26wwin_u0539_grn_w01.jpg?v=1&width=800,Damen,Damen,03/10/2026,https://eu.boden.com/products/damen-langer-wollblazer-mit-knopfleiste-dunkelgruen-fischgraetmuster-u0539grn?tc_ch=display&tc_ve=ba&tc_so=tradedesk&tc_me=pp&tc_ca=bau,,,30,IN STOCK,,,Dunkelgrün Fischgrätmuster,,,,TRUE,TRUE
55228071,55228071,55228071,Taillierte Samtjacke Damen Boden,https://eu.boden.com/products/damen-taillierte-samtjacke-schwarz-u0538bla?tc_ch=display&tc_ve=ba&tc_so=tradedesk&tc_me=pp&tc_ca=bau,,,260.00,260.00,https://cdn.shopify.com/s/files/1/0680/4625/8428/files/26wwin_u0538_bla_m01_f91aa773-d553-4879-88eb-0a6f9465370d.jpg?v=1&width=800,Damen,Damen,03/10/2026,https://eu.boden.com/products/damen-taillierte-samtjacke-schwarz-u0538bla?tc_ch=display&tc_ve=ba&tc_so=tradedesk&tc_me=pp&tc_ca=bau,,,80,IN STOCK,,,Schwarz,,,,TRUE,TRUE
55228527,55228527,55228527,Gewachster Trenchcoat Damen Boden,https://eu.boden.com/products/damen-gewachster-trenchcoat-olivgruen-und-camel-gewachst-kariert-u0527brn?tc_ch=display&tc_ve=ba&tc_so=tradedesk&tc_me=pp&tc_ca=bau,,,420.00,420.00,https://cdn.shopify.com/s/files/1/0680/4625/8428/files/26wwin_u0527_brn_m01_0992c021-0d74-4e62-8dde-4fda69639d7b.jpg?v=1&width=800,Damen,Damen,03/10/2026,https://eu.boden.com/products/damen-gewachster-trenchcoat-olivgruen-und-camel-gewachst-kariert-u0527brn?tc_ch=display&tc_ve=ba&tc_so=tradedesk&tc_me=pp&tc_ca=bau,,,67,IN STOCK,,,Olivgrün und Camel Gewachst Kariert,,,,TRUE,TRUE
55227783,55227783,55227783,Langer Samtblazer mit Knopfleiste Damen Boden,https://eu.boden.com/products/damen-langer-samtblazer-mit-knopfleiste-blaugruen-meer-u0543blu?tc_ch=display&tc_ve=ba&tc_so=tradedesk&tc_me=pp&tc_ca=bau,,,260.00,260.00,https://cdn.shopify.com/s/files/1/0680/4625/8428/files/26wwin_u0543_blu_m01_ffa433bd-3470-435f-b45c-217b3a9b5a9c.jpg?v=1&width=800,Damen,Damen,03/10/2026,https://eu.boden.com/products/damen-langer-samtblazer-mit-knopfleiste-blaugruen-meer-u0543blu?tc_ch=display&tc_ve=ba&tc_so=tradedesk&tc_me=pp&tc_ca=bau,,,70,IN STOCK,,,Blaugrün Meer,,,,TRUE,TRUE
55228548,55228548,55228548,Gewachste Raglan-jacke Damen Boden,https://eu.boden.com/products/damen-gewachste-raglan-jacke-olivgruen-und-camel-gewachst-kariert-u0554grn?tc_ch=display&tc_ve=ba&tc_so=tradedesk&tc_me=pp&tc_ca=bau,,,299.00,299.00,https://cdn.shopify.com/s/files/1/0680/4625/8428/files/26wwin_u0554_grn_w02_5f411129-27bd-4f7d-83e8-d29a9ec82367.jpg?v=1&width=800,Damen,Damen,03/10/2026,https://eu.boden.com/products/damen-gewachste-raglan-jacke-olivgruen-und-camel-gewachst-kariert-u0554grn?tc_ch=display&tc_ve=ba&tc_so=tradedesk&tc_me=pp&tc_ca=bau,,,88,IN STOCK,,,Olivgrün und Camel Gewachst Kariert,,,,TRUE,TRUE
55227640,55227640,55227640,Stamford Samtblazer Damen Boden,https://eu.boden.com/products/damen-stamford-samtblazer-mitternachtsblau-smaragdgruen-u0541dgr?tc_ch=display&tc_ve=ba&tc_so=tradedesk&tc_me=pp&tc_ca=bau,,,230.00,230.00,https://cdn.shopify.com/s/files/1/0680/4625/8428/files/26wwin_u0541_dgr_m01_fe4df88b-e7b0-4b66-b341-91cc09c43f71.jpg?v=1&width=800,Damen,Damen,03/10/2026,https://eu.boden.com/products/damen-stamford-samtblazer-mitternachtsblau-smaragdgruen-u0541dgr?tc_ch=display&tc_ve=ba&tc_so=tradedesk&tc_me=pp&tc_ca=bau,,,54,IN STOCK,,,Mitternachtsblau Smaragdgrün,,,,TRUE,TRUE
55242695,55242695,55242695,Stripe & Stare Spitzen-BH mit tiefem Dekolleté Damen Boden,https://eu.boden.com/products/damen-stripe-stare-spitzen-bh-mit-tiefem-dekollete-blumenmuster-a2410mul?tc_ch=display&tc_ve=ba&tc_so=tradedesk&tc_me=pp&tc_ca=bau,,,43.00,43.00,https://cdn.shopify.com/s/files/1/0680/4625/8428/files/26wwin_a2410_mul_936b0121-f2fd-4f23-b5db-451a9e8584ba.jpg?v=1&width=800,Damen,Damen,03/10/2026,https://eu.boden.com/products/damen-stripe-stare-spitzen-bh-mit-tiefem-dekollete-blumenmuster-a2410mul?tc_ch=display&tc_ve=ba&tc_so=tradedesk&tc_me=pp&tc_ca=bau,,,65,IN STOCK,,,Blumenmuster,,,,TRUE,TRUE
55227934,55227934,55227934,Langer Wollmantel mit Trichterkragen Damen Boden,https://eu.boden.com/products/damen-langer-wollmantel-mit-trichterkragen-schwarz-u0523blk?tc_ch=display&tc_ve=ba&tc_so=tradedesk&tc_me=pp&tc_ca=bau,,,380.00,380.00,https://cdn.shopify.com/s/files/1/0680/4625/8428/files/26wwin_u0523_blk_m01_v2.jpg?v=1&width=800,Damen,Damen,03/10/2026,https://eu.boden.com/products/damen-langer-wollmantel-mit-trichterkragen-schwarz-u0523blk?tc_ch=display&tc_ve=ba&tc_so=tradedesk&tc_me=pp&tc_ca=bau,,,34,IN STOCK,,,Schwarz,,,,TRUE,TRUE
55228237,55228237,55228237,Stamford Samtblazer Damen Boden,https://eu.boden.com/products/damen-stamford-samtblazer-bunt-juwelenstrauss-u0541fun?tc_ch=display&tc_ve=ba&tc_so=tradedesk&tc_me=pp&tc_ca=bau,,,260.00,260.00,https://cdn.shopify.com/s/files/1/0680/4625/8428/files/26waut_u0541_fun_w01_c49d45cf-b3f7-4c30-9b09-fa18a0800913.jpg?v=1&width=800,Damen,Damen,03/10/2026,https://eu.boden.com/products/damen-stamford-samtblazer-bunt-juwelenstrauss-u0541fun?tc_ch=display&tc_ve=ba&tc_so=tradedesk&tc_me=pp&tc_ca=bau,,,36,IN STOCK,,,"Bunt, Juwelenstrauß",,,,TRUE,TRUE
55228452,55228452,55228452,"Langer, wattierter Raglan-Mantel Damen Boden",https://eu.boden.com/products/damen-langer-wattierter-raglan-mantel-marineblau-u0525nav?tc_ch=display&tc_ve=ba&tc_so=tradedesk&tc_me=pp&tc_ca=bau,,,260.00,260.00,https://cdn.shopify.com/s/files/1/0680/4625/8428/files/26wwin_u0525_nav_w01_891d61cf-c43e-432e-b9b7-dca225fbe66d.jpg?v=1&width=800,Damen,Damen,03/10/2026,https://eu.boden.com/products/damen-langer-wattierter-raglan-mantel-marineblau-u0525nav?tc_ch=display&tc_ve=ba&tc_so=tradedesk&tc_me=pp&tc_ca=bau,,,68,IN STOCK,,,Marineblau,,,,TRUE,TRUE
55228242,55228242,55228242,Stamford Samtblazer Damen Boden,https://eu.boden.com/products/damen-stamford-samtblazer-schwarz-u0541bla?tc_ch=display&tc_ve=ba&tc_so=tradedesk&tc_me=pp&tc_ca=bau,,,230.00,230.00,https://cdn.shopify.com/s/files/1/0680/4625/8428/files/26wwin_u0541_bla_m01_v2.jpg?v=1&width=800,Damen,Damen,03/10/2026,https://eu.boden.com/products/damen-stamford-samtblazer-schwarz-u0541bla?tc_ch=display&tc_ve=ba&tc_so=tradedesk&tc_me=pp&tc_ca=bau,,,98,IN STOCK,,,Schwarz,,,,TRUE,TRUE
55242742,55242742,55242742,Stripe & Stare Tanga im 4er-Pack Damen Boden,https://eu.boden.com/products/damen-stripe-stare-tanga-im-4er-pack-streifen-und-herzen-im-viererpack-a2411mul?tc_ch=display&tc_ve=ba&tc_so=tradedesk&tc_me=pp&tc_ca=bau,,,69.00,69.00,https://cdn.shopify.com/s/files/1/0680/4625/8428/files/26wwin_a2411_mul_6c047f3f-e8e1-4f4e-95e1-26e89aff9015.jpg?v=1&width=800,Damen,Damen,03/10/2026,https://eu.boden.com/products/damen-stripe-stare-tanga-im-4er-pack-streifen-und-herzen-im-viererpack-a2411mul?tc_ch=display&tc_ve=ba&tc_so=tradedesk&tc_me=pp&tc_ca=bau,,,82,IN STOCK,,,Streifen und Herzen im Viererpack,,,,TRUE,TRUE
55229289,55229289,55229289,Jacke mit Schalkragen Damen Boden,https://eu.boden.com/products/damen-jacke-mit-schalkragen-marineblau-gruen-blau-ton-in-ton-kariert-u0537blu?tc_ch=display&tc_ve=ba&tc_so=tradedesk&tc_me=pp&tc_ca=bau,,,299.00,299.00,https://cdn.shopify.com/s/files/1/0680/4625/8428/files/26wwin_u0537_blu_w01_880b2233-a387-4ff2-b390-1be669532fa9.jpg?v=1&width=800,Damen,Damen,03/10/2026,https://eu.boden.com/products/damen-jacke-mit-schalkragen-marineblau-gruen-blau-ton-in-ton-kariert-u0537blu?tc_ch=display&tc_ve=ba&tc_so=tradedesk&tc_me=pp&tc_ca=bau,,,65,IN STOCK,,,"Marineblau, Grün, Blau Ton-in-Ton-Kariert",,,,TRUE,TRUE
55247621,55247621,55247621,Kartenetui aus Leder Damen Boden,https://eu.boden.com/products/damen-kartenetui-aus-leder-leopardenmuster-bedrucktes-wildleder-a2415mul?tc_ch=display&tc_ve=ba&tc_so=tradedesk&tc_me=pp&tc_ca=bau,,,39.00,39.00,https://cdn.shopify.com/s/files/1/0680/4625/8428/files/26wwin_a2415_mul_d9dbe015-0ae2-4a85-9511-d0926d551f95.jpg?v=1&width=800,Damen,Damen,03/10/2026,https://eu.boden.com/products/damen-kartenetui-aus-leder-leopardenmuster-bedrucktes-wildleder-a2415mul?tc_ch=display&tc_ve=ba&tc_so=tradedesk&tc_me=pp&tc_ca=bau,,,40,IN STOCK,,,Leopardenmuster Bedrucktes Wildleder,,,,TRUE,TRUE
55247526,55247526,55247526,Kartenetui aus Leder Damen Boden,https://eu.boden.com/products/damen-kartenetui-aus-leder-schwarzes-leder-mit-crinkle-effekt-a2415bla?tc_ch=display&tc_ve=ba&tc_so=tradedesk&tc_me=pp&tc_ca=bau,,,39.00,39.00,https://cdn.shopify.com/s/files/1/0680/4625/8428/files/26wwin_a2415_bla_b2716c8b-3e14-42ea-a589-789dafbd0054.jpg?v=1&width=800,Damen,Damen,03/10/2026,https://eu.boden.com/products/damen-kartenetui-aus-leder-schwarzes-leder-mit-crinkle-effekt-a2415bla?tc_ch=display&tc_ve=ba&tc_so=tradedesk&tc_me=pp&tc_ca=bau,,,44,IN STOCK,,,Schwarzes Leder mit Crinkle-Effekt,,,,TRUE,TRUE
55247622,55247622,55247622,Kartenetui aus Leder Damen Boden,https://eu.boden.com/products/damen-kartenetui-aus-leder-hellbraun-wildleder-a2415tan?tc_ch=display&tc_ve=ba&tc_so=tradedesk&tc_me=pp&tc_ca=bau,,,39.00,39.00,https://cdn.shopify.com/s/files/1/0680/4625/8428/files/26wwin_a2415_tan_f666b7b7-ca43-4ba4-839c-b3af3fde0295.jpg?v=1&width=800,Damen,Damen,03/10/2026,https://eu.boden.com/products/damen-kartenetui-aus-leder-hellbraun-wildleder-a2415tan?tc_ch=display&tc_ve=ba&tc_so=tradedesk&tc_me=pp&tc_ca=bau,,,42,IN STOCK,,,Hellbraun Wildleder,,,,TRUE,TRUE
55227062,55227062,55227062,Ella Bestickter Strickpullover Damen Boden,https://eu.boden.com/products/damen-ella-bestickter-strickpullover-fruehlingsbluetenrosa-blumenmuster-k1318pin?tc_ch=display&tc_ve=ba&tc_so=tradedesk&tc_me=pp&tc_ca=bau,,,180.00,180.00,https://cdn.shopify.com/s/files/1/0680/4625/8428/files/26wwin_k1318_pin_m01_4a30be0b-707c-4130-8782-8888b44ae1da.jpg?v=1&width=800,Damen,Damen,03/10/2026,https://eu.boden.com/products/damen-ella-bestickter-strickpullover-fruehlingsbluetenrosa-blumenmuster-k1318pin?tc_ch=display&tc_ve=ba&tc_so=tradedesk&tc_me=pp&tc_ca=bau,,,114,IN STOCK,,,"Frühlingsblütenrosa, Blumenmuster",,,,TRUE,TRUE
55234065,55234065,55234065,Jemma Jacquard-Strickjacke Damen Boden,https://eu.boden.com/products/damen-jemma-jacquard-strickjacke-haferbeige-meliert-stickerei-k1321oat?tc_ch=display&tc_ve=ba&tc_so=tradedesk&tc_me=pp&tc_ca=bau,,,240.00,240.00,https://cdn.shopify.com/s/files/1/0680/4625/8428/files/26wwin_k1321_oat_m01_v2.jpg?v=1&width=800,Damen,Damen,03/10/2026,https://eu.boden.com/products/damen-jemma-jacquard-strickjacke-haferbeige-meliert-stickerei-k1321oat?tc_ch=display&tc_ve=ba&tc_so=tradedesk&tc_me=pp&tc_ca=bau,,,298,IN STOCK,,,"Haferbeige Meliert, Stickerei",,,,TRUE,TRUE
55226562,55226562,55226562,Georgia Jersey-Midikleid Damen Boden,https://eu.boden.com/products/damen-georgia-jersey-midikleid-marineblau-bluehender-fruehlingsstempel-d1034nnv?tc_ch=display&tc_ve=ba&tc_so=tradedesk&tc_me=pp&tc_ca=bau,,,140.00,140.00,https://cdn.shopify.com/s/files/1/0680/4625/8428/files/26wwin_d1034_nnv_m01.jpg?v=1&width=800,Damen,Damen,03/10/2026,https://eu.boden.com/products/damen-georgia-jersey-midikleid-marineblau-bluehender-fruehlingsstempel-d1034nnv?tc_ch=display&tc_ve=ba&tc_so=tradedesk&tc_me=pp&tc_ca=bau,,,139,IN STOCK,,,"Marineblau, Blühender Frühlingsstempel",,,,TRUE,TRUE
55225543,55225543,55225543,Ella Bestickter Strickpullover Damen Boden,https://eu.boden.com/products/damen-ella-bestickter-strickpullover-umbra-blumenmuster-k1318brn?tc_ch=display&tc_ve=ba&tc_so=tradedesk&tc_me=pp&tc_ca=bau,,,180.00,180.00,https://cdn.shopify.com/s/files/1/0680/4625/8428/files/26wwin_k1318_brn_m01_v4.jpg?v=1&width=800,Damen,Damen,03/10/2026,https://eu.boden.com/products/damen-ella-bestickter-strickpullover-umbra-blumenmuster-k1318brn?tc_ch=display&tc_ve=ba&tc_so=tradedesk&tc_me=pp&tc_ca=bau,,,241,IN STOCK,,,"Umbra, Blumenmuster",,,,TRUE,TRUE
55225947,55225947,55225947,Gesmoktes Midikleid aus Cord Damen Boden,https://eu.boden.com/products/damen-gesmoktes-midikleid-aus-cord-mandelpfirsich-stickerei-d1791mul?tc_ch=display&tc_ve=ba&tc_so=tradedesk&tc_me=pp&tc_ca=bau,,,220.00,220.00,https://cdn.shopify.com/s/files/1/0680/4625/8428/files/26wwin_d1791_mul_m01_v1.jpg?v=1&width=800,Damen,Damen,03/10/2026,https://eu.boden.com/products/damen-gesmoktes-midikleid-aus-cord-mandelpfirsich-stickerei-d1791mul?tc_ch=display&tc_ve=ba&tc_so=tradedesk&tc_me=pp&tc_ca=bau,,,73,IN STOCK,,,"Mandelpfirsich, Stickerei",,,,TRUE,TRUE
55233384,55233384,55233384,Carmen Baumwolloberteil mit Spitzenbesatz Damen Boden,https://eu.boden.com/products/damen-carmen-baumwolloberteil-mit-spitzenbesatz-bunt-spriessende-rebe-t1959ivy?tc_ch=display&tc_ve=ba&tc_so=tradedesk&tc_me=pp&tc_ca=bau,,,130.00,130.00,https://cdn.shopify.com/s/files/1/0680/4625/8428/files/26waut_t1959_ivy_w01_b32d6401-5276-4883-97a2-f1941bfc29f4.jpg?v=1&width=800,Damen,Damen,03/10/2026,https://eu.boden.com/products/damen-carmen-baumwolloberteil-mit-spitzenbesatz-bunt-spriessende-rebe-t1959ivy?tc_ch=display&tc_ve=ba&tc_so=tradedesk&tc_me=pp&tc_ca=bau,,,20,IN STOCK,,,"Bunt, Sprießende Rebe",,,,TRUE,TRUE
55228149,55228149,55228149,Sienna Cordhemd mit Rüschen Damen Boden,https://eu.boden.com/products/damen-sienna-cordhemd-mit-rueschen-waldgruen-stickerei-t2230grn?tc_ch=display&tc_ve=ba&tc_so=tradedesk&tc_me=pp&tc_ca=bau,,,150.00,150.00,https://cdn.shopify.com/s/files/1/0680/4625/8428/files/26wwin_t2230_grn_m01_64caf1a6-d545-4d99-b62d-55742deb4501.jpg?v=1&width=800,Damen,Damen,03/10/2026,https://eu.boden.com/products/damen-sienna-cordhemd-mit-rueschen-waldgruen-stickerei-t2230grn?tc_ch=display&tc_ve=ba&tc_so=tradedesk&tc_me=pp&tc_ca=bau,,,97,IN STOCK,,,"Waldgrün, Stickerei",,,,TRUE,TRUE
55229619,55229619,55229619,Das neue Sienna Baumwollhemd Damen Boden,https://eu.boden.com/products/damen-das-neue-sienna-baumwollhemd-pfauen-paradies-t2164pch?tc_ch=display&tc_ve=ba&tc_so=tradedesk&tc_me=pp&tc_ca=bau,,,86.00,86.00,https://cdn.shopify.com/s/files/1/0680/4625/8428/files/26wwin_t2164_pch_m01_f2b4dc13-b1fb-445b-bcbd-1776a0f6897c.jpg?v=1&width=800,Damen,Damen,03/10/2026,https://eu.boden.com/products/damen-das-neue-sienna-baumwollhemd-pfauen-paradies-t2164pch?tc_ch=display&tc_ve=ba&tc_so=tradedesk&tc_me=pp&tc_ca=bau,,,95,IN STOCK,,,Pfauen Paradies,,,,TRUE,TRUE
55227756,55227756,55227756,Sienna Cordhemd mit Rüschen Damen Boden,https://eu.boden.com/products/damen-sienna-cordhemd-mit-rueschen-rosa-heidekraut-stickerei-t2230ppk?tc_ch=display&tc_ve=ba&tc_so=tradedesk&tc_me=pp&tc_ca=bau,,,150.00,150.00,https://cdn.shopify.com/s/files/1/0680/4625/8428/files/26wwin_t2230_ppk_m01_v1.jpg?v=1&width=800,Damen,Damen,03/10/2026,https://eu.boden.com/products/damen-sienna-cordhemd-mit-rueschen-rosa-heidekraut-stickerei-t2230ppk?tc_ch=display&tc_ve=ba&tc_so=tradedesk&tc_me=pp&tc_ca=bau,,,90,IN STOCK,,,"Rosa Heidekraut, Stickerei",,,,TRUE,TRUE
55229323,55229323,55229323,Schlafanzugoberteil aus gebürsteter Baumwolle Damen Boden,https://eu.boden.com/products/damen-schlafanzugoberteil-aus-gebuersteter-baumwolle-blumenmuster-tiger-n0034grn?tc_ch=display&tc_ve=ba&tc_so=tradedesk&tc_me=pp&tc_ca=bau,,,69.00,69.00,https://cdn.shopify.com/s/files/1/0680/4625/8428/files/26wwin_n0034_grn_m01_5fd66b1c-8fb7-4253-bd41-8b2c7740b875.jpg?v=1&width=800,Damen,Damen,03/10/2026,https://eu.boden.com/products/damen-schlafanzugoberteil-aus-gebuersteter-baumwolle-blumenmuster-tiger-n0034grn?tc_ch=display&tc_ve=ba&tc_so=tradedesk&tc_me=pp&tc_ca=bau,,,344,IN STOCK,,,Blumenmuster Tiger,,,,TRUE,TRUE
55226072,55226072,55226072,"Ausgestelltes, texturiertes Kleid Damen Boden",https://eu.boden.com/products/damen-ausgestelltes-texturiertes-kleid-blaugruen-meer-d1834blu?tc_ch=display&tc_ve=ba&tc_so=tradedesk&tc_me=pp&tc_ca=bau,,,210.00,210.00,https://cdn.shopify.com/s/files/1/0680/4625/8428/files/26waut_d1834_blu_w01_20c83152-bafd-4bf0-acbe-2b608e337aa1.jpg?v=1&width=800,Damen,Damen,03/10/2026,https://eu.boden.com/products/damen-ausgestelltes-texturiertes-kleid-blaugruen-meer-d1834blu?tc_ch=display&tc_ve=ba&tc_so=tradedesk&tc_me=pp&tc_ca=bau,,,111,IN STOCK,,,Blaugrün Meer,,,,TRUE,TRUE
55232348,55232348,55232348,Paula Geripptes Kleid mit Rundhalsausschnitt Damen Boden,https://eu.boden.com/products/damen-paula-geripptes-kleid-mit-rundhalsausschnitt-braunschweigisches-gruen-abendblau-d1825grn?tc_ch=display&tc_ve=ba&tc_so=tradedesk&tc_me=pp&tc_ca=bau,,,190.00,190.00,https://cdn.shopify.com/s/files/1/0680/4625/8428/files/26wwin_d1825_grn_w01_4139c03c-6e93-40ac-9051-74a29fd67239.jpg?v=1&width=800,Damen,Damen,03/10/2026,https://eu.boden.com/products/damen-paula-geripptes-kleid-mit-rundhalsausschnitt-braunschweigisches-gruen-abendblau-d1825grn?tc_ch=display&tc_ve=ba&tc_so=tradedesk&tc_me=pp&tc_ca=bau,,,179,IN STOCK,,,"Braunschweigisches Grün, Abendblau",,,,TRUE,TRUE
55225924,55225924,55225924,Breiter Fair-Isle-Pullover Damen Boden,https://eu.boden.com/products/damen-breiter-fair-isle-pullover-fruehlingsbluetenrosa-fair-isle-k1356pin?tc_ch=display&tc_ve=ba&tc_so=tradedesk&tc_me=pp&tc_ca=bau,,,180.00,180.00,https://cdn.shopify.com/s/files/1/0680/4625/8428/files/26wwin_k1356_pin_m01_v1.jpg?v=1&width=800,Damen,Damen,03/10/2026,https://eu.boden.com/products/damen-breiter-fair-isle-pullover-fruehlingsbluetenrosa-fair-isle-k1356pin?tc_ch=display&tc_ve=ba&tc_so=tradedesk&tc_me=pp&tc_ca=bau,,,320,IN STOCK,,,"Frühlingsblütenrosa, Fair-Isle",,,,TRUE,TRUE
55232777,55232777,55232777,Naomi Lockeres Jerseykleid Damen Boden,https://eu.boden.com/products/damen-naomi-lockeres-jerseykleid-legionaersblau-paisley-bouquet-d1053ind?tc_ch=display&tc_ve=ba&tc_so=tradedesk&tc_me=pp&tc_ca=bau,,,110.00,110.00,https://cdn.shopify.com/s/files/1/0680/4625/8428/files/26wwin_d1053_ind_m01_v1_997c9f76-641d-44a3-97d1-cda8a77cb198.jpg?v=1&width=800,Damen,Damen,03/10/2026,https://eu.boden.com/products/damen-naomi-lockeres-jerseykleid-legionaersblau-paisley-bouquet-d1053ind?tc_ch=display&tc_ve=ba&tc_so=tradedesk&tc_me=pp&tc_ca=bau,,,210,IN STOCK,,,"Legionärsblau, Paisley-Bouquet",,,,TRUE,TRUE
55226184,55226184,55226184,Verkürzte Strickjacke mit Fellkragen Damen Boden,https://eu.boden.com/products/damen-verkuerzte-strickjacke-mit-fellkragen-lorbeergruen-bestickt-k1170grn?tc_ch=display&tc_ve=ba&tc_so=tradedesk&tc_me=pp&tc_ca=bau,,,190.00,190.00,https://cdn.shopify.com/s/files/1/0680/4625/8428/files/26wwin_k1170_grn_m01_v1.jpg?v=1&width=800,Damen,Damen,03/10/2026,https://eu.boden.com/products/damen-verkuerzte-strickjacke-mit-fellkragen-lorbeergruen-bestickt-k1170grn?tc_ch=display&tc_ve=ba&tc_so=tradedesk&tc_me=pp&tc_ca=bau,,,329,IN STOCK,,,"Lorbeergrün, Bestickt",,,,TRUE,TRUE
55228176,55228176,55228176,Das neue Sienna Baumwollhemd Damen Boden,https://eu.boden.com/products/damen-das-neue-sienna-baumwollhemd-mandelmilch-paisley-bouquet-t2164neu?tc_ch=display&tc_ve=ba&tc_so=tradedesk&tc_me=pp&tc_ca=bau,,,86.00,86.00,https://cdn.shopify.com/s/files/1/0680/4625/8428/files/26wwin_t2164_neu_m01.jpg?v=1&width=800,Damen,Damen,03/10/2026,https://eu.boden.com/products/damen-das-neue-sienna-baumwollhemd-mandelmilch-paisley-bouquet-t2164neu?tc_ch=display&tc_ve=ba&tc_so=tradedesk&tc_me=pp&tc_ca=bau,,,143,IN STOCK,,,"Mandelmilch, Paisley-Bouquet",,,,TRUE,TRUE
55225437,55225437,55225437,Strickjacke mit Stickerei Damen Boden,https://eu.boden.com/products/damen-strickjacke-mit-stickerei-schnittlauch-k1367khk?tc_ch=display&tc_ve=ba&tc_so=tradedesk&tc_me=pp&tc_ca=bau,,,180.00,180.00,https://cdn.shopify.com/s/files/1/0680/4625/8428/files/26waut_k1367_khk_w01_0d492e6d-bf54-4f3b-b682-d623273a736f.jpg?v=1&width=800,Damen,Damen,03/10/2026,https://eu.boden.com/products/damen-strickjacke-mit-stickerei-schnittlauch-k1367khk?tc_ch=display&tc_ve=ba&tc_so=tradedesk&tc_me=pp&tc_ca=bau,,,243,IN STOCK,,,Schnittlauch,,,,TRUE,TRUE
55233267,55233267,55233267,Carmen Baumwolloberteil mit Spitzenbesatz Damen Boden,https://eu.boden.com/products/damen-carmen-baumwolloberteil-mit-spitzenbesatz-olivgruen-bluehender-zweig-stempel-t1959grn?tc_ch=display&tc_ve=ba&tc_so=tradedesk&tc_me=pp&tc_ca=bau,,,130.00,130.00,https://cdn.shopify.com/s/files/1/0680/4625/8428/files/26wwin_t1959_grn_m01.jpg?v=1&width=800,Damen,Damen,03/10/2026,https://eu.boden.com/products/damen-carmen-baumwolloberteil-mit-spitzenbesatz-olivgruen-bluehender-zweig-stempel-t1959grn?tc_ch=display&tc_ve=ba&tc_so=tradedesk&tc_me=pp&tc_ca=bau,,,80,IN STOCK,,,"Olivgrün, Blühender Zweig Stempel",,,,TRUE,TRUE
55227517,55227517,55227517,Sky Cordhemd Damen Boden,https://eu.boden.com/products/damen-sky-cordhemd-mandelmilch-stickerei-t2196ivo?tc_ch=display&tc_ve=ba&tc_so=tradedesk&tc_me=pp&tc_ca=bau,,,170.00,170.00,https://cdn.shopify.com/s/files/1/0680/4625/8428/files/26wwin_t2196_ivo_m01_v4.jpg?v=1&width=800,Damen,Damen,03/10/2026,https://eu.boden.com/products/damen-sky-cordhemd-mandelmilch-stickerei-t2196ivo?tc_ch=display&tc_ve=ba&tc_so=tradedesk&tc_me=pp&tc_ca=bau,,,102,IN STOCK,,,"Mandelmilch, Stickerei",,,,TRUE,TRUE
55226106,55226106,55226106,Samt-Jumpsuit mit Rüschen Damen Boden,https://eu.boden.com/products/damen-samt-jumpsuit-mit-rueschen-schwarz-d1840blk?tc_ch=display&tc_ve=ba&tc_so=tradedesk&tc_me=pp&tc_ca=bau,,,170.00,170.00,https://cdn.shopify.com/s/files/1/0680/4625/8428/files/26wwin_d1840_blk_m01_017bc313-8b8c-4f75-be43-3581d2308ab4.jpg?v=1&width=800,Damen,Damen,03/10/2026,https://eu.boden.com/products/damen-samt-jumpsuit-mit-rueschen-schwarz-d1840blk?tc_ch=display&tc_ve=ba&tc_so=tradedesk&tc_me=pp&tc_ca=bau,,,96,IN STOCK,,,Schwarz,,,,TRUE,TRUE
55224507,55224507,55224507,Hose mit Federbesatz Damen Boden,https://eu.boden.com/products/damen-hose-mit-federbesatz-bluehender-zweig-r0826brn?tc_ch=display&tc_ve=ba&tc_so=tradedesk&tc_me=pp&tc_ca=bau,,,190.00,190.00,https://cdn.shopify.com/s/files/1/0680/4625/8428/files/26waut_r0826_brn_w01_162356cd-e03a-41c6-86f9-68220ccfb7d0.jpg?v=1&width=800,Damen,Damen,03/10/2026,https://eu.boden.com/products/damen-hose-mit-federbesatz-bluehender-zweig-r0826brn?tc_ch=display&tc_ve=ba&tc_so=tradedesk&tc_me=pp&tc_ca=bau,,,86,IN STOCK,,,Blühender Zweig,,,,TRUE,TRUE
55226337,55226337,55226337,Wickelstrickjacke mit Gürtel Damen Boden,https://eu.boden.com/products/damen-wickelstrickjacke-mit-guertel-metallic-schwarz-gold-jacquard-k1320met?tc_ch=display&tc_ve=ba&tc_so=tradedesk&tc_me=pp&tc_ca=bau,,,210.00,210.00,https://cdn.shopify.com/s/files/1/0680/4625/8428/files/26waut_k1320_met_w01_af26e0ff-e82f-4552-9fe0-861adeb20144.jpg?v=1&width=800,Damen,Damen,03/10/2026,https://eu.boden.com/products/damen-wickelstrickjacke-mit-guertel-metallic-schwarz-gold-jacquard-k1320met?tc_ch=display&tc_ve=ba&tc_so=tradedesk&tc_me=pp&tc_ca=bau,,,230,IN STOCK,,,Metallic-Schwarz Gold Jacquard,,,,TRUE,TRUE
55227238,55227238,55227238,Juliet Jersey-Midikleid Damen Boden,https://eu.boden.com/products/damen-juliet-jersey-midikleid-dunkler-blauregen-bezauberndes-blattmuster-d1848psp?tc_ch=display&tc_ve=ba&tc_so=tradedesk&tc_me=pp&tc_ca=bau,,,170.00,170.00,https://cdn.shopify.com/s/files/1/0680/4625/8428/files/26wwin_d1848_psp_m01_cab060fe-c5fe-4107-a989-dc2dee919493.jpg?v=1&width=800,Damen,Damen,03/10/2026,https://eu.boden.com/products/damen-juliet-jersey-midikleid-dunkler-blauregen-bezauberndes-blattmuster-d1848psp?tc_ch=display&tc_ve=ba&tc_so=tradedesk&tc_me=pp&tc_ca=bau,,,88,IN STOCK,,,"Dunkler Blauregen, Bezauberndes Blattmuster",,,,TRUE,TRUE
55227212,55227212,55227212,Juliet Jersey-Midikleid Damen Boden,https://eu.boden.com/products/damen-juliet-jersey-midikleid-braunschweigisches-gruen-stickerei-d1848khk?tc_ch=display&tc_ve=ba&tc_so=tradedesk&tc_me=pp&tc_ca=bau,,,170.00,170.00,https://cdn.shopify.com/s/files/1/0680/4625/8428/files/26wwin_d1848_khk_m01_v1.jpg?v=1&width=800,Damen,Damen,03/10/2026,https://eu.boden.com/products/damen-juliet-jersey-midikleid-braunschweigisches-gruen-stickerei-d1848khk?tc_ch=display&tc_ve=ba&tc_so=tradedesk&tc_me=pp&tc_ca=bau,,,105,IN STOCK,,,Braunschweigisches Grün Stickerei,,,,TRUE,TRUE
55235729,55235729,55235729,Verzierter Gürtel Damen Boden,https://eu.boden.com/products/damen-verzierter-guertel-verzierter-guertel-a2129slv?tc_ch=display&tc_ve=ba&tc_so=tradedesk&tc_me=pp&tc_ca=bau,,,99.00,99.00,https://cdn.shopify.com/s/files/1/0680/4625/8428/files/26wwin_a2129_slv_2c4f98be-ef75-468c-91e4-29ac806b5c65.jpg?v=1&width=800,Damen,Damen,03/10/2026,https://eu.boden.com/products/damen-verzierter-guertel-verzierter-guertel-a2129slv?tc_ch=display&tc_ve=ba&tc_so=tradedesk&tc_me=pp&tc_ca=bau,,,119,IN STOCK,,,Verzierter Gürtel,,,,TRUE,TRUE
55232832,55232832,55232832,"Hochgeschlossen, langärmlig Damen Boden",https://eu.boden.com/products/damen-hochgeschlossen-langaermlig-legionaersblau-paisley-bouquet-t2209blu?tc_ch=display&tc_ve=ba&tc_so=tradedesk&tc_me=pp&tc_ca=bau,,,56.00,56.00,https://cdn.shopify.com/s/files/1/0680/4625/8428/files/26wwin_t2209_blu_m01_v5.jpg?v=1&width=800,Damen,Damen,03/10/2026,https://eu.boden.com/products/damen-hochgeschlossen-langaermlig-legionaersblau-paisley-bouquet-t2209blu?tc_ch=display&tc_ve=ba&tc_so=tradedesk&tc_me=pp&tc_ca=bau,,,84,IN STOCK,,,"Legionärsblau, Paisley-Bouquet",,,,TRUE,TRUE
55227484,55227484,55227484,Juliet Jersey-Midikleid Damen Boden,https://eu.boden.com/products/damen-juliet-jersey-midikleid-duffle-bag-spriessende-rebe-d1848grn?tc_ch=display&tc_ve=ba&tc_so=tradedesk&tc_me=pp&tc_ca=bau,,,170.00,170.00,https://cdn.shopify.com/s/files/1/0680/4625/8428/files/26wwin_d1848_grn_m01_v1.jpg?v=1&width=800,Damen,Damen,03/10/2026,https://eu.boden.com/products/damen-juliet-jersey-midikleid-duffle-bag-spriessende-rebe-d1848grn?tc_ch=display&tc_ve=ba&tc_so=tradedesk&tc_me=pp&tc_ca=bau,,,62,IN STOCK,,,"Duffle Bag, Sprießende Rebe",,,,TRUE,TRUE
55243312,55243312,55243312,The Original Höschen Damen Boden,https://eu.boden.com/products/damen-the-original-hoeschen-streifen-und-herzen-im-viererpack-a2416mul?tc_ch=display&tc_ve=ba&tc_so=tradedesk&tc_me=pp&tc_ca=bau,,,69.00,69.00,https://cdn.shopify.com/s/files/1/0680/4625/8428/files/26wwin_a2416_mul_dcad6a48-66c2-46c6-8aad-dc3d4f2d7984.jpg?v=1&width=800,Damen,Damen,03/10/2026,https://eu.boden.com/products/damen-the-original-hoeschen-streifen-und-herzen-im-viererpack-a2416mul?tc_ch=display&tc_ve=ba&tc_so=tradedesk&tc_me=pp&tc_ca=bau,,,72,IN STOCK,,,Streifen und Herzen im Viererpack,,,,TRUE,TRUE
55265175,55265175,55265175,"Klassische, große Creolen Damen Boden",https://eu.boden.com/products/damen-klassische-grosse-creolen-gold-a2424gld?tc_ch=display&tc_ve=ba&tc_so=tradedesk&tc_me=pp&tc_ca=bau,,,43.00,43.00,https://cdn.shopify.com/s/files/1/0680/4625/8428/files/26wwin_a2424_gld_5567b192-d017-4b79-a4c1-3ac34e69fc99.jpg?v=1&width=800,Damen,Damen,03/10/2026,https://eu.boden.com/products/damen-klassische-grosse-creolen-gold-a2424gld?tc_ch=display&tc_ve=ba&tc_so=tradedesk&tc_me=pp&tc_ca=bau,,,291,IN STOCK,,,Gold,,,,TRUE,TRUE
55265172,55265172,55265172,"Klassische, mittelgroße Creolen Damen Boden",https://eu.boden.com/products/damen-klassische-mittelgrosse-creolen-gold-a2423gld?tc_ch=display&tc_ve=ba&tc_so=tradedesk&tc_me=pp&tc_ca=bau,,,39.00,39.00,https://cdn.shopify.com/s/files/1/0680/4625/8428/files/26wwin_a2423_gld_00f280b7-7c8e-4b98-bcec-3626266c533c.jpg?v=1&width=800,Damen,Damen,03/10/2026,https://eu.boden.com/products/damen-klassische-mittelgrosse-creolen-gold-a2423gld?tc_ch=display&tc_ve=ba&tc_so=tradedesk&tc_me=pp&tc_ca=bau,,,189,IN STOCK,,,Gold,,,,TRUE,TRUE
55284624,55284624,55284624,Klein creolen metall Damen Boden,https://eu.boden.com/products/damen-klein-creolen-metall-gold-a2459gol?tc_ch=display&tc_ve=ba&tc_so=tradedesk&tc_me=pp&tc_ca=bau,,,39.00,39.00,https://cdn.shopify.com/s/files/1/0680/4625/8428/files/26wwin_a2459_gol_m01.jpg?v=1&width=800,Damen,Damen,03/10/2026,https://eu.boden.com/products/damen-klein-creolen-metall-gold-a2459gol?tc_ch=display&tc_ve=ba&tc_so=tradedesk&tc_me=pp&tc_ca=bau,,,208,IN STOCK,,,Gold,,,,TRUE,TRUE
55147529,55147529,55147529,"Heidi Genähte, weiche Loafer Damen Boden",https://eu.boden.com/products/damen-heidi-genaehte-weiche-loafer-maritimblau-tupfen-a2139lye?tc_ch=display&tc_ve=ba&tc_so=tradedesk&tc_me=pp&tc_ca=bau,,,72.00,180.00,https://cdn.shopify.com/s/files/1/0680/4625/8428/files/26wspr_a2139_lye_v1.jpg?v=1&width=800,Damen,Damen,03/10/2026,https://eu.boden.com/products/damen-heidi-genaehte-weiche-loafer-maritimblau-tupfen-a2139lye?tc_ch=display&tc_ve=ba&tc_so=tradedesk&tc_me=pp&tc_ca=bau,,,36,IN STOCK,,,Maritimblau Tupfen,,,,TRUE,TRUE
55160485,55160485,55160485,Lyla Bedruckte Pantoletten mit Schnalle Damen Boden,https://eu.boden.com/products/damen-lyla-bedruckte-pantoletten-mit-schnalle-mohair-leopardenmuster-a2196leo?tc_ch=display&tc_ve=ba&tc_so=tradedesk&tc_me=pp&tc_ca=bau,,,79.00,79.00,https://cdn.shopify.com/s/files/1/0680/4625/8428/files/26wspr_a2196_leo_v1_aac1094e-bd65-48b2-9de3-c7bdb6c1d987.jpg?v=1&width=800,Damen,Damen,03/10/2026,https://eu.boden.com/products/damen-lyla-bedruckte-pantoletten-mit-schnalle-mohair-leopardenmuster-a2196leo?tc_ch=display&tc_ve=ba&tc_so=tradedesk&tc_me=pp&tc_ca=bau,,,507,IN STOCK,,,"Mohair, Leopardenmuster",,,,TRUE,TRUE
55149245,55149245,55149245,Brooke Doppellagiges T-Shirt Damen Boden,https://eu.boden.com/products/damen-brooke-doppellagiges-t-shirt-schwarz-t2024blk?tc_ch=display&tc_ve=ba&tc_so=tradedesk&tc_me=pp&tc_ca=bau,,,43.00,43.00,https://cdn.shopify.com/s/files/1/0680/4625/8428/files/26wspr_t2024_blk_m01_51fa1e20-caa7-4183-b885-b08136d298d7.jpg?v=1&width=800,Damen,Damen,03/10/2026,https://eu.boden.com/products/damen-brooke-doppellagiges-t-shirt-schwarz-t2024blk?tc_ch=display&tc_ve=ba&tc_so=tradedesk&tc_me=pp&tc_ca=bau,,,105,IN STOCK,,,Schwarz,,,,TRUE,TRUE
55140395,55140395,55140395,Jeans mit geradem Bein und sichtbarer Knopfleiste Damen Boden,https://eu.boden.com/products/damen-jeans-mit-geradem-bein-und-sichtbarer-knopfleiste-braun-r0841brn?tc_ch=display&tc_ve=ba&tc_so=tradedesk&tc_me=pp&tc_ca=bau,,,75.00,150.00,https://cdn.shopify.com/s/files/1/0680/4625/8428/files/26wspr_r0841_brn_m01_v1_c87c882f-3f52-4661-8a0b-82a165208fc6.jpg?v=1&width=800,Damen,Damen,03/10/2026,https://eu.boden.com/products/damen-jeans-mit-geradem-bein-und-sichtbarer-knopfleiste-braun-r0841brn?tc_ch=display&tc_ve=ba&tc_so=tradedesk&tc_me=pp&tc_ca=bau,,,77,IN STOCK,,,Braun,,,,TRUE,TRUE
55139714,55139714,55139714,Porto Bikinihose Damen Boden,https://eu.boden.com/products/damen-porto-bikinihose-schokobeere-s0410brn?tc_ch=display&tc_ve=ba&tc_so=tradedesk&tc_me=pp&tc_ca=bau,,,29.50,59.00,https://cdn.shopify.com/s/files/1/0680/4625/8428/files/26wspr_s0410_brn_m01_v1_15d0d5fd-a4bc-4f39-8fe8-b4ba38c9a2c6.jpg?v=1&width=800,Damen,Damen,03/10/2026,https://eu.boden.com/products/damen-porto-bikinihose-schokobeere-s0410brn?tc_ch=display&tc_ve=ba&tc_so=tradedesk&tc_me=pp&tc_ca=bau,,,84,IN STOCK,,,Schokobeere,,,,TRUE,TRUE
55171377,55171377,55171377,Baumwoll-T-Shirt mit Rundhalsausschnitt Damen Boden,https://eu.boden.com/products/damen-baumwoll-t-shirt-mit-rundhalsausschnitt-marineblau-t2135nav?tc_ch=display&tc_ve=ba&tc_so=tradedesk&tc_me=pp&tc_ca=bau,,,33.00,33.00,https://cdn.shopify.com/s/files/1/0680/4625/8428/files/26wspr_t2135_nav_m01_143d1708-0c09-4e86-83eb-ebe373ee7d45.jpg?v=1&width=800,Damen,Damen,03/10/2026,https://eu.boden.com/products/damen-baumwoll-t-shirt-mit-rundhalsausschnitt-marineblau-t2135nav?tc_ch=display&tc_ve=ba&tc_so=tradedesk&tc_me=pp&tc_ca=bau,,,245,IN STOCK,,,Marineblau,,,,TRUE,TRUE
55142240,55142240,55142240,Jeans mit hohem Bund und geradem Bein Damen Boden,https://eu.boden.com/products/damen-jeans-mit-hohem-bund-und-geradem-bein-rosa-blau-naturweiss-streifen-r0888pnk?tc_ch=display&tc_ve=ba&tc_so=tradedesk&tc_me=pp&tc_ca=bau,,,56.00,140.00,https://cdn.shopify.com/s/files/1/0680/4625/8428/files/26wspr_r0888_pnk_m01_73c0901e-98e6-40b5-a289-26fff93cf3fd.jpg?v=1&width=800,Damen,Damen,03/10/2026,https://eu.boden.com/products/damen-jeans-mit-hohem-bund-und-geradem-bein-rosa-blau-naturweiss-streifen-r0888pnk?tc_ch=display&tc_ve=ba&tc_so=tradedesk&tc_me=pp&tc_ca=bau,,,51,IN STOCK,,,"Rosa, Blau & Naturweiß Streifen",,,,TRUE,TRUE
55141944,55141944,55141944,Locker geschnittene Jeans mit mittelhohem Bund Damen Boden,https://eu.boden.com/products/damen-locker-geschnittene-jeans-mit-mittelhohem-bund-authentisch-vintage-r0847den?tc_ch=display&tc_ve=ba&tc_so=tradedesk&tc_me=pp&tc_ca=bau,,,75.00,150.00,https://cdn.shopify.com/s/files/1/0680/4625/8428/files/26wspr_r0847_den_m01_v1.jpg?v=1&width=800,Damen,Damen,03/10/2026,https://eu.boden.com/products/damen-locker-geschnittene-jeans-mit-mittelhohem-bund-authentisch-vintage-r0847den?tc_ch=display&tc_ve=ba&tc_so=tradedesk&tc_me=pp&tc_ca=bau,,,92,IN STOCK,,,Authentisch Vintage,,,,TRUE,TRUE
55149254,55149254,55149254,Brooke Doppellagiges T-Shirt Damen Boden,https://eu.boden.com/products/damen-brooke-doppellagiges-t-shirt-marineblau-t2024nav?tc_ch=display&tc_ve=ba&tc_so=tradedesk&tc_me=pp&tc_ca=bau,,,43.00,43.00,https://cdn.shopify.com/s/files/1/0680/4625/8428/files/26wspr_t2024_nav_m01_d1e6532e-397a-4861-a1df-000ab1a23411.jpg?v=1&width=800,Damen,Damen,03/10/2026,https://eu.boden.com/products/damen-brooke-doppellagiges-t-shirt-marineblau-t2024nav?tc_ch=display&tc_ve=ba&tc_so=tradedesk&tc_me=pp&tc_ca=bau,,,124,IN STOCK,,,Marineblau,,,,TRUE,TRUE
55140641,55140641,55140641,Jeans mit geradem Bein und sichtbarer Knopfleiste Damen Boden,https://eu.boden.com/products/damen-jeans-mit-geradem-bein-und-sichtbarer-knopfleiste-beige-r0841ecr?tc_ch=display&tc_ve=ba&tc_so=tradedesk&tc_me=pp&tc_ca=bau,,,60.00,150.00,https://cdn.shopify.com/s/files/1/0680/4625/8428/files/26wspr_r0841_ecr_m01_v1_d8f1458e-ec2b-49f7-8db3-8d4dbecd1648.jpg?v=1&width=800,Damen,Damen,03/10/2026,https://eu.boden.com/products/damen-jeans-mit-geradem-bein-und-sichtbarer-knopfleiste-beige-r0841ecr?tc_ch=display&tc_ve=ba&tc_so=tradedesk&tc_me=pp&tc_ca=bau,,,80,IN STOCK,,,Beige,,,,TRUE,TRUE
55138318,55138318,55138318,Campania Bikinihose Damen Boden,https://eu.boden.com/products/damen-campania-bikinihose-marineblau-naturweiss-blockfarben-s0467nav?tc_ch=display&tc_ve=ba&tc_so=tradedesk&tc_me=pp&tc_ca=bau,,,49.00,49.00,https://cdn.shopify.com/s/files/1/0680/4625/8428/files/26wspr_s0467_nav_m01.jpg?v=1&width=800,Damen,Damen,03/10/2026,https://eu.boden.com/products/damen-campania-bikinihose-marineblau-naturweiss-blockfarben-s0467nav?tc_ch=display&tc_ve=ba&tc_so=tradedesk&tc_me=pp&tc_ca=bau,,,19,IN STOCK,,,"Marineblau, Naturweiß Blockfarben",,,,TRUE,TRUE
55139344,55139344,55139344,Arles Badeanzug Damen Boden,https://eu.boden.com/products/damen-arles-badeanzug-schwarz-s0455bla?tc_ch=display&tc_ve=ba&tc_so=tradedesk&tc_me=pp&tc_ca=bau,,,99.00,99.00,https://cdn.shopify.com/s/files/1/0680/4625/8428/files/26wspr_s0455_bla_m01_v1_0263dd7d-f98e-4d4a-90e2-315cc1a1e958.jpg?v=1&width=800,Damen,Damen,03/10/2026,https://eu.boden.com/products/damen-arles-badeanzug-schwarz-s0455bla?tc_ch=display&tc_ve=ba&tc_so=tradedesk&tc_me=pp&tc_ca=bau,,,278,IN STOCK,,,Schwarz,,,,TRUE,TRUE
55137454,55137454,55137454,Badeshorts Damen Boden,https://eu.boden.com/products/damen-badeshorts-marineblau-blockfarben-s0432nav?tc_ch=display&tc_ve=ba&tc_so=tradedesk&tc_me=pp&tc_ca=bau,,,69.00,69.00,https://cdn.shopify.com/s/files/1/0680/4625/8428/files/26wspr_s0432_nav_m01_v1_297c54de-4041-4b94-9654-cd73adff9f34.jpg?v=1&width=800,Damen,Damen,03/10/2026,https://eu.boden.com/products/damen-badeshorts-marineblau-blockfarben-s0432nav?tc_ch=display&tc_ve=ba&tc_so=tradedesk&tc_me=pp&tc_ca=bau,,,23,IN STOCK,,,"Marineblau, Blockfarben",,,,TRUE,TRUE
55144888,55144888,55144888,Caryl Sandalen mit Doppelriemen Damen Boden,https://eu.boden.com/products/damen-caryl-sandalen-mit-doppelriemen-briefkastenrot-a2178red?tc_ch=display&tc_ve=ba&tc_so=tradedesk&tc_me=pp&tc_ca=bau,,,75.00,150.00,https://cdn.shopify.com/s/files/1/0680/4625/8428/files/26wspr_a2178_red_v1_98c76ea6-cdb2-4cdf-ba95-9af8763608dd.jpg?v=1&width=800,Damen,Damen,03/10/2026,https://eu.boden.com/products/damen-caryl-sandalen-mit-doppelriemen-briefkastenrot-a2178red?tc_ch=display&tc_ve=ba&tc_so=tradedesk&tc_me=pp&tc_ca=bau,,,178,IN STOCK,,,Briefkastenrot,,,,TRUE,TRUE
55171211,55171211,55171211,Klassischer Ledergürtel Damen Boden,https://eu.boden.com/products/damen-klassischer-lederguertel-mohair-leopardenmuster-a1615wde?tc_ch=display&tc_ve=ba&tc_so=tradedesk&tc_me=pp&tc_ca=bau,,,99.00,99.00,https://cdn.shopify.com/s/files/1/0680/4625/8428/files/26wspr_a1615_wde_v1_c3f7187a-1cfb-4ab9-af7f-c0db84f56a46.jpg?v=1&width=800,Damen,Damen,03/10/2026,https://eu.boden.com/products/damen-klassischer-lederguertel-mohair-leopardenmuster-a1615wde?tc_ch=display&tc_ve=ba&tc_so=tradedesk&tc_me=pp&tc_ca=bau,,,66,IN STOCK,,,"Mohair, Leopardenmuster",,,,TRUE,TRUE
55171073,55171073,55171073,Klassischer Ledergürtel Damen Boden,https://eu.boden.com/products/damen-klassischer-lederguertel-schwarz-a1615bla?tc_ch=display&tc_ve=ba&tc_so=tradedesk&tc_me=pp&tc_ca=bau,,,79.00,79.00,https://cdn.shopify.com/s/files/1/0680/4625/8428/files/26wspr_a1615_bla_2fd70912-e0a1-425d-8899-61d6d860e715.jpg?v=1&width=800,Damen,Damen,03/10/2026,https://eu.boden.com/products/damen-klassischer-lederguertel-schwarz-a1615bla?tc_ch=display&tc_ve=ba&tc_so=tradedesk&tc_me=pp&tc_ca=bau,,,254,IN STOCK,,,Schwarz,,,,TRUE,TRUE
55136317,55136317,55136317,Sophie T-Shirt mit Puffärmeln Damen Boden,https://eu.boden.com/products/damen-sophie-t-shirt-mit-puffaermeln-marineblau-und-naturweiss-gestreift-t2017ivo?tc_ch=display&tc_ve=ba&tc_so=tradedesk&tc_me=pp&tc_ca=bau,,,39.00,39.00,https://cdn.shopify.com/s/files/1/0680/4625/8428/files/26wspr_t2017_ivo_m01_2a5093c8-9e6f-4133-b0da-10f8dcdd9b4a.jpg?v=1&width=800,Damen,Damen,03/10/2026,https://eu.boden.com/products/damen-sophie-t-shirt-mit-puffaermeln-marineblau-und-naturweiss-gestreift-t2017ivo?tc_ch=display&tc_ve=ba&tc_so=tradedesk&tc_me=pp&tc_ca=bau,,,729,IN STOCK,,,Marineblau und Naturweiß Gestreift,,,,TRUE,TRUE
55148245,55148245,55148245,Bridget Ponte-Hemdblusenkleid Damen Boden,https://eu.boden.com/products/damen-bridget-ponte-hemdblusenkleid-granatapfel-d1491red?tc_ch=display&tc_ve=ba&tc_so=tradedesk&tc_me=pp&tc_ca=bau,,,85.00,170.00,https://cdn.shopify.com/s/files/1/0680/4625/8428/files/26wspr_d1491_red_m01_v1_d9a18dc9-0deb-4f1c-b3b5-79a2b9da50b6.jpg?v=1&width=800,Damen,Damen,03/10/2026,https://eu.boden.com/products/damen-bridget-ponte-hemdblusenkleid-granatapfel-d1491red?tc_ch=display&tc_ve=ba&tc_so=tradedesk&tc_me=pp&tc_ca=bau,,,50,IN STOCK,,,Granatapfel,,,,TRUE,TRUE
55136533,55136533,55136533,Sophie T-Shirt mit Puffärmeln Damen Boden,https://eu.boden.com/products/damen-sophie-t-shirt-mit-puffaermeln-schwarz-t2017blk?tc_ch=display&tc_ve=ba&tc_so=tradedesk&tc_me=pp&tc_ca=bau,,,39.00,39.00,https://cdn.shopify.com/s/files/1/0680/4625/8428/files/26wspr_t2017_blk_m01_90fc1764-721a-4877-ab47-a4da555ca08c.jpg?v=1&width=800,Damen,Damen,03/10/2026,https://eu.boden.com/products/damen-sophie-t-shirt-mit-puffaermeln-schwarz-t2017blk?tc_ch=display&tc_ve=ba&tc_so=tradedesk&tc_me=pp&tc_ca=bau,,,535,IN STOCK,,,Schwarz,,,,TRUE,TRUE
55136588,55136588,55136588,Sophie T-Shirt mit Puffärmeln Damen Boden,https://eu.boden.com/products/damen-sophie-t-shirt-mit-puffaermeln-weiss-t2017wht?tc_ch=display&tc_ve=ba&tc_so=tradedesk&tc_me=pp&tc_ca=bau,,,39.00,39.00,https://cdn.shopify.com/s/files/1/0680/4625/8428/files/26wspr_t2017_wht_m01_9b2239e5-2aad-4c11-9a87-c60286177c7d.jpg?v=1&width=800,Damen,Damen,03/10/2026,https://eu.boden.com/products/damen-sophie-t-shirt-mit-puffaermeln-weiss-t2017wht?tc_ch=display&tc_ve=ba&tc_so=tradedesk&tc_me=pp&tc_ca=bau,,,1172,IN STOCK,,,Weiß,,,,TRUE,TRUE
55137317,55137317,55137317,Sophie Flammgarn-T-Shirt mit V-Ausschnitt Damen Boden,https://eu.boden.com/products/damen-sophie-flammgarn-t-shirt-mit-v-ausschnitt-vallarta-blue-t1795dbl?tc_ch=display&tc_ve=ba&tc_so=tradedesk&tc_me=pp&tc_ca=bau,,,19.50,39.00,https://cdn.shopify.com/s/files/1/0680/4625/8428/files/26wspr_t1795_dbl_m01_6a468a85-c3a0-4726-b19f-3f4511610b37.jpg?v=1&width=800,Damen,Damen,03/10/2026,https://eu.boden.com/products/damen-sophie-flammgarn-t-shirt-mit-v-ausschnitt-vallarta-blue-t1795dbl?tc_ch=display&tc_ve=ba&tc_so=tradedesk&tc_me=pp&tc_ca=bau,,,82,IN STOCK,,,Vallarta Blue,,,,TRUE,TRUE
55141799,55141799,55141799,Jeans mit hohem Bund und geradem Bein Damen Boden,https://eu.boden.com/products/damen-jeans-mit-hohem-bund-und-geradem-bein-marineblau-rot-streifen-r0888nav?tc_ch=display&tc_ve=ba&tc_so=tradedesk&tc_me=pp&tc_ca=bau,,,84.00,140.00,https://cdn.shopify.com/s/files/1/0680/4625/8428/files/26wspr_r0888_nav_m01_v1.jpg?v=1&width=800,Damen,Damen,03/10/2026,https://eu.boden.com/products/damen-jeans-mit-hohem-bund-und-geradem-bein-marineblau-rot-streifen-r0888nav?tc_ch=display&tc_ve=ba&tc_so=tradedesk&tc_me=pp&tc_ca=bau,,,41,IN STOCK,,,Marineblau & Rot Streifen,,,,TRUE,TRUE
55147292,55147292,55147292,"Heidi Genähte, weiche Loafer Damen Boden",https://eu.boden.com/products/damen-heidi-genaehte-weiche-loafer-beige-a2139ivo?tc_ch=display&tc_ve=ba&tc_so=tradedesk&tc_me=pp&tc_ca=bau,,,68.00,170.00,https://cdn.shopify.com/s/files/1/0680/4625/8428/files/26wspr_a2139_ivo_v1_300a42f1-bde6-4b93-8a8e-05e1a4ae4ff4.jpg?v=1&width=800,Damen,Damen,03/10/2026,https://eu.boden.com/products/damen-heidi-genaehte-weiche-loafer-beige-a2139ivo?tc_ch=display&tc_ve=ba&tc_so=tradedesk&tc_me=pp&tc_ca=bau,,,65,IN STOCK,,,Beige,,,,TRUE,TRUE
55144238,55144238,55144238,Etta Ghillie-Pantoletten Damen Boden,https://eu.boden.com/products/damen-etta-ghillie-pantoletten-dunkles-olivgruen-a2147khk?tc_ch=display&tc_ve=ba&tc_so=tradedesk&tc_me=pp&tc_ca=bau,,,68.00,170.00,https://cdn.shopify.com/s/files/1/0680/4625/8428/files/26wspr_a2147_khk_v1.jpg?v=1&width=800,Damen,Damen,03/10/2026,https://eu.boden.com/products/damen-etta-ghillie-pantoletten-dunkles-olivgruen-a2147khk?tc_ch=display&tc_ve=ba&tc_so=tradedesk&tc_me=pp&tc_ca=bau,,,28,IN STOCK,,,Dunkles Olivgrün,,,,TRUE,TRUE
55144536,55144536,55144536,Gürtel mit breiter Schnalle Damen Boden,https://eu.boden.com/products/damen-guertel-mit-breiter-schnalle-schwarz-a2160bck?tc_ch=display&tc_ve=ba&tc_so=tradedesk&tc_me=pp&tc_ca=bau,,,86.00,86.00,https://cdn.shopify.com/s/files/1/0680/4625/8428/files/26wspr_a2160_bck.jpg?v=1&width=800,Damen,Damen,03/10/2026,https://eu.boden.com/products/damen-guertel-mit-breiter-schnalle-schwarz-a2160bck?tc_ch=display&tc_ve=ba&tc_so=tradedesk&tc_me=pp&tc_ca=bau,,,198,IN STOCK,,,Schwarz,,,,TRUE,TRUE
55141164,55141164,55141164,Regent Hose mit weitem Bein Damen Boden,https://eu.boden.com/products/damen-regent-hose-mit-weitem-bein-naturweiss-r0697irs?tc_ch=display&tc_ve=ba&tc_so=tradedesk&tc_me=pp&tc_ca=bau,,,84.00,210.00,https://cdn.shopify.com/s/files/1/0680/4625/8428/files/26wspr_r0697_irs_m01_v1.jpg?v=1&width=800,Damen,Damen,03/10/2026,https://eu.boden.com/products/damen-regent-hose-mit-weitem-bein-naturweiss-r0697irs?tc_ch=display&tc_ve=ba&tc_so=tradedesk&tc_me=pp&tc_ca=bau,,,80,IN STOCK,,,Naturweiß,,,,TRUE,TRUE
55153274,55153274,55153274,Jeans mit weitem Bein und Faltendetail Damen Boden,https://eu.boden.com/products/damen-jeans-mit-weitem-bein-und-faltendetail-beige-r0894ecr?tc_ch=display&tc_ve=ba&tc_so=tradedesk&tc_me=pp&tc_ca=bau,,,60.00,150.00,https://cdn.shopify.com/s/files/1/0680/4625/8428/files/26wspr_r0894_ecr_m01_ccab4728-24aa-4d90-b785-622d97299f94.jpg?v=1&width=800,Damen,Damen,03/10/2026,https://eu.boden.com/products/damen-jeans-mit-weitem-bein-und-faltendetail-beige-r0894ecr?tc_ch=display&tc_ve=ba&tc_so=tradedesk&tc_me=pp&tc_ca=bau,,,30,IN STOCK,,,Beige,,,,TRUE,TRUE
55145892,55145892,55145892,Klassische Bikinihose Damen Boden,https://eu.boden.com/products/damen-klassische-bikinihose-bunt-zickzack-welle-s0197mlt?tc_ch=display&tc_ve=ba&tc_so=tradedesk&tc_me=pp&tc_ca=bau,,,24.50,49.00,https://cdn.shopify.com/s/files/1/0680/4625/8428/files/26wspr_s0197_mlt_m01.jpg?v=1&width=800,Damen,Damen,03/10/2026,https://eu.boden.com/products/damen-klassische-bikinihose-bunt-zickzack-welle-s0197mlt?tc_ch=display&tc_ve=ba&tc_so=tradedesk&tc_me=pp&tc_ca=bau,,,40,IN STOCK,,,"Bunt, Zickzack-Welle",,,,TRUE,TRUE
55170849,55170849,55170849,Große Creolen aus Metall Damen Boden,https://eu.boden.com/products/damen-grosse-creolen-aus-metall-goldfarbe-a2162gld?tc_ch=display&tc_ve=ba&tc_so=tradedesk&tc_me=pp&tc_ca=bau,,,43.00,43.00,https://cdn.shopify.com/s/files/1/0680/4625/8428/files/26wspr_a2162_gld_v1_85139181-5275-4546-855a-e6cc1f5b91da.jpg?v=1&width=800,Damen,Damen,03/10/2026,https://eu.boden.com/products/damen-grosse-creolen-aus-metall-goldfarbe-a2162gld?tc_ch=display&tc_ve=ba&tc_so=tradedesk&tc_me=pp&tc_ca=bau,,,391,IN STOCK,,,Goldfarbe,,,,TRUE,TRUE
55146325,55146325,55146325,Porto Bikinihose Damen Boden,https://eu.boden.com/products/damen-porto-bikinihose-ozeanblau-feuerwerk-s0410bbl?tc_ch=display&tc_ve=ba&tc_so=tradedesk&tc_me=pp&tc_ca=bau,,,59.00,59.00,https://cdn.shopify.com/s/files/1/0680/4625/8428/files/26wspr_s0410_bbl_m01_37b75bf2-68b0-4fce-83ae-d95145785950.jpg?v=1&width=800,Damen,Damen,03/10/2026,https://eu.boden.com/products/damen-porto-bikinihose-ozeanblau-feuerwerk-s0410bbl?tc_ch=display&tc_ve=ba&tc_so=tradedesk&tc_me=pp&tc_ca=bau,,,52,IN STOCK,,,"Ozeanblau, Feuerwerk",,,,TRUE,TRUE
55141186,55141186,55141186,Kensington Taillierte Hose Damen Boden,https://eu.boden.com/products/damen-kensington-taillierte-hose-marineblau-camel-streifen-r0854nav?tc_ch=display&tc_ve=ba&tc_so=tradedesk&tc_me=pp&tc_ca=bau,,,108.00,180.00,https://cdn.shopify.com/s/files/1/0680/4625/8428/files/26wspr_r0854_nav_m01_835fc929-edfe-417e-a24a-c4a8b7046612.jpg?v=1&width=800,Damen,Damen,03/10/2026,https://eu.boden.com/products/damen-kensington-taillierte-hose-marineblau-camel-streifen-r0854nav?tc_ch=display&tc_ve=ba&tc_so=tradedesk&tc_me=pp&tc_ca=bau,,,38,IN STOCK,,,Marineblau Camel Streifen,,,,TRUE,TRUE
55155896,55155896,55155896,Jeansweste Damen Boden,https://eu.boden.com/products/damen-jeansweste-indigoblau-denim-u0450ldn?tc_ch=display&tc_ve=ba&tc_so=tradedesk&tc_me=pp&tc_ca=bau,,,60.00,150.00,https://cdn.shopify.com/s/files/1/0680/4625/8428/files/26wspr_u0450_ldn_m01_ae534d53-3718-4a15-a541-4c045cf9d4e1.jpg?v=1&width=800,Damen,Damen,03/10/2026,https://eu.boden.com/products/damen-jeansweste-indigoblau-denim-u0450ldn?tc_ch=display&tc_ve=ba&tc_so=tradedesk&tc_me=pp&tc_ca=bau,,,43,IN STOCK,,,"Indigoblau, Denim",,,,TRUE,TRUE
55147016,55147016,55147016,Barrel-Hose mit Gürtel Damen Boden,https://eu.boden.com/products/damen-barrel-hose-mit-guertel-lebkuchen-r0903lbr?tc_ch=display&tc_ve=ba&tc_so=tradedesk&tc_me=pp&tc_ca=bau,,,60.00,120.00,https://cdn.shopify.com/s/files/1/0680/4625/8428/files/26wspr_r0903_lbr_m01_1d02436d-e755-4651-9849-011d59e27848.jpg?v=1&width=800,Damen,Damen,03/10/2026,https://eu.boden.com/products/damen-barrel-hose-mit-guertel-lebkuchen-r0903lbr?tc_ch=display&tc_ve=ba&tc_so=tradedesk&tc_me=pp&tc_ca=bau,,,28,IN STOCK,,,Lebkuchen,,,,TRUE,TRUE
55141647,55141647,55141647,Valentina Jeansrock Damen Boden,https://eu.boden.com/products/damen-valentina-jeansrock-medium-vintage-r0896mdn?tc_ch=display&tc_ve=ba&tc_so=tradedesk&tc_me=pp&tc_ca=bau,,,75.00,150.00,https://cdn.shopify.com/s/files/1/0680/4625/8428/files/26wspr_r0896_mdn_m01_3167e75c-6338-47b7-b1a3-f9a60faf2bc8.jpg?v=1&width=800,Damen,Damen,03/10/2026,https://eu.boden.com/products/damen-valentina-jeansrock-medium-vintage-r0896mdn?tc_ch=display&tc_ve=ba&tc_so=tradedesk&tc_me=pp&tc_ca=bau,,,56,IN STOCK,,,Medium Vintage,,,,TRUE,TRUE
55184400,55184400,55184400,Superweiches Top mit V-Ausschnitt Damen Boden,https://eu.boden.com/products/damen-superweiches-top-mit-v-ausschnitt-black-beauty-t2121blk?tc_ch=display&tc_ve=ba&tc_so=tradedesk&tc_me=pp&tc_ca=bau,,,46.00,46.00,https://cdn.shopify.com/s/files/1/0680/4625/8428/files/26wspr_t2121_blk_m01_090218b2-afc2-4d57-a83c-0fbe8cf7a108.jpg?v=1&width=800,Damen,Damen,03/10/2026,https://eu.boden.com/products/damen-superweiches-top-mit-v-ausschnitt-black-beauty-t2121blk?tc_ch=display&tc_ve=ba&tc_so=tradedesk&tc_me=pp&tc_ca=bau,,,242,IN STOCK,,,Black Beauty,,,,TRUE,TRUE
55142762,55142762,55142762,Serena Oberteil mit Faltendetail am Ausschnitt Damen Boden,https://eu.boden.com/products/damen-serena-oberteil-mit-faltendetail-am-ausschnitt-blau-dekorative-blueten-t1995blu?tc_ch=display&tc_ve=ba&tc_so=tradedesk&tc_me=pp&tc_ca=bau,,,55.00,110.00,https://cdn.shopify.com/s/files/1/0680/4625/8428/files/26wspr_t1995_blu_m01_76d74e14-9837-4f9c-b446-60ca23f1feed.jpg?v=1&width=800,Damen,Damen,03/10/2026,https://eu.boden.com/products/damen-serena-oberteil-mit-faltendetail-am-ausschnitt-blau-dekorative-blueten-t1995blu?tc_ch=display&tc_ve=ba&tc_so=tradedesk&tc_me=pp&tc_ca=bau,,,33,IN STOCK,,,"Blau, Dekorative Blüten",,,,TRUE,TRUE
55146959,55146959,55146959,Barrel-Hose mit Gürtel Damen Boden,https://eu.boden.com/products/damen-barrel-hose-mit-guertel-marineblau-r0903nav?tc_ch=display&tc_ve=ba&tc_so=tradedesk&tc_me=pp&tc_ca=bau,,,72.00,120.00,https://cdn.shopify.com/s/files/1/0680/4625/8428/files/26wspr_r0903_nav_m01_2cca915d-78e0-4f05-a1b8-4d7b6b7c25c9.jpg?v=1&width=800,Damen,Damen,03/10/2026,https://eu.boden.com/products/damen-barrel-hose-mit-guertel-marineblau-r0903nav?tc_ch=display&tc_ve=ba&tc_so=tradedesk&tc_me=pp&tc_ca=bau,,,23,IN STOCK,,,Marineblau,,,,TRUE,TRUE
55159784,55159784,55159784,Porto Bikinihose Damen Boden,https://eu.boden.com/products/damen-porto-bikinihose-mangrovengruen-stickerei-s0410grn?tc_ch=display&tc_ve=ba&tc_so=tradedesk&tc_me=pp&tc_ca=bau,,,41.30,59.00,https://cdn.shopify.com/s/files/1/0680/4625/8428/files/26wsum_s0410_grn_m01_94bec307-60e6-4cae-bd75-9f941b75136d.jpg?v=1&width=800,Damen,Damen,03/10/2026,https://eu.boden.com/products/damen-porto-bikinihose-mangrovengruen-stickerei-s0410grn?tc_ch=display&tc_ve=ba&tc_so=tradedesk&tc_me=pp&tc_ca=bau,,,47,IN STOCK,,,"Mangrovengrün, Stickerei",,,,TRUE,TRUE
55155593,55155593,55155593,Porto Bikinihose Damen Boden,https://eu.boden.com/products/damen-porto-bikinihose-rot-ziergarten-s0410drd?tc_ch=display&tc_ve=ba&tc_so=tradedesk&tc_me=pp&tc_ca=bau,,,41.30,59.00,https://cdn.shopify.com/s/files/1/0680/4625/8428/files/26wsum_s0410_drd_m01.jpg?v=1&width=800,Damen,Damen,03/10/2026,https://eu.boden.com/products/damen-porto-bikinihose-rot-ziergarten-s0410drd?tc_ch=display&tc_ve=ba&tc_so=tradedesk&tc_me=pp&tc_ca=bau,,,101,IN STOCK,,,"Rot, Ziergarten",,,,TRUE,TRUE
55151387,55151387,55151387,Emma Maxirock aus Leinen Damen Boden,https://eu.boden.com/products/damen-emma-maxirock-aus-leinen-marineblau-r0868nav?tc_ch=display&tc_ve=ba&tc_so=tradedesk&tc_me=pp&tc_ca=bau,,,60.00,150.00,https://cdn.shopify.com/s/files/1/0680/4625/8428/files/26wsum_r0868_nav_m01_v1.jpg?v=1&width=800,Damen,Damen,03/10/2026,https://eu.boden.com/products/damen-emma-maxirock-aus-leinen-marineblau-r0868nav?tc_ch=display&tc_ve=ba&tc_so=tradedesk&tc_me=pp&tc_ca=bau,,,23,IN STOCK,,,Marineblau,,,,TRUE,TRUE
55155266,55155266,55155266,Badeanzug mit plissierten Körbchen Damen Boden,https://eu.boden.com/products/damen-badeanzug-mit-plissierten-koerbchen-helles-fuchsia-s0447pnk?tc_ch=display&tc_ve=ba&tc_so=tradedesk&tc_me=pp&tc_ca=bau,,,48.00,120.00,https://cdn.shopify.com/s/files/1/0680/4625/8428/files/26wsum_s0447_pnk_m01_35fc1f80-49a0-4092-b5a6-6023450c62b1.jpg?v=1&width=800,Damen,Damen,03/10/2026,https://eu.boden.com/products/damen-badeanzug-mit-plissierten-koerbchen-helles-fuchsia-s0447pnk?tc_ch=display&tc_ve=ba&tc_so=tradedesk&tc_me=pp&tc_ca=bau,,,67,IN STOCK,,,Helles Fuchsia,,,,TRUE,TRUE
55153329,55153329,55153329,Loafer-Pantoletten Damen Boden,https://eu.boden.com/products/damen-loafer-pantoletten-klassisches-leopardenmuster-a2151tws?tc_ch=display&tc_ve=ba&tc_so=tradedesk&tc_me=pp&tc_ca=bau,,,60.00,150.00,https://cdn.shopify.com/s/files/1/0680/4625/8428/files/26wsum_a2151_tws_v2_36ebd9dd-9ac0-48f5-8e12-827bc8a2a2ea.jpg?v=1&width=800,Damen,Damen,03/10/2026,https://eu.boden.com/products/damen-loafer-pantoletten-klassisches-leopardenmuster-a2151tws?tc_ch=display&tc_ve=ba&tc_so=tradedesk&tc_me=pp&tc_ca=bau,,,23,IN STOCK,,,Klassisches Leopardenmuster,,,,TRUE,TRUE
55155344,55155344,55155344,"Klassische, geraffte Bikinihose Damen Boden",https://eu.boden.com/products/damen-klassische-geraffte-bikinihose-helles-fuchsia-s0469pnk?tc_ch=display&tc_ve=ba&tc_so=tradedesk&tc_me=pp&tc_ca=bau,,,23.60,59.00,https://cdn.shopify.com/s/files/1/0680/4625/8428/files/26wsum_s0469_pnk_m01_ffffbf8d-2b32-4b01-8584-bcfe5432c7f6.jpg?v=1&width=800,Damen,Damen,03/10/2026,https://eu.boden.com/products/damen-klassische-geraffte-bikinihose-helles-fuchsia-s0469pnk?tc_ch=display&tc_ve=ba&tc_so=tradedesk&tc_me=pp&tc_ca=bau,,,10,IN STOCK,,,Helles Fuchsia,,,,TRUE,TRUE
55187775,55187775,55187775,Flexible Mary Janes mit Schnürung Damen Boden,https://eu.boden.com/products/damen-flexible-mary-janes-mit-schnuerung-schoko-a2198chc?tc_ch=display&tc_ve=ba&tc_so=tradedesk&tc_me=pp&tc_ca=bau,,,76.00,76.00,https://cdn.shopify.com/s/files/1/0680/4625/8428/files/26wwin_a2198_chc.jpg?v=1&width=800,Damen,Damen,03/10/2026,https://eu.boden.com/products/damen-flexible-mary-janes-mit-schnuerung-schoko-a2198chc?tc_ch=display&tc_ve=ba&tc_so=tradedesk&tc_me=pp&tc_ca=bau,,,98,IN STOCK,,,Schoko,,,,TRUE,TRUE
55189276,55189276,55189276,Zehenstegsandalen mit Kitten-Absatz Damen Boden,https://eu.boden.com/products/damen-zehenstegsandalen-mit-kitten-absatz-hellbraun-a2222tor?tc_ch=display&tc_ve=ba&tc_so=tradedesk&tc_me=pp&tc_ca=bau,,,68.00,170.00,https://cdn.shopify.com/s/files/1/0680/4625/8428/files/26wsum_a2222_tor_v1.jpg?v=1&width=800,Damen,Damen,03/10/2026,https://eu.boden.com/products/damen-zehenstegsandalen-mit-kitten-absatz-hellbraun-a2222tor?tc_ch=display&tc_ve=ba&tc_so=tradedesk&tc_me=pp&tc_ca=bau,,,31,IN STOCK,,,Hellbraun,,,,TRUE,TRUE
55185915,55185915,55185915,Umhängetasche mit Schnalle Damen Boden,https://eu.boden.com/products/damen-umhaengetasche-mit-schnalle-naturbelassen-bast-a2211neu?tc_ch=display&tc_ve=ba&tc_so=tradedesk&tc_me=pp&tc_ca=bau,,,39.50,79.00,https://cdn.shopify.com/s/files/1/0680/4625/8428/files/48wxms_a2211_neu.jpg?v=1&width=800,Damen,Damen,03/10/2026,https://eu.boden.com/products/damen-umhaengetasche-mit-schnalle-naturbelassen-bast-a2211neu?tc_ch=display&tc_ve=ba&tc_so=tradedesk&tc_me=pp&tc_ca=bau,,,36,IN STOCK,,,Naturbelassen Bast,,,,TRUE,TRUE
55161698,55161698,55161698,Sandalen mit Knoten und mehreren Riemen Damen Boden,https://eu.boden.com/products/damen-sandalen-mit-knoten-und-mehreren-riemen-gold-a2189gol?tc_ch=display&tc_ve=ba&tc_so=tradedesk&tc_me=pp&tc_ca=bau,,,68.00,170.00,https://cdn.shopify.com/s/files/1/0680/4625/8428/files/26wsum_a2189_gol_v2.jpg?v=1&width=800,Damen,Damen,03/10/2026,https://eu.boden.com/products/damen-sandalen-mit-knoten-und-mehreren-riemen-gold-a2189gol?tc_ch=display&tc_ve=ba&tc_so=tradedesk&tc_me=pp&tc_ca=bau,,,52,IN STOCK,,,Gold,,,,TRUE,TRUE
55161828,55161828,55161828,Sandalen mit Knoten und mehreren Riemen Damen Boden,https://eu.boden.com/products/damen-sandalen-mit-knoten-und-mehreren-riemen-hellbraun-a2189tan?tc_ch=display&tc_ve=ba&tc_so=tradedesk&tc_me=pp&tc_ca=bau,,,68.00,170.00,https://cdn.shopify.com/s/files/1/0680/4625/8428/files/26wsum_a2189_tan_v1_057083ff-8b0e-4cd1-9026-b0aedb41eab1.jpg?v=1&width=800,Damen,Damen,03/10/2026,https://eu.boden.com/products/damen-sandalen-mit-knoten-und-mehreren-riemen-hellbraun-a2189tan?tc_ch=display&tc_ve=ba&tc_so=tradedesk&tc_me=pp&tc_ca=bau,,,119,IN STOCK,,,Hellbraun,,,,TRUE,TRUE
55189259,55189259,55189259,Zehenstegsandalen mit Kitten-Absatz Damen Boden,https://eu.boden.com/products/damen-zehenstegsandalen-mit-kitten-absatz-dunkelviolett-a2222dcm?tc_ch=display&tc_ve=ba&tc_so=tradedesk&tc_me=pp&tc_ca=bau,,,68.00,170.00,https://cdn.shopify.com/s/files/1/0680/4625/8428/files/26wsum_a2222_dcm_v1.jpg?v=1&width=800,Damen,Damen,03/10/2026,https://eu.boden.com/products/damen-zehenstegsandalen-mit-kitten-absatz-dunkelviolett-a2222dcm?tc_ch=display&tc_ve=ba&tc_so=tradedesk&tc_me=pp&tc_ca=bau,,,48,IN STOCK,,,Dunkelviolett,,,,TRUE,TRUE
55153542,55153542,55153542,Asymmetrische Sandalen Damen Boden,https://eu.boden.com/products/damen-asymmetrische-sandalen-rot-a2140rsp?tc_ch=display&tc_ve=ba&tc_so=tradedesk&tc_me=pp&tc_ca=bau,,,60.00,120.00,https://cdn.shopify.com/s/files/1/0680/4625/8428/files/26wsum_a2140_rsp_v1_296af2f5-348a-4070-abd7-22181cac71d6.jpg?v=1&width=800,Damen,Damen,03/10/2026,https://eu.boden.com/products/damen-asymmetrische-sandalen-rot-a2140rsp?tc_ch=display&tc_ve=ba&tc_so=tradedesk&tc_me=pp&tc_ca=bau,,,49,IN STOCK,,,Rot,,,,TRUE,TRUE
55178066,55178066,55178066,Sandalen mit drei Riemen und Fußbett Damen Boden,https://eu.boden.com/products/damen-sandalen-mit-drei-riemen-und-fussbett-hellbraun-a2192tan?tc_ch=display&tc_ve=ba&tc_so=tradedesk&tc_me=pp&tc_ca=bau,,,68.00,170.00,https://cdn.shopify.com/s/files/1/0680/4625/8428/files/26wsum_a2192_tan_v1.jpg?v=1&width=800,Damen,Damen,03/10/2026,https://eu.boden.com/products/damen-sandalen-mit-drei-riemen-und-fussbett-hellbraun-a2192tan?tc_ch=display&tc_ve=ba&tc_so=tradedesk&tc_me=pp&tc_ca=bau,,,137,IN STOCK,,,Hellbraun,,,,TRUE,TRUE
55152416,55152416,55152416,Asymmetrische Sandalen Damen Boden,https://eu.boden.com/products/damen-asymmetrische-sandalen-mohair-leopardenmuster-a2140mul?tc_ch=display&tc_ve=ba&tc_so=tradedesk&tc_me=pp&tc_ca=bau,,,72.00,120.00,https://cdn.shopify.com/s/files/1/0680/4625/8428/files/26wsum_a2140_mul_v2_96a46ab7-6251-4e94-b4d1-059288fdcf8c.jpg?v=1&width=800,Damen,Damen,03/10/2026,https://eu.boden.com/products/damen-asymmetrische-sandalen-mohair-leopardenmuster-a2140mul?tc_ch=display&tc_ve=ba&tc_so=tradedesk&tc_me=pp&tc_ca=bau,,,36,IN STOCK,,,"Mohair, Leopardenmuster",,,,TRUE,TRUE
55151605,55151605,55151605,Asymmetrische Sandalen Damen Boden,https://eu.boden.com/products/damen-asymmetrische-sandalen-hellbraun-gold-a2140gol?tc_ch=display&tc_ve=ba&tc_so=tradedesk&tc_me=pp&tc_ca=bau,,,44.00,110.00,https://cdn.shopify.com/s/files/1/0680/4625/8428/files/26wsum_a2140_gol_v1_98cbc812-5410-4db2-ae44-0baa7ab6f482.jpg?v=1&width=800,Damen,Damen,03/10/2026,https://eu.boden.com/products/damen-asymmetrische-sandalen-hellbraun-gold-a2140gol?tc_ch=display&tc_ve=ba&tc_so=tradedesk&tc_me=pp&tc_ca=bau,,,34,IN STOCK,,,Hellbraun/Gold,,,,TRUE,TRUE
55178164,55178164,55178164,Asymmetrische Sandalen Damen Boden,https://eu.boden.com/products/damen-asymmetrische-sandalen-bitterschokolade-a2140brn?tc_ch=display&tc_ve=ba&tc_so=tradedesk&tc_me=pp&tc_ca=bau,,,48.00,120.00,https://cdn.shopify.com/s/files/1/0680/4625/8428/files/26wsum_a2140_brn_v1.jpg?v=1&width=800,Damen,Damen,03/10/2026,https://eu.boden.com/products/damen-asymmetrische-sandalen-bitterschokolade-a2140brn?tc_ch=display&tc_ve=ba&tc_so=tradedesk&tc_me=pp&tc_ca=bau,,,82,IN STOCK,,,Bitterschokolade,,,,TRUE,TRUE
55157264,55157264,55157264,Sandalen mit Blumenverzierung Damen Boden,https://eu.boden.com/products/damen-sandalen-mit-blumenverzierung-marineblau-a2156ngm?tc_ch=display&tc_ve=ba&tc_so=tradedesk&tc_me=pp&tc_ca=bau,,,88.00,220.00,https://cdn.shopify.com/s/files/1/0680/4625/8428/files/26wsum_a2156_ngm_v1_b5b61994-ddf8-482a-8266-f3bfc2b01f88.jpg?v=1&width=800,Damen,Damen,03/10/2026,https://eu.boden.com/products/damen-sandalen-mit-blumenverzierung-marineblau-a2156ngm?tc_ch=display&tc_ve=ba&tc_so=tradedesk&tc_me=pp&tc_ca=bau,,,11,IN STOCK,,,Marineblau,,,,TRUE,TRUE
55183252,55183252,55183252,Denim-Bermudashorts Damen Boden,https://eu.boden.com/products/damen-denim-bermudashorts-beige-r0907ecr?tc_ch=display&tc_ve=ba&tc_so=tradedesk&tc_me=pp&tc_ca=bau,,,66.00,110.00,https://cdn.shopify.com/s/files/1/0680/4625/8428/files/26wsum_r0907_ecr_m01_c3daa745-27f5-414c-8357-f8e06e6f56a9.jpg?v=1&width=800,Damen,Damen,03/10/2026,https://eu.boden.com/products/damen-denim-bermudashorts-beige-r0907ecr?tc_ch=display&tc_ve=ba&tc_so=tradedesk&tc_me=pp&tc_ca=bau,,,27,IN STOCK,,,Beige,,,,TRUE,TRUE
55185530,55185530,55185530,Lockeres Baumwoll-T-Shirt Damen Boden,https://eu.boden.com/products/damen-lockeres-baumwoll-t-shirt-weiss-t2134wht?tc_ch=display&tc_ve=ba&tc_so=tradedesk&tc_me=pp&tc_ca=bau,,,33.00,33.00,https://cdn.shopify.com/s/files/1/0680/4625/8428/files/26wsum_t2134_wht_m01.jpg?v=1&width=800,Damen,Damen,03/10/2026,https://eu.boden.com/products/damen-lockeres-baumwoll-t-shirt-weiss-t2134wht?tc_ch=display&tc_ve=ba&tc_so=tradedesk&tc_me=pp&tc_ca=bau,,,433,IN STOCK,,,Weiß,,,,TRUE,TRUE
55184446,55184446,55184446,Lockeres Baumwoll-T-Shirt Damen Boden,https://eu.boden.com/products/damen-lockeres-baumwoll-t-shirt-marineblau-und-naturweiss-gestreift-t2134nav?tc_ch=display&tc_ve=ba&tc_so=tradedesk&tc_me=pp&tc_ca=bau,,,33.00,33.00,https://cdn.shopify.com/s/files/1/0680/4625/8428/files/26wsum_t2134_nav_m01_v2_2133ff76-37d9-430b-890d-61a6ce034e63.jpg?v=1&width=800,Damen,Damen,03/10/2026,https://eu.boden.com/products/damen-lockeres-baumwoll-t-shirt-marineblau-und-naturweiss-gestreift-t2134nav?tc_ch=display&tc_ve=ba&tc_so=tradedesk&tc_me=pp&tc_ca=bau,,,303,IN STOCK,,,Marineblau und Naturweiß Gestreift,,,,TRUE,TRUE
55179480,55179480,55179480,Woodbridge Leinenblazer Damen Boden,https://eu.boden.com/products/damen-woodbridge-leinenblazer-marineblau-naturweiss-vichykaro-u0448nvy?tc_ch=display&tc_ve=ba&tc_so=tradedesk&tc_me=pp&tc_ca=bau,,,112.00,280.00,https://cdn.shopify.com/s/files/1/0680/4625/8428/files/26wsum_u0448_nvy_m01.jpg?v=1&width=800,Damen,Damen,03/10/2026,https://eu.boden.com/products/damen-woodbridge-leinenblazer-marineblau-naturweiss-vichykaro-u0448nvy?tc_ch=display&tc_ve=ba&tc_so=tradedesk&tc_me=pp&tc_ca=bau,,,87,IN STOCK,,,"Marineblau, Naturweiß Vichykaro",,,,TRUE,TRUE
55184387,55184387,55184387,Lockeres Baumwoll-T-Shirt Damen Boden,https://eu.boden.com/products/damen-lockeres-baumwoll-t-shirt-braun-und-naturweiss-streifen-t2134ivo?tc_ch=display&tc_ve=ba&tc_so=tradedesk&tc_me=pp&tc_ca=bau,,,33.00,33.00,https://cdn.shopify.com/s/files/1/0680/4625/8428/files/26wsum_t2134_ivo_m01.jpg?v=1&width=800,Damen,Damen,03/10/2026,https://eu.boden.com/products/damen-lockeres-baumwoll-t-shirt-braun-und-naturweiss-streifen-t2134ivo?tc_ch=display&tc_ve=ba&tc_so=tradedesk&tc_me=pp&tc_ca=bau,,,55,IN STOCK,,,Braun und Naturweiß Streifen,,,,TRUE,TRUE
55161790,55161790,55161790,Liz Stricktop Damen Boden,https://eu.boden.com/products/damen-liz-stricktop-rosa-k1227pnk?tc_ch=display&tc_ve=ba&tc_so=tradedesk&tc_me=pp&tc_ca=bau,,,47.40,79.00,https://cdn.shopify.com/s/files/1/0680/4625/8428/files/26wsum_k1227_pnk_m01_d6be876e-4371-4417-a28d-79fd153e1de2.jpg?v=1&width=800,Damen,Damen,03/10/2026,https://eu.boden.com/products/damen-liz-stricktop-rosa-k1227pnk?tc_ch=display&tc_ve=ba&tc_so=tradedesk&tc_me=pp&tc_ca=bau,,,16,IN STOCK,,,Rosa,,,,TRUE,TRUE
55182680,55182680,55182680,"Gehämmerte, goldfarbene Creolen mit Tropfenanhänger Damen Boden",https://eu.boden.com/products/damen-gehaemmerte-goldfarbene-creolen-mit-tropfenanhaenger-goldfarbe-a2199gld?tc_ch=display&tc_ve=ba&tc_so=tradedesk&tc_me=pp&tc_ca=bau,,,43.00,43.00,https://cdn.shopify.com/s/files/1/0680/4625/8428/files/26wsum_a2199_gld_v2_84b29b51-4817-4029-adeb-9f95e91bd303.jpg?v=1&width=800,Damen,Damen,03/10/2026,https://eu.boden.com/products/damen-gehaemmerte-goldfarbene-creolen-mit-tropfenanhaenger-goldfarbe-a2199gld?tc_ch=display&tc_ve=ba&tc_so=tradedesk&tc_me=pp&tc_ca=bau,,,69,IN STOCK,,,Goldfarbe,,,,TRUE,TRUE
55175983,55175983,55175983,Kurzärmliger Baumwollblazer Damen Boden,https://eu.boden.com/products/damen-kurzaermliger-baumwollblazer-sangria-sunset-pink-blumenmuster-u0459pch?tc_ch=display&tc_ve=ba&tc_so=tradedesk&tc_me=pp&tc_ca=bau,,,88.00,220.00,https://cdn.shopify.com/s/files/1/0680/4625/8428/files/26wsum_u0459_pch_m01_v4_a98dd862-1a0c-4809-8b46-f2a42224281c.jpg?v=1&width=800,Damen,Damen,03/10/2026,https://eu.boden.com/products/damen-kurzaermliger-baumwollblazer-sangria-sunset-pink-blumenmuster-u0459pch?tc_ch=display&tc_ve=ba&tc_so=tradedesk&tc_me=pp&tc_ca=bau,,,40,IN STOCK,,,"Sangria Sunset Pink, Blumenmuster",,,,TRUE,TRUE
55177461,55177461,55177461,Chelsea Klassisch geschneiderte Shorts mit Gürtel Damen Boden,https://eu.boden.com/products/damen-chelsea-klassisch-geschneiderte-shorts-mit-guertel-sangria-sunset-pink-blumenmuster-r0943pnk?tc_ch=display&tc_ve=ba&tc_so=tradedesk&tc_me=pp&tc_ca=bau,,,56.00,140.00,https://cdn.shopify.com/s/files/1/0680/4625/8428/files/26wsum_r0943_pnk_m01.jpg?v=1&width=800,Damen,Damen,03/10/2026,https://eu.boden.com/products/damen-chelsea-klassisch-geschneiderte-shorts-mit-guertel-sangria-sunset-pink-blumenmuster-r0943pnk?tc_ch=display&tc_ve=ba&tc_so=tradedesk&tc_me=pp&tc_ca=bau,,,61,IN STOCK,,,"Sangria Sunset Pink, Blumenmuster",,,,TRUE,TRUE
55174176,55174176,55174176,Marla Kurzes Kleid aus Leinenmischgewebe Damen Boden,https://eu.boden.com/products/damen-marla-kurzes-kleid-aus-leinenmischgewebe-rot-elegante-blueten-d1642red?tc_ch=display&tc_ve=ba&tc_so=tradedesk&tc_me=pp&tc_ca=bau,,,90.00,180.00,https://cdn.shopify.com/s/files/1/0680/4625/8428/files/26wsum_d1642_red_m01_v2_2048c1bc-a9c9-4a5a-880b-467ea5fde517.jpg?v=1&width=800,Damen,Damen,03/10/2026,https://eu.boden.com/products/damen-marla-kurzes-kleid-aus-leinenmischgewebe-rot-elegante-blueten-d1642red?tc_ch=display&tc_ve=ba&tc_so=tradedesk&tc_me=pp&tc_ca=bau,,,58,IN STOCK,,,Rot Elegante Blüten,,,,TRUE,TRUE
55164846,55164846,55164846,Klassische Bikinihose Damen Boden,https://eu.boden.com/products/damen-klassische-bikinihose-marineblau-gewellte-streifen-s0197mac?tc_ch=display&tc_ve=ba&tc_so=tradedesk&tc_me=pp&tc_ca=bau,,,19.60,49.00,https://cdn.shopify.com/s/files/1/0680/4625/8428/files/26wsum_s0197_mac_m01_v2_e84ef4e6-9633-4d85-af13-fe6eb25548cf.jpg?v=1&width=800,Damen,Damen,03/10/2026,https://eu.boden.com/products/damen-klassische-bikinihose-marineblau-gewellte-streifen-s0197mac?tc_ch=display&tc_ve=ba&tc_so=tradedesk&tc_me=pp&tc_ca=bau,,,52,IN STOCK,,,"Marineblau, Gewellte Streifen",,,,TRUE,TRUE
55176270,55176270,55176270,Caprihose Damen Boden,https://eu.boden.com/products/damen-caprihose-sattes-smaragdgruen-vichykaro-r0910grn?tc_ch=display&tc_ve=ba&tc_so=tradedesk&tc_me=pp&tc_ca=bau,,,55.00,110.00,https://cdn.shopify.com/s/files/1/0680/4625/8428/files/26wsum_r0910_grn_m01_v2_3b43b99e-04bf-4df1-9a3e-9d7d2c675ef6.jpg?v=1&width=800,Damen,Damen,03/10/2026,https://eu.boden.com/products/damen-caprihose-sattes-smaragdgruen-vichykaro-r0910grn?tc_ch=display&tc_ve=ba&tc_so=tradedesk&tc_me=pp&tc_ca=bau,,,19,IN STOCK,,,"Sattes Smaragdgrün, Vichykaro",,,,TRUE,TRUE
55182158,55182158,55182158,Flache Sandalen mit Scheibendetails Damen Boden,https://eu.boden.com/products/damen-flache-sandalen-mit-scheibendetails-dunkle-schokolade-a2187chc?tc_ch=display&tc_ve=ba&tc_so=tradedesk&tc_me=pp&tc_ca=bau,,,60.00,150.00,https://cdn.shopify.com/s/files/1/0680/4625/8428/files/26wsum_a2187_chc.jpg?v=1&width=800,Damen,Damen,03/10/2026,https://eu.boden.com/products/damen-flache-sandalen-mit-scheibendetails-dunkle-schokolade-a2187chc?tc_ch=display&tc_ve=ba&tc_so=tradedesk&tc_me=pp&tc_ca=bau,,,32,IN STOCK,,,Dunkle Schokolade,,,,TRUE,TRUE
