prclient,prid,pridfiltered,prname,prurl,prshortdescription,prdescription,prdisplayprice,prprice,primageurl,prcategory,prsubcategory,prcreatedon,pralternativeurl,prbestseller,prsku,pravailablequantity,pravailability,prquantitysold,prsize,prcolor,prcountry,prfromprice,prposition,isactive,isdefault,pronsale
Carvela,5378014609,5378014609,Carvela Women's Cross Body Bag Champagne Fabric Jessica Micro,https://www.carvela.com/women/bags/shoulder-bags/jessica-micro-champagne-fabric-carvela-5378014609?utm_source=display&utm_medium=programmatic&utm_campaign=performance&utm_content=rtg,"This Micro Jessica Bag arrives in a champagne metallic fabric. There is a gold branding on the front flap.9cm (H), 12cm (L), 4cm (D)Strap length: 111cmGold chain strapCan fit classic credit cardsMagnetic snap closureMaterial: SyntheticStyle number: 5378014609","This Micro Jessica Bag arrives in a champagne metallic fabric. There is a gold branding on the front flap.9cm (H), 12cm (L), 4cm (D)Strap length: 111cmGold chain strapCan fit classic credit cardsMagnetic snap closureMaterial: SyntheticStyle number: 5378014609",39.00,39.00,https://kg-static-cache.s3.amazonaws.com/catalog/product/cache/thumbnail/2000x2000/5/3/5378014609_40.jpg?v=1&width=800,Women > Bags > Shoulder-bags,WOMEN BAGS,24/08/2026,,FALSE,5020414100023,26,IN STOCK,,No Size,Champagne,,,192,TRUE,TRUE,FALSE
Carvela,5989000209,5989000209,Carvela Women's Clutch Bag Black Suede Spirited,https://www.carvela.com/women/bags/clutch-bags/spirited-clutch-black-suede-carvela-5989000209?utm_source=display&utm_medium=programmatic&utm_campaign=performance&utm_content=rtg,"This Spirited Clutch bag is crafted from a black suede. There is a gold tone branded plate on the front flap.&nbsp;14cm (H), 25cm (L), 3cm (D)Strap length: 113cmGold cross body strapInterior zipped pocketCan fit phones up to 6inchesMaterial: SuedeStyle number: 5989000209","This Spirited Clutch bag is crafted from a black suede. There is a gold tone branded plate on the front flap.&nbsp;14cm (H), 25cm (L), 3cm (D)Strap length: 113cmGold cross body strapInterior zipped pocketCan fit phones up to 6inchesMaterial: SuedeStyle number: 5989000209",139.00,139.00,https://kg-static-cache.s3.amazonaws.com/catalog/product/cache/thumbnail/2000x2000/5/9/5989000209_40.jpg?v=1&width=800,Women > Bags > Clutch-bags,WOMEN BAGS,24/08/2026,,FALSE,5020414237217,131,IN STOCK,,No Size,Black,,,118,TRUE,TRUE,FALSE
Carvela,5569151069,5569151069,Carvela Cecilia Hard Clutch - Red Crystal Clutch Bag,https://www.carvela.com/women/bags/clutch-bags/cecilia-hard-clutch-red-dark-fabric-other-carvela-5569151069?utm_source=display&utm_medium=programmatic&utm_campaign=performance&utm_content=rtg,"This Cecilia Hard Clutch Bag is a structured clutch bag with gold trim crafted from a deep red metallic fabric embellished with crystals. There is a crystal embellished clasp closure on the top.10cm (H), 18cm (L), 4cm (D)Strap length: 120cmGold chain cross body strapMaterial: MicrosuedeStyle number: 5569151069","This Cecilia Hard Clutch Bag is a structured clutch bag with gold trim crafted from a deep red metallic fabric embellished with crystals. There is a crystal embellished clasp closure on the top.10cm (H), 18cm (L), 4cm (D)Strap length: 120cmGold chain cross body strapMaterial: MicrosuedeStyle number: 5569151069",119.00,119.00,https://kg-static-cache.s3.amazonaws.com/catalog/product/cache/thumbnail/2000x2000/5/5/5569151069_40.jpg?v=1&width=800,Women > Bags > Clutch-bags,WOMEN BAGS,24/08/2026,,TRUE,5020414729484,107,IN STOCK,,No Size,Red,,,133,TRUE,TRUE,FALSE
Carvela,5569171069,5569171069,Carvela Women's clutch Bag Dark Green Fabric Other Cecilia,https://www.carvela.com/women/bags/clutch-bags/cecilia-hard-clutch-dark-green-fabric-other-carvela-5569171069?utm_source=display&utm_medium=programmatic&utm_campaign=performance&utm_content=rtg,"This Cecilia Hard Clutch Bag is a structured clutch bag with gold trim crafted from a green satin fabric that is embellished with green crystals. There is a crystal embellished clasp closure on the top.10cm (H), 18cm (L), 4cm (D)Strap length: 120cmGold chain cross body strapMaterial: FabricStyle number: 5569171069","This Cecilia Hard Clutch Bag is a structured clutch bag with gold trim crafted from a green satin fabric that is embellished with green crystals. There is a crystal embellished clasp closure on the top.10cm (H), 18cm (L), 4cm (D)Strap length: 120cmGold chain cross body strapMaterial: FabricStyle number: 5569171069",119.00,119.00,https://kg-static-cache.s3.amazonaws.com/catalog/product/cache/thumbnail/2000x2000/5/5/5569171069_40.jpg?v=1&width=800,Women > Bags > Clutch-bags,WOMEN BAGS,24/08/2026,,FALSE,5020414729491,99,IN STOCK,,No Size,Green,,,137,TRUE,TRUE,FALSE
Carvela,6327900979,6327900979,Carvela Fernanda Shoulder Bag - Black Synthetic Shoulder Bag,https://www.carvela.com/women/bags/shoulder-bags/fernanda-shoulder-bag-black-synthetic-carvela-6327900979?utm_source=display&utm_medium=programmatic&utm_campaign=performance&utm_content=rtg,"Arriving in a chic structured black leather alternative with texture, this Fernanda Shoulder Bag can be worn on the shoulder or across the body. There is brushed gold branding on the front flap completing the lobster clasp fastening of the straps.15cm (H), 25cm (L), 8cm (D)Strap length shoulder: 54cmStrap length cross body: 125cmTwo optional strapsFront open pocket under flapInterior zipped pocketCan fit phones up to 6inchesMagnetic snap closure under front flapMaterial: Leather alternativeStyle number: 6327900979","Arriving in a chic structured black leather alternative with texture, this Fernanda Shoulder Bag can be worn on the shoulder or across the body. There is brushed gold branding on the front flap completing the lobster clasp fastening of the straps.15cm (H), 25cm (L), 8cm (D)Strap length shoulder: 54cmStrap length cross body: 125cmTwo optional strapsFront open pocket under flapInterior zipped pocketCan fit phones up to 6inchesMagnetic snap closure under front flapMaterial: Leather alternativeStyle number: 6327900979",109.00,109.00,https://kg-static-cache.s3.amazonaws.com/catalog/product/cache/thumbnail/2000x2000/6/3/6327900979_40.jpg?v=1&width=800,Women > Bags > Shoulder-bags,WOMEN BAGS,24/08/2026,,FALSE,5020414729613,226,IN STOCK,,No Size,Black,,,54,TRUE,TRUE,FALSE
Carvela,6328751209,6328751209,Carvela Bianco Slouch Mini - Dark Red Suede Mini Slouch Bag,https://www.carvela.com/women/bags/shoulder-bags/bianco-slouch-mini-red-dark-suede-carvela-6328751209?utm_source=display&utm_medium=programmatic&utm_campaign=performance&utm_content=rtg,"This Mini Bianco Slouch Bag is crafted from a dark red suede leather with soft slouch. There are gold branding details across the hardware.23cm (H), 31cm (L), 10cm (D)Strap length: 45cmStrap length: 108cmCan fit phones up to 6inchesAdjustable shoulder strapMaterial: SuedeStyle number: 6328751209","This Mini Bianco Slouch Bag is crafted from a dark red suede leather with soft slouch. There are gold branding details across the hardware.23cm (H), 31cm (L), 10cm (D)Strap length: 45cmStrap length: 108cmCan fit phones up to 6inchesAdjustable shoulder strapMaterial: SuedeStyle number: 6328751209",169.00,169.00,https://kg-static-cache.s3.amazonaws.com/catalog/product/cache/thumbnail/2000x2000/6/3/6328751209_40.jpg?v=1&width=800,Women > Bags > Shoulder-bags,WOMEN BAGS,24/08/2026,,FALSE,5020414729866,187,IN STOCK,,No Size,Red,,,75,TRUE,TRUE,FALSE
Carvela,4611747799,4611747799,Carvela Maria Mini Weave - Taupe Microsuede Weave Tote Bag,https://www.carvela.com/women/bags/shoulder-bags/maria-mini-weave-taupe-suedette-carvela-4611747799?utm_source=display&utm_medium=programmatic&utm_campaign=performance&utm_content=rtg,"The Mini Maria Stripe bag is crafted from a taupe microsuede with soft structure. There are taupe leather alternative trims and luggage style tag on the front.19cm (H), 25cm (W), 11cm (D)Strap length: 123cmStrap drop: 59cmFlap over magnetic closureInterior central zipped pocketOuter: MicrosuedeInterior: Monogrammed interior liningStyle number: 4611747799","The Mini Maria Stripe bag is crafted from a taupe microsuede with soft structure. There are taupe leather alternative trims and luggage style tag on the front.19cm (H), 25cm (W), 11cm (D)Strap length: 123cmStrap drop: 59cmFlap over magnetic closureInterior central zipped pocketOuter: MicrosuedeInterior: Monogrammed interior liningStyle number: 4611747799",79.00,79.00,https://kg-static-cache.s3.amazonaws.com/catalog/product/cache/thumbnail/2000x2000/4/6/4611747799_40.jpg?v=1&width=800,Women > Bags > Shoulder-bags,WOMEN BAGS,24/08/2026,,FALSE,5020414729934,245,IN STOCK,,No Size,Taupe,,,40,TRUE,TRUE,FALSE
Carvela,5218100979,5218100979,Carvela Maria Micro Belt -,https://www.carvela.com/women/bags/crossbody-bags/maria-micro-belt-black-synthetic-carvela-5218100979?utm_source=display&utm_medium=programmatic&utm_campaign=performance&utm_content=rtg,"The Micro Maria &nbsp;bag is a tote bag crafted from a black leather alternative with pebble grained texture. There are patent leather alternative trims and gold padlock charm attached to the top handle.14cm (H), 17cm (W), 9cm (D)Strap length: 121cmInterior central zipped pocketCan fit phones up to 7inchesFour gold feetInterior: Monogrammed interior liningExterior: SyntheticStyle number: 5218100979","The Micro Maria &nbsp;bag is a tote bag crafted from a black leather alternative with pebble grained texture. There are patent leather alternative trims and gold padlock charm attached to the top handle.14cm (H), 17cm (W), 9cm (D)Strap length: 121cmInterior central zipped pocketCan fit phones up to 7inchesFour gold feetInterior: Monogrammed interior liningExterior: SyntheticStyle number: 5218100979",69.00,69.00,https://kg-static-cache.s3.amazonaws.com/catalog/product/cache/thumbnail/2000x2000/5/2/5218100979_40.jpg?v=1&width=800,Women > Bags > Crossbody-bags,WOMEN BAGS,24/08/2026,,FALSE,5020414730039,315,IN STOCK,,No Size,Black,,,20,TRUE,TRUE,FALSE
Carvela,6330931799,6330931799,Carvela Livia Scoop - Dark Brown Scoop Cross Body Bag,https://www.carvela.com/women/bags/shoulder-bags/livia-scoop-dark-brown-suedette-carvela-6330931799?utm_source=display&utm_medium=programmatic&utm_campaign=performance&utm_content=rtg,"This Livia Scoop is a cross body bag crafted from a dark brown textured leather alternative. There are two gold buckles to adjust the cross body strap matching the Carvela branding on the front.18cm (H),28cm (L), 10cm (D)Strap length: 109cmAdjustable cross body strapZip top closure&nbsp;Material: Leather alternativeStyle number: 6330931799","This Livia Scoop is a cross body bag crafted from a dark brown textured leather alternative. There are two gold buckles to adjust the cross body strap matching the Carvela branding on the front.18cm (H),28cm (L), 10cm (D)Strap length: 109cmAdjustable cross body strapZip top closure&nbsp;Material: Leather alternativeStyle number: 6330931799",69.00,69.00,https://kg-static-cache.s3.amazonaws.com/catalog/product/cache/thumbnail/2000x2000/6/3/6330931799_40.jpg?v=1&width=800,Women > Bags > Shoulder-bags,WOMEN BAGS,24/08/2026,,FALSE,5020414730695,93,IN STOCK,,No Size,Brown,,,139,TRUE,TRUE,FALSE
Carvela,6343766069,6343766069,Carvela Brando Shoulder Bag -,https://www.carvela.com/women/bags/shoulder-bags/brando-shoulder-gold-combination-fabric-other-carvela-6343766069?utm_source=display&utm_medium=programmatic&utm_campaign=performance&utm_content=rtg,"This Brando Shoulder bag is crafted from a gold metallic fabric with crystal embellishment. There is a gold branding detail on the front of the bag complimenting the zip closure.&nbsp;11cm (H), 28cm (L), 6cm (D)Strap length: 51cmShoulder strapCan fit laptops up to 6inchesMaterial: FabricStyle number: 6343766069","This Brando Shoulder bag is crafted from a gold metallic fabric with crystal embellishment. There is a gold branding detail on the front of the bag complimenting the zip closure.&nbsp;11cm (H), 28cm (L), 6cm (D)Strap length: 51cmShoulder strapCan fit laptops up to 6inchesMaterial: FabricStyle number: 6343766069",69.00,69.00,https://kg-static-cache.s3.amazonaws.com/catalog/product/cache/thumbnail/2000x2000/6/3/6343766069_40.jpg?v=1&width=800,Women > Bags > Shoulder-bags,WOMEN BAGS,24/08/2026,,FALSE,5020414751119,174,IN STOCK,,No Size,Metallic,,,81,TRUE,TRUE,FALSE
Carvela,3883600409,3883600409,Carvela Women's Purse Black Synthetic Jessica,https://www.carvela.com/women/bags/jessica-purse-black-croc-print-carvela-3883600409?utm_source=display&utm_medium=programmatic&utm_campaign=performance&utm_content=rtg,"This Jessica Purse is crafted from a black croc embossed leather alternative. There gold branding on the front and a gold zip around.&nbsp;10cm (H), 19cm (L), 2cm (D)Six interior card slotsInterior zipped compartmentMaterial: SyntheticStyle number: 3883600409","This Jessica Purse is crafted from a black croc embossed leather alternative. There gold branding on the front and a gold zip around.&nbsp;10cm (H), 19cm (L), 2cm (D)Six interior card slotsInterior zipped compartmentMaterial: SyntheticStyle number: 3883600409",29.00,29.00,https://kg-static-cache.s3.amazonaws.com/catalog/product/cache/thumbnail/2000x2000/3/8/3883600409_40.jpg?v=1&width=800,Women > Bags,WOMEN BAGS,24/08/2026,,FALSE,5045656969689,508,IN STOCK,,No Size,Black,,,5,TRUE,TRUE,FALSE
Carvela,5218130979,5218130979,Carvela Micro Maria Belt Bag - Dark Brown Synthetic Tote Bag,https://www.carvela.com/women/bags/crossbody-bags/maria-micro-belt-brown-synthetic-carvela-5218130979?utm_source=display&utm_medium=programmatic&utm_campaign=performance&utm_content=rtg,"The Micro Maria Weave bag is a tote bag crafted from a dark brown leather alternative with a croc embossed belt detail around the top. There are patent leather alternative trims and luggage style tag on the front.14cm (H), 17cm (W), 9cm (D)Strap length: 121cmInterior central zipped pocketCan fit phones up to 7inchesFour gold feetInterior: Monogrammed interior liningExterior: SyntheticStyle number: 5218130979","The Micro Maria Weave bag is a tote bag crafted from a dark brown leather alternative with a croc embossed belt detail around the top. There are patent leather alternative trims and luggage style tag on the front.14cm (H), 17cm (W), 9cm (D)Strap length: 121cmInterior central zipped pocketCan fit phones up to 7inchesFour gold feetInterior: Monogrammed interior liningExterior: SyntheticStyle number: 5218130979",69.00,69.00,https://kg-static-cache.s3.amazonaws.com/catalog/product/cache/thumbnail/2000x2000/5/2/5218130979_40.jpg?v=1&width=800,Women > Bags > Crossbody-bags,WOMEN BAGS,24/08/2026,,FALSE,5045658814321,110,IN STOCK,,No Size,Brown,,,131,TRUE,TRUE,FALSE
Carvela,5594766449,5594766449,Carvela Women's Tote Bag Gold Combination Marina Starfish,https://www.carvela.com/women/bags/shoulder-bags/marina-starfish-tote-gold-combination-raffia-carvela-5594766449?utm_source=display&utm_medium=programmatic&utm_campaign=performance&utm_content=rtg,"This Marina Starfish Tote Bag is crafted from a metallic gold raffia fabric which is embellished with crystal starfish on the front.28cm (H), 29cm (L), 10cm (D)Strap length: 54cmInterior zip lining pocketCan fit laptops up to 14inchesMaterial: RaffiaStyle number: 5594766449","This Marina Starfish Tote Bag is crafted from a metallic gold raffia fabric which is embellished with crystal starfish on the front.28cm (H), 29cm (L), 10cm (D)Strap length: 54cmInterior zip lining pocketCan fit laptops up to 14inchesMaterial: RaffiaStyle number: 5594766449",139.00,139.00,https://kg-static-cache.s3.amazonaws.com/catalog/product/cache/thumbnail/2000x2000/5/5/5594766449_40.jpg?v=1&width=800,Women > Bags > Shoulder-bags,WOMEN BAGS,24/08/2026,,TRUE,5045659487944,86,IN STOCK,,No Size,Metallic,,,149,TRUE,TRUE,FALSE
Carvela,5593666069,5593666069,Carvela Women's Clutch Bag Gold Combination Spiral Envelope,https://www.carvela.com/women/bags/clutch-bags/spiral-envelope-clutch-gold-combination-fabric-other-carvela-5593666069?utm_source=display&utm_medium=programmatic&utm_campaign=performance&utm_content=rtg,"This Spiral Envelope Clutch Bag is crafted from a leopard printed fabric with gold details. The clasp is accented with gold branding.&nbsp;13cm (H), 23cm (L), 4cm (D)Strap length: 82cmOptional cross body strapCan fit phones up to 6inchesMaterial: Leather alternativeStyle number: 5593666069","This Spiral Envelope Clutch Bag is crafted from a leopard printed fabric with gold details. The clasp is accented with gold branding.&nbsp;13cm (H), 23cm (L), 4cm (D)Strap length: 82cmOptional cross body strapCan fit phones up to 6inchesMaterial: Leather alternativeStyle number: 5593666069",99.00,99.00,https://kg-static-cache.s3.amazonaws.com/catalog/product/cache/thumbnail/2000x2000/5/5/5593666069_40.jpg?v=1&width=800,Women > Bags > Clutch-bags,WOMEN BAGS,24/08/2026,,FALSE,5045659732372,63,IN STOCK,,No Size,Metallic,,,167,TRUE,TRUE,FALSE
Carvela,4611910979,4611910979,Carvela Women's tote Bag White Synthetic Maria,https://www.carvela.com/women/bags/tote-bags/maria-micro-weave-white-synthetic-carvela-4611910979?utm_source=display&utm_medium=programmatic&utm_campaign=performance&utm_content=rtg,Maria Micro&nbsp;,Maria Micro&nbsp;,69.00,69.00,https://kg-static-cache.s3.amazonaws.com/catalog/product/cache/thumbnail/2000x2000/4/6/4611910979_40.jpg?v=1&width=800,Women > Bags > Tote-bags,WOMEN BAGS,24/08/2026,,FALSE,5045659779629,15,IN STOCK,,No Size,White,,,202,TRUE,TRUE,FALSE
Carvela,5685548979,5685548979,Carvela Women's Tote Bag Camel Synthetic Antionia,https://www.carvela.com/women/bags/tote-bags/antionia-weave-tote-camel-synthetic-carvela-5685548979?utm_source=display&utm_medium=programmatic&utm_campaign=performance&utm_content=rtg,"This Antonia Weave Tote bag arrives in a camel woven style. There are gold branding details seen across the bag.25cm (H), 35cm (L), 12cm (D)Strap length: 129cmTwo top handlesOptional cross body strapThree compartments with a central zipped compartmentCan fit phones up to 7inchesMaterial: SyntheticStyle number: 5685548979","This Antonia Weave Tote bag arrives in a camel woven style. There are gold branding details seen across the bag.25cm (H), 35cm (L), 12cm (D)Strap length: 129cmTwo top handlesOptional cross body strapThree compartments with a central zipped compartmentCan fit phones up to 7inchesMaterial: SyntheticStyle number: 5685548979",89.00,89.00,https://kg-static-cache.s3.amazonaws.com/catalog/product/cache/thumbnail/2000x2000/5/6/5685548979_40.jpg?v=1&width=800,Women > Bags > Tote-bags,WOMEN BAGS,24/08/2026,,FALSE,5045659780434,6,IN STOCK,,No Size,Tan,,,218,TRUE,TRUE,FALSE
Carvela,5871000229,5871000229,Carvela Women's Tote Bag Black Nylon Marcela,https://www.carvela.com/women/bags/tote-bags/marcela-nylon-tote-black-nylon-carvela-5871000229?utm_source=display&utm_medium=programmatic&utm_campaign=performance&utm_content=rtg,"This Marcela Nylon Tote Bag is crafted from a black nylon fabric with soft structure. There is a small zipped pouch attached to the top handles.30cm (H), 33cm (L), 13cm (D)Strap length: 59cmMagnetic snap closureZip closureCan fit laptops up to 12inchesMaterial: NylonStyle number: 5871000229","This Marcela Nylon Tote Bag is crafted from a black nylon fabric with soft structure. There is a small zipped pouch attached to the top handles.30cm (H), 33cm (L), 13cm (D)Strap length: 59cmMagnetic snap closureZip closureCan fit laptops up to 12inchesMaterial: NylonStyle number: 5871000229",69.00,69.00,https://kg-static-cache.s3.amazonaws.com/catalog/product/cache/thumbnail/2000x2000/5/8/5871000229_40.jpg?v=1&width=800,Women > Bags > Tote-bags,WOMEN BAGS,24/08/2026,,FALSE,5020413905766,419,IN STOCK,,No Size,Black,,,11,TRUE,TRUE,FALSE
Carvela,6328000979,6328000979,Carvela Mini Fernanda Shoulder Bag - Black Branded Shoulder Mini Bag,https://www.carvela.com/women/bags/shoulder-bags/fernanda-mini-shoulder-black-synthetic-carvela-6328000979?utm_source=display&utm_medium=programmatic&utm_campaign=performance&utm_content=rtg,"This Mini Fernanda Shoulder bag is crafted from a black textured leather alternative. There is brushed gold branding on the front flap completing the lobster clasp fastening of the straps.11cm (H), 20cm (L), 6cm (D)Strap length shoulder: 53cmStrap length cross body: 124cmTwo optional strapsFront open pocket under flapInterior zipped pocketCan fit phones up to 6inchesMagnetic snap closure under front flapMaterial: Leather alternativeStyle number:&nbsp;6328000979","This Mini Fernanda Shoulder bag is crafted from a black textured leather alternative. There is brushed gold branding on the front flap completing the lobster clasp fastening of the straps.11cm (H), 20cm (L), 6cm (D)Strap length shoulder: 53cmStrap length cross body: 124cmTwo optional strapsFront open pocket under flapInterior zipped pocketCan fit phones up to 6inchesMagnetic snap closure under front flapMaterial: Leather alternativeStyle number:&nbsp;6328000979",89.00,89.00,https://kg-static-cache.s3.amazonaws.com/catalog/product/cache/thumbnail/2000x2000/6/3/6328000979_40.jpg?v=1&width=800,Women > Bags > Shoulder-bags,WOMEN BAGS,24/08/2026,,FALSE,5020414729637,214,IN STOCK,,No Size,Black,,,60,TRUE,TRUE,FALSE
Carvela,6328400979,6328400979,Carvela Women's Cross Body Bag Black Synthetic Montana,https://www.carvela.com/women/bags/shoulder-bags/montena-shoulder-bag-black-synthetic-carvela-6328400979?utm_source=display&utm_medium=programmatic&utm_campaign=performance&utm_content=rtg,"This Montana Shoulder Bag is crafted from a black leather alternative with shine. There is gold Carvela branding on the front of the bag.13cm (H), 27cm (L), 9cm (D)Strap length cross body: 110cmStrap length shoulder: 44cmThree alternative straps which can be added for personal stylingInside zipped pocketStyle number: 6328400979","This Montana Shoulder Bag is crafted from a black leather alternative with shine. There is gold Carvela branding on the front of the bag.13cm (H), 27cm (L), 9cm (D)Strap length cross body: 110cmStrap length shoulder: 44cmThree alternative straps which can be added for personal stylingInside zipped pocketStyle number: 6328400979",99.00,99.00,https://kg-static-cache.s3.amazonaws.com/catalog/product/cache/thumbnail/2000x2000/6/3/6328400979_40.jpg?v=1&width=800,Women > Bags > Shoulder-bags,WOMEN BAGS,24/08/2026,,FALSE,5020414729705,242,IN STOCK,,No Size,Black,,,43,TRUE,TRUE,FALSE
Carvela,6328700209,6328700209,Carvela Bianco Slouch Mini -,https://www.carvela.com/women/bags/shoulder-bags/bianco-slouch-mini-black-suede-carvela-6328700209?utm_source=display&utm_medium=programmatic&utm_campaign=performance&utm_content=rtg,"This Mini Bianco Slouch Bag is crafted from a black suede leather with soft slouch. There are gold branding details across the hardware.23cm (H), 31cm (L), 10cm (D)Strap length: 45cmStrap length: 108cmAdjustable shoulder strapMaterial: SuedeStyle number: 6328700209","This Mini Bianco Slouch Bag is crafted from a black suede leather with soft slouch. There are gold branding details across the hardware.23cm (H), 31cm (L), 10cm (D)Strap length: 45cmStrap length: 108cmAdjustable shoulder strapMaterial: SuedeStyle number: 6328700209",169.00,169.00,https://kg-static-cache.s3.amazonaws.com/catalog/product/cache/thumbnail/2000x2000/6/3/6328700209_40.jpg?v=1&width=800,Women > Bags > Shoulder-bags,WOMEN BAGS,24/08/2026,,FALSE,5020414729859,228,IN STOCK,,No Size,Black,,,53,TRUE,TRUE,FALSE
Carvela,5279931979,5279931979,Carvela Women's Dark Brown Synthetic Maria Mini Belt,https://www.carvela.com/women/bags/shoulder-bags/maria-mini-belt-dark-brown-synthetic-carvela-5279931979?utm_source=display&utm_medium=programmatic&utm_campaign=performance&utm_content=rtg,"This Mini Maria Belt Bag arrives in a dark brown textured leather alternative. The two top handles feature a patent croc embossing. There is gold tone branding details across the bag and the belt detail on the front of the bag. 20cm (H), 26cm (L), 8cm (D). Strap length: 125cm. Padlock luggage style tab on the top handles. Removable cross body strap. Gold tone branding on the front of the bag. Can fit phones up to 6inches.","This Mini Maria Belt Bag arrives in a dark brown textured leather alternative. The two top handles feature a patent croc embossing. There is gold tone branding details across the bag and the belt detail on the front of the bag. 20cm (H), 26cm (L), 8cm (D). Strap length: 125cm. Padlock luggage style tab on the top handles. Removable cross body strap. Gold tone branding on the front of the bag. Can fit phones up to 6inches.",79.00,79.00,https://kg-static-cache.s3.amazonaws.com/catalog/product/cache/thumbnail/2000x2000/5/2/5279931979_40.jpg?v=1&width=800,Women > Bags > Shoulder-bags,WOMEN BAGS,24/08/2026,,FALSE,5020414730015,254,IN STOCK,,No Size,Brown,,,35,TRUE,TRUE,FALSE
Carvela,6328900979,6328900979,Carvela Women's Cross Body Bag Black Synthetic Maria,https://www.carvela.com/women/bags/crossbody-bags/maria-crossbody-bag-black-synthetic-carvela-6328900979?utm_source=display&utm_medium=programmatic&utm_campaign=performance&utm_content=rtg,"This Maria Cross Body Bag arrives in a black pebble grained leather alternative. The hardware and branding details are in gold.15cm (H), 23cm (L), 7cm (D)Strap length: 128cmChain and insert cross body strapFlat pocket on the frontCan fit phones up 6inchesMaterial: FabricStyle number: 6328900979","This Maria Cross Body Bag arrives in a black pebble grained leather alternative. The hardware and branding details are in gold.15cm (H), 23cm (L), 7cm (D)Strap length: 128cmChain and insert cross body strapFlat pocket on the frontCan fit phones up 6inchesMaterial: FabricStyle number: 6328900979",49.00,49.00,https://kg-static-cache.s3.amazonaws.com/catalog/product/cache/thumbnail/2000x2000/6/3/6328900979_40.jpg?v=1&width=800,Women > Bags > Crossbody-bags,WOMEN BAGS,24/08/2026,,FALSE,5020414730046,230,IN STOCK,,No Size,Black,,,51,TRUE,TRUE,FALSE
Carvela,6343466979,6343466979,Carvela Women's Clutch Bag Gold Combination Palio,https://www.carvela.com/women/bags/clutch-bags/palio-hard-clutch-gold-combination-synthetic-carvela-6343466979?utm_source=display&utm_medium=programmatic&utm_campaign=performance&utm_content=rtg,"The Palio is a clutch bag arriving in a metallic gold crinkled fabric with woven design. The trims are in gold matching the cross body strap.12cm (H), 19cm (L), 2cm (D)Strap length: 124cmOptional gold chain cross body strapCan fit classic credit cardsMaterial: FabricStyle number: 6343466979","The Palio is a clutch bag arriving in a metallic gold crinkled fabric with woven design. The trims are in gold matching the cross body strap.12cm (H), 19cm (L), 2cm (D)Strap length: 124cmOptional gold chain cross body strapCan fit classic credit cardsMaterial: FabricStyle number: 6343466979",69.00,69.00,https://kg-static-cache.s3.amazonaws.com/catalog/product/cache/thumbnail/2000x2000/6/3/6343466979_40.jpg?v=1&width=800,Women > Bags > Clutch-bags,WOMEN BAGS,24/08/2026,,FALSE,5020414751010,132,IN STOCK,,No Size,Metallic,,,115,TRUE,TRUE,FALSE
Carvela,6343500799,6343500799,Carvela Women's Clutch Bag Black Microsuede Amalia,https://www.carvela.com/women/bags/clutch-bags/amalia-clutch-black-suedette-carvela-6343500799?utm_source=display&utm_medium=programmatic&utm_campaign=performance&utm_content=rtg,"Introducing the Amalia clutch bag. Crafted from a black microsuede, this clutch bag features gold hardware across the bag.15cm (H), 25cm (L), 4cm (D)Strap length: 107cmGold chain cross body strapCan fit phones up to 6inchesInterior zipped compartmentTwo magnets to fastenMaterial: Leather alternativeStyle number: 6343500799","Introducing the Amalia clutch bag. Crafted from a black microsuede, this clutch bag features gold hardware across the bag.15cm (H), 25cm (L), 4cm (D)Strap length: 107cmGold chain cross body strapCan fit phones up to 6inchesInterior zipped compartmentTwo magnets to fastenMaterial: Leather alternativeStyle number: 6343500799",99.00,99.00,https://kg-static-cache.s3.amazonaws.com/catalog/product/cache/thumbnail/2000x2000/6/3/6343500799_40.jpg?v=1&width=800,Women > Bags > Clutch-bags,WOMEN BAGS,24/08/2026,,FALSE,5020414751027,158,IN STOCK,,No Size,Black,,,90,TRUE,TRUE,FALSE
Carvela,4475943449,4475943449,Carvela Women's Tote Bag Beige Combination Sorrento,https://www.carvela.com/women/bags/tote-bags/sorrento-mirco-raffia-beige-combination-raffia-carvela-4475943449?utm_source=display&utm_medium=programmatic&utm_campaign=performance&utm_content=rtg,"This Micro Raffia Sorrento tote bag features a beige canvas fabric exterior with structure. There are bone trims and white stitched branding on the front.16cm (H), 20cm (L), 8cm (D)&nbsp;Strap length: 125cmOptional webbed cross body strap&nbsp;Small zipped wallet on the strapFour gold feet&nbsp;Can fit phone up to 7inchesInterior: Fabric liningExterior: MaterialStyle number: 4475943449","This Micro Raffia Sorrento tote bag features a beige canvas fabric exterior with structure. There are bone trims and white stitched branding on the front.16cm (H), 20cm (L), 8cm (D)&nbsp;Strap length: 125cmOptional webbed cross body strap&nbsp;Small zipped wallet on the strapFour gold feet&nbsp;Can fit phone up to 7inchesInterior: Fabric liningExterior: MaterialStyle number: 4475943449",79.00,79.00,https://kg-static-cache.s3.amazonaws.com/catalog/product/cache/thumbnail/2000x2000/4/4/4475943449_40.jpg?v=1&width=800,Women > Bags > Tote-bags,WOMEN BAGS,24/08/2026,,TRUE,5045657718071,14,IN STOCK,,No Size,Nude,,,205,TRUE,TRUE,FALSE
Carvela,0291861979,0291861979,Carvela Women's Clutch Bag Gold Synthetic Stargaze,https://www.carvela.com/women/bags/crossbody-bags/stargaze-clutch-gold-synthetic-carvela-0291861979?utm_source=display&utm_medium=programmatic&utm_campaign=performance&utm_content=rtg,"The Stargaze Envelope Clutch bag features a gold exterior with crystal embellishment across the exterior. There is gold metal branding on the back.14cm (H), 23cm (L), 2cm (D)Strap length: 109cmStrap drop: 50cmRemovable chain strapPlease take extra care when styling this piece with delicate fabricsMaterial: TextileStyle number: 0291861979","The Stargaze Envelope Clutch bag features a gold exterior with crystal embellishment across the exterior. There is gold metal branding on the back.14cm (H), 23cm (L), 2cm (D)Strap length: 109cmStrap drop: 50cmRemovable chain strapPlease take extra care when styling this piece with delicate fabricsMaterial: TextileStyle number: 0291861979",59.00,59.00,https://kg-static-cache.s3.amazonaws.com/catalog/product/cache/thumbnail/2000x2000/0/2/0291861979_40.jpg?v=1&width=800,Women > Bags > Crossbody-bags,WOMEN BAGS,24/08/2026,,FALSE,5045657865515,44,IN STOCK,,No Size,Metallic,,,179,TRUE,TRUE,FALSE
Carvela,5217841409,5217841409,Kurt Geiger Women's Clutch Bag Brown Synthetic Jessica,https://www.carvela.com/women/bags/clutch-bags/jessica-clutch-bone-croc-print-carvela-5217841409?utm_source=display&utm_medium=programmatic&utm_campaign=performance&utm_content=rtg,"This Jessica Clutch Bag is crafted from a white croc embossed leather alternative. There is a gold tone branded plate on the front of the bag.14cm (H), 26cm (L), 5cm (D)Strap length: 80cmGold shoulder strap can be tucked into bagSnap closure under the front flapMaterial: SyntheticStyle number: 5217841409","This Jessica Clutch Bag is crafted from a white croc embossed leather alternative. There is a gold tone branded plate on the front of the bag.14cm (H), 26cm (L), 5cm (D)Strap length: 80cmGold shoulder strap can be tucked into bagSnap closure under the front flapMaterial: SyntheticStyle number: 5217841409",49.00,49.00,https://kg-static-cache.s3.amazonaws.com/catalog/product/cache/thumbnail/2000x2000/5/2/5217841409_40.jpg?v=1&width=800,Women > Bags > Clutch-bags,WOMEN BAGS,24/08/2026,,FALSE,5045658814215,18,IN STOCK,,No Size,White,,,196,TRUE,TRUE,FALSE
Carvela,5218631799,5218631799,Carvela Women's Hobo Bag Brown Synthetic Cassia,https://www.carvela.com/women/bags/shoulder-bags/cassia-hobo-bag-dark-brown-suedette-carvela-5218631799?utm_source=display&utm_medium=programmatic&utm_campaign=performance&utm_content=rtg,"This Cassia Hobo Bag features a grained leather alternative exterior in brown. There is gold tone branding on the front of the bag which compliments the padlock chain on the top handle.31cm (H), 42cm (L), 12cm (D)Strap length: 36cmPouch size: 15cm (H), 22cm (L)Can fit laptops up to 12inchesMaterial: Leather alternativeStyle number: 5218631799","This Cassia Hobo Bag features a grained leather alternative exterior in brown. There is gold tone branding on the front of the bag which compliments the padlock chain on the top handle.31cm (H), 42cm (L), 12cm (D)Strap length: 36cmPouch size: 15cm (H), 22cm (L)Can fit laptops up to 12inchesMaterial: Leather alternativeStyle number: 5218631799",79.00,79.00,https://kg-static-cache.s3.amazonaws.com/catalog/product/cache/thumbnail/2000x2000/5/2/5218631799_40.jpg?v=1&width=800,Women > Bags > Shoulder-bags,WOMEN BAGS,24/08/2026,,FALSE,5045658814628,47,IN STOCK,,No Size,Brown,,,176,TRUE,TRUE,FALSE
Carvela,5279900979,5279900979,Carvela Women's Tote Bag Black Synthetic Maria,https://www.carvela.com/women/bags/shoulder-bags/maria-mini-belt-black-synthetic-carvela-5279900979?utm_source=display&utm_medium=programmatic&utm_campaign=performance&utm_content=rtg,"This Mini Maria Belt Bag arrives in a black leather alternative with grained texture. There is gold tone branding details across the bag and the belt detail on the front of the bag.20cm (H), 26cm (L), 8cm (D)Strap length: 125cmPadlock luggage style tab on the top handlesRemovable cross body strapGold tone branding on the front of the bagCan fit phones up to 6inchesMaterial: Leather alternativeStyle number: 5279900979","This Mini Maria Belt Bag arrives in a black leather alternative with grained texture. There is gold tone branding details across the bag and the belt detail on the front of the bag.20cm (H), 26cm (L), 8cm (D)Strap length: 125cmPadlock luggage style tab on the top handlesRemovable cross body strapGold tone branding on the front of the bagCan fit phones up to 6inchesMaterial: Leather alternativeStyle number: 5279900979",79.00,79.00,https://kg-static-cache.s3.amazonaws.com/catalog/product/cache/thumbnail/2000x2000/5/2/5279900979_40.jpg?v=1&width=800,Women > Bags > Shoulder-bags,WOMEN BAGS,24/08/2026,,FALSE,5045658880944,208,IN STOCK,,No Size,Black,,,63,TRUE,TRUE,FALSE
Carvela,5280033979,5280033979,Carvela Women's Belt Bag Tan Synthetic Maria mini,https://www.carvela.com/women/bags/shoulder-bags/maria-mini-belt-tan-synthetic-carvela-5280033979?utm_source=display&utm_medium=programmatic&utm_campaign=performance&utm_content=rtg,"This Mini Maria Belt Bag arrives in a tan leather alternative with grained texture. There is gold tone branding details across the bag and the belt detail on the front of the bag.20cm (H), 26cm (L), 8cm (D)Strap length: 125cmPadlock luggage style tab on the top handlesRemovable cross body strapGold tone branding on the front of the bagCan fit phones up to 6inchesMaterial: Leather alternativeStyle number: 5280033979","This Mini Maria Belt Bag arrives in a tan leather alternative with grained texture. There is gold tone branding details across the bag and the belt detail on the front of the bag.20cm (H), 26cm (L), 8cm (D)Strap length: 125cmPadlock luggage style tab on the top handlesRemovable cross body strapGold tone branding on the front of the bagCan fit phones up to 6inchesMaterial: Leather alternativeStyle number: 5280033979",79.00,79.00,https://kg-static-cache.s3.amazonaws.com/catalog/product/cache/thumbnail/2000x2000/5/2/5280033979_40.jpg?v=1&width=800,Women > Bags > Shoulder-bags,WOMEN BAGS,24/08/2026,,FALSE,5045658880951,64,IN STOCK,,No Size,Tan,,,165,TRUE,TRUE,FALSE
Carvela,5716761449,5716761449,Carvela Amara Top Handle Bag - Metallic Gold Top Handle Bag,https://www.carvela.com/women/bags/shoulder-bags/amara-top-handle-gold-raffia-carvela-5716761449?utm_source=display&utm_medium=programmatic&utm_campaign=performance&utm_content=rtg,"This Amara Top Handle Bag is crafted from a brown satin fabric with bone polka dot design. There is a branded pebble style stud on the front flap.11cm (H), 19cm (L), 6cm (D)Strap length: 109cmCan fit phones up to 6inchesMagnetic snap closureFour gold tone feetMaterial: FabricStyle number: 5716761449","This Amara Top Handle Bag is crafted from a brown satin fabric with bone polka dot design. There is a branded pebble style stud on the front flap.11cm (H), 19cm (L), 6cm (D)Strap length: 109cmCan fit phones up to 6inchesMagnetic snap closureFour gold tone feetMaterial: FabricStyle number: 5716761449",119.00,119.00,https://kg-static-cache.s3.amazonaws.com/catalog/product/cache/thumbnail/2000x2000/5/7/5716761449_40.jpg?v=1&width=800,Women > Bags > Shoulder-bags,WOMEN BAGS,24/08/2026,,TRUE,5045659732174,214,IN STOCK,,No Size,Metallic,,,61,TRUE,TRUE,FALSE
Carvela,5743900799,5743900799,Carvela Women's Clutch Bag Suede Black Maria Envelope,https://www.carvela.com/women/bags/clutch-bags/maria-envelope-clutch-black-suedette-carvela-5743900799?utm_source=display&utm_medium=programmatic&utm_campaign=performance&utm_content=rtg,"This Maria Envelope Clutch Bag arrives in a black microsuede fabric. There is a gold branded plate on the front flap.15cm (H), 27cm (L), 3cm (D)Strap length: 11cmOptional gold chain cross body strapMagnetic snap closureCan fit phones up to 6inchesMaterial: MicrosuedeStyle number: 5743900799","This Maria Envelope Clutch Bag arrives in a black microsuede fabric. There is a gold branded plate on the front flap.15cm (H), 27cm (L), 3cm (D)Strap length: 11cmOptional gold chain cross body strapMagnetic snap closureCan fit phones up to 6inchesMaterial: MicrosuedeStyle number: 5743900799",69.00,69.00,https://kg-static-cache.s3.amazonaws.com/catalog/product/cache/thumbnail/2000x2000/5/7/5743900799_40.jpg?v=1&width=800,Women > Bags > Clutch-bags,WOMEN BAGS,24/08/2026,,FALSE,5045659780182,89,IN STOCK,,No Size,Black,,,145,TRUE,TRUE,FALSE
Carvela,5216342609,5216342609,Carvela Gina Hobo Bag -,https://www.carvela.com/women/bags/shoulder-bags/gina-hobo-cream-fabric-carvela-5216342609?utm_source=display&utm_medium=programmatic&utm_campaign=performance&utm_content=rtg,"This Gina Hobo arrives in a cream faux fur. There is a simple deep red shoulder strap with black tassel charm attached to the zip top closure28cm (H), 43cm (L), 12cm (D)Strap length: 47cmFour gold tone feetMaterial: FabricStyle number: 5216342609","This Gina Hobo arrives in a cream faux fur. There is a simple deep red shoulder strap with black tassel charm attached to the zip top closure28cm (H), 43cm (L), 12cm (D)Strap length: 47cmFour gold tone feetMaterial: FabricStyle number: 5216342609",139.00,139.00,https://kg-static-cache.s3.amazonaws.com/catalog/product/cache/thumbnail/2000x2000/5/2/5216342609_40.jpg?v=1&width=800,Women > Bags > Shoulder-bags,WOMEN BAGS,24/08/2026,,FALSE,5020414729576,243,IN STOCK,,No Size,Nude,,,41,TRUE,TRUE,FALSE
Carvela,4706637979,4706637979,Carvela Women's Tote Bag Taupe Combination Synthetic Maria Mini,https://www.carvela.com/women/bags/crossbody-bags/maria-mini-tote-taupe-combination-synthetic-carvela-4706637979?utm_source=display&utm_medium=programmatic&utm_campaign=performance&utm_content=rtg,"The Mini Maria Tote bag features a taupe branded printed leather alternative exterior. There are taupe leather alternative trims and luggage style tag on the front.19cm (H), 25cm (L), 11cm (D)Strap length: 123cmStrap drop: 59cmFlap over magnetic closureInterior central zipped pocketOuter: Leather alternativeInterior: Monogrammed interior liningStyle number: 4706637979","The Mini Maria Tote bag features a taupe branded printed leather alternative exterior. There are taupe leather alternative trims and luggage style tag on the front.19cm (H), 25cm (L), 11cm (D)Strap length: 123cmStrap drop: 59cmFlap over magnetic closureInterior central zipped pocketOuter: Leather alternativeInterior: Monogrammed interior liningStyle number: 4706637979",79.00,79.00,https://kg-static-cache.s3.amazonaws.com/catalog/product/cache/thumbnail/2000x2000/4/7/4706637979_40.jpg?v=1&width=800,Women > Bags > Crossbody-bags,WOMEN BAGS,24/08/2026,,FALSE,5020414729996,310,IN STOCK,,No Size,Nude,,,23,TRUE,TRUE,FALSE
Carvela,4706639979,4706639979,Carvela Mini Maria Tote Bag -,https://www.carvela.com/women/bags/crossbody-bags/maria-mini-tote-brown-other-synthetic-carvela-4706639979?utm_source=display&utm_medium=programmatic&utm_campaign=performance&utm_content=rtg,"The Mini Maria Tote bag features a branded printed leather alternative exterior. There are dark brown leather alternative trims and luggage style tag on the front.19cm (H), 25cm (L), 11cm (D)Strap length: 123cmStrap drop: 59cmFlap over magnetic closureInterior central zipped pocketOuter: Leather alternativeInterior: Monogrammed interior liningStyle number: 4706631449","The Mini Maria Tote bag features a branded printed leather alternative exterior. There are dark brown leather alternative trims and luggage style tag on the front.19cm (H), 25cm (L), 11cm (D)Strap length: 123cmStrap drop: 59cmFlap over magnetic closureInterior central zipped pocketOuter: Leather alternativeInterior: Monogrammed interior liningStyle number: 4706631449",79.00,79.00,https://kg-static-cache.s3.amazonaws.com/catalog/product/cache/thumbnail/2000x2000/4/7/4706639979_40.jpg?v=1&width=800,Women > Bags > Crossbody-bags,WOMEN BAGS,24/08/2026,,FALSE,5020414730008,307,IN STOCK,,No Size,Brown Other,,,24,TRUE,TRUE,FALSE
Carvela,5279951979,5279951979,Carvela Maria Mini Belt - Dark Red Belt Bag,https://www.carvela.com/women/bags/crossbody-bags/maria-mini-belt-red-dark-synthetic-carvela-5279951979?utm_source=display&utm_medium=programmatic&utm_campaign=performance&utm_content=rtg,"This Mini Maria Belt bag is crafted from a dark red leather alternative. There is a belt detail across the front of the bag with gold branding details.&nbsp;20cm (H), 25cm (L), 10cm (D)Strap length: 126cmOptional cross body strapZip closureCan fit phones up to 6inchesMaterial: Leather alternativeStyle number: 5279947979","This Mini Maria Belt bag is crafted from a dark red leather alternative. There is a belt detail across the front of the bag with gold branding details.&nbsp;20cm (H), 25cm (L), 10cm (D)Strap length: 126cmOptional cross body strapZip closureCan fit phones up to 6inchesMaterial: Leather alternativeStyle number: 5279947979",79.00,79.00,https://kg-static-cache.s3.amazonaws.com/catalog/product/cache/thumbnail/2000x2000/5/2/5279951979_40.jpg?v=1&width=800,Women > Bags > Crossbody-bags,WOMEN BAGS,24/08/2026,,FALSE,5020414730022,141,IN STOCK,,No Size,Red,,,105,TRUE,TRUE,FALSE
Carvela,6329600229,6329600229,Carvela Marcela Backpack - Black Nylon Backpack,https://www.carvela.com/women/bags/shoulder-bags/marcela-backpack-black-nylon-carvela-6329600229?utm_source=display&utm_medium=programmatic&utm_campaign=performance&utm_content=rtg,"This Marcela Backpack is crafted from a black nylon fabric. There are multiple gold zips across the bag which fasten the two side pockets as well as flat pocket on the front.34cm (H), 25cm (L), 11cm (D)Strap length: 90cmTwo adjustable shoulder strapMagnetic snap closure under front flapCan fit phones up to 6inchesMaterail: NylonStyle number: 6329600229","This Marcela Backpack is crafted from a black nylon fabric. There are multiple gold zips across the bag which fasten the two side pockets as well as flat pocket on the front.34cm (H), 25cm (L), 11cm (D)Strap length: 90cmTwo adjustable shoulder strapMagnetic snap closure under front flapCan fit phones up to 6inchesMaterail: NylonStyle number: 6329600229",79.00,79.00,https://kg-static-cache.s3.amazonaws.com/catalog/product/cache/thumbnail/2000x2000/6/3/6329600229_40.jpg?v=1&width=800,Women > Bags > Shoulder-bags,WOMEN BAGS,24/08/2026,,FALSE,5020414730350,431,IN STOCK,,No Size,Black,,,9,TRUE,TRUE,FALSE
Carvela,6329859069,6329859069,Carvela Tracolla Tote Bag - Red Faux Fur Tote Bag,https://www.carvela.com/women/bags/shoulder-bags/tracolla-tote-bag-red-other-fabric-other-carvela-6329859069?utm_source=display&utm_medium=programmatic&utm_campaign=performance&utm_content=rtg,"Crafted from a super soft deep redprinted faux fur, the Tracolla Tote bag is softly structured and sits on the shoulder. There is a statement dark red tassel charm detail on the shoulder strap.39cm (H), 36cm (L), 13cm (D)Strap length: 50cmMagnetic snap closureCan fit laptops up to 14inchesFour gold feetInterior zipped pocket&nbsp;Material: Faux FurStyle number: 6329859069","Crafted from a super soft deep redprinted faux fur, the Tracolla Tote bag is softly structured and sits on the shoulder. There is a statement dark red tassel charm detail on the shoulder strap.39cm (H), 36cm (L), 13cm (D)Strap length: 50cmMagnetic snap closureCan fit laptops up to 14inchesFour gold feetInterior zipped pocket&nbsp;Material: Faux FurStyle number: 6329859069",79.00,79.00,https://kg-static-cache.s3.amazonaws.com/catalog/product/cache/thumbnail/2000x2000/6/3/6329859069_40.jpg?v=1&width=800,Women > Bags > Shoulder-bags,WOMEN BAGS,24/08/2026,,FALSE,5020414730411,142,IN STOCK,,No Size,Red Other,,,103,TRUE,TRUE,FALSE
Carvela,6330231979,6330231979,Carvela Women's Shoulder Bag Dark Brown Synthetic Antionia,https://www.carvela.com/women/bags/shoulder-bags/antionia-weave-ew-dark-brown-synthetic-carvela-6330231979?utm_source=display&utm_medium=programmatic&utm_campaign=performance&utm_content=rtg,"Crafted from a luxury woven style leather alternative in dark brown, the Antionia Weave East West bag fits over the shoulder. There is a dark brown woven tassel around one of the shoulder straps.26cm (H), 42cm (L), 15cm (D)Strap length: 66cmFour gold feetGold branding detail on the frontMagnetic snap closureMaterial: Leather alternativeStyle number:&nbsp;6330231979","Crafted from a luxury woven style leather alternative in dark brown, the Antionia Weave East West bag fits over the shoulder. There is a dark brown woven tassel around one of the shoulder straps.26cm (H), 42cm (L), 15cm (D)Strap length: 66cmFour gold feetGold branding detail on the frontMagnetic snap closureMaterial: Leather alternativeStyle number:&nbsp;6330231979",99.00,99.00,https://kg-static-cache.s3.amazonaws.com/catalog/product/cache/thumbnail/2000x2000/6/3/6330231979_40.jpg?v=1&width=800,Women > Bags > Shoulder-bags,WOMEN BAGS,24/08/2026,,FALSE,5020414730527,89,IN STOCK,,No Size,Brown,,,146,TRUE,TRUE,FALSE
Carvela,6343561979,6343561979,Carvela Amalia Clutch -,https://www.carvela.com/women/bags/clutch-bags/amalia-clutch-gold-synthetic-carvela-6343561979?utm_source=display&utm_medium=programmatic&utm_campaign=performance&utm_content=rtg,"Introducing the Amalia clutch bag. Crafted from a gold leather alternative, this clutch bag features gold hardware across the bag.15cm (H), 25cm (L), 4cm (D)Strap length: 107cmGold chain cross body strapCan fit phones up to 6inchesInterior zipped compartmentTwo magnets to fastenMaterial: Leather alternativeStyle number: 6343561979","Introducing the Amalia clutch bag. Crafted from a gold leather alternative, this clutch bag features gold hardware across the bag.15cm (H), 25cm (L), 4cm (D)Strap length: 107cmGold chain cross body strapCan fit phones up to 6inchesInterior zipped compartmentTwo magnets to fastenMaterial: Leather alternativeStyle number: 6343561979",69.00,69.00,https://kg-static-cache.s3.amazonaws.com/catalog/product/cache/thumbnail/2000x2000/6/3/6343561979_40.jpg?v=1&width=800,Women > Bags > Clutch-bags,WOMEN BAGS,24/08/2026,,FALSE,5020414751058,155,IN STOCK,,No Size,Metallic,,,94,TRUE,TRUE,FALSE
Carvela,4335855069,4335855069,Carvela Women's Clutch Bag Red Combination Fabric Other Rosa Chain,https://www.carvela.com/women/bags/shoulder-bags/rosa-chain-shoulder-red-combination-fabric-other-carvela-4335855069?utm_source=display&utm_medium=programmatic&utm_campaign=performance&utm_content=rtg,"This Rosa Chain Shoulder Bag is crafted from ared mesh fabric that is embroidered with red sequins across the exterior. There is gold branding on the front flap.14cm (H), 20cm (L), 4cm (D)Strap length: 61cmGold chain detail strapMagnetic snap under front flapCan fit phones up to 6inchesMaterial: FabricStyle number: 4335855069","This Rosa Chain Shoulder Bag is crafted from ared mesh fabric that is embroidered with red sequins across the exterior. There is gold branding on the front flap.14cm (H), 20cm (L), 4cm (D)Strap length: 61cmGold chain detail strapMagnetic snap under front flapCan fit phones up to 6inchesMaterial: FabricStyle number: 4335855069",89.00,89.00,https://kg-static-cache.s3.amazonaws.com/catalog/product/cache/thumbnail/2000x2000/4/3/4335855069_40.jpg?v=1&width=800,Women > Bags > Shoulder-bags,WOMEN BAGS,24/08/2026,,FALSE,5020414751126,175,IN STOCK,,No Size,Red,,,80,TRUE,TRUE,FALSE
Carvela,4611741979,4611741979,Carvela Women's Tote Bag Bone Synthetic Maria,https://www.carvela.com/women/bags/crossbody-bags/maria-mini-weave-bone-synthetic-carvela-4611741979?utm_source=display&utm_medium=programmatic&utm_campaign=performance&utm_content=rtg,"The Mini Maria Stripe bag is a bone woven style tote bag. There are bone leather alternative trims and luggage style tag on the front.19cm (H), 25cm (W), 11cm (D)Strap length: 123cmStrap drop: 59cmFlap over magnetic closureInterior central zipped pocketOuter: TextileInterior: Monogrammed interior liningStyle number: 4611741979","The Mini Maria Stripe bag is a bone woven style tote bag. There are bone leather alternative trims and luggage style tag on the front.19cm (H), 25cm (W), 11cm (D)Strap length: 123cmStrap drop: 59cmFlap over magnetic closureInterior central zipped pocketOuter: TextileInterior: Monogrammed interior liningStyle number: 4611741979",79.00,79.00,https://kg-static-cache.s3.amazonaws.com/catalog/product/cache/thumbnail/2000x2000/4/6/4611741979_40.jpg?v=1&width=800,Women > Bags > Crossbody-bags,WOMEN BAGS,24/08/2026,,FALSE,5045657910871,61,IN STOCK,,No Size,White,,,169,TRUE,TRUE,FALSE
Carvela,5052600979,5052600979,Carvela Women's Tote Bag Black Synthetic Large Shopper,https://www.carvela.com/women/bags/shoulder-bags/large-shopper-black-synthetic-carvela-5052600979?utm_source=display&utm_medium=programmatic&utm_campaign=performance&utm_content=rtg,"This Large Shopper Bag fits over the shoulder and all the essentials. There is a removable snake embossed chain wallet on the top handles.30cm (H), 50cm (L), 11cm (D)Strap length: 57cmZip closureInterior laptop sleeve up to 16inchesMaterial: Leather alternativeStyle number: 5052600979","This Large Shopper Bag fits over the shoulder and all the essentials. There is a removable snake embossed chain wallet on the top handles.30cm (H), 50cm (L), 11cm (D)Strap length: 57cmZip closureInterior laptop sleeve up to 16inchesMaterial: Leather alternativeStyle number: 5052600979",69.00,69.00,https://kg-static-cache.s3.amazonaws.com/catalog/product/cache/thumbnail/2000x2000/5/0/5052600979_40.jpg?v=1&width=800,Women > Bags > Shoulder-bags,WOMEN BAGS,24/08/2026,,FALSE,5045658593615,93,IN STOCK,,No Size,Black,,,140,TRUE,TRUE,FALSE
Carvela,5218600979,5218600979,Carvela Women's Shoulder Bag Black Synthetic Cassia,https://www.carvela.com/women/bags/shoulder-bags/cassia-hobo-bag-black-synthetic-carvela-5218600979?utm_source=display&utm_medium=programmatic&utm_campaign=performance&utm_content=rtg,"This Cassia Hobo Bag fits over the shoulder with gold branding details across the bag. There is a gold padlock detail on the shoulder straps.&nbsp;30cm (H), 43cm (L), 12cm (D)Strap length: 34cmPouch size: 14cm (H), 23cm (L)Magnetic snap closureCan fit phones up to 6inchesMaterial: Leather alternativeStyle number: 5218600979","This Cassia Hobo Bag fits over the shoulder with gold branding details across the bag. There is a gold padlock detail on the shoulder straps.&nbsp;30cm (H), 43cm (L), 12cm (D)Strap length: 34cmPouch size: 14cm (H), 23cm (L)Magnetic snap closureCan fit phones up to 6inchesMaterial: Leather alternativeStyle number: 5218600979",79.00,79.00,https://kg-static-cache.s3.amazonaws.com/catalog/product/cache/thumbnail/2000x2000/5/2/5218600979_40.jpg?v=1&width=800,Women > Bags > Shoulder-bags,WOMEN BAGS,24/08/2026,,FALSE,5045658814611,62,IN STOCK,,No Size,Black,,,168,TRUE,TRUE,FALSE
Carvela,5504063979,5504063979,Carvela Mia Shoulder -,https://www.carvela.com/women/bags/shoulder-bags/mia-shoulder-silver-synthetic-carvela-5504063979?utm_source=display&utm_medium=programmatic&utm_campaign=performance&utm_content=rtg,"This Mia Shoulder bag is crafted from a silver crystal exterior. There is a knot detail on the top handle.13cm (H), 20cm (L), 9cm (D)Strap length: 36cmCan fit phones up to 6inchesZip top closureMaterial: SyntheticStyle number: 5504063979","This Mia Shoulder bag is crafted from a silver crystal exterior. There is a knot detail on the top handle.13cm (H), 20cm (L), 9cm (D)Strap length: 36cmCan fit phones up to 6inchesZip top closureMaterial: SyntheticStyle number: 5504063979",69.00,69.00,https://kg-static-cache.s3.amazonaws.com/catalog/product/cache/thumbnail/2000x2000/5/5/5504063979_40.jpg?v=1&width=800,Women > Bags > Shoulder-bags,WOMEN BAGS,24/08/2026,,FALSE,5045659319535,45,IN STOCK,,No Size,Metallic,,,177,TRUE,TRUE,FALSE
Carvela,5521415609,5521415609,Carvela Women's Clutch Bag White Combination Fabric Spirit,https://www.carvela.com/women/bags/clutch-bags/spirit-daisy-clutch-white-comb-fabric-carvela-5521415609?utm_source=display&utm_medium=programmatic&utm_campaign=performance&utm_content=rtg,"The Spirit Daisy Clutch bag features a daisy embroidered exterior. There is a gold tone branded trim on the flap.14cm (H), 23cm (L), 4cm (D)Strap length: 109cmRemovable gold chain strapMaterial: TextileStyle number: 5521415609","The Spirit Daisy Clutch bag features a daisy embroidered exterior. There is a gold tone branded trim on the flap.14cm (H), 23cm (L), 4cm (D)Strap length: 109cmRemovable gold chain strapMaterial: TextileStyle number: 5521415609",99.00,99.00,https://kg-static-cache.s3.amazonaws.com/catalog/product/cache/thumbnail/2000x2000/5/5/5521415609_40.jpg?v=1&width=800,Women > Bags > Clutch-bags,WOMEN BAGS,24/08/2026,,FALSE,5045659354192,75,IN STOCK,,No Size,White,,,160,TRUE,TRUE,FALSE
Carvela,5521160979,5521160979,Carvela Women's Clutch Bag Bronze Synthetic Positano,https://www.carvela.com/women/bags/clutch-bags/positano-vinyl-clutch-bronze-synthetic-carvela-5521160979?utm_source=display&utm_medium=programmatic&utm_campaign=performance&utm_content=rtg,"The Positano vinyl clutch bag crafted from a bronze tinted vinyl that is completely embellished with bronze crystals. There is a gold round stud on the front flap.12cm (H), 19cm (L), 6cm (D)Strap length: 119cmChain strap can be tucked in for cross-body to clutch stylingMagnetic snap closure under flapCan fit iPhones up to 6inchesPlease take extra care when styling this piece with delicate fabricsMaterial: SyntheticStyle number: 5521160979","The Positano vinyl clutch bag crafted from a bronze tinted vinyl that is completely embellished with bronze crystals. There is a gold round stud on the front flap.12cm (H), 19cm (L), 6cm (D)Strap length: 119cmChain strap can be tucked in for cross-body to clutch stylingMagnetic snap closure under flapCan fit iPhones up to 6inchesPlease take extra care when styling this piece with delicate fabricsMaterial: SyntheticStyle number: 5521160979",99.00,99.00,https://kg-static-cache.s3.amazonaws.com/catalog/product/cache/thumbnail/2000x2000/5/5/5521160979_40.jpg?v=1&width=800,Women > Bags > Clutch-bags,WOMEN BAGS,24/08/2026,,FALSE,5045659801023,55,IN STOCK,,No Size,Metallic,,,174,TRUE,TRUE,FALSE
Carvela,5799731209,5799731209,Carvela Women's Tote Bag Dark Brown Suede Nina Tote,https://www.carvela.com/women/bags/tote-bags/nina-tote-dark-brown-suede-carvela-5799731209?utm_source=display&utm_medium=programmatic&utm_campaign=performance&utm_content=rtg,"This Nina Tote Bag is crafted from a dark brown suede leather. There is both a dark brown luggage style tag as well as a statement satin scarf wrapped around the top handle.&nbsp;27cm (H), 26cm (L), 15cm (D)Strap length: 120cmZipped interior pocketZip closureMaterial: LeatherStyle number: 5799731209","This Nina Tote Bag is crafted from a dark brown suede leather. There is both a dark brown luggage style tag as well as a statement satin scarf wrapped around the top handle.&nbsp;27cm (H), 26cm (L), 15cm (D)Strap length: 120cmZipped interior pocketZip closureMaterial: LeatherStyle number: 5799731209",189.00,189.00,https://kg-static-cache.s3.amazonaws.com/catalog/product/cache/thumbnail/2000x2000/5/7/5799731209_40.jpg?v=1&width=800,Women > Bags > Tote-bags,WOMEN BAGS,24/08/2026,,FALSE,5045659897545,57,IN STOCK,,No Size,Brown,,,171,TRUE,TRUE,FALSE
Carvela,5799847209,5799847209,Carvela Women's Tote Bag Taupe Suede Nina Mini,https://www.carvela.com/women/bags/tote-bags/nina-mini-tote-taupe-suede-carvela-5799847209?utm_source=display&utm_medium=programmatic&utm_campaign=performance&utm_content=rtg,"This Mini Nina Tote bag is crafted from a soft taupe suede leather. There are two top handles, one with a printed satin scarf detail and a branded luggage style tag attached.18cm (H), 25cm (L), 10cm (D)Strap length: 117cmZipped closureInternal zipped pouchFour gold feetMaterial: SuedeStyle number: 5799847209","This Mini Nina Tote bag is crafted from a soft taupe suede leather. There are two top handles, one with a printed satin scarf detail and a branded luggage style tag attached.18cm (H), 25cm (L), 10cm (D)Strap length: 117cmZipped closureInternal zipped pouchFour gold feetMaterial: SuedeStyle number: 5799847209",149.00,149.00,https://kg-static-cache.s3.amazonaws.com/catalog/product/cache/thumbnail/2000x2000/5/7/5799847209_40.jpg?v=1&width=800,Women > Bags > Tote-bags,WOMEN BAGS,24/08/2026,,FALSE,5045659897613,287,IN STOCK,,No Size,Taupe,,,29,TRUE,TRUE,FALSE
Carvela,5569131979,5569131979,Carvela Celia Hard Clutch Bag - Brown Microsuede Clutch Bag,https://www.carvela.com/women/bags/clutch-bags/cecilia-hard-clutch-dark-brown-synthetic-carvela-5569131979?utm_source=display&utm_medium=programmatic&utm_campaign=performance&utm_content=rtg,"This Cecilia Hard Clutch Bag is a structured clutch bag with gunmetal trim crafted from a brown microsuede. There is a crystal embellished clasp closure on the top.10cm (H), 18cm (L), 4cm (D)Strap length: 120cmBrown chain cross body strapMaterial: MicrosuedeStyle number: 55691319979","This Cecilia Hard Clutch Bag is a structured clutch bag with gunmetal trim crafted from a brown microsuede. There is a crystal embellished clasp closure on the top.10cm (H), 18cm (L), 4cm (D)Strap length: 120cmBrown chain cross body strapMaterial: MicrosuedeStyle number: 55691319979",119.00,119.00,https://kg-static-cache.s3.amazonaws.com/catalog/product/cache/thumbnail/2000x2000/5/5/5569131979_40.jpg?v=1&width=800,Women > Bags > Clutch-bags,WOMEN BAGS,24/08/2026,,FALSE,5020414729460,111,IN STOCK,,No Size,Brown,,,129,TRUE,TRUE,FALSE
Carvela,5216300609,5216300609,Carvela Women's Hobo Bag Black Fabric Gina,https://www.carvela.com/women/bags/shoulder-bags/gina-hobo-black-fabric-carvela-5216300609?utm_source=display&utm_medium=programmatic&utm_campaign=performance&utm_content=rtg,"This Gina Hobo arrives in a black faux fur. There is a simple black shoulder strap with black tassel charm attached to the zip top closure28cm (H), 43cm (L), 12cm (D)Strap length: 47cmFour gold tone feetMaterial: FabricStyle number: 5216300609","This Gina Hobo arrives in a black faux fur. There is a simple black shoulder strap with black tassel charm attached to the zip top closure28cm (H), 43cm (L), 12cm (D)Strap length: 47cmFour gold tone feetMaterial: FabricStyle number: 5216300609",139.00,139.00,https://kg-static-cache.s3.amazonaws.com/catalog/product/cache/thumbnail/2000x2000/5/2/5216300609_40.jpg?v=1&width=800,Women > Bags > Shoulder-bags,WOMEN BAGS,24/08/2026,,FALSE,5020414729545,257,IN STOCK,,No Size,Black,,,33,TRUE,TRUE,FALSE
Carvela,6328500069,6328500069,Carvela Women's Clutch Bag Fabric Other Incanto,https://www.carvela.com/women/bags/clutch-bags/incanto-flower-bag-black-fabric-other-carvela-6328500069?utm_source=display&utm_medium=programmatic&utm_campaign=performance&utm_content=rtg,"The Incanto Flower bag is a black satin &nbsp;bag that I accented with 3D fabric flowers across the front of the bag. There is gold Carvela branding on the back of the bag.12cm (H), 19cm (L), 3cm (D)Strap length: 95cmOptional gold chain cross body strapCan fit phones up to 6inchesInterior lining pocketMaterial: FabricStyle number: 6328500069","The Incanto Flower bag is a black satin &nbsp;bag that I accented with 3D fabric flowers across the front of the bag. There is gold Carvela branding on the back of the bag.12cm (H), 19cm (L), 3cm (D)Strap length: 95cmOptional gold chain cross body strapCan fit phones up to 6inchesInterior lining pocketMaterial: FabricStyle number: 6328500069",129.00,129.00,https://kg-static-cache.s3.amazonaws.com/catalog/product/cache/thumbnail/2000x2000/6/3/6328500069_40.jpg?v=1&width=800,Women > Bags > Clutch-bags,WOMEN BAGS,24/08/2026,,FALSE,5020414729750,157,IN STOCK,,No Size,Black,,,92,TRUE,TRUE,FALSE
Carvela,6328861069,6328861069,Carvela Lazio Clutch Bag - Gold Fabric Microsuede Lazio Clutch Bag,https://www.carvela.com/women/bags/clutch-bags/lazio-clutch-bag-gold-fabric-other-carvela-6328861069?utm_source=display&utm_medium=programmatic&utm_campaign=performance&utm_content=rtg,"This Lazio Clutch Bag is crafted from a gold microsuede that is embellished with gold crystals across the exterior and top handle. There is gold branding on the front of the bag.12cm (H), 20cm (L), 6cm (D)Strap length: 102cmOptional gold chain cross body strapCan fit phones up to 6inchesDue to the natural of the fabric used, some colour transfer may occur when wetFour gold tone feetInterior slip pocketMaterial: SatinStyle number: 6328861069","This Lazio Clutch Bag is crafted from a gold microsuede that is embellished with gold crystals across the exterior and top handle. There is gold branding on the front of the bag.12cm (H), 20cm (L), 6cm (D)Strap length: 102cmOptional gold chain cross body strapCan fit phones up to 6inchesDue to the natural of the fabric used, some colour transfer may occur when wetFour gold tone feetInterior slip pocketMaterial: SatinStyle number: 6328861069",99.00,99.00,https://kg-static-cache.s3.amazonaws.com/catalog/product/cache/thumbnail/2000x2000/6/3/6328861069_40.jpg?v=1&width=800,Women > Bags > Clutch-bags,WOMEN BAGS,24/08/2026,,TRUE,5020414729903,192,IN STOCK,,No Size,Metallic,,,72,TRUE,TRUE,FALSE
Carvela,5052239979,5052239979,Carvela women's Shoulder Bag Brown Other Synthetic Large Rosa,https://www.carvela.com/women/bags/shoulder-bags/large-rosa-chain-shoulder-brown-other-synthetic-carvela-5052239979?utm_source=display&utm_medium=programmatic&utm_campaign=performance&utm_content=rtg,"The Large Rosa Chain shoulder bag features a patchwork style exterior in a leopard printed microsuede and black leather alternative. There is gold tone branding on the front and hardware details across the bag.17cm (H), 26cm (L), 7cm (D)Strap length: 63cmTwo gold tone shoulder chain strapInterior lining pocketCan fit phones up to 6inchesMagnetic snap closureMaterial: SyntheticStyle number: 5052239979","The Large Rosa Chain shoulder bag features a patchwork style exterior in a leopard printed microsuede and black leather alternative. There is gold tone branding on the front and hardware details across the bag.17cm (H), 26cm (L), 7cm (D)Strap length: 63cmTwo gold tone shoulder chain strapInterior lining pocketCan fit phones up to 6inchesMagnetic snap closureMaterial: SyntheticStyle number: 5052239979",89.00,89.00,https://kg-static-cache.s3.amazonaws.com/catalog/product/cache/thumbnail/2000x2000/5/0/5052239979_40.jpg?v=1&width=800,Women > Bags > Shoulder-bags,WOMEN BAGS,24/08/2026,,FALSE,5020414730312,92,IN STOCK,,No Size,Brown Other,,,143,TRUE,TRUE,FALSE
Carvela,6329847069,6329847069,Carvela Tracolla Tote Bag - Taupe Fabric Tote Bag,https://www.carvela.com/women/bags/shoulder-bags/tracolla-tote-bag-taupe-fabric-other-carvela-6329847069?utm_source=display&utm_medium=programmatic&utm_campaign=performance&utm_content=rtg,"Crafted from a super soft faux fur, the Tracolla Tote bag is softly structured and sits on the shoulder. There is a statement taupe tassel charm detail on the shoulder strap.39cm (H), 36cm (L), 13cm (D)Strap length: 50cmMagnetic snap closureCan fit laptops up to 14inchesFour gold feetInterior zipped pocket&nbsp;Material: Faux FurStyle number: 6329847069","Crafted from a super soft faux fur, the Tracolla Tote bag is softly structured and sits on the shoulder. There is a statement taupe tassel charm detail on the shoulder strap.39cm (H), 36cm (L), 13cm (D)Strap length: 50cmMagnetic snap closureCan fit laptops up to 14inchesFour gold feetInterior zipped pocket&nbsp;Material: Faux FurStyle number: 6329847069",79.00,79.00,https://kg-static-cache.s3.amazonaws.com/catalog/product/cache/thumbnail/2000x2000/6/3/6329847069_40.jpg?v=1&width=800,Women > Bags > Shoulder-bags,WOMEN BAGS,24/08/2026,,FALSE,5020414730398,171,IN STOCK,,No Size,Taupe,,,83,TRUE,TRUE,FALSE
Carvela,6330151979,6330151979,Carvela Cappuccino Mini Tote - Dark Red Synthetic Tote Bag,https://www.carvela.com/women/bags/shoulder-bags/cappuccino-mini-tote-red-dark-synthetic-carvela-6330151979?utm_source=display&utm_medium=programmatic&utm_campaign=performance&utm_content=rtg,"This Mini Cappuccino Tote Bag is crafted from a dark red pebble grained leather alternative. There are gold branding details across the bag including a padlock charm on the top handles.&nbsp;20cm (H), 29cm (L), 10cm (D)Strap length: 123cmInterior pouch: 11cm (H), 16cm (L)Optional cross body strapCan fit phone up to 6inches&nbsp;Material: Leather alternativeStyle number: 6330151979","This Mini Cappuccino Tote Bag is crafted from a dark red pebble grained leather alternative. There are gold branding details across the bag including a padlock charm on the top handles.&nbsp;20cm (H), 29cm (L), 10cm (D)Strap length: 123cmInterior pouch: 11cm (H), 16cm (L)Optional cross body strapCan fit phone up to 6inches&nbsp;Material: Leather alternativeStyle number: 6330151979",79.00,79.00,https://kg-static-cache.s3.amazonaws.com/catalog/product/cache/thumbnail/2000x2000/6/3/6330151979_40.jpg?v=1&width=800,Women > Bags > Shoulder-bags,WOMEN BAGS,24/08/2026,,FALSE,5020414730503,294,IN STOCK,,No Size,Red,,,27,TRUE,TRUE,FALSE
Carvela,6330400799,6330400799,Carvela Women's Tote Bag Suedette Juno Whipstitch,https://www.carvela.com/women/bags/shoulder-bags/juno-whipstitch-tote-black-suedette-carvela-6330400799?utm_source=display&utm_medium=programmatic&utm_campaign=performance&utm_content=rtg,"This Juno Whipstitch tote bag is crafted from a black microsuede with stitching detail around the edges. The top handles are accented with a black microsuede branded tag as well as silver padlock charm.26cm (H), 41cm (L), 15m (D)Strap length: 60cmCan fit phones up to 6inchesZip closureFour silver feetMaterial: MicrosuedeStyle number: 6330400799","This Juno Whipstitch tote bag is crafted from a black microsuede with stitching detail around the edges. The top handles are accented with a black microsuede branded tag as well as silver padlock charm.26cm (H), 41cm (L), 15m (D)Strap length: 60cmCan fit phones up to 6inchesZip closureFour silver feetMaterial: MicrosuedeStyle number: 6330400799",89.00,89.00,https://kg-static-cache.s3.amazonaws.com/catalog/product/cache/thumbnail/2000x2000/6/3/6330400799_40.jpg?v=1&width=800,Women > Bags > Shoulder-bags,WOMEN BAGS,24/08/2026,,FALSE,5020414730558,221,IN STOCK,,No Size,Black,,,56,TRUE,TRUE,FALSE
Carvela,6330500799,6330500799,Carvela Women's Tote Bag Black Suedette Juno Whipstitch,https://www.carvela.com/women/bags/shoulder-bags/juno-whipstitch-mini-black-suedette-carvela-6330500799?utm_source=display&utm_medium=programmatic&utm_campaign=performance&utm_content=rtg,"This Mini Juno Whipstitch bag is crafted from a black microsuede with stitching detail around the edges. The top handles are accented with a black microsuede branded tag as well as silver padlock charm.19cm (H), 29cm (L), 10m (D)Strap length: 123cmOptional microsuede cross body strapCan fit phones up to 6inchesZip closureFour silver feetMaterial: MicrosuedeStyle number: 6330500799","This Mini Juno Whipstitch bag is crafted from a black microsuede with stitching detail around the edges. The top handles are accented with a black microsuede branded tag as well as silver padlock charm.19cm (H), 29cm (L), 10m (D)Strap length: 123cmOptional microsuede cross body strapCan fit phones up to 6inchesZip closureFour silver feetMaterial: MicrosuedeStyle number: 6330500799",79.00,79.00,https://kg-static-cache.s3.amazonaws.com/catalog/product/cache/thumbnail/2000x2000/6/3/6330500799_40.jpg?v=1&width=800,Women > Bags > Shoulder-bags,WOMEN BAGS,24/08/2026,,FALSE,5020414730572,221,IN STOCK,,No Size,Black,,,57,TRUE,TRUE,FALSE
Carvela,6330576799,6330576799,Carvela Juno Whipstitch Mini - Khaki Microsuede Mini Tote Bag,https://www.carvela.com/women/bags/shoulder-bags/juno-whipstitch-mini-khaki-suedette-carvela-6330576799?utm_source=display&utm_medium=programmatic&utm_campaign=performance&utm_content=rtg,"This Mini Juno Whipstitch bag is crafted from a khaki microsuede with stitching detail around the edges. The top handles are accented with a khaki microsuede branded tag as well as a gold padlock charm.19cm (H), 29cm (L), 10m (D)Strap length: 123cmOptional microsuede cross body strapCan fit phones up to 6inchesZip closureFour gold feetMaterial: MicrosuedeStyle number: 6330576799","This Mini Juno Whipstitch bag is crafted from a khaki microsuede with stitching detail around the edges. The top handles are accented with a khaki microsuede branded tag as well as a gold padlock charm.19cm (H), 29cm (L), 10m (D)Strap length: 123cmOptional microsuede cross body strapCan fit phones up to 6inchesZip closureFour gold feetMaterial: MicrosuedeStyle number: 6330576799",79.00,79.00,https://kg-static-cache.s3.amazonaws.com/catalog/product/cache/thumbnail/2000x2000/6/3/6330576799_40.jpg?v=1&width=800,Women > Bags > Shoulder-bags,WOMEN BAGS,24/08/2026,,FALSE,5020414730596,116,IN STOCK,,No Size,Green,,,127,TRUE,TRUE,FALSE
Carvela,6343709069,6343709069,Carvela Women's Shoulder Bag Black Other Fabric Other Brando,https://www.carvela.com/women/bags/shoulder-bags/brando-shoulder-black-other-fabric-other-carvela-6343709069?utm_source=display&utm_medium=programmatic&utm_campaign=performance&utm_content=rtg,"This Brando Shoulder bag is crafted from a black fabric with crystal embellishment. There is a gunmetal branding detail on the front of the bag complimenting the zip closure.&nbsp;11cm (H), 28cm (L), 6cm (D)Strap length: 51cmShoulder strapCan fit laptops up to 6inchesMaterial: FabricStyle number: 6343709069","This Brando Shoulder bag is crafted from a black fabric with crystal embellishment. There is a gunmetal branding detail on the front of the bag complimenting the zip closure.&nbsp;11cm (H), 28cm (L), 6cm (D)Strap length: 51cmShoulder strapCan fit laptops up to 6inchesMaterial: FabricStyle number: 6343709069",99.00,99.00,https://kg-static-cache.s3.amazonaws.com/catalog/product/cache/thumbnail/2000x2000/6/3/6343709069_40.jpg?v=1&width=800,Women > Bags > Shoulder-bags,WOMEN BAGS,24/08/2026,,FALSE,5020414751096,149,IN STOCK,,No Size,Black Other,,,99,TRUE,TRUE,FALSE
Carvela,5052800979,5052800979,Carvela Women's Backpack Black Synthetic Large Backpack,https://www.carvela.com/women/bags/large-backpack-black-synthetic-carvela-5052800979?utm_source=display&utm_medium=programmatic&utm_campaign=performance&utm_content=rtg,"This Large backpack is crafted from a pebble grained leather alternative. There are two open pockets on either side of the bag and a removable small pouch.35cm (H), 28cm (L), 15cm (D)Strap length: 88cmZip closureInterior lining pocketCan fit phones up to 6inchesMaterial: Leather alternativeStyle number: 5052800979","This Large backpack is crafted from a pebble grained leather alternative. There are two open pockets on either side of the bag and a removable small pouch.35cm (H), 28cm (L), 15cm (D)Strap length: 88cmZip closureInterior lining pocketCan fit phones up to 6inchesMaterial: Leather alternativeStyle number: 5052800979",69.00,69.00,https://kg-static-cache.s3.amazonaws.com/catalog/product/cache/thumbnail/2000x2000/5/0/5052800979_40.jpg?v=1&width=800,Women > Bags,WOMEN BAGS,24/08/2026,,FALSE,5045658593639,219,IN STOCK,,No Size,Black,,,58,TRUE,TRUE,FALSE
Carvela,3724551409,3724551409,Carvela Women's Tote Bag Dark Red Synthetic Jessica,https://www.carvela.com/women/bags/crossbody-bags/jessica-mini-tote-2-red-dark-croc-print-carvela-3724551409?utm_source=display&utm_medium=programmatic&utm_campaign=performance&utm_content=rtg,"The Jessica Mini Tote features a dark red croc embossed exterior with top grab handle for versatile wear.17cm (H), 21cm (L), 8cm (D)&nbsp;Strap drop cross body: 97cmAdjustable cross body strapGold tone branded zip closureEnamel branded plate on the frontCan fit phones up to 7 inchesSmall internal lining pocketExterior: Leather alternativeInterior: Monogrammed interior liningStyle number:3724551409","The Jessica Mini Tote features a dark red croc embossed exterior with top grab handle for versatile wear.17cm (H), 21cm (L), 8cm (D)&nbsp;Strap drop cross body: 97cmAdjustable cross body strapGold tone branded zip closureEnamel branded plate on the frontCan fit phones up to 7 inchesSmall internal lining pocketExterior: Leather alternativeInterior: Monogrammed interior liningStyle number:3724551409",79.00,79.00,https://kg-static-cache.s3.amazonaws.com/catalog/product/cache/thumbnail/2000x2000/3/7/3724551409_40.jpg?v=1&width=800,Women > Bags > Crossbody-bags,WOMEN BAGS,24/08/2026,,FALSE,5045658814161,38,IN STOCK,,No Size,Red,,,184,TRUE,TRUE,FALSE
Carvela,5441300829,5441300829,Carvela Women's Clutch Bag Black Synthetic Cristallo,https://www.carvela.com/women/bags/crossbody-bags/cristallo-clutch-black-polyurethane-carvela-5441300829?utm_source=display&utm_medium=programmatic&utm_campaign=performance&utm_content=rtg,"This Cristallo Clutch Bag is crafted from a smoked perspex which is embellished with black &nbsp;crystals. There is a black embellished zipped pouch inside for important items.11cm (H), 17cm (L), 5cm (D)Strap length: 122cmOptional cross body strapCan fit phones up to 6inchesPlease take extra care when styling this piece with delicate fabricsMaterial: SyntheticStyle number: 5441300829","This Cristallo Clutch Bag is crafted from a smoked perspex which is embellished with black &nbsp;crystals. There is a black embellished zipped pouch inside for important items.11cm (H), 17cm (L), 5cm (D)Strap length: 122cmOptional cross body strapCan fit phones up to 6inchesPlease take extra care when styling this piece with delicate fabricsMaterial: SyntheticStyle number: 5441300829",39.00,39.00,https://kg-static-cache.s3.amazonaws.com/catalog/product/cache/thumbnail/2000x2000/5/4/5441300829_40.jpg?v=1&width=800,Women > Bags > Crossbody-bags,WOMEN BAGS,24/08/2026,,FALSE,5045659340966,34,IN STOCK,,No Size,Black,,,186,TRUE,TRUE,FALSE
Carvela,5594966449,5594966449,Carvela Women's Clutch Bag Gold Combination Raffia Marina,https://www.carvela.com/women/bags/clutch-bags/marina-starfish-clutch-gold-combination-raffia-carvela-5594966449?utm_source=display&utm_medium=programmatic&utm_campaign=performance&utm_content=rtg,"This Marina Starfish Clutch bag is crafted from a metallic gold leather alternative. There are five crystal embellished starfish across the front of the clutch bag.8cm (H), 18cm (L), 3cm (D)Strap length: 122cmOptional cross body strapMaterial: Leather alternativeStyle number: 5594966449","This Marina Starfish Clutch bag is crafted from a metallic gold leather alternative. There are five crystal embellished starfish across the front of the clutch bag.8cm (H), 18cm (L), 3cm (D)Strap length: 122cmOptional cross body strapMaterial: Leather alternativeStyle number: 5594966449",119.00,119.00,https://kg-static-cache.s3.amazonaws.com/catalog/product/cache/thumbnail/2000x2000/5/5/5594966449_40.jpg?v=1&width=800,Women > Bags > Clutch-bags,WOMEN BAGS,24/08/2026,,FALSE,5045659487968,184,IN STOCK,,No Size,Metallic,,,78,TRUE,TRUE,FALSE
Carvela,4611747979,4611747979,Carvela Women's Tote Bag Taupe Synthetic Maria,https://www.carvela.com/women/bags/crossbody-bags/maria-mini-weave-taupe-synthetic-carvela-4611747979?utm_source=display&utm_medium=programmatic&utm_campaign=performance&utm_content=rtg,"The Mini Maria Stripe bag is a taupe woven style tote bag. There are taupe leather alternative trims and luggage style tag on the front.19cm (H), 25cm (W), 11cm (D)Strap length: 123cmStrap drop: 59cmFlap over magnetic closureInterior central zipped pocketOuter: TextileInterior: Monogrammed interior liningStyle number: 4611747979","The Mini Maria Stripe bag is a taupe woven style tote bag. There are taupe leather alternative trims and luggage style tag on the front.19cm (H), 25cm (W), 11cm (D)Strap length: 123cmStrap drop: 59cmFlap over magnetic closureInterior central zipped pocketOuter: TextileInterior: Monogrammed interior liningStyle number: 4611747979",79.00,79.00,https://kg-static-cache.s3.amazonaws.com/catalog/product/cache/thumbnail/2000x2000/4/6/4611747979_40.jpg?v=1&width=800,Women > Bags > Crossbody-bags,WOMEN BAGS,24/08/2026,,FALSE,5045659550884,77,IN STOCK,,No Size,Taupe,,,158,TRUE,TRUE,FALSE
Carvela,3724530409,3724530409,Carvela Women's Tote Brown Croc Print Jessica,https://www.carvela.com/women/bags/tote-bags/jessica-mini-tote-2-brown-croc-print-carvela-3724530409?utm_source=display&utm_medium=programmatic&utm_campaign=performance&utm_content=rtg,"The Jessica Mini Tote features a brown croc embossed exterior with top grab handle for versatile wear.17cm (H), 21cm (L), 8cm (D)&nbsp;Strap drop cross body: 97cmAdjustable cross body strapGold tone branded zip closureEnamel branded plate on the frontCan fit phones up to 7 inchesSmall internal lining pocketExterior: Leather alternativeInterior: Monogrammed interior liningStyle number: 3724530409","The Jessica Mini Tote features a brown croc embossed exterior with top grab handle for versatile wear.17cm (H), 21cm (L), 8cm (D)&nbsp;Strap drop cross body: 97cmAdjustable cross body strapGold tone branded zip closureEnamel branded plate on the frontCan fit phones up to 7 inchesSmall internal lining pocketExterior: Leather alternativeInterior: Monogrammed interior liningStyle number: 3724530409",79.00,79.00,https://kg-static-cache.s3.amazonaws.com/catalog/product/cache/thumbnail/2000x2000/3/7/3724530409_40.jpg?v=1&width=800,Women > Bags > Tote-bags,WOMEN BAGS,24/08/2026,,FALSE,5020414287403,84,IN STOCK,,No Size,Brown,,,152,TRUE,TRUE,FALSE
Carvela,5569100979,5569100979,Carvela Cecilia Hard Clutch Bag - Black Microsuede Clutch Bag,https://www.carvela.com/women/bags/clutch-bags/cecilia-hard-clutch-black-synthetic-carvela-5569100979?utm_source=display&utm_medium=programmatic&utm_campaign=performance&utm_content=rtg,"This Cecilia Hard Clutch Bag is a structured clutch bag with silver trim crafted from a black microsuede. There is a crystal embellished clasp closure on the top.10cm (H), 18cm (L), 4cm (D)Strap length: 120cmSilver chain cross body strapMaterial: MicrosuedeStyle number: 5569100979","This Cecilia Hard Clutch Bag is a structured clutch bag with silver trim crafted from a black microsuede. There is a crystal embellished clasp closure on the top.10cm (H), 18cm (L), 4cm (D)Strap length: 120cmSilver chain cross body strapMaterial: MicrosuedeStyle number: 5569100979",119.00,119.00,https://kg-static-cache.s3.amazonaws.com/catalog/product/cache/thumbnail/2000x2000/5/5/5569100979_40.jpg?v=1&width=800,Women > Bags > Clutch-bags,WOMEN BAGS,24/08/2026,,FALSE,5020414729453,119,IN STOCK,,No Size,Black,,,126,TRUE,TRUE,FALSE
Carvela,6328431979,6328431979,Carvela Women's Cross Body Bag Dark Brown Synthetic Montena,https://www.carvela.com/women/bags/shoulder-bags/montena-shoulder-bag-dark-brown-synthetic-carvela-6328431979?utm_source=display&utm_medium=programmatic&utm_campaign=performance&utm_content=rtg,"This Montana Shoulder Bag is crafted from a dark brown leather alternative with shine. There is gunmetal Carvela branding on the front of the bag.13cm (H), 27cm (L), 9cm (D)Strap length cross body: 110cmStrap length shoulder: 44cmThree alternative straps which can be added for personal stylingInside zipped pocketStyle number: 6328431979","This Montana Shoulder Bag is crafted from a dark brown leather alternative with shine. There is gunmetal Carvela branding on the front of the bag.13cm (H), 27cm (L), 9cm (D)Strap length cross body: 110cmStrap length shoulder: 44cmThree alternative straps which can be added for personal stylingInside zipped pocketStyle number: 6328431979",99.00,99.00,https://kg-static-cache.s3.amazonaws.com/catalog/product/cache/thumbnail/2000x2000/6/3/6328431979_40.jpg?v=1&width=800,Women > Bags > Shoulder-bags,WOMEN BAGS,24/08/2026,,FALSE,5020414729712,235,IN STOCK,,No Size,Brown,,,49,TRUE,TRUE,FALSE
Carvela,5799733209,5799733209,Carvela Nina Tote Bag -,https://www.carvela.com/women/bags/tote-bags/nina-tote-tan-suede-carvela-5799733209?utm_source=display&utm_medium=programmatic&utm_campaign=performance&utm_content=rtg,"This Nina Tote Bag is crafted from a brown suede leather. There is both a black luggage style tag as well as a brown printed satin scarf wrapped around one of the top handles.27cm (H), 26cm (L), 15cm (D)Strap length: 120cmZipped interior pocketFour gold feetZip closureMaterial: Suede leatherStyle number: 5799733209","This Nina Tote Bag is crafted from a brown suede leather. There is both a black luggage style tag as well as a brown printed satin scarf wrapped around one of the top handles.27cm (H), 26cm (L), 15cm (D)Strap length: 120cmZipped interior pocketFour gold feetZip closureMaterial: Suede leatherStyle number: 5799733209",189.00,189.00,https://kg-static-cache.s3.amazonaws.com/catalog/product/cache/thumbnail/2000x2000/5/7/5799733209_40.jpg?v=1&width=800,Women > Bags > Tote-bags,WOMEN BAGS,24/08/2026,,FALSE,5020414729798,206,IN STOCK,,No Size,Tan,,,66,TRUE,TRUE,FALSE
Carvela,4611731799,4611731799,Carvela Maria Mini Weave - Dark Brown Woven Tote Bag,https://www.carvela.com/women/bags/shoulder-bags/maria-mini-weave-dark-brown-suedette-carvela-4611731799?utm_source=display&utm_medium=programmatic&utm_campaign=performance&utm_content=rtg,"The Mini Maria Stripe bag is a dark brown tote bag crafted from a soft microsuede. There are dark leather alternative trims and luggage style tag on the front.19cm (H), 25cm (L), 11cm (D)Strap length: 123cmStrap drop: 59cmFlap over magnetic closureInterior central zipped pocketOuter: TextileInterior: Monogrammed interior liningStyle number: 4611731799","The Mini Maria Stripe bag is a dark brown tote bag crafted from a soft microsuede. There are dark leather alternative trims and luggage style tag on the front.19cm (H), 25cm (L), 11cm (D)Strap length: 123cmStrap drop: 59cmFlap over magnetic closureInterior central zipped pocketOuter: TextileInterior: Monogrammed interior liningStyle number: 4611731799",79.00,79.00,https://kg-static-cache.s3.amazonaws.com/catalog/product/cache/thumbnail/2000x2000/4/6/4611731799_40.jpg?v=1&width=800,Women > Bags > Shoulder-bags,WOMEN BAGS,24/08/2026,,FALSE,5020414729927,243,IN STOCK,,No Size,Brown,,,42,TRUE,TRUE,FALSE
Carvela,6329551979,6329551979,Carvela Women's Tote Bag Dark Red Synthetic Tatianna,https://www.carvela.com/women/bags/shoulder-bags/tatianna-tote-red-dark-synthetic-carvela-6329551979?utm_source=display&utm_medium=programmatic&utm_campaign=performance&utm_content=rtg,"Arriving in a deep red leather alternative, the Tatianna Tote bag sits over the shoulder. A strap fastened with gold push lock fastening sits around the rim of the winged bag.27cm (H), 34cm (L), 17cm (D)Strap length: 65cmZip top closureFour gold feetInterior zipped pocketMaterial: Leather alternativeStyle number: 6329551979","Arriving in a deep red leather alternative, the Tatianna Tote bag sits over the shoulder. A strap fastened with gold push lock fastening sits around the rim of the winged bag.27cm (H), 34cm (L), 17cm (D)Strap length: 65cmZip top closureFour gold feetInterior zipped pocketMaterial: Leather alternativeStyle number: 6329551979",89.00,89.00,https://kg-static-cache.s3.amazonaws.com/catalog/product/cache/thumbnail/2000x2000/6/3/6329551979_40.jpg?v=1&width=800,Women > Bags > Shoulder-bags,WOMEN BAGS,24/08/2026,,FALSE,5020414730169,133,IN STOCK,,No Size,Red,,,113,TRUE,TRUE,FALSE
Carvela,6330947979,6330947979,Carvela Livia Scoop Bag - Taupe Cross Body Bag,https://www.carvela.com/women/bags/shoulder-bags/livia-scoop-taupe-synthetic-carvela-6330947979?utm_source=display&utm_medium=programmatic&utm_campaign=performance&utm_content=rtg,"This Livia Scoop is a cross body bag crafted from a taupe textured leather alternative. There are two gold buckles to adjust the cross body strap matching the Carvela branding on the front.18cm (H),28cm (L), 10cm (D)Strap length: 109cmAdjustable cross body strapZip top closure&nbsp;Material: Leather alternativeStyle number: 6330947979","This Livia Scoop is a cross body bag crafted from a taupe textured leather alternative. There are two gold buckles to adjust the cross body strap matching the Carvela branding on the front.18cm (H),28cm (L), 10cm (D)Strap length: 109cmAdjustable cross body strapZip top closure&nbsp;Material: Leather alternativeStyle number: 6330947979",69.00,69.00,https://kg-static-cache.s3.amazonaws.com/catalog/product/cache/thumbnail/2000x2000/6/3/6330947979_40.jpg?v=1&width=800,Women > Bags > Shoulder-bags,WOMEN BAGS,24/08/2026,,FALSE,5020414730701,84,IN STOCK,,No Size,Taupe,,,153,TRUE,TRUE,FALSE
Carvela,6331831979,6331831979,Carvela Women's Tote Bag Dark Brown Synthetic Tatianna,https://www.carvela.com/women/bags/tote-bags/tatianna-tote-dark-brown-synthetic-carvela-6331831979?utm_source=display&utm_medium=programmatic&utm_campaign=performance&utm_content=rtg,"Arriving in a dark red leather alternative, the Tatianna Tote bag sits over the shoulder. A strap fastened with gold push lock fastening sits around the rim of the winged bag.27cm (H), 34cm (L), 17cm (D)Strap length: 65cmZip top closureFour gold feetInterior zipped pocketMaterial: Leather alternativeStyle number: 6331831979","Arriving in a dark red leather alternative, the Tatianna Tote bag sits over the shoulder. A strap fastened with gold push lock fastening sits around the rim of the winged bag.27cm (H), 34cm (L), 17cm (D)Strap length: 65cmZip top closureFour gold feetInterior zipped pocketMaterial: Leather alternativeStyle number: 6331831979",89.00,89.00,https://kg-static-cache.s3.amazonaws.com/catalog/product/cache/thumbnail/2000x2000/6/3/6331831979_40.jpg?v=1&width=800,Women > Bags > Tote-bags,WOMEN BAGS,24/08/2026,,FALSE,5020414730770,225,IN STOCK,,No Size,Brown,,,55,TRUE,TRUE,FALSE
Carvela,0291871069,0291871069,Carvela Women's Clutch Bag Dark Green Fabric Other Stargaze,https://www.carvela.com/women/bags/clutch-bags/stargaze-clutch-dark-green-fabric-other-carvela-0291871069?utm_source=display&utm_medium=programmatic&utm_campaign=performance&utm_content=rtg,"The Stargaze Envelope Clutch bag features a green exterior with crystal embellishment across the exterior. There is gold tone branding on the back.14cm (H), 23cm (L), 2cm (D)Strap length: 109cmStrap drop: 50cmRemovable chain strapPlease take extra care when styling this piece with delicate fabricsMaterial: TextileStyle number: 0291871069","The Stargaze Envelope Clutch bag features a green exterior with crystal embellishment across the exterior. There is gold tone branding on the back.14cm (H), 23cm (L), 2cm (D)Strap length: 109cmStrap drop: 50cmRemovable chain strapPlease take extra care when styling this piece with delicate fabricsMaterial: TextileStyle number: 0291871069",69.00,69.00,https://kg-static-cache.s3.amazonaws.com/catalog/product/cache/thumbnail/2000x2000/0/2/0291871069_40.jpg?v=1&width=800,Women > Bags > Clutch-bags,WOMEN BAGS,24/08/2026,,FALSE,5020414751065,111,IN STOCK,,No Size,Green,,,130,TRUE,TRUE,FALSE
Carvela,5594863449,5594863449,Carvela Marina Starfish Micro - Silver Raffia Micro Bag,https://www.carvela.com/women/bags/crossbody-bags/marina-starfish-micro-silver-raffia-carvela-5594863449?utm_source=display&utm_medium=programmatic&utm_campaign=performance&utm_content=rtg,"This Micro Marina Starfish Bag is crafted from a beige raffia fabric which is embellished with seven silver crystal starfish. There is a simple zip closure at the top of the bag. There are silver tone branding details across the exterior of the bag.16cm (H), 21cm (L), 9cm (D)Strap length: 125cmRemovable cross body strapCan fit phones up to 6inchesFour silver feetMaterial: FabricStyle number: 5594863449","This Micro Marina Starfish Bag is crafted from a beige raffia fabric which is embellished with seven silver crystal starfish. There is a simple zip closure at the top of the bag. There are silver tone branding details across the exterior of the bag.16cm (H), 21cm (L), 9cm (D)Strap length: 125cmRemovable cross body strapCan fit phones up to 6inchesFour silver feetMaterial: FabricStyle number: 5594863449",119.00,119.00,https://kg-static-cache.s3.amazonaws.com/catalog/product/cache/thumbnail/2000x2000/5/5/5594863449_40.jpg?v=1&width=800,Women > Bags > Crossbody-bags,WOMEN BAGS,24/08/2026,,TRUE,5020414799326,186,IN STOCK,,No Size,Metallic,,,76,TRUE,TRUE,FALSE
Carvela,5569105069,5569105069,Carvela Cecilia Hard Clutch -,https://www.carvela.com/women/bags/clutch-bags/cecilia-hard-clutch-black-combination-fabric-other-carvela-5569105069?utm_source=display&utm_medium=programmatic&utm_campaign=performance&utm_content=rtg,"This Cecilia Hard Clutch Bag is a structured clutch bag with gold trim crafted from a black fabric with black crystal embellishments. There is a crystal embellished clasp closure on the top.10cm (H), 18cm (L), 4cm (D)Strap length: 120cmGold chain cross body strapMaterial: FabricStyle number: 5569105069","This Cecilia Hard Clutch Bag is a structured clutch bag with gold trim crafted from a black fabric with black crystal embellishments. There is a crystal embellished clasp closure on the top.10cm (H), 18cm (L), 4cm (D)Strap length: 120cmGold chain cross body strapMaterial: FabricStyle number: 5569105069",119.00,119.00,https://kg-static-cache.s3.amazonaws.com/catalog/product/cache/thumbnail/2000x2000/5/5/5569105069_40.jpg?v=1&width=800,Women > Bags > Clutch-bags,WOMEN BAGS,24/08/2026,,FALSE,5020414835345,171,IN STOCK,,No Size,Black Combination,,,84,TRUE,TRUE,FALSE
Carvela,5569150069,5569150069,Carvela Cecilia Hard Clutch -,https://www.carvela.com/women/bags/clutch-bags/cecilia-hard-clutch-red-fabric-other-carvela-5569150069?utm_source=display&utm_medium=programmatic&utm_campaign=performance&utm_content=rtg,"This Cecilia Hard Clutch Bag is a structured clutch bag with gunmetal trim with a red crystal embellishment. There is a crystal embellished clasp closure on the top.10cm (H), 18cm (L), 4cm (D)Strap length: 120cmGunmetal chain cross body strapMaterial: OtherStyle number: 5569150069","This Cecilia Hard Clutch Bag is a structured clutch bag with gunmetal trim with a red crystal embellishment. There is a crystal embellished clasp closure on the top.10cm (H), 18cm (L), 4cm (D)Strap length: 120cmGunmetal chain cross body strapMaterial: OtherStyle number: 5569150069",119.00,119.00,https://kg-static-cache.s3.amazonaws.com/catalog/product/cache/thumbnail/2000x2000/5/5/5569150069_40.jpg?v=1&width=800,Women > Bags > Clutch-bags,WOMEN BAGS,24/08/2026,,FALSE,5020414835352,169,IN STOCK,,No Size,Red,,,86,TRUE,TRUE,FALSE
Carvela,6327941979,6327941979,Carvela Women's Shoulder Bag Bone Synthetic Fernanda,https://www.carvela.com/women/bags/shoulder-bags/fernanda-shoulder-bag-bone-synthetic-carvela-6327941979?utm_source=display&utm_medium=programmatic&utm_campaign=performance&utm_content=rtg,"Arriving in a chic structured bone leather alternative with texture, this Fernanda Shoulder Bag can be worn on the shoulder or across the body. There is brushed gold branding on the front flap completing the lobster clasp fastening of the straps.15cm (H), 25cm (L), 8cm (D)Strap length shoulder: 54cmStrap length cross body: 125cmTwo optional strapsFront open pocket under flapInterior zipped pocketCan fit phones up to 6inchesMagnetic snap closure under front flapMaterial: Leather alternativeStyle number: 6327941979","Arriving in a chic structured bone leather alternative with texture, this Fernanda Shoulder Bag can be worn on the shoulder or across the body. There is brushed gold branding on the front flap completing the lobster clasp fastening of the straps.15cm (H), 25cm (L), 8cm (D)Strap length shoulder: 54cmStrap length cross body: 125cmTwo optional strapsFront open pocket under flapInterior zipped pocketCan fit phones up to 6inchesMagnetic snap closure under front flapMaterial: Leather alternativeStyle number: 6327941979",109.00,109.00,https://kg-static-cache.s3.amazonaws.com/catalog/product/cache/thumbnail/2000x2000/6/3/6327941979_40.jpg?v=1&width=800,Women > Bags > Shoulder-bags,WOMEN BAGS,24/08/2026,,FALSE,5020414965127,321,IN STOCK,,No Size,White,,,18,TRUE,TRUE,FALSE
Carvela,9985361609,9985361609,Carvela Women's Clutch Bag Gold Fabric Synthetic Gala,https://www.carvela.com/women/bags/crossbody-bags/gala-clutch-gold-fabric-carvela-9985361609?utm_source=display&utm_medium=programmatic&utm_campaign=performance&utm_content=rtg,"The Gala Clutch is crafted in a gold weave fabric with gold tone branding on the back.14.5cm (H), 22cm (L), 2.5cm (D)Strap: 135cmStrop drop: 65cmRemovable cross body strapRemovable wrist strapMagnetic snap closure under the flapInterior zipped pocketCan fit phones up to 7 inchesPlease take extra care when styling this piece with delicate fabricsMaterial: SyntheticStyle number: 9985361609","The Gala Clutch is crafted in a gold weave fabric with gold tone branding on the back.14.5cm (H), 22cm (L), 2.5cm (D)Strap: 135cmStrop drop: 65cmRemovable cross body strapRemovable wrist strapMagnetic snap closure under the flapInterior zipped pocketCan fit phones up to 7 inchesPlease take extra care when styling this piece with delicate fabricsMaterial: SyntheticStyle number: 9985361609",49.00,49.00,https://kg-static-cache.s3.amazonaws.com/catalog/product/cache/thumbnail/2000x2000/9/9/9985361609_40.jpg?v=1&width=800,Women > Bags > Crossbody-bags,WOMEN BAGS,24/08/2026,,FALSE,5045654293199,10,IN STOCK,,No Size,Metallic,,,211,TRUE,TRUE,FALSE
Carvela,4611641979,4611641979,Carvela Women's Tote Bag Bone Synthetic Maria,https://www.carvela.com/women/bags/shoulder-bags/maria-midi-weave-bone-synthetic-carvela-4611641979?utm_source=display&utm_medium=programmatic&utm_campaign=performance&utm_content=rtg,"The Midi Maria bag is a bone woven style tote bag. There is a branded luggage tag on the front with gold toned branded plate.27cm (H), 37cm (L) , 16.5cm (D)Strap length: 118cmStrap drop: 47cmFlap over magnetic closureInterior central zipped pocketCan fit laptops up to 12inchesOuter: TextileInterior: Monogrammed interior liningStyle number: 4611641979","The Midi Maria bag is a bone woven style tote bag. There is a branded luggage tag on the front with gold toned branded plate.27cm (H), 37cm (L) , 16.5cm (D)Strap length: 118cmStrap drop: 47cmFlap over magnetic closureInterior central zipped pocketCan fit laptops up to 12inchesOuter: TextileInterior: Monogrammed interior liningStyle number: 4611641979",89.00,89.00,https://kg-static-cache.s3.amazonaws.com/catalog/product/cache/thumbnail/2000x2000/4/6/4611641979_40.jpg?v=1&width=800,Women > Bags > Shoulder-bags,WOMEN BAGS,24/08/2026,,FALSE,5045657910864,29,IN STOCK,,No Size,White,,,187,TRUE,TRUE,FALSE
Carvela,5217851409,5217851409,Kurt Geiger Women's Clutch Bag Dark Red Synthetic Jessica,https://www.carvela.com/women/bags/clutch-bags/jessica-clutch-red-dark-croc-print-carvela-5217851409?utm_source=display&utm_medium=programmatic&utm_campaign=performance&utm_content=rtg,"This Jessica Clutch Bag is crafted from a dark red croc embossed leather alternative. There is a gold tone branded plate on the front of the bag.14cm (H), 26cm (L), 5cm (D)Strap length: 80cmGold shoulder strap can be tucked into bagSnap closure under the front flapMaterial: SyntheticStyle number: 5217851409","This Jessica Clutch Bag is crafted from a dark red croc embossed leather alternative. There is a gold tone branded plate on the front of the bag.14cm (H), 26cm (L), 5cm (D)Strap length: 80cmGold shoulder strap can be tucked into bagSnap closure under the front flapMaterial: SyntheticStyle number: 5217851409",49.00,49.00,https://kg-static-cache.s3.amazonaws.com/catalog/product/cache/thumbnail/2000x2000/5/2/5217851409_40.jpg?v=1&width=800,Women > Bags > Clutch-bags,WOMEN BAGS,24/08/2026,,FALSE,5045658814222,90,IN STOCK,,No Size,Red,,,144,TRUE,TRUE,FALSE
Carvela,5218800979,5218800979,Carvela Women's Hobo Bag Black Synthetic Cassia,https://www.carvela.com/women/bags/shoulder-bags/cassia-mini-hobo-black-synthetic-carvela-5218800979?utm_source=display&utm_medium=programmatic&utm_campaign=performance&utm_content=rtg,"This Mini Cassia Hobo bag features a textured black leather alternative exterior. There are gunmetal branding details across the upper as well as a padlock chain on the shoulder strap.19cm (H), 30cm (L), 10cm (D)Strap length: 27cmPouch size: 10cm (H), 14cm (L)Removable zipped interior pouchMagnetic pop closureMaterial: LeatherStyle number: 5218800979","This Mini Cassia Hobo bag features a textured black leather alternative exterior. There are gunmetal branding details across the upper as well as a padlock chain on the shoulder strap.19cm (H), 30cm (L), 10cm (D)Strap length: 27cmPouch size: 10cm (H), 14cm (L)Removable zipped interior pouchMagnetic pop closureMaterial: LeatherStyle number: 5218800979",69.00,69.00,https://kg-static-cache.s3.amazonaws.com/catalog/product/cache/thumbnail/2000x2000/5/2/5218800979_40.jpg?v=1&width=800,Women > Bags > Shoulder-bags,WOMEN BAGS,24/08/2026,,FALSE,5045658995587,17,IN STOCK,,No Size,Black,,,198,TRUE,TRUE,FALSE
Carvela,5743244979,5743244979,Carvela Women's Tote Bag Bone Combination Minori,https://www.carvela.com/women/bags/tote-bags/minori-tote-bone-combination-synthetic-carvela-5743244979?utm_source=display&utm_medium=programmatic&utm_campaign=performance&utm_content=rtg,"This Minori Tote is a large shoulder tote bag crafted from a beige leather alternative with black trims. There are gold branding details across the bag as well as a padlock detail keyring on the top handle.29cm (H), 30cm (L), 17cm (D)Strap length: 63cmCan fit laptops up to 12inchesZip top closureMaterial: Leather alternativeStyle number: 5743244979","This Minori Tote is a large shoulder tote bag crafted from a beige leather alternative with black trims. There are gold branding details across the bag as well as a padlock detail keyring on the top handle.29cm (H), 30cm (L), 17cm (D)Strap length: 63cmCan fit laptops up to 12inchesZip top closureMaterial: Leather alternativeStyle number: 5743244979",79.00,79.00,https://kg-static-cache.s3.amazonaws.com/catalog/product/cache/thumbnail/2000x2000/5/7/5743244979_40.jpg?v=1&width=800,Women > Bags > Tote-bags,WOMEN BAGS,24/08/2026,,FALSE,5045659779834,16,IN STOCK,,No Size,White,,,201,TRUE,TRUE,FALSE
Carvela,5743248979,5743248979,Carvela Minori Tote -,https://www.carvela.com/women/bags/tote-bags/minori-tote-camel-synthetic-carvela-5743248979?utm_source=display&utm_medium=programmatic&utm_campaign=performance&utm_content=rtg,"This Minori Tote is a large shoulder tote bag crafted from a camel microsuede. There are gold branding details across the bag as well as a padlock detail keyring on the top handle.29cm (H), 30cm (L), 17cm (D)Strap length: 63cmCan fit laptops up to 12inchesZip top closureMaterial: MicrosuedeStyle number: 5743248979","This Minori Tote is a large shoulder tote bag crafted from a camel microsuede. There are gold branding details across the bag as well as a padlock detail keyring on the top handle.29cm (H), 30cm (L), 17cm (D)Strap length: 63cmCan fit laptops up to 12inchesZip top closureMaterial: MicrosuedeStyle number: 5743248979",79.00,79.00,https://kg-static-cache.s3.amazonaws.com/catalog/product/cache/thumbnail/2000x2000/5/7/5743248979_40.jpg?v=1&width=800,Women > Bags > Tote-bags,WOMEN BAGS,24/08/2026,,FALSE,5045659779858,68,IN STOCK,,No Size,Tan,,,163,TRUE,TRUE,FALSE
Carvela,4335866979,4335866979,Carvela Rosa Chain Shoulder -,https://www.carvela.com/women/bags/shoulder-bags/rosa-chain-shoulder-gold-combination-synthetic-carvela-4335866979?utm_source=display&utm_medium=programmatic&utm_campaign=performance&utm_content=rtg,"This Rosa Chain Shoulder Bag is crafted from a gold metallic fabric with overstitch quilting design. There is a gold branding on the front flap.14cm (H), 20cm (L), 4cm (D)Strap length: 61cmGold chain detail strapMagnetic snap under front flapCan fit phones up to 6inchesMaterial: FabricStyle number: 4335866979","This Rosa Chain Shoulder Bag is crafted from a gold metallic fabric with overstitch quilting design. There is a gold branding on the front flap.14cm (H), 20cm (L), 4cm (D)Strap length: 61cmGold chain detail strapMagnetic snap under front flapCan fit phones up to 6inchesMaterial: FabricStyle number: 4335866979",89.00,89.00,https://kg-static-cache.s3.amazonaws.com/catalog/product/cache/thumbnail/2000x2000/4/3/4335866979_40.jpg?v=1&width=800,Women > Bags > Shoulder-bags,WOMEN BAGS,24/08/2026,,FALSE,5045659780311,42,IN STOCK,,No Size,Metallic,,,181,TRUE,TRUE,FALSE
Carvela,5799741109,5799741109,Carvela Women's Tote Bag Bone Leather Nina Tote,https://www.carvela.com/women/bags/tote-bags/nina-tote-bone-leather-carvela-5799741109?utm_source=display&utm_medium=programmatic&utm_campaign=performance&utm_content=rtg,"This Nina Tote Bag is crafted from a bone leather with pebble grain texture. There is both a bone luggage style tag as well as a brown printed satin scarf wrapped around one of the top handles.27cm (H), 26cm (L), 15cm (D)Strap length: 120cmZipped interior pocketFour gold feetZip closureMaterial: LeatherStyle number: 5799741109","This Nina Tote Bag is crafted from a bone leather with pebble grain texture. There is both a bone luggage style tag as well as a brown printed satin scarf wrapped around one of the top handles.27cm (H), 26cm (L), 15cm (D)Strap length: 120cmZipped interior pocketFour gold feetZip closureMaterial: LeatherStyle number: 5799741109",189.00,189.00,https://kg-static-cache.s3.amazonaws.com/catalog/product/cache/thumbnail/2000x2000/5/7/5799741109_40.jpg?v=1&width=800,Women > Bags > Tote-bags,WOMEN BAGS,24/08/2026,,FALSE,5045659897569,78,IN STOCK,,No Size,White,,,155,TRUE,TRUE,FALSE
Carvela,5800361069,5800361069,Carvela Women's Clutch Bag White Synthetic Anna Clutch,https://www.carvela.com/women/bags/clutch-bags/anna-clutch-bag-gold-fabric-other-carvela-5800361069?utm_source=display&utm_medium=programmatic&utm_campaign=performance&utm_content=rtg,"This Anna Clutch Bag arrives in a faux pearl and crystal embellishment with subtle branding seen on the front flap. There is subtle branding on the front flap.12cm (H), 6cm (L), 18cm (D)&nbsp;Strap length: 119cmOptional cross body strapInterior mirrorInterior zipped pocketCan fit phones up to 7inchesMaterial: FabricStyle number: 5800361069","This Anna Clutch Bag arrives in a faux pearl and crystal embellishment with subtle branding seen on the front flap. There is subtle branding on the front flap.12cm (H), 6cm (L), 18cm (D)&nbsp;Strap length: 119cmOptional cross body strapInterior mirrorInterior zipped pocketCan fit phones up to 7inchesMaterial: FabricStyle number: 5800361069",99.00,99.00,https://kg-static-cache.s3.amazonaws.com/catalog/product/cache/thumbnail/2000x2000/5/8/5800361069_40.jpg?v=1&width=800,Women > Bags > Clutch-bags,WOMEN BAGS,24/08/2026,,FALSE,5045659897699,11,IN STOCK,,No Size,Metallic,,,210,TRUE,TRUE,FALSE
Carvela,5569157979,5569157979,Carvela Women's Clutch Bag Pink Combination Synthetic Cecilia,https://www.carvela.com/women/bags/clutch-bags/cecilia-hard-clutch-pink-combination-synthetic-carvela-5569157979?utm_source=display&utm_medium=programmatic&utm_campaign=performance&utm_content=rtg,"This Cecilia Hard Clutch bag is crafted from an ombre satin fabric which is embellished with crystals. The trims are in a gold tone branded style.8cm (H), 18cm (L), 4cm (D)Strap length: 121cmClasp closureGold branding on the backCan fit a walletMaterial: SyntheticStyle number: 5569157979","This Cecilia Hard Clutch bag is crafted from an ombre satin fabric which is embellished with crystals. The trims are in a gold tone branded style.8cm (H), 18cm (L), 4cm (D)Strap length: 121cmClasp closureGold branding on the backCan fit a walletMaterial: SyntheticStyle number: 5569157979",109.00,109.00,https://kg-static-cache.s3.amazonaws.com/catalog/product/cache/thumbnail/2000x2000/5/5/5569157979_40.jpg?v=1&width=800,Women > Bags > Clutch-bags,WOMEN BAGS,24/08/2026,,TRUE,5020413960185,48,IN STOCK,,No Size,Pink,,,175,TRUE,TRUE,FALSE
Carvela,6327800979,6327800979,Carvela Lazzaro Tote Bag - Black Tote Bag,https://www.carvela.com/women/bags/tote-bags/lazzaro-tote-bag-black-synthetic-carvela-6327800979?utm_source=display&utm_medium=programmatic&utm_campaign=performance&utm_content=rtg,"This Lazzaro Tote Bag is crafted from a black leather alternative with winged side panels. There are two looped top handles accented with a gold medallion style C keychain.21cm (H), 36cm (L), 15cm (D)Strap length: 56cmZip top closure with branded dice tassel pull&nbsp;Four gold tone feetMaterial: Leather alternativeStyle number: 6327800979","This Lazzaro Tote Bag is crafted from a black leather alternative with winged side panels. There are two looped top handles accented with a gold medallion style C keychain.21cm (H), 36cm (L), 15cm (D)Strap length: 56cmZip top closure with branded dice tassel pull&nbsp;Four gold tone feetMaterial: Leather alternativeStyle number: 6327800979",149.00,149.00,https://kg-static-cache.s3.amazonaws.com/catalog/product/cache/thumbnail/2000x2000/6/3/6327800979_40.jpg?v=1&width=800,Women > Bags > Tote-bags,WOMEN BAGS,24/08/2026,,FALSE,5020414729583,160,IN STOCK,,No Size,Black,,,89,TRUE,TRUE,FALSE
Carvela,6328532069,6328532069,Carvela Women's Mid Brown Fabric Other Incanto,https://www.carvela.com/women/bags/shoulder-bags/incanto-flower-bag-mid-brown-fabric-other-carvela-6328532069?utm_source=display&utm_medium=programmatic&utm_campaign=performance&utm_content=rtg,"The Incanto Flower bag is a brown satin bag that I accented with 3D fabric flowers across the front of the bag. There is gold Carvela branding on the back of the bag.12cm (H), 19cm (L), 3cm (D)Strap length: 95cmOptional gold chain cross body strapCan fit phones up to 6inchesInterior lining pocketMaterial: FabricStyle number: 6328532069","The Incanto Flower bag is a brown satin bag that I accented with 3D fabric flowers across the front of the bag. There is gold Carvela branding on the back of the bag.12cm (H), 19cm (L), 3cm (D)Strap length: 95cmOptional gold chain cross body strapCan fit phones up to 6inchesInterior lining pocketMaterial: FabricStyle number: 6328532069",129.00,129.00,https://kg-static-cache.s3.amazonaws.com/catalog/product/cache/thumbnail/2000x2000/6/3/6328532069_40.jpg?v=1&width=800,Women > Bags > Shoulder-bags,WOMEN BAGS,24/08/2026,,FALSE,5020414729767,138,IN STOCK,,No Size,Brown,,,107,TRUE,TRUE,FALSE
Carvela,6328820069,6328820069,Carvela Women's Clutch Bag Grey Fabric Other Lazio,https://www.carvela.com/women/bags/clutch-bags/lazio-clutch-bag-grey-fabric-other-carvela-6328820069?utm_source=display&utm_medium=programmatic&utm_campaign=performance&utm_content=rtg,"This Lazio Clutch Bag is crafted from a grey satin fabric that is embellished with silver crystals across the exterior and top handle. There is gold branding on the front of the bag.12cm (H), 20cm (L), 6cm (D)Strap length: 102cmOptional gold chain cross body strapCan fit phones up to 6inchesDue to the natural of the fabric used, some colour transfer may occur when wetFour gold tone feetInterior slip pocketMaterial: SatinStyle number: 6328820069","This Lazio Clutch Bag is crafted from a grey satin fabric that is embellished with silver crystals across the exterior and top handle. There is gold branding on the front of the bag.12cm (H), 20cm (L), 6cm (D)Strap length: 102cmOptional gold chain cross body strapCan fit phones up to 6inchesDue to the natural of the fabric used, some colour transfer may occur when wetFour gold tone feetInterior slip pocketMaterial: SatinStyle number: 6328820069",99.00,99.00,https://kg-static-cache.s3.amazonaws.com/catalog/product/cache/thumbnail/2000x2000/6/3/6328820069_40.jpg?v=1&width=800,Women > Bags > Clutch-bags,WOMEN BAGS,24/08/2026,,FALSE,5020414729880,131,IN STOCK,,No Size,Grey,,,119,TRUE,TRUE,FALSE
Carvela,3182784409,3182784409,Carvela Jessica Midi Tote 2 -,https://www.carvela.com/women/bags/crossbody-bags/jessica-midi-tote-2-navy-croc-print-carvela-3182784409?utm_source=display&utm_medium=programmatic&utm_campaign=performance&utm_content=rtg,"The Jessica Midi Tote features a navy croc embossed patent exterior. &nbsp;The front features a black and gold branded metal plate.&nbsp;26cm (H), 36cm (L), 12cm (D)Strap drop cross body: 100cmStrap drop top grab handle: 27cmMagnetic snap closure and zip top&nbsp;Can fit phones up to 7 inchesInternal lining pocketOuter: TextileInterior: Monogrammed interior liningStyle number: 3182784409","The Jessica Midi Tote features a navy croc embossed patent exterior. &nbsp;The front features a black and gold branded metal plate.&nbsp;26cm (H), 36cm (L), 12cm (D)Strap drop cross body: 100cmStrap drop top grab handle: 27cmMagnetic snap closure and zip top&nbsp;Can fit phones up to 7 inchesInternal lining pocketOuter: TextileInterior: Monogrammed interior liningStyle number: 3182784409",79.00,79.00,https://kg-static-cache.s3.amazonaws.com/catalog/product/cache/thumbnail/2000x2000/3/1/3182784409_40.jpg?v=1&width=800,Women > Bags > Crossbody-bags,WOMEN BAGS,24/08/2026,,FALSE,5020414730077,132,IN STOCK,,No Size,Blue,,,116,TRUE,TRUE,FALSE
Carvela,3724584409,3724584409,Carvela Mini Jessica Tote Bag - Navy Croc Mini Tote,https://www.carvela.com/women/bags/crossbody-bags/jessica-mini-tote-2-navy-croc-print-carvela-3724584409?utm_source=display&utm_medium=programmatic&utm_campaign=performance&utm_content=rtg,"The Jessica Mini Tote features a navy croc embossed exterior with top grab handle for versatile wear. There is a gold trimmed branded plate on the front.17cm (H), 21cm (L), 8cm (D)&nbsp;Strap drop cross body: 97cmAdjustable cross body strapGold branded zip closureCan fit phones up to 7 inchesSmall internal lining pocketExterior: Leather alternativeInterior: Monogrammed interior liningStyle number: 3724584409","The Jessica Mini Tote features a navy croc embossed exterior with top grab handle for versatile wear. There is a gold trimmed branded plate on the front.17cm (H), 21cm (L), 8cm (D)&nbsp;Strap drop cross body: 97cmAdjustable cross body strapGold branded zip closureCan fit phones up to 7 inchesSmall internal lining pocketExterior: Leather alternativeInterior: Monogrammed interior liningStyle number: 3724584409",79.00,79.00,https://kg-static-cache.s3.amazonaws.com/catalog/product/cache/thumbnail/2000x2000/3/7/3724584409_40.jpg?v=1&width=800,Women > Bags > Crossbody-bags,WOMEN BAGS,24/08/2026,,FALSE,5020414730084,120,IN STOCK,,No Size,Blue,,,125,TRUE,TRUE,FALSE
Carvela,6329800979,6329800979,Carvela Tracolla Tote Bag -,https://www.carvela.com/women/bags/tote-bags/tracolla-tote-bag-black-synthetic-carvela-6329800979?utm_source=display&utm_medium=programmatic&utm_campaign=performance&utm_content=rtg,"Crafted from a pebble grained leather alternative, the Tracolla Tote bag is softly structured and sits on the shoulder. There is a statement black tassel charm detail on the shoulder strap.39cm (H), 36cm (L), 13cm (D)Strap length: 50cmMagnetic snap closureCan fit laptops up to 14inchesFour silver feetInterior zipped pocket&nbsp;Material: Leather alternativeStyle number: 6329800979","Crafted from a pebble grained leather alternative, the Tracolla Tote bag is softly structured and sits on the shoulder. There is a statement black tassel charm detail on the shoulder strap.39cm (H), 36cm (L), 13cm (D)Strap length: 50cmMagnetic snap closureCan fit laptops up to 14inchesFour silver feetInterior zipped pocket&nbsp;Material: Leather alternativeStyle number: 6329800979",119.00,119.00,https://kg-static-cache.s3.amazonaws.com/catalog/product/cache/thumbnail/2000x2000/6/3/6329800979_40.jpg?v=1&width=800,Women > Bags > Tote-bags,WOMEN BAGS,24/08/2026,,FALSE,5020414730367,256,IN STOCK,,No Size,Black,,,34,TRUE,TRUE,FALSE
Carvela,6329832069,6329832069,Carvela Tracolla Tote Bag - Mid Brown Fabric Leopard Tote Bag,https://www.carvela.com/women/bags/shoulder-bags/tracolla-tote-bag-mid-brown-fabric-other-carvela-6329832069?utm_source=display&utm_medium=programmatic&utm_campaign=performance&utm_content=rtg,"Crafted from a super soft leopard printed faux fur, the Tracolla Tote bag is softly structured and sits on the shoulder. There is a statement black tassel charm detail on the shoulder strap.39cm (H), 36cm (L), 13cm (D)Strap length: 50cmMagnetic snap closureCan fit laptops up to 14inchesFour gold feetInterior zipped pocket&nbsp;Material: Faux FurStyle number: 6329832069","Crafted from a super soft leopard printed faux fur, the Tracolla Tote bag is softly structured and sits on the shoulder. There is a statement black tassel charm detail on the shoulder strap.39cm (H), 36cm (L), 13cm (D)Strap length: 50cmMagnetic snap closureCan fit laptops up to 14inchesFour gold feetInterior zipped pocket&nbsp;Material: Faux FurStyle number: 6329832069",79.00,79.00,https://kg-static-cache.s3.amazonaws.com/catalog/product/cache/thumbnail/2000x2000/6/3/6329832069_40.jpg?v=1&width=800,Women > Bags > Shoulder-bags,WOMEN BAGS,24/08/2026,,FALSE,5020414730381,155,IN STOCK,,No Size,Brown,,,95,TRUE,TRUE,FALSE
Carvela,3882500979,3882500979,Carvela Women's Purse Black Synthetic Frame,https://www.carvela.com/women/bags/frame-mini-purse-black-synthetic-carvela-3882500979?utm_source=display&utm_medium=programmatic&utm_campaign=performance&utm_content=rtg,"This Frame Mini Purse is crafted in a black textured leather alternative with embossed branding on the front. There is a gold zipper to close the purse.9cm (H), 12cm (L), 2cm (D)Four interior card slotsInterior zipped compartmentMaterial: SyntheticStyle number: 3882500979","This Frame Mini Purse is crafted in a black textured leather alternative with embossed branding on the front. There is a gold zipper to close the purse.9cm (H), 12cm (L), 2cm (D)Four interior card slotsInterior zipped compartmentMaterial: SyntheticStyle number: 3882500979",29.00,29.00,https://kg-static-cache.s3.amazonaws.com/catalog/product/cache/thumbnail/2000x2000/3/8/3882500979_40.jpg?v=1&width=800,Women > Bags,WOMEN BAGS,24/08/2026,,FALSE,5045656969375,9,IN STOCK,,No Size,Black,,,214,TRUE,TRUE,FALSE
Carvela,4611647979,4611647979,Carvela Women's Tote Bag Taupe Synthetic Maria,https://www.carvela.com/women/bags/crossbody-bags/maria-midi-weave-taupe-synthetic-carvela-4611647979?utm_source=display&utm_medium=programmatic&utm_campaign=performance&utm_content=rtg,"The Midi Maria bag is a taupe woven style tote bag. There is a branded luggage tag on the front with gold toned branded plate.27cm (H), 37cm (L) , 16.5cm (D)Strap length: 118cmStrap drop: 47cmFlap over magnetic closureInterior central zipped pocketCan fit laptops up to 12inchesOuter: TextileInterior: Monogrammed interior liningStyle number: 4611647979","The Midi Maria bag is a taupe woven style tote bag. There is a branded luggage tag on the front with gold toned branded plate.27cm (H), 37cm (L) , 16.5cm (D)Strap length: 118cmStrap drop: 47cmFlap over magnetic closureInterior central zipped pocketCan fit laptops up to 12inchesOuter: TextileInterior: Monogrammed interior liningStyle number: 4611647979",89.00,89.00,https://kg-static-cache.s3.amazonaws.com/catalog/product/cache/thumbnail/2000x2000/4/6/4611647979_40.jpg?v=1&width=800,Women > Bags > Crossbody-bags,WOMEN BAGS,24/08/2026,,FALSE,5045659550877,64,IN STOCK,,No Size,Taupe,,,166,TRUE,TRUE,FALSE
Carvela,5959257339,5959257339,Carvela Women's Tote Bag Pink Combination Canvas Pia,https://www.carvela.com/women/bags/tote-bags/pia-beach-tote-pink-combination-canvas-carvela-5959257339?utm_source=display&utm_medium=programmatic&utm_campaign=performance&utm_content=rtg,"The Pia Beach Tote is crafted from a pink and orange canvas fabric with striped design. There are two pink top handles with a removable suede tassel charm.30cm (H), 44cm (L), 13cm (D)Strap length: 62cmMagnetic snap closureInterior open pocketFour gold feetMaterial: CanvasStyle number: 5959257339","The Pia Beach Tote is crafted from a pink and orange canvas fabric with striped design. There are two pink top handles with a removable suede tassel charm.30cm (H), 44cm (L), 13cm (D)Strap length: 62cmMagnetic snap closureInterior open pocketFour gold feetMaterial: CanvasStyle number: 5959257339",59.00,59.00,https://kg-static-cache.s3.amazonaws.com/catalog/product/cache/thumbnail/2000x2000/5/9/5959257339_40.jpg?v=1&width=800,Women > Bags > Tote-bags,WOMEN BAGS,24/08/2026,,FALSE,5020414110954,18,IN STOCK,,No Size,Pink,,,197,TRUE,TRUE,FALSE
Carvela,6327947979,6327947979,Carvela Fernanda Shoulder Bag - Taupe Synthetic Cross Body Shoulder Bag,https://www.carvela.com/women/bags/shoulder-bags/fernanda-shoulder-bag-taupe-synthetic-carvela-6327947979?utm_source=display&utm_medium=programmatic&utm_campaign=performance&utm_content=rtg,"Arriving in a chic structured taupe &nbsp;leather alternative with texture, this Fernanda Shoulder Bag can be worn on the shoulder or across the body. There is brushed gold branding on the front flap completing the lobster clasp fastening of the straps.15cm (H), 25cm (L), 8cm (D)Strap length shoulder: 54cmStrap length cross body: 125cmTwo optional strapsFront open pocket under flapInterior zipped pocketCan fit phones up to 6inchesMagnetic snap closure under front flapMaterial: Leather alternativeStyle number: 6327900979","Arriving in a chic structured taupe &nbsp;leather alternative with texture, this Fernanda Shoulder Bag can be worn on the shoulder or across the body. There is brushed gold branding on the front flap completing the lobster clasp fastening of the straps.15cm (H), 25cm (L), 8cm (D)Strap length shoulder: 54cmStrap length cross body: 125cmTwo optional strapsFront open pocket under flapInterior zipped pocketCan fit phones up to 6inchesMagnetic snap closure under front flapMaterial: Leather alternativeStyle number: 6327900979",109.00,109.00,https://kg-static-cache.s3.amazonaws.com/catalog/product/cache/thumbnail/2000x2000/6/3/6327947979_40.jpg?v=1&width=800,Women > Bags > Shoulder-bags,WOMEN BAGS,24/08/2026,,FALSE,5020414729620,93,IN STOCK,,No Size,Taupe,,,141,TRUE,TRUE,FALSE
Carvela,4788315979,4788315979,Carvela Micro Maria Fur Bag -,https://www.carvela.com/women/bags/shoulder-bags/maria-micro-fur-white-comb-synthetic-carvela-4788315979?utm_source=display&utm_medium=programmatic&utm_campaign=performance&utm_content=rtg,"The Micro Maria Weave bag is a tote bag crafted from a white faux fur. There are bone leather alternative trims and a luggage style &nbsp;charm attached to the top handle.14cm (H), 17cm (L), 9cm (D)Strap length: 121cmInterior central zipped pocketCan fit phones up to 7inchesFour gold feetInterior: Monogrammed interior liningExterior: SyntheticStyle number: 4788315979","The Micro Maria Weave bag is a tote bag crafted from a white faux fur. There are bone leather alternative trims and a luggage style &nbsp;charm attached to the top handle.14cm (H), 17cm (L), 9cm (D)Strap length: 121cmInterior central zipped pocketCan fit phones up to 7inchesFour gold feetInterior: Monogrammed interior liningExterior: SyntheticStyle number: 4788315979",79.00,79.00,https://kg-static-cache.s3.amazonaws.com/catalog/product/cache/thumbnail/2000x2000/4/7/4788315979_40.jpg?v=1&width=800,Women > Bags > Shoulder-bags,WOMEN BAGS,24/08/2026,,FALSE,5020414729965,100,IN STOCK,,No Size,White,,,135,TRUE,TRUE,FALSE
Carvela,6328931069,6328931069,Carvela Women's Cross Body Dark Brown Fabric Other Maria,https://www.carvela.com/women/bags/shoulder-bags/maria-crossbody-bag-dark-brown-fabric-other-carvela-6328931069?utm_source=display&utm_medium=programmatic&utm_campaign=performance&utm_content=rtg,"This Maria Cross Body Bag arrives in a leopard printed faux fur on the front of the bag and a pebble grained leather alternative across the rest. The hardware and branding details are in gold.15cm (H), 23cm (L), 7cm (D)Strap length: 128cmChain and insert cross body strapFlat pocket on the frontCan fit phones up 6inchesMaterial: FabricStyle number: 6328931069","This Maria Cross Body Bag arrives in a leopard printed faux fur on the front of the bag and a pebble grained leather alternative across the rest. The hardware and branding details are in gold.15cm (H), 23cm (L), 7cm (D)Strap length: 128cmChain and insert cross body strapFlat pocket on the frontCan fit phones up 6inchesMaterial: FabricStyle number: 6328931069",49.00,49.00,https://kg-static-cache.s3.amazonaws.com/catalog/product/cache/thumbnail/2000x2000/6/3/6328931069_40.jpg?v=1&width=800,Women > Bags > Shoulder-bags,WOMEN BAGS,24/08/2026,,FALSE,5020414730060,240,IN STOCK,,No Size,Brown,,,45,TRUE,TRUE,FALSE
Carvela,6330700979,6330700979,Carvela Women's Tote Bag Black Synthetic Regina Turnlock,https://www.carvela.com/women/bags/shoulder-bags/regina-turnlock-tote-black-synthetic-carvela-6330700979?utm_source=display&utm_medium=programmatic&utm_campaign=performance&utm_content=rtg,"This Regina Turnlock Tote bag is crafted from a black pebble grained leather alternative. There are two top handles that sit over the shoulder.23cm (H), 26cm (L), 16cm (D)Strap length: 64cmZip closureFlap over turnlock strapCan fit phones up to 6inchesInside interior pocketMaterial: SyntheticStyle number: 6330700979","This Regina Turnlock Tote bag is crafted from a black pebble grained leather alternative. There are two top handles that sit over the shoulder.23cm (H), 26cm (L), 16cm (D)Strap length: 64cmZip closureFlap over turnlock strapCan fit phones up to 6inchesInside interior pocketMaterial: SyntheticStyle number: 6330700979",79.00,79.00,https://kg-static-cache.s3.amazonaws.com/catalog/product/cache/thumbnail/2000x2000/6/3/6330700979_40.jpg?v=1&width=800,Women > Bags > Shoulder-bags,WOMEN BAGS,24/08/2026,,FALSE,5020414730633,142,IN STOCK,,No Size,Black,,,104,TRUE,TRUE,FALSE
Carvela,6343463069,6343463069,Carvela Palio Hard Clutch - Silver Crystal Clutch Bag,https://www.carvela.com/women/bags/clutch-bags/palio-hard-clutch-silver-fabric-other-carvela-6343463069?utm_source=display&utm_medium=programmatic&utm_campaign=performance&utm_content=rtg,"The Palio is a clutch bag arriving in a silver fabric with crystal embellishment across the front and back. The trims are in silver matching the cross body strap.12cm (H), 19cm (L), 2cm (D)Strap length: 124cmOptional silver chain cross body strapCan fit classic credit cardsMaterial: FabricStyle number: 6343463069","The Palio is a clutch bag arriving in a silver fabric with crystal embellishment across the front and back. The trims are in silver matching the cross body strap.12cm (H), 19cm (L), 2cm (D)Strap length: 124cmOptional silver chain cross body strapCan fit classic credit cardsMaterial: FabricStyle number: 6343463069",79.00,79.00,https://kg-static-cache.s3.amazonaws.com/catalog/product/cache/thumbnail/2000x2000/6/3/6343463069_40.jpg?v=1&width=800,Women > Bags > Clutch-bags,WOMEN BAGS,24/08/2026,,FALSE,5020414751003,186,IN STOCK,,No Size,Metallic,,,77,TRUE,TRUE,FALSE
Carvela,5594763449,5594763449,Carvela Marina Starfish Tote - Beige Starfish Tote Bag,https://www.carvela.com/women/bags/tote-bags/marina-starfish-tote-silver-raffia-carvela-5594763449?utm_source=display&utm_medium=programmatic&utm_campaign=performance&utm_content=rtg,"This Marina Starfish Tote Bag is crafted from a beige raffia fabric which is embellished with silver crystal starfish on the front.28cm (H), 29cm (L), 10cm (D)Strap length: 54cmInterior zip lining pocketCan fit laptops up to 14inchesMaterial: RaffiaStyle number: 5594763449","This Marina Starfish Tote Bag is crafted from a beige raffia fabric which is embellished with silver crystal starfish on the front.28cm (H), 29cm (L), 10cm (D)Strap length: 54cmInterior zip lining pocketCan fit laptops up to 14inchesMaterial: RaffiaStyle number: 5594763449",139.00,139.00,https://kg-static-cache.s3.amazonaws.com/catalog/product/cache/thumbnail/2000x2000/5/5/5594763449_40.jpg?v=1&width=800,Women > Bags > Tote-bags,WOMEN BAGS,24/08/2026,,TRUE,5020414799319,230,IN STOCK,,No Size,Metallic,,,52,TRUE,TRUE,FALSE
Carvela,4611700979,4611700979,Carvela Women's Tote Bag Maria Mini Tote Bag,https://www.carvela.com/women/bags/crossbody-bags/maria-mini-weave-black-synthetic-carvela-4611700979?utm_source=display&utm_medium=programmatic&utm_campaign=performance&utm_content=rtg,"The Mini Maria Stripe bag is a black woven style tote bag. There are black leather alternative trims and luggage style tag on the front.19cm (H), 25cm (W), 11cm (D)Strap length: 123cmStrap drop: 59cmFlap over magnetic closureInterior central zipped pocketOuter: TextileInterior: Monogrammed interior liningStyle number: 4611700979","The Mini Maria Stripe bag is a black woven style tote bag. There are black leather alternative trims and luggage style tag on the front.19cm (H), 25cm (W), 11cm (D)Strap length: 123cmStrap drop: 59cmFlap over magnetic closureInterior central zipped pocketOuter: TextileInterior: Monogrammed interior liningStyle number: 4611700979",79.00,79.00,https://kg-static-cache.s3.amazonaws.com/catalog/product/cache/thumbnail/2000x2000/4/6/4611700979_40.jpg?v=1&width=800,Women > Bags > Crossbody-bags,WOMEN BAGS,24/08/2026,,FALSE,5045658174180,100,IN STOCK,,No Size,Black,,,136,TRUE,TRUE,FALSE
Carvela,5593600979,5593600979,Carvela Spiral Envelope Clutch Bag -,https://www.carvela.com/women/bags/clutch-bags/spiral-envelope-clutch-black-synthetic-carvela-5593600979?utm_source=display&utm_medium=programmatic&utm_campaign=performance&utm_content=rtg,"This Spiral Envelope Clutch Bag is crafted from a black leather alternative fabric that is embellished with black crystals. The clasp is accented with gunmetal branding.&nbsp;13cm (H), 23cm (L), 4cm (D)Strap length: 82cmOptional cross body strapCan fit phones up to 6inchesMaterial: Leather alternativeStyle number: 5593600979","This Spiral Envelope Clutch Bag is crafted from a black leather alternative fabric that is embellished with black crystals. The clasp is accented with gunmetal branding.&nbsp;13cm (H), 23cm (L), 4cm (D)Strap length: 82cmOptional cross body strapCan fit phones up to 6inchesMaterial: Leather alternativeStyle number: 5593600979",99.00,99.00,https://kg-static-cache.s3.amazonaws.com/catalog/product/cache/thumbnail/2000x2000/5/5/5593600979_40.jpg?v=1&width=800,Women > Bags > Clutch-bags,WOMEN BAGS,24/08/2026,,FALSE,5045659487647,95,IN STOCK,,No Size,Black,,,138,TRUE,TRUE,FALSE
Carvela,5594866449,5594866449,Carvela Women's Cross Body Bag Synthetic Marina Starfish,https://www.carvela.com/women/bags/crossbody-bags/marina-starfish-micro-gold-combination-raffia-carvela-5594866449?utm_source=display&utm_medium=programmatic&utm_campaign=performance&utm_content=rtg,"This Micro Marina Starfish Bag is crafted from a metallic gold raffia fabric which is embellished with seven crystal starfish. There is a simple zip closure at the top of the bag. There are gold tone branding details across the exterior of the bag.16cm (H), 21cm (L), 9cm (D)Strap length: 125cmRemovable cross body strapCan fit phones up to 6inchesFour gold feetMaterial: FabricStyle number: 5594866449","This Micro Marina Starfish Bag is crafted from a metallic gold raffia fabric which is embellished with seven crystal starfish. There is a simple zip closure at the top of the bag. There are gold tone branding details across the exterior of the bag.16cm (H), 21cm (L), 9cm (D)Strap length: 125cmRemovable cross body strapCan fit phones up to 6inchesFour gold feetMaterial: FabricStyle number: 5594866449",119.00,119.00,https://kg-static-cache.s3.amazonaws.com/catalog/product/cache/thumbnail/2000x2000/5/5/5594866449_40.jpg?v=1&width=800,Women > Bags > Crossbody-bags,WOMEN BAGS,24/08/2026,,TRUE,5045659487951,311,IN STOCK,,No Size,Metallic,,,22,TRUE,TRUE,FALSE
Carvela,5743447979,5743447979,Carvela Women's Shoulder Bag Taupe Synthetic Minori,https://www.carvela.com/women/bags/shoulder-bags/minori-scoop-shoulder-taupe-synthetic-carvela-5743447979?utm_source=display&utm_medium=programmatic&utm_campaign=performance&utm_content=rtg,"This Minori Scoop Shoulder Bag is crafted from a soft taupe leather alternative. There is gold branding and hardware across the bag.12cm (H), 25cm (L), 7cm (D)Strap length: 108cmZipped closureCan fit phones up to 6inchesMaterial: SyntheticStyle number: 5743447979","This Minori Scoop Shoulder Bag is crafted from a soft taupe leather alternative. There is gold branding and hardware across the bag.12cm (H), 25cm (L), 7cm (D)Strap length: 108cmZipped closureCan fit phones up to 6inchesMaterial: SyntheticStyle number: 5743447979",69.00,69.00,https://kg-static-cache.s3.amazonaws.com/catalog/product/cache/thumbnail/2000x2000/5/7/5743447979_40.jpg?v=1&width=800,Women > Bags > Shoulder-bags,WOMEN BAGS,24/08/2026,,FALSE,5045659780007,29,IN STOCK,,No Size,Taupe,,,188,TRUE,TRUE,FALSE
Carvela,5685531979,5685531979,Carvela Women's Tote Bag Dark Brown Synthetic Antionia,https://www.carvela.com/women/bags/tote-bags/antionia-weave-tote-dark-brown-synthetic-carvela-5685531979?utm_source=display&utm_medium=programmatic&utm_campaign=performance&utm_content=rtg,"This Antonia Weave Tote bag arrives in a dark brown woven style. There are gold branding details seen across the bag.25cm (H), 35cm (L), 12cm (D)Strap length: 129cmTwo top handlesOptional cross body strapThree compartments with a central zipped compartmentCan fit phones up to 7inchesMaterial: SyntheticStyle number: 5685531979","This Antonia Weave Tote bag arrives in a dark brown woven style. There are gold branding details seen across the bag.25cm (H), 35cm (L), 12cm (D)Strap length: 129cmTwo top handlesOptional cross body strapThree compartments with a central zipped compartmentCan fit phones up to 7inchesMaterial: SyntheticStyle number: 5685531979",89.00,89.00,https://kg-static-cache.s3.amazonaws.com/catalog/product/cache/thumbnail/2000x2000/5/6/5685531979_40.jpg?v=1&width=800,Women > Bags > Tote-bags,WOMEN BAGS,24/08/2026,,FALSE,5045659780427,6,IN STOCK,,No Size,Brown,,,219,TRUE,TRUE,FALSE
Carvela,5744939979,5744939979,Carvela Women's Cross Body Bag Brown Other Synthetic Carla,https://www.carvela.com/women/bags/crossbody-bags/carla-crossbody-brown-other-synthetic-carvela-5744939979?utm_source=display&utm_medium=programmatic&utm_campaign=performance&utm_content=rtg,"This Carla Crossbody bag arrives in a tonal brown microsuede with two zipped pockets. There are gold branding details seen across the bag.14cm (H), 20cm (L), 7cm (D)Strap length: 132cmBrown adjustable cross body strapCan fit phones up to 6inchesSmall interior lining pocket&nbsp;Material: FabricStyle number: 5744939979","This Carla Crossbody bag arrives in a tonal brown microsuede with two zipped pockets. There are gold branding details seen across the bag.14cm (H), 20cm (L), 7cm (D)Strap length: 132cmBrown adjustable cross body strapCan fit phones up to 6inchesSmall interior lining pocket&nbsp;Material: FabricStyle number: 5744939979",69.00,69.00,https://kg-static-cache.s3.amazonaws.com/catalog/product/cache/thumbnail/2000x2000/5/7/5744939979_40.jpg?v=1&width=800,Women > Bags > Crossbody-bags,WOMEN BAGS,24/08/2026,,FALSE,5020413978166,297,IN STOCK,,No Size,Brown Other,,,26,TRUE,TRUE,FALSE
Carvela,6037100069,6037100069,Carvela Women's Tote Bag Black Fabric Other Maria,https://www.carvela.com/women/bags/crossbody-bags/maria-disco-micro-black-fabric-other-carvela-6037100069?utm_source=display&utm_medium=programmatic&utm_campaign=performance&utm_content=rtg,"The Micro Maria Disco bag is a black crystal embellished style tote bag. There are metallic gold leather alternative trims and luggage style tag on the front.14cm (H), 17cm (W), 9cm (D)Strap length: 121cmFlap over magnetic closureInterior central zipped pocketCan fit phones up to 7inchesFour gold feetMaterial: Leather alternativeStyle number: 6037100069","The Micro Maria Disco bag is a black crystal embellished style tote bag. There are metallic gold leather alternative trims and luggage style tag on the front.14cm (H), 17cm (W), 9cm (D)Strap length: 121cmFlap over magnetic closureInterior central zipped pocketCan fit phones up to 7inchesFour gold feetMaterial: Leather alternativeStyle number: 6037100069",69.00,69.00,https://kg-static-cache.s3.amazonaws.com/catalog/product/cache/thumbnail/2000x2000/6/0/6037100069_40.jpg?v=1&width=800,Women > Bags > Crossbody-bags,WOMEN BAGS,24/08/2026,,FALSE,5020414308184,15,IN STOCK,,No Size,Black,,,203,TRUE,TRUE,FALSE
Carvela,6328830069,6328830069,Carvela Lazio Clutch Bag - Brown Velvet Crystal Clutch Bag,https://www.carvela.com/women/bags/clutch-bags/lazio-clutch-bag-brown-fabric-other-carvela-6328830069?utm_source=display&utm_medium=programmatic&utm_campaign=performance&utm_content=rtg,"This Lazio Clutch Bag is crafted from a brown velvet fabric that is embellished with brown crystals across the exterior and top handle. There is gold branding on the front of the bag.12cm (H), 20cm (L), 6cm (D)Strap length: 102cmOptional gold chain cross body strapCan fit phones up to 6inchesFour gold tone feetInterior slip pocketMaterial: VelvetStyle number: 6328830069","This Lazio Clutch Bag is crafted from a brown velvet fabric that is embellished with brown crystals across the exterior and top handle. There is gold branding on the front of the bag.12cm (H), 20cm (L), 6cm (D)Strap length: 102cmOptional gold chain cross body strapCan fit phones up to 6inchesFour gold tone feetInterior slip pocketMaterial: VelvetStyle number: 6328830069",99.00,99.00,https://kg-static-cache.s3.amazonaws.com/catalog/product/cache/thumbnail/2000x2000/6/3/6328830069_40.jpg?v=1&width=800,Women > Bags > Clutch-bags,WOMEN BAGS,24/08/2026,,TRUE,5020414729897,121,IN STOCK,,No Size,Brown,,,124,TRUE,TRUE,FALSE
Carvela,6329951979,6329951979,Carvela Women's Tote Bag Red Dark Synthetic Violet,https://www.carvela.com/women/bags/crossbody-bags/violet-micro-tote-red-dark-synthetic-carvela-6329951979?utm_source=display&utm_medium=programmatic&utm_campaign=performance&utm_content=rtg,"This Micro Violet Tote Bag arrives in a deep red leather alternative. There are gold tone hardware details across the upper including a padlock with tag looped onto the top handles.&nbsp;16cm (H), 22cm (L), 9cm (D)Strap length: 118cmOptional cross body strapCan fit phones up to 6inchesFour gold tone feetZip top closureMaterial: Leather alternativeStyle number: 6329951979","This Micro Violet Tote Bag arrives in a deep red leather alternative. There are gold tone hardware details across the upper including a padlock with tag looped onto the top handles.&nbsp;16cm (H), 22cm (L), 9cm (D)Strap length: 118cmOptional cross body strapCan fit phones up to 6inchesFour gold tone feetZip top closureMaterial: Leather alternativeStyle number: 6329951979",59.00,59.00,https://kg-static-cache.s3.amazonaws.com/catalog/product/cache/thumbnail/2000x2000/6/3/6329951979_40.jpg?v=1&width=800,Women > Bags > Crossbody-bags,WOMEN BAGS,24/08/2026,,FALSE,5020414730442,113,IN STOCK,,No Size,Red,,,128,TRUE,TRUE,FALSE
Carvela,6331200979,6331200979,Carvela Women's Tote Bag Black Synthetic Maria Tempt,https://www.carvela.com/women/bags/crossbody-bags/maria-tempt-micro-black-synthetic-carvela-6331200979?utm_source=display&utm_medium=programmatic&utm_campaign=performance&utm_content=rtg,"This Micro Maria Tempt bag arrives in a black microsuede fabric. There is a strap around the edge of the bag with a fabric bow detail at the centre.&nbsp;19cm (H), 24cm (L), 11cm (D)Strap length: 123cmOptional microsuede cross body strapZip closureInterior zipped compartmentCan fit phones up to 6inchesMaterial: MicrosuedeStyle number: 6331200979","This Micro Maria Tempt bag arrives in a black microsuede fabric. There is a strap around the edge of the bag with a fabric bow detail at the centre.&nbsp;19cm (H), 24cm (L), 11cm (D)Strap length: 123cmOptional microsuede cross body strapZip closureInterior zipped compartmentCan fit phones up to 6inchesMaterial: MicrosuedeStyle number: 6331200979",69.00,69.00,https://kg-static-cache.s3.amazonaws.com/catalog/product/cache/thumbnail/2000x2000/6/3/6331200979_40.jpg?v=1&width=800,Women > Bags > Crossbody-bags,WOMEN BAGS,24/08/2026,,FALSE,5020414730749,242,IN STOCK,,No Size,Black,,,44,TRUE,TRUE,FALSE
Carvela,6331900069,6331900069,Carvela Maria Disco Clutch Bag - Black Crystal Clutch Bag,https://www.carvela.com/women/bags/clutch-bags/maria-disco-clutch-black-fabric-other-carvela-6331900069?utm_source=display&utm_medium=programmatic&utm_campaign=performance&utm_content=rtg,"The Maria Disco Clutch Bag features a black fabric exterior with chic crystal embellishment. There is a gold tone branded plate on the front flap.14cm (H), 27cm (L), 3cm (D)Strap length: 111cmCan fit phones up to 6inchesMaterial: Fabric OtherStyle number: 6331900069","The Maria Disco Clutch Bag features a black fabric exterior with chic crystal embellishment. There is a gold tone branded plate on the front flap.14cm (H), 27cm (L), 3cm (D)Strap length: 111cmCan fit phones up to 6inchesMaterial: Fabric OtherStyle number: 6331900069",79.00,79.00,https://kg-static-cache.s3.amazonaws.com/catalog/product/cache/thumbnail/2000x2000/6/3/6331900069_40.jpg?v=1&width=800,Women > Bags > Clutch-bags,WOMEN BAGS,24/08/2026,,FALSE,5020414730787,28,IN STOCK,,No Size,Black,,,190,TRUE,TRUE,FALSE
Carvela,6343400979,6343400979,Carvela Women's Clutch Bag Black Synthetic Palio,https://www.carvela.com/women/bags/clutch-bags/palio-hard-clutch-black-synthetic-carvela-6343400979?utm_source=display&utm_medium=programmatic&utm_campaign=performance&utm_content=rtg,"The Palio is a clutch bag arriving in a black microsuede fabric. The trims are in gold matching the cross body strap.12cm (H), 19cm (L), 2cm (D)Strap length: 124cmOptional gold chain cross body strapCan fit classic credit cardsMaterial: FabricStyle number: 6343400979","The Palio is a clutch bag arriving in a black microsuede fabric. The trims are in gold matching the cross body strap.12cm (H), 19cm (L), 2cm (D)Strap length: 124cmOptional gold chain cross body strapCan fit classic credit cardsMaterial: FabricStyle number: 6343400979",69.00,69.00,https://kg-static-cache.s3.amazonaws.com/catalog/product/cache/thumbnail/2000x2000/6/3/6343400979_40.jpg?v=1&width=800,Women > Bags > Clutch-bags,WOMEN BAGS,24/08/2026,,FALSE,5020414750976,138,IN STOCK,,No Size,Black,,,108,TRUE,TRUE,FALSE
Carvela,5716700069,5716700069,Kurt Geiger Women's Bag Black Fabric Other Amara Top Handle,https://www.carvela.com/women/bags/tote-bags/amara-top-handle-black-fabric-other-carvela-5716700069?utm_source=display&utm_medium=programmatic&utm_campaign=performance&utm_content=rtg,"The Amara Top Handle bag is crafted from a black mesh fabric with polka dot design. There is a pebble like stud on the front of the bag with engraved branding matching the cross body strap.12cm (H), 18cm (L), 8cm (D)Strap length: 109cmGold cross body chain strapCan fit classic credit cardsMaterial: FabricStyle number: 5716700069","The Amara Top Handle bag is crafted from a black mesh fabric with polka dot design. There is a pebble like stud on the front of the bag with engraved branding matching the cross body strap.12cm (H), 18cm (L), 8cm (D)Strap length: 109cmGold cross body chain strapCan fit classic credit cardsMaterial: FabricStyle number: 5716700069",119.00,119.00,https://kg-static-cache.s3.amazonaws.com/catalog/product/cache/thumbnail/2000x2000/5/7/5716700069_40.jpg?v=1&width=800,Women > Bags > Tote-bags,WOMEN BAGS,24/08/2026,,FALSE,5020414799296,170,IN STOCK,,No Size,Black,,,85,TRUE,TRUE,FALSE
Carvela,0000600979,0000600979,Carvela Women's Purse Black Fold Over Mandy,https://www.carvela.com/women/bags/mandy-purse-black-synthetic-carvela-0000600979?utm_source=display&utm_medium=programmatic&utm_campaign=performance&utm_content=rtg,"The Mandy Purse features a classic black exterior. There is a gold tone Carvela branding on the front and pop closure.9cm (H), 12cm (L), 3cm (D)Can fit up to 8 classic cardsOne longer slot for cashGold foil branding on the insideExterior: Leather alternativeStyle number: 0000600979","The Mandy Purse features a classic black exterior. There is a gold tone Carvela branding on the front and pop closure.9cm (H), 12cm (L), 3cm (D)Can fit up to 8 classic cardsOne longer slot for cashGold foil branding on the insideExterior: Leather alternativeStyle number: 0000600979",29.00,29.00,https://kg-static-cache.s3.amazonaws.com/catalog/product/cache/thumbnail/2000x2000/0/0/0000600979_40.jpg?v=1&width=800,Women > Bags,WOMEN BAGS,24/08/2026,,FALSE,5045654335677,199,IN STOCK,,No Size,Black,,,69,TRUE,TRUE,FALSE
Carvela,2892431799,2892431799,Carvela Women's Tote Bag Dark Brown Synthetic Microsuede Cammie,https://www.carvela.com/women/bags/shoulder-bags/cammie-3-dark-brown-suedette-carvela-2892431799?utm_source=display&utm_medium=programmatic&utm_campaign=performance&utm_content=rtg,"This Cammie tote bag features a dark brown microsuede exterior with gold tone hardware. There is a removable card wallet on the front chain.27cm (H), 30cm (L), 16cm (D)Strap drop: 68cmTwo grab chain handles with insertsMagnetic snap closureCan fit laptops up to 14 inchesInterior zipped pocketTwo internal compartmentsOuter: TextileInterior: Monogrammed interior liningStyle number: 2892431799","This Cammie tote bag features a dark brown microsuede exterior with gold tone hardware. There is a removable card wallet on the front chain.27cm (H), 30cm (L), 16cm (D)Strap drop: 68cmTwo grab chain handles with insertsMagnetic snap closureCan fit laptops up to 14 inchesInterior zipped pocketTwo internal compartmentsOuter: TextileInterior: Monogrammed interior liningStyle number: 2892431799",89.00,89.00,https://kg-static-cache.s3.amazonaws.com/catalog/product/cache/thumbnail/2000x2000/2/8/2892431799_40.jpg?v=1&width=800,Women > Bags > Shoulder-bags,WOMEN BAGS,24/08/2026,,FALSE,5045658814543,312,IN STOCK,,No Size,Brown,,,21,TRUE,TRUE,FALSE
Carvela,2889966979,2889966979,Carvela Women's Clutch Bag Gold Synthetic Aintree,https://www.carvela.com/women/bags/clutch-bags/aintree-clutch-gold-combination-synthetic-carvela-2889966979?utm_source=display&utm_medium=programmatic&utm_campaign=performance&utm_content=rtg,"The Aintree Clutch features a padded gold exterior that is also embellished with gold crystals. The gold snap closure is branded.12cm (H), 20cm (L), 3cm (D)Strap length: 118cmOptional gold cross body strapCan fit phones up to 7inchesSmall interior card slotPlease take extra care when styling this piece with delicate fabricsExterior: SyntheticInterior: Fabric liningStyle number: 2889966979","The Aintree Clutch features a padded gold exterior that is also embellished with gold crystals. The gold snap closure is branded.12cm (H), 20cm (L), 3cm (D)Strap length: 118cmOptional gold cross body strapCan fit phones up to 7inchesSmall interior card slotPlease take extra care when styling this piece with delicate fabricsExterior: SyntheticInterior: Fabric liningStyle number: 2889966979",99.00,99.00,https://kg-static-cache.s3.amazonaws.com/catalog/product/cache/thumbnail/2000x2000/2/8/2889966979_40.jpg?v=1&width=800,Women > Bags > Clutch-bags,WOMEN BAGS,24/08/2026,,FALSE,5045659160304,72,IN STOCK,,No Size,Metallic,,,162,TRUE,TRUE,FALSE
Carvela,2892431449,2892431449,Carvela Cammie 3 -,https://www.carvela.com/women/bags/shoulder-bags/cammie-3-dark-brown-raffia-carvela-2892431449?utm_source=display&utm_medium=programmatic&utm_campaign=performance&utm_content=rtg,"This dark brown Mini Cammie is a bucket bag with slight texture. There is a small card purse attached to the front gold straps.&nbsp;20cm (H), 20cm (L), 10cm (D)Strap drop: 122cmTwo grab handles with insertsMagnetic snap closureInternal D ring attachmentCan fit phones up to 7inchesInternal compartments with zip closureExterior: Leather alternativeInterior: Monogrammed interior liningStyle number: 2892431449","This dark brown Mini Cammie is a bucket bag with slight texture. There is a small card purse attached to the front gold straps.&nbsp;20cm (H), 20cm (L), 10cm (D)Strap drop: 122cmTwo grab handles with insertsMagnetic snap closureInternal D ring attachmentCan fit phones up to 7inchesInternal compartments with zip closureExterior: Leather alternativeInterior: Monogrammed interior liningStyle number: 2892431449",89.00,89.00,https://kg-static-cache.s3.amazonaws.com/catalog/product/cache/thumbnail/2000x2000/2/8/2892431449_40.jpg?v=1&width=800,Women > Bags > Shoulder-bags,WOMEN BAGS,24/08/2026,,FALSE,5045659780243,13,IN STOCK,,No Size,Brown,,,207,TRUE,TRUE,FALSE
Carvela,6328800069,6328800069,Carvela Lazio Clutch Bag - Black Satin Crystal Fabric Lazio,https://www.carvela.com/women/bags/clutch-bags/lazio-clutch-bag-black-fabric-other-carvela-6328800069?utm_source=display&utm_medium=programmatic&utm_campaign=performance&utm_content=rtg,"This Lazio Clutch Bag is crafted from a black satin fabric that is embellished with silver crystals across the exterior and top handle. There is gunmetal branding on the front of the bag.12cm (H), 20cm (L), 6cm (D)Strap length: 102cmOptional gunmetal chain cross body strapCan fit phones up to 6inchesFour gold tone feetInterior slip pocketMaterial: SatinStyle number: 6328800069","This Lazio Clutch Bag is crafted from a black satin fabric that is embellished with silver crystals across the exterior and top handle. There is gunmetal branding on the front of the bag.12cm (H), 20cm (L), 6cm (D)Strap length: 102cmOptional gunmetal chain cross body strapCan fit phones up to 6inchesFour gold tone feetInterior slip pocketMaterial: SatinStyle number: 6328800069",99.00,99.00,https://kg-static-cache.s3.amazonaws.com/catalog/product/cache/thumbnail/2000x2000/6/3/6328800069_40.jpg?v=1&width=800,Women > Bags > Clutch-bags,WOMEN BAGS,24/08/2026,,FALSE,5020414729873,250,IN STOCK,,No Size,Black,,,37,TRUE,TRUE,FALSE
Carvela,4611951799,4611951799,Carvela Maria Micro Weave - Dark Red Microsuede Woven Bag,https://www.carvela.com/women/bags/crossbody-bags/maria-micro-weave-red-dark-suedette-carvela-4611951799?utm_source=display&utm_medium=programmatic&utm_campaign=performance&utm_content=rtg,"The Micro Maria Weave bag is a tote bag crafted from a dark red woven leather alternative. &nbsp;There are metallic gold and leather alternative black trims and luggage style tag on the front.14cm (H), 17cm (W), 9cm (D)Strap length: 121cmFlap over magnetic closureInterior central zipped pocketCan fit phones up to 7inchesFour gold feetInterior: Monogrammed interior liningExterior: SyntheticStyle number: 4611951799","The Micro Maria Weave bag is a tote bag crafted from a dark red woven leather alternative. &nbsp;There are metallic gold and leather alternative black trims and luggage style tag on the front.14cm (H), 17cm (W), 9cm (D)Strap length: 121cmFlap over magnetic closureInterior central zipped pocketCan fit phones up to 7inchesFour gold feetInterior: Monogrammed interior liningExterior: SyntheticStyle number: 4611951799",69.00,69.00,https://kg-static-cache.s3.amazonaws.com/catalog/product/cache/thumbnail/2000x2000/4/6/4611951799_40.jpg?v=1&width=800,Women > Bags > Crossbody-bags,WOMEN BAGS,24/08/2026,,FALSE,5020414729958,144,IN STOCK,,No Size,Red,,,102,TRUE,TRUE,FALSE
Carvela,5743331979,5743331979,Carvela Minori Mini Tote - Dark Brown Woven Tote Bag,https://www.carvela.com/women/bags/crossbody-bags/minori-mini-tote-dark-brown-synthetic-carvela-5743331979?utm_source=display&utm_medium=programmatic&utm_campaign=performance&utm_content=rtg,"This Mini Minori Tote bag is crafted from a black leather alternative with woven design across the front and back. There is gold branding details across the exterior of the bag.21cm (H), 22cm (L), 16cm (D)Strap length: 123cmOptional cross body strapCan fit phones up to 6inchesFour gold feetMaterial: Leather alternativeStyle number: 5743331979","This Mini Minori Tote bag is crafted from a black leather alternative with woven design across the front and back. There is gold branding details across the exterior of the bag.21cm (H), 22cm (L), 16cm (D)Strap length: 123cmOptional cross body strapCan fit phones up to 6inchesFour gold feetMaterial: Leather alternativeStyle number: 5743331979",79.00,79.00,https://kg-static-cache.s3.amazonaws.com/catalog/product/cache/thumbnail/2000x2000/5/7/5743331979_40.jpg?v=1&width=800,Women > Bags > Crossbody-bags,WOMEN BAGS,24/08/2026,,FALSE,5020414730268,158,IN STOCK,,No Size,Brown,,,91,TRUE,TRUE,FALSE
Carvela,6330000979,6330000979,Carvela Cappuccino Tote Bag -,https://www.carvela.com/women/bags/shoulder-bags/cappuccino-tote-black-synthetic-carvela-6330000979?utm_source=display&utm_medium=programmatic&utm_campaign=performance&utm_content=rtg,"The Cappuccino Tote Bag features a structured black textured upper. There are two adjustable shoulder straps with gold buckles matching the branding on the front.27cm (H), 40cm (L), 15cm (D)Strap length: 58cmInterior removable pouch11cm (H), 17cm (L), 1cm (D)Branded padlock charmZip closure&nbsp;Material: Leather alternativeStyle number: 6330000979","The Cappuccino Tote Bag features a structured black textured upper. There are two adjustable shoulder straps with gold buckles matching the branding on the front.27cm (H), 40cm (L), 15cm (D)Strap length: 58cmInterior removable pouch11cm (H), 17cm (L), 1cm (D)Branded padlock charmZip closure&nbsp;Material: Leather alternativeStyle number: 6330000979",89.00,89.00,https://kg-static-cache.s3.amazonaws.com/catalog/product/cache/thumbnail/2000x2000/6/3/6330000979_40.jpg?v=1&width=800,Women > Bags > Shoulder-bags,WOMEN BAGS,24/08/2026,,FALSE,5020414730459,459,IN STOCK,,No Size,Black,,,8,TRUE,TRUE,FALSE
Carvela,6330431799,6330431799,Carvela Juno Whipstitch Tote -,https://www.carvela.com/women/bags/shoulder-bags/juno-whipstitch-tote-dark-brown-suedette-carvela-6330431799?utm_source=display&utm_medium=programmatic&utm_campaign=performance&utm_content=rtg,"This Juno Whipstitch tote bag is crafted from a dark brown microsuede with stitching detail around the edges. The top handles are accented with a dark brown microsuede branded tag as well as silver padlock charm.26cm (H), 41cm (L), 15m (D)Strap length: 60cmCan fit phones up to 6inchesZip closureFour silver feetMaterial: MicrosuedeStyle number: 6339431799","This Juno Whipstitch tote bag is crafted from a dark brown microsuede with stitching detail around the edges. The top handles are accented with a dark brown microsuede branded tag as well as silver padlock charm.26cm (H), 41cm (L), 15m (D)Strap length: 60cmCan fit phones up to 6inchesZip closureFour silver feetMaterial: MicrosuedeStyle number: 6339431799",89.00,89.00,https://kg-static-cache.s3.amazonaws.com/catalog/product/cache/thumbnail/2000x2000/6/3/6330431799_40.jpg?v=1&width=800,Women > Bags > Shoulder-bags,WOMEN BAGS,24/08/2026,,FALSE,5020414730565,127,IN STOCK,,No Size,Brown,,,120,TRUE,TRUE,FALSE
Carvela,6331800979,6331800979,Carvela Tatianna Tote Bag - Black Winged Tote Bag,https://www.carvela.com/women/bags/shoulder-bags/tatianna-tote-black-synthetic-carvela-6331800979?utm_source=display&utm_medium=programmatic&utm_campaign=performance&utm_content=rtg,"Arriving in a black leather alternative, the Tatianna Tote bag sits over the shoulder. A strap fastened with gold push lock fastening sits around the rim of the winged bag.27cm (H), 34cm (L), 17cm (D)Strap length: 65cmZip top closureFour gold feetInterior zipped pocketMaterial: Leather alternativeStyle number: 6331800979","Arriving in a black leather alternative, the Tatianna Tote bag sits over the shoulder. A strap fastened with gold push lock fastening sits around the rim of the winged bag.27cm (H), 34cm (L), 17cm (D)Strap length: 65cmZip top closureFour gold feetInterior zipped pocketMaterial: Leather alternativeStyle number: 6331800979",89.00,89.00,https://kg-static-cache.s3.amazonaws.com/catalog/product/cache/thumbnail/2000x2000/6/3/6331800979_40.jpg?v=1&width=800,Women > Bags > Shoulder-bags,WOMEN BAGS,24/08/2026,,FALSE,5020414730763,366,IN STOCK,,No Size,Black,,,14,TRUE,TRUE,FALSE
Carvela,5800005069,5800005069,Carvela Diana Top Handle Bag -,https://www.carvela.com/women/bags/shoulder-bags/diana-top-handle-black-combination-fabric-other-carvela-5800005069?utm_source=display&utm_medium=programmatic&utm_campaign=performance&utm_content=rtg,"This Diana Top Handle is crafted from a black fabric with floral fishnet fabric. This bag can be held from a simple top handle.12cm (H), 20cm (L), 4cm (D)Strap length 105cmGold cross body chain strapCan fit phones up to 6inchesMaterial FabricStyle number: 5800005069","This Diana Top Handle is crafted from a black fabric with floral fishnet fabric. This bag can be held from a simple top handle.12cm (H), 20cm (L), 4cm (D)Strap length 105cmGold cross body chain strapCan fit phones up to 6inchesMaterial FabricStyle number: 5800005069",109.00,109.00,https://kg-static-cache.s3.amazonaws.com/catalog/product/cache/thumbnail/2000x2000/5/8/5800005069_40.jpg?v=1&width=800,Women > Bags > Shoulder-bags,WOMEN BAGS,24/08/2026,,FALSE,5020414799302,174,IN STOCK,,No Size,Black Combination,,,82,TRUE,TRUE,FALSE
Carvela,0906230979,0906230979,Carvela Women's Tote Bag Brown Synthetic Freya,https://www.carvela.com/women/bags/shoulder-bags/freya-2-brown-synthetic-carvela-0906230979?utm_source=display&utm_medium=programmatic&utm_campaign=performance&utm_content=rtg,"The Freya Triple Compartment Tote features a brown exterior with gold tone branding. There are two, removable zipped pouches on the front.26cm (H), 37cm (L), 10cm (D)Strap length shoulder: 51cmStrap drop: 23cmTwo magnetic closures and one interior zipped compartmentCan fit phones up to 7 inchesExterior: Leather alternativeInterior: UnlinedStyle number: 0906230979","The Freya Triple Compartment Tote features a brown exterior with gold tone branding. There are two, removable zipped pouches on the front.26cm (H), 37cm (L), 10cm (D)Strap length shoulder: 51cmStrap drop: 23cmTwo magnetic closures and one interior zipped compartmentCan fit phones up to 7 inchesExterior: Leather alternativeInterior: UnlinedStyle number: 0906230979",69.00,69.00,https://kg-static-cache.s3.amazonaws.com/catalog/product/cache/thumbnail/2000x2000/0/9/0906230979_40.jpg?v=1&width=800,Women > Bags > Shoulder-bags,WOMEN BAGS,24/08/2026,,TRUE,5045656780062,540,IN STOCK,,No Size,Brown,,,3,TRUE,TRUE,FALSE
Carvela,3883900409,3883900409,Carvela Women's Card Holder Synthetic Jessica,https://www.carvela.com/women/bags/jessica-card-holder-black-croc-print-carvela-3883900409?utm_source=display&utm_medium=programmatic&utm_campaign=performance&utm_content=rtg,"This Jessica Card Holder arrives in a black croc embossed patent fabric. This holder can hold up to 3 cards and has gold branding on the front.8.5cm (H), 10cm (L), 1cm (D)Material: SyntheticStyle number: 3883900409","This Jessica Card Holder arrives in a black croc embossed patent fabric. This holder can hold up to 3 cards and has gold branding on the front.8.5cm (H), 10cm (L), 1cm (D)Material: SyntheticStyle number: 3883900409",19.00,19.00,https://kg-static-cache.s3.amazonaws.com/catalog/product/cache/thumbnail/2000x2000/3/8/3883900409_40.jpg?v=1&width=800,Women > Bags,WOMEN BAGS,24/08/2026,,FALSE,5045656969719,86,IN STOCK,,No Size,Black,,,150,TRUE,TRUE,FALSE
Carvela,4611941979,4611941979,Carvela Women's Mini Bag Bone Synthetic Maria,https://www.carvela.com/women/bags/crossbody-bags/maria-micro-weave-bone-synthetic-carvela-4611941979?utm_source=display&utm_medium=programmatic&utm_campaign=performance&utm_content=rtg,"The Micro Maria Weave bag is a tote bag crafted from a bone woven leather alternative. There are metallic gold and leather alternative bone trims and luggage style tag on the front.14cm (H), 17cm (W), 9cm (D)Strap length: 121cmFlap over magnetic closureInterior central zipped pocketCan fit phones up to 7inchesFour gold feetInterior: Monogrammed interior liningExterior: SyntheticStyle number: 4611941979","The Micro Maria Weave bag is a tote bag crafted from a bone woven leather alternative. There are metallic gold and leather alternative bone trims and luggage style tag on the front.14cm (H), 17cm (W), 9cm (D)Strap length: 121cmFlap over magnetic closureInterior central zipped pocketCan fit phones up to 7inchesFour gold feetInterior: Monogrammed interior liningExterior: SyntheticStyle number: 4611941979",69.00,69.00,https://kg-static-cache.s3.amazonaws.com/catalog/product/cache/thumbnail/2000x2000/4/6/4611941979_40.jpg?v=1&width=800,Women > Bags > Crossbody-bags,WOMEN BAGS,24/08/2026,,FALSE,5045657910895,56,IN STOCK,,No Size,White,,,173,TRUE,TRUE,FALSE
Carvela,5217800409,5217800409,Carvela Women's Clutch Bag Croc Print Synthetic Jessica,https://www.carvela.com/women/bags/clutch-bags/jessica-clutch-black-croc-print-carvela-5217800409?utm_source=display&utm_medium=programmatic&utm_campaign=performance&utm_content=rtg,"This Jessica Clutch Bag is crafted from a black croc embossed leather alternative. There is a gold tone branded plate on the front of the bag.14cm (H), 26cm (L), 5cm (D)Strap length: 80cmGold shoulder strap can be tucked into bagSnap closure under the front flapMaterial: SyntheticStyle number: 5217800409","This Jessica Clutch Bag is crafted from a black croc embossed leather alternative. There is a gold tone branded plate on the front of the bag.14cm (H), 26cm (L), 5cm (D)Strap length: 80cmGold shoulder strap can be tucked into bagSnap closure under the front flapMaterial: SyntheticStyle number: 5217800409",49.00,49.00,https://kg-static-cache.s3.amazonaws.com/catalog/product/cache/thumbnail/2000x2000/5/2/5217800409_40.jpg?v=1&width=800,Women > Bags > Clutch-bags,WOMEN BAGS,24/08/2026,,FALSE,5045658814208,214,IN STOCK,,No Size,Black,,,62,TRUE,TRUE,FALSE
Carvela,5743444979,5743444979,Carvela Minori Scoop Shoulder - Black Combination Minori Shoulder Bag,https://www.carvela.com/women/bags/shoulder-bags/minori-scoop-shoulder-bone-combination-synthetic-carvela-5743444979?utm_source=display&utm_medium=programmatic&utm_campaign=performance&utm_content=rtg,"This Minori Scoop Shoulder Bag is crafted from a black leather alternative with bone and taupe panels. There is gold branding and hardware across the bag.12cm (H), 25cm (L), 7cm (D)Strap length: 108cmZipped closureCan fit phones up to 6inchesMaterial: SyntheticStyle number: 5743444979","This Minori Scoop Shoulder Bag is crafted from a black leather alternative with bone and taupe panels. There is gold branding and hardware across the bag.12cm (H), 25cm (L), 7cm (D)Strap length: 108cmZipped closureCan fit phones up to 6inchesMaterial: SyntheticStyle number: 5743444979",69.00,69.00,https://kg-static-cache.s3.amazonaws.com/catalog/product/cache/thumbnail/2000x2000/5/7/5743444979_40.jpg?v=1&width=800,Women > Bags > Shoulder-bags,WOMEN BAGS,24/08/2026,,FALSE,5045659779995,76,IN STOCK,,No Size,White,,,159,TRUE,TRUE,FALSE
Carvela,4475133449,4475133449,Carvela Women's Tote Bag Raffia Sorrento,https://www.carvela.com/women/bags/tote-bags/sorrento-raffia-tote-tan-raffia-carvela-4475133449?utm_source=display&utm_medium=programmatic&utm_campaign=performance&utm_content=rtg,"This Sorrento Raffia Tote bag features a woven exterior with stitched Carvela branding on the front. Each shoulder strap is accented with gold chain. There is a removable woven pouch to take from day to night.33cm (H), 42cm (L), 14cm (D)Strap length: 55cmFour gold feet&nbsp;Can fit laptops up to 14inchesInterior: Fabric liningExterior: TextileStyle number: 4475133449","This Sorrento Raffia Tote bag features a woven exterior with stitched Carvela branding on the front. Each shoulder strap is accented with gold chain. There is a removable woven pouch to take from day to night.33cm (H), 42cm (L), 14cm (D)Strap length: 55cmFour gold feet&nbsp;Can fit laptops up to 14inchesInterior: Fabric liningExterior: TextileStyle number: 4475133449",89.00,89.00,https://kg-static-cache.s3.amazonaws.com/catalog/product/cache/thumbnail/2000x2000/4/4/4475133449_40.jpg?v=1&width=800,Women > Bags > Tote-bags,WOMEN BAGS,24/08/2026,,TRUE,5045659780076,42,IN STOCK,,No Size,Tan,,,182,TRUE,TRUE,FALSE
Carvela,5799836169,5799836169,KG Kurt Geiger Women's Tote Bag Tan combination Fabric Leather Nina,https://www.carvela.com/women/bags/tote-bags/nina-mini-tote-tan-combination-leather-fabric-carvela-5799836169?utm_source=display&utm_medium=programmatic&utm_campaign=performance&utm_content=rtg,"This Mini Nina Tote bag is crafted from a soft &nbsp;beige and brown braided raffia fabric. There are two brown leather top handles and a branded luggage style tag attached.18cm (H), 25cm (L), 10cm (D)Strap length: 117cmZipped closureInternal zipped pouchFour gold feetMaterial: Leather FabricStyle number: 5799836169","This Mini Nina Tote bag is crafted from a soft &nbsp;beige and brown braided raffia fabric. There are two brown leather top handles and a branded luggage style tag attached.18cm (H), 25cm (L), 10cm (D)Strap length: 117cmZipped closureInternal zipped pouchFour gold feetMaterial: Leather FabricStyle number: 5799836169",139.00,139.00,https://kg-static-cache.s3.amazonaws.com/catalog/product/cache/thumbnail/2000x2000/5/7/5799836169_40.jpg?v=1&width=800,Women > Bags > Tote-bags,WOMEN BAGS,24/08/2026,,FALSE,5045659897590,87,IN STOCK,,No Size,Tan Combination,,,147,TRUE,TRUE,FALSE
Carvela,5800000069,5800000069,Carvela Women's Top Handle Bag Black Fabric Other Diana,https://www.carvela.com/women/bags/shoulder-bags/diana-top-handle-black-fabric-other-carvela-5800000069?utm_source=display&utm_medium=programmatic&utm_campaign=performance&utm_content=rtg,"This Diana Top Handle Bag is crafted from a black fabric with complete crystal embellishment. There is a simple top handle as well as gold branded panel on the flap.13cm (H), 19cm (L), 4cm (D)Strap length: 115cmGold chain cross body strapCan fit phones up to 6inchesMaterial: SyntheticStyle number: 5800000069","This Diana Top Handle Bag is crafted from a black fabric with complete crystal embellishment. There is a simple top handle as well as gold branded panel on the flap.13cm (H), 19cm (L), 4cm (D)Strap length: 115cmGold chain cross body strapCan fit phones up to 6inchesMaterial: SyntheticStyle number: 5800000069",109.00,109.00,https://kg-static-cache.s3.amazonaws.com/catalog/product/cache/thumbnail/2000x2000/5/8/5800000069_40.jpg?v=1&width=800,Women > Bags > Shoulder-bags,WOMEN BAGS,24/08/2026,,FALSE,5045659897644,75,IN STOCK,,No Size,Black,,,161,TRUE,TRUE,FALSE
Carvela,5216339609,5216339609,Carvela Gina Hobo Bag -,https://www.carvela.com/women/bags/shoulder-bags/gina-hobo-brown-other-fabric-carvela-5216339609?utm_source=display&utm_medium=programmatic&utm_campaign=performance&utm_content=rtg,"This Gina Hobo arrives in a leopard printed faux fur. There is a simple black shoulder strap with black tassel charm attached to the zip top closure28cm (H), 43cm (L), 12cm (D)Strap length: 47cmFour gold tone feetMaterial: FabricStyle number: 5216339609","This Gina Hobo arrives in a leopard printed faux fur. There is a simple black shoulder strap with black tassel charm attached to the zip top closure28cm (H), 43cm (L), 12cm (D)Strap length: 47cmFour gold tone feetMaterial: FabricStyle number: 5216339609",139.00,139.00,https://kg-static-cache.s3.amazonaws.com/catalog/product/cache/thumbnail/2000x2000/5/2/5216339609_40.jpg?v=1&width=800,Women > Bags > Shoulder-bags,WOMEN BAGS,24/08/2026,,FALSE,5020414729569,135,IN STOCK,,No Size,Brown Other,,,110,TRUE,TRUE,FALSE
Carvela,5800350069,5800350069,Carvela Women's Clutch Bag Fabric Red Other Anna Clutch,https://www.carvela.com/women/bags/clutch-bags/anna-clutch-bag-red-fabric-other-carvela-5800350069?utm_source=display&utm_medium=programmatic&utm_campaign=performance&utm_content=rtg,"This Anna Clutch Bag is crafted from a soft red fabric which is embellished with red crystals. There is a small branded gold panel at the bottom of the flap closure.12cm (H), 19cm (L), 4cm (D)Strap length: 117cmInterior zipped pocketMagnetic snap closureMaterial: FabricStyle number: 5800350069","This Anna Clutch Bag is crafted from a soft red fabric which is embellished with red crystals. There is a small branded gold panel at the bottom of the flap closure.12cm (H), 19cm (L), 4cm (D)Strap length: 117cmInterior zipped pocketMagnetic snap closureMaterial: FabricStyle number: 5800350069",99.00,99.00,https://kg-static-cache.s3.amazonaws.com/catalog/product/cache/thumbnail/2000x2000/5/8/5800350069_40.jpg?v=1&width=800,Women > Bags > Clutch-bags,WOMEN BAGS,24/08/2026,,FALSE,5020414729743,155,IN STOCK,,No Size,Red,,,96,TRUE,TRUE,FALSE
Carvela,4611605799,4611605799,Carvela Midi Maria Weave Bag - Black Woven Embossed Tote Bag,https://www.carvela.com/women/bags/shoulder-bags/maria-midi-weave-black-combination-suedette-carvela-4611605799?utm_source=display&utm_medium=programmatic&utm_campaign=performance&utm_content=rtg,"Featuring a black microsuede upper, this Midi Maria Weave bag features an embossed weave design. There is a branded luggage tag on the front with gold toned branded plate.27cm (H), 37cm (L) , 16.5cm (D)Strap length: 118cmStrap drop: 47cmFlap over magnetic closureInterior central zipped pocketCan fit laptops up to 12inchesOuter: MicrosuedeInterior: Monogrammed interior liningStyle number: 4611605799","Featuring a black microsuede upper, this Midi Maria Weave bag features an embossed weave design. There is a branded luggage tag on the front with gold toned branded plate.27cm (H), 37cm (L) , 16.5cm (D)Strap length: 118cmStrap drop: 47cmFlap over magnetic closureInterior central zipped pocketCan fit laptops up to 12inchesOuter: MicrosuedeInterior: Monogrammed interior liningStyle number: 4611605799",89.00,89.00,https://kg-static-cache.s3.amazonaws.com/catalog/product/cache/thumbnail/2000x2000/4/6/4611605799_40.jpg?v=1&width=800,Women > Bags > Shoulder-bags,WOMEN BAGS,24/08/2026,,FALSE,5020414729910,344,IN STOCK,,No Size,Black Combination,,,16,TRUE,TRUE,FALSE
Carvela,6330747979,6330747979,Carvela Regina Turnlock Tote -,https://www.carvela.com/women/bags/shoulder-bags/regina-turnlock-tote-taupe-synthetic-carvela-6330747979?utm_source=display&utm_medium=programmatic&utm_campaign=performance&utm_content=rtg,"This Regina Turnlock Tote bag is crafted from a taupe microsuede fabric with pebble grained panels on each side. There are two top handles that sit over the shoulder.23cm (H), 26cm (L), 16cm (D)Strap length: 64cmZip closureFlap over turnlock strapCan fit phones up to 6inchesInside interior pocketMaterial: SyntheticStyle number: 6330747979","This Regina Turnlock Tote bag is crafted from a taupe microsuede fabric with pebble grained panels on each side. There are two top handles that sit over the shoulder.23cm (H), 26cm (L), 16cm (D)Strap length: 64cmZip closureFlap over turnlock strapCan fit phones up to 6inchesInside interior pocketMaterial: SyntheticStyle number: 6330747979",79.00,79.00,https://kg-static-cache.s3.amazonaws.com/catalog/product/cache/thumbnail/2000x2000/6/3/6330747979_40.jpg?v=1&width=800,Women > Bags > Shoulder-bags,WOMEN BAGS,24/08/2026,,FALSE,5020414730640,135,IN STOCK,,No Size,Taupe,,,111,TRUE,TRUE,FALSE
Carvela,6330900979,6330900979,Carvela Women's Shoulder Bag Black Synthetic Livia Scoop,https://www.carvela.com/women/bags/shoulder-bags/livia-scoop-black-synthetic-carvela-6330900979?utm_source=display&utm_medium=programmatic&utm_campaign=performance&utm_content=rtg,"This Livia Scoop is a cross body bag crafted from a black textured leather alternative. There are two gunmetal buckles to adjust the cross body strap matching the Carvela branding on the front.18cm (H),28cm (L), 10cm (D)Strap length: 109cmAdjustable cross body strapZip top closure&nbsp;Material: Leather alternativeStyle number: 6330900979","This Livia Scoop is a cross body bag crafted from a black textured leather alternative. There are two gunmetal buckles to adjust the cross body strap matching the Carvela branding on the front.18cm (H),28cm (L), 10cm (D)Strap length: 109cmAdjustable cross body strapZip top closure&nbsp;Material: Leather alternativeStyle number: 6330900979",69.00,69.00,https://kg-static-cache.s3.amazonaws.com/catalog/product/cache/thumbnail/2000x2000/6/3/6330900979_40.jpg?v=1&width=800,Women > Bags > Shoulder-bags,WOMEN BAGS,24/08/2026,,FALSE,5020414730688,123,IN STOCK,,No Size,Black,,,123,TRUE,TRUE,FALSE
Carvela,6343414069,6343414069,Carvela Women's Clutch Bag Champagne Fabric Other Palio,https://www.carvela.com/women/bags/clutch-bags/palio-hard-clutch-champagne-fabric-other-carvela-6343414069?utm_source=display&utm_medium=programmatic&utm_campaign=performance&utm_content=rtg,"The Palio is a clutch bag arriving in a champagne glitter fabric. The trims are in a gold tone matching the cross body strap.12cm (H), 19cm (L), 2cm (D)Strap length: 124cmOptional gold chain cross body strapCan fit classic credit cardsMaterial: FabricStyle number: 6343414069","The Palio is a clutch bag arriving in a champagne glitter fabric. The trims are in a gold tone matching the cross body strap.12cm (H), 19cm (L), 2cm (D)Strap length: 124cmOptional gold chain cross body strapCan fit classic credit cardsMaterial: FabricStyle number: 6343414069",69.00,69.00,https://kg-static-cache.s3.amazonaws.com/catalog/product/cache/thumbnail/2000x2000/6/3/6343414069_40.jpg?v=1&width=800,Women > Bags > Clutch-bags,WOMEN BAGS,24/08/2026,,FALSE,5020414750983,192,IN STOCK,,No Size,Champagne,,,73,TRUE,TRUE,FALSE
Carvela,0291800979,0291800979,Carvela Women's Clutch Bag Black Crystal Synthetic Stargaze,https://www.carvela.com/women/bags/clutch-bags/stargaze-clutch-black-synthetic-carvela-0291800979?utm_source=display&utm_medium=programmatic&utm_campaign=performance&utm_content=rtg,"The Stargaze Envelope Clutch bag features a black exterior with crystal embellishment across the exterior. There is black metal branding on the back.14cm (H), 23cm (L), 2cm (D)Strap length: 109cmStrap drop: 50cmRemovable chain strapPlease take extra care when styling this piece with delicate fabricsMaterial: TextileStyle number: 0291800979","The Stargaze Envelope Clutch bag features a black exterior with crystal embellishment across the exterior. There is black metal branding on the back.14cm (H), 23cm (L), 2cm (D)Strap length: 109cmStrap drop: 50cmRemovable chain strapPlease take extra care when styling this piece with delicate fabricsMaterial: TextileStyle number: 0291800979",59.00,59.00,https://kg-static-cache.s3.amazonaws.com/catalog/product/cache/thumbnail/2000x2000/0/2/0291800979_40.jpg?v=1&width=800,Women > Bags > Clutch-bags,WOMEN BAGS,24/08/2026,,FALSE,5045655189323,415,IN STOCK,,No Size,Black,,,12,TRUE,TRUE,FALSE
Carvela,3182751409,3182751409,Carvela Women's Tote Bag Dark Red Synthetic Jessica,https://www.carvela.com/women/bags/crossbody-bags/jessica-midi-tote-2-red-dark-croc-print-carvela-3182751409?utm_source=display&utm_medium=programmatic&utm_campaign=performance&utm_content=rtg,"The Jessica Midi Tote features a dark red upper with patent croc embossed design. The front features a wine branded metal plate.&nbsp;26cm (H), 36cm (L), 12cm (D)Strap drop cross body: 100cmStrap drop top grab handle: 27cmMagnetic snap closure and zip top&nbsp;Can fit phones up to 7 inchesInternal lining pocketOuter: TextileInterior: Monogrammed interior liningStyle number: 3182751409","The Jessica Midi Tote features a dark red upper with patent croc embossed design. The front features a wine branded metal plate.&nbsp;26cm (H), 36cm (L), 12cm (D)Strap drop cross body: 100cmStrap drop top grab handle: 27cmMagnetic snap closure and zip top&nbsp;Can fit phones up to 7 inchesInternal lining pocketOuter: TextileInterior: Monogrammed interior liningStyle number: 3182751409",89.00,89.00,https://kg-static-cache.s3.amazonaws.com/catalog/product/cache/thumbnail/2000x2000/3/1/3182751409_40.jpg?v=1&width=800,Women > Bags > Crossbody-bags,WOMEN BAGS,24/08/2026,,FALSE,5045658814147,141,IN STOCK,,No Size,Red,,,106,TRUE,TRUE,FALSE
Carvela,5272844069,5272844069,Carvela Women's Clutch Bag Bone Synthetic Positano,https://www.carvela.com/women/bags/crossbody-bags/positano-daisy-clutch-bone-combination-fabric-other-carvela-5272844069?utm_source=display&utm_medium=programmatic&utm_campaign=performance&utm_content=rtg,This Positano Daisy Clutch Bag is crafted from a soft bone fabric which is embroidered with daisies. There is a gold tone branded plate on the front of the bag.Optional gold chain cross body strapCan fit phones up to 6inchesMaterial: FabricStyle number: 5272844069,This Positano Daisy Clutch Bag is crafted from a soft bone fabric which is embroidered with daisies. There is a gold tone branded plate on the front of the bag.Optional gold chain cross body strapCan fit phones up to 6inchesMaterial: FabricStyle number: 5272844069,99.00,99.00,https://kg-static-cache.s3.amazonaws.com/catalog/product/cache/thumbnail/2000x2000/5/2/5272844069_40.jpg?v=1&width=800,Women > Bags > Crossbody-bags,WOMEN BAGS,24/08/2026,,FALSE,5045658872161,260,IN STOCK,,No Size,White,,,32,TRUE,TRUE,FALSE
Carvela,5569115979,5569115979,Carvela Women's Clutch Bag Bone Synthetic Cecilia,https://www.carvela.com/women/bags/clutch-bags/cecilia-hard-clutch-white-comb-synthetic-carvela-5569115979?utm_source=display&utm_medium=programmatic&utm_campaign=performance&utm_content=rtg,"This Cecilia Hard Clutch bag is crafted from white satin fabric which is embellished with faux pearls. The trims are in silver with an eagle head on the clasp.8cm (H), 18cm (L), 4cm (D)Strap length: 121cmClasp closureSilver branding on the backCan fit a walletMaterial: SyntehticStyle number: 5569115979","This Cecilia Hard Clutch bag is crafted from white satin fabric which is embellished with faux pearls. The trims are in silver with an eagle head on the clasp.8cm (H), 18cm (L), 4cm (D)Strap length: 121cmClasp closureSilver branding on the backCan fit a walletMaterial: SyntehticStyle number: 5569115979",119.00,119.00,https://kg-static-cache.s3.amazonaws.com/catalog/product/cache/thumbnail/2000x2000/5/5/5569115979_40.jpg?v=1&width=800,Women > Bags > Clutch-bags,WOMEN BAGS,24/08/2026,,FALSE,5045659455462,267,IN STOCK,,No Size,White,,,31,TRUE,TRUE,FALSE
Carvela,5742943449,5742943449,Carvela Women's Shopper Bag Beige Combination Raffia Florentina,https://www.carvela.com/women/bags/shoulder-bags/florentina-shopper-beige-combination-raffia-carvela-5742943449?utm_source=display&utm_medium=programmatic&utm_campaign=performance&utm_content=rtg,"This Florentina Shopper bag is crafted from a beige raffia fabric with embroidered Carvela branding across the front of the bag. There is a gold seashell charm attached to the top handle.37cm (H), 42cm (L), 26cm (D)Strap length: 52cmCan fit laptops up to 14inchesMaterial: RaffiaStyle number: 5742943449","This Florentina Shopper bag is crafted from a beige raffia fabric with embroidered Carvela branding across the front of the bag. There is a gold seashell charm attached to the top handle.37cm (H), 42cm (L), 26cm (D)Strap length: 52cmCan fit laptops up to 14inchesMaterial: RaffiaStyle number: 5742943449",79.00,79.00,https://kg-static-cache.s3.amazonaws.com/catalog/product/cache/thumbnail/2000x2000/5/7/5742943449_40.jpg?v=1&width=800,Women > Bags > Shoulder-bags,WOMEN BAGS,24/08/2026,,FALSE,5045659779780,20,IN STOCK,,No Size,Nude,,,194,TRUE,TRUE,FALSE
Carvela,5989047209,5989047209,KG Kurt Geiger Women's Clutch Bag Taupe Suede Spirited,https://www.carvela.com/women/bags/clutch-bags/spirited-clutch-taupe-suede-carvela-5989047209?utm_source=display&utm_medium=programmatic&utm_campaign=performance&utm_content=rtg,"This Spirited Clutch bag is crafted from a taupe suede. There is a gold tone branded plate on the front flap.&nbsp;14cm (H), 25cm (L), 3cm (D)Strap length: 113cmGold cross body strapInterior zipped pocketCan fit phones up to 6inchesMaterial: SuedeStyle number: 5989047209","This Spirited Clutch bag is crafted from a taupe suede. There is a gold tone branded plate on the front flap.&nbsp;14cm (H), 25cm (L), 3cm (D)Strap length: 113cmGold cross body strapInterior zipped pocketCan fit phones up to 6inchesMaterial: SuedeStyle number: 5989047209",139.00,139.00,https://kg-static-cache.s3.amazonaws.com/catalog/product/cache/thumbnail/2000x2000/5/9/5989047209_40.jpg?v=1&width=800,Women > Bags > Clutch-bags,WOMEN BAGS,24/08/2026,,TRUE,5020414188083,7,IN STOCK,,No Size,Taupe,,,215,TRUE,TRUE,FALSE
Carvela,6328047979,6328047979,Carvela Mini Fernanda Shoulder Bag - Taupe Leather alternative Shoulder Bag,https://www.carvela.com/women/bags/shoulder-bags/fernanda-mini-shoulder-taupe-synthetic-carvela-6328047979?utm_source=display&utm_medium=programmatic&utm_campaign=performance&utm_content=rtg,"This Mini Fernanda Shoulder bag is crafted from a taupe textured leather alternative. There is brushed gold branding on the front flap completing the lobster clasp fastening of the straps.11cm (H), 20cm (L), 6cm (D)Strap length shoulder: 53cmStrap length cross body: 124cmTwo optional strapsFront open pocket under flapInterior zipped pocketCan fit phones up to 6inchesMagnetic snap closure under front flapMaterial: Leather alternativeStyle number: 6328047979","This Mini Fernanda Shoulder bag is crafted from a taupe textured leather alternative. There is brushed gold branding on the front flap completing the lobster clasp fastening of the straps.11cm (H), 20cm (L), 6cm (D)Strap length shoulder: 53cmStrap length cross body: 124cmTwo optional strapsFront open pocket under flapInterior zipped pocketCan fit phones up to 6inchesMagnetic snap closure under front flapMaterial: Leather alternativeStyle number: 6328047979",89.00,89.00,https://kg-static-cache.s3.amazonaws.com/catalog/product/cache/thumbnail/2000x2000/6/3/6328047979_40.jpg?v=1&width=800,Women > Bags > Shoulder-bags,WOMEN BAGS,24/08/2026,,FALSE,5020414729651,236,IN STOCK,,No Size,Taupe,,,47,TRUE,TRUE,FALSE
Carvela,4611931799,4611931799,Carvela Micro Maria Weave Bag -,https://www.carvela.com/women/bags/crossbody-bags/maria-micro-weave-dark-brown-suedette-carvela-4611931799?utm_source=display&utm_medium=programmatic&utm_campaign=performance&utm_content=rtg,"The Micro Maria Weave bag is a tote bag crafted from a dark brown microsuede with embossed weave design. There are metallic gold leather alternative trims and luggage style tag on the front.14cm (H), 17cm (W), 9cm (D)Strap length: 121cmFlap over magnetic closureInterior central zipped pocketFour gold feetInterior: Monogrammed interior liningExterior: MicrosuedeStyle number: 4611931799","The Micro Maria Weave bag is a tote bag crafted from a dark brown microsuede with embossed weave design. There are metallic gold leather alternative trims and luggage style tag on the front.14cm (H), 17cm (W), 9cm (D)Strap length: 121cmFlap over magnetic closureInterior central zipped pocketFour gold feetInterior: Monogrammed interior liningExterior: MicrosuedeStyle number: 4611931799",69.00,69.00,https://kg-static-cache.s3.amazonaws.com/catalog/product/cache/thumbnail/2000x2000/4/6/4611931799_40.jpg?v=1&width=800,Women > Bags > Crossbody-bags,WOMEN BAGS,24/08/2026,,FALSE,5020414729941,326,IN STOCK,,No Size,Brown,,,17,TRUE,TRUE,FALSE
Carvela,5052231799,5052231799,Carvela Large Rosa Chain Shoulder Bag -,https://www.carvela.com/women/bags/shoulder-bags/large-rosa-chain-shoulder-dark-brown-suedette-carvela-5052231799?utm_source=display&utm_medium=programmatic&utm_campaign=performance&utm_content=rtg,"The Large Rosa Chain shoulder bag features a dark brown exterior with overstitch quilting in a diamond design. There is gold tone branding on the front and hardware details across the bag.17cm (H), 26cm (L), 7cm (D)Strap length: 63cmTwo gold tone shoulder chain strapInterior lining pocketCan fit phones up to 6inchesMagnetic snap closureMaterial: SyntheticStyle number: 5052251979","The Large Rosa Chain shoulder bag features a dark brown exterior with overstitch quilting in a diamond design. There is gold tone branding on the front and hardware details across the bag.17cm (H), 26cm (L), 7cm (D)Strap length: 63cmTwo gold tone shoulder chain strapInterior lining pocketCan fit phones up to 6inchesMagnetic snap closureMaterial: SyntheticStyle number: 5052251979",89.00,89.00,https://kg-static-cache.s3.amazonaws.com/catalog/product/cache/thumbnail/2000x2000/5/0/5052231799_40.jpg?v=1&width=800,Women > Bags > Shoulder-bags,WOMEN BAGS,24/08/2026,,FALSE,5020414730305,290,IN STOCK,,No Size,Brown,,,28,TRUE,TRUE,FALSE
Carvela,5216350609,5216350609,Carvela Gina Hobo -,https://www.carvela.com/women/bags/shoulder-bags/gina-hobo-red-fabric-carvela-5216350609?utm_source=display&utm_medium=programmatic&utm_campaign=performance&utm_content=rtg,"This Gina Hobo arrives in a red soft faux fur. There is a simple black shoulder strap with black tassel charm attached to the zip top closure28cm (H), 43cm (L), 12cm (D)Strap length: 47cmFour gold tone feetMaterial: FabricStyle number: 5216350609","This Gina Hobo arrives in a red soft faux fur. There is a simple black shoulder strap with black tassel charm attached to the zip top closure28cm (H), 43cm (L), 12cm (D)Strap length: 47cmFour gold tone feetMaterial: FabricStyle number: 5216350609",139.00,139.00,https://kg-static-cache.s3.amazonaws.com/catalog/product/cache/thumbnail/2000x2000/5/2/5216350609_40.jpg?v=1&width=800,Women > Bags > Shoulder-bags,WOMEN BAGS,24/08/2026,,FALSE,5020414806956,195,IN STOCK,,No Size,Red,,,71,TRUE,TRUE,FALSE
Carvela,0000600409,0000600409,Carvela Women's Card Holder Black Synthetic Mandy,https://www.carvela.com/women/bags/mandy-purse-black-croc-print-carvela-0000600409?utm_source=display&utm_medium=programmatic&utm_campaign=performance&utm_content=rtg,"The Mandy Purse features a black croc embossed exterior. There is a gold tone Carvela branding on the front and pop closure.9cm (H), 12cm (L), 3cm (D)Can fit up to 8 classic cardsOne longer slot for cashZipped pocket on the backGold foil branding on the insideExterior: Leather alternativeStyle number: 0000600409","The Mandy Purse features a black croc embossed exterior. There is a gold tone Carvela branding on the front and pop closure.9cm (H), 12cm (L), 3cm (D)Can fit up to 8 classic cardsOne longer slot for cashZipped pocket on the backGold foil branding on the insideExterior: Leather alternativeStyle number: 0000600409",29.00,29.00,https://kg-static-cache.s3.amazonaws.com/catalog/product/cache/thumbnail/2000x2000/0/0/0000600409_40.jpg?v=1&width=800,Women > Bags,WOMEN BAGS,24/08/2026,,FALSE,5045655478731,683,IN STOCK,,No Size,Black,,,1,TRUE,TRUE,FALSE
Carvela,9985666979,9985666979,Carvela Megan Envelope Clutch -,https://www.carvela.com/women/bags/crossbody-bags/megan-envelope-clutch-gold-combination-synthetic-carvela-9985666979?utm_source=display&utm_medium=programmatic&utm_campaign=performance&utm_content=rtg,"The Megan Envelope Clutch bag features a metallic gold leather alternative exterior with gold tone Carvela branding on the front flap.14cm (H), 24cm (L), 1cm (D)Strap length: 109cmStrap drop: 50cmRemovable chain strapDue to the nature of the embellishments and style of chain on this bag, please take care when wearing close to clothingMaterial: TextileStyle number: 9985666979","The Megan Envelope Clutch bag features a metallic gold leather alternative exterior with gold tone Carvela branding on the front flap.14cm (H), 24cm (L), 1cm (D)Strap length: 109cmStrap drop: 50cmRemovable chain strapDue to the nature of the embellishments and style of chain on this bag, please take care when wearing close to clothingMaterial: TextileStyle number: 9985666979",59.00,59.00,https://kg-static-cache.s3.amazonaws.com/catalog/product/cache/thumbnail/2000x2000/9/9/9985666979_40.jpg?v=1&width=800,Women > Bags > Crossbody-bags,WOMEN BAGS,24/08/2026,,FALSE,5045657949826,246,IN STOCK,,No Size,Metallic,,,38,TRUE,TRUE,FALSE
Carvela,5593630979,5593630979,Carvela Women's Clutch Bag Brown Synthetic Spiral Envelope,https://www.carvela.com/women/bags/clutch-bags/spiral-envelope-clutch-brown-synthetic-carvela-5593630979?utm_source=display&utm_medium=programmatic&utm_campaign=performance&utm_content=rtg,"This Spiral Envelope Clutch Bag is crafted from a brown satin that is embellished with bronze crystals. The clasp is accented with gold branding.&nbsp;13cm (H), 23cm (L), 4cm (D)Strap length: 82cmOptional cross body strapCan fit phones up to 6inchesMaterial: Leather alternativeStyle number: 5593630979","This Spiral Envelope Clutch Bag is crafted from a brown satin that is embellished with bronze crystals. The clasp is accented with gold branding.&nbsp;13cm (H), 23cm (L), 4cm (D)Strap length: 82cmOptional cross body strapCan fit phones up to 6inchesMaterial: Leather alternativeStyle number: 5593630979",59.00,59.00,https://kg-static-cache.s3.amazonaws.com/catalog/product/cache/thumbnail/2000x2000/5/5/5593630979_40.jpg?v=1&width=800,Women > Bags > Clutch-bags,WOMEN BAGS,24/08/2026,,FALSE,5045659487661,13,IN STOCK,,No Size,Brown,,,208,TRUE,TRUE,FALSE
Carvela,4611947979,4611947979,Carvela Women's Tote Bag Taupe Synthetic Maria Micro,https://www.carvela.com/women/bags/crossbody-bags/maria-micro-weave-taupe-synthetic-carvela-4611947979?utm_source=display&utm_medium=programmatic&utm_campaign=performance&utm_content=rtg,"The Micro Maria Weave bag is a tote bag crafted from a taupe woven leather alternative. There are metallic gold and leather alternative bone trims and luggage style tag on the front.14cm (H), 17cm (W), 9cm (D)Strap length: 121cmFlap over magnetic closureInterior central zipped pocketCan fit phones up to 7inchesFour gold feetMaterial: Leather alternativeStyle number: 4611947979","The Micro Maria Weave bag is a tote bag crafted from a taupe woven leather alternative. There are metallic gold and leather alternative bone trims and luggage style tag on the front.14cm (H), 17cm (W), 9cm (D)Strap length: 121cmFlap over magnetic closureInterior central zipped pocketCan fit phones up to 7inchesFour gold feetMaterial: Leather alternativeStyle number: 4611947979",69.00,69.00,https://kg-static-cache.s3.amazonaws.com/catalog/product/cache/thumbnail/2000x2000/4/6/4611947979_40.jpg?v=1&width=800,Women > Bags > Crossbody-bags,WOMEN BAGS,24/08/2026,,FALSE,5045659550891,29,IN STOCK,,No Size,Taupe,,,189,TRUE,TRUE,FALSE
Carvela,5743400979,5743400979,Carvela Women's Shoulder Bag Black Synthetic Minori,https://www.carvela.com/women/bags/shoulder-bags/minori-scoop-shoulder-black-synthetic-carvela-5743400979?utm_source=display&utm_medium=programmatic&utm_campaign=performance&utm_content=rtg,"This Minori Scoop Shoulder Bag is crafted from a soft black leather alternative with black suede panel on the front. There is gold branding and hardware across the bag.12cm (H), 25cm (L), 7cm (D)Strap length: 108cmZipped closureCan fit phones up to 6inchesMaterial: SyntheticStyle number: 5743400979","This Minori Scoop Shoulder Bag is crafted from a soft black leather alternative with black suede panel on the front. There is gold branding and hardware across the bag.12cm (H), 25cm (L), 7cm (D)Strap length: 108cmZipped closureCan fit phones up to 6inchesMaterial: SyntheticStyle number: 5743400979",69.00,69.00,https://kg-static-cache.s3.amazonaws.com/catalog/product/cache/thumbnail/2000x2000/5/7/5743400979_40.jpg?v=1&width=800,Women > Bags > Shoulder-bags,WOMEN BAGS,24/08/2026,,FALSE,5045659779988,133,IN STOCK,,No Size,Black,,,114,TRUE,TRUE,FALSE
Carvela,5800015069,5800015069,Carvela Women's Cross Body Bag White Combination Fabric Diana,https://www.carvela.com/women/bags/shoulder-bags/diana-top-handle-white-comb-fabric-other-carvela-5800015069?utm_source=display&utm_medium=programmatic&utm_campaign=performance&utm_content=rtg,"This Diana Top Handle Bag is crafted from a white fabric with complete crystal and faux pearl embellishment. There is a simple top handle as well as gold branded panel on the flap.13cm (H), 19cm (L), 4cm (D)Strap length: 115cmGold chain cross body strapCan fit phones up to 6inchesMaterial: SyntheticStyle number: 5800015069","This Diana Top Handle Bag is crafted from a white fabric with complete crystal and faux pearl embellishment. There is a simple top handle as well as gold branded panel on the flap.13cm (H), 19cm (L), 4cm (D)Strap length: 115cmGold chain cross body strapCan fit phones up to 6inchesMaterial: SyntheticStyle number: 5800015069",109.00,109.00,https://kg-static-cache.s3.amazonaws.com/catalog/product/cache/thumbnail/2000x2000/5/8/5800015069_40.jpg?v=1&width=800,Women > Bags > Shoulder-bags,WOMEN BAGS,24/08/2026,,FALSE,5045659897651,10,IN STOCK,,No Size,White,,,212,TRUE,TRUE,FALSE
Carvela,6329851979,6329851979,Carvela Tracolla Tote Bag -,https://www.carvela.com/women/bags/shoulder-bags/tracolla-tote-bag-red-dark-synthetic-carvela-6329851979?utm_source=display&utm_medium=programmatic&utm_campaign=performance&utm_content=rtg,"Crafted from a textured dark red leather alternative, the Tracolla Tote bag is softly structured and sits on the shoulder. There is a statement dark red tassel charm detail on the shoulder strap.39cm (H), 36cm (L), 13cm (D)Strap length: 50cmMagnetic snap closureCan fit laptops up to 14inchesFour gold feetInterior zipped pocket&nbsp;Material: Leather alternativeStyle number: 6329851979","Crafted from a textured dark red leather alternative, the Tracolla Tote bag is softly structured and sits on the shoulder. There is a statement dark red tassel charm detail on the shoulder strap.39cm (H), 36cm (L), 13cm (D)Strap length: 50cmMagnetic snap closureCan fit laptops up to 14inchesFour gold feetInterior zipped pocket&nbsp;Material: Leather alternativeStyle number: 6329851979",79.00,79.00,https://kg-static-cache.s3.amazonaws.com/catalog/product/cache/thumbnail/2000x2000/6/3/6329851979_40.jpg?v=1&width=800,Women > Bags > Shoulder-bags,WOMEN BAGS,24/08/2026,,FALSE,5020414730404,146,IN STOCK,,No Size,Red,,,100,TRUE,TRUE,FALSE
Carvela,6330347979,6330347979,Carvela Antionia Weave Cross Body Bag - Taupe Woven Cross Body Bag,https://www.carvela.com/women/bags/shoulder-bags/antionia-weave-xbody-taupe-synthetic-carvela-6330347979?utm_source=display&utm_medium=programmatic&utm_campaign=performance&utm_content=rtg,"Featuring a woven exterior in a taupe leather alternative, the Antionia Weave bag sits across the body. There are gold hardware details across the exterior and branding on the front.14cm (H), 24cm (L), 8cm (D)Strap length: 134cmAdjustable cross body strapCan fit phones up to 6inchesZip around closureMaterial: Leather alternative&nbsp;Style number: 6330347979","Featuring a woven exterior in a taupe leather alternative, the Antionia Weave bag sits across the body. There are gold hardware details across the exterior and branding on the front.14cm (H), 24cm (L), 8cm (D)Strap length: 134cmAdjustable cross body strapCan fit phones up to 6inchesZip around closureMaterial: Leather alternative&nbsp;Style number: 6330347979",79.00,79.00,https://kg-static-cache.s3.amazonaws.com/catalog/product/cache/thumbnail/2000x2000/6/3/6330347979_40.jpg?v=1&width=800,Women > Bags > Shoulder-bags,WOMEN BAGS,24/08/2026,,FALSE,5020414730541,7,IN STOCK,,No Size,Taupe,,,216,TRUE,TRUE,FALSE
Carvela,0291863979,0291863979,Carvela Women's Clutch Bag Silver Crystal Synthetic Stargaze,https://www.carvela.com/women/bags/clutch-bags/stargaze-clutch-silver-synthetic-carvela-0291863979?utm_source=display&utm_medium=programmatic&utm_campaign=performance&utm_content=rtg,"The Stargaze Envelope Clutch bag features a silver exterior with crystal embellishment across the exterior. There is silver tone branding on the back.14cm (H), 23cm (L), 2cm (D)Strap length: 109cmStrap drop: 50cmRemovable chain strapPlease take extra care when styling this piece with delicate fabricsMaterial: TextileStyle number: 0291863979","The Stargaze Envelope Clutch bag features a silver exterior with crystal embellishment across the exterior. There is silver tone branding on the back.14cm (H), 23cm (L), 2cm (D)Strap length: 109cmStrap drop: 50cmRemovable chain strapPlease take extra care when styling this piece with delicate fabricsMaterial: TextileStyle number: 0291863979",59.00,59.00,https://kg-static-cache.s3.amazonaws.com/catalog/product/cache/thumbnail/2000x2000/0/2/0291863979_40.jpg?v=1&width=800,Women > Bags > Clutch-bags,WOMEN BAGS,24/08/2026,,FALSE,5045654563063,356,IN STOCK,,No Size,Metallic,,,15,TRUE,TRUE,FALSE
Carvela,4706961449,4706961449,Carvela Women's Tote Bag Gold Raffia Synthetic Maria,https://www.carvela.com/women/bags/crossbody-bags/maria-micro-tote-gold-raffia-carvela-4706961449?utm_source=display&utm_medium=programmatic&utm_campaign=performance&utm_content=rtg,"The Micro Maria Weave bag is a tote bag crafted from a metallic gold woven leather alternative. There are metallic gold leather alternative trims and luggage style tag on the front.14cm (H), 17cm (W), 9cm (D)Strap length: 121cmFlap over magnetic closureInterior central zipped pocketCan fit phones up to 7inchesFour gold feetInterior: Monogrammed interior liningExterior: SyntheticStyle number: 4706961449","The Micro Maria Weave bag is a tote bag crafted from a metallic gold woven leather alternative. There are metallic gold leather alternative trims and luggage style tag on the front.14cm (H), 17cm (W), 9cm (D)Strap length: 121cmFlap over magnetic closureInterior central zipped pocketCan fit phones up to 7inchesFour gold feetInterior: Monogrammed interior liningExterior: SyntheticStyle number: 4706961449",69.00,69.00,https://kg-static-cache.s3.amazonaws.com/catalog/product/cache/thumbnail/2000x2000/4/7/4706961449_40.jpg?v=1&width=800,Women > Bags > Crossbody-bags,WOMEN BAGS,24/08/2026,,FALSE,5045658006665,44,IN STOCK,,No Size,Metallic,,,180,TRUE,TRUE,FALSE
Carvela,3885531979,3885531979,Carvela Women's tote Bag Dark Brown Synthetic Violet,https://www.carvela.com/women/bags/crossbody-bags/violet-belted-tote-dark-brown-synthetic-carvela-3885531979?utm_source=display&utm_medium=programmatic&utm_campaign=performance&utm_content=rtg,"The Violet Belted Tote bag features a textured dark brown upper that is accented with a branded belt around the straps.&nbsp;25cm (H), 34cm (L), 15cm (D)Strap length: 126cmGold zip closureInterior pocketCan fit laptops up to 14inchesMaterial: SyntheticStyle number: 3885531979","The Violet Belted Tote bag features a textured dark brown upper that is accented with a branded belt around the straps.&nbsp;25cm (H), 34cm (L), 15cm (D)Strap length: 126cmGold zip closureInterior pocketCan fit laptops up to 14inchesMaterial: SyntheticStyle number: 3885531979",89.00,89.00,https://kg-static-cache.s3.amazonaws.com/catalog/product/cache/thumbnail/2000x2000/3/8/3885531979_40.jpg?v=1&width=800,Women > Bags > Crossbody-bags,WOMEN BAGS,24/08/2026,,FALSE,5045658814529,78,IN STOCK,,No Size,Brown,,,156,TRUE,TRUE,FALSE
Carvela,5593466069,5593466069,Carvela Women's Clutch Bag Gold Combination Cecilia,https://www.carvela.com/women/bags/clutch-bags/cecilia-hard-clutch-gold-combination-fabric-other-carvela-5593466069?utm_source=display&utm_medium=programmatic&utm_campaign=performance&utm_content=rtg,"This Cecilia Hard Clutch bag is crafted from a metallic gold fabric with large crystals. The trims are in a gold tone with large crystal on the clasp.8cm (H), 18cm (L), 4cm (D)Strap length: 121cmClasp closureGold branding on the backCan fit a walletMaterial: SyntheticStyle number: 5593466069","This Cecilia Hard Clutch bag is crafted from a metallic gold fabric with large crystals. The trims are in a gold tone with large crystal on the clasp.8cm (H), 18cm (L), 4cm (D)Strap length: 121cmClasp closureGold branding on the backCan fit a walletMaterial: SyntheticStyle number: 5593466069",119.00,119.00,https://kg-static-cache.s3.amazonaws.com/catalog/product/cache/thumbnail/2000x2000/5/5/5593466069_40.jpg?v=1&width=800,Women > Bags > Clutch-bags,WOMEN BAGS,24/08/2026,,FALSE,5045659487630,134,IN STOCK,,No Size,Metallic,,,112,TRUE,TRUE,FALSE
Carvela,5871030229,5871030229,Carvela Women's Tote Bag Nylon Marcela Nylon,https://www.carvela.com/women/bags/tote-bags/marcela-nylon-tote-brown-nylon-carvela-5871030229?utm_source=display&utm_medium=programmatic&utm_campaign=performance&utm_content=rtg,"This Marcela Nylon Tote Bag is crafted from a brown nylon fabric with soft structure. There is a small zipped pouch attached to the top handles.30cm (H), 33cm (L), 13cm (D)Strap length: 59cmMagnetic snap closureZip closureCan fit laptops up to 12inchesMaterial: NylonStyle number: 5871030229","This Marcela Nylon Tote Bag is crafted from a brown nylon fabric with soft structure. There is a small zipped pouch attached to the top handles.30cm (H), 33cm (L), 13cm (D)Strap length: 59cmMagnetic snap closureZip closureCan fit laptops up to 12inchesMaterial: NylonStyle number: 5871030229",69.00,69.00,https://kg-static-cache.s3.amazonaws.com/catalog/product/cache/thumbnail/2000x2000/5/8/5871030229_40.jpg?v=1&width=800,Women > Bags > Tote-bags,WOMEN BAGS,24/08/2026,,FALSE,5020413905773,101,IN STOCK,,No Size,Brown,,,134,TRUE,TRUE,FALSE
Carvela,5521130979,5521130979,Carvela Positano Vinyl Clutch Bag - Brown Crystal Clutch Bag,https://www.carvela.com/women/bags/clutch-bags/positano-vinyl-clutch-brown-synthetic-carvela-5521130979?utm_source=display&utm_medium=programmatic&utm_campaign=performance&utm_content=rtg,"The Positano vinyl clutch bag crafted from a brown tinted vinyl that is completely embellished with bronze crystals. There is a gold round stud on the front flap.12cm (H), 19cm (L), 6cm (D)Strap length: 119cmChain strap can be tucked in for cross-body to clutch stylingMagnetic snap closure under flapCan fit iPhones up to 6inchesPlease take extra care when styling this piece with delicate fabricsMaterial: SyntheticStyle number: 5521130979","The Positano vinyl clutch bag crafted from a brown tinted vinyl that is completely embellished with bronze crystals. There is a gold round stud on the front flap.12cm (H), 19cm (L), 6cm (D)Strap length: 119cmChain strap can be tucked in for cross-body to clutch stylingMagnetic snap closure under flapCan fit iPhones up to 6inchesPlease take extra care when styling this piece with delicate fabricsMaterial: SyntheticStyle number: 5521130979",99.00,99.00,https://kg-static-cache.s3.amazonaws.com/catalog/product/cache/thumbnail/2000x2000/5/5/5521130979_40.jpg?v=1&width=800,Women > Bags > Clutch-bags,WOMEN BAGS,24/08/2026,,FALSE,5020413959837,108,IN STOCK,,No Size,Brown,,,132,TRUE,TRUE,FALSE
Carvela,5989030209,5989030209,Carvela Spirited Clutch Bag - Brown Suede Clutch Bag,https://www.carvela.com/women/bags/clutch-bags/spirited-clutch-brown-suede-carvela-5989030209?utm_source=display&utm_medium=programmatic&utm_campaign=performance&utm_content=rtg,"This Spirited Clutch bag is crafted from a brown suede. There is a gold tone branded plate on the front flap.&nbsp;14cm (H), 25cm (L), 3cm (D)Strap length: 113cmGold cross body strapInterior zipped pocketCan fit phones up to 6inchesMaterial: SuedeStyle number: 5989030209","This Spirited Clutch bag is crafted from a brown suede. There is a gold tone branded plate on the front flap.&nbsp;14cm (H), 25cm (L), 3cm (D)Strap length: 113cmGold cross body strapInterior zipped pocketCan fit phones up to 6inchesMaterial: SuedeStyle number: 5989030209",139.00,139.00,https://kg-static-cache.s3.amazonaws.com/catalog/product/cache/thumbnail/2000x2000/5/9/5989030209_40.jpg?v=1&width=800,Women > Bags > Clutch-bags,WOMEN BAGS,24/08/2026,,FALSE,5020414237224,61,IN STOCK,,No Size,Brown,,,170,TRUE,TRUE,FALSE
Carvela,5800363069,5800363069,Carvela Women's clutch Bag Silver Fabric Anna,https://www.carvela.com/women/bags/crossbody-bags/anna-clutch-bag-silver-fabric-other-carvela-5800363069?utm_source=display&utm_medium=programmatic&utm_campaign=performance&utm_content=rtg,"This Anna Clutch Bag arrives with a silver crystal embellishment. There is subtle branding on the front flap.12cm (H), 6cm (L), 18cm (D)&nbsp;Strap length: 119cmOptional cross body strapInterior mirrorInterior zipped pocketCan fit phones up to 7inchesMaterial: FabricStyle number: 5800363069","This Anna Clutch Bag arrives with a silver crystal embellishment. There is subtle branding on the front flap.12cm (H), 6cm (L), 18cm (D)&nbsp;Strap length: 119cmOptional cross body strapInterior mirrorInterior zipped pocketCan fit phones up to 7inchesMaterial: FabricStyle number: 5800363069",99.00,99.00,https://kg-static-cache.s3.amazonaws.com/catalog/product/cache/thumbnail/2000x2000/5/8/5800363069_40.jpg?v=1&width=800,Women > Bags > Crossbody-bags,WOMEN BAGS,24/08/2026,,TRUE,5020414237255,17,IN STOCK,,No Size,Metallic,,,199,TRUE,TRUE,FALSE
Carvela,6024031979,6024031979,Carvela Frame Pocket Wing Tote -,https://www.carvela.com/women/bags/tote-bags/frame-pocket-wing-tote-dark-brown-synthetic-carvela-6024031979?utm_source=display&utm_medium=programmatic&utm_campaign=performance&utm_content=rtg,"The Frame Pocket Wing Tote is crafted from a dark brown textured leather alternative. There is debased branding on the front of the bag.32cm (H), 42cm (L), 12cm (D)Strap length: 62cmMagnetic snap closure on the frontZip top closureMaterial: Leather alternativeStyle number: 6024031979","The Frame Pocket Wing Tote is crafted from a dark brown textured leather alternative. There is debased branding on the front of the bag.32cm (H), 42cm (L), 12cm (D)Strap length: 62cmMagnetic snap closure on the frontZip top closureMaterial: Leather alternativeStyle number: 6024031979",79.00,79.00,https://kg-static-cache.s3.amazonaws.com/catalog/product/cache/thumbnail/2000x2000/6/0/6024031979_40.jpg?v=1&width=800,Women > Bags > Tote-bags,WOMEN BAGS,24/08/2026,,FALSE,5020414281678,208,IN STOCK,,No Size,Brown,,,64,TRUE,TRUE,FALSE
Carvela,6327836979,6327836979,Carvela Lazzaro Tote Bag - Tan Top Handle Tote Bag,https://www.carvela.com/women/bags/tote-bags/lazzaro-tote-bag-tan-combination-synthetic-carvela-6327836979?utm_source=display&utm_medium=programmatic&utm_campaign=performance&utm_content=rtg,"This Lazzaro Tote Bag is crafted from a tan leather alternative with winged side panels. There are two looped top handles accented with a gold medallion style C keychain.21cm (H), 36cm (L), 15cm (D)Strap length: 56cmZip top closure with branded dice tassel pull&nbsp;Four gold tone feetMaterial: Leather alternativeStyle number: 6327836979","This Lazzaro Tote Bag is crafted from a tan leather alternative with winged side panels. There are two looped top handles accented with a gold medallion style C keychain.21cm (H), 36cm (L), 15cm (D)Strap length: 56cmZip top closure with branded dice tassel pull&nbsp;Four gold tone feetMaterial: Leather alternativeStyle number: 6327836979",149.00,149.00,https://kg-static-cache.s3.amazonaws.com/catalog/product/cache/thumbnail/2000x2000/6/3/6327836979_40.jpg?v=1&width=800,Women > Bags > Tote-bags,WOMEN BAGS,24/08/2026,,FALSE,5020414729606,132,IN STOCK,,No Size,Tan Combination,,,117,TRUE,TRUE,FALSE
Carvela,5799700209,5799700209,Carvela Women's Tote Bag Black Suede Nina Tote,https://www.carvela.com/women/bags/tote-bags/nina-tote-black-suede-carvela-5799700209?utm_source=display&utm_medium=programmatic&utm_campaign=performance&utm_content=rtg,"This Nina Tote Bag is crafted from a black suede leather. There is both a black luggage style tag as well as a brown printed satin scarf wrapped around one of the top handles.27cm (H), 26cm (L), 15cm (D)Strap length: 120cmZipped interior pocketFour gold feetZip closureMaterial: LeatherStyle number: 5799700209","This Nina Tote Bag is crafted from a black suede leather. There is both a black luggage style tag as well as a brown printed satin scarf wrapped around one of the top handles.27cm (H), 26cm (L), 15cm (D)Strap length: 120cmZipped interior pocketFour gold feetZip closureMaterial: LeatherStyle number: 5799700209",189.00,189.00,https://kg-static-cache.s3.amazonaws.com/catalog/product/cache/thumbnail/2000x2000/5/7/5799700209_40.jpg?v=1&width=800,Women > Bags > Tote-bags,WOMEN BAGS,24/08/2026,,FALSE,5020414729781,280,IN STOCK,,No Size,Black,,,30,TRUE,TRUE,FALSE
Carvela,4788351979,4788351979,Carvela Micro Maria Fur Bag - Dark Red Cross Body Bag,https://www.carvela.com/women/bags/shoulder-bags/maria-micro-fur-red-dark-synthetic-carvela-4788351979?utm_source=display&utm_medium=programmatic&utm_campaign=performance&utm_content=rtg,"The Micro Maria Weave bag is a tote bag crafted from a dark red faux fur. There are dark red leather alternative trims and a luggage style charm attached to the top handle.14cm (H), 17cm (L), 9cm (D)Strap length: 121cmInterior central zipped pocketCan fit phones up to 7inchesFour gold feetInterior: Monogrammed interior liningExterior: SyntheticStyle number: 4788351979","The Micro Maria Weave bag is a tote bag crafted from a dark red faux fur. There are dark red leather alternative trims and a luggage style charm attached to the top handle.14cm (H), 17cm (L), 9cm (D)Strap length: 121cmInterior central zipped pocketCan fit phones up to 7inchesFour gold feetInterior: Monogrammed interior liningExterior: SyntheticStyle number: 4788351979",79.00,79.00,https://kg-static-cache.s3.amazonaws.com/catalog/product/cache/thumbnail/2000x2000/4/7/4788351979_40.jpg?v=1&width=800,Women > Bags > Shoulder-bags,WOMEN BAGS,24/08/2026,,FALSE,5020414729989,138,IN STOCK,,No Size,Red,,,109,TRUE,TRUE,FALSE
Carvela,6329831979,6329831979,Carvela Tracolla Tote Bag - Dark Brown Tote Bag,https://www.carvela.com/women/bags/shoulder-bags/tracolla-tote-bag-dark-brown-synthetic-carvela-6329831979?utm_source=display&utm_medium=programmatic&utm_campaign=performance&utm_content=rtg,"Crafted from a textured dark brown leather alternative, the Tracolla Tote bag is softly structured and sits on the shoulder. There is a statement dark red tassel charm detail on the shoulder strap.39cm (H), 36cm (L), 13cm (D)Strap length: 50cmMagnetic snap closureCan fit laptops up to 14inchesFour gold feetInterior zipped pocket&nbsp;Material: Leather alternativeStyle number: 6329831979","Crafted from a textured dark brown leather alternative, the Tracolla Tote bag is softly structured and sits on the shoulder. There is a statement dark red tassel charm detail on the shoulder strap.39cm (H), 36cm (L), 13cm (D)Strap length: 50cmMagnetic snap closureCan fit laptops up to 14inchesFour gold feetInterior zipped pocket&nbsp;Material: Leather alternativeStyle number: 6329831979",79.00,79.00,https://kg-static-cache.s3.amazonaws.com/catalog/product/cache/thumbnail/2000x2000/6/3/6329831979_40.jpg?v=1&width=800,Women > Bags > Shoulder-bags,WOMEN BAGS,24/08/2026,,FALSE,5020414730374,216,IN STOCK,,No Size,Brown,,,59,TRUE,TRUE,FALSE
Carvela,6330100979,6330100979,Carvela Women's Mini Tote Bag Black Synthetic Cappuccino,https://www.carvela.com/women/bags/shoulder-bags/cappuccino-mini-tote-black-synthetic-carvela-6330100979?utm_source=display&utm_medium=programmatic&utm_campaign=performance&utm_content=rtg,"This Mini Cappuccino Tote Bag is crafted from a black pebble grained leather alternative. There are gunmetal branding details across the bag including a padlock charm on the top handles.&nbsp;20cm (H), 29cm (L), 10cm (D)Strap length: 123cmInterior pouch: 11cm (H), 16cm (L)Optional cross body strapCan fit phone up to 6inches&nbsp;Material: Leather alternativeStyle number: 6330100979","This Mini Cappuccino Tote Bag is crafted from a black pebble grained leather alternative. There are gunmetal branding details across the bag including a padlock charm on the top handles.&nbsp;20cm (H), 29cm (L), 10cm (D)Strap length: 123cmInterior pouch: 11cm (H), 16cm (L)Optional cross body strapCan fit phone up to 6inches&nbsp;Material: Leather alternativeStyle number: 6330100979",79.00,79.00,https://kg-static-cache.s3.amazonaws.com/catalog/product/cache/thumbnail/2000x2000/6/3/6330100979_40.jpg?v=1&width=800,Women > Bags > Shoulder-bags,WOMEN BAGS,24/08/2026,,FALSE,5020414730480,423,IN STOCK,,No Size,Black,,,10,TRUE,TRUE,FALSE
Carvela,6331961069,6331961069,Carvela Women's Clutch Bag Gold Fabric Other Maria Disco,https://www.carvela.com/women/bags/clutch-bags/maria-disco-clutch-gold-fabric-other-carvela-6331961069?utm_source=display&utm_medium=programmatic&utm_campaign=performance&utm_content=rtg,"The Maria Disco Clutch Bag features a gold fabric exterior with chic crystal embellishment. There is a gold tone branded plate on the front flap.14cm (H), 27cm (L), 3cm (D)Strap length: 111cmCan fit phones up to 6inchesMaterial: Fabric OtherStyle number: 6331961069","The Maria Disco Clutch Bag features a gold fabric exterior with chic crystal embellishment. There is a gold tone branded plate on the front flap.14cm (H), 27cm (L), 3cm (D)Strap length: 111cmCan fit phones up to 6inchesMaterial: Fabric OtherStyle number: 6331961069",79.00,79.00,https://kg-static-cache.s3.amazonaws.com/catalog/product/cache/thumbnail/2000x2000/6/3/6331961069_40.jpg?v=1&width=800,Women > Bags > Clutch-bags,WOMEN BAGS,24/08/2026,,FALSE,5020414730794,20,IN STOCK,,No Size,Metallic,,,195,TRUE,TRUE,FALSE
Carvela,6343531799,6343531799,Carvela Women's Clutch Bag Dark Brown Suedette Amalia,https://www.carvela.com/women/bags/clutch-bags/amalia-clutch-dark-brown-suedette-carvela-6343531799?utm_source=display&utm_medium=programmatic&utm_campaign=performance&utm_content=rtg,"Introducing the Amalia clutch bag. Crafted from a dark brown microsuede, this clutch bag features gold hardware across the bag.15cm (H), 25cm (L), 4cm (D)Strap length: 107cmGold chain cross body strapCan fit phones up to 6inchesInterior zipped compartmentTwo magnets to fastenMaterial: Leather alternativeStyle number: 6343531799","Introducing the Amalia clutch bag. Crafted from a dark brown microsuede, this clutch bag features gold hardware across the bag.15cm (H), 25cm (L), 4cm (D)Strap length: 107cmGold chain cross body strapCan fit phones up to 6inchesInterior zipped compartmentTwo magnets to fastenMaterial: Leather alternativeStyle number: 6343531799",69.00,69.00,https://kg-static-cache.s3.amazonaws.com/catalog/product/cache/thumbnail/2000x2000/6/3/6343531799_40.jpg?v=1&width=800,Women > Bags > Clutch-bags,WOMEN BAGS,24/08/2026,,FALSE,5020414751041,156,IN STOCK,,No Size,Brown,,,93,TRUE,TRUE,FALSE
Carvela,3182700409,3182700409,Carvela Women's Tote Bag Black Croc Print Synthetic Jessica,https://www.carvela.com/women/bags/crossbody-bags/jessica-midi-tote-2-black-croc-print-carvela-3182700409?utm_source=display&utm_medium=programmatic&utm_campaign=performance&utm_content=rtg,"The Jessica Midi Tote features a black upper with patent croc embossed design. The front features a wine branded metal plate.&nbsp;26cm (H), 36cm (L), 12cm (D)Strap drop cross body: 100cmStrap drop top grab handle: 27cmMagnetic snap closure and zip top&nbsp;Can fit phones up to 7 inchesInternal lining pocketOuter: TextileInterior: Monogrammed interior liningStyle number: 3182700409","The Jessica Midi Tote features a black upper with patent croc embossed design. The front features a wine branded metal plate.&nbsp;26cm (H), 36cm (L), 12cm (D)Strap drop cross body: 100cmStrap drop top grab handle: 27cmMagnetic snap closure and zip top&nbsp;Can fit phones up to 7 inchesInternal lining pocketOuter: TextileInterior: Monogrammed interior liningStyle number: 3182700409",89.00,89.00,https://kg-static-cache.s3.amazonaws.com/catalog/product/cache/thumbnail/2000x2000/3/1/3182700409_40.jpg?v=1&width=800,Women > Bags > Crossbody-bags,WOMEN BAGS,24/08/2026,,FALSE,5045656779981,638,IN STOCK,,No Size,Black,,,2,TRUE,TRUE,FALSE
Carvela,0906205979,0906205979,Carvela Women's Tote Bag Black Synthetic Freya,https://www.carvela.com/women/bags/shoulder-bags/freya-2-black-combination-synthetic-carvela-0906205979?utm_source=display&utm_medium=programmatic&utm_campaign=performance&utm_content=rtg,"The Freya Triple Compartment Tote features a black exterior with gold tone branding. There are two, removable zipped pouches on the front.26cm (H), 37cm (L), 10cm (D)Strap length shoulder: 51cmStrap drop: 23cmTwo magnetic closures and one interior zipped compartmentCan fit phones up to 7 inchesExterior: Leather alternativeInterior: UnlinedStyle number: 0906205979","The Freya Triple Compartment Tote features a black exterior with gold tone branding. There are two, removable zipped pouches on the front.26cm (H), 37cm (L), 10cm (D)Strap length shoulder: 51cmStrap drop: 23cmTwo magnetic closures and one interior zipped compartmentCan fit phones up to 7 inchesExterior: Leather alternativeInterior: UnlinedStyle number: 0906205979",59.00,59.00,https://kg-static-cache.s3.amazonaws.com/catalog/product/cache/thumbnail/2000x2000/0/9/0906205979_40.jpg?v=1&width=800,Women > Bags > Shoulder-bags,WOMEN BAGS,24/08/2026,,TRUE,5045656780055,519,IN STOCK,,No Size,Black Combination,,,4,TRUE,TRUE,FALSE
Carvela,5504000979,5504000979,Carvela Women's Shoulder Bag Black Crystal Synthetic Mia,https://www.carvela.com/women/bags/shoulder-bags/mia-shoulder-black-synthetic-carvela-5504000979?utm_source=display&utm_medium=programmatic&utm_campaign=performance&utm_content=rtg,"This Mia Shoulder bag is crafted from a black crystal exterior. There is a knot detail on the top handle.13cm (H), 20cm (L), 9cm (D)Strap length: 36cmCan fit phones up to 6inchesZip top closureMaterial: SyntheticStyle number: 5504000979","This Mia Shoulder bag is crafted from a black crystal exterior. There is a knot detail on the top handle.13cm (H), 20cm (L), 9cm (D)Strap length: 36cmCan fit phones up to 6inchesZip top closureMaterial: SyntheticStyle number: 5504000979",69.00,69.00,https://kg-static-cache.s3.amazonaws.com/catalog/product/cache/thumbnail/2000x2000/5/5/5504000979_40.jpg?v=1&width=800,Women > Bags > Shoulder-bags,WOMEN BAGS,24/08/2026,,FALSE,5045659319528,15,IN STOCK,,No Size,Black,,,204,TRUE,TRUE,FALSE
Carvela,5743247979,5743247979,Carvela Women's Tote Bag Taupe Synthetic Minori,https://www.carvela.com/women/bags/tote-bags/minori-tote-taupe-synthetic-carvela-5743247979?utm_source=display&utm_medium=programmatic&utm_campaign=performance&utm_content=rtg,"This Minori Tote is a large shoulder tote bag crafted from a type leather alternative. There are gold branding details across the bag as well as a padlock detail keyring on the top handle.29cm (H), 30cm (L), 17cm (D)Strap length: 63cmCan fit laptops up to 12inchesZip top closureMaterial: Leather alternativeStyle number: 5743247979","This Minori Tote is a large shoulder tote bag crafted from a type leather alternative. There are gold branding details across the bag as well as a padlock detail keyring on the top handle.29cm (H), 30cm (L), 17cm (D)Strap length: 63cmCan fit laptops up to 12inchesZip top closureMaterial: Leather alternativeStyle number: 5743247979",79.00,79.00,https://kg-static-cache.s3.amazonaws.com/catalog/product/cache/thumbnail/2000x2000/5/7/5743247979_40.jpg?v=1&width=800,Women > Bags > Tote-bags,WOMEN BAGS,24/08/2026,,FALSE,5045659779841,87,IN STOCK,,No Size,Taupe,,,148,TRUE,TRUE,FALSE
Carvela,5800051069,5800051069,Carvela Women's Cross Body Bag Dark Red Fabric Diana,https://www.carvela.com/women/bags/shoulder-bags/diana-top-handle-red-dark-fabric-other-carvela-5800051069?utm_source=display&utm_medium=programmatic&utm_campaign=performance&utm_content=rtg,"This Diana Top Handle Bag is crafted from a dark red fabric with complete crystal embellishment. There is a simple top handle as well as gold branded panel on the flap.13cm (H), 19cm (L), 4cm (D)Strap length: 115cmGold chain cross body strapCan fit phones up to 6inchesMaterial: SyntheticStyle number: 5800051069","This Diana Top Handle Bag is crafted from a dark red fabric with complete crystal embellishment. There is a simple top handle as well as gold branded panel on the flap.13cm (H), 19cm (L), 4cm (D)Strap length: 115cmGold chain cross body strapCan fit phones up to 6inchesMaterial: SyntheticStyle number: 5800051069",119.00,119.00,https://kg-static-cache.s3.amazonaws.com/catalog/product/cache/thumbnail/2000x2000/5/8/5800051069_40.jpg?v=1&width=800,Women > Bags > Shoulder-bags,WOMEN BAGS,24/08/2026,,FALSE,5045659897668,125,IN STOCK,,No Size,Red,,,121,TRUE,TRUE,FALSE
Carvela,6328051979,6328051979,Carvela Women's Shoulder Dark Red Synthetic Fernanda,https://www.carvela.com/women/bags/shoulder-bags/fernanda-mini-shoulder-red-dark-synthetic-carvela-6328051979?utm_source=display&utm_medium=programmatic&utm_campaign=performance&utm_content=rtg,"This Mini Fernanda Shoulder bag is crafted from a dark red textured leather alternative. There is gold branding on the front flap completing the lobster clasp fastening of the straps.11cm (H), 20cm (L), 6cm (D)Strap length shoulder: 53cmStrap length cross body: 124cmTwo optional strapsFront open pocket under flapInterior zipped pocketCan fit phones up to 6inchesMagnetic snap closure under front flapMaterial: Leather alternativeStyle number: 6328051979","This Mini Fernanda Shoulder bag is crafted from a dark red textured leather alternative. There is gold branding on the front flap completing the lobster clasp fastening of the straps.11cm (H), 20cm (L), 6cm (D)Strap length shoulder: 53cmStrap length cross body: 124cmTwo optional strapsFront open pocket under flapInterior zipped pocketCan fit phones up to 6inchesMagnetic snap closure under front flapMaterial: Leather alternativeStyle number: 6328051979",89.00,89.00,https://kg-static-cache.s3.amazonaws.com/catalog/product/cache/thumbnail/2000x2000/6/3/6328051979_40.jpg?v=1&width=800,Women > Bags > Shoulder-bags,WOMEN BAGS,24/08/2026,,FALSE,5020414729668,203,IN STOCK,,No Size,Red,,,67,TRUE,TRUE,FALSE
Carvela,6024047979,6024047979,Carvela Frame Pocket Wing Tote - Taupe Top Handle Bag,https://www.carvela.com/women/bags/shoulder-bags/frame-pocket-wing-tote-taupe-synthetic-carvela-6024047979?utm_source=display&utm_medium=programmatic&utm_campaign=performance&utm_content=rtg,"The Frame Pocket Wing Tote is crafted from a taupe textured leather alternative. There is debased branding on the front of the bag.32cm (H), 42cm (L), 12cm (D)Strap length: 62cmMagnetic snap closure on the frontZip top closureMaterial: Leather alternativeStyle number: 6024047979","The Frame Pocket Wing Tote is crafted from a taupe textured leather alternative. There is debased branding on the front of the bag.32cm (H), 42cm (L), 12cm (D)Strap length: 62cmMagnetic snap closure on the frontZip top closureMaterial: Leather alternativeStyle number: 6024047979",79.00,79.00,https://kg-static-cache.s3.amazonaws.com/catalog/product/cache/thumbnail/2000x2000/6/0/6024047979_40.jpg?v=1&width=800,Women > Bags > Shoulder-bags,WOMEN BAGS,24/08/2026,,FALSE,5020414730091,208,IN STOCK,,No Size,Taupe,,,65,TRUE,TRUE,FALSE
Carvela,6330047979,6330047979,Carvela Cappuccino Tote Bag -,https://www.carvela.com/women/bags/shoulder-bags/cappuccino-tote-taupe-synthetic-carvela-6330047979?utm_source=display&utm_medium=programmatic&utm_campaign=performance&utm_content=rtg,"The Cappuccino Tote Bag features a structured taupe textured upper. There are two adjustable shoulder straps with gold buckles matching the branding on the front.27cm (H), 40cm (L), 15cm (D)Strap length: 58cmInterior removable pouch11cm (H), 17cm (L), 1cm (D)Branded padlock charmZip closure&nbsp;Material: Leather alternativeStyle number: 6330047979","The Cappuccino Tote Bag features a structured taupe textured upper. There are two adjustable shoulder straps with gold buckles matching the branding on the front.27cm (H), 40cm (L), 15cm (D)Strap length: 58cmInterior removable pouch11cm (H), 17cm (L), 1cm (D)Branded padlock charmZip closure&nbsp;Material: Leather alternativeStyle number: 6330047979",89.00,89.00,https://kg-static-cache.s3.amazonaws.com/catalog/product/cache/thumbnail/2000x2000/6/3/6330047979_40.jpg?v=1&width=800,Women > Bags > Shoulder-bags,WOMEN BAGS,24/08/2026,,FALSE,5020414730466,463,IN STOCK,,No Size,Taupe,,,7,TRUE,TRUE,FALSE
Carvela,6330200979,6330200979,Carvela Antionia Weave Ew - Black,https://www.carvela.com/women/bags/shoulder-bags/antionia-weave-ew-black-synthetic-carvela-6330200979?utm_source=display&utm_medium=programmatic&utm_campaign=performance&utm_content=rtg,"Crafted from a luxury woven style leather alternative in deep brown, the Antionia Weave East West bag fits over the shoulder. There is a dark brown woven tassel around one of the shoulder straps.26cm (H), 42cm (L), 15cm (D)Strap length: 66cmFour gold feetGold branding detail on the frontMagnetic snap closureMaterial: Leather alternativeStyle number: 6330200979","Crafted from a luxury woven style leather alternative in deep brown, the Antionia Weave East West bag fits over the shoulder. There is a dark brown woven tassel around one of the shoulder straps.26cm (H), 42cm (L), 15cm (D)Strap length: 66cmFour gold feetGold branding detail on the frontMagnetic snap closureMaterial: Leather alternativeStyle number: 6330200979",99.00,99.00,https://kg-static-cache.s3.amazonaws.com/catalog/product/cache/thumbnail/2000x2000/6/3/6330200979_40.jpg?v=1&width=800,Women > Bags > Shoulder-bags,WOMEN BAGS,24/08/2026,,FALSE,5020414730510,93,IN STOCK,,No Size,Black,,,142,TRUE,TRUE,FALSE
Carvela,6343510979,6343510979,Carvela Women's Clutch Bag White Synthetic Amalia,https://www.carvela.com/women/bags/clutch-bags/amalia-clutch-white-synthetic-carvela-6343510979?utm_source=display&utm_medium=programmatic&utm_campaign=performance&utm_content=rtg,"Introducing the Amalia clutch bag. Crafted from a white leather alternative, this clutch bag features gold hardware across the bag.15cm (H), 25cm (L), 4cm (D)Strap length: 107cmGold chain cross body strapCan fit phones up to 6inchesInterior zipped compartmentTwo magnets to fastenMaterial: Leather alternativeStyle number: 6343510979","Introducing the Amalia clutch bag. Crafted from a white leather alternative, this clutch bag features gold hardware across the bag.15cm (H), 25cm (L), 4cm (D)Strap length: 107cmGold chain cross body strapCan fit phones up to 6inchesInterior zipped compartmentTwo magnets to fastenMaterial: Leather alternativeStyle number: 6343510979",69.00,69.00,https://kg-static-cache.s3.amazonaws.com/catalog/product/cache/thumbnail/2000x2000/6/3/6343510979_40.jpg?v=1&width=800,Women > Bags > Clutch-bags,WOMEN BAGS,24/08/2026,,FALSE,5020414751034,153,IN STOCK,,No Size,White,,,97,TRUE,TRUE,FALSE
Carvela,6343700309,6343700309,Carvela Women's Shoulder Bag Black Patent Shoulder Bag Brando,https://www.carvela.com/women/bags/shoulder-bags/brando-shoulder-black-patent-carvela-6343700309?utm_source=display&utm_medium=programmatic&utm_campaign=performance&utm_content=rtg,"This Brando Shoulder bag is crafted from a black leather alternative. There is a gold branding detail on the front of the bag complimenting the zip closure.&nbsp;11cm (H), 28cm (L), 6cm (D)Strap length: 51cmShoulder strapCan fit laptops up to 6inchesMaterial: FabricStyle number: 6343700309","This Brando Shoulder bag is crafted from a black leather alternative. There is a gold branding detail on the front of the bag complimenting the zip closure.&nbsp;11cm (H), 28cm (L), 6cm (D)Strap length: 51cmShoulder strapCan fit laptops up to 6inchesMaterial: FabricStyle number: 6343700309",99.00,99.00,https://kg-static-cache.s3.amazonaws.com/catalog/product/cache/thumbnail/2000x2000/6/3/6343700309_40.jpg?v=1&width=800,Women > Bags > Shoulder-bags,WOMEN BAGS,24/08/2026,,FALSE,5020414751089,146,IN STOCK,,No Size,Black,,,101,TRUE,TRUE,FALSE
Carvela,4706444449,4706444449,Carvela Women's Tote Bag Bone Combination Maria Midi,https://www.carvela.com/women/bags/crossbody-bags/maria-midi-tote-bone-combination-raffia-carvela-4706444449?utm_source=display&utm_medium=programmatic&utm_campaign=performance&utm_content=rtg,"The Midi Maria bag is a natural woven raffia style tote bag. There is a branded luggage tag on the front with gold toned branded plate.27cm (H), 37cm (L) , 16.5cm (D)Strap length: 118cmStrap drop: 47cmFlap over magnetic closureInterior central zipped pocketCan fit laptops up to 12inchesOuter: TextileInterior: Monogrammed interior liningStyle number: 4706444449","The Midi Maria bag is a natural woven raffia style tote bag. There is a branded luggage tag on the front with gold toned branded plate.27cm (H), 37cm (L) , 16.5cm (D)Strap length: 118cmStrap drop: 47cmFlap over magnetic closureInterior central zipped pocketCan fit laptops up to 12inchesOuter: TextileInterior: Monogrammed interior liningStyle number: 4706444449",89.00,89.00,https://kg-static-cache.s3.amazonaws.com/catalog/product/cache/thumbnail/2000x2000/4/7/4706444449_40.jpg?v=1&width=800,Women > Bags > Crossbody-bags,WOMEN BAGS,24/08/2026,,FALSE,5045658006627,38,IN STOCK,,No Size,White,,,185,TRUE,TRUE,FALSE
Carvela,5052241979,5052241979,Carvela Women's Shoulder Bag Bone Synthetic Rosa,https://www.carvela.com/women/bags/shoulder-bags/large-rosa-chain-shoulder-bone-synthetic-carvela-5052241979?utm_source=display&utm_medium=programmatic&utm_campaign=performance&utm_content=rtg,"The Large Rosa Chain shoulder bag features a bone exterior with overstitch quilting in a diamond design. There is gold tone branding on the front and hardware details across the bag.17cm (H), 26cm (L), 7cm (D)Strap length: 63cmTwo gold tone shoulder chain strapInterior lining pocketCan fit phones up to 6inchesMagnetic snap closureMaterial: SyntheticStyle number: 5052241979","The Large Rosa Chain shoulder bag features a bone exterior with overstitch quilting in a diamond design. There is gold tone branding on the front and hardware details across the bag.17cm (H), 26cm (L), 7cm (D)Strap length: 63cmTwo gold tone shoulder chain strapInterior lining pocketCan fit phones up to 6inchesMagnetic snap closureMaterial: SyntheticStyle number: 5052241979",89.00,89.00,https://kg-static-cache.s3.amazonaws.com/catalog/product/cache/thumbnail/2000x2000/5/0/5052241979_40.jpg?v=1&width=800,Women > Bags > Shoulder-bags,WOMEN BAGS,24/08/2026,,FALSE,5045658593523,85,IN STOCK,,No Size,White,,,151,TRUE,TRUE,FALSE
Carvela,5521161979,5521161979,Carvela Women's Clutch Bag Gold Synthetic Positano,https://www.carvela.com/women/bags/crossbody-bags/positano-vinyl-clutch-gold-synthetic-carvela-5521161979?utm_source=display&utm_medium=programmatic&utm_campaign=performance&utm_content=rtg,"The Positano is a clutch bag crafted from a clear vinyl that is completely embellished with gold crystals. There is a gold round stud on the front flap.12cm (H), 19cm (L), 6cm (D)Strap length: 119cmChain strap can be tucked in for cross-body to clutch stylingMagnetic snap closure under flapCan fit phones up to 6inchesPlease take extra care when styling this piece with delicate fabricsMaterial: SyntheticStyle number: 5521161979","The Positano is a clutch bag crafted from a clear vinyl that is completely embellished with gold crystals. There is a gold round stud on the front flap.12cm (H), 19cm (L), 6cm (D)Strap length: 119cmChain strap can be tucked in for cross-body to clutch stylingMagnetic snap closure under flapCan fit phones up to 6inchesPlease take extra care when styling this piece with delicate fabricsMaterial: SyntheticStyle number: 5521161979",99.00,99.00,https://kg-static-cache.s3.amazonaws.com/catalog/product/cache/thumbnail/2000x2000/5/5/5521161979_40.jpg?v=1&width=800,Women > Bags > Crossbody-bags,WOMEN BAGS,24/08/2026,,FALSE,5045659354161,81,IN STOCK,,No Size,Metallic,,,154,TRUE,TRUE,FALSE
Carvela,5569110759,5569110759,Carvela Women's Clutch Bag Satin Bone Synthetic Cecilia,https://www.carvela.com/women/bags/clutch-bags/cecilia-hard-clutch-white-satin-carvela-5569110759?utm_source=display&utm_medium=programmatic&utm_campaign=performance&utm_content=rtg,"This Cecilia Hard Clutch bag is crafted from white satin fabric. The trims are in silver with an eagle head on the clasp.8cm (H), 18cm (L), 4cm (D)Strap length: 121cmClasp closureSilver branding on the backCan fit a walletMaterial: SyntehticStyle number: 5569110759","This Cecilia Hard Clutch bag is crafted from white satin fabric. The trims are in silver with an eagle head on the clasp.8cm (H), 18cm (L), 4cm (D)Strap length: 121cmClasp closureSilver branding on the backCan fit a walletMaterial: SyntehticStyle number: 5569110759",109.00,109.00,https://kg-static-cache.s3.amazonaws.com/catalog/product/cache/thumbnail/2000x2000/5/5/5569110759_40.jpg?v=1&width=800,Women > Bags > Clutch-bags,WOMEN BAGS,24/08/2026,,FALSE,5045659455455,7,IN STOCK,,No Size,White,,,217,TRUE,TRUE,FALSE
Carvela,5618104449,5618104449,Carvela Women's Clutch Bag Raffia Black Beige Giorgia,https://www.carvela.com/women/bags/clutch-bags/giorgia-flower-clutch-black-beige-raffia-carvela-5618104449?utm_source=display&utm_medium=programmatic&utm_campaign=performance&utm_content=rtg,"This Giorgia Flower Clutch Bag is crafted from a beige raffia that is embellished with black and white flowers and leaves. There is a small gold tone branded tab on the front flap.13cm (H), 19cm (L), 5cm (D)Strap length: 119cmMagnetic snap closure under front flapInterior zipped pocket&nbsp;Two interior open pocketsMaterial: FabricStyle number: 5618104449","This Giorgia Flower Clutch Bag is crafted from a beige raffia that is embellished with black and white flowers and leaves. There is a small gold tone branded tab on the front flap.13cm (H), 19cm (L), 5cm (D)Strap length: 119cmMagnetic snap closure under front flapInterior zipped pocket&nbsp;Two interior open pocketsMaterial: FabricStyle number: 5618104449",39.00,39.00,https://kg-static-cache.s3.amazonaws.com/catalog/product/cache/thumbnail/2000x2000/5/6/5618104449_40.jpg?v=1&width=800,Women > Bags > Clutch-bags,WOMEN BAGS,24/08/2026,,FALSE,5045659568063,12,IN STOCK,,No Size,Nude,,,209,TRUE,TRUE,FALSE
Carvela,5279947979,5279947979,Carvela Women's Tote Bah Taupe Synthetic Maria Mini,https://www.carvela.com/women/bags/shoulder-bags/maria-mini-belt-taupe-synthetic-carvela-5279947979?utm_source=display&utm_medium=programmatic&utm_campaign=performance&utm_content=rtg,"This Mini Maria Belt bag is crafted from a taupe leather alternative. There is a belt detail across the front of the bag with gold branding details.&nbsp;20cm (H), 25cm (L), 10cm (D)Strap length: 126cmOptional cross body strapZip closureCan fit phones up to 6inchesMaterial: Leather alternativeStyle number: 5279947979","This Mini Maria Belt bag is crafted from a taupe leather alternative. There is a belt detail across the front of the bag with gold branding details.&nbsp;20cm (H), 25cm (L), 10cm (D)Strap length: 126cmOptional cross body strapZip closureCan fit phones up to 6inchesMaterial: Leather alternativeStyle number: 5279947979",79.00,79.00,https://kg-static-cache.s3.amazonaws.com/catalog/product/cache/thumbnail/2000x2000/5/2/5279947979_40.jpg?v=1&width=800,Women > Bags > Shoulder-bags,WOMEN BAGS,24/08/2026,,FALSE,5045659780144,17,IN STOCK,,No Size,Taupe,,,200,TRUE,TRUE,FALSE
Carvela,5769961979,5769961979,Carvela Gemma Clutch -,https://www.carvela.com/women/bags/clutch-bags/gemma-clutch-gold-synthetic-carvela-5769961979?utm_source=display&utm_medium=programmatic&utm_campaign=performance&utm_content=rtg,"This Gemma Clutch bag is crafted from a gold fabric with crystal embellishment. There is gold tone branding on the back.15cm (H), 24cm (L), 5cm (D)Strap length: 114cmOptional cross body strapCan fit phones up to 6inchesMaterial: SyntheticStyle number: 5769961979","This Gemma Clutch bag is crafted from a gold fabric with crystal embellishment. There is gold tone branding on the back.15cm (H), 24cm (L), 5cm (D)Strap length: 114cmOptional cross body strapCan fit phones up to 6inchesMaterial: SyntheticStyle number: 5769961979",69.00,69.00,https://kg-static-cache.s3.amazonaws.com/catalog/product/cache/thumbnail/2000x2000/5/7/5769961979_40.jpg?v=1&width=800,Women > Bags > Clutch-bags,WOMEN BAGS,24/08/2026,,FALSE,5045659836650,14,IN STOCK,,No Size,Metallic,,,206,TRUE,TRUE,FALSE
Carvela,5799831209,5799831209,Carvela Women's Dark Brown Suede Mini Nina Tote,https://www.carvela.com/women/bags/tote-bags/nina-mini-tote-dark-brown-suede-carvela-5799831209?utm_source=display&utm_medium=programmatic&utm_campaign=performance&utm_content=rtg,"This Mini Nina Tote bag is crafted from a soft dark brown suede leather. There are two top handles, one with a printed satin scarf detail and a branded luggage style tag attached.18cm (H), 25cm (L), 10cm (D)Strap length: 117cmZipped closureInternal zipped pouchFour gold feetMaterial: SuedeStyle number: 5799831209","This Mini Nina Tote bag is crafted from a soft dark brown suede leather. There are two top handles, one with a printed satin scarf detail and a branded luggage style tag attached.18cm (H), 25cm (L), 10cm (D)Strap length: 117cmZipped closureInternal zipped pouchFour gold feetMaterial: SuedeStyle number: 5799831209",149.00,149.00,https://kg-static-cache.s3.amazonaws.com/catalog/product/cache/thumbnail/2000x2000/5/7/5799831209_40.jpg?v=1&width=800,Women > Bags > Tote-bags,WOMEN BAGS,24/08/2026,,FALSE,5045659897576,246,IN STOCK,,No Size,Brown,,,39,TRUE,TRUE,FALSE
Carvela,5989050209,5989050209,Carvela Women's Clutch Bag Red Suede spirited Clutch,https://www.carvela.com/women/bags/clutch-bags/spirited-clutch-red-suede-carvela-5989050209?utm_source=display&utm_medium=programmatic&utm_campaign=performance&utm_content=rtg,"This Spirited Clutch bag is crafted from a red suede leather. There is a gold tone branded plate on the front flap.&nbsp;14cm (H), 25cm (L), 3cm (D)Strap length: 113cmGold cross body strapInterior zipped pocketCan fit phones up to 6inchesMaterial: SuedeStyle number: 5989050209","This Spirited Clutch bag is crafted from a red suede leather. There is a gold tone branded plate on the front flap.&nbsp;14cm (H), 25cm (L), 3cm (D)Strap length: 113cmGold cross body strapInterior zipped pocketCan fit phones up to 6inchesMaterial: SuedeStyle number: 5989050209",139.00,139.00,https://kg-static-cache.s3.amazonaws.com/catalog/product/cache/thumbnail/2000x2000/5/9/5989050209_40.jpg?v=1&width=800,Women > Bags > Clutch-bags,WOMEN BAGS,24/08/2026,,TRUE,5020414237248,28,IN STOCK,,No Size,Red,,,191,TRUE,TRUE,FALSE
Carvela,5569132069,5569132069,Carvela Women's Clutch Bag Mid Brown Fabric Cecilia,https://www.carvela.com/women/bags/clutch-bags/cecilia-hard-clutch-mid-brown-fabric-other-carvela-5569132069?utm_source=display&utm_medium=programmatic&utm_campaign=performance&utm_content=rtg,"This Cecilia Hard Clutch Bag is a structured clutch bag with gold trim crafted from a brown tonal striped satin fabric that is embellished with crystals. There is a crystal embellished clasp closure on the top.10cm (H), 18cm (L), 4cm (D)Strap length: 120cmGold chain cross body strapMaterial: FabricStyle number: 5569132069","This Cecilia Hard Clutch Bag is a structured clutch bag with gold trim crafted from a brown tonal striped satin fabric that is embellished with crystals. There is a crystal embellished clasp closure on the top.10cm (H), 18cm (L), 4cm (D)Strap length: 120cmGold chain cross body strapMaterial: FabricStyle number: 5569132069",119.00,119.00,https://kg-static-cache.s3.amazonaws.com/catalog/product/cache/thumbnail/2000x2000/5/5/5569132069_40.jpg?v=1&width=800,Women > Bags > Clutch-bags,WOMEN BAGS,24/08/2026,,FALSE,5020414729477,78,IN STOCK,,No Size,Brown,,,157,TRUE,TRUE,FALSE
Carvela,6328451979,6328451979,Carvela Women's Cross Body Bag Dark Red Synthetic Montena,https://www.carvela.com/women/bags/shoulder-bags/montena-shoulder-bag-red-dark-synthetic-carvela-6328451979?utm_source=display&utm_medium=programmatic&utm_campaign=performance&utm_content=rtg,"This Montana Shoulder Bag is crafted from a deep red leather alternative with shine. There is an antiqued brass Carvela branding on the front of the bag.13cm (H), 27cm (L), 9cm (D)Strap length cross body: 110cmStrap length shoulder: 44cmThree alternative straps which can be added for personal stylingInside zipped pocketStyle number: 6328451979","This Montana Shoulder Bag is crafted from a deep red leather alternative with shine. There is an antiqued brass Carvela branding on the front of the bag.13cm (H), 27cm (L), 9cm (D)Strap length cross body: 110cmStrap length shoulder: 44cmThree alternative straps which can be added for personal stylingInside zipped pocketStyle number: 6328451979",99.00,99.00,https://kg-static-cache.s3.amazonaws.com/catalog/product/cache/thumbnail/2000x2000/6/3/6328451979_40.jpg?v=1&width=800,Women > Bags > Shoulder-bags,WOMEN BAGS,24/08/2026,,FALSE,5020414729736,254,IN STOCK,,No Size,Red,,,36,TRUE,TRUE,FALSE
Carvela,6330051979,6330051979,Carvela Cappuccino Tote Bag - Dark Red Tote Bag,https://www.carvela.com/women/bags/shoulder-bags/cappuccino-tote-red-dark-synthetic-carvela-6330051979?utm_source=display&utm_medium=programmatic&utm_campaign=performance&utm_content=rtg,"The Cappuccino Tote Bag features a structured black textured upper. There are two adjustable shoulder straps with gold buckles matching the branding on the front.27cm (H), 40cm (L), 15cm (D)Strap length: 58cmInterior removable pouch11cm (H), 17cm (L), 1cm (D)Branded padlock charm&nbsp;Zip closure&nbsp;Material: Leather alternativeStyle number: 6330051979","The Cappuccino Tote Bag features a structured black textured upper. There are two adjustable shoulder straps with gold buckles matching the branding on the front.27cm (H), 40cm (L), 15cm (D)Strap length: 58cmInterior removable pouch11cm (H), 17cm (L), 1cm (D)Branded padlock charm&nbsp;Zip closure&nbsp;Material: Leather alternativeStyle number: 6330051979",89.00,89.00,https://kg-static-cache.s3.amazonaws.com/catalog/product/cache/thumbnail/2000x2000/6/3/6330051979_40.jpg?v=1&width=800,Women > Bags > Shoulder-bags,WOMEN BAGS,24/08/2026,,FALSE,5020414730473,302,IN STOCK,,No Size,Red,,,25,TRUE,TRUE,FALSE
Carvela,6331000069,6331000069,Carvela Jessica Sequin Bag - Black Sequin Cross Body Bag,https://www.carvela.com/women/bags/shoulder-bags/jessica-sequin-bag-black-fabric-other-carvela-6331000069?utm_source=display&utm_medium=programmatic&utm_campaign=performance&utm_content=rtg,"This Jessica Shoulder Bag features a fabric mesh exterior that is embellished with black sequins. There is a black branded plate on the front flap.13cm (H), 19cm (L), 6cm (D)Strap length shoulder: 47cmStrap length cross body: 120cmMagnetic snap closure under flapCan fit phones up to 6inchesInterior pocketMaterial: FabricStyle number: 6331000069","This Jessica Shoulder Bag features a fabric mesh exterior that is embellished with black sequins. There is a black branded plate on the front flap.13cm (H), 19cm (L), 6cm (D)Strap length shoulder: 47cmStrap length cross body: 120cmMagnetic snap closure under flapCan fit phones up to 6inchesInterior pocketMaterial: FabricStyle number: 6331000069",69.00,69.00,https://kg-static-cache.s3.amazonaws.com/catalog/product/cache/thumbnail/2000x2000/6/3/6331000069_40.jpg?v=1&width=800,Women > Bags > Shoulder-bags,WOMEN BAGS,24/08/2026,,FALSE,5020414730718,237,IN STOCK,,No Size,Black,,,46,TRUE,TRUE,FALSE
Carvela,6343461069,6343461069,Carvela Women's Clutch Bag Gold Fabric Palio,https://www.carvela.com/women/bags/clutch-bags/palio-hard-clutch-gold-fabric-other-carvela-6343461069?utm_source=display&utm_medium=programmatic&utm_campaign=performance&utm_content=rtg,"The Palio is a clutch bag arriving in a gold fabric with crystal embellishment across the front and back. The trims are in gold matching the cross body strap.12cm (H), 19cm (L), 2cm (D)Strap length: 124cmOptional gold chain cross body strapCan fit classic credit cardsMaterial: FabricStyle number: 6343461069","The Palio is a clutch bag arriving in a gold fabric with crystal embellishment across the front and back. The trims are in gold matching the cross body strap.12cm (H), 19cm (L), 2cm (D)Strap length: 124cmOptional gold chain cross body strapCan fit classic credit cardsMaterial: FabricStyle number: 6343461069",79.00,79.00,https://kg-static-cache.s3.amazonaws.com/catalog/product/cache/thumbnail/2000x2000/6/3/6343461069_40.jpg?v=1&width=800,Women > Bags > Clutch-bags,WOMEN BAGS,24/08/2026,,FALSE,5020414750990,200,IN STOCK,,No Size,Metallic,,,68,TRUE,TRUE,FALSE
Carvela,5521132979,5521132979,Carvela Women's clutch Bag Mid Brown Synthetic Positano,https://www.carvela.com/women/bags/crossbody-bags/positano-vinyl-clutch-mid-brown-synthetic-carvela-5521132979?utm_source=display&utm_medium=programmatic&utm_campaign=performance&utm_content=rtg,"The Positano is a clutch bag crafted from a clear vinyl that is completely embellished with ombre brown crystals. There is a gold round stud on the front flap.12cm (H), 19cm (L), 6cm (D)Strap length: 119cmChain strap can be tucked in for cross-body to clutch stylingMagnetic snap closure under flapCan fit iPhones up to 6inchesMaterial: SyntheticStyle number: 5521132979","The Positano is a clutch bag crafted from a clear vinyl that is completely embellished with ombre brown crystals. There is a gold round stud on the front flap.12cm (H), 19cm (L), 6cm (D)Strap length: 119cmChain strap can be tucked in for cross-body to clutch stylingMagnetic snap closure under flapCan fit iPhones up to 6inchesMaterial: SyntheticStyle number: 5521132979",99.00,99.00,https://kg-static-cache.s3.amazonaws.com/catalog/product/cache/thumbnail/2000x2000/5/5/5521132979_40.jpg?v=1&width=800,Women > Bags > Crossbody-bags,WOMEN BAGS,24/08/2026,,FALSE,5045659354147,125,IN STOCK,,No Size,Brown,,,122,TRUE,TRUE,FALSE
Carvela,5685631979,5685631979,Carvela Women's Tote Bag Dark Brown Synthetic Antionia,https://www.carvela.com/women/bags/shoulder-bags/antionia-weave-mini-dark-brown-synthetic-carvela-5685631979?utm_source=display&utm_medium=programmatic&utm_campaign=performance&utm_content=rtg,"This Mini Antonia Weave bag sits across the body in a dark brown woven style. There are gold branding details seen across the bag.18cm (H), 26cm (L), 12cm (D)Strap length: 128cmTwo top handlesOptional cross body strapThree compartments with a central zipped compartmentCan fit phones up to 7inchesMaterial: SyntheticStyle number: 5685631979","This Mini Antonia Weave bag sits across the body in a dark brown woven style. There are gold branding details seen across the bag.18cm (H), 26cm (L), 12cm (D)Strap length: 128cmTwo top handlesOptional cross body strapThree compartments with a central zipped compartmentCan fit phones up to 7inchesMaterial: SyntheticStyle number: 5685631979",79.00,79.00,https://kg-static-cache.s3.amazonaws.com/catalog/product/cache/thumbnail/2000x2000/5/6/5685631979_40.jpg?v=1&width=800,Women > Bags > Shoulder-bags,WOMEN BAGS,24/08/2026,,FALSE,5045659780441,10,IN STOCK,,No Size,Brown,,,213,TRUE,TRUE,FALSE
Carvela,5769963979,5769963979,Carvela Gemma Clutch - Silver Crystal Fabric Clutch Bag,https://www.carvela.com/women/bags/clutch-bags/gemma-clutch-silver-synthetic-carvela-5769963979?utm_source=display&utm_medium=programmatic&utm_campaign=performance&utm_content=rtg,"This Gemma Clutch bag is crafted from a silver fabric with silver crystal embellishment. There is silver tone branding on the back.15cm (H), 24cm (L), 5cm (D)Strap length: 114cmOptional cross body strapCan fit phones up to 6inchesMaterial: SyntheticStyle number: 5769963979","This Gemma Clutch bag is crafted from a silver fabric with silver crystal embellishment. There is silver tone branding on the back.15cm (H), 24cm (L), 5cm (D)Strap length: 114cmOptional cross body strapCan fit phones up to 6inchesMaterial: SyntheticStyle number: 5769963979",69.00,69.00,https://kg-static-cache.s3.amazonaws.com/catalog/product/cache/thumbnail/2000x2000/5/7/5769963979_40.jpg?v=1&width=800,Women > Bags > Clutch-bags,WOMEN BAGS,24/08/2026,,FALSE,5045659836667,163,IN STOCK,,No Size,Metallic,,,88,TRUE,TRUE,FALSE
Carvela,5799833209,5799833209,Carvela Women's Tote Bag Suede Nina Tote,https://www.carvela.com/women/bags/tote-bags/nina-mini-tote-tan-suede-carvela-5799833209?utm_source=display&utm_medium=programmatic&utm_campaign=performance&utm_content=rtg,"This Mini Nina Tote bag is crafted from a soft tan suede leather. There are two top handles, one with a printed satin scarf detail and a branded luggage style tag attached.18cm (H), 25cm (L), 10cm (D)Strap length: 117cmZipped closureInternal zipped pouchFour gold feetMaterial: SuedeStyle number: 5799833209","This Mini Nina Tote bag is crafted from a soft tan suede leather. There are two top handles, one with a printed satin scarf detail and a branded luggage style tag attached.18cm (H), 25cm (L), 10cm (D)Strap length: 117cmZipped closureInternal zipped pouchFour gold feetMaterial: SuedeStyle number: 5799833209",149.00,149.00,https://kg-static-cache.s3.amazonaws.com/catalog/product/cache/thumbnail/2000x2000/5/7/5799833209_40.jpg?v=1&width=800,Women > Bags > Tote-bags,WOMEN BAGS,24/08/2026,,FALSE,5045659897583,57,IN STOCK,,No Size,Tan,,,172,TRUE,TRUE,FALSE
Carvela,5569139069,5569139069,Carvela Women's Clutch Bag Brown Other Fabric Cecilia,https://www.carvela.com/women/bags/clutch-bags/cecilia-hard-clutch-brown-other-fabric-other-carvela-5569139069?utm_source=display&utm_medium=programmatic&utm_campaign=performance&utm_content=rtg,"This Cecilia Hard Clutch Bag is a structured clutch bag with gold trim crafted from a brown satin that is embellished with gold and brown crystals. There is a crystal embellished clasp closure on the top.10cm (H), 18cm (L), 4cm (D)Strap length: 120cmGold chain cross body strapMaterial: FabricStyle number: 5569139069","This Cecilia Hard Clutch Bag is a structured clutch bag with gold trim crafted from a brown satin that is embellished with gold and brown crystals. There is a crystal embellished clasp closure on the top.10cm (H), 18cm (L), 4cm (D)Strap length: 120cmGold chain cross body strapMaterial: FabricStyle number: 5569139069",119.00,119.00,https://kg-static-cache.s3.amazonaws.com/catalog/product/cache/thumbnail/2000x2000/5/5/5569139069_40.jpg?v=1&width=800,Women > Bags > Clutch-bags,WOMEN BAGS,24/08/2026,,TRUE,5020413959844,65,IN STOCK,,No Size,Brown Other,,,164,TRUE,TRUE,FALSE
Carvela,5717730469,5717730469,Carvela Women's Top Handle Bag Silk Brown Cheska,https://www.carvela.com/women/bags/crossbody-bags/cheska-top-handle-brown-silk-blend-carvela-5717730469?utm_source=display&utm_medium=programmatic&utm_campaign=performance&utm_content=rtg,"This Cheska Top Handle bag is crafted from a dark brown silk blend fabric which is woven into a softly structured shape. There are brown leather alternative details across the bags well as gold tone branding on the flap over closure.15cm (H), 22cm (L), 10cm (D)Strap length: 124cm&nbsp;Removable cross body strapMagnetic flap over closureInterior zipped pocketCan fit phones up to 6inchesMaterial: Silk blend&nbsp;Style number: 5717730469","This Cheska Top Handle bag is crafted from a dark brown silk blend fabric which is woven into a softly structured shape. There are brown leather alternative details across the bags well as gold tone branding on the flap over closure.15cm (H), 22cm (L), 10cm (D)Strap length: 124cm&nbsp;Removable cross body strapMagnetic flap over closureInterior zipped pocketCan fit phones up to 6inchesMaterial: Silk blend&nbsp;Style number: 5717730469",109.00,109.00,https://kg-static-cache.s3.amazonaws.com/catalog/product/cache/thumbnail/2000x2000/5/7/5717730469_40.jpg?v=1&width=800,Women > Bags > Crossbody-bags,WOMEN BAGS,24/08/2026,,FALSE,5020414123640,21,IN STOCK,,No Size,Brown,,,193,TRUE,TRUE,FALSE
Carvela,6024000979,6024000979,Carvela Women's Tote Bag Black Synthetic Frame,https://www.carvela.com/women/bags/tote-bags/frame-pocket-wing-tote-black-synthetic-carvela-6024000979?utm_source=display&utm_medium=programmatic&utm_campaign=performance&utm_content=rtg,"The Frame Pocket Wing Tote is crafted from a black textured leather alternative. There is debased branding on the front of the bag.32cm (H), 42cm (L), 12cm (D)Strap length: 62cmMagnetic snap closure on the frontZip top closureMaterial: Leather alternativeStyle number: 6024000979","The Frame Pocket Wing Tote is crafted from a black textured leather alternative. There is debased branding on the front of the bag.32cm (H), 42cm (L), 12cm (D)Strap length: 62cmMagnetic snap closure on the frontZip top closureMaterial: Leather alternativeStyle number: 6024000979",79.00,79.00,https://kg-static-cache.s3.amazonaws.com/catalog/product/cache/thumbnail/2000x2000/6/0/6024000979_40.jpg?v=1&width=800,Women > Bags > Tote-bags,WOMEN BAGS,24/08/2026,,FALSE,5020414281661,178,IN STOCK,,No Size,Black,,,79,TRUE,TRUE,FALSE
Carvela,5216330609,5216330609,Carvela Gina Hobo -,https://www.carvela.com/women/bags/shoulder-bags/gina-hobo-brown-fabric-carvela-5216330609?utm_source=display&utm_medium=programmatic&utm_campaign=performance&utm_content=rtg,"This Gina Hobo arrives in a leopard printed faux fur. There is a simple black shoulder strap with black tassel charm attached to the zip top closure28cm (H), 43cm (L), 12cm (D)Strap length: 47cmFour gold tone feetMaterial: FabricStyle number: 5216300609","This Gina Hobo arrives in a leopard printed faux fur. There is a simple black shoulder strap with black tassel charm attached to the zip top closure28cm (H), 43cm (L), 12cm (D)Strap length: 47cmFour gold tone feetMaterial: FabricStyle number: 5216300609",139.00,139.00,https://kg-static-cache.s3.amazonaws.com/catalog/product/cache/thumbnail/2000x2000/5/2/5216330609_40.jpg?v=1&width=800,Women > Bags > Shoulder-bags,WOMEN BAGS,24/08/2026,,FALSE,5020414729552,319,IN STOCK,,No Size,Brown,,,19,TRUE,TRUE,FALSE
Carvela,6328447979,6328447979,Carvela Montena Shoulder Bag - Taupe Shoulder Bag,https://www.carvela.com/women/bags/shoulder-bags/montena-shoulder-bag-taupe-synthetic-carvela-6328447979?utm_source=display&utm_medium=programmatic&utm_campaign=performance&utm_content=rtg,"This Montana Shoulder Bag is crafted from a taupe leather alternative with shine. There is gold Carvela branding on the front of the bag.13cm (H), 27cm (L), 9cm (D)Strap length cross body: 110cmStrap length shoulder: 44cmThree alternative straps which can be added for personal stylingInside zipped pocketStyle number: 6328447979","This Montana Shoulder Bag is crafted from a taupe leather alternative with shine. There is gold Carvela branding on the front of the bag.13cm (H), 27cm (L), 9cm (D)Strap length cross body: 110cmStrap length shoulder: 44cmThree alternative straps which can be added for personal stylingInside zipped pocketStyle number: 6328447979",99.00,99.00,https://kg-static-cache.s3.amazonaws.com/catalog/product/cache/thumbnail/2000x2000/6/3/6328447979_40.jpg?v=1&width=800,Women > Bags > Shoulder-bags,WOMEN BAGS,24/08/2026,,FALSE,5020414729729,231,IN STOCK,,No Size,Taupe,,,50,TRUE,TRUE,FALSE
Carvela,6329900979,6329900979,Carvela Women's Tote Bag Black Synthetic Violet Micro Tote,https://www.carvela.com/women/bags/tote-bags/violet-micro-tote-black-synthetic-carvela-6329900979?utm_source=display&utm_medium=programmatic&utm_campaign=performance&utm_content=rtg,"This Micro Violet Tote Bag arrives in a black textured leather alternative. There are gold tone hardware details across the upper including a padlock with tag looped onto the top handles.&nbsp;16cm (H), 22cm (L), 9cm (D)Strap length: 118cmOptional cross body strapCan fit phones up to 6inchesFour gold tone feetZip top closureMaterial: Leather alternativeStyle number: 6329900979","This Micro Violet Tote Bag arrives in a black textured leather alternative. There are gold tone hardware details across the upper including a padlock with tag looped onto the top handles.&nbsp;16cm (H), 22cm (L), 9cm (D)Strap length: 118cmOptional cross body strapCan fit phones up to 6inchesFour gold tone feetZip top closureMaterial: Leather alternativeStyle number: 6329900979",59.00,59.00,https://kg-static-cache.s3.amazonaws.com/catalog/product/cache/thumbnail/2000x2000/6/3/6329900979_40.jpg?v=1&width=800,Women > Bags > Tote-bags,WOMEN BAGS,24/08/2026,,FALSE,5020414730428,153,IN STOCK,,No Size,Black,,,98,TRUE,TRUE,FALSE
Carvela,6329933979,6329933979,Carvela Women's Tote Bag Tan Synthetic Violet Micro Tote,https://www.carvela.com/women/bags/tote-bags/violet-micro-tote-tan-synthetic-carvela-6329933979?utm_source=display&utm_medium=programmatic&utm_campaign=performance&utm_content=rtg,"This Micro Violet Tote Bag arrives in a tan textured leather alternative. There are gold tone hardware details across the upper including a padlock with tag looped onto the top handles.&nbsp;16cm (H), 22cm (L), 9cm (D)Strap length: 118cmOptional cross body strapCan fit phones up to 6inchesFour gold tone feetZip top closureMaterial: Leather alternativeStyle number: 6329933979","This Micro Violet Tote Bag arrives in a tan textured leather alternative. There are gold tone hardware details across the upper including a padlock with tag looped onto the top handles.&nbsp;16cm (H), 22cm (L), 9cm (D)Strap length: 118cmOptional cross body strapCan fit phones up to 6inchesFour gold tone feetZip top closureMaterial: Leather alternativeStyle number: 6329933979",59.00,59.00,https://kg-static-cache.s3.amazonaws.com/catalog/product/cache/thumbnail/2000x2000/6/3/6329933979_40.jpg?v=1&width=800,Women > Bags > Tote-bags,WOMEN BAGS,24/08/2026,,FALSE,5020414730435,164,IN STOCK,,No Size,Tan,,,87,TRUE,TRUE,FALSE
Carvela,6330131979,6330131979,Carvela Women's Tote Bag Dark Brown Synthetic Cappuccino,https://www.carvela.com/women/bags/shoulder-bags/cappuccino-mini-tote-dark-brown-synthetic-carvela-6330131979?utm_source=display&utm_medium=programmatic&utm_campaign=performance&utm_content=rtg,"This Mini Cappuccino Tote Bag is crafted from a dark brown printed leather alternative. There are gold branding details across the bag including a padlock charm on the top handles.&nbsp;20cm (H), 29cm (L), 10cm (D)Strap length: 123cmInterior pouch: 11cm (H), 16cm (L)Optional cross body strapCan fit phone up to 6inches&nbsp;Material: Leather alternativeStyle number: 6330131979","This Mini Cappuccino Tote Bag is crafted from a dark brown printed leather alternative. There are gold branding details across the bag including a padlock charm on the top handles.&nbsp;20cm (H), 29cm (L), 10cm (D)Strap length: 123cmInterior pouch: 11cm (H), 16cm (L)Optional cross body strapCan fit phone up to 6inches&nbsp;Material: Leather alternativeStyle number: 6330131979",79.00,79.00,https://kg-static-cache.s3.amazonaws.com/catalog/product/cache/thumbnail/2000x2000/6/3/6330131979_40.jpg?v=1&width=800,Women > Bags > Shoulder-bags,WOMEN BAGS,24/08/2026,,FALSE,5020414730497,382,IN STOCK,,No Size,Brown,,,13,TRUE,TRUE,FALSE
Carvela,6331061069,6331061069,Carvela Women's Shoulder Bag Gold Fabric Other Sequin Jessica,https://www.carvela.com/women/bags/shoulder-bags/jessica-sequin-bag-gold-fabric-other-carvela-6331061069?utm_source=display&utm_medium=programmatic&utm_campaign=performance&utm_content=rtg,"This Jessica Shoulder Bag features a fabric mesh exterior that is embellished with gold sequins. There is a gold branded plate on the front flap.13cm (H), 19cm (L), 6cm (D)Strap length shoulder: 47cmStrap length cross body: 120cmMagnetic snap closure under flapCan fit phones up to 6inchesInterior pocketMaterial: FabricStyle number: 6331061069","This Jessica Shoulder Bag features a fabric mesh exterior that is embellished with gold sequins. There is a gold branded plate on the front flap.13cm (H), 19cm (L), 6cm (D)Strap length shoulder: 47cmStrap length cross body: 120cmMagnetic snap closure under flapCan fit phones up to 6inchesInterior pocketMaterial: FabricStyle number: 6331061069",69.00,69.00,https://kg-static-cache.s3.amazonaws.com/catalog/product/cache/thumbnail/2000x2000/6/3/6331061069_40.jpg?v=1&width=800,Women > Bags > Shoulder-bags,WOMEN BAGS,24/08/2026,,FALSE,5020414730725,236,IN STOCK,,No Size,Metallic,,,48,TRUE,TRUE,FALSE
Carvela,5594910979,5594910979,Carvela Marina Starfish Clutch Bag - White Clasp Clutch Bag,https://www.carvela.com/women/bags/clutch-bags/marina-starfish-clutch-white-synthetic-carvela-5594910979?utm_source=display&utm_medium=programmatic&utm_campaign=performance&utm_content=rtg,"This Marina Starfish Clutch bag is crafted from a structured white pearlescent leather alternative. There are five silver crystal starfish on the front complimenting the clasp closure.9cm (H), 18cm (L), 5cm (D)Strap length:Optional cross body strapFabric lined interior&nbsp;Carvela branding on the back&nbsp;Material: 5594910979","This Marina Starfish Clutch bag is crafted from a structured white pearlescent leather alternative. There are five silver crystal starfish on the front complimenting the clasp closure.9cm (H), 18cm (L), 5cm (D)Strap length:Optional cross body strapFabric lined interior&nbsp;Carvela branding on the back&nbsp;Material: 5594910979",119.00,119.00,https://kg-static-cache.s3.amazonaws.com/catalog/product/cache/thumbnail/2000x2000/5/5/5594910979_40.jpg?v=1&width=800,Women > Bags > Clutch-bags,WOMEN BAGS,24/08/2026,,FALSE,5020414799333,197,IN STOCK,,No Size,White,,,70,TRUE,TRUE,FALSE
Carvela,5052200979,5052200979,Carvela Women's Shoulder Bag Black Synthetic Large Rosa,https://www.carvela.com/women/bags/shoulder-bags/large-rosa-chain-shoulder-black-synthetic-carvela-5052200979?utm_source=display&utm_medium=programmatic&utm_campaign=performance&utm_content=rtg,"The Large Rosa Chain shoulder bag features a black exterior with overstitch quilting in a diamond design. There is gold tone branding on the front and hardware details across the bag.17cm (H), 26cm (L), 7cm (D)Strap length: 63cmTwo gold tone shoulder chain strapInterior lining pocketCan fit phones up to 6inchesMagnetic snap closureMaterial: SyntheticStyle number: 5052200979","The Large Rosa Chain shoulder bag features a black exterior with overstitch quilting in a diamond design. There is gold tone branding on the front and hardware details across the bag.17cm (H), 26cm (L), 7cm (D)Strap length: 63cmTwo gold tone shoulder chain strapInterior lining pocketCan fit phones up to 6inchesMagnetic snap closureMaterial: SyntheticStyle number: 5052200979",89.00,89.00,https://kg-static-cache.s3.amazonaws.com/catalog/product/cache/thumbnail/2000x2000/5/0/5052200979_40.jpg?v=1&width=800,Women > Bags > Shoulder-bags,WOMEN BAGS,24/08/2026,,FALSE,5045658593516,494,IN STOCK,,No Size,Black,,,6,TRUE,TRUE,FALSE
Carvela,5593663979,5593663979,Carvela Women's Clutch Bag Silver Synthetic Spiral,https://www.carvela.com/women/bags/clutch-bags/spiral-envelope-clutch-silver-synthetic-carvela-5593663979?utm_source=display&utm_medium=programmatic&utm_campaign=performance&utm_content=rtg,"This Spiral Envelope Clutch Bag is crafted from a satin fabric that is embellished with silver crystals. The clasp is accented with silver branding.&nbsp;13cm (H), 23cm (L), 4cm (D)Strap length: 82cmOptional cross body strapCan fit phones up to 6inchesMaterial: Leather alternativeStyle number: 5593663979","This Spiral Envelope Clutch Bag is crafted from a satin fabric that is embellished with silver crystals. The clasp is accented with silver branding.&nbsp;13cm (H), 23cm (L), 4cm (D)Strap length: 82cmOptional cross body strapCan fit phones up to 6inchesMaterial: Leather alternativeStyle number: 5593663979",99.00,99.00,https://kg-static-cache.s3.amazonaws.com/catalog/product/cache/thumbnail/2000x2000/5/5/5593663979_40.jpg?v=1&width=800,Women > Bags > Clutch-bags,WOMEN BAGS,24/08/2026,,FALSE,5045659487685,192,IN STOCK,,No Size,Metallic,,,74,TRUE,TRUE,FALSE
Carvela,5716766069,5716766069,Carvela Women's Top Handle Bag Gold Combination Fabric Other Amara,https://www.carvela.com/women/bags/shoulder-bags/amara-top-handle-gold-combination-fabric-other-carvela-5716766069?utm_source=display&utm_medium=programmatic&utm_campaign=performance&utm_content=rtg,"This Amara Top Handle Bag is crafted from a leopard printed fabric with gold metallic details. There is a branded pebble style stud on the front flap.11cm (H), 19cm (L), 6cm (D)Strap length: 109cmCan fit phones up to 6inchesMagnetic snap closureFour gold tone feetMaterial: FabricStyle number: 5716766069","This Amara Top Handle Bag is crafted from a leopard printed fabric with gold metallic details. There is a branded pebble style stud on the front flap.11cm (H), 19cm (L), 6cm (D)Strap length: 109cmCan fit phones up to 6inchesMagnetic snap closureFour gold tone feetMaterial: FabricStyle number: 5716766069",119.00,119.00,https://kg-static-cache.s3.amazonaws.com/catalog/product/cache/thumbnail/2000x2000/5/7/5716766069_40.jpg?v=1&width=800,Women > Bags > Shoulder-bags,WOMEN BAGS,24/08/2026,,FALSE,5045659732181,45,IN STOCK,,No Size,Metallic,,,178,TRUE,TRUE,FALSE
Carvela,5800061069,5800061069,Carvela Women's Top handle Gold Fabric Diana,https://www.carvela.com/women/bags/shoulder-bags/diana-top-handle-gold-fabric-other-carvela-5800061069?utm_source=display&utm_medium=programmatic&utm_campaign=performance&utm_content=rtg,"This Diana Top Handle Bag is crafted from a black fabric with complete crystal embellishment. There is a simple top handle as well as gold branded panel on the flap.13cm (H), 19cm (L), 4cm (D)Strap length: 115cmGold chain cross body strapCan fit phones up to 6inchesMaterial: SyntheticStyle number: 5800000069","This Diana Top Handle Bag is crafted from a black fabric with complete crystal embellishment. There is a simple top handle as well as gold branded panel on the flap.13cm (H), 19cm (L), 4cm (D)Strap length: 115cmGold chain cross body strapCan fit phones up to 6inchesMaterial: SyntheticStyle number: 5800000069",109.00,109.00,https://kg-static-cache.s3.amazonaws.com/catalog/product/cache/thumbnail/2000x2000/5/8/5800061069_40.jpg?v=1&width=800,Women > Bags > Shoulder-bags,WOMEN BAGS,24/08/2026,,FALSE,5045659897675,40,IN STOCK,,No Size,Metallic,,,183,TRUE,TRUE,FALSE
