prclient,prid,pridfiltered,prname,prurl,prshortdescription,prdescription,prdisplayprice,prprice,primageurl,prcategory,prsubcategory,prcreatedon,pralternativeurl,prbestseller,prsku,pravailablequantity,pravailability,prquantitysold,prsize,prcolor,prcountry,prfromprice,prposition,isactive,isdefault,pronsale
Carvela,5779030979,5779030979,Carvela Women's Trainers Brown Synthetic Caprese,https://www.carvela.com/women/shoes/trainers/caprese-laser-trainer-brown-synthetic-carvela-5779030979?utm_source=display&utm_medium=programmatic&utm_campaign=performance&utm_content=rtg,This pair of Caprese Laser Trainers feature a brown microsuede upper with cut out sides. The front is laced up with crystal embellishment and gold tone branding details.Materials: Leather alternativeStyle number: 5779030979,This pair of Caprese Laser Trainers feature a brown microsuede upper with cut out sides. The front is laced up with crystal embellishment and gold tone branding details.Materials: Leather alternativeStyle number: 5779030979,149.00,149.00,https://kg-static-cache.s3.amazonaws.com/catalog/product/cache/thumbnail/2000x2000/5/7/5779030979_40.jpg?v=1&width=800,Women > Shoes > Trainers,WOMENS SNEAKER,22/09/2026,,TRUE,5045659851325,179,IN STOCK,,"3 UK, 4 UK, 5 UK, 6 UK, 7 UK, 8 UK, 9 UK",Brown,,,56,TRUE,TRUE,FALSE
Carvela,5799833209,5799833209,Carvela Women's Tote Bag Suede Nina Tote,https://www.carvela.com/women/bags/tote-bags/nina-mini-tote-tan-suede-carvela-5799833209?utm_source=display&utm_medium=programmatic&utm_campaign=performance&utm_content=rtg,"This Mini Nina Tote bag is crafted from a soft tan suede leather. There are two top handles, one with a printed satin scarf detail and a branded luggage style tag attached.18cm (H), 25cm (L), 10cm (D)Strap length: 117cmZipped closureInternal zipped pouchFour gold feetMaterial: SuedeStyle number: 5799833209","This Mini Nina Tote bag is crafted from a soft tan suede leather. There are two top handles, one with a printed satin scarf detail and a branded luggage style tag attached.18cm (H), 25cm (L), 10cm (D)Strap length: 117cmZipped closureInternal zipped pouchFour gold feetMaterial: SuedeStyle number: 5799833209",149.00,149.00,https://kg-static-cache.s3.amazonaws.com/catalog/product/cache/thumbnail/2000x2000/5/7/5799833209_40.jpg?v=1&width=800,Women > Bags > Tote-bags,WOMEN BAGS,22/09/2026,,TRUE,5045659897583,38,IN STOCK,,No Size,Tan,,,130,TRUE,TRUE,FALSE
Carvela Comfort,5360541109,5360541109,Carvela Women's Loafers Bone Leather Click,https://www.carvela.com/women/shoes/flats/loafers/click-wide-fit-bone-leather-carvela-comfort-5360541109?utm_source=display&utm_medium=programmatic&utm_campaign=performance&utm_content=rtg,This wide fit edition of the Click loafer features a bone upper in leather which slips onto the foot. The toe is finished with golden tone horsebit chain.This product features All Day Long TechnologyMaterial: LeatherStyle number: 5360541109,This wide fit edition of the Click loafer features a bone upper in leather which slips onto the foot. The toe is finished with golden tone horsebit chain.This product features All Day Long TechnologyMaterial: LeatherStyle number: 5360541109,139.00,139.00,https://kg-static-cache.s3.amazonaws.com/catalog/product/cache/thumbnail/2000x2000/5/3/5360541109_40.jpg?v=1&width=800,Women > Shoes > Flats > Loafers,WOMENS FLATS,22/09/2026,,TRUE,5020413916649,80,IN STOCK,,"3 UK, 4 UK, 5 UK, 5.5 UK, 6 UK, 7 UK, 8 UK, 9 UK",White,,,112,TRUE,TRUE,FALSE
Carvela,5897042609,5897042609,Carvela Positano Lace Sling Back Heel - Cream Lace Slingback Heel,https://www.carvela.com/women/shoes/heels/kitten-heels/positano-lace-sling-low-cream-fabric-carvela-5897042609?utm_source=display&utm_medium=programmatic&utm_campaign=performance&utm_content=rtg,This Positano Lace Sling Low heel features a white mesh upper which is embroidered with flowers and beads. The ankle strap is fastened with a gold buckle.&nbsp;Heel height: 7cmThis product features All Day Long technologyMaterial: FabricStyle number: 5897042609,This Positano Lace Sling Low heel features a white mesh upper which is embroidered with flowers and beads. The ankle strap is fastened with a gold buckle.&nbsp;Heel height: 7cmThis product features All Day Long technologyMaterial: FabricStyle number: 5897042609,149.00,149.00,https://kg-static-cache.s3.amazonaws.com/catalog/product/cache/thumbnail/2000x2000/5/8/5897042609_40.jpg?v=1&width=800,Women > Shoes > Heels > Kitten-heels,WOMENS HEELS,22/09/2026,,TRUE,5020413966088,169,IN STOCK,,"4 UK, 6 UK, 7 UK, 8 UK, 9 UK",Nude,,,62,TRUE,TRUE,FALSE
Carvela,5938610609,5938610609,Carvela Wide Fit Corletta Heel - Faux Pearl Crystal Corletta Heel,https://www.carvela.com/women/shoes/heels/corletta-sandal-wide-fit-white-fabric-carvela-5938610609?utm_source=display&utm_medium=programmatic&utm_campaign=performance&utm_content=rtg,This wide fit edition of the Corletta Sandal arrives in white with faux pearl and crystal embellishment across the upper and heel. The toe is open and there is a small ankle strap with silver buckle.Heel height: 9cmThis product features All Day Long technologyMaterial: FabricStyle number: 5938610609,This wide fit edition of the Corletta Sandal arrives in white with faux pearl and crystal embellishment across the upper and heel. The toe is open and there is a small ankle strap with silver buckle.Heel height: 9cmThis product features All Day Long technologyMaterial: FabricStyle number: 5938610609,119.00,119.00,https://kg-static-cache.s3.amazonaws.com/catalog/product/cache/thumbnail/2000x2000/5/9/5938610609_40.jpg?v=1&width=800,Women > Shoes > Heels,WOMENS HEELS,22/09/2026,,TRUE,5020414045843,27,IN STOCK,,"3 UK, 4 UK, 8 UK, 9 UK",White,,,135,TRUE,TRUE,FALSE
Carvela,6022957609,6022957609,Carvela Women's Sandals Pink Combination Fabric Carmella,https://www.carvela.com/women/shoes/sandals/flat/caramella-footbed-pink-combination-fabric-carvela-6022957609?utm_source=display&utm_medium=programmatic&utm_campaign=performance&utm_content=rtg,This pair of Sorano Polka Dot Sandals arrive in a bone and brown polka dot style satin fabric. There are gold charms attached to the chain straps over the foot which spell out 'CARVELA'.Gold buckle fastening on the strapsMaterial: SyntheticStyle number: 6022957609,This pair of Sorano Polka Dot Sandals arrive in a bone and brown polka dot style satin fabric. There are gold charms attached to the chain straps over the foot which spell out 'CARVELA'.Gold buckle fastening on the strapsMaterial: SyntheticStyle number: 6022957609,149.00,149.00,https://kg-static-cache.s3.amazonaws.com/catalog/product/cache/thumbnail/2000x2000/6/0/6022957609_40.jpg?v=1&width=800,Women > Shoes > Sandals > Flat,WOMENS SANDALS,22/09/2026,,TRUE,5020414279248,211,IN STOCK,,"3 UK, 4 UK, 5 UK, 6 UK, 7 UK, 8 UK, 9 UK",Pink,,,33,TRUE,TRUE,FALSE
Carvela,6028300109,6028300109,Carvela Passo Flat Loafer - Black Leather Slip On Loafer,https://www.carvela.com/women/shoes/flats/loafers/passo-flat-black-leather-carvela-6028300109?utm_source=display&utm_medium=programmatic&utm_campaign=performance&utm_content=rtg,This Passo Flat loafer is crafted from a black leather with a pointed closed toe. There is a gold tone branded horsebit strap across the foot with branding.Material: LeatherStyle number: 6028300109,This Passo Flat loafer is crafted from a black leather with a pointed closed toe. There is a gold tone branded horsebit strap across the foot with branding.Material: LeatherStyle number: 6028300109,99.00,99.00,https://kg-static-cache.s3.amazonaws.com/catalog/product/cache/thumbnail/2000x2000/6/0/6028300109_40.jpg?v=1&width=800,Women > Shoes > Flats > Loafers,WOMENS SANDALS,22/09/2026,,TRUE,5020414291639,153,IN STOCK,,"3 UK, 4 UK, 5 UK, 6 UK, 7 UK, 8 UK, 9 UK",Black,,,73,TRUE,TRUE,FALSE
Carvela,6034948209,6034948209,Carvela Corletta Court Heel -,https://www.carvela.com/women/shoes/heels/stiletto-heels/corletta-court-camel-suede-carvela-6034948209?utm_source=display&utm_medium=programmatic&utm_campaign=performance&utm_content=rtg,This Corletta Court is a camel suede heel with pointed toe. There is a small gold Icon C stud at the back of the heel.Heel height: 9cmMaterial: SyntheticStyle number: 6034948209,This Corletta Court is a camel suede heel with pointed toe. There is a small gold Icon C stud at the back of the heel.Heel height: 9cmMaterial: SyntheticStyle number: 6034948209,129.00,129.00,https://kg-static-cache.s3.amazonaws.com/catalog/product/cache/thumbnail/2000x2000/6/0/6034948209_40.jpg?v=1&width=800,Women > Shoes > Heels > Stiletto-heels,WOMENS HEELS,22/09/2026,,TRUE,5020414305411,95,IN STOCK,,"3 UK, 4 UK, 5 UK, 6 UK, 7 UK, 8 UK, 9 UK",Tan,,,104,TRUE,TRUE,FALSE
Carvela,6035100029,6035100029,Carvela Women's Trainers Black Suede there Altezza,https://www.carvela.com/women/shoes/trainers/altezza-sneaker-black-suede-other-carvela-6035100029?utm_source=display&utm_medium=programmatic&utm_campaign=performance&utm_content=rtg,This pair of Altezza Trainers feature a black suede and leather upper which laces up the front. There is a gunmetal zip detail on the outer side of the shoe matching the Icon C stud at the back of the heel.&nbsp;Heel height: 8.5cmMaterial: Suede&nbsp;Style number: 6035100029,This pair of Altezza Trainers feature a black suede and leather upper which laces up the front. There is a gunmetal zip detail on the outer side of the shoe matching the Icon C stud at the back of the heel.&nbsp;Heel height: 8.5cmMaterial: Suede&nbsp;Style number: 6035100029,159.00,159.00,https://kg-static-cache.s3.amazonaws.com/catalog/product/cache/thumbnail/2000x2000/6/0/6035100029_40.jpg?v=1&width=800,Women > Shoes > Trainers,WOMENS SNEAKER,22/09/2026,,TRUE,5020414305503,193,IN STOCK,,"3 UK, 4 UK, 5 UK, 6 UK, 7 UK, 8 UK, 9 UK",Black,,,42,TRUE,TRUE,FALSE
Carvela Comfort,3731984209,3731984209,Carvela Women's Flats Navy Suede Click,https://www.carvela.com/women/shoes/flats/loafers/click-navy-suede-carvela-comfort-3731984209?utm_source=display&utm_medium=programmatic&utm_campaign=performance&utm_content=rtg,The Click loafer features a burgundy upper in navy suede leather which slips onto the foot. The toe is finished with golden tone horsebit chain.This product features 'All Day Long' technologyMaterial: Suede leatherStyle number: 3731984209,The Click loafer features a burgundy upper in navy suede leather which slips onto the foot. The toe is finished with golden tone horsebit chain.This product features 'All Day Long' technologyMaterial: Suede leatherStyle number: 3731984209,149.00,149.00,https://kg-static-cache.s3.amazonaws.com/catalog/product/cache/thumbnail/2000x2000/3/7/3731984209_40.jpg?v=1&width=800,Women > Shoes > Flats > Loafers,WOMENS SANDALS,22/09/2026,,TRUE,5020414355003,115,IN STOCK,,"3 UK, 4 UK, 5 UK, 6 UK, 7 UK, 8 UK, 9 UK",Blue,,,91,TRUE,TRUE,FALSE
Carvela,2360670609,2360670609,Carvela Women's Heels Green Fabric Spiral,https://www.carvela.com/women/shoes/heels/stiletto-heels/spiral-105-green-fabric-carvela-2360670609?utm_source=display&utm_medium=programmatic&utm_campaign=performance&utm_content=rtg,This Spiral heel features a crystal embellished green satin upper which wraps around the ankle. The crystal straps continue across the foot and toe to elongate.Heel height: 10.5cmThis product features All Day Long TechnologyMaterial: SyntheticStyle number: 2360670609,This Spiral heel features a crystal embellished green satin upper which wraps around the ankle. The crystal straps continue across the foot and toe to elongate.Heel height: 10.5cmThis product features All Day Long TechnologyMaterial: SyntheticStyle number: 2360670609,149.00,149.00,https://kg-static-cache.s3.amazonaws.com/catalog/product/cache/thumbnail/2000x2000/2/3/2360670609_40.jpg?v=1&width=800,Women > Shoes > Heels > Stiletto-heels,WOMENS HEELS,22/09/2026,,TRUE,5020414547958,75,IN STOCK,,"3 UK, 4 UK, 5 UK, 6 UK, 7 UK, 8 UK, 9 UK",Green,,,115,TRUE,TRUE,FALSE
Carvela,6234541759,6234541759,Carvela Lucia Platform -,https://www.carvela.com/women/shoes/heels/lucia-platform-bone-satin-carvela-6234541759?utm_source=display&utm_medium=programmatic&utm_campaign=performance&utm_content=rtg,This pair of Lucia Platform is crafted from a bone satin fabric. The strap across the toe is embellished with a beaded pom pom on the toe strap.&nbsp;Heel height: 13cmPlatform height: 3cmPitch height: 10cmMaterial: SatinStyle number: 6234541759,This pair of Lucia Platform is crafted from a bone satin fabric. The strap across the toe is embellished with a beaded pom pom on the toe strap.&nbsp;Heel height: 13cmPlatform height: 3cmPitch height: 10cmMaterial: SatinStyle number: 6234541759,169.00,169.00,https://kg-static-cache.s3.amazonaws.com/catalog/product/cache/thumbnail/2000x2000/6/2/6234541759_40.jpg?v=1&width=800,Women > Shoes > Heels,,22/09/2026,,TRUE,5020414549020,161,IN STOCK,,"3 UK, 4 UK, 5 UK, 6 UK, 7 UK, 8 UK, 9 UK",White,,,68,TRUE,TRUE,FALSE
Carvela,6234610609,6234610609,Carvela Women's Heels White Fabric Isadora,https://www.carvela.com/women/shoes/heels/isadora-jewel-platform-white-fabric-carvela-6234610609?utm_source=display&utm_medium=programmatic&utm_campaign=performance&utm_content=rtg,This pair of Isadora Jewel Platform is crafted from a silver fabric that is embellished with faux pearls and crystals. There is a silver tone buckle fastening the ankle strap.Heel height: 13cmThis product features All Day Long technologyMaterial: FabricStyle number: 6234610609,This pair of Isadora Jewel Platform is crafted from a silver fabric that is embellished with faux pearls and crystals. There is a silver tone buckle fastening the ankle strap.Heel height: 13cmThis product features All Day Long technologyMaterial: FabricStyle number: 6234610609,169.00,169.00,https://kg-static-cache.s3.amazonaws.com/catalog/product/cache/thumbnail/2000x2000/6/2/6234610609_40.jpg?v=1&width=800,Women > Shoes > Heels,WOMENS HEELS,22/09/2026,,TRUE,5020414549211,168,IN STOCK,,"3 UK, 4 UK, 5 UK, 6 UK, 7 UK, 8 UK, 9 UK",White,,,65,TRUE,TRUE,FALSE
Carvela,5147630799,5147630799,Carvela Cosy Long Boot - Brown Microsuede knee high Boot,https://www.carvela.com/women/shoes/boots/flat-boots/cosy-long-boot-brown-suedette-carvela-5147630799?utm_source=display&utm_medium=programmatic&utm_campaign=performance&utm_content=rtg,The Cosy Long ankle boot arrives in a brown microsuede with brown faux fur trim. There is a a gold tone buckle fastening across the ankle shaft.&nbsp;Material: MicrosuedeStyle number: 5147630799,The Cosy Long ankle boot arrives in a brown microsuede with brown faux fur trim. There is a a gold tone buckle fastening across the ankle shaft.&nbsp;Material: MicrosuedeStyle number: 5147630799,179.00,179.00,https://kg-static-cache.s3.amazonaws.com/catalog/product/cache/thumbnail/2000x2000/5/1/5147630799_40.jpg?v=1&width=800,Women > Shoes > Boots > Flat-boots,WOMENS FLATS,22/09/2026,,TRUE,5020414632968,181,IN STOCK,,"3 UK, 4 UK, 5 UK, 6 UK, 7 UK, 8 UK, 9 UK",Brown,,,54,TRUE,TRUE,FALSE
Carvela,6294233209,6294233209,Carvela Secilly -,https://www.carvela.com/women/shoes/boots/ankle-boots/secilly-tan-suede-carvela-6294233209?utm_source=display&utm_medium=programmatic&utm_campaign=performance&utm_content=rtg,The Secilly Western boot arrives in a tan suede with statement fringing on the outside of the ankle shaft. The heel is in a cuban style.Heel height: 6.5cmMaterial: SuedeStyle number: 6294233209,The Secilly Western boot arrives in a tan suede with statement fringing on the outside of the ankle shaft. The heel is in a cuban style.Heel height: 6.5cmMaterial: SuedeStyle number: 6294233209,159.00,159.00,https://kg-static-cache.s3.amazonaws.com/catalog/product/cache/thumbnail/2000x2000/6/2/6294233209_40.jpg?v=1&width=800,Women > Shoes > Boots > Ankle-boots,WOMENS BOOTS,22/09/2026,,TRUE,5020414639103,411,IN STOCK,,"3 UK, 4 UK, 5 UK, 6 UK, 7 UK, 8 UK, 9 UK",Tan,,,10,TRUE,TRUE,FALSE
Carvela,1859631209,1859631209,Carvela Connected Zip Trainer - Dark Brown Lace Up Sneaker,https://www.carvela.com/women/shoes/trainers/connected-zip-dark-brown-suede-carvela-1859631209?utm_source=display&utm_medium=programmatic&utm_campaign=performance&utm_content=rtg,The Connected trainer features a dark brown suede leather upper. The front laces up with gold tone Carvela branded tab and zip detail on the eye stay.Sole height: 55mmThis product features All Day Long TechnologyMaterial: SuedeStyle number: 1859631209,The Connected trainer features a dark brown suede leather upper. The front laces up with gold tone Carvela branded tab and zip detail on the eye stay.Sole height: 55mmThis product features All Day Long TechnologyMaterial: SuedeStyle number: 1859631209,149.00,149.00,https://kg-static-cache.s3.amazonaws.com/catalog/product/cache/thumbnail/2000x2000/1/8/1859631209_40.jpg?v=1&width=800,Women > Shoes > Trainers,WOMENS SNEAKER,22/09/2026,,TRUE,5020414706157,172,IN STOCK,,"3 UK, 4 UK, 5 UK, 6 UK, 7 UK, 8 UK, 9 UK",Brown,,,59,TRUE,TRUE,FALSE
Carvela,6319939069,6319939069,Carvela Women's Mules Brown Other Fabric Other Pavillion,https://www.carvela.com/women/shoes/pavillion-warm-mule-brown-other-fabric-other-carvela-6319939069?utm_source=display&utm_medium=programmatic&utm_campaign=performance&utm_content=rtg,The Pavillion Warm Mule is a slip-on mule crafted from a luxe leopard printed faux fur. The subtle strap is fastened with a brushed gold buckle across the foot.&nbsp;Rubber traded soleMaterial: FabricStyle number: 6319939069,The Pavillion Warm Mule is a slip-on mule crafted from a luxe leopard printed faux fur. The subtle strap is fastened with a brushed gold buckle across the foot.&nbsp;Rubber traded soleMaterial: FabricStyle number: 6319939069,149.00,149.00,https://kg-static-cache.s3.amazonaws.com/catalog/product/cache/thumbnail/2000x2000/6/3/6319939069_40.jpg?v=1&width=800,Women > Shoes,WOMENS FLATS,22/09/2026,,TRUE,5020414706249,150,IN STOCK,,"3 UK, 4 UK, 5 UK, 6 UK, 7 UK, 8 UK, 9 UK",Brown Other,,,76,TRUE,TRUE,FALSE
Carvela,6320530209,6320530209,Carvela Women's Boots Brown Suede Leather Amara,https://www.carvela.com/women/shoes/boots/flat-boots/amara-chelsea-brown-suede-carvela-6320530209?utm_source=display&utm_medium=programmatic&utm_campaign=performance&utm_content=rtg,This Amara Chelsea Boot is crafted from a dark brown suede leather with elasticated panels at the ankle shaft. There is a gold tone stud at the back of the ankle.&nbsp;Heel height: 4cmMaterial: LeatherStyle number: 6320530209,This Amara Chelsea Boot is crafted from a dark brown suede leather with elasticated panels at the ankle shaft. There is a gold tone stud at the back of the ankle.&nbsp;Heel height: 4cmMaterial: LeatherStyle number: 6320530209,159.00,159.00,https://kg-static-cache.s3.amazonaws.com/catalog/product/cache/thumbnail/2000x2000/6/3/6320530209_40.jpg?v=1&width=800,Women > Shoes > Boots > Flat-boots,WOMENS FLATS,22/09/2026,,TRUE,5020414709394,159,IN STOCK,,"3 UK, 4 UK, 5 UK, 6 UK, 7 UK, 8 UK, 9 UK",Brown,,,70,TRUE,TRUE,FALSE
Carvela,6323200209,6323200209,Carvela Women's Heels Black Suede Positano Low Court,https://www.carvela.com/women/shoes/heels/kitten-heels/positano-low-court-black-suede-carvela-6323200209?utm_source=display&utm_medium=programmatic&utm_campaign=performance&utm_content=rtg,"Sitting on a low kitten heel, this pair of Positano Low Court heels feature a sleek black suede upper. The heel is accented with a small gold tone 'C' stud.Heel height: 9cmMaterial: SuedeStyle number: 6323200209","Sitting on a low kitten heel, this pair of Positano Low Court heels feature a sleek black suede upper. The heel is accented with a small gold tone 'C' stud.Heel height: 9cmMaterial: SuedeStyle number: 6323200209",129.00,129.00,https://kg-static-cache.s3.amazonaws.com/catalog/product/cache/thumbnail/2000x2000/6/3/6323200209_40.jpg?v=1&width=800,Women > Shoes > Heels > Kitten-heels,WOMENS HEELS,22/09/2026,,TRUE,5020414714855,140,IN STOCK,,"3 UK, 4 UK, 5 UK, 6 UK, 7 UK, 8 UK, 9 UK",Black,,,79,TRUE,TRUE,FALSE
Carvela,6323500029,6323500029,Carvela Women's Court Heel Suede Black Suede Other Positano,https://www.carvela.com/women/shoes/heels/stiletto-heels/positano-court-black-suede-other-carvela-6323500029?utm_source=display&utm_medium=programmatic&utm_campaign=performance&utm_content=rtg,"Sitting on a stiletto heel, this pair of Positano Court heels feature a simple mesh panel around the edge of the upper. The heel is accented with a small gunmetal tone stud.Heel height: 9cmMaterial: SuedeStyle number: 6323500029","Sitting on a stiletto heel, this pair of Positano Court heels feature a simple mesh panel around the edge of the upper. The heel is accented with a small gunmetal tone stud.Heel height: 9cmMaterial: SuedeStyle number: 6323500029",129.00,129.00,https://kg-static-cache.s3.amazonaws.com/catalog/product/cache/thumbnail/2000x2000/6/3/6323500029_40.jpg?v=1&width=800,Women > Shoes > Heels > Stiletto-heels,WOMENS HEELS,22/09/2026,,TRUE,5020414715111,243,IN STOCK,,"3 UK, 4 UK, 5 UK, 6 UK, 7 UK, 8 UK, 9 UK",Black,,,27,TRUE,TRUE,FALSE
Carvela,5216339609,5216339609,Carvela Gina Hobo Bag -,https://www.carvela.com/women/bags/shoulder-bags/gina-hobo-brown-other-fabric-carvela-5216339609?utm_source=display&utm_medium=programmatic&utm_campaign=performance&utm_content=rtg,"This Gina Hobo arrives in a leopard printed faux fur. There is a simple black shoulder strap with black tassel charm attached to the zip top closure28cm (H), 43cm (L), 12cm (D)Strap length: 47cmFour gold tone feetMaterial: FabricStyle number: 5216339609","This Gina Hobo arrives in a leopard printed faux fur. There is a simple black shoulder strap with black tassel charm attached to the zip top closure28cm (H), 43cm (L), 12cm (D)Strap length: 47cmFour gold tone feetMaterial: FabricStyle number: 5216339609",139.00,139.00,https://kg-static-cache.s3.amazonaws.com/catalog/product/cache/thumbnail/2000x2000/5/2/5216339609_40.jpg?v=1&width=800,Women > Bags > Shoulder-bags,WOMEN BAGS,22/09/2026,,TRUE,5020414729569,108,IN STOCK,,No Size,Brown Other,,,96,TRUE,TRUE,FALSE
Carvela,4529363069,4529363069,Carvela Women's Heels Silver Fabric Other Corletta,https://www.carvela.com/women/shoes/heels/slingback-Heels/corletta-sling-court-silver-fabric-other-carvela-4529363069?utm_source=display&utm_medium=programmatic&utm_campaign=performance&utm_content=rtg,This pair of Corletta Sling Court Heel features a silver fabric upper that is embellished with silver crystals. The toe is pointed and there is a slingback ankle strap. The heel is in a slim style.&nbsp;Heel height: 9cmMaterial: FabricStyle number: 4529363069,This pair of Corletta Sling Court Heel features a silver fabric upper that is embellished with silver crystals. The toe is pointed and there is a slingback ankle strap. The heel is in a slim style.&nbsp;Heel height: 9cmMaterial: FabricStyle number: 4529363069,129.00,129.00,https://kg-static-cache.s3.amazonaws.com/catalog/product/cache/thumbnail/2000x2000/4/5/4529363069_40.jpg?v=1&width=800,Women > Shoes > Heels > Slingback-Heels,WOMENS HEELS,22/09/2026,,TRUE,5020414750303,461,IN STOCK,,"3 UK, 4 UK, 5 UK, 6 UK, 7 UK, 8 UK, 9 UK",Metallic,,,7,TRUE,TRUE,FALSE
Carvela,6343231209,6343231209,Kurt Geiger Women's Boots Dark Brown Suede Vittoria,https://www.carvela.com/women/shoes/boots/knee-boots/vittoria-cuff-dark-brown-suede-carvela-6343231209?utm_source=display&utm_medium=programmatic&utm_campaign=performance&utm_content=rtg,This pair of Vittoria Cuff is crafted from a dark brown suede leather with soft ruching. The back of the ankle shaft is laced up in a corset style.Heel height: 7cmMaterial: SuedeStyle number: 6343231209,This pair of Vittoria Cuff is crafted from a dark brown suede leather with soft ruching. The back of the ankle shaft is laced up in a corset style.Heel height: 7cmMaterial: SuedeStyle number: 6343231209,199.00,199.00,https://kg-static-cache.s3.amazonaws.com/catalog/product/cache/thumbnail/2000x2000/6/3/6343231209_40.jpg?v=1&width=800,Women > Shoes > Boots > Knee-boots,WOMENS BOOTS,22/09/2026,,TRUE,5020414750730,256,IN STOCK,,"3 UK, 4 UK, 5 UK, 6 UK, 7 UK, 8 UK, 9 UK",Brown,,,22,TRUE,TRUE,FALSE
Carvela,5441050209,5441050209,Carvela Women's Heels Red Suede Corletta,https://www.carvela.com/women/shoes/heels/stiletto-heels/corletta-d-orsay-red-suede-carvela-5441050209?utm_source=display&utm_medium=programmatic&utm_campaign=performance&utm_content=rtg,This Corletta D'Orsay court heel is a red suede heel with pointed toe. There is a curved cut out of the inner side.Heel height: 9cmThis product features All Day Long technologyMaterial: SuedeStyle number: 5441050209,This Corletta D'Orsay court heel is a red suede heel with pointed toe. There is a curved cut out of the inner side.Heel height: 9cmThis product features All Day Long technologyMaterial: SuedeStyle number: 5441050209,129.00,129.00,https://kg-static-cache.s3.amazonaws.com/catalog/product/cache/thumbnail/2000x2000/5/4/5441050209_40.jpg?v=1&width=800,Women > Shoes > Heels > Stiletto-heels,WOMENS HEELS,22/09/2026,,TRUE,5020414786470,272,IN STOCK,,"3 UK, 4 UK, 5 UK, 6 UK, 7 UK, 8 UK, 9 UK",Red,,,20,TRUE,TRUE,FALSE
Carvela,6384054109,6384054109,Carvela Lentini Loafer - Wine Leather Loafer,https://www.carvela.com/women/shoes/flats/loafers/lentini-loafer-wine-leather-carvela-6384054109?utm_source=display&utm_medium=programmatic&utm_campaign=performance&utm_content=rtg,"Crafted from a black leather alternative, the Lentini Loafer slips onto the foot.This product features All Day Long technologyMaterial: Leather alternativeStyle number: 6384054109","Crafted from a black leather alternative, the Lentini Loafer slips onto the foot.This product features All Day Long technologyMaterial: Leather alternativeStyle number: 6384054109",129.00,129.00,https://kg-static-cache.s3.amazonaws.com/catalog/product/cache/thumbnail/2000x2000/6/3/6384054109_40.jpg?v=1&width=800,Women > Shoes > Flats > Loafers,WOMENS FLATS,22/09/2026,,TRUE,5020414796110,125,IN STOCK,,"3 UK, 4 UK, 5 UK, 6 UK, 7 UK, 8 UK, 9 UK",Red,,,84,TRUE,TRUE,FALSE
Carvela,6385233209,6385233209,Carvela Salvetti Slouch Boot - Tan Suede Slouch Boot,https://www.carvela.com/women/shoes/boots/knee-boots/salvetti-slouch-tan-suede-carvela-6385233209?utm_source=display&utm_medium=programmatic&utm_campaign=performance&utm_content=rtg,This Salvetti Slouch boot is crafted from a tan suede leather. The ankle features a slight ruching on as well as an Icon C pin stud at the back of the ankle.Heel height: 7cmMaterial: SuedeStyle number: 63825233209,This Salvetti Slouch boot is crafted from a tan suede leather. The ankle features a slight ruching on as well as an Icon C pin stud at the back of the ankle.Heel height: 7cmMaterial: SuedeStyle number: 63825233209,199.00,199.00,https://kg-static-cache.s3.amazonaws.com/catalog/product/cache/thumbnail/2000x2000/6/3/6385233209_40.jpg?v=1&width=800,Women > Shoes > Boots > Knee-boots,WOMENS BOOTS,22/09/2026,,TRUE,5020414798923,255,IN STOCK,,"3 UK, 4 UK, 5 UK, 6 UK, 7 UK, 8 UK, 9 UK",Tan,,,23,TRUE,TRUE,FALSE
Carvela,6386200829,6386200829,Carvela Women's Boots Black Synthetic Rometta,https://www.carvela.com/women/shoes/boots/ankle-boots/rometta-ankle-black-polyurethane-carvela-6386200829?utm_source=display&utm_medium=programmatic&utm_campaign=performance&utm_content=rtg,This Rometta Ankle boot is crafted from a black patent leather alternative. The toe is softly squares and there is a simple stitch up the front of the boot.Heel height: 7cmAn inside zip closure on the ankleStyle number: 6386200829,This Rometta Ankle boot is crafted from a black patent leather alternative. The toe is softly squares and there is a simple stitch up the front of the boot.Heel height: 7cmAn inside zip closure on the ankleStyle number: 6386200829,159.00,159.00,https://kg-static-cache.s3.amazonaws.com/catalog/product/cache/thumbnail/2000x2000/6/3/6386200829_40.jpg?v=1&width=800,Women > Shoes > Boots > Ankle-boots,WOMENS BOOTS,22/09/2026,,TRUE,5020414805485,141,IN STOCK,,"3 UK, 4 UK, 5 UK, 6 UK, 7 UK, 8 UK, 9 UK",Black,,,78,TRUE,TRUE,FALSE
Carvela,6386300829,6386300829,Carvela Women's Boots Black Synthetic Rometta High Leg,https://www.carvela.com/women/shoes/boots/knee-boots/rometta-high-leg-black-polyurethane-carvela-6386300829?utm_source=display&utm_medium=programmatic&utm_campaign=performance&utm_content=rtg,"Introducing the Rometta, a high leg boot crafted from a black leather alternative. The sleek upper is subtly accented with a zipper along the inner side of the boot. There is a small, gunmetal 'C' stud at the back of the ankle.&nbsp;Heel height: 7cmMaterial: Leather alternativeStyle number: 6386300829","Introducing the Rometta, a high leg boot crafted from a black leather alternative. The sleek upper is subtly accented with a zipper along the inner side of the boot. There is a small, gunmetal 'C' stud at the back of the ankle.&nbsp;Heel height: 7cmMaterial: Leather alternativeStyle number: 6386300829",179.00,179.00,https://kg-static-cache.s3.amazonaws.com/catalog/product/cache/thumbnail/2000x2000/6/3/6386300829_40.jpg?v=1&width=800,Women > Shoes > Boots > Knee-boots,WOMENS BOOTS,22/09/2026,,TRUE,5020414805829,137,IN STOCK,,"3 UK, 4 UK, 5 UK, 6 UK, 7 UK, 8 UK, 9 UK",Black,,,80,TRUE,TRUE,FALSE
Carvela,6386531209,6386531209,Carvela Women's Boots Dark Brown Suede Contino,https://www.carvela.com/women/shoes/boots/ankle-boots/contino-ankle-dark-brown-suede-carvela-6386531209?utm_source=display&utm_medium=programmatic&utm_campaign=performance&utm_content=rtg,"Introducing the Contino ankle boot. Sat on a block heel, this boot is crafted from a dark brown suede leather with elasticated panels on the ankle.&nbsp;Heel height: 5cmMaterial: SuedeStyle number: 6386531209","Introducing the Contino ankle boot. Sat on a block heel, this boot is crafted from a dark brown suede leather with elasticated panels on the ankle.&nbsp;Heel height: 5cmMaterial: SuedeStyle number: 6386531209",169.00,169.00,https://kg-static-cache.s3.amazonaws.com/catalog/product/cache/thumbnail/2000x2000/6/3/6386531209_40.jpg?v=1&width=800,Women > Shoes > Boots > Ankle-boots,WOMENS BOOTS,22/09/2026,,TRUE,5020414806680,193,IN STOCK,,"3 UK, 4 UK, 5 UK, 6 UK, 7 UK, 8 UK, 9 UK",Brown,,,43,TRUE,TRUE,FALSE
Carvela,6461800799,6461800799,Carvela Women's ankle boot Incanto Mid Boot Suedette Incanto,https://www.carvela.com/women/shoes/boots/ankle-boots/incanto-mid-boot-black-suedette-carvela-6461800799?utm_source=display&utm_medium=programmatic&utm_campaign=performance&utm_content=rtg,"A classic ankle boot, the Incanto Mid Boot is crafted from a black microsuede with pointed toe. The boot is sat on a high stiletto heel with curve.Heel height: 9cmInterior side zipperMaterial: MicrosuedeStyle number: 6461800799","A classic ankle boot, the Incanto Mid Boot is crafted from a black microsuede with pointed toe. The boot is sat on a high stiletto heel with curve.Heel height: 9cmInterior side zipperMaterial: MicrosuedeStyle number: 6461800799",169.00,169.00,https://kg-static-cache.s3.amazonaws.com/catalog/product/cache/thumbnail/2000x2000/6/4/6461800799_40.jpg?v=1&width=800,Women > Shoes > Boots > Ankle-boots,WOMENS BOOTS,22/09/2026,,TRUE,5020414968814,205,IN STOCK,,"3 UK, 4 UK, 5 UK, 6 UK, 7 UK, 8 UK, 9 UK",Black,,,35,TRUE,TRUE,FALSE
Carvela,6386241829,6386241829,Carvela Women's Boots Bone Synthetic Rometta,https://www.carvela.com/women/shoes/boots/ankle-boots/rometta-ankle-bone-polyurethane-carvela-6386241829?utm_source=display&utm_medium=programmatic&utm_campaign=performance&utm_content=rtg,This Rometta Ankle boot is crafted from a bone leather alternative. The toe is softly squares and there is a simple stitch up the front of the boot.Heel height: 7cmAn inside zip closure on the ankleStyle number: 6386241829,This Rometta Ankle boot is crafted from a bone leather alternative. The toe is softly squares and there is a simple stitch up the front of the boot.Heel height: 7cmAn inside zip closure on the ankleStyle number: 6386241829,159.00,159.00,https://kg-static-cache.s3.amazonaws.com/catalog/product/cache/thumbnail/2000x2000/6/3/6386241829_40.jpg?v=1&width=800,Women > Shoes > Boots > Ankle-boots,WOMENS BOOTS,22/09/2026,,TRUE,5020415025554,89,IN STOCK,,"3 UK, 4 UK, 5 UK, 6 UK, 7 UK, 8 UK, 9 UK",White,,,108,TRUE,TRUE,FALSE
Carvela,6027731209,6027731209,Carvela Women's Heel Dark Brown Suede Amelia,https://www.carvela.com/women/shoes/flats/amelia-dark-brown-suede-carvela-6027731209?utm_source=display&utm_medium=programmatic&utm_campaign=performance&utm_content=rtg,The Amelia is a sling back shoe with slightly raised heel. The upper is crafted from a soft dark brown suede leather with subtle toe panel. The strap is fastened with a small gold branded buckle.Material: SuedeStyle number: 6027731209,The Amelia is a sling back shoe with slightly raised heel. The upper is crafted from a soft dark brown suede leather with subtle toe panel. The strap is fastened with a small gold branded buckle.Material: SuedeStyle number: 6027731209,119.00,119.00,https://kg-static-cache.s3.amazonaws.com/catalog/product/cache/thumbnail/2000x2000/6/0/6027731209_40.jpg?v=1&width=800,Women > Shoes > Flats,WOMENS HEELS,22/09/2026,,TRUE,5020415117112,53,IN STOCK,,"3 UK, 4 UK, 5 UK, 8 UK, 9 UK",Brown,,,123,TRUE,TRUE,FALSE
Carvela Comfort,1052500109,1052500109,Carvela Women's Ankle Boots Heel Leather Black Mega,https://www.carvela.com/women/shoes/boots/biker-boots/mega-black-leather-carvela-comfort-1052500109?utm_source=display&utm_medium=programmatic&utm_campaign=performance&utm_content=rtg,The Mega ankle boot features a black leather upper with two elasticated panels at the ankle for comfort. There is a small tab with gunmetal Icon C stud on the ankle.Heel height: 80mmThis product features All Day Long TechnologyMaterial: LeatherStyle number: 1052541109,The Mega ankle boot features a black leather upper with two elasticated panels at the ankle for comfort. There is a small tab with gunmetal Icon C stud on the ankle.Heel height: 80mmThis product features All Day Long TechnologyMaterial: LeatherStyle number: 1052541109,189.00,189.00,https://kg-static-cache.s3.amazonaws.com/catalog/product/cache/thumbnail/2000x2000/1/0/1052500109_40.jpg?v=1&width=800,Women > Shoes > Boots > Biker-boots,WOMENS BOOTS,22/09/2026,,TRUE,5045655082747,29,IN STOCK,,"3 UK, 4 UK, 7 UK, 8 UK, 9 UK",Black,,,134,TRUE,TRUE,FALSE
Carvela,4720700609,4720700609,Carvela Women's Heels Black Synthetic Chiara,https://www.carvela.com/women/shoes/heels/kitten-heels/chiara-bow-sling-black-fabric-carvela-4720700609?utm_source=display&utm_medium=programmatic&utm_campaign=performance&utm_content=rtg,This Chiara Bow Slingback heel arrives in black with a chainmail style bow on the pointed toe. There is a small stiletto heel and slingback style ankle strap.This product features All Day Long technologyMaterial: FabricStyle number: 4720700609,This Chiara Bow Slingback heel arrives in black with a chainmail style bow on the pointed toe. There is a small stiletto heel and slingback style ankle strap.This product features All Day Long technologyMaterial: FabricStyle number: 4720700609,149.00,149.00,https://kg-static-cache.s3.amazonaws.com/catalog/product/cache/thumbnail/2000x2000/4/7/4720700609_40.jpg?v=1&width=800,Women > Shoes > Heels > Kitten-heels,WOMENS HEELS,22/09/2026,,TRUE,5045658037348,472,IN STOCK,,"3 UK, 4 UK, 5 UK, 6 UK, 7 UK, 8 UK, 9 UK",Black,,,5,TRUE,TRUE,FALSE
Carvela,3326610109,3326610109,Carvela Women's Trainers White Leather Connected,https://www.carvela.com/women/shoes/trainers/connected-zip-white-leather-carvela-3326610109?utm_source=display&utm_medium=programmatic&utm_campaign=performance&utm_content=rtg,The Connected sneaker features a leather upper in white. The front laces up with gold tone Carvela branded tab and zip detail on the eye stay.Sole height: 55mmThis product features All Day Long TechnologyMaterial: LeatherStyle number: 3326610109,The Connected sneaker features a leather upper in white. The front laces up with gold tone Carvela branded tab and zip detail on the eye stay.Sole height: 55mmThis product features All Day Long TechnologyMaterial: LeatherStyle number: 3326610109,149.00,149.00,https://kg-static-cache.s3.amazonaws.com/catalog/product/cache/thumbnail/2000x2000/3/3/3326610109_40.jpg?v=1&width=800,Women > Shoes > Trainers,WOMENS SNEAKER,22/09/2026,,TRUE,5045658209936,81,IN STOCK,,"3 UK, 5 UK, 6 UK, 7 UK, 8 UK, 9 UK",White,,,111,TRUE,TRUE,FALSE
Carvela,5234900979,5234900979,Carvela Women's Boots Black Synthetic Jackpot,https://www.carvela.com/women/shoes/boots/ankle-boots/jackpot-ankle-wide-fit-black-synthetic-carvela-5234900979?utm_source=display&utm_medium=programmatic&utm_campaign=performance&utm_content=rtg,This wide fit edition of the Jackpot Ankle boot is crafted from a black leather alternative. There is a strap around the back of the ankle with a gunmetal round stud embellished with crystals. The heel is in a statement block style.Heel height: 85mmThis product features All Day Long technologyMaterial: Leather alternativeStyle number: 5234900979,This wide fit edition of the Jackpot Ankle boot is crafted from a black leather alternative. There is a strap around the back of the ankle with a gunmetal round stud embellished with crystals. The heel is in a statement block style.Heel height: 85mmThis product features All Day Long technologyMaterial: Leather alternativeStyle number: 5234900979,159.00,159.00,https://kg-static-cache.s3.amazonaws.com/catalog/product/cache/thumbnail/2000x2000/5/2/5234900979_40.jpg?v=1&width=800,Women > Shoes > Boots > Ankle-boots,WOMENS BOOTS,22/09/2026,,TRUE,5045658849064,205,IN STOCK,,"3 UK, 4 UK, 5 UK, 7 UK, 8 UK, 9 UK",Black,,,36,TRUE,TRUE,FALSE
Carvela,5092830209,5092830209,Carvela Women's Boots Brown Suede Ignite Zip,https://www.carvela.com/women/shoes/boots/biker-boots/ignite-zip-brown-suede-carvela-5092830209?utm_source=display&utm_medium=programmatic&utm_campaign=performance&utm_content=rtg,This Ignite Zip is a heeled ankle boot crafted from a brown suede leather. There is a zip along the front of the boot and the sole is chunky in black.&nbsp;Heel height: 6cmMaterial: SuedeStyle number: 5092830209,This Ignite Zip is a heeled ankle boot crafted from a brown suede leather. There is a zip along the front of the boot and the sole is chunky in black.&nbsp;Heel height: 6cmMaterial: SuedeStyle number: 5092830209,189.00,189.00,https://kg-static-cache.s3.amazonaws.com/catalog/product/cache/thumbnail/2000x2000/5/0/5092830209_40.jpg?v=1&width=800,Women > Shoes > Boots > Biker-boots,WOMENS BOOTS,22/09/2026,,TRUE,5045658871645,327,IN STOCK,,"3 UK, 4 UK, 5 UK, 6 UK, 7 UK, 8 UK, 9 UK",Brown,,,15,TRUE,TRUE,FALSE
Carvela,5302900209,5302900209,Carvela Women's Boot Black Suede Bello,https://www.carvela.com/women/shoes/boots/flat-boots/bello-zip-ankle-black-suede-carvela-5302900209?utm_source=display&utm_medium=programmatic&utm_campaign=performance&utm_content=rtg,This Bello Zip Ankle Boot arrives in a black suede leather. The interior is lined in a soft black.Gold zipper on the outsideMaterial: SuedeStyle number: 5302900209,This Bello Zip Ankle Boot arrives in a black suede leather. The interior is lined in a soft black.Gold zipper on the outsideMaterial: SuedeStyle number: 5302900209,169.00,169.00,https://kg-static-cache.s3.amazonaws.com/catalog/product/cache/thumbnail/2000x2000/5/3/5302900209_40.jpg?v=1&width=800,Women > Shoes > Boots > Flat-boots,WOMENS FLATS,22/09/2026,,TRUE,5045658913079,114,IN STOCK,,"3 UK, 4 UK, 5 UK, 6 UK, 7 UK, 8 UK, 9 UK",Black,,,92,TRUE,TRUE,FALSE
Carvela,5337232209,5337232209,Carvela Women's Boot Brown Boot Suede Spirit,https://www.carvela.com/women/shoes/boots/knee-boots/spirit-slouch-boot-mid-brown-suede-carvela-5337232209?utm_source=display&utm_medium=programmatic&utm_campaign=performance&utm_content=rtg,This Spirit Slouch Boot is crafted from a brown suede. The ankle is ruched and reaches below the knee. The toe is pointed and the heel is in a stiletto style.Heel height: 8.5cmMaterial: SuedeStyle number: 5337232209,This Spirit Slouch Boot is crafted from a brown suede. The ankle is ruched and reaches below the knee. The toe is pointed and the heel is in a stiletto style.Heel height: 8.5cmMaterial: SuedeStyle number: 5337232209,229.00,229.00,https://kg-static-cache.s3.amazonaws.com/catalog/product/cache/thumbnail/2000x2000/5/3/5337232209_40.jpg?v=1&width=800,Women > Shoes > Boots > Knee-boots,WOMENS BOOTS,22/09/2026,,TRUE,5045658981344,329,IN STOCK,,"3 UK, 4 UK, 5 UK, 6 UK, 7 UK, 8 UK, 9 UK",Brown,,,14,TRUE,TRUE,FALSE
Carvela Comfort,5360535109,5360535109,Carvela Comfort Click Wide Fit - Dark Brown Leather Slip On Loafer,https://www.carvela.com/women/shoes/flats/loafers/click-wide-fit-dark-brown-combination-leather-carvela-comfort-5360535109?utm_source=display&utm_medium=programmatic&utm_campaign=performance&utm_content=rtg,This wide fit edition of the Click loafer features a dark brown upper in leather which slips onto the foot. The toe is finished with golden tone horsebit chain.This product features All Day Long TechnologyMaterial: LeatherStyle number: 5360535109,This wide fit edition of the Click loafer features a dark brown upper in leather which slips onto the foot. The toe is finished with golden tone horsebit chain.This product features All Day Long TechnologyMaterial: LeatherStyle number: 5360535109,149.00,149.00,https://kg-static-cache.s3.amazonaws.com/catalog/product/cache/thumbnail/2000x2000/5/3/5360535109_40.jpg?v=1&width=800,Women > Shoes > Flats > Loafers,WOMENS FLATS,22/09/2026,,TRUE,5045659038955,59,IN STOCK,,"3 UK, 4 UK, 5 UK, 5.5 UK, 6 UK, 7 UK, 8 UK, 9 UK",Dark Brown Combination,,,121,TRUE,TRUE,FALSE
Carvela,5197731609,5197731609,Carvela Women's Dark Brown Synthetic Vito,https://www.carvela.com/women/shoes/boots/knee-boots/vito-otk-dark-brown-fabric-carvela-5197731609?utm_source=display&utm_medium=programmatic&utm_campaign=performance&utm_content=rtg,This Vito Over The Knee Boot is crafted from a dark brown microsuede fabric. The toe is slightly rounded and the heel is in a block style.Heel height: 8cmThis product features All Day Long technologyMaterial: FabricStyle number: 5197731609,This Vito Over The Knee Boot is crafted from a dark brown microsuede fabric. The toe is slightly rounded and the heel is in a block style.Heel height: 8cmThis product features All Day Long technologyMaterial: FabricStyle number: 5197731609,179.00,179.00,https://kg-static-cache.s3.amazonaws.com/catalog/product/cache/thumbnail/2000x2000/5/1/5197731609_40.jpg?v=1&width=800,Women > Shoes > Boots > Knee-boots,WOMENS BOOTS,22/09/2026,,TRUE,5045659343394,145,IN STOCK,,"3 UK, 4 UK, 5 UK, 6 UK, 7 UK, 8 UK, 9 UK",Brown,,,77,TRUE,TRUE,FALSE
Carvela,5615510609,5615510609,Carvela Women's Heels Fabric Synthetic White Corletta,https://www.carvela.com/women/shoes/heels/kitten-heels/corletta-sling-court-low-white-fabric-carvela-5615510609?utm_source=display&utm_medium=programmatic&utm_campaign=performance&utm_content=rtg,This Corletta Sling Low Court heel features a statement faux pearl and crystal embellished upper with pointed toe. There is a slingback strap around the back of the ankle that is fastened with a gunmetal buckle.Heel height: 7cmMaterial: FabricStyle number: 5615510609,This Corletta Sling Low Court heel features a statement faux pearl and crystal embellished upper with pointed toe. There is a slingback strap around the back of the ankle that is fastened with a gunmetal buckle.Heel height: 7cmMaterial: FabricStyle number: 5615510609,119.00,119.00,https://kg-static-cache.s3.amazonaws.com/catalog/product/cache/thumbnail/2000x2000/5/6/5615510609_40.jpg?v=1&width=800,Women > Shoes > Heels > Kitten-heels,WOMENS HEELS,22/09/2026,,TRUE,5045659550204,504,IN STOCK,,"3 UK, 4 UK, 5 UK, 6 UK, 7 UK, 8 UK, 9 UK",White,,,4,TRUE,TRUE,FALSE
Carvela,5659700109,5659700109,Carvela Riva Ankle Boot - Black Ankle Boot,https://www.carvela.com/women/shoes/boots/ankle-boots/riva-ankle-black-leather-carvela-5659700109?utm_source=display&utm_medium=programmatic&utm_campaign=performance&utm_content=rtg,This Riva Ankle boot is crafted from a black leather. There are two elastic panels around the ankle and the heel is in a cuban style.Heel height: 5.5cmMaterial: LeatherStyle number: 5659700109,This Riva Ankle boot is crafted from a black leather. There are two elastic panels around the ankle and the heel is in a cuban style.Heel height: 5.5cmMaterial: LeatherStyle number: 5659700109,219.00,219.00,https://kg-static-cache.s3.amazonaws.com/catalog/product/cache/thumbnail/2000x2000/5/6/5659700109_40.jpg?v=1&width=800,Women > Shoes > Boots > Ankle-boots,WOMENS BOOTS,22/09/2026,,TRUE,5045659629085,44,IN STOCK,,"3 UK, 4 UK, 5 UK, 7 UK, 8 UK, 9 UK",Black,,,125,TRUE,TRUE,FALSE
Carvela,4312761979,4312761979,Carvela Women's Heels Synthetic Vinyl Positano,https://www.carvela.com/women/shoes/heels/slingback-Heels/positano-vinyl-sling-back-gold-synthetic-carvela-4312761979?utm_source=display&utm_medium=programmatic&utm_campaign=performance&utm_content=rtg,"This pair of Positano Vinyl Sling Back heels feature a clear vinyl pointed toe upper which is embellished with pearls and crystals. The ankle strap is fastened with a silver buckle.Heel height: 10cmDue to the delicate nature of these shoes, please be gentle with everyday wear and careThis product features All Day Long technologyMaterial: VinylStyle number: 4312761979","This pair of Positano Vinyl Sling Back heels feature a clear vinyl pointed toe upper which is embellished with pearls and crystals. The ankle strap is fastened with a silver buckle.Heel height: 10cmDue to the delicate nature of these shoes, please be gentle with everyday wear and careThis product features All Day Long technologyMaterial: VinylStyle number: 4312761979",149.00,149.00,https://kg-static-cache.s3.amazonaws.com/catalog/product/cache/thumbnail/2000x2000/4/3/4312761979_40.jpg?v=1&width=800,Women > Shoes > Heels > Slingback-Heels,WOMENS HEELS,22/09/2026,,TRUE,5045659801948,196,IN STOCK,,"3 UK, 5 UK, 6 UK, 7 UK, 8 UK, 9 UK",Metallic,,,41,TRUE,TRUE,FALSE
Carvela,5264148209,5264148209,Carvela Women's Boots Camel Suede Jackpot,https://www.carvela.com/women/shoes/boots/knee-boots/jackpot-slouch-knee-camel-suede-carvela-5264148209?utm_source=display&utm_medium=programmatic&utm_campaign=performance&utm_content=rtg,This pair of Jackpot slouchy knee high boots are crafted from a camel suede leather. The heel is in a block style with gold tone crystal embellished stud on the outer side of the ankle.Heel height: 8.5cmMaterial: SuedeStyle number: 5264148209,This pair of Jackpot slouchy knee high boots are crafted from a camel suede leather. The heel is in a block style with gold tone crystal embellished stud on the outer side of the ankle.Heel height: 8.5cmMaterial: SuedeStyle number: 5264148209,219.00,219.00,https://kg-static-cache.s3.amazonaws.com/catalog/product/cache/thumbnail/2000x2000/5/2/5264148209_40.jpg?v=1&width=800,Women > Shoes > Boots > Knee-boots,WOMENS BOOTS,22/09/2026,,TRUE,5045659980261,190,IN STOCK,,"3 UK, 4 UK, 5 UK, 6 UK, 7 UK, 8 UK, 9 UK",Tan,,,44,TRUE,TRUE,FALSE
Carvela,6619142609,6619142609,Carvela Women's Heels Cream Fabric Positano Lace Sling Low Heel,https://www.carvela.com/women/shoes/heels/kitten-heels/positano-lace-sling-low-2-cream-fabric-carvela-6619142609?utm_source=display&utm_medium=programmatic&utm_campaign=performance&utm_content=rtg,This Positano Lace Sling Low heel features a white mesh upper which is embroidered with flowers and beads. The ankle strap is fastened with a gold buckle.&nbsp;Heel height: 7cmThis product features All Day Long technologyMaterial: FabricStyle number: 6619142609,This Positano Lace Sling Low heel features a white mesh upper which is embroidered with flowers and beads. The ankle strap is fastened with a gold buckle.&nbsp;Heel height: 7cmThis product features All Day Long technologyMaterial: FabricStyle number: 6619142609,149.00,149.00,https://kg-static-cache.s3.amazonaws.com/catalog/product/cache/thumbnail/2000x2000/6/6/6619142609_40.jpg?v=1&width=800,Women > Shoes > Heels > Kitten-heels,WOMENS HEELS,22/09/2026,,TRUE,5045790032102,23,IN STOCK,,"6 UK, 8 UK, 9 UK",Nude,,,137,TRUE,TRUE,FALSE
Carvela,5885240309,5885240309,Carvela Women's Heels Beige Patent Isabella,https://www.carvela.com/women/shoes/heels/stiletto-heels/isabella-mule-beige-patent-carvela-5885240309?utm_source=display&utm_medium=programmatic&utm_campaign=performance&utm_content=rtg,This Isabella Mule heels arrive in a beige patent leather alternative across the toe strap. The heel is in a high stiletto style.Heel height: 10cmMaterial: Leather alternativeStyle number: 5885240309,This Isabella Mule heels arrive in a beige patent leather alternative across the toe strap. The heel is in a high stiletto style.Heel height: 10cmMaterial: Leather alternativeStyle number: 5885240309,129.00,129.00,https://kg-static-cache.s3.amazonaws.com/catalog/product/cache/thumbnail/2000x2000/5/8/5885240309_40.jpg?v=1&width=800,Women > Shoes > Heels > Stiletto-heels,WOMENS HEELS,22/09/2026,,TRUE,5020413941368,247,IN STOCK,,"3 UK, 4 UK, 5 UK, 6 UK, 7 UK, 8 UK, 9 UK",Nude,,,26,TRUE,TRUE,FALSE
Carvela,6001650209,6001650209,Carvela Women's Heels Red Suede Leather Incanto,https://www.carvela.com/women/shoes/heels/stiletto-heels/incanto-sandal-red-suede-carvela-6001650209?utm_source=display&utm_medium=programmatic&utm_campaign=performance&utm_content=rtg,This pair of Incanto Heels feature a red suede upper. There are two simple straps across the toe and ankle. The heel is in a high stiletto style.&nbsp;Heel height: 11cmThis product features All Day Long technologyMaterial: SuedeStyle number: 6001650209,This pair of Incanto Heels feature a red suede upper. There are two simple straps across the toe and ankle. The heel is in a high stiletto style.&nbsp;Heel height: 11cmThis product features All Day Long technologyMaterial: SuedeStyle number: 6001650209,129.00,129.00,https://kg-static-cache.s3.amazonaws.com/catalog/product/cache/thumbnail/2000x2000/6/0/6001650209_40.jpg?v=1&width=800,Women > Shoes > Heels > Stiletto-heels,WOMENS HEELS,22/09/2026,,TRUE,5020414220448,90,IN STOCK,,"3 UK, 4 UK, 5 UK, 6 UK, 7 UK, 8 UK, 9 UK",Red,,,107,TRUE,TRUE,FALSE
Carvela,6322000069,6322000069,Kurt Geiger Women's Heels Black Fabric Other Palmira,https://www.carvela.com/women/shoes/heels/palmira-platform-black-fabric-other-carvela-6322000069?utm_source=display&utm_medium=programmatic&utm_campaign=performance&utm_content=rtg,This Palmira Platform heel is crafted from a black fabric with black crystal embellishments across the heel. There is a gunmetal buckle fastening the ankle strap.Heel height: 9.5cmMaterial: FabricStyle number: 6322000069,This Palmira Platform heel is crafted from a black fabric with black crystal embellishments across the heel. There is a gunmetal buckle fastening the ankle strap.Heel height: 9.5cmMaterial: FabricStyle number: 6322000069,169.00,169.00,https://kg-static-cache.s3.amazonaws.com/catalog/product/cache/thumbnail/2000x2000/6/3/6322000069_40.jpg?v=1&width=800,Women > Shoes > Heels,WOMENS HEELS,22/09/2026,,TRUE,5020414712097,121,IN STOCK,,"3 UK, 4 UK, 5 UK, 6 UK, 7 UK, 8 UK, 9 UK",Black,,,87,TRUE,TRUE,FALSE
Carvela,5998100789,5998100789,Carvela Women's Trainers Black Fabric Suede Davina,https://www.carvela.com/women/shoes/trainers/divina-sneaker-black-velvet-carvela-5998100789?utm_source=display&utm_medium=programmatic&utm_campaign=performance&utm_content=rtg,This pair of Divina Trainers arrive in a black suede. There are gold branding details across the upper.Material: VelvetStyle number: 5998100789,This pair of Divina Trainers arrive in a black suede. There are gold branding details across the upper.Material: VelvetStyle number: 5998100789,149.00,149.00,https://kg-static-cache.s3.amazonaws.com/catalog/product/cache/thumbnail/2000x2000/5/9/5998100789_40.jpg?v=1&width=800,Women > Shoes > Trainers,WOMENS SNEAKER,22/09/2026,,TRUE,5020414726537,96,IN STOCK,,"3 UK, 4 UK, 5 UK, 6 UK, 7 UK, 8 UK, 9 UK",Black,,,103,TRUE,TRUE,FALSE
Carvela,5998131629,5998131629,Carvela Women's Trainers Dark Brown Fabric Suede Davina,https://www.carvela.com/women/shoes/trainers/divina-sneaker-dark-brown-fabric-suede-carvela-5998131629?utm_source=display&utm_medium=programmatic&utm_campaign=performance&utm_content=rtg,This pair of Divina Trainers arrive in a brown microsuede with bronze embellishment. There are gold branding details across the upper.Material: Fabric / SuedeStyle number: 5998131629,This pair of Divina Trainers arrive in a brown microsuede with bronze embellishment. There are gold branding details across the upper.Material: Fabric / SuedeStyle number: 5998131629,149.00,149.00,https://kg-static-cache.s3.amazonaws.com/catalog/product/cache/thumbnail/2000x2000/5/9/5998131629_40.jpg?v=1&width=800,Women > Shoes > Trainers,WOMENS SNEAKER,22/09/2026,,TRUE,5020414726681,120,IN STOCK,,"3 UK, 4 UK, 5 UK, 6 UK, 7 UK, 8 UK, 9 UK",Brown,,,88,TRUE,TRUE,FALSE
Carvela,5569171069,5569171069,Carvela Women's clutch Bag Dark Green Fabric Other Cecilia,https://www.carvela.com/women/bags/clutch-bags/cecilia-hard-clutch-dark-green-fabric-other-carvela-5569171069?utm_source=display&utm_medium=programmatic&utm_campaign=performance&utm_content=rtg,"This Cecilia Hard Clutch Bag is a structured clutch bag with gold trim crafted from a green satin fabric that is embellished with green crystals. There is a crystal embellished clasp closure on the top.10cm (H), 18cm (L), 4cm (D)Strap length: 120cmGold chain cross body strapMaterial: FabricStyle number: 5569171069","This Cecilia Hard Clutch Bag is a structured clutch bag with gold trim crafted from a green satin fabric that is embellished with green crystals. There is a crystal embellished clasp closure on the top.10cm (H), 18cm (L), 4cm (D)Strap length: 120cmGold chain cross body strapMaterial: FabricStyle number: 5569171069",119.00,119.00,https://kg-static-cache.s3.amazonaws.com/catalog/product/cache/thumbnail/2000x2000/5/5/5569171069_40.jpg?v=1&width=800,Women > Bags > Clutch-bags,WOMEN BAGS,22/09/2026,,TRUE,5020414729491,58,IN STOCK,,No Size,Green,,,122,TRUE,TRUE,FALSE
Carvela,6385033209,6385033209,Carvela Salvetti Ankle -,https://www.carvela.com/women/shoes/boots/ankle-boots/salvetti-ankle-tan-suede-carvela-6385033209?utm_source=display&utm_medium=programmatic&utm_campaign=performance&utm_content=rtg,"Sat on a cuban heel, the Salvetti Ankle boot features a tan suede leather upper with stitching details. There is a zipper on the inner side of the ankle. Heel height: 7cmMaterial: SuedeStyle number: 6385033209","Sat on a cuban heel, the Salvetti Ankle boot features a tan suede leather upper with stitching details. There is a zipper on the inner side of the ankle. Heel height: 7cmMaterial: SuedeStyle number: 6385033209",169.00,169.00,https://kg-static-cache.s3.amazonaws.com/catalog/product/cache/thumbnail/2000x2000/6/3/6385033209_40.jpg?v=1&width=800,Women > Shoes > Boots > Ankle-boots,WOMENS BOOTS,22/09/2026,,TRUE,5020414798367,182,IN STOCK,,"3 UK, 4 UK, 5 UK, 6 UK, 7 UK, 8 UK, 9 UK",Tan,,,53,TRUE,TRUE,FALSE
Carvela,6385131209,6385131209,Carvela Women's boots Dark Brown Suede Salvetti,https://www.carvela.com/women/shoes/boots/ankle-boots/salvetti-zip-ankle-dark-brown-suede-carvela-6385131209?utm_source=display&utm_medium=programmatic&utm_campaign=performance&utm_content=rtg,This Salvetti Zip Ankle boot features a dark brown suede upper with statement gunmetal zipper on the outer side of the ankle. This ankle boot is sat on a black cuban heel.Heel height: 7cmStyle number: 6385131209,This Salvetti Zip Ankle boot features a dark brown suede upper with statement gunmetal zipper on the outer side of the ankle. This ankle boot is sat on a black cuban heel.Heel height: 7cmStyle number: 6385131209,169.00,169.00,https://kg-static-cache.s3.amazonaws.com/catalog/product/cache/thumbnail/2000x2000/6/3/6385131209_40.jpg?v=1&width=800,Women > Shoes > Boots > Ankle-boots,WOMENS BOOTS,22/09/2026,,TRUE,5020414798602,215,IN STOCK,,"3 UK, 4 UK, 5 UK, 6 UK, 7 UK, 8 UK, 9 UK",Brown,,,32,TRUE,TRUE,FALSE
Carvela,5895960609,5895960609,Carvela Women's Heels Bronze Fabric Caramella Court,https://www.carvela.com/women/shoes/heels/slingback-Heels/caramella-sling-court-bronze-fabric-carvela-5895960609?utm_source=display&utm_medium=programmatic&utm_campaign=performance&utm_content=rtg,The Caramella Sling Court heel is crafted from a tonal brown printed satin fabric that is completely embellished with crystals. There is a small gold buckle fastening the slingback strap.Heel height: 10cmMatching printed footbed with All Day Long technologyMaterial: FabricStyle number: 5895960609,The Caramella Sling Court heel is crafted from a tonal brown printed satin fabric that is completely embellished with crystals. There is a small gold buckle fastening the slingback strap.Heel height: 10cmMatching printed footbed with All Day Long technologyMaterial: FabricStyle number: 5895960609,129.00,129.00,https://kg-static-cache.s3.amazonaws.com/catalog/product/cache/thumbnail/2000x2000/5/8/5895960609_40.jpg?v=1&width=800,Women > Shoes > Heels > Slingback-Heels,WOMENS HEELS,22/09/2026,,TRUE,5020414823359,118,IN STOCK,,"3 UK, 4 UK, 5 UK, 6 UK, 7 UK, 8 UK, 9 UK",Metallic,,,89,TRUE,TRUE,FALSE
Carvela,6027730209,6027730209,Carvela Amelia Sling Back  -,https://www.carvela.com/women/shoes/flats/amelia-brown-suede-carvela-6027730209?utm_source=display&utm_medium=programmatic&utm_campaign=performance&utm_content=rtg,The Amelia is a sling back shoe with slightly raised heel. The upper is crafted from a soft brown suede leather with subtle toe panel. The strap is fastened with a small gold branded buckle.Material: SuedeStyle number: 6027730209,The Amelia is a sling back shoe with slightly raised heel. The upper is crafted from a soft brown suede leather with subtle toe panel. The strap is fastened with a small gold branded buckle.Material: SuedeStyle number: 6027730209,119.00,119.00,https://kg-static-cache.s3.amazonaws.com/catalog/product/cache/thumbnail/2000x2000/6/0/6027730209_40.jpg?v=1&width=800,Women > Shoes > Flats,WOMENS FLATS,22/09/2026,,TRUE,5020415116962,79,IN STOCK,,"3 UK, 4 UK, 5 UK, 6 UK, 7 UK, 8 UK, 9 UK",Brown,,,113,TRUE,TRUE,FALSE
Carvela Comfort,0976600609,0976600609,Carvela Women's Boot Black Fabric Flute Shoe Boot,https://www.carvela.com/women/shoes/boots/ankle-boots/flute-shoe-boot-black-fabric-carvela-comfort-0976600609?utm_source=display&utm_medium=programmatic&utm_campaign=performance&utm_content=rtg,The Flute Boot has a black microsuede upper with pointed toe and curved ankle. There is a small tab at the back of the ankle with micro Icon C stud.Heel height: 70mmGold Icon C on the outsoleMaterial: MicrosuedeStyle number: 0976600609,The Flute Boot has a black microsuede upper with pointed toe and curved ankle. There is a small tab at the back of the ankle with micro Icon C stud.Heel height: 70mmGold Icon C on the outsoleMaterial: MicrosuedeStyle number: 0976600609,149.00,149.00,https://kg-static-cache.s3.amazonaws.com/catalog/product/cache/thumbnail/2000x2000/0/9/0976600609_40.jpg?v=1&width=800,Women > Shoes > Boots > Ankle-boots,WOMENS BOOTS,22/09/2026,,TRUE,5045655044486,37,IN STOCK,,"3 UK, 4 UK, 5 UK, 7 UK, 8 UK",Black,,,131,TRUE,TRUE,FALSE
Carvela,4529200609,4529200609,Carvela Women's Court Heel Black Fabric Carlotta,https://www.carvela.com/women/shoes/heels/CourtHeels/corletta-court-black-fabric-carvela-4529200609?utm_source=display&utm_medium=programmatic&utm_campaign=performance&utm_content=rtg,This Corletta Court is a black microsuede heel with pointed toe. There is a small gold Icon C stud at the back of the heel.Heel height: 9cmMaterial: FabricStyle number: 4529200609,This Corletta Court is a black microsuede heel with pointed toe. There is a small gold Icon C stud at the back of the heel.Heel height: 9cmMaterial: FabricStyle number: 4529200609,119.00,119.00,https://kg-static-cache.s3.amazonaws.com/catalog/product/cache/thumbnail/2000x2000/4/5/4529200609_40.jpg?v=1&width=800,Women > Shoes > Heels > Court Heels,WOMENS HEELS,22/09/2026,,TRUE,5045657805252,304,IN STOCK,,"3 UK, 4 UK, 5 UK, 6 UK, 7 UK, 8 UK, 9 UK",Black,,,17,TRUE,TRUE,FALSE
Carvela,4876747209,4876747209,Carvela Women's Heels Taupe Suede Leather Spirited,https://www.carvela.com/women/shoes/heels/kitten-heels/spirited-taupe-suede-carvela-4876747209?utm_source=display&utm_medium=programmatic&utm_campaign=performance&utm_content=rtg,This Spirited Heel is crafted from a taupe brown suede leather. The toe is pointed and the ankle strap is in a slingback style.Heel height: 8.5cmMaterial: SuedeStyle number: 4876747209,This Spirited Heel is crafted from a taupe brown suede leather. The toe is pointed and the ankle strap is in a slingback style.Heel height: 8.5cmMaterial: SuedeStyle number: 4876747209,129.00,129.00,https://kg-static-cache.s3.amazonaws.com/catalog/product/cache/thumbnail/2000x2000/4/8/4876747209_40.jpg?v=1&width=800,Women > Shoes > Heels > Kitten-heels,WOMENS HEELS,22/09/2026,,TRUE,5045658283134,97,IN STOCK,,"3 UK, 7 UK, 8 UK, 9 UK",Taupe,,,102,TRUE,TRUE,FALSE
Carvela,4012503979,4012503979,Carvela Women's Heel Tortoiseshell Synthetic Spirit,https://www.carvela.com/women/shoes/heels/kitten-heels/spirit-sling-black-brown-synthetic-carvela-4012503979?utm_source=display&utm_medium=programmatic&utm_campaign=performance&utm_content=rtg,This Spirit Sling heel features a tortoiseshell patent sleek pointed toe and a slingback ankle strap. The heel is in a stiletto style.Heel height: 8.5cmMaterial: PatentStyle number: 4012503979,This Spirit Sling heel features a tortoiseshell patent sleek pointed toe and a slingback ankle strap. The heel is in a stiletto style.Heel height: 8.5cmMaterial: PatentStyle number: 4012503979,119.00,119.00,https://kg-static-cache.s3.amazonaws.com/catalog/product/cache/thumbnail/2000x2000/4/0/4012503979_40.jpg?v=1&width=800,Women > Shoes > Heels > Kitten-heels,WOMENS HEELS,22/09/2026,,TRUE,5045658558263,184,IN STOCK,,"3 UK, 4 UK, 5 UK, 6 UK, 7 UK, 8 UK, 9 UK",Black,,,51,TRUE,TRUE,FALSE
Carvela,5010300309,5010300309,Carvela Viola Heel -,https://www.carvela.com/women/shoes/heels/stiletto-heels/viola-black-patent-carvela-5010300309?utm_source=display&utm_medium=programmatic&utm_campaign=performance&utm_content=rtg,The Viola is a black satin high heel. There are multiple curved straps across the foot that are fastened with a crystal embellished buckle around the ankle.Heel height: 10.5cmThis product features All Day Long technologyMaterial: SatinStyle number: 5010300309,The Viola is a black satin high heel. There are multiple curved straps across the foot that are fastened with a crystal embellished buckle around the ankle.Heel height: 10.5cmThis product features All Day Long technologyMaterial: SatinStyle number: 5010300309,129.00,129.00,https://kg-static-cache.s3.amazonaws.com/catalog/product/cache/thumbnail/2000x2000/5/0/5010300309_40.jpg?v=1&width=800,Women > Shoes > Heels > Stiletto-heels,WOMENS HEELS,22/09/2026,,TRUE,5045658559659,107,IN STOCK,,"3 UK, 4 UK, 5 UK, 6 UK, 7 UK, 8 UK, 9 UK",Black,,,99,TRUE,TRUE,FALSE
Carvela,1859600209,1859600209,Carvela Connected Zip Trainer - Black Suede Lace Up Trainers,https://www.carvela.com/women/shoes/trainers/connected-zip-black-suede-carvela-1859600209?utm_source=display&utm_medium=programmatic&utm_campaign=performance&utm_content=rtg,The Connected Zip sneaker features a leather upper in black with suede panels. The front laces up with gold tone Carvela branded tab and zip detail on the eye stay.Sole height: 55mmThis product features All Day Long TechnologyMaterial: Suede LeatherStyle number: 1859600209,The Connected Zip sneaker features a leather upper in black with suede panels. The front laces up with gold tone Carvela branded tab and zip detail on the eye stay.Sole height: 55mmThis product features All Day Long TechnologyMaterial: Suede LeatherStyle number: 1859600209,149.00,149.00,https://kg-static-cache.s3.amazonaws.com/catalog/product/cache/thumbnail/2000x2000/1/8/1859600209_40.jpg?v=1&width=800,Women > Shoes > Trainers,WOMENS SNEAKER,22/09/2026,,TRUE,5045658811887,104,IN STOCK,,"3 UK, 4 UK, 5 UK, 6 UK, 7 UK, 8 UK, 9 UK",Black,,,100,TRUE,TRUE,FALSE
Carvela,5264100209,5264100209,Carvela Women's Boots Black Suede Jackpot,https://www.carvela.com/women/shoes/boots/knee-boots/jackpot-slouch-knee-black-suede-carvela-5264100209?utm_source=display&utm_medium=programmatic&utm_campaign=performance&utm_content=rtg,This knee-high Jackpot Slouch boot features a black suede upper with a simple strap around the ankle accented with a gold tone coin. The shaft has a slouched appearance.&nbsp;Heel height: 8.5cmMaterial: Suede&nbsp;Style number: 526100209,This knee-high Jackpot Slouch boot features a black suede upper with a simple strap around the ankle accented with a gold tone coin. The shaft has a slouched appearance.&nbsp;Heel height: 8.5cmMaterial: Suede&nbsp;Style number: 526100209,219.00,219.00,https://kg-static-cache.s3.amazonaws.com/catalog/product/cache/thumbnail/2000x2000/5/2/5264100209_40.jpg?v=1&width=800,Women > Shoes > Boots > Knee-boots,WOMENS BOOTS,22/09/2026,,TRUE,5045658861189,654,IN STOCK,,"3 UK, 4 UK, 5 UK, 6 UK, 7 UK, 8 UK, 9 UK",Black,,,2,TRUE,TRUE,FALSE
Carvela,5264132209,5264132209,Carvela Women's Boots Mid Brown Suede Jackpot,https://www.carvela.com/women/shoes/boots/knee-boots/jackpot-slouch-knee-mid-brown-suede-carvela-5264132209?utm_source=display&utm_medium=programmatic&utm_campaign=performance&utm_content=rtg,This knee-high Jackpot Slouch boot features a mid brown suede upper with a simple strap around the ankle accented with a gold tone coin. The shaft has a slouched appearance.&nbsp;Heel height: 8.5cmMaterial: Suede&nbsp;Style number: 5264132209,This knee-high Jackpot Slouch boot features a mid brown suede upper with a simple strap around the ankle accented with a gold tone coin. The shaft has a slouched appearance.&nbsp;Heel height: 8.5cmMaterial: Suede&nbsp;Style number: 5264132209,219.00,219.00,https://kg-static-cache.s3.amazonaws.com/catalog/product/cache/thumbnail/2000x2000/5/2/5264132209_40.jpg?v=1&width=800,Women > Shoes > Boots > Knee-boots,WOMENS BOOTS,22/09/2026,,TRUE,5045659007623,672,IN STOCK,,"3 UK, 4 UK, 5 UK, 6 UK, 7 UK, 8 UK, 9 UK",Brown,,,1,TRUE,TRUE,FALSE
Carvela Comfort,5360509109,5360509109,Carvela Women's Flats Black Other Leather Click Wide Fit,https://www.carvela.com/women/shoes/flats/loafers/click-wide-fit-black-other-leather-carvela-comfort-5360509109?utm_source=display&utm_medium=programmatic&utm_campaign=performance&utm_content=rtg,This wide fit edition of the Click loafer features a black upper in leather which slips onto the foot. The toe is finished with golden tone horsebit chain.This product features All Day Long TechnologyMaterial: LeatherStyle number: 5360509109,This wide fit edition of the Click loafer features a black upper in leather which slips onto the foot. The toe is finished with golden tone horsebit chain.This product features All Day Long TechnologyMaterial: LeatherStyle number: 5360509109,149.00,149.00,https://kg-static-cache.s3.amazonaws.com/catalog/product/cache/thumbnail/2000x2000/5/3/5360509109_40.jpg?v=1&width=800,Women > Shoes > Flats > Loafers,WOMENS SANDALS,22/09/2026,,TRUE,5045659038689,39,IN STOCK,,"3 UK, 4 UK, 5 UK, 6 UK, 8 UK, 9 UK",Black Other,,,129,TRUE,TRUE,FALSE
Carvela,5539710759,5539710759,Carvela Lucia Sling Back Heel - White Satin Slingback Heel,https://www.carvela.com/women/shoes/heels/slingback-Heels/lucia-sling-white-satin-carvela-5539710759?utm_source=display&utm_medium=programmatic&utm_campaign=performance&utm_content=rtg,This Lucia Sling heel is crafted from a white satin fabric with pointed toe and slingback strap. There is a statement beaded tassel detail on the toe.Heel height: 10cmMaterial: SatinStyle number: 5539710759,This Lucia Sling heel is crafted from a white satin fabric with pointed toe and slingback strap. There is a statement beaded tassel detail on the toe.Heel height: 10cmMaterial: SatinStyle number: 5539710759,159.00,159.00,https://kg-static-cache.s3.amazonaws.com/catalog/product/cache/thumbnail/2000x2000/5/5/5539710759_40.jpg?v=1&width=800,Women > Shoes > Heels > Slingback-Heels,WOMENS HEELS,22/09/2026,,TRUE,5045659390183,171,IN STOCK,,"4 UK, 5 UK, 6 UK, 7 UK, 8 UK, 9 UK",White,,,60,TRUE,TRUE,FALSE
Carvela,5548410759,5548410759,Kurt Geiger Women's Heels Satin Bone Synthetic Angelica,https://www.carvela.com/women/shoes/heels/stiletto-heels/angelica-sandal-white-satin-carvela-5548410759?utm_source=display&utm_medium=programmatic&utm_campaign=performance&utm_content=rtg,This pair of Angelica Sandal is crafted from a bone satin fabric with three thin straps across the foot that are embellished with pearls and crystals.&nbsp;Heel height: 10cmThis product features All Day Long technologyMaterial: SatinStyle number: 5548410759,This pair of Angelica Sandal is crafted from a bone satin fabric with three thin straps across the foot that are embellished with pearls and crystals.&nbsp;Heel height: 10cmThis product features All Day Long technologyMaterial: SatinStyle number: 5548410759,159.00,159.00,https://kg-static-cache.s3.amazonaws.com/catalog/product/cache/thumbnail/2000x2000/5/5/5548410759_40.jpg?v=1&width=800,Women > Shoes > Heels > Stiletto-heels,WOMENS HEELS,22/09/2026,,TRUE,5045659404774,185,IN STOCK,,"3 UK, 4 UK, 5 UK, 6 UK, 7 UK, 8 UK, 9 UK",White,,,50,TRUE,TRUE,FALSE
Carvela,5590461979,5590461979,Carvela Women's Heels Wedge Gold Synthetic Marina,https://www.carvela.com/women/shoes/heels/marina-low-wedge-gold-synthetic-carvela-5590461979?utm_source=display&utm_medium=programmatic&utm_campaign=performance&utm_content=rtg,This Marina Low Wedge heel arrives in a metallic gold raffia style fabric. There is a simple gold braided strap which wraps around the ankle and a crystal embellished starfish on the toe strap.Heel height: 7.5cmMaterial: FabricStyle number: 5590461979,This Marina Low Wedge heel arrives in a metallic gold raffia style fabric. There is a simple gold braided strap which wraps around the ankle and a crystal embellished starfish on the toe strap.Heel height: 7.5cmMaterial: FabricStyle number: 5590461979,159.00,159.00,https://kg-static-cache.s3.amazonaws.com/catalog/product/cache/thumbnail/2000x2000/5/5/5590461979_40.jpg?v=1&width=800,Women > Shoes > Heels,WOMENS HEELS,22/09/2026,,TRUE,5045659480839,36,IN STOCK,,"3 UK, 4 UK, 8 UK, 9 UK",Metallic,,,132,TRUE,TRUE,FALSE
Carvela,5594766449,5594766449,Carvela Women's Tote Bag Gold Combination Marina Starfish,https://www.carvela.com/women/bags/shoulder-bags/marina-starfish-tote-gold-combination-raffia-carvela-5594766449?utm_source=display&utm_medium=programmatic&utm_campaign=performance&utm_content=rtg,"This Marina Starfish Tote Bag is crafted from a metallic gold raffia fabric which is embellished with crystal starfish on the front.28cm (H), 29cm (L), 10cm (D)Strap length: 54cmInterior zip lining pocketCan fit laptops up to 14inchesMaterial: RaffiaStyle number: 5594766449","This Marina Starfish Tote Bag is crafted from a metallic gold raffia fabric which is embellished with crystal starfish on the front.28cm (H), 29cm (L), 10cm (D)Strap length: 54cmInterior zip lining pocketCan fit laptops up to 14inchesMaterial: RaffiaStyle number: 5594766449",139.00,139.00,https://kg-static-cache.s3.amazonaws.com/catalog/product/cache/thumbnail/2000x2000/5/5/5594766449_40.jpg?v=1&width=800,Women > Bags > Shoulder-bags,WOMEN BAGS,22/09/2026,,TRUE,5045659487944,16,IN STOCK,,No Size,Metallic,,,140,TRUE,TRUE,FALSE
Carvela,5736330209,5736330209,Carvela Women's Heels Dark Brown Suede Sorrento,https://www.carvela.com/women/shoes/sandals/wedges/sorrento-scarf-wedge-brown-suede-carvela-5736330209?utm_source=display&utm_medium=programmatic&utm_campaign=performance&utm_content=rtg,This Sorrento Scarf Wedge heel arrives with a dark brown suede upper with animal print scarf detail across the straps. The high wedge heel is in a dark brown raffia.Heel height: 11cmMaterial: SyntheticStyle number: 5736330209,This Sorrento Scarf Wedge heel arrives with a dark brown suede upper with animal print scarf detail across the straps. The high wedge heel is in a dark brown raffia.Heel height: 11cmMaterial: SyntheticStyle number: 5736330209,159.00,159.00,https://kg-static-cache.s3.amazonaws.com/catalog/product/cache/thumbnail/2000x2000/5/7/5736330209_40.jpg?v=1&width=800,Women > Shoes > Sandals > Wedges,WOMENS SANDALS,22/09/2026,,TRUE,5045659767282,472,IN STOCK,,"4 UK, 5 UK, 6 UK, 7 UK, 8 UK, 9 UK",Brown,,,6,TRUE,TRUE,FALSE
Carvela,6022600309,6022600309,Carvela Women's Heels Black Patent Armonia Sling,https://www.carvela.com/women/shoes/heels/slingback-Heels/armonia-sling-black-patent-carvela-6022600309?utm_source=display&utm_medium=programmatic&utm_campaign=performance&utm_content=rtg,This pair of Armonia Sling heels are crafted from a black patent leather alternative with closed pointed toe. The ankle is fastened by a small gold buckle and the heel is in a block style.Heel height: 4cmThis product features All Day Long technologyMaterial: Patent leather alternativeStyle number: 6022600309,This pair of Armonia Sling heels are crafted from a black patent leather alternative with closed pointed toe. The ankle is fastened by a small gold buckle and the heel is in a block style.Heel height: 4cmThis product features All Day Long technologyMaterial: Patent leather alternativeStyle number: 6022600309,119.00,119.00,https://kg-static-cache.s3.amazonaws.com/catalog/product/cache/thumbnail/2000x2000/6/0/6022600309_40.jpg?v=1&width=800,Women > Shoes > Heels > Slingback-Heels,WOMENS HEELS,22/09/2026,,TRUE,5020414278456,122,IN STOCK,,"3 UK, 4 UK, 5 UK, 6 UK, 7 UK, 8 UK, 9 UK",Black,,,86,TRUE,TRUE,FALSE
Carvela,6034900609,6034900609,Carvela Corletta Court -,https://www.carvela.com/women/shoes/heels/stiletto-heels/corletta-court-black-fabric-carvela-6034900609?utm_source=display&utm_medium=programmatic&utm_campaign=performance&utm_content=rtg,This Corletta Court is a black suede heel with pointed toe. There is a small gold Icon C stud at the back of the heel.Heel height: 9cmMaterial: SyntheticStyle number: 6034900609,This Corletta Court is a black suede heel with pointed toe. There is a small gold Icon C stud at the back of the heel.Heel height: 9cmMaterial: SyntheticStyle number: 6034900609,129.00,129.00,https://kg-static-cache.s3.amazonaws.com/catalog/product/cache/thumbnail/2000x2000/6/0/6034900609_40.jpg?v=1&width=800,Women > Shoes > Heels > Stiletto-heels,,22/09/2026,,TRUE,5020414305015,64,IN STOCK,,"4 UK, 5 UK, 6 UK, 7 UK, 8 UK, 9 UK",Black,,,119,TRUE,TRUE,FALSE
Carvela,6035131029,6035131029,Carvela Women's Trainers Dark Brown Suede Other Altezza,https://www.carvela.com/women/shoes/trainers/altezza-sneaker-dark-brown-suede-other-carvela-6035131029?utm_source=display&utm_medium=programmatic&utm_campaign=performance&utm_content=rtg,This pair of Altezza Trainers feature a dark brown suede and leather upper which laces up the front. There is a gold zip detail on the outer side of the shoe matching the Icon C stud at the back of the heel.&nbsp;Heel height: 8.5cmMaterial: Suede&nbsp;Style number: 6035131029,This pair of Altezza Trainers feature a dark brown suede and leather upper which laces up the front. There is a gold zip detail on the outer side of the shoe matching the Icon C stud at the back of the heel.&nbsp;Heel height: 8.5cmMaterial: Suede&nbsp;Style number: 6035131029,159.00,159.00,https://kg-static-cache.s3.amazonaws.com/catalog/product/cache/thumbnail/2000x2000/6/0/6035131029_40.jpg?v=1&width=800,Women > Shoes > Trainers,WOMENS SNEAKER,22/09/2026,,TRUE,5020414305596,169,IN STOCK,,"3 UK, 4 UK, 5 UK, 6 UK, 7 UK, 8 UK, 9 UK",Brown,,,63,TRUE,TRUE,FALSE
Carvela,6234431029,6234431029,Carvela Women's Heels Dark Brown Suede Other Lumera,https://www.carvela.com/women/shoes/heels/slingback-Heels/lumera-sling-court-dark-brown-suede-other-carvela-6234431029?utm_source=display&utm_medium=programmatic&utm_campaign=performance&utm_content=rtg,"Sitting on a high stiletto heel, this pair of Lumera slingback court heels feature a dark brown suede upper with mesh panels. The toe is fashionably pointed with a bronze crystal detail. The slingback strap is fastened with a small brown buckle.Heel height: 9cmThis product features All Day Long technologyMaterial: SuedeStyle number: 6234431029","Sitting on a high stiletto heel, this pair of Lumera slingback court heels feature a dark brown suede upper with mesh panels. The toe is fashionably pointed with a bronze crystal detail. The slingback strap is fastened with a small brown buckle.Heel height: 9cmThis product features All Day Long technologyMaterial: SuedeStyle number: 6234431029",159.00,159.00,https://kg-static-cache.s3.amazonaws.com/catalog/product/cache/thumbnail/2000x2000/6/2/6234431029_40.jpg?v=1&width=800,Women > Shoes > Heels > Slingback-Heels,WOMENS HEELS,22/09/2026,,TRUE,5020414548511,190,IN STOCK,,"3 UK, 4 UK, 5 UK, 6 UK, 7 UK, 8 UK, 9 UK",Brown,,,45,TRUE,TRUE,FALSE
Carvela,5539751609,5539751609,Carvela Lucia Sling Back Heel - Dark Red Mesh Suede Slingback Heel,https://www.carvela.com/women/shoes/heels/slingback-Heels/lucia-sling-red-dark-fabric-carvela-5539751609?utm_source=display&utm_medium=programmatic&utm_campaign=performance&utm_content=rtg,The Lucia Slingback heel features a dark red mesh upper with microsuede trims. The toe is finished with a crystal tassel.&nbsp;Heel height: 10cmThe product features All Day Long technologyMaterial: FabricStyle number: 5539751609,The Lucia Slingback heel features a dark red mesh upper with microsuede trims. The toe is finished with a crystal tassel.&nbsp;Heel height: 10cmThe product features All Day Long technologyMaterial: FabricStyle number: 5539751609,159.00,159.00,https://kg-static-cache.s3.amazonaws.com/catalog/product/cache/thumbnail/2000x2000/5/5/5539751609_40.jpg?v=1&width=800,Women > Shoes > Heels > Slingback-Heels,WOMENS HEELS,22/09/2026,,TRUE,5020414548856,169,IN STOCK,,"3 UK, 4 UK, 5 UK, 6 UK, 7 UK, 8 UK, 9 UK",Red,,,64,TRUE,TRUE,FALSE
Carvela,6322900799,6322900799,Carvela Women's Boots Black Suedette Spirit Ankle Boot,https://www.carvela.com/women/shoes/boots/ankle-boots/spirit-60-ankle-black-suedette-carvela-6322900799?utm_source=display&utm_medium=programmatic&utm_campaign=performance&utm_content=rtg,This Spirit Ankle boot arrives in a soft black microsuede fabric with pointed toe. The boot is sat on a kitten heel.&nbsp;Heel height: 6cmMaterial: MicrosuedeStyle number: 6322900799,This Spirit Ankle boot arrives in a soft black microsuede fabric with pointed toe. The boot is sat on a kitten heel.&nbsp;Heel height: 6cmMaterial: MicrosuedeStyle number: 6322900799,159.00,159.00,https://kg-static-cache.s3.amazonaws.com/catalog/product/cache/thumbnail/2000x2000/6/3/6322900799_40.jpg?v=1&width=800,Women > Shoes > Boots > Ankle-boots,WOMENS BOOTS,22/09/2026,,TRUE,5020414713728,255,IN STOCK,,"3 UK, 4 UK, 5 UK, 6 UK, 7 UK, 8 UK, 9 UK",Black,,,24,TRUE,TRUE,FALSE
Carvela,6322930799,6322930799,Carvela Spirit 60 Ankle -,https://www.carvela.com/women/shoes/boots/ankle-boots/spirit-60-ankle-brown-suedette-carvela-6322930799?utm_source=display&utm_medium=programmatic&utm_campaign=performance&utm_content=rtg,This Spirit Ankle boot arrives in a soft brown microsuede fabric with pointed toe. The boot is sat on a kitten heel.&nbsp;Heel height: 6cmMaterial: MicrosuedeStyle number: 6322930799,This Spirit Ankle boot arrives in a soft brown microsuede fabric with pointed toe. The boot is sat on a kitten heel.&nbsp;Heel height: 6cmMaterial: MicrosuedeStyle number: 6322930799,159.00,159.00,https://kg-static-cache.s3.amazonaws.com/catalog/product/cache/thumbnail/2000x2000/6/3/6322930799_40.jpg?v=1&width=800,Women > Shoes > Boots > Ankle-boots,WOMENS BOOTS,22/09/2026,,TRUE,5020414713919,326,IN STOCK,,"3 UK, 4 UK, 5 UK, 6 UK, 7 UK, 8 UK, 9 UK",Brown,,,16,TRUE,TRUE,FALSE
Carvela,6386139109,6386139109,Carvela Women's Loafers Brown Other Leather Click2,https://www.carvela.com/women/shoes/flats/loafers/click2-brown-other-leather-carvela-6386139109?utm_source=display&utm_medium=programmatic&utm_campaign=performance&utm_content=rtg,The Click2 loafer slips onto the foot crafted from a leopard printed calfhair leather. The toe is finished with golden tone horsebit chain.This product features All Day Long TechnologyMaterial: LeatherStyle number: 6386139109,The Click2 loafer slips onto the foot crafted from a leopard printed calfhair leather. The toe is finished with golden tone horsebit chain.This product features All Day Long TechnologyMaterial: LeatherStyle number: 6386139109,149.00,149.00,https://kg-static-cache.s3.amazonaws.com/catalog/product/cache/thumbnail/2000x2000/6/3/6386139109_40.jpg?v=1&width=800,Women > Shoes > Flats > Loafers,WOMENS FLATS,22/09/2026,,TRUE,5020414805393,205,IN STOCK,,"3 UK, 4 UK, 5 UK, 6 UK, 7 UK, 8 UK, 9 UK",Brown Other,,,37,TRUE,TRUE,FALSE
Carvela,6386330829,6386330829,Carvela Women's Ankle Boot Brown Synthetic Rometta,https://www.carvela.com/women/shoes/boots/knee-boots/rometta-high-leg-brown-polyurethane-carvela-6386330829?utm_source=display&utm_medium=programmatic&utm_campaign=performance&utm_content=rtg,"Introducing the Rometta, a high leg boot crafted from a brown leather alternative. The sleek upper is subtly accented with a zipper along the inner side of the boot. There is a small, gold 'C' stud at the back of the ankle.&nbsp;Heel height: 7cmMaterial: Leather alternativeStyle number: 6386330829","Introducing the Rometta, a high leg boot crafted from a brown leather alternative. The sleek upper is subtly accented with a zipper along the inner side of the boot. There is a small, gold 'C' stud at the back of the ankle.&nbsp;Heel height: 7cmMaterial: Leather alternativeStyle number: 6386330829",179.00,179.00,https://kg-static-cache.s3.amazonaws.com/catalog/product/cache/thumbnail/2000x2000/6/3/6386330829_40.jpg?v=1&width=800,Women > Shoes > Boots > Knee-boots,WOMENS BOOTS,22/09/2026,,TRUE,5020414806048,123,IN STOCK,,"3 UK, 4 UK, 5 UK, 6 UK, 7 UK, 8 UK, 9 UK",Brown,,,85,TRUE,TRUE,FALSE
Carvela,9993354319,9993354319,Carvela Women's Loafers Wine Patent Leather Snap,https://www.carvela.com/women/shoes/flats/loafers/snap-wine-patent-leather-carvela-9993354319?utm_source=display&utm_medium=programmatic&utm_campaign=performance&utm_content=rtg,This pair of Snap loafers are crafted from a wine patent leather. There is a gold horsebit chain across the vamp of the shoe matching the small gold Icoc C stud on the outer side.Material: LeatherStyle number: 9993354319,This pair of Snap loafers are crafted from a wine patent leather. There is a gold horsebit chain across the vamp of the shoe matching the small gold Icoc C stud on the outer side.Material: LeatherStyle number: 9993354319,149.00,149.00,https://kg-static-cache.s3.amazonaws.com/catalog/product/cache/thumbnail/2000x2000/9/9/9993354319_40.jpg?v=1&width=800,Women > Shoes > Flats > Loafers,WOMENS FLATS,22/09/2026,,TRUE,5020414872562,186,IN STOCK,,"3 UK, 4 UK, 5 UK, 6 UK, 7 UK, 8 UK, 9 UK",Red,,,48,TRUE,TRUE,FALSE
Carvela,5993931209,5993931209,Carvela Women's Court Heel Dark Brown Suede Incanto,https://www.carvela.com/women/shoes/heels/stiletto-heels/incanto-court-dark-brown-suede-carvela-5993931209?utm_source=display&utm_medium=programmatic&utm_campaign=performance&utm_content=rtg,"Sitting on a very high stiletto heel, this pair of Incanto Courts are crafted from a brown suede leather. There is a small gold Carvela branded stud on the back of the ankle.Heel height:Material: SuedeStyle number: 5993931209","Sitting on a very high stiletto heel, this pair of Incanto Courts are crafted from a brown suede leather. There is a small gold Carvela branded stud on the back of the ankle.Heel height:Material: SuedeStyle number: 5993931209",129.00,129.00,https://kg-static-cache.s3.amazonaws.com/catalog/product/cache/thumbnail/2000x2000/5/9/5993931209_40.jpg?v=1&width=800,Women > Shoes > Heels > Stiletto-heels,WOMENS HEELS,22/09/2026,,TRUE,5020414910066,168,IN STOCK,,"3 UK, 4 UK, 5 UK, 6 UK, 7 UK, 8 UK, 9 UK",Brown,,,66,TRUE,TRUE,FALSE
Carvela,6477200609,6477200609,Carvela Women's Heels Black Fabric Isabella Mule,https://www.carvela.com/women/shoes/heels/stiletto-heels/isabella-lace-mule-black-fabric-carvela-6477200609?utm_source=display&utm_medium=programmatic&utm_campaign=performance&utm_content=rtg,This pair of Isabella Lace Mule heels are crafted from a black mesh lace fabric with a bow on top. There is a gunmetal crystal stud on top of the toe strap.Heel height: 10cmMaterial: FabricStyle number: 6477200609,This pair of Isabella Lace Mule heels are crafted from a black mesh lace fabric with a bow on top. There is a gunmetal crystal stud on top of the toe strap.Heel height: 10cmMaterial: FabricStyle number: 6477200609,129.00,129.00,https://kg-static-cache.s3.amazonaws.com/catalog/product/cache/thumbnail/2000x2000/6/4/6477200609_40.jpg?v=1&width=800,Women > Shoes > Heels > Stiletto-heels,WOMENS HEELS,22/09/2026,,TRUE,5020415025950,63,IN STOCK,,"2 UK, 3 UK, 4 UK, 5 UK, 6 UK, 7 UK, 8 UK, 9 UK",Black,,,120,TRUE,TRUE,FALSE
Carvela,5005100209,5005100209,Carvela Women's Boot Black Suede Spirit Slouch,https://www.carvela.com/women/shoes/boots/knee-boots/spirit-slouch-boot-black-suede-carvela-5005100209?utm_source=display&utm_medium=programmatic&utm_campaign=performance&utm_content=rtg,This Spirit Slouch Boot is crafted from a black suede. The ankle is ruched and reaches below the knee. The toe is pointed and the heel is in a stiletto style.Heel height: 8.5cmMaterial: SuedeStyle number: 5005100209,This Spirit Slouch Boot is crafted from a black suede. The ankle is ruched and reaches below the knee. The toe is pointed and the heel is in a stiletto style.Heel height: 8.5cmMaterial: SuedeStyle number: 5005100209,229.00,229.00,https://kg-static-cache.s3.amazonaws.com/catalog/product/cache/thumbnail/2000x2000/5/0/5005100209_40.jpg?v=1&width=800,Women > Shoes > Boots > Knee-boots,WOMENS BOOTS,22/09/2026,,TRUE,5045658551530,426,IN STOCK,,"3 UK, 4 UK, 5 UK, 6 UK, 7 UK, 8 UK, 9 UK",Black,,,8,TRUE,TRUE,FALSE
Carvela,5005130209,5005130209,Carvela Women's Boot Brown Suede Spirit,https://www.carvela.com/women/shoes/boots/knee-boots/spirit-slouch-boot-brown-suede-carvela-5005130209?utm_source=display&utm_medium=programmatic&utm_campaign=performance&utm_content=rtg,This Spirit Slouch Boot is crafted from a brown suede. The ankle is ruched and reaches below the knee. The toe is pointed and the heel is in a stiletto style.Heel height: 8.5cmMaterial: SuedeStyle number: 5005130209,This Spirit Slouch Boot is crafted from a brown suede. The ankle is ruched and reaches below the knee. The toe is pointed and the heel is in a stiletto style.Heel height: 8.5cmMaterial: SuedeStyle number: 5005130209,229.00,229.00,https://kg-static-cache.s3.amazonaws.com/catalog/product/cache/thumbnail/2000x2000/5/0/5005130209_40.jpg?v=1&width=800,Women > Shoes > Boots > Knee-boots,WOMENS BOOTS,22/09/2026,,TRUE,5045658551684,420,IN STOCK,,"3 UK, 4 UK, 5 UK, 6 UK, 7 UK, 8 UK, 9 UK",Brown,,,9,TRUE,TRUE,FALSE
Carvela,5197700609,5197700609,Carvela Women's Boots Black Synthetic Vito,https://www.carvela.com/women/shoes/boots/knee-boots/vito-otk-black-fabric-carvela-5197700609?utm_source=display&utm_medium=programmatic&utm_campaign=performance&utm_content=rtg,This Vito Over The Knee Boot is crafted from a black microsuede fabric. The toe is slightly rounded and the heel is in a block style.Heel height: 8cmThis product features All Day Long technologyMaterial: FabricStyle number: 5197700609,This Vito Over The Knee Boot is crafted from a black microsuede fabric. The toe is slightly rounded and the heel is in a block style.Heel height: 8cmThis product features All Day Long technologyMaterial: FabricStyle number: 5197700609,179.00,179.00,https://kg-static-cache.s3.amazonaws.com/catalog/product/cache/thumbnail/2000x2000/5/1/5197700609_40.jpg?v=1&width=800,Women > Shoes > Boots > Knee-boots,WOMENS BOOTS,22/09/2026,,TRUE,5045658803509,190,IN STOCK,,"3 UK, 4 UK, 5 UK, 6 UK, 7 UK, 8 UK, 9 UK",Black,,,46,TRUE,TRUE,FALSE
Carvela Comfort,5214605069,5214605069,Carvela Women's Ankle Boot Black Wide Fit Synthetic Crystal Flute,https://www.carvela.com/women/shoes/boots/ankle-boots/flute-shoe-boot-wide-fit-black-combination-fabric-other-carvela-comfort-5214605069?utm_source=display&utm_medium=programmatic&utm_campaign=performance&utm_content=rtg,The Wide Fit Flute Boot has a black microsuede upper with all over black crystal embellishment. There is a small tab at the back of the ankle with micro Icon C stud.Heel height: 70mmGunmetal Icon C on the outsoleMaterial: MicrosuedeStyle number: 5214605069,The Wide Fit Flute Boot has a black microsuede upper with all over black crystal embellishment. There is a small tab at the back of the ankle with micro Icon C stud.Heel height: 70mmGunmetal Icon C on the outsoleMaterial: MicrosuedeStyle number: 5214605069,149.00,149.00,https://kg-static-cache.s3.amazonaws.com/catalog/product/cache/thumbnail/2000x2000/5/2/5214605069_40.jpg?v=1&width=800,Women > Shoes > Boots > Ankle-boots,WOMENS BOOTS,22/09/2026,,TRUE,5045658825075,108,IN STOCK,,"3 UK, 4 UK, 5 UK, 6 UK, 7 UK, 8 UK, 9 UK",Black Combination,,,97,TRUE,TRUE,FALSE
Carvela,5265200609,5265200609,Carvela Corletta Wide Fit Sling Back Heel - Black Microsuede Heel,https://www.carvela.com/women/shoes/heels/slingback-Heels/corletta-sling-wide-fit-black-fabric-carvela-5265200609?utm_source=display&utm_medium=programmatic&utm_campaign=performance&utm_content=rtg,This Wide Fit edition of the Corletta Sling back court is a black microsuede heel with pointed toe. There ankle strap is fastened with a gold tone buckle.&nbsp;Heel height: 9cmThis product features All Day Long technologyMaterial: Leather alternativeStyle number: 5265200609,This Wide Fit edition of the Corletta Sling back court is a black microsuede heel with pointed toe. There ankle strap is fastened with a gold tone buckle.&nbsp;Heel height: 9cmThis product features All Day Long technologyMaterial: Leather alternativeStyle number: 5265200609,119.00,119.00,https://kg-static-cache.s3.amazonaws.com/catalog/product/cache/thumbnail/2000x2000/5/2/5265200609_40.jpg?v=1&width=800,Women > Shoes > Heels > Slingback-Heels,WOMENS HEELS,22/09/2026,,TRUE,5045658861875,181,IN STOCK,,"3 UK, 4 UK, 7 UK, 8 UK, 9 UK",Black,,,55,TRUE,TRUE,FALSE
Carvela,5357432209,5357432209,Carvela Women's Boots Mid Brown Suede Jackpot,https://www.carvela.com/women/shoes/boots/knee-boots/jackpot-slouch-otk-mid-brown-suede-carvela-5357432209?utm_source=display&utm_medium=programmatic&utm_campaign=performance&utm_content=rtg,This over the knee Jackpot Slouch boot features a mid brown suede upper with a simple strap around the ankle accented with a gold tone coin. The shaft has a slouched appearance.Heel height: 8.5 cm.Material: Suede&nbsp;Style number: 5357432209,This over the knee Jackpot Slouch boot features a mid brown suede upper with a simple strap around the ankle accented with a gold tone coin. The shaft has a slouched appearance.Heel height: 8.5 cm.Material: Suede&nbsp;Style number: 5357432209,249.00,249.00,https://kg-static-cache.s3.amazonaws.com/catalog/product/cache/thumbnail/2000x2000/5/3/5357432209_40.jpg?v=1&width=800,Women > Shoes > Boots > Knee-boots,WOMENS BOOTS,22/09/2026,,TRUE,5045659029205,545,IN STOCK,,"3 UK, 4 UK, 5 UK, 6 UK, 7 UK, 8 UK, 9 UK",Brown,,,3,TRUE,TRUE,FALSE
Carvela,4876731209,4876731209,Carvela Women's Heel Dark Brown Suede Leather Spirited,https://www.carvela.com/women/shoes/heels/kitten-heels/spirited-dark-brown-suede-carvela-4876731209?utm_source=display&utm_medium=programmatic&utm_campaign=performance&utm_content=rtg,This Spirited Heel is crafted from a dark brown suede leather. The toe is pointed and the ankle strap is in a slingback style.Heel height: 8.5cmMaterial: SuedeStyle number: 4876731209,This Spirited Heel is crafted from a dark brown suede leather. The toe is pointed and the ankle strap is in a slingback style.Heel height: 8.5cmMaterial: SuedeStyle number: 4876731209,129.00,129.00,https://kg-static-cache.s3.amazonaws.com/catalog/product/cache/thumbnail/2000x2000/4/8/4876731209_40.jpg?v=1&width=800,Women > Shoes > Heels > Kitten-heels,WOMENS HEELS,22/09/2026,,TRUE,5045659354123,133,IN STOCK,,"3 UK, 4 UK, 5 UK, 6 UK, 7 UK, 8 UK, 9 UK",Brown,,,81,TRUE,TRUE,FALSE
Carvela,5659847209,5659847209,Carvela Women's Ankle Boot Taupe Riva Ankle,https://www.carvela.com/women/shoes/boots/ankle-boots/riva-ankle-taupe-suede-carvela-5659847209?utm_source=display&utm_medium=programmatic&utm_campaign=performance&utm_content=rtg,This Riva Ankle boot is crafted from a soft taupe suede leather with elasticated ankle for pull-on ability.Heel height: 5.5cmMaterial: Suede leatherStyle number: 5659847209,This Riva Ankle boot is crafted from a soft taupe suede leather with elasticated ankle for pull-on ability.Heel height: 5.5cmMaterial: Suede leatherStyle number: 5659847209,219.00,219.00,https://kg-static-cache.s3.amazonaws.com/catalog/product/cache/thumbnail/2000x2000/5/6/5659847209_40.jpg?v=1&width=800,Women > Shoes > Boots > Ankle-boots,WOMENS BOOTS,22/09/2026,,TRUE,5045659629115,94,IN STOCK,,"3 UK, 4 UK, 5 UK, 6 UK, 7 UK, 8 UK, 9 UK",Taupe,,,105,TRUE,TRUE,FALSE
Carvela,5884961609,5884961609,Carvela Women's Heels gold Fabric Paparazza Heel,https://www.carvela.com/women/shoes/heels/stiletto-heels/paparazza-jewel-heel-gold-fabric-carvela-5884961609?utm_source=display&utm_medium=programmatic&utm_campaign=performance&utm_content=rtg,This pair of Carvela Paparazza Jewel heels are crafted from a gold leather alternative. There is a crystal embellishment across the upper straps.Heel height: 9cmThis product features All Day Long technologyMaterial: FabricStyle number: 5884961609,This pair of Carvela Paparazza Jewel heels are crafted from a gold leather alternative. There is a crystal embellishment across the upper straps.Heel height: 9cmThis product features All Day Long technologyMaterial: FabricStyle number: 5884961609,139.00,139.00,https://kg-static-cache.s3.amazonaws.com/catalog/product/cache/thumbnail/2000x2000/5/8/5884961609_40.jpg?v=1&width=800,Women > Shoes > Heels > Stiletto-heels,WOMENS HEELS,22/09/2026,,TRUE,5020413940521,257,IN STOCK,,"3 UK, 4 UK, 5 UK, 6 UK, 7 UK, 8 UK, 9 UK",Metallic,,,21,TRUE,TRUE,FALSE
Carvela,5896560979,5896560979,Kurt Geiger Women's Bronze Synthetic Isabella,https://www.carvela.com/women/shoes/heels/stiletto-heels/isabella-vinyl-mule-bronze-synthetic-carvela-5896560979?utm_source=display&utm_medium=programmatic&utm_campaign=performance&utm_content=rtg,This pair of Isabella Vinyl Mules are crafted from a clear vinyl fabric that is embellished with silver crystals. The heel is in a high stiletto style.Heel height: 10cmThis product features All Day Long technologyMaterial: Leather alternativeStyle number: 5896560979,This pair of Isabella Vinyl Mules are crafted from a clear vinyl fabric that is embellished with silver crystals. The heel is in a high stiletto style.Heel height: 10cmThis product features All Day Long technologyMaterial: Leather alternativeStyle number: 5896560979,139.00,139.00,https://kg-static-cache.s3.amazonaws.com/catalog/product/cache/thumbnail/2000x2000/5/8/5896560979_40.jpg?v=1&width=800,Women > Shoes > Heels > Stiletto-heels,,22/09/2026,,TRUE,5020413965166,73,IN STOCK,,"3 UK, 4 UK, 5 UK, 7 UK, 8 UK, 9 UK",Metallic,,,116,TRUE,TRUE,FALSE
Carvela,5897760609,5897760609,Carvela Women's Heels Bronze Fabric Paparazza,https://www.carvela.com/women/shoes/heels/paparazza-jewel-block-bronze-fabric-carvela-5897760609?utm_source=display&utm_medium=programmatic&utm_campaign=performance&utm_content=rtg,This pair of Paparazza Jewel Block heels feature a bronze fabric upper with crystal embellishments. There is a simple gold buckle that fastened the ankle strap.Heel height: 9cmTransparent block heelThis product features All Day Long technologyMaterial: FabricStyle number: 5897760609,This pair of Paparazza Jewel Block heels feature a bronze fabric upper with crystal embellishments. There is a simple gold buckle that fastened the ankle strap.Heel height: 9cmTransparent block heelThis product features All Day Long technologyMaterial: FabricStyle number: 5897760609,149.00,149.00,https://kg-static-cache.s3.amazonaws.com/catalog/product/cache/thumbnail/2000x2000/5/8/5897760609_40.jpg?v=1&width=800,Women > Shoes > Heels,WOMENS HEELS,22/09/2026,,TRUE,5020413967900,13,IN STOCK,,"3 UK, 5 UK, 7 UK, 8 UK, 9 UK",Metallic,,,141,TRUE,TRUE,FALSE
Carvela,6041661609,6041661609,Carvela Women's Sandals Gold Fabric Eleganza,https://www.carvela.com/women/shoes/heels/eleganza-wedge-gold-fabric-carvela-6041661609?utm_source=display&utm_medium=programmatic&utm_campaign=performance&utm_content=rtg,This pair of Eleganza Wedge heels feature a gold leather alternative upper that is accented with crystal embellished leaves. The wedge heel is embellished in a gold crystal.Material: FabricStyle number: 6041661609,This pair of Eleganza Wedge heels feature a gold leather alternative upper that is accented with crystal embellished leaves. The wedge heel is embellished in a gold crystal.Material: FabricStyle number: 6041661609,169.00,169.00,https://kg-static-cache.s3.amazonaws.com/catalog/product/cache/thumbnail/2000x2000/6/0/6041661609_40.jpg?v=1&width=800,Women > Shoes > Heels,WOMENS SANDALS,22/09/2026,,TRUE,5020414320537,100,IN STOCK,,"3 UK, 4 UK, 7 UK, 8 UK, 9 UK",Metallic,,,101,TRUE,TRUE,FALSE
Carvela,6319950069,6319950069,Carvela Pavillion Warm Mule -,https://www.carvela.com/trends/pavilion/pavillion-warm-mule-red-fabric-other-carvela-6319950069?utm_source=display&utm_medium=programmatic&utm_campaign=performance&utm_content=rtg,The Pavillion Warm Mule is a slip-on mule crafted from a luxe red and black faux fur. The subtle strap is fastened with a brushed gold buckle across the foot.&nbsp;Rubber traded soleMaterial: FabricStyle number: 6319950069,The Pavillion Warm Mule is a slip-on mule crafted from a luxe red and black faux fur. The subtle strap is fastened with a brushed gold buckle across the foot.&nbsp;Rubber traded soleMaterial: FabricStyle number: 6319950069,149.00,149.00,https://kg-static-cache.s3.amazonaws.com/catalog/product/cache/thumbnail/2000x2000/6/3/6319950069_40.jpg?v=1&width=800,Trends > Pavilion,WOMENS FLATS,22/09/2026,,TRUE,5020414706393,161,IN STOCK,,"3 UK, 4 UK, 5 UK, 6 UK, 7 UK, 8 UK, 9 UK",Red,,,69,TRUE,TRUE,FALSE
Carvela,4012551829,4012551829,Carvela Spirit Sling Back Heel -,https://www.carvela.com/women/shoes/heels/kitten-heels/spirit-sling-red-dark-polyurethane-carvela-4012551829?utm_source=display&utm_medium=programmatic&utm_campaign=performance&utm_content=rtg,This Spirit Sling heel features a sleek dark red pointed toe and a slingback ankle strap. The heel is in a stiletto style.Heel height: 8.5cmMaterial: Leather altenative&nbsp;Style number: 4012551829,This Spirit Sling heel features a sleek dark red pointed toe and a slingback ankle strap. The heel is in a stiletto style.Heel height: 8.5cmMaterial: Leather altenative&nbsp;Style number: 4012551829,119.00,119.00,https://kg-static-cache.s3.amazonaws.com/catalog/product/cache/thumbnail/2000x2000/4/0/4012551829_40.jpg?v=1&width=800,Women > Shoes > Heels > Kitten-heels,WOMENS HEELS,22/09/2026,,TRUE,5020414714602,186,IN STOCK,,"3 UK, 4 UK, 5 UK, 6 UK, 7 UK, 8 UK, 9 UK",Red,,,49,TRUE,TRUE,FALSE
Carvela,6326848209,6326848209,Carvela Women's Trainers Camel Suede Daze Warm,https://www.carvela.com/women/shoes/trainers/daze-warm-camel-suede-carvela-6326848209?utm_source=display&utm_medium=programmatic&utm_campaign=performance&utm_content=rtg,This pair of Daze Warm trainers arrive in a camel suede leather. There is a beige fluffy faux shearling fabric lining and gold hardware details.&nbsp;Material: SuedeStyle number: 6326848209,This pair of Daze Warm trainers arrive in a camel suede leather. There is a beige fluffy faux shearling fabric lining and gold hardware details.&nbsp;Material: SuedeStyle number: 6326848209,129.00,129.00,https://kg-static-cache.s3.amazonaws.com/catalog/product/cache/thumbnail/2000x2000/6/3/6326848209_40.jpg?v=1&width=800,Women > Shoes > Trainers,WOMENS SNEAKER,22/09/2026,,TRUE,5020414727435,202,IN STOCK,,"3 UK, 4 UK, 5 UK, 6 UK, 7 UK, 8 UK, 9 UK",Tan,,,38,TRUE,TRUE,FALSE
Carvela,6327230209,6327230209,Carvela Women's Boots Brown Suede Ignite,https://www.carvela.com/women/shoes/boots/biker-boots/ignite-slouch-brown-suede-carvela-6327230209?utm_source=display&utm_medium=programmatic&utm_campaign=performance&utm_content=rtg,This pair of Ignite Slouch boots are crafted from a brown suede leather. The ankle shaft is ruched with comfortable slouch. &nbsp;Heel height: 6cmMaterial: SuedeStyle number: 6327230209,This pair of Ignite Slouch boots are crafted from a brown suede leather. The ankle shaft is ruched with comfortable slouch. &nbsp;Heel height: 6cmMaterial: SuedeStyle number: 6327230209,229.00,229.00,https://kg-static-cache.s3.amazonaws.com/catalog/product/cache/thumbnail/2000x2000/6/3/6327230209_40.jpg?v=1&width=800,Women > Shoes > Boots > Biker-boots,WOMENS BOOTS,22/09/2026,,TRUE,5020414729088,108,IN STOCK,,"3 UK, 4 UK, 5 UK, 6 UK, 7 UK, 8 UK, 9 UK",Brown,,,98,TRUE,TRUE,FALSE
Carvela,6328861069,6328861069,Carvela Lazio Clutch Bag - Gold Fabric Microsuede Lazio Clutch Bag,https://www.carvela.com/women/bags/clutch-bags/lazio-clutch-bag-gold-fabric-other-carvela-6328861069?utm_source=display&utm_medium=programmatic&utm_campaign=performance&utm_content=rtg,"This Lazio Clutch Bag is crafted from a gold microsuede that is embellished with gold crystals across the exterior and top handle. There is gold branding on the front of the bag.12cm (H), 20cm (L), 6cm (D)Strap length: 102cmOptional gold chain cross body strapCan fit phones up to 6inchesDue to the natural of the fabric used, some colour transfer may occur when wetFour gold tone feetInterior slip pocketMaterial: SatinStyle number: 6328861069","This Lazio Clutch Bag is crafted from a gold microsuede that is embellished with gold crystals across the exterior and top handle. There is gold branding on the front of the bag.12cm (H), 20cm (L), 6cm (D)Strap length: 102cmOptional gold chain cross body strapCan fit phones up to 6inchesDue to the natural of the fabric used, some colour transfer may occur when wetFour gold tone feetInterior slip pocketMaterial: SatinStyle number: 6328861069",99.00,99.00,https://kg-static-cache.s3.amazonaws.com/catalog/product/cache/thumbnail/2000x2000/6/3/6328861069_40.jpg?v=1&width=800,Women > Bags > Clutch-bags,WOMEN BAGS,22/09/2026,,TRUE,5020414729903,72,IN STOCK,,No Size,Metallic,,,117,TRUE,TRUE,FALSE
Carvela,6391700209,6391700209,Carvela Women's Black Suede Padova,https://www.carvela.com/women/shoes/boots/ankle-boots/padova-ankle-black-suede-carvela-6391700209?utm_source=display&utm_medium=programmatic&utm_campaign=performance&utm_content=rtg,This Padova Ankle Boot is crafted from a black suede leather with softly squared toe. There is a simple gold Icon C stud at the back of the ankle.&nbsp;Material: SuedeStyle number: 6391700209,This Padova Ankle Boot is crafted from a black suede leather with softly squared toe. There is a simple gold Icon C stud at the back of the ankle.&nbsp;Material: SuedeStyle number: 6391700209,179.00,179.00,https://kg-static-cache.s3.amazonaws.com/catalog/product/cache/thumbnail/2000x2000/6/3/6391700209_40.jpg?v=1&width=800,Women > Shoes > Boots > Ankle-boots,WOMENS BOOTS,22/09/2026,,TRUE,5020414815538,360,IN STOCK,,"3 UK, 4 UK, 5 UK, 6 UK, 7 UK, 8 UK, 9 UK",Black,,,12,TRUE,TRUE,FALSE
Carvela,3880600109,3880600109,KG Kurt Geiger Women's Chelsea Boot Black Leather Ignite,https://www.carvela.com/women/shoes/boots/biker-boots/ignite-chelsea-black-leather-carvela-3880600109?utm_source=display&utm_medium=programmatic&utm_campaign=performance&utm_content=rtg,The Ignite Chelsea is a heeled boot crafted from a black leather. There are elasticated panels at the ankle and a gunmetal Icon C stud at the back of the ankle.&nbsp;Heel height: 6cmMaterial: LeatherStyle number: 3880600109,The Ignite Chelsea is a heeled boot crafted from a black leather. There are elasticated panels at the ankle and a gunmetal Icon C stud at the back of the ankle.&nbsp;Heel height: 6cmMaterial: LeatherStyle number: 3880600109,179.00,179.00,https://kg-static-cache.s3.amazonaws.com/catalog/product/cache/thumbnail/2000x2000/3/8/3880600109_40.jpg?v=1&width=800,Women > Shoes > Boots > Biker-boots,WOMENS BOOTS,22/09/2026,,TRUE,5045656968347,290,IN STOCK,,"3 UK, 4 UK, 5 UK, 6 UK, 7 UK, 8 UK, 9 UK",Black,,,18,TRUE,TRUE,FALSE
Carvela,4876730209,4876730209,Carvela Women's Heels Brown Suede Spirited,https://www.carvela.com/women/shoes/heels/kitten-heels/spirited-brown-suede-carvela-4876730209?utm_source=display&utm_medium=programmatic&utm_campaign=performance&utm_content=rtg,This Spirited Heel is crafted from a brown suede leather. The toe is pointed and the ankle strap is in a slingback style.Heel height: 8.5cmMaterial: SuedeStyle number: 4876730209,This Spirited Heel is crafted from a brown suede leather. The toe is pointed and the ankle strap is in a slingback style.Heel height: 8.5cmMaterial: SuedeStyle number: 4876730209,129.00,129.00,https://kg-static-cache.s3.amazonaws.com/catalog/product/cache/thumbnail/2000x2000/4/8/4876730209_40.jpg?v=1&width=800,Women > Shoes > Heels > Kitten-heels,WOMENS HEELS,22/09/2026,,TRUE,5045658282984,227,IN STOCK,,"3 UK, 5 UK, 7 UK, 8 UK, 9 UK",Brown,,,31,TRUE,TRUE,FALSE
Carvela,5231630979,5231630979,Carvela Women's Boots Brown Synthetic Wide Fit Jackpot,https://www.carvela.com/women/shoes/boots/knee-boots/jackpot-knee-wide-fit-brown-synthetic-carvela-5231630979?utm_source=display&utm_medium=programmatic&utm_campaign=performance&utm_content=rtg,This wide fit edition of the knee-high Jackpot boot features a sleek brown upper with a simple strap around the back of the shaft. There is a gold pin stud with crystals accenting the strap.Heel height: 8cmMaterial: SyntheticStyle number: 5231630979,This wide fit edition of the knee-high Jackpot boot features a sleek brown upper with a simple strap around the back of the shaft. There is a gold pin stud with crystals accenting the strap.Heel height: 8cmMaterial: SyntheticStyle number: 5231630979,179.00,179.00,https://kg-static-cache.s3.amazonaws.com/catalog/product/cache/thumbnail/2000x2000/5/2/5231630979_40.jpg?v=1&width=800,Women > Shoes > Boots > Knee-boots,WOMENS BOOTS,22/09/2026,,TRUE,5045658845271,153,IN STOCK,,"3 UK, 4 UK, 5 UK, 6 UK, 7 UK, 8 UK, 9 UK",Brown,,,74,TRUE,TRUE,FALSE
Carvela,5715910609,5715910609,Carvela Women's Sandals White Fabric Portici Sandal,https://www.carvela.com/women/shoes/heels/portici-sandal-white-fabric-carvela-5715910609?utm_source=display&utm_medium=programmatic&utm_campaign=performance&utm_content=rtg,This Portici Sandal arrives in a a faux crystal and pearl embellished fabric. The heel is in a low block style.This product features All Day Long technologyMaterial: FabricStyle number: 5715910609,This Portici Sandal arrives in a a faux crystal and pearl embellished fabric. The heel is in a low block style.This product features All Day Long technologyMaterial: FabricStyle number: 5715910609,129.00,129.00,https://kg-static-cache.s3.amazonaws.com/catalog/product/cache/thumbnail/2000x2000/5/7/5715910609_40.jpg?v=1&width=800,Women > Shoes > Heels,WOMENS SANDALS,22/09/2026,,TRUE,5045659731115,153,IN STOCK,,"3 UK, 4 UK, 6 UK, 7 UK, 8 UK, 9 UK",White,,,75,TRUE,TRUE,FALSE
Carvela,6027784239,6027784239,Carvela Amelia Heel - Navy Suede Heel,https://www.carvela.com/women/shoes/flats/amelia-navy-suede-patent-carvela-6027784239?utm_source=display&utm_medium=programmatic&utm_campaign=performance&utm_content=rtg,This pair of navy suede slingback heels feature a patent toe. The low heel is in a block patent navy style.Heel height: 2cmThis product features All Day Long technologyMaterial: SuedeStyle number: 6027784239,This pair of navy suede slingback heels feature a patent toe. The low heel is in a block patent navy style.Heel height: 2cmThis product features All Day Long technologyMaterial: SuedeStyle number: 6027784239,119.00,119.00,https://kg-static-cache.s3.amazonaws.com/catalog/product/cache/thumbnail/2000x2000/6/0/6027784239_40.jpg?v=1&width=800,Women > Shoes > Flats,WOMENS HEELS,22/09/2026,,TRUE,5020414289605,26,IN STOCK,,"3 UK, 9 UK",Blue,,,136,TRUE,TRUE,FALSE
Carvela,5998161069,5998161069,Carvela Women's Trainers Gold Fabric Other Divina,https://www.carvela.com/women/shoes/trainers/divina-sneaker-gold-fabric-other-carvela-5998161069?utm_source=display&utm_medium=programmatic&utm_campaign=performance&utm_content=rtg,This pair of Divina Trainers arrive in a metallic gold fabric with bronze crystal embellishment. The front laces up with gold laces and branding details. The sole has a hidden wedge heel.Arrives with a spare pair of beige lacesMaterial: FabricStyle number: 5998161069,This pair of Divina Trainers arrive in a metallic gold fabric with bronze crystal embellishment. The front laces up with gold laces and branding details. The sole has a hidden wedge heel.Arrives with a spare pair of beige lacesMaterial: FabricStyle number: 5998161069,149.00,149.00,https://kg-static-cache.s3.amazonaws.com/catalog/product/cache/thumbnail/2000x2000/5/9/5998161069_40.jpg?v=1&width=800,Women > Shoes > Trainers,WOMENS SNEAKER,22/09/2026,,TRUE,5020414726810,110,IN STOCK,,"3 UK, 4 UK, 5 UK, 6 UK, 7 UK, 8 UK, 9 UK",Metallic,,,95,TRUE,TRUE,FALSE
Carvela,5799733209,5799733209,Carvela Nina Tote Bag -,https://www.carvela.com/women/bags/tote-bags/nina-tote-tan-suede-carvela-5799733209?utm_source=display&utm_medium=programmatic&utm_campaign=performance&utm_content=rtg,"This Nina Tote Bag is crafted from a brown suede leather. There is both a black luggage style tag as well as a brown printed satin scarf wrapped around one of the top handles.27cm (H), 26cm (L), 15cm (D)Strap length: 120cmZipped interior pocketFour gold feetZip closureMaterial: Suede leatherStyle number: 5799733209","This Nina Tote Bag is crafted from a brown suede leather. There is both a black luggage style tag as well as a brown printed satin scarf wrapped around one of the top handles.27cm (H), 26cm (L), 15cm (D)Strap length: 120cmZipped interior pocketFour gold feetZip closureMaterial: Suede leatherStyle number: 5799733209",189.00,189.00,https://kg-static-cache.s3.amazonaws.com/catalog/product/cache/thumbnail/2000x2000/5/7/5799733209_40.jpg?v=1&width=800,Women > Bags > Tote-bags,WOMEN BAGS,22/09/2026,,TRUE,5020414729798,176,IN STOCK,,No Size,Tan,,,58,TRUE,TRUE,FALSE
Carvela,5799800209,5799800209,Carvela Women's Tote Bag Black Suede Nina Mini,https://www.carvela.com/women/bags/crossbody-bags/nina-mini-tote-black-suede-carvela-5799800209?utm_source=display&utm_medium=programmatic&utm_campaign=performance&utm_content=rtg,"This Mini Nina Tote bag is crafted from a leopard printed calfhair leather. There are two top handles with a satin scarf around one and a branded luggage style charm looped around the other.18cm (H), 25cm (L), 10cm (D)Strap length: 117cmZipped closureInternal zipped pouchFour gold feetMaterial: LeatherStyle number: 5799800209","This Mini Nina Tote bag is crafted from a leopard printed calfhair leather. There are two top handles with a satin scarf around one and a branded luggage style charm looped around the other.18cm (H), 25cm (L), 10cm (D)Strap length: 117cmZipped closureInternal zipped pouchFour gold feetMaterial: LeatherStyle number: 5799800209",149.00,149.00,https://kg-static-cache.s3.amazonaws.com/catalog/product/cache/thumbnail/2000x2000/5/7/5799800209_40.jpg?v=1&width=800,Women > Bags > Crossbody-bags,WOMEN BAGS,22/09/2026,,TRUE,5020414729804,179,IN STOCK,,No Size,Black,,,57,TRUE,TRUE,FALSE
Carvela,5993900209,5993900209,Carvela Incanto Court -,https://www.carvela.com/women/shoes/heels/stiletto-heels/incanto-court-black-suede-carvela-5993900209?utm_source=display&utm_medium=programmatic&utm_campaign=performance&utm_content=rtg,"Sitting on a very high stiletto heel, this pair of Incanto Courts are crafted from a black suede leather. There is a small gold Carvela branded stud on the back of the ankle.Heel height: 11cmMaterial: SuedeStyle number: 5993900209","Sitting on a very high stiletto heel, this pair of Incanto Courts are crafted from a black suede leather. There is a small gold Carvela branded stud on the back of the ankle.Heel height: 11cmMaterial: SuedeStyle number: 5993900209",129.00,129.00,https://kg-static-cache.s3.amazonaws.com/catalog/product/cache/thumbnail/2000x2000/5/9/5993900209_40.jpg?v=1&width=800,Women > Shoes > Heels > Stiletto-heels,,22/09/2026,,TRUE,5020414909930,190,IN STOCK,,"3 UK, 4 UK, 5 UK, 6 UK, 7 UK, 8 UK, 9 UK",Black,,,47,TRUE,TRUE,FALSE
Carvela,6477210609,6477210609,Carvela Women's Mule Heels White Fabric Isabella,https://www.carvela.com/women/shoes/heels/stiletto-heels/isabella-lace-mule-white-fabric-carvela-6477210609?utm_source=display&utm_medium=programmatic&utm_campaign=performance&utm_content=rtg,This pair of Isabella Lace Mule heels are crafted from a white mesh lace fabric with a bow on top. There is a crystal stud on top of the toe strap.Heel height: 10cmMaterial: FabricStyle number: 6477210609,This pair of Isabella Lace Mule heels are crafted from a white mesh lace fabric with a bow on top. There is a crystal stud on top of the toe strap.Heel height: 10cmMaterial: FabricStyle number: 6477210609,129.00,129.00,https://kg-static-cache.s3.amazonaws.com/catalog/product/cache/thumbnail/2000x2000/6/4/6477210609_40.jpg?v=1&width=800,Women > Shoes > Heels > Stiletto-heels,WOMENS HEELS,22/09/2026,,TRUE,5020415174443,130,IN STOCK,,"3 UK, 4 UK, 5 UK, 6 UK, 7 UK, 8 UK, 9 UK",White,,,82,TRUE,TRUE,FALSE
Carvela,4718561069,4718561069,Carvela Women's Heels Gold Fabric Other Petalo,https://www.carvela.com/women/shoes/heels/stiletto-heels/petalo-sandal-gold-fabric-other-carvela-4718561069?utm_source=display&utm_medium=programmatic&utm_campaign=performance&utm_content=rtg,This Pair of Petalo Sandals feature a crystal encrusted upper with 3D flower details on the straps. The ankle strap is fastened with a silver buckle and the heel is in a stiletto style.Heel height: 9cmMaterial: SyntheticStyle number: 4718561069,This Pair of Petalo Sandals feature a crystal encrusted upper with 3D flower details on the straps. The ankle strap is fastened with a silver buckle and the heel is in a stiletto style.Heel height: 9cmMaterial: SyntheticStyle number: 4718561069,169.00,169.00,https://kg-static-cache.s3.amazonaws.com/catalog/product/cache/thumbnail/2000x2000/4/7/4718561069_40.jpg?v=1&width=800,Women > Shoes > Heels > Stiletto-heels,WOMENS HEELS,22/09/2026,,TRUE,5045658035887,127,IN STOCK,,"3 UK, 5 UK, 7 UK, 8 UK, 9 UK",Metallic,,,83,TRUE,TRUE,FALSE
Carvela Comfort,3731931209,3731931209,Carvela Women's Loafers Dark Brown Suede Click,https://www.carvela.com/women/shoes/flats/loafers/click-dark-brown-suede-carvela-comfort-3731931209?utm_source=display&utm_medium=programmatic&utm_campaign=performance&utm_content=rtg,The Click loafer features a dark brown suede leather upper in leather which slips onto the foot. The toe is finished with golden tone horsebit chain.This product features All Day Long TechnologyMaterial: LeatherStyle number: 3731931209,The Click loafer features a dark brown suede leather upper in leather which slips onto the foot. The toe is finished with golden tone horsebit chain.This product features All Day Long TechnologyMaterial: LeatherStyle number: 3731931209,139.00,139.00,https://kg-static-cache.s3.amazonaws.com/catalog/product/cache/thumbnail/2000x2000/3/7/3731931209_40.jpg?v=1&width=800,Women > Shoes > Flats > Loafers,WOMENS FLATS,22/09/2026,,TRUE,5045658072653,371,IN STOCK,,"3 UK, 4 UK, 5 UK, 6 UK, 7 UK, 8 UK, 9 UK",Brown,,,11,TRUE,TRUE,FALSE
Carvela,5010361979,5010361979,Carvela Women's Heels Gold Synthetic Viola,https://www.carvela.com/women/shoes/heels/stiletto-heels/viola-gold-synthetic-carvela-5010361979?utm_source=display&utm_medium=programmatic&utm_campaign=performance&utm_content=rtg,The Viola is a gold metallic high heel. There are multiple curved straps across the foot that are fastened with a crystal embellished buckle around the ankle.Heel height: 10.5cmThis product features All Day Long technologyMaterial: Leather alternativeStyle number: 5010361979,The Viola is a gold metallic high heel. There are multiple curved straps across the foot that are fastened with a crystal embellished buckle around the ankle.Heel height: 10.5cmThis product features All Day Long technologyMaterial: Leather alternativeStyle number: 5010361979,129.00,129.00,https://kg-static-cache.s3.amazonaws.com/catalog/product/cache/thumbnail/2000x2000/5/0/5010361979_40.jpg?v=1&width=800,Women > Shoes > Heels > Stiletto-heels,WOMENS HEELS,22/09/2026,,TRUE,5045658577912,52,IN STOCK,,"4 UK, 5 UK, 6 UK, 7 UK, 9 UK",Metallic,,,124,TRUE,TRUE,FALSE
Carvela,5231600979,5231600979,Carvela Women's Boots Black Synthetic Jackpot,https://www.carvela.com/women/shoes/boots/knee-boots/jackpot-knee-wide-fit-black-synthetic-carvela-5231600979?utm_source=display&utm_medium=programmatic&utm_campaign=performance&utm_content=rtg,This wide fit edition of the knee-high Jackpot boot features a sleek black upper with a simple strap around the back of the shaft. There is a gold pin stud with crystals accenting the strap.Heel height: 8cmMaterial: SyntheticStyle number: 5231600979,This wide fit edition of the knee-high Jackpot boot features a sleek black upper with a simple strap around the back of the shaft. There is a gold pin stud with crystals accenting the strap.Heel height: 8cmMaterial: SyntheticStyle number: 5231600979,179.00,179.00,https://kg-static-cache.s3.amazonaws.com/catalog/product/cache/thumbnail/2000x2000/5/2/5231600979_40.jpg?v=1&width=800,Women > Shoes > Boots > Knee-boots,WOMENS BOOTS,22/09/2026,,TRUE,5045658843130,197,IN STOCK,,"3 UK, 4 UK, 5 UK, 6 UK, 7 UK, 8 UK, 9 UK",Black,,,40,TRUE,TRUE,FALSE
Carvela,4876700209,4876700209,Carvela Women's Heels Black Suede Leather Spirited,https://www.carvela.com/women/shoes/heels/kitten-heels/spirited-black-suede-carvela-4876700209?utm_source=display&utm_medium=programmatic&utm_campaign=performance&utm_content=rtg,This Spirited Heel is crafted from a black suede leather. The toe is pointed and the ankle strap is in a slingback style.Heel height: 8.5cmMaterial: SuedeStyle number: 4876700209,This Spirited Heel is crafted from a black suede leather. The toe is pointed and the ankle strap is in a slingback style.Heel height: 8.5cmMaterial: SuedeStyle number: 4876700209,129.00,129.00,https://kg-static-cache.s3.amazonaws.com/catalog/product/cache/thumbnail/2000x2000/4/8/4876700209_40.jpg?v=1&width=800,Women > Shoes > Heels > Kitten-heels,WOMENS HEELS,22/09/2026,,TRUE,5045659353973,111,IN STOCK,,"3 UK, 6 UK, 7 UK, 8 UK, 9 UK",Black,,,93,TRUE,TRUE,FALSE
Carvela,5897630209,5897630209,Carvela Women's Flats Brown Suede Marigold,https://www.carvela.com/women/shoes/marigold-fur-mule-brown-suede-carvela-5897630209?utm_source=display&utm_medium=programmatic&utm_campaign=performance&utm_content=rtg,This pair of Marigold Fur Mule is crafted from a brown suede leather with cut out strap across the foot. The footbed is lined with dark brown faux fur.Material: SuedeStyle number: 5897630209,This pair of Marigold Fur Mule is crafted from a brown suede leather with cut out strap across the foot. The footbed is lined with dark brown faux fur.Material: SuedeStyle number: 5897630209,99.00,99.00,https://kg-static-cache.s3.amazonaws.com/catalog/product/cache/thumbnail/2000x2000/5/8/5897630209_40.jpg?v=1&width=800,Women > Shoes,WOMENS SANDALS,22/09/2026,,TRUE,5020413967542,71,IN STOCK,,"3 UK, 4 UK, 5 UK, 6 UK, 7 UK, 8 UK",Brown,,,118,TRUE,TRUE,FALSE
Carvela,5993947209,5993947209,Carvela Women's Heels Taupe Suede Incanto,https://www.carvela.com/women/shoes/heels/stiletto-heels/incanto-court-taupe-suede-carvela-5993947209?utm_source=display&utm_medium=programmatic&utm_campaign=performance&utm_content=rtg,This pair of Incanto Court heels feature a taupe suede upper. The toe is in a pointed style with a crystal embellished branded stud at the back of the ankle.&nbsp;Heel height: 11cmThis product features All Day Long technologyMaterial: SuedeStyle number: 5993947209,This pair of Incanto Court heels feature a taupe suede upper. The toe is in a pointed style with a crystal embellished branded stud at the back of the ankle.&nbsp;Heel height: 11cmThis product features All Day Long technologyMaterial: SuedeStyle number: 5993947209,129.00,129.00,https://kg-static-cache.s3.amazonaws.com/catalog/product/cache/thumbnail/2000x2000/5/9/5993947209_40.jpg?v=1&width=800,Women > Shoes > Heels > Stiletto-heels,WOMENS HEELS,22/09/2026,,TRUE,5020414229472,117,IN STOCK,,"3 UK, 4 UK, 5 UK, 6 UK, 7 UK, 8 UK, 9 UK",Taupe,,,90,TRUE,TRUE,FALSE
Carvela,6385000209,6385000209,Carvela Salvetti Ankle Boot - Black Suede Ankle boot,https://www.carvela.com/women/shoes/boots/ankle-boots/salvetti-ankle-black-suede-carvela-6385000209?utm_source=display&utm_medium=programmatic&utm_campaign=performance&utm_content=rtg,"Sat on a cuban heel, the Salvetti Ankle boot features a black suede leather upper with stitching details. There is a zipper on the inner side of the ankle.Heel height: 7cmMaterial: SuedeStyle number: 6385000209","Sat on a cuban heel, the Salvetti Ankle boot features a black suede leather upper with stitching details. There is a zipper on the inner side of the ankle.Heel height: 7cmMaterial: SuedeStyle number: 6385000209",169.00,169.00,https://kg-static-cache.s3.amazonaws.com/catalog/product/cache/thumbnail/2000x2000/6/3/6385000209_40.jpg?v=1&width=800,Women > Shoes > Boots > Ankle-boots,WOMENS BOOTS,22/09/2026,,TRUE,5020414798176,241,IN STOCK,,"3 UK, 4 UK, 5 UK, 6 UK, 7 UK, 8 UK, 9 UK",Black,,,29,TRUE,TRUE,FALSE
Carvela,5216350609,5216350609,Carvela Gina Hobo -,https://www.carvela.com/women/bags/shoulder-bags/gina-hobo-red-fabric-carvela-5216350609?utm_source=display&utm_medium=programmatic&utm_campaign=performance&utm_content=rtg,"This Gina Hobo arrives in a red soft faux fur. There is a simple black shoulder strap with black tassel charm attached to the zip top closure28cm (H), 43cm (L), 12cm (D)Strap length: 47cmFour gold tone feetMaterial: FabricStyle number: 5216350609","This Gina Hobo arrives in a red soft faux fur. There is a simple black shoulder strap with black tassel charm attached to the zip top closure28cm (H), 43cm (L), 12cm (D)Strap length: 47cmFour gold tone feetMaterial: FabricStyle number: 5216350609",139.00,139.00,https://kg-static-cache.s3.amazonaws.com/catalog/product/cache/thumbnail/2000x2000/5/2/5216350609_40.jpg?v=1&width=800,Women > Bags > Shoulder-bags,WOMEN BAGS,22/09/2026,,TRUE,5020414806956,162,IN STOCK,,No Size,Red,,,67,TRUE,TRUE,FALSE
Carvela Comfort,5303130109,5303130109,Kurt Geiger Women's Boots Brown Leather Mega Knee,https://www.carvela.com/women/shoes/boots/biker-boots/mega-knee-high-brown-leather-carvela-comfort-5303130109?utm_source=display&utm_medium=programmatic&utm_campaign=performance&utm_content=rtg,This Mega Knee High boot is crafted from a brown leather. There is a small Icon C pin stud at the back of the ankle shaft.Heel height: 8cmThere is a zipper on the inner side of the ankleMaterial: LeatherStyle number: 5303130109,This Mega Knee High boot is crafted from a brown leather. There is a small Icon C pin stud at the back of the ankle shaft.Heel height: 8cmThere is a zipper on the inner side of the ankleMaterial: LeatherStyle number: 5303130109,239.00,239.00,https://kg-static-cache.s3.amazonaws.com/catalog/product/cache/thumbnail/2000x2000/5/3/5303130109_40.jpg?v=1&width=800,Women > Shoes > Boots > Biker-boots,WOMENS BOOTS,22/09/2026,,TRUE,5045658914120,43,IN STOCK,,"3 UK, 4 UK, 7 UK, 8 UK, 9 UK",Brown,,,126,TRUE,TRUE,FALSE
Carvela,6001761979,6001761979,Carvela Women's Heels Gold Synthetic Eleganza Heel,https://www.carvela.com/women/shoes/heels/stiletto-heels/eleganza-heel-gold-synthetic-carvela-6001761979?utm_source=display&utm_medium=programmatic&utm_campaign=performance&utm_content=rtg,The Eleganza Heel features gold leaves with crystal embellishments across the two straps over the foot.Heel height: 11cmThis product features All Day Long technologyMaterial: Leather alternativeStyle number: 6001761979,The Eleganza Heel features gold leaves with crystal embellishments across the two straps over the foot.Heel height: 11cmThis product features All Day Long technologyMaterial: Leather alternativeStyle number: 6001761979,169.00,169.00,https://kg-static-cache.s3.amazonaws.com/catalog/product/cache/thumbnail/2000x2000/6/0/6001761979_40.jpg?v=1&width=800,Women > Shoes > Heels > Stiletto-heels,WOMENS HEELS,22/09/2026,,TRUE,5020414220592,78,IN STOCK,,"3 UK, 8 UK, 9 UK",Metallic,,,114,TRUE,TRUE,FALSE
Carvela,6328830069,6328830069,Carvela Lazio Clutch Bag - Brown Velvet Crystal Clutch Bag,https://www.carvela.com/women/bags/clutch-bags/lazio-clutch-bag-brown-fabric-other-carvela-6328830069?utm_source=display&utm_medium=programmatic&utm_campaign=performance&utm_content=rtg,"This Lazio Clutch Bag is crafted from a brown velvet fabric that is embellished with brown crystals across the exterior and top handle. There is gold branding on the front of the bag.12cm (H), 20cm (L), 6cm (D)Strap length: 102cmOptional gold chain cross body strapCan fit phones up to 6inchesFour gold tone feetInterior slip pocketMaterial: VelvetStyle number: 6328830069","This Lazio Clutch Bag is crafted from a brown velvet fabric that is embellished with brown crystals across the exterior and top handle. There is gold branding on the front of the bag.12cm (H), 20cm (L), 6cm (D)Strap length: 102cmOptional gold chain cross body strapCan fit phones up to 6inchesFour gold tone feetInterior slip pocketMaterial: VelvetStyle number: 6328830069",99.00,99.00,https://kg-static-cache.s3.amazonaws.com/catalog/product/cache/thumbnail/2000x2000/6/3/6328830069_40.jpg?v=1&width=800,Women > Bags > Clutch-bags,WOMEN BAGS,22/09/2026,,TRUE,5020414729897,84,IN STOCK,,No Size,Brown,,,109,TRUE,TRUE,FALSE
Carvela,5569261979,5569261979,Carvela Women's Sandals Gold Synthetic Marina,https://www.carvela.com/women/bags/purses/marina-flat-sandal-gold-synthetic-carvela-5569261979?utm_source=display&utm_medium=programmatic&utm_campaign=performance&utm_content=rtg,"Meet our bestselling sandal! Crafted from a gold metallic faux leather upper, with a sleek toe post strap, designed for ultimate comfort. Embellished with starfish, crystals and fish motifs, perfect for spring summer, or that upcoming holiday. Featuring All Day Long Technology with cushioning underfoot for improved wearability.Material: Faux LeatherStyle number: 5569261979","Meet our bestselling sandal! Crafted from a gold metallic faux leather upper, with a sleek toe post strap, designed for ultimate comfort. Embellished with starfish, crystals and fish motifs, perfect for spring summer, or that upcoming holiday. Featuring All Day Long Technology with cushioning underfoot for improved wearability.Material: Faux LeatherStyle number: 5569261979",119.00,119.00,https://kg-static-cache.s3.amazonaws.com/catalog/product/cache/thumbnail/2000x2000/5/5/5569261979_40.jpg?v=1&width=800,Women > Bags > Purses,WOMENS SANDALS,22/09/2026,,TRUE,5045659455622,42,IN STOCK,,"3 UK, 9 UK",Metallic,,,127,TRUE,TRUE,FALSE
Carvela,5521130979,5521130979,Carvela Positano Vinyl Clutch Bag - Brown Crystal Clutch Bag,https://www.carvela.com/women/bags/clutch-bags/positano-vinyl-clutch-brown-synthetic-carvela-5521130979?utm_source=display&utm_medium=programmatic&utm_campaign=performance&utm_content=rtg,"The Positano vinyl clutch bag crafted from a brown tinted vinyl that is completely embellished with bronze crystals. There is a gold round stud on the front flap.12cm (H), 19cm (L), 6cm (D)Strap length: 119cmChain strap can be tucked in for cross-body to clutch stylingMagnetic snap closure under flapCan fit iPhones up to 6inchesPlease take extra care when styling this piece with delicate fabricsMaterial: SyntheticStyle number: 5521130979","The Positano vinyl clutch bag crafted from a brown tinted vinyl that is completely embellished with bronze crystals. There is a gold round stud on the front flap.12cm (H), 19cm (L), 6cm (D)Strap length: 119cmChain strap can be tucked in for cross-body to clutch stylingMagnetic snap closure under flapCan fit iPhones up to 6inchesPlease take extra care when styling this piece with delicate fabricsMaterial: SyntheticStyle number: 5521130979",99.00,99.00,https://kg-static-cache.s3.amazonaws.com/catalog/product/cache/thumbnail/2000x2000/5/5/5521130979_40.jpg?v=1&width=800,Women > Bags > Clutch-bags,WOMEN BAGS,22/09/2026,,TRUE,5020413959837,94,IN STOCK,,No Size,Brown,,,106,TRUE,TRUE,FALSE
Carvela,5799700209,5799700209,Carvela Women's Tote Bag Black Suede Nina Tote,https://www.carvela.com/women/bags/tote-bags/nina-tote-black-suede-carvela-5799700209?utm_source=display&utm_medium=programmatic&utm_campaign=performance&utm_content=rtg,"This Nina Tote Bag is crafted from a black suede leather. There is both a black luggage style tag as well as a brown printed satin scarf wrapped around one of the top handles.27cm (H), 26cm (L), 15cm (D)Strap length: 120cmZipped interior pocketFour gold feetZip closureMaterial: LeatherStyle number: 5799700209","This Nina Tote Bag is crafted from a black suede leather. There is both a black luggage style tag as well as a brown printed satin scarf wrapped around one of the top handles.27cm (H), 26cm (L), 15cm (D)Strap length: 120cmZipped interior pocketFour gold feetZip closureMaterial: LeatherStyle number: 5799700209",189.00,189.00,https://kg-static-cache.s3.amazonaws.com/catalog/product/cache/thumbnail/2000x2000/5/7/5799700209_40.jpg?v=1&width=800,Women > Bags > Tote-bags,WOMEN BAGS,22/09/2026,,TRUE,5020414729781,252,IN STOCK,,No Size,Black,,,25,TRUE,TRUE,FALSE
Carvela,4313015609,4313015609,Carvela Women's Heel Denim Fabric Positano,https://www.carvela.com/women/shoes/heels/kitten-heels/positano-sling-low-white-comb-fabric-carvela-4313015609?utm_source=display&utm_medium=programmatic&utm_campaign=performance&utm_content=rtg,This Positano Sling Low heel features a white mesh upper which is embellished with fabric daisies. The ankle strap is fastened with a gold buckle.&nbsp;Heel height: 7cmThis product features All Day Long technologyMaterial: FabricStyle number: 4313015609,This Positano Sling Low heel features a white mesh upper which is embellished with fabric daisies. The ankle strap is fastened with a gold buckle.&nbsp;Heel height: 7cmThis product features All Day Long technologyMaterial: FabricStyle number: 4313015609,149.00,149.00,https://kg-static-cache.s3.amazonaws.com/catalog/product/cache/thumbnail/2000x2000/4/3/4313015609_40.jpg?v=1&width=800,Women > Shoes > Heels > Kitten-heels,WOMENS HEELS,22/09/2026,,TRUE,5045657741932,158,IN STOCK,,"3 UK, 4 UK, 5 UK, 6 UK, 7 UK, 8 UK, 9 UK",White,,,72,TRUE,TRUE,FALSE
Carvela,5594866449,5594866449,Carvela Women's Cross Body Bag Synthetic Marina Starfish,https://www.carvela.com/women/bags/crossbody-bags/marina-starfish-micro-gold-combination-raffia-carvela-5594866449?utm_source=display&utm_medium=programmatic&utm_campaign=performance&utm_content=rtg,"This Micro Marina Starfish Bag is crafted from a metallic gold raffia fabric which is embellished with seven crystal starfish. There is a simple zip closure at the top of the bag. There are gold tone branding details across the exterior of the bag.16cm (H), 21cm (L), 9cm (D)Strap length: 125cmRemovable cross body strapCan fit phones up to 6inchesFour gold feetMaterial: FabricStyle number: 5594866449","This Micro Marina Starfish Bag is crafted from a metallic gold raffia fabric which is embellished with seven crystal starfish. There is a simple zip closure at the top of the bag. There are gold tone branding details across the exterior of the bag.16cm (H), 21cm (L), 9cm (D)Strap length: 125cmRemovable cross body strapCan fit phones up to 6inchesFour gold feetMaterial: FabricStyle number: 5594866449",119.00,119.00,https://kg-static-cache.s3.amazonaws.com/catalog/product/cache/thumbnail/2000x2000/5/5/5594866449_40.jpg?v=1&width=800,Women > Bags > Crossbody-bags,WOMEN BAGS,22/09/2026,,TRUE,5045659487951,183,IN STOCK,,No Size,Metallic,,,52,TRUE,TRUE,FALSE
Carvela,5659900109,5659900109,Carvela Women's Boots Black Leather Allora,https://www.carvela.com/women/shoes/boots/knee-boots/allora-otk-black-leather-carvela-5659900109?utm_source=display&utm_medium=programmatic&utm_campaign=performance&utm_content=rtg,This Allora Over The Knee boot is crafted from a black leather. The toe is rounded and the heel is in a block style.Heel height: 9cmMaterial: LeatherStyle number: 5659900109,This Allora Over The Knee boot is crafted from a black leather. The toe is rounded and the heel is in a block style.Heel height: 9cmMaterial: LeatherStyle number: 5659900109,289.00,289.00,https://kg-static-cache.s3.amazonaws.com/catalog/product/cache/thumbnail/2000x2000/5/6/5659900109_40.jpg?v=1&width=800,Women > Shoes > Boots > Knee-boots,WOMENS BOOTS,22/09/2026,,TRUE,5045659629269,22,IN STOCK,,"3 UK, 4 UK, 6 UK, 7 UK, 8 UK, 9 UK",Black,,,139,TRUE,TRUE,FALSE
Carvela,6151651789,6151651789,Carvela Women's Heels Red Dark Velvet Positano,https://www.carvela.com/women/shoes/heels/stiletto-heels/positano-half-d-orsay-red-dark-velvet-carvela-6151651789?utm_source=display&utm_medium=programmatic&utm_campaign=performance&utm_content=rtg,This pair of Positano is crafted from a deep red velvet fabric that is embellished with matching red crystals across the pointed toe and heel.Heel height: 10cm&nbsp;Material: VelvetStyle number: 65151651789,This pair of Positano is crafted from a deep red velvet fabric that is embellished with matching red crystals across the pointed toe and heel.Heel height: 10cm&nbsp;Material: VelvetStyle number: 65151651789,149.00,149.00,https://kg-static-cache.s3.amazonaws.com/catalog/product/cache/thumbnail/2000x2000/6/1/6151651789_40.jpg?v=1&width=800,Women > Shoes > Heels > Stiletto-heels,WOMENS HEELS,22/09/2026,,TRUE,5020414470591,31,IN STOCK,,"3 UK, 4 UK, 7 UK, 8 UK, 9 UK",Red,,,133,TRUE,TRUE,FALSE
Carvela,6322100609,6322100609,Carvela Women's Heels Black Fabric Positano Lace Sling High,https://www.carvela.com/women/shoes/heels/slingback-Heels/positano-lace-sling-high-black-fabric-carvela-6322100609?utm_source=display&utm_medium=programmatic&utm_campaign=performance&utm_content=rtg,This pair of Positano Lace Sling High heels are crafted from a black lace mesh fabric with pointed toe. There is a simple black strap around the back of the ankle that is fastened with a gold tone buckle.Heel height: 10cmMaterial: FabricStyle number: 6322100609,This pair of Positano Lace Sling High heels are crafted from a black lace mesh fabric with pointed toe. There is a simple black strap around the back of the ankle that is fastened with a gold tone buckle.Heel height: 10cmMaterial: FabricStyle number: 6322100609,139.00,139.00,https://kg-static-cache.s3.amazonaws.com/catalog/product/cache/thumbnail/2000x2000/6/3/6322100609_40.jpg?v=1&width=800,Women > Shoes > Heels > Slingback-Heels,WOMENS HEELS,22/09/2026,,TRUE,5020414712264,159,IN STOCK,,"3 UK, 4 UK, 5 UK, 6 UK, 7 UK, 8 UK, 9 UK",Black,,,71,TRUE,TRUE,FALSE
Carvela,5235710609,5235710609,Carvela Women's Heels White Other Synthetic Kianni,https://www.carvela.com/women/shoes/heels/kianni-wide-fit-white-fabric-carvela-5235710609?utm_source=display&utm_medium=programmatic&utm_campaign=performance&utm_content=rtg,This wide fit edition of the Kianni is crafted in gold. The upper is embellished with pearls and crystals and the ankle is fastened with a silver metal faceted buckle.&nbsp;Heel height: 80mmThis product features All Day Long technologyMaterial: TextileStyle number: 5235710609,This wide fit edition of the Kianni is crafted in gold. The upper is embellished with pearls and crystals and the ankle is fastened with a silver metal faceted buckle.&nbsp;Heel height: 80mmThis product features All Day Long technologyMaterial: TextileStyle number: 5235710609,129.00,129.00,https://kg-static-cache.s3.amazonaws.com/catalog/product/cache/thumbnail/2000x2000/5/2/5235710609_40.jpg?v=1&width=800,Women > Shoes > Heels,WOMENS HEELS,22/09/2026,,TRUE,5045658849361,82,IN STOCK,,"3 UK, 8 UK, 9 UK",White,,,110,TRUE,TRUE,FALSE
Carvela,6327630609,6327630609,Carvela Pavilion Clutch Bag - Leopard Printed Shoulder Bag,https://www.carvela.com/trends/pavilion/pavilion-clutch-bag-brown-fabric-carvela-6327630609?utm_source=display&utm_medium=programmatic&utm_campaign=performance&utm_content=rtg,"This Pavilion Clutch Bag is crafted from a soft leopard printed faux fur. There is a gold branded medallion charm with pearls attached to the shoulder chain strap.14cm (H), 28cm (L), 7cm (D)Strap length: 61cmTwo magnetic snaps under the flapCan fit phones up to 6inchesMaterial: FabricStyle number: 632730609","This Pavilion Clutch Bag is crafted from a soft leopard printed faux fur. There is a gold branded medallion charm with pearls attached to the shoulder chain strap.14cm (H), 28cm (L), 7cm (D)Strap length: 61cmTwo magnetic snaps under the flapCan fit phones up to 6inchesMaterial: FabricStyle number: 632730609",129.00,129.00,https://kg-static-cache.s3.amazonaws.com/catalog/product/cache/thumbnail/2000x2000/6/3/6327630609_40.jpg?v=1&width=800,Trends > Pavilion,,22/09/2026,,TRUE,5020414729538,242,IN STOCK,,No Size,Brown,,,28,TRUE,TRUE,FALSE
Carvela,5799831209,5799831209,Carvela Women's Dark Brown Suede Mini Nina Tote,https://www.carvela.com/women/bags/tote-bags/nina-mini-tote-dark-brown-suede-carvela-5799831209?utm_source=display&utm_medium=programmatic&utm_campaign=performance&utm_content=rtg,"This Mini Nina Tote bag is crafted from a soft dark brown suede leather. There are two top handles, one with a printed satin scarf detail and a branded luggage style tag attached.18cm (H), 25cm (L), 10cm (D)Strap length: 117cmZipped closureInternal zipped pouchFour gold feetMaterial: SuedeStyle number: 5799831209","This Mini Nina Tote bag is crafted from a soft dark brown suede leather. There are two top handles, one with a printed satin scarf detail and a branded luggage style tag attached.18cm (H), 25cm (L), 10cm (D)Strap length: 117cmZipped closureInternal zipped pouchFour gold feetMaterial: SuedeStyle number: 5799831209",149.00,149.00,https://kg-static-cache.s3.amazonaws.com/catalog/product/cache/thumbnail/2000x2000/5/7/5799831209_40.jpg?v=1&width=800,Women > Bags > Tote-bags,WOMEN BAGS,22/09/2026,,TRUE,5045659897576,202,IN STOCK,,No Size,Brown,,,39,TRUE,TRUE,FALSE
Carvela,5569132069,5569132069,Carvela Women's Clutch Bag Mid Brown Fabric Cecilia,https://www.carvela.com/women/bags/clutch-bags/cecilia-hard-clutch-mid-brown-fabric-other-carvela-5569132069?utm_source=display&utm_medium=programmatic&utm_campaign=performance&utm_content=rtg,"This Cecilia Hard Clutch Bag is a structured clutch bag with gold trim crafted from a brown tonal striped satin fabric that is embellished with crystals. There is a crystal embellished clasp closure on the top.10cm (H), 18cm (L), 4cm (D)Strap length: 120cmGold chain cross body strapMaterial: FabricStyle number: 5569132069","This Cecilia Hard Clutch Bag is a structured clutch bag with gold trim crafted from a brown tonal striped satin fabric that is embellished with crystals. There is a crystal embellished clasp closure on the top.10cm (H), 18cm (L), 4cm (D)Strap length: 120cmGold chain cross body strapMaterial: FabricStyle number: 5569132069",119.00,119.00,https://kg-static-cache.s3.amazonaws.com/catalog/product/cache/thumbnail/2000x2000/5/5/5569132069_40.jpg?v=1&width=800,Women > Bags > Clutch-bags,WOMEN BAGS,22/09/2026,,TRUE,5020414729477,23,IN STOCK,,No Size,Brown,,,138,TRUE,TRUE,FALSE
Carvela,6327500609,6327500609,Carvela Mini Pavilion Fur Bag - Black Faux Fur Bag,https://www.carvela.com/trends/pavilion/pavilion-mini-fur-bag-black-fabric-carvela-6327500609?utm_source=display&utm_medium=programmatic&utm_campaign=performance&utm_content=rtg,"This Mini Pavilion Fur Bag features a black faux fur exterior. The hardware is in a gold tone with a Carvela medallion style keyring.24cm (H), &nbsp;31cm (L), 10cm (D)Strap length: 37cmStrap length cross body: 116cmOptional cross body strapMagnetic snap closureTwo woven embossed top handlesMaterial: FabricStyle number: 6327500609","This Mini Pavilion Fur Bag features a black faux fur exterior. The hardware is in a gold tone with a Carvela medallion style keyring.24cm (H), &nbsp;31cm (L), 10cm (D)Strap length: 37cmStrap length cross body: 116cmOptional cross body strapMagnetic snap closureTwo woven embossed top handlesMaterial: FabricStyle number: 6327500609",139.00,139.00,https://kg-static-cache.s3.amazonaws.com/catalog/product/cache/thumbnail/2000x2000/6/3/6327500609_40.jpg?v=1&width=800,Trends > Pavilion,,22/09/2026,,TRUE,5020414729514,111,IN STOCK,,No Size,Black,,,94,TRUE,TRUE,FALSE
Carvela,5216342609,5216342609,Carvela Gina Hobo Bag -,https://www.carvela.com/women/bags/shoulder-bags/gina-hobo-cream-fabric-carvela-5216342609?utm_source=display&utm_medium=programmatic&utm_campaign=performance&utm_content=rtg,"This Gina Hobo arrives in a cream faux fur. There is a simple deep red shoulder strap with black tassel charm attached to the zip top closure28cm (H), 43cm (L), 12cm (D)Strap length: 47cmFour gold tone feetMaterial: FabricStyle number: 5216342609","This Gina Hobo arrives in a cream faux fur. There is a simple deep red shoulder strap with black tassel charm attached to the zip top closure28cm (H), 43cm (L), 12cm (D)Strap length: 47cmFour gold tone feetMaterial: FabricStyle number: 5216342609",139.00,139.00,https://kg-static-cache.s3.amazonaws.com/catalog/product/cache/thumbnail/2000x2000/5/2/5216342609_40.jpg?v=1&width=800,Women > Bags > Shoulder-bags,WOMEN BAGS,22/09/2026,,TRUE,5020414729576,210,IN STOCK,,No Size,Nude,,,34,TRUE,TRUE,FALSE
Carvela,5799731209,5799731209,Carvela Women's Tote Bag Dark Brown Suede Nina Tote,https://www.carvela.com/women/bags/tote-bags/nina-tote-dark-brown-suede-carvela-5799731209?utm_source=display&utm_medium=programmatic&utm_campaign=performance&utm_content=rtg,"This Nina Tote Bag is crafted from a dark brown suede leather. There is both a dark brown luggage style tag as well as a statement satin scarf wrapped around the top handle.&nbsp;27cm (H), 26cm (L), 15cm (D)Strap length: 120cmZipped interior pocketZip closureMaterial: LeatherStyle number: 5799731209","This Nina Tote Bag is crafted from a dark brown suede leather. There is both a dark brown luggage style tag as well as a statement satin scarf wrapped around the top handle.&nbsp;27cm (H), 26cm (L), 15cm (D)Strap length: 120cmZipped interior pocketZip closureMaterial: LeatherStyle number: 5799731209",189.00,189.00,https://kg-static-cache.s3.amazonaws.com/catalog/product/cache/thumbnail/2000x2000/5/7/5799731209_40.jpg?v=1&width=800,Women > Bags > Tote-bags,WOMEN BAGS,22/09/2026,,TRUE,5045659897545,334,IN STOCK,,No Size,Brown,,,13,TRUE,TRUE,FALSE
Carvela,5799847209,5799847209,Carvela Women's Tote Bag Taupe Suede Nina Mini,https://www.carvela.com/women/bags/tote-bags/nina-mini-tote-taupe-suede-carvela-5799847209?utm_source=display&utm_medium=programmatic&utm_campaign=performance&utm_content=rtg,"This Mini Nina Tote bag is crafted from a soft taupe suede leather. There are two top handles, one with a printed satin scarf detail and a branded luggage style tag attached.18cm (H), 25cm (L), 10cm (D)Strap length: 117cmZipped closureInternal zipped pouchFour gold feetMaterial: SuedeStyle number: 5799847209","This Mini Nina Tote bag is crafted from a soft taupe suede leather. There are two top handles, one with a printed satin scarf detail and a branded luggage style tag attached.18cm (H), 25cm (L), 10cm (D)Strap length: 117cmZipped closureInternal zipped pouchFour gold feetMaterial: SuedeStyle number: 5799847209",149.00,149.00,https://kg-static-cache.s3.amazonaws.com/catalog/product/cache/thumbnail/2000x2000/5/7/5799847209_40.jpg?v=1&width=800,Women > Bags > Tote-bags,WOMEN BAGS,22/09/2026,,TRUE,5045659897613,231,IN STOCK,,No Size,Taupe,,,30,TRUE,TRUE,FALSE
Carvela,5716761449,5716761449,Carvela Amara Top Handle Bag - Metallic Gold Top Handle Bag,https://www.carvela.com/women/bags/amara-top-handle-gold-raffia-carvela-5716761449?utm_source=display&utm_medium=programmatic&utm_campaign=performance&utm_content=rtg,"This Amara Top Handle Bag is crafted from a brown satin fabric with bone polka dot design. There is a branded pebble style stud on the front flap.11cm (H), 19cm (L), 6cm (D)Strap length: 109cmCan fit phones up to 6inchesMagnetic snap closureFour gold tone feetMaterial: FabricStyle number: 5716761449","This Amara Top Handle Bag is crafted from a brown satin fabric with bone polka dot design. There is a branded pebble style stud on the front flap.11cm (H), 19cm (L), 6cm (D)Strap length: 109cmCan fit phones up to 6inchesMagnetic snap closureFour gold tone feetMaterial: FabricStyle number: 5716761449",119.00,119.00,https://kg-static-cache.s3.amazonaws.com/catalog/product/cache/thumbnail/2000x2000/5/7/5716761449_40.jpg?v=1&width=800,Women > Bags,WOMEN BAGS,22/09/2026,,TRUE,5045659732174,171,IN STOCK,,No Size,Metallic,,,61,TRUE,TRUE,FALSE
Carvela,5216330609,5216330609,Carvela Gina Hobo -,https://www.carvela.com/women/bags/shoulder-bags/gina-hobo-brown-fabric-carvela-5216330609?utm_source=display&utm_medium=programmatic&utm_campaign=performance&utm_content=rtg,"This Gina Hobo arrives in a leopard printed faux fur. There is a simple black shoulder strap with black tassel charm attached to the zip top closure28cm (H), 43cm (L), 12cm (D)Strap length: 47cmFour gold tone feetMaterial: FabricStyle number: 5216300609","This Gina Hobo arrives in a leopard printed faux fur. There is a simple black shoulder strap with black tassel charm attached to the zip top closure28cm (H), 43cm (L), 12cm (D)Strap length: 47cmFour gold tone feetMaterial: FabricStyle number: 5216300609",139.00,139.00,https://kg-static-cache.s3.amazonaws.com/catalog/product/cache/thumbnail/2000x2000/5/2/5216330609_40.jpg?v=1&width=800,Women > Bags > Shoulder-bags,WOMEN BAGS,22/09/2026,,TRUE,5020414729552,276,IN STOCK,,No Size,Brown,,,19,TRUE,TRUE,FALSE
Carvela,5716766069,5716766069,Carvela Women's Top Handle Bag Gold Combination Fabric Other Amara,https://www.carvela.com/women/bags/amara-top-handle-gold-combination-fabric-other-carvela-5716766069?utm_source=display&utm_medium=programmatic&utm_campaign=performance&utm_content=rtg,"This Amara Top Handle Bag is crafted from a leopard printed fabric with gold metallic details. There is a branded pebble style stud on the front flap.11cm (H), 19cm (L), 6cm (D)Strap length: 109cmCan fit phones up to 6inchesMagnetic snap closureFour gold tone feetMaterial: FabricStyle number: 5716766069","This Amara Top Handle Bag is crafted from a leopard printed fabric with gold metallic details. There is a branded pebble style stud on the front flap.11cm (H), 19cm (L), 6cm (D)Strap length: 109cmCan fit phones up to 6inchesMagnetic snap closureFour gold tone feetMaterial: FabricStyle number: 5716766069",119.00,119.00,https://kg-static-cache.s3.amazonaws.com/catalog/product/cache/thumbnail/2000x2000/5/7/5716766069_40.jpg?v=1&width=800,Women > Bags,WOMEN BAGS,22/09/2026,,TRUE,5045659732181,42,IN STOCK,,No Size,Metallic,,,128,TRUE,TRUE,FALSE
