prclient,prid,pridfiltered,prname,prurl,prshortdescription,prdescription,prdisplayprice,prprice,primageurl,prcategory,prsubcategory,prcreatedon,pralternativeurl,prbestseller,prsku,pravailablequantity,pravailability,prquantitysold,prsize,prcolor,prcountry,prfromprice,prposition,isactive,isdefault
Hawes & Curtis,5063755186349,5063755186349,Hawes & Curtis Tailored Fit Brown 1913 Suit Jacket,http://www.hawesandcurtis.com/tailored-fit-brown-1913-suit-jacket1-jkpvkt03-c01?utm_source=display&utm_medium=programmatic&utm_campaign=performance&utm_content=rtg,"Cut to a sharp tailored fit, this rich brown jacket is crafted from pure wool by Vitale Barberis Canonico in Italy, bringing a quiet sense of luxury to your wardrobe. The wool is naturally lightweight and breathable, with a smooth, fluid handle that holds its crisp structure with ease. Designed with clean jetted pockets, it creates a sleek, uninterrupted line that wears effortlessly from summer weddings to city evenings, delivering a look that feels refined, cool and quietly assured.• 100% Wool  • Notch lapels • Breast pocket • Jetted pockets • Mock horn buttons • Working button cuffs   Tailored Fit  The model is wearing a size 38 jacket. Model is 6'2""/ 188cm tall, with a 39"" / 100cm chest and a 31.5"" / 80cm waist.","Cut to a sharp tailored fit, this rich brown jacket is crafted from pure wool by Vitale Barberis Canonico in Italy, bringing a quiet sense of luxury to your wardrobe. The wool is naturally lightweight and breathable, with a smooth, fluid handle that holds its crisp structure with ease. Designed with clean jetted pockets, it creates a sleek, uninterrupted line that wears effortlessly from summer weddings to city evenings, delivering a look that feels refined, cool and quietly assured.• 100% Wool  • Notch lapels • Breast pocket • Jetted pockets • Mock horn buttons • Working button cuffs   Tailored Fit  The model is wearing a size 38 jacket. Model is 6'2""/ 188cm tall, with a 39"" / 100cm chest and a 31.5"" / 80cm waist.",529.00,529.00,https://handcmediastorage.blob.core.windows.net/productimages/JK/JKPVKT03-C01-215385-1400px-1820px.jpg,Clothing & Accessories > Clothing > Suits,Jackets & Blazers>Casualwear>Menswear,,,FALSE,JKPVKT03-C01,98,IN STOCK,,"36, 36 short, 38, 40, 40 short, 42, 42 short, 44, 44 short, 46, 48",Brown,,529.00,7,TRUE,TRUE
Hawes & Curtis,5063056900828,5063056900828,Hawes & Curtis Tailored Fit Navy Birdseye Suit Jacket,http://www.hawesandcurtis.com/navy-birdseye-wool-tailored-fit-suit-jacket-jkpraa73-g01?utm_source=display&utm_medium=programmatic&utm_campaign=performance&utm_content=rtg,"Impeccably crafted, this navy tailored-fit suit jacket is made from the finest Super 120s wool, featuring a subtle birdseye weave that adds texture and depth to its elegant finish. The single-breasted silhouette is fully lined and styled with a classic notch lapel and a two-button front for a clean, refined look. The double vents enable freedom of movement and finer details include a felt lining under the collar of the jacket, mock horn buttons and working button cuffs.• Notch lapels • Breast pocket • Internal pockets • Mock horn buttons • Working button cuffs• 100% wool Tailored Fit The model is wearing a size 40 jacket. Model is 6'2""/ 187.5cm tall, with a 38"" / 97cm chest and a 32"" / 81cm waist.","Impeccably crafted, this navy tailored-fit suit jacket is made from the finest Super 120s wool, featuring a subtle birdseye weave that adds texture and depth to its elegant finish. The single-breasted silhouette is fully lined and styled with a classic notch lapel and a two-button front for a clean, refined look. The double vents enable freedom of movement and finer details include a felt lining under the collar of the jacket, mock horn buttons and working button cuffs.• Notch lapels • Breast pocket • Internal pockets • Mock horn buttons • Working button cuffs• 100% wool Tailored Fit The model is wearing a size 40 jacket. Model is 6'2""/ 187.5cm tall, with a 38"" / 97cm chest and a 32"" / 81cm waist.",419.00,419.00,https://handcmediastorage.blob.core.windows.net/productimages/JK/JKPRAA73-G01-208898-1400px-1820px.jpg,Clothing & Accessories > Clothing > Suits,Casualwear>Menswear,,,FALSE,JKPRAA73-G01,19,IN STOCK,,"36, 38, 40, 40 short, 42, 42 short, 44, 44 short, 46, 48, 50",Navy,,419.00,85,TRUE,TRUE
Hawes & Curtis,5063755123696,5063755123696,Hawes & Curtis Tailored Fit Chocolate Crepe 1913 Suit Pants,http://www.hawesandcurtis.com/tailored-fit-chocolate-crepe-1913-suit-pants-trpvkt40-c30?utm_source=display&utm_medium=programmatic&utm_campaign=performance&utm_content=rtg,"Complete your formal wardrobe with these chocolate brown suit pants, crafted from pure tropical wool woven at the famed Vitale Barberis Canonico mill. Lightweight and breathable, the fine open weave allows air to circulate, while the smooth crepe texture offers excellent crease recovery. A hook and eye fastening and side adjusters provide a clean, comfortable fit. For the best fit, these pants can be selected unfinished for alteration.• 100% wool• Hook and eye fastening • Half lined to the knee Tailored Fit The model is wearing size 34 pants. Model is 6'1""/ 186cm tall, with a 40"" / 101cm chest and a 33"" / 83cm waist.","Complete your formal wardrobe with these chocolate brown suit pants, crafted from pure tropical wool woven at the famed Vitale Barberis Canonico mill. Lightweight and breathable, the fine open weave allows air to circulate, while the smooth crepe texture offers excellent crease recovery. A hook and eye fastening and side adjusters provide a clean, comfortable fit. For the best fit, these pants can be selected unfinished for alteration.• 100% wool• Hook and eye fastening • Half lined to the knee Tailored Fit The model is wearing size 34 pants. Model is 6'1""/ 186cm tall, with a 40"" / 101cm chest and a 33"" / 83cm waist.",250.00,250.00,https://handcmediastorage.blob.core.windows.net/productimages/TR/TRPVKT40-C30-217679-1400px-1820px.jpg,Clothing & Accessories > Clothing > Trousers & Jeans,Trousers>Casualwear>Menswear,,,FALSE,TRPVKT40-C30,21,IN STOCK,,"30-UNHEM, 32-UNHEM, 34-UNHEM, 36-UNHEM, 38-UNHEM, 40-UNHEM, 42-UNHEM",Chocolate,,250.00,77,TRUE,TRUE
Hawes & Curtis,5063755026973,5063755026973,Hawes & Curtis Tailored Fit Pink 1913 Morning Waistcoat,http://www.hawesandcurtis.com/tailored-fit-pink-1913-morning-waistcoat-wcplaa00-j01?utm_source=display&utm_medium=programmatic&utm_campaign=performance&utm_content=rtg,"An addition of colour with tailored class, complete a three piece ensemble with this double breasted pink waistcoat. This sartorial essential is crafted from pure wool from the renowned Italian Zignone Mill. The double breasted waistcoat features six button fastenings, two pockets, and a waist adjuster to the reverse.• 100% Wool• Italian Barberis Mill Tailored Fit Model is 6'1""/ 185cm tall, with a 40"" / 101cm chest and a 32"" / 81cm waist.","An addition of colour with tailored class, complete a three piece ensemble with this double breasted pink waistcoat. This sartorial essential is crafted from pure wool from the renowned Italian Zignone Mill. The double breasted waistcoat features six button fastenings, two pockets, and a waist adjuster to the reverse.• 100% Wool• Italian Barberis Mill Tailored Fit Model is 6'1""/ 185cm tall, with a 40"" / 101cm chest and a 32"" / 81cm waist.",260.00,260.00,https://handcmediastorage.blob.core.windows.net/productimages/WC/WCPLAA00-J01-214712-1400px-1820px.jpg,Clothing & Accessories > Clothing > Suits,Waistcoats>Casualwear>Menswear,,,FALSE,WCPLAA00-J01,58,IN STOCK,,"36, 38, 40, 42, 44, 46, 48",Pink,,260.00,20,TRUE,TRUE
Hawes & Curtis,5063755186738,5063755186738,Hawes & Curtis Tailored Fit Olive 1913 Suit Pants With Side Adjusters,http://www.hawesandcurtis.com/tailored-fit-olive-1913-suit-pants-with-side-adjusters-trpvkt03-e50?utm_source=display&utm_medium=programmatic&utm_campaign=performance&utm_content=rtg,"Cut to a tailored fit, these suit pants are crafted from pure wool by Vitale Barberis Canonico in Italy, offering a refined balance of structure and comfort for warmer days. Finished with side and rear pockets, smart waist adjusters and half lining to the knee, they deliver a clean, streamlined silhouette with all-day comfort. Easily styled with a crisp shirt and loafers for relaxed tailoring or dressed up with a matching jacket for a sharper, more elevated look.• 100% Wool• Side adjusters • Hook and eye fastening • Half lined to the knee  Tailored Fit The model is wearing size 30 pants. Model is 6'2""/ 189.5cm tall, with a 36.5"" / 93cm chest and a 29"" / 73.5cm waist.","Cut to a tailored fit, these suit pants are crafted from pure wool by Vitale Barberis Canonico in Italy, offering a refined balance of structure and comfort for warmer days. Finished with side and rear pockets, smart waist adjusters and half lining to the knee, they deliver a clean, streamlined silhouette with all-day comfort. Easily styled with a crisp shirt and loafers for relaxed tailoring or dressed up with a matching jacket for a sharper, more elevated look.• 100% Wool• Side adjusters • Hook and eye fastening • Half lined to the knee  Tailored Fit The model is wearing size 30 pants. Model is 6'2""/ 189.5cm tall, with a 36.5"" / 93cm chest and a 29"" / 73.5cm waist.",270.00,270.00,https://handcmediastorage.blob.core.windows.net/productimages/TR/TRPVKT03-E50-215411-1400px-1820px.jpg,Clothing & Accessories > Clothing > Trousers & Jeans,Outerwear>Menswear,,,FALSE,TRPVKT03-E50,86,IN STOCK,,"32"", 34"", 36"", 38"", 40"", 42""",Olive,,270.00,9,TRUE,TRUE
Hawes & Curtis,5063056943627,5063056943627,Hawes & Curtis Tailored Fit Wine Twill 1913 Blazer,http://www.hawesandcurtis.com/wine-twill-1913-blazer-copljt26-l30?utm_source=display&utm_medium=programmatic&utm_campaign=performance&utm_content=rtg,"Woven from pure wool at Italy's prestigious Reda mill, this wine twill blazer showcases exceptional craftsmanship and heritage. The distinctive twill construction creates refined texture and depth, enhancing the sophisticated wine hue with subtle visual interest. The tailored fit and notch lapels ensures a sharp, modern silhouette. A versatile piece, it can be styled with merino knitwear for an added layer of warmth. • 100% Wool • Patch pockets • Internal pockets • Mock horn buttons • Working button cuffs •Tailored Fit  The model is wearing a size 38. Model is 6'2""/ 189cm tall, with a 38"" / 98cm chest and a 32"" / 82cm waist.","Woven from pure wool at Italy's prestigious Reda mill, this wine twill blazer showcases exceptional craftsmanship and heritage. The distinctive twill construction creates refined texture and depth, enhancing the sophisticated wine hue with subtle visual interest. The tailored fit and notch lapels ensures a sharp, modern silhouette. A versatile piece, it can be styled with merino knitwear for an added layer of warmth. • 100% Wool • Patch pockets • Internal pockets • Mock horn buttons • Working button cuffs •Tailored Fit  The model is wearing a size 38. Model is 6'2""/ 189cm tall, with a 38"" / 98cm chest and a 32"" / 82cm waist.",349.00,349.00,https://handcmediastorage.blob.core.windows.net/productimages/CO/COPLJT26-L30-206726-1400px-1820px.jpg,Clothing & Accessories > Clothing > Suits,Blazers>Casualwear>Menswear,,,FALSE,COPLJT26-L30,6,IN STOCK,,48,Wine,,599.00,116,TRUE,TRUE
Hawes & Curtis,5063056752151,5063056752151,Hawes & Curtis Tailored Fit Blue Semi Plain 1913 Suit Jacket,http://www.hawesandcurtis.com/blue-semi-plain-italian-wool-tailored-fit-suit-jacket-1913-collection-jkpvia29-b01?utm_source=display&utm_medium=programmatic&utm_campaign=performance&utm_content=rtg,"A smart suit jacket joining the premium 1913 collection in a flattering blue colourway.  This semi-plain pattern is made with the finest pure wool from the famed Vitale Barberis Canonico mill for breathability and versatility. It features a lined, single-breasted jacket with straight pockets on either side, complete with flaps. The jacket is designed with elegant double vents to allow for freedom of movement. • 100% wool  • Notch lapels • Breast pocket • Internal pockets • Mock horn buttons • Working button cuffs   Tailored Fit  The model is wearing a size 38 jacket. Model is 6'3""/ 190cm tall, with a 38"" / 96cm chest and a 31"" / 78cm waist.","A smart suit jacket joining the premium 1913 collection in a flattering blue colourway.  This semi-plain pattern is made with the finest pure wool from the famed Vitale Barberis Canonico mill for breathability and versatility. It features a lined, single-breasted jacket with straight pockets on either side, complete with flaps. The jacket is designed with elegant double vents to allow for freedom of movement. • 100% wool  • Notch lapels • Breast pocket • Internal pockets • Mock horn buttons • Working button cuffs   Tailored Fit  The model is wearing a size 38 jacket. Model is 6'3""/ 190cm tall, with a 38"" / 96cm chest and a 31"" / 78cm waist.",609.00,609.00,https://handcmediastorage.blob.core.windows.net/productimages/JK/JKPVIA29-B01-204290-1400px-1820px.jpg,Clothing & Accessories > Clothing > Suits,Casualwear>Menswear,,,FALSE,JKPVIA29-B01,36,IN STOCK,,"36, 38, 38 short, 40, 40 short, 42, 44, 46, 48",Blue,,609.00,40,TRUE,TRUE
Hawes & Curtis,5063056917116,5063056917116,Hawes & Curtis Tailored Fit Dark Blue Suit Jacket,http://www.hawesandcurtis.com/tailored-fit-dark-blue-suit-jacket-jkprjc08-b34?utm_source=display&utm_medium=programmatic&utm_campaign=performance&utm_content=rtg,"In merino flannel wool, this dark blue double-breasted suit jacket combines a smooth, structured feel with a tailored, modern fit. Soft to the touch with a lightly brushed finish, the flannel wool adds subtle depth and warmth. Defined by its sharp peak lapels and traditional six-button closure, it exudes an effortlessly smart look. Fully lined for comfort, this suit is ideal for both formal settings and sophisticated day-to-day wear. • 100% Wool• Peak lapel • Breast pocket • Internal pockets • Working button cuffs   Tailored Fit  The model is wearing a size 38 jacket. Model is 6'2""/ 188cm tall, with a 39"" / 100cm chest and a 31.5"" / 80cm waist.","In merino flannel wool, this dark blue double-breasted suit jacket combines a smooth, structured feel with a tailored, modern fit. Soft to the touch with a lightly brushed finish, the flannel wool adds subtle depth and warmth. Defined by its sharp peak lapels and traditional six-button closure, it exudes an effortlessly smart look. Fully lined for comfort, this suit is ideal for both formal settings and sophisticated day-to-day wear. • 100% Wool• Peak lapel • Breast pocket • Internal pockets • Working button cuffs   Tailored Fit  The model is wearing a size 38 jacket. Model is 6'2""/ 188cm tall, with a 39"" / 100cm chest and a 31.5"" / 80cm waist.",389.00,389.00,https://handcmediastorage.blob.core.windows.net/productimages/JK/JKPRJC08-B34-217507-1400px-1820px.jpg,Clothing & Accessories > Clothing > Suits,Menswear,,,FALSE,JKPRJC08-B34,34,IN STOCK,,"36, 36 short, 38 short, 40, 40 short, 42, 42 long, 42 short, 44, 44 long, 44 short, 46, 46 long, 46 short, 48, 50, 52",Dark Blue,,389.00,44,TRUE,TRUE
Hawes & Curtis,5063755134371,5063755134371,Hawes & Curtis Tailored Fit Black Twill 1913 Suit Jacket,http://www.hawesandcurtis.com/tailored-fit-black-twill-1913-suit-jacket-jkpvjt93-a01?utm_source=display&utm_medium=programmatic&utm_campaign=performance&utm_content=rtg,"Perfectly sharp no matter the occasion, this tailored black suit jacket is made from the finest super 110s pure Italian wool by the renowned Reda Mill in a twill weave. The lined, single-breasted jacket is designed with a breast pocket and two pockets on either side with flaps. The elegant double vents enable freedom of movement. • 100% wool• Italian Reda Mill Tailored Fit The model is wearing a size 38 jacket. Model is 6'2""/ 188cm tall, with a 39"" / 100cm chest and a 31.5"" / 80cm waist.","Perfectly sharp no matter the occasion, this tailored black suit jacket is made from the finest super 110s pure Italian wool by the renowned Reda Mill in a twill weave. The lined, single-breasted jacket is designed with a breast pocket and two pockets on either side with flaps. The elegant double vents enable freedom of movement. • 100% wool• Italian Reda Mill Tailored Fit The model is wearing a size 38 jacket. Model is 6'2""/ 188cm tall, with a 39"" / 100cm chest and a 31.5"" / 80cm waist.",519.00,519.00,https://handcmediastorage.blob.core.windows.net/productimages/JK/JKPVJT93-A01-218953-1400px-1820px.jpg,Clothing & Accessories > Clothing > Suits,Casualwear>Menswear,,,FALSE,JKPVJT93-A01,207,IN STOCK,,"36, 38, 38 short, 40, 40 long, 40 short, 42, 42 long, 42 short, 44, 44 long, 44 short, 46, 46 long, 46 short, 48, 50",Black,,519.00,2,TRUE,TRUE
Hawes & Curtis,5063755061844,5063755061844,Hawes & Curtis Tailored Fit Light Grey Waistcoat,http://www.hawesandcurtis.com/tailored-fit-light-grey-waistcoat-wcprkt68-f42?utm_source=display&utm_medium=programmatic&utm_campaign=performance&utm_content=rtg,"This light grey linen waistcoat is tailored to a streamlined, modern fit. Made from breathable pure linen, it combines structure and ease for effortless refinement, keeping you comfortable even in the height of summer while completing any warm-weather ensemble with style.• 100% linen • Two welt pockets • Waist adjuster • Mock horn buttons  Tailored Fit  The model is wearing a size 40. Model is 6'1""/ 186cm tall, with a 40"" / 101cm chest and a 33"" / 83cm waist.","This light grey linen waistcoat is tailored to a streamlined, modern fit. Made from breathable pure linen, it combines structure and ease for effortless refinement, keeping you comfortable even in the height of summer while completing any warm-weather ensemble with style.• 100% linen • Two welt pockets • Waist adjuster • Mock horn buttons  Tailored Fit  The model is wearing a size 40. Model is 6'1""/ 186cm tall, with a 40"" / 101cm chest and a 33"" / 83cm waist.",110.00,110.00,https://handcmediastorage.blob.core.windows.net/productimages/WC/WCPRKT68-F42-214266-1400px-1820px.jpg,Clothing & Accessories > Clothing > Suits,Waistcoats>Casualwear>Menswear,,,FALSE,WCPRKT68-F42,27,IN STOCK,,"36, 38, 40, 42, 44, 46, 48, 50",Light Grey,,180.00,61,TRUE,TRUE
Hawes & Curtis,5063056754254,5063056754254,Hawes & Curtis Tailored Fit Greige 1913 Suit Jacket,http://www.hawesandcurtis.com/greige-italian-wool-tailored-fit-suit-jacket-1913-collection-jkpvia30-z01?utm_source=display&utm_medium=programmatic&utm_campaign=performance&utm_content=rtg,"A sleek addition to any man's wardrobe, this greige suit jacket is crafted from the finest Super 120s pure wool by the Vitale Barberis Canonico mill, woven in a lightweight tropical wool construction. For undeniable comfort, this luxurious wool fabric is perfect for year-round wear and providing breathability over the summer period. Designed in a single-breasted style, it is fully lined and designed with straight pockets on either side and flaps. It also has elegant double vents that provide freedom of movement. • 100% wool • Notch lapels • Breast pocket • Internal pockets • Mock horn buttons • Working button cuffs   Tailored Fit  The model is wearing a size 38 jacket.  Model is 6'2""/ 189cm tall, with a 40"" / 101cm chest and a 32"" / 81cm waist.","A sleek addition to any man's wardrobe, this greige suit jacket is crafted from the finest Super 120s pure wool by the Vitale Barberis Canonico mill, woven in a lightweight tropical wool construction. For undeniable comfort, this luxurious wool fabric is perfect for year-round wear and providing breathability over the summer period. Designed in a single-breasted style, it is fully lined and designed with straight pockets on either side and flaps. It also has elegant double vents that provide freedom of movement. • 100% wool • Notch lapels • Breast pocket • Internal pockets • Mock horn buttons • Working button cuffs   Tailored Fit  The model is wearing a size 38 jacket.  Model is 6'2""/ 189cm tall, with a 40"" / 101cm chest and a 32"" / 81cm waist.",529.00,529.00,https://handcmediastorage.blob.core.windows.net/productimages/JK/JKPVIA30-Z01-216112-1400px-1820px.jpg,Clothing & Accessories > Clothing > Suits,Outerwear>Menswear,,,FALSE,JKPVIA30-Z01,59,IN STOCK,,"36, 36 short, 38, 38 short, 40, 40 long, 40 short, 42, 42 long, 42 short, 44, 44 short, 46, 48",Greige,,529.00,16,TRUE,TRUE
Hawes & Curtis,5063056763041,5063056763041,Hawes & Curtis Tailored Fit Greige 1913 Suit Trousers,http://www.hawesandcurtis.com/greige-italian-wool-tailored-fit-suit-trousers-1913-collection-trpvia30-z01?utm_source=display&utm_medium=programmatic&utm_campaign=performance&utm_content=rtg,"Choose these greige suit trousers in a tailored fit to pair with their matching jacket or styled with your casual tops. These pants are made from the finest Super 120s pure wool by the Vitale Barberis Canonico mill, woven in a lightweight tropical wool construction for breathable, versatile comfort in warmer weather. Designed with side and rear pockets, waist adjusters and the option for unfinished alterations. • 100% wool  • Hook and eye fastening • Half lined to the knee   Tailored Fit  The model is wearing size 32 trousers. Model is 6'1""/ 186cm tall, with a 40"" / 101cm chest and a 33"" / 83cm waist.","Choose these greige suit trousers in a tailored fit to pair with their matching jacket or styled with your casual tops. These pants are made from the finest Super 120s pure wool by the Vitale Barberis Canonico mill, woven in a lightweight tropical wool construction for breathable, versatile comfort in warmer weather. Designed with side and rear pockets, waist adjusters and the option for unfinished alterations. • 100% wool  • Hook and eye fastening • Half lined to the knee   Tailored Fit  The model is wearing size 32 trousers. Model is 6'1""/ 186cm tall, with a 40"" / 101cm chest and a 33"" / 83cm waist.",260.00,260.00,https://handcmediastorage.blob.core.windows.net/productimages/TR/TRPVIA30-Z01-216125-1400px-1820px.jpg,Clothing & Accessories > Clothing > Trousers & Jeans,Menswear,,,FALSE,TRPVIA30-Z01,39,IN STOCK,,"30"", 32"", 34"", 36"", 38"", 40"", 42""",Greige,,260.00,34,TRUE,TRUE
Hawes & Curtis,5063755061448,5063755061448,Hawes & Curtis Tailored Fit Light Grey Linen Suit Trousers,http://www.hawesandcurtis.com/tailored-fit-light-grey-suit-trousers-trprkt68-f42?utm_source=display&utm_medium=programmatic&utm_campaign=performance&utm_content=rtg,"These light grey flat-front linen trousers redefine warm-weather tailoring. Expertly cut in a tailored fit, they sculpt a modern, flattering silhouette with clean, streamlined lines. Offered unfinished for a perfect personal fit, they can be brought to any of our stores for complimentary alterations, ensuring effortless polish from summer mornings to evening affairs.• 100% linen • Hook and eye fastening • Half lined to the knee   Tailored Fit  The model is wearing a size 32 trousers.  Model is 6'1""/ 186cm tall, with a 40"" / 101cm chest and a 33"" / 83cm waist.","These light grey flat-front linen trousers redefine warm-weather tailoring. Expertly cut in a tailored fit, they sculpt a modern, flattering silhouette with clean, streamlined lines. Offered unfinished for a perfect personal fit, they can be brought to any of our stores for complimentary alterations, ensuring effortless polish from summer mornings to evening affairs.• 100% linen • Hook and eye fastening • Half lined to the knee   Tailored Fit  The model is wearing a size 32 trousers.  Model is 6'1""/ 186cm tall, with a 40"" / 101cm chest and a 33"" / 83cm waist.",120.00,120.00,https://handcmediastorage.blob.core.windows.net/productimages/TR/TRPRKT68-F42-214262-1400px-1820px.jpg,Clothing & Accessories > Clothing > Trousers & Jeans,Trousers>Casualwear>Menswear,,,FALSE,TRPRKT68-F42,31,IN STOCK,,"32-UNHEM, 36-UNHEM, 38-UNHEM, 42-UNHEM",Light Grey,,190.00,48,TRUE,TRUE
Hawes & Curtis,5063755307133,5063755307133,Hawes & Curtis Tailored Fit Brown Mouline 1913 Suit Trousers With Side Adjusters,http://www.hawesandcurtis.com/tailored-fit-brown-mouline-1913-suit-trousers-with-side-adjusters-trpllt94-c01?utm_source=display&utm_medium=programmatic&utm_campaign=performance&utm_content=rtg,"Blending tradition with modern sophistication, these brown suit trousers showcase Italian tailoring at its finest. Crafted from 100% Mouline wool woven by the renowned Reda Mill in Italy, they feature a clean flat-front design and discreet side adjusters for a naturally refined silhouette. Available unfinished for personalised finishing, they offer luxurious versatility for sophisticated styling.• 100% Mouline Wool• Side adjusters  • Hook and eye fastening • Half lined to the knee   Tailored Fit  Model is 6'2""/ 189.5cm tall, with a 36.5"" / 93cm chest and a 29"" / 73.5cm waist.","Blending tradition with modern sophistication, these brown suit trousers showcase Italian tailoring at its finest. Crafted from 100% Mouline wool woven by the renowned Reda Mill in Italy, they feature a clean flat-front design and discreet side adjusters for a naturally refined silhouette. Available unfinished for personalised finishing, they offer luxurious versatility for sophisticated styling.• 100% Mouline Wool• Side adjusters  • Hook and eye fastening • Half lined to the knee   Tailored Fit  Model is 6'2""/ 189.5cm tall, with a 36.5"" / 93cm chest and a 29"" / 73.5cm waist.",320.00,320.00,https://handcmediastorage.blob.core.windows.net/productimages/TR/TRPLLT94-C01-219064-1400px-1820px.jpg,Clothing & Accessories > Clothing > Trousers & Jeans,Menswear,,,FALSE,TRPLLT94-C01,23,IN STOCK,,"30-UNHEM, 32-UNHEM, 34-UNHEM, 36-UNHEM, 38-UNHEM, 40-UNHEM, 42-UNHEM, 44-UNHEM""",Brown,,320.00,72,TRUE,TRUE
Hawes & Curtis,5063056645408,5063056645408,Hawes & Curtis Tailored Fit Navy Chalk Stripe 1913 Suit Pants,http://www.hawesandcurtis.com/navy-stripe-tailored-flannel-suit-trousers-1913-collection-trslha60-g01?utm_source=display&utm_medium=programmatic&utm_campaign=performance&utm_content=rtg,"Experience timeless elegance with these navy stripe suit pants, crafted from premium wool flannel fabric by the renowned Italian Guabello mill. Designed for versatility and sophistication, these pants seamlessly transition from boardroom to formal events with ease. To ensure the best fit, you can choose suit pants that are unfinished and require alteration. Bring your pants to any of our stores for free alterations. • 100% wool  • Hook and eye fastening • Half lined to the knee   Tailored Fit  The model is wearing size 32 pants.","Experience timeless elegance with these navy stripe suit pants, crafted from premium wool flannel fabric by the renowned Italian Guabello mill. Designed for versatility and sophistication, these pants seamlessly transition from boardroom to formal events with ease. To ensure the best fit, you can choose suit pants that are unfinished and require alteration. Bring your pants to any of our stores for free alterations. • 100% wool  • Hook and eye fastening • Half lined to the knee   Tailored Fit  The model is wearing size 32 pants.",320.00,320.00,https://handcmediastorage.blob.core.windows.net/productimages/TR/TRSLHA60-G01-217136-1400px-1820px.jpg,Clothing & Accessories > Clothing > Trousers & Jeans,Trousers>Casualwear>Menswear,,,FALSE,TRSLHA60-G01,7,IN STOCK,,"30-UNHEM, 32-UNHEM, 38-UNHEM, 40-UNHEM, 42-UNHEM, 44-UNHEM""",Navy,,320.00,115,TRUE,TRUE
Hawes & Curtis,5063056763102,5063056763102,Hawes & Curtis Tailored Fit Brown 1913 Blazer,http://www.hawesandcurtis.com/brown-cotton-wool-blend-blazer-1913-collection-copvi347-c01?utm_source=display&utm_medium=programmatic&utm_campaign=performance&utm_content=rtg,"An eye-catching addition, this brown blazer is crafted from a luxurious blend of cotton and wool by the prestigious Vitale Barberis Canonico Mill. The hight-twist fabrication is perfect for a half-lined blazer with a softer chest construction; ensuring a comfortable and lightweight feel. The blazer oozes refinement with patch pockets and a smooth, comfortable texture, perfect for both professional and casual settings. • 52% Cotton 48% Wool • Half Lined • Patch pockets • Internal pockets • Mock horn buttons • Working button cuffs   Tailored Fit  The model is wearing a size 38. Model is 6'1""/ 185cm tall, with a 38"" / 96cm chest and a 31"" / 80cm waist.","An eye-catching addition, this brown blazer is crafted from a luxurious blend of cotton and wool by the prestigious Vitale Barberis Canonico Mill. The hight-twist fabrication is perfect for a half-lined blazer with a softer chest construction; ensuring a comfortable and lightweight feel. The blazer oozes refinement with patch pockets and a smooth, comfortable texture, perfect for both professional and casual settings. • 52% Cotton 48% Wool • Half Lined • Patch pockets • Internal pockets • Mock horn buttons • Working button cuffs   Tailored Fit  The model is wearing a size 38. Model is 6'1""/ 185cm tall, with a 38"" / 96cm chest and a 31"" / 80cm waist.",239.00,239.00,https://handcmediastorage.blob.core.windows.net/productimages/CO/COPVI347-C01-202173-1400px-1820px.jpg,Clothing & Accessories > Clothing > Suits,Blazers>Casualwear>Menswear,,,FALSE,COPVI347-C01,37,IN STOCK,,"36, 38, 42, 44, 46, 48, 50",Brown,,599.00,37,TRUE,TRUE
Hawes & Curtis,5063755315619,5063755315619,Hawes & Curtis Tailored Fit Washed Red 1913 Blazer,http://www.hawesandcurtis.com/tailored-fit-washed-red-1913-blazer-copll416-l74?utm_source=display&utm_medium=programmatic&utm_campaign=performance&utm_content=rtg,"A distinctive washed red sets this double-breasted blazer apart, crafted from a luxurious wool, cotton and cashmere blend by the prestigious Vitale Barberis Canonico mill. The softly brushed flannel finish and subtle twill weave give the cloth a beautifully soft handle, while the touch of cashmere adds a layer of sumptuous comfort. Finished in a considered double-breasted silhouette, it brings character to both formal tailoring and more relaxed smart-casual dressing.• 55% Wool, 35% Cotton,10% Cashmere • Patch pockets • Internal pockets • Mock horn buttons • Working button cuffs   Tailored Fit  Model is wearing a size 40.  Model is 6'1""/ 186cm tall, with a 40"" / 101cm chest and a 33"" / 83cm waist.","A distinctive washed red sets this double-breasted blazer apart, crafted from a luxurious wool, cotton and cashmere blend by the prestigious Vitale Barberis Canonico mill. The softly brushed flannel finish and subtle twill weave give the cloth a beautifully soft handle, while the touch of cashmere adds a layer of sumptuous comfort. Finished in a considered double-breasted silhouette, it brings character to both formal tailoring and more relaxed smart-casual dressing.• 55% Wool, 35% Cotton,10% Cashmere • Patch pockets • Internal pockets • Mock horn buttons • Working button cuffs   Tailored Fit  Model is wearing a size 40.  Model is 6'1""/ 186cm tall, with a 40"" / 101cm chest and a 33"" / 83cm waist.",699.00,699.00,https://handcmediastorage.blob.core.windows.net/productimages/CO/COPLL416-L74-217789-1400px-1820px.jpg,Clothing & Accessories > Clothing > Suits,Blazers>Casualwear>Menswear,,,FALSE,COPLL416-L74,20,IN STOCK,,"36, 38, 40, 42, 44, 46, 48, 50",Washed Red,,699.00,81,TRUE,TRUE
Hawes & Curtis,5063056928167,5063056928167,Hawes & Curtis Tailored Fit Olive 1913 Suit Jacket,http://www.hawesandcurtis.com/tailored-fit-olive-1913-suit-jacket-jkpljt17-e50?utm_source=display&utm_medium=programmatic&utm_campaign=performance&utm_content=rtg,"Woven by Italy's Barberis mill from super 120s flannel wool, this olive double-breasted suit offers exceptional softness and sumptuous texture in equal measure. Featuring peak lapels and a sharp tailored fit, the jacket offers a confident, modern take on classic suiting perfect for warm-weather events or everyday sophistication.  • 100% Wool• Peak lapel • Breast pocket • Internal pockets • Working button cuffs   Tailored Fit  The model is wearing a size 38 jacket.  Model is 6'2""/ 189cm tall, with a 40"" / 101cm chest and a 32"" / 81cm waist.","Woven by Italy's Barberis mill from super 120s flannel wool, this olive double-breasted suit offers exceptional softness and sumptuous texture in equal measure. Featuring peak lapels and a sharp tailored fit, the jacket offers a confident, modern take on classic suiting perfect for warm-weather events or everyday sophistication.  • 100% Wool• Peak lapel • Breast pocket • Internal pockets • Working button cuffs   Tailored Fit  The model is wearing a size 38 jacket.  Model is 6'2""/ 189cm tall, with a 40"" / 101cm chest and a 32"" / 81cm waist.",619.00,619.00,https://handcmediastorage.blob.core.windows.net/productimages/JK/JKPLJT17-E50-217104-1400px-1820px.jpg,Clothing & Accessories > Clothing > Suits,Outerwear>Menswear,,,FALSE,JKPLJT17-E50,30,IN STOCK,,"36, 36 short, 38, 38 short, 40, 40 long, 40 short, 42, 42 long, 42 short, 44, 44 long, 44 short, 46, 48",Olive,,619.00,50,TRUE,TRUE
Hawes & Curtis,5063755307584,5063755307584,Hawes & Curtis Tailored Fit Grey Crosshatch 1913 Suit Jacket,http://www.hawesandcurtis.com/tailored-fit-grey-crosshatch-1913-suit-jacket-jkcllt39-f01?utm_source=display&utm_medium=programmatic&utm_campaign=performance&utm_content=rtg,"Woven at Italy's Reda Mill from a Super 130s pure wool, this grey wool suit jacket carries a crosshatch weave that stays quiet from across the room and shows itself up close. The fine, high-grade Italian wool gives the fabric a smooth, refined hand and natural lightweight drape, the kind of quality that comes from generations of milling expertise. The single-breasted, tailored fit jacket is fully lined for a sharp, structured finish. A piece that earns its place at the front of the wardrobe.• 100% Crosshatch Wool • Notch lapels • Breast pocket • Internal pockets • Mock horn buttons • Working button cuffs   Tailored Fit  Model is 6'2""/ 189cm tall, with a 40"" / 101cm chest and a 32"" / 81cm waist.","Woven at Italy's Reda Mill from a Super 130s pure wool, this grey wool suit jacket carries a crosshatch weave that stays quiet from across the room and shows itself up close. The fine, high-grade Italian wool gives the fabric a smooth, refined hand and natural lightweight drape, the kind of quality that comes from generations of milling expertise. The single-breasted, tailored fit jacket is fully lined for a sharp, structured finish. A piece that earns its place at the front of the wardrobe.• 100% Crosshatch Wool • Notch lapels • Breast pocket • Internal pockets • Mock horn buttons • Working button cuffs   Tailored Fit  Model is 6'2""/ 189cm tall, with a 40"" / 101cm chest and a 32"" / 81cm waist.",649.00,649.00,https://handcmediastorage.blob.core.windows.net/productimages/JK/JKCLLT39-F01-219068-1400px-1820px.jpg,Clothing & Accessories > Clothing > Suits,Outerwear>Menswear,,,FALSE,JKCLLT39-F01,35,IN STOCK,,"36, 36 short, 38, 38 short, 40, 40 long, 40 short, 42, 42 long, 42 short, 44, 44 short, 46, 48, 50, One Size",Grey,,649.00,43,TRUE,TRUE
Hawes & Curtis,5063056525472,5063056525472,Hawes & Curtis Tailored Fit Navy Twill Suit Jacket,http://www.hawesandcurtis.com/navy-twill-tailored-suit-jacket-jkpraa01-g01?utm_source=display&utm_medium=programmatic&utm_campaign=performance&utm_content=rtg,"Choose sophistication in this navy twill tailored suit made from the finest wool. The lined, single breasted jacket is designed with smart notch lapels and a two button front. It has one welt breast pocket and two straight pockets on either side with flaps. The elegant double vents enable freedom of movement. • Notch lapels • Breast pocket • Internal pockets • Mock horn buttons • Working button cuffs• 100% wool  Tailored Fit The model is wearing a size 38 jacket.","Choose sophistication in this navy twill tailored suit made from the finest wool. The lined, single breasted jacket is designed with smart notch lapels and a two button front. It has one welt breast pocket and two straight pockets on either side with flaps. The elegant double vents enable freedom of movement. • Notch lapels • Breast pocket • Internal pockets • Mock horn buttons • Working button cuffs• 100% wool  Tailored Fit The model is wearing a size 38 jacket.",379.00,379.00,https://handcmediastorage.blob.core.windows.net/productimages/JK/JKPRAA01-G01-203319-1400px-1820px.jpg,Clothing & Accessories > Clothing > Suits,Outerwear>Menswear,,,FALSE,JKPRAA01-G01,61,IN STOCK,,"36, 36 short, 38, 38 short, 40, 40 short, 42, 42 long, 42 short, 44, 44 long, 44 short, 46, 46 long, 46 short, 48",Navy,,379.00,15,TRUE,TRUE
Hawes & Curtis,5063755315336,5063755315336,Hawes & Curtis Tailored Fit Dark Wine 1913 Blazer,http://www.hawesandcurtis.com/tailored-fit-dark-wine-1913-blazer-copll413-z90?utm_source=display&utm_medium=programmatic&utm_campaign=performance&utm_content=rtg,"A refined addition to the 1913 collection, this dark wine blazer is crafted in Italy from a luxurious Bouclé Wool by the prestigious Lanificio di Pray mill. The bouclé weave brings natural texture and depth, while the wool offers warmth and breathability with a soft, tactile handle. Cut in a refined tailored fit, the single-breasted silhouette offers a sophisticated look, while patch pockets add a relaxed touch. Finished in a rich, flecked dark wine, this blazer effortlessly bridges smart and casual dressing. • 100% Wool  • Half-lined • Breast pocket • Patch pockets • Mock horn buttons • Working button cuffs  Tailored Fit Model is 6'2""/ 189.5cm tall, with a 36.5"" / 93cm chest and a 29"" / 73.5cm waist.","A refined addition to the 1913 collection, this dark wine blazer is crafted in Italy from a luxurious Bouclé Wool by the prestigious Lanificio di Pray mill. The bouclé weave brings natural texture and depth, while the wool offers warmth and breathability with a soft, tactile handle. Cut in a refined tailored fit, the single-breasted silhouette offers a sophisticated look, while patch pockets add a relaxed touch. Finished in a rich, flecked dark wine, this blazer effortlessly bridges smart and casual dressing. • 100% Wool  • Half-lined • Breast pocket • Patch pockets • Mock horn buttons • Working button cuffs  Tailored Fit Model is 6'2""/ 189.5cm tall, with a 36.5"" / 93cm chest and a 29"" / 73.5cm waist.",619.00,619.00,https://handcmediastorage.blob.core.windows.net/productimages/CO/COPLL413-Z90-218702-1400px-1820px.jpg,Clothing & Accessories > Clothing > Suits,Blazers>Casualwear>Menswear,,,FALSE,COPLL413-Z90,22,IN STOCK,,"36, 38, 40, 42, 44, 46, 48, 50",Dark Wine,,619.00,74,TRUE,TRUE
Hawes & Curtis,5063056089332,5063056089332,Hawes & Curtis Tailored Fit Black 1913 Dinner Suit Pants,http://www.hawesandcurtis.com/mens-black-tailored-fit-dinner-suit-trousers-1913-collection-trplaa04-a01?utm_source=display&utm_medium=programmatic&utm_campaign=performance&utm_content=rtg,"These black tailored fit dinner suit pants are half lined to the knee and feature a hook and eye fastening, side and rear pockets and smart waist adjusters. Woven in Italy from the finest 110s wool from the Reda mill. To ensure the best fit, you can choose suit pants that are unfinished and require alteration. This allows you to have your trousers tailored to the precise length you need. Bring your pants to any of our stores for free alterations.• 100% wool• Lining: 100% polyester  Tailored Fit  The model is wearing size 32 pants. Model is 6'1""/ 186cm tall, with a 40"" / 101.5cm chest and a 33"" / 83.5cm waist.","These black tailored fit dinner suit pants are half lined to the knee and feature a hook and eye fastening, side and rear pockets and smart waist adjusters. Woven in Italy from the finest 110s wool from the Reda mill. To ensure the best fit, you can choose suit pants that are unfinished and require alteration. This allows you to have your trousers tailored to the precise length you need. Bring your pants to any of our stores for free alterations.• 100% wool• Lining: 100% polyester  Tailored Fit  The model is wearing size 32 pants. Model is 6'1""/ 186cm tall, with a 40"" / 101.5cm chest and a 33"" / 83.5cm waist.",350.00,350.00,https://handcmediastorage.blob.core.windows.net/productimages/TR/TRPLAA04-A01-211237-1400px-1820px.jpg,Clothing & Accessories > Clothing > Trousers & Jeans,Wedding>Menswear,,,FALSE,TRPLAA04-A01,53,IN STOCK,,"30"", 32"", 36"", 38"", 42"", 44""",Black,,350.00,24,TRUE,TRUE
Hawes & Curtis,5063056933963,5063056933963,Hawes & Curtis Tailored Fit Navy Chalk Stripe 1913 Suit Jacket,http://www.hawesandcurtis.com/tailored-fit-navy-chalk-stripe-1913-suit-jacket-jksvjt29-g01?utm_source=display&utm_medium=programmatic&utm_campaign=performance&utm_content=rtg,"A refined addition to the 1913 collection, this navy chalk stripe suit jacket is tailored from luxurious Super 110s wool woven by the renowned Barberis mill in Italy. The subtle stripe pattern adds depth and timeless sophistication, while the tailored fit ensures a sharp silhouette. Finished with a fully lined interior, single-breasted front, flap pockets, and double vents for ease of movement, a classic choice for modern elegance.• 100% Wool  • Notch lapels • Breast pocket • Internal pockets • Mock horn buttons • Working button cuffs   Tailored Fit  The model is wearing a size 38 jacket. Model is 6'1""/ 186cm tall, with a 39.5"" / 100cm chest and a 32"" / 81cm waist.","A refined addition to the 1913 collection, this navy chalk stripe suit jacket is tailored from luxurious Super 110s wool woven by the renowned Barberis mill in Italy. The subtle stripe pattern adds depth and timeless sophistication, while the tailored fit ensures a sharp silhouette. Finished with a fully lined interior, single-breasted front, flap pockets, and double vents for ease of movement, a classic choice for modern elegance.• 100% Wool  • Notch lapels • Breast pocket • Internal pockets • Mock horn buttons • Working button cuffs   Tailored Fit  The model is wearing a size 38 jacket. Model is 6'1""/ 186cm tall, with a 39.5"" / 100cm chest and a 32"" / 81cm waist.",519.00,519.00,https://handcmediastorage.blob.core.windows.net/productimages/JK/JKSVJT29-G01-208563-1400px-1820px.jpg,Clothing & Accessories > Clothing > Suits,Jackets & Blazers>Casualwear>Menswear,,,FALSE,JKSVJT29-G01,31,IN STOCK,,"36, 36 short, 38, 38 short, 40, 42, 44, 46, 48",Navy,,519.00,49,TRUE,TRUE
Hawes & Curtis,5063056939491,5063056939491,Hawes & Curtis Tailored Fit Navy Chalk Stripe 1913 Suit Pants,http://www.hawesandcurtis.com/tailored-fit-navy-chalk-stripe-1913-suit-trousers-trsvjt29-g01?utm_source=display&utm_medium=programmatic&utm_campaign=performance&utm_content=rtg,"Complete your look with these navy chalk stripe suit pants, tailored from luxurious Super 110s wool woven by the renowned Barberis mill in Italy. Designed with side and rear pockets and the option for unfinished lengths. Bring your pants to any of our stores for free alterations. Whether paired with the matching jacket or styled separately, they offer timeless sophistication and versatility.• 100% wool  • Hook and eye fastening • Half lined to the knee   Tailored Fit  The model is wearing size 32 pants. Model is 6'1""/ 186cm tall, with a 39.5"" / 100cm chest and a 32"" / 81cm waist.","Complete your look with these navy chalk stripe suit pants, tailored from luxurious Super 110s wool woven by the renowned Barberis mill in Italy. Designed with side and rear pockets and the option for unfinished lengths. Bring your pants to any of our stores for free alterations. Whether paired with the matching jacket or styled separately, they offer timeless sophistication and versatility.• 100% wool  • Hook and eye fastening • Half lined to the knee   Tailored Fit  The model is wearing size 32 pants. Model is 6'1""/ 186cm tall, with a 39.5"" / 100cm chest and a 32"" / 81cm waist.",260.00,260.00,https://handcmediastorage.blob.core.windows.net/productimages/TR/TRSVJT29-G01-208572-1400px-1820px.jpg,Clothing & Accessories > Clothing > Trousers & Jeans,Casualwear>Menswear,,,FALSE,TRSVJT29-G01,27,IN STOCK,,"30-33"", 30-UNHEM, 32-33"", 32-UNHEM, 34-UNHEM, 36-UNHEM, 38-UNHEM, 40-UNHEM, 42-UNHEM, 44-UNHEM""",Navy,,260.00,62,TRUE,TRUE
Hawes & Curtis,5063056942859,5063056942859,Hawes & Curtis Tailored Fit Navy 1913 Suit Trousers,http://www.hawesandcurtis.com/tailored-fit-navy-1913-suit-trousers-trpvjt36-g01?utm_source=display&utm_medium=programmatic&utm_campaign=performance&utm_content=rtg,"Crafted from a luxurious wool and mohair blend woven by Italy’s esteemed Vitale Barberis Canonico mill, these tonic navy suit trousers feature a subtle two-tone effect that adds depth and refined texture. Designed with side and rear pockets and available with unfinished hems for a custom fit, they pair seamlessly with the matching jacket for a polished ensemble or stand alone as a sleek, stylish foundation. Bring them to any of our stores for complimentary alterations.• 73% Wool 27% Mohair • Hook and eye fastening • Half lined to the knee   Tailored Fit  The model is wearing size 32 trousers. Model is 6'1""/ 186cm tall, with a 38"" / 97cm chest and a 31"" / 78.5cm waist.","Crafted from a luxurious wool and mohair blend woven by Italy’s esteemed Vitale Barberis Canonico mill, these tonic navy suit trousers feature a subtle two-tone effect that adds depth and refined texture. Designed with side and rear pockets and available with unfinished hems for a custom fit, they pair seamlessly with the matching jacket for a polished ensemble or stand alone as a sleek, stylish foundation. Bring them to any of our stores for complimentary alterations.• 73% Wool 27% Mohair • Hook and eye fastening • Half lined to the knee   Tailored Fit  The model is wearing size 32 trousers. Model is 6'1""/ 186cm tall, with a 38"" / 97cm chest and a 31"" / 78.5cm waist.",320.00,320.00,https://handcmediastorage.blob.core.windows.net/productimages/TR/TRPVJT36-G01-215661-1400px-1820px.jpg,Clothing & Accessories > Clothing > Trousers & Jeans,Outerwear>Menswear,,,FALSE,TRPVJT36-G01,21,IN STOCK,,"30-UNHEM, 32-UNHEM, 38-UNHEM, 42-UNHEM, 44-UNHEM""",Navy,,320.00,78,TRUE,TRUE
Hawes & Curtis,5063056172379,5063056172379,Hawes & Curtis Tailored Fit Navy Windowpane Plaid 1913 Vest,http://www.hawesandcurtis.com/navy-windowpane-check-tailored-waistcoat-1913-collection-wccvea06-g01?utm_source=display&utm_medium=programmatic&utm_campaign=performance&utm_content=rtg,"For a sartorial edge with minimal fuss, this navy windowpane check waistcoat is the answer. A stylish three-piece suit is complete with this single-breasted waistcoat featuring five-button fastenings, two welt pockets, a contrast back and a waist adjuster to the reverse. • 100% wool   Tailored Fit  Model is 6'2""/ 188cm tall, with a 39"" / 99cm chest and a 31"" / 77cm waist.","For a sartorial edge with minimal fuss, this navy windowpane check waistcoat is the answer. A stylish three-piece suit is complete with this single-breasted waistcoat featuring five-button fastenings, two welt pockets, a contrast back and a waist adjuster to the reverse. • 100% wool   Tailored Fit  Model is 6'2""/ 188cm tall, with a 39"" / 99cm chest and a 31"" / 77cm waist.",40.00,40.00,https://handcmediastorage.blob.core.windows.net/productimages/WC/WCCVEA06-G01-178452-1400px-1820px.jpg,,Waistcoats>Casualwear>Menswear,,,FALSE,WCCVEA06-G01,24,IN STOCK,,"36, 40, 42",Navy,,260.00,66,TRUE,TRUE
Hawes & Curtis,5063755134777,5063755134777,Hawes & Curtis Tailored Fit Navy Twill Suit 1913 Trousers,http://www.hawesandcurtis.com/tailored-fit-navy-twill-suit-1913-trousers-trpvjt93-g01?utm_source=display&utm_medium=programmatic&utm_campaign=performance&utm_content=rtg,"These flat front tailored fit trousers, made from super 110s wool, feature a hook and eye fastening and are half lined to the knee. They are designed with side and rear pockets. To ensure the best fit, you can choose suit trousers that are unfinished and require alteration. This allows you to have your trousers tailored to the precise length you need. Bring your trousers to any of our stores for free alterations.• Hook and eye fastening • Half lined to the knee• Italian Reda Mill• 100% wool Tailored Fit The model is wearing size 32 trousers.Model is 6'1""/ 186cm tall, with a 40""/ 101.5cm chest and a 33""/ 83.5cm waist.","These flat front tailored fit trousers, made from super 110s wool, feature a hook and eye fastening and are half lined to the knee. They are designed with side and rear pockets. To ensure the best fit, you can choose suit trousers that are unfinished and require alteration. This allows you to have your trousers tailored to the precise length you need. Bring your trousers to any of our stores for free alterations.• Hook and eye fastening • Half lined to the knee• Italian Reda Mill• 100% wool Tailored Fit The model is wearing size 32 trousers.Model is 6'1""/ 186cm tall, with a 40""/ 101.5cm chest and a 33""/ 83.5cm waist.",260.00,260.00,https://handcmediastorage.blob.core.windows.net/productimages/TR/TRPVJT93-G01-214599-1400px-1820px.jpg,Clothing & Accessories > Clothing > Trousers & Jeans,Outerwear>Menswear,,,FALSE,TRPVJT93-G01,137,IN STOCK,,"30"", 32"", 34"", 36"", 38"", 40"", 42"", 44""",Navy,,260.00,3,TRUE,TRUE
Hawes & Curtis,5063755136481,5063755136481,Hawes & Curtis Tailored Fit Navy Twill Waistcoat,http://www.hawesandcurtis.com/tailored-fit-navy-twill-waistcoat-wcpvjt93-g01?utm_source=display&utm_medium=programmatic&utm_campaign=performance&utm_content=rtg,"Create a stylish three piece suit with this tailored fit navy waistcoat. This sartorial essential is woven in Italy from the finest super 110s pure wool from the Reda mill. The single breasted waistcoat features five button fastenings, two welt pockets, a contrast back and a waist adjuster to the reverse. • 100% wool• Italian Reda Mill Tailored FitModel is 6'1""/ 186cm tall, with a 40""/ 101.5cm chest and a 33""/ 83.5cm waist.","Create a stylish three piece suit with this tailored fit navy waistcoat. This sartorial essential is woven in Italy from the finest super 110s pure wool from the Reda mill. The single breasted waistcoat features five button fastenings, two welt pockets, a contrast back and a waist adjuster to the reverse. • 100% wool• Italian Reda Mill Tailored FitModel is 6'1""/ 186cm tall, with a 40""/ 101.5cm chest and a 33""/ 83.5cm waist.",210.00,210.00,https://handcmediastorage.blob.core.windows.net/productimages/WC/WCPVJT93-G01-214609-1400px-1820px.jpg,Clothing & Accessories > Clothing > Suits,Waistcoats>Casualwear>Menswear,,,FALSE,WCPVJT93-G01,17,IN STOCK,,"40, 42, 50",Navy,,210.00,93,TRUE,TRUE
Hawes & Curtis,5054907915580,5054907915580,Hawes & Curtis Tailored Fit Light Blue Herringbone 1913 Linen Vest,http://www.hawesandcurtis.com/light-blue-linen-herringbone-tailored-fit-italian-waistcoat-1913-collection-wcplta23-b40?utm_source=display&utm_medium=programmatic&utm_campaign=performance&utm_content=rtg,"Create a stylish three piece suit with this tailored fit waistcoat. This sartorial essential is woven in Italy in the Angelico mill from pure linen and features a subtle herringbone weave. The single breasted waistcoat features five button fastenings, two welt pockets, a contrast back and a waist adjuster to the reverse. • 100% linen• Lining: 100% viscose  The model is wearing a size 40. Model is 6'2""/ 187cm tall, with a 39"" / 99cm chest and a 31"" / 79cm waist.","Create a stylish three piece suit with this tailored fit waistcoat. This sartorial essential is woven in Italy in the Angelico mill from pure linen and features a subtle herringbone weave. The single breasted waistcoat features five button fastenings, two welt pockets, a contrast back and a waist adjuster to the reverse. • 100% linen• Lining: 100% viscose  The model is wearing a size 40. Model is 6'2""/ 187cm tall, with a 39"" / 99cm chest and a 31"" / 79cm waist.",40.00,40.00,https://handcmediastorage.blob.core.windows.net/productimages/WC/WCPLTA23-B40-203238-1400px-1820px.jpg,,Waistcoats>Casualwear>Menswear,,,FALSE,WCPLTA23-B40,15,IN STOCK,,"36, 38, 40, 48",Light Blue,,180.00,100,TRUE,TRUE
Hawes & Curtis,5063056525960,5063056525960,Hawes & Curtis Tailored Fit Black Shawl Dinner Jacket,http://www.hawesandcurtis.com/black-shawl-tailored-dinner-jacket-jkpraa98-a01?utm_source=display&utm_medium=programmatic&utm_campaign=performance&utm_content=rtg,"For a seamlessly sharp evening look, opt for this black dinner suit jacket in an impeccably tailored fit. It has been beautifully crafted from super 100s wool. The jacket is designed with a single breasted one button front and features elegant satin shawl lapels. Finished with fabric buttons to ensure a sleek, premium aesthetic with every wear, this is the investment you need for the party season and beyond.• 100% wool Tailored Fit  The model is wearing a size 38 jacket. Model is 6'2""/ 188cm tall, with a 40"" / 102cm chest and a 32"" / 81cm waist.","For a seamlessly sharp evening look, opt for this black dinner suit jacket in an impeccably tailored fit. It has been beautifully crafted from super 100s wool. The jacket is designed with a single breasted one button front and features elegant satin shawl lapels. Finished with fabric buttons to ensure a sleek, premium aesthetic with every wear, this is the investment you need for the party season and beyond.• 100% wool Tailored Fit  The model is wearing a size 38 jacket. Model is 6'2""/ 188cm tall, with a 40"" / 102cm chest and a 32"" / 81cm waist.",469.00,469.00,https://handcmediastorage.blob.core.windows.net/productimages/JK/JKPRAA98-A01-211282-1400px-1820px.jpg,Clothing & Accessories > Clothing > Outerwear > Coats & Jackets,Wedding>Menswear,,,FALSE,JKPRAA98-A01,52,IN STOCK,,"38 short, 40, 40 long, 40 short, 42, 42 long, 42 short, 44 long, 44 short, 46, 46 long, 46 short, 50",Black,,469.00,27,TRUE,TRUE
Hawes & Curtis,5063755060014,5063755060014,Hawes & Curtis Tailored Fit Blue Linen Vest,http://www.hawesandcurtis.com/tailored-fit-blue-waistcoat-wcprkt67-b01?utm_source=display&utm_medium=programmatic&utm_campaign=performance&utm_content=rtg,"Tailored for a clean, modern fit, this blue linen vestcombines refined structure with breathable comfort. Crafted from pure linen, it offers understated sophistication, serving as an effortlessly polished finishing touch for warm-weather dressing.• 100% linen • Two welt pockets • Waist adjuster • Mock horn buttons  Tailored Fit  The model is wearing a size 40.","Tailored for a clean, modern fit, this blue linen vestcombines refined structure with breathable comfort. Crafted from pure linen, it offers understated sophistication, serving as an effortlessly polished finishing touch for warm-weather dressing.• 100% linen • Two welt pockets • Waist adjuster • Mock horn buttons  Tailored Fit  The model is wearing a size 40.",120.00,120.00,https://handcmediastorage.blob.core.windows.net/productimages/WC/WCPRKT67-B01-212213-1400px-1820px.jpg,,Waistcoats>Casualwear>Menswear,,,FALSE,WCPRKT67-B01,30,IN STOCK,,"36, 38, 40, 42, 44, 46, 48, 50",Blue,,180.00,51,TRUE,TRUE
Hawes & Curtis,5063755060212,5063755060212,Hawes & Curtis Tailored Fit Pink Linen Suit Jacket,http://www.hawesandcurtis.com/tailored-fit-pink-suit-jacket-jkprkt68-j01?utm_source=display&utm_medium=programmatic&utm_campaign=performance&utm_content=rtg,"A new benchmark for summer refinement. This pink pure-linen suit jacket blends tailored precision with effortless ease. Light, breathable, and half-lined for structure without weight, it’s cut to a sharp, modern silhouette that moves with you while exuding understated sophistication. Finished with double vents and a timeless design, it’s the ultimate choice for elevated summer dressing.• 100% linen• Notch lapels • Breast pocket • Jetted pockets • Mock horn buttons • Working button cuffs Tailored Fit  The model is wearing a size 40R jacket.  Model is 6'1""/ 185cm tall, with a 40"" / 101cm chest and a 32"" / 81cm waist.","A new benchmark for summer refinement. This pink pure-linen suit jacket blends tailored precision with effortless ease. Light, breathable, and half-lined for structure without weight, it’s cut to a sharp, modern silhouette that moves with you while exuding understated sophistication. Finished with double vents and a timeless design, it’s the ultimate choice for elevated summer dressing.• 100% linen• Notch lapels • Breast pocket • Jetted pockets • Mock horn buttons • Working button cuffs Tailored Fit  The model is wearing a size 40R jacket.  Model is 6'1""/ 185cm tall, with a 40"" / 101cm chest and a 32"" / 81cm waist.",229.00,229.00,https://handcmediastorage.blob.core.windows.net/productimages/JK/JKPRKT68-J01-216644-1400px-1820px.jpg,Clothing & Accessories > Clothing > Suits,Jackets & Blazers>Casualwear>Menswear,,,FALSE,JKPRKT68-J01,52,IN STOCK,,"36, 38, 40, 40 long, 40 short, 42 long, 42 short, 44, 44 long, 44 short, 46, 48, 50",Pink,,379.00,28,TRUE,TRUE
Hawes & Curtis,5063056792140,5063056792140,Hawes & Curtis Tailored Fit Stone 1913 Linen Pants,http://www.hawesandcurtis.com/stone-cotton-linen-tailored-trousers-1913-collection-trplma64-h72?utm_source=display&utm_medium=programmatic&utm_campaign=performance&utm_content=rtg,"Choose these stone cotton linen pants offering a perfect blend of comfort and style for the modern gentleman. Crafted from a premium cotton-linen blend, these pants provide breathability and durability.  Ideal for both casual and smart occasions, pair them with a crisp white shirt for a relaxed yet refined ensemble that transitions seamlessly from day to night.  • 57% cotton 43% linen • Front slash pockets • Back buttoned pockets • Flat front • Button and hook closure  • Finished pants lengths are available in 32” Regular.   Tailored Fit Model is wearing a size 32 pants.  Model is 6'1""/ 186cm tall, with a 40"" / 101.5cm chest and a 33"" / 83.5cm waist.","Choose these stone cotton linen pants offering a perfect blend of comfort and style for the modern gentleman. Crafted from a premium cotton-linen blend, these pants provide breathability and durability.  Ideal for both casual and smart occasions, pair them with a crisp white shirt for a relaxed yet refined ensemble that transitions seamlessly from day to night.  • 57% cotton 43% linen • Front slash pockets • Back buttoned pockets • Flat front • Button and hook closure  • Finished pants lengths are available in 32” Regular.   Tailored Fit Model is wearing a size 32 pants.  Model is 6'1""/ 186cm tall, with a 40"" / 101.5cm chest and a 33"" / 83.5cm waist.",70.00,70.00,https://handcmediastorage.blob.core.windows.net/productimages/TR/TRPLMA64-H72-201749-1400px-1820px.jpg,,Trousers>Casualwear>Menswear,,,FALSE,TRPLMA64-H72,6,IN STOCK,,"40-UNHEM, 44-UNHEM""",Stone,,280.00,117,TRUE,TRUE
Hawes & Curtis,5063056791525,5063056791525,Hawes & Curtis Tailored Fit Beige Windowpane Check Linen-Wool Blend 1913 Blazer,http://www.hawesandcurtis.com/beige-windowpane-check-linen-wool-blend-blazer-1913-collection-cocli346-h20?utm_source=display&utm_medium=programmatic&utm_campaign=performance&utm_content=rtg,"Sharpen your style with this beige windowpane check blazer, expertly crafted from a premium linen-wool blend by the renowned Drago Mill in Italy. The subtle check pattern lends an air of classic elegance, while the breathable fabric ensures comfort and versatility. Perfect for sun-drenched affairs, this is a timeless blazer to pair with your linen and cotton staples.• 60% Linen 40% Wool• Patch pockets • Mock horn buttons • Working button cuffs   Tailored Fit   The model is wearing a size 38. Model is 6'2""/ 187.5cm tall, with a 38"" / 97cm chest and a 32"" / 81cm waist.","Sharpen your style with this beige windowpane check blazer, expertly crafted from a premium linen-wool blend by the renowned Drago Mill in Italy. The subtle check pattern lends an air of classic elegance, while the breathable fabric ensures comfort and versatility. Perfect for sun-drenched affairs, this is a timeless blazer to pair with your linen and cotton staples.• 60% Linen 40% Wool• Patch pockets • Mock horn buttons • Working button cuffs   Tailored Fit   The model is wearing a size 38. Model is 6'2""/ 187.5cm tall, with a 38"" / 97cm chest and a 32"" / 81cm waist.",279.00,279.00,https://handcmediastorage.blob.core.windows.net/productimages/CO/COCLI346-H20-202239-1400px-1820px.jpg,Clothing & Accessories > Clothing > Suits,Blazers>Casualwear>Menswear,,,FALSE,COCLI346-H20,28,IN STOCK,,"36, 38, 40, 42, 44, 46, 48",Beige,,699.00,58,TRUE,TRUE
Hawes & Curtis,5059090271017,5059090271017,Hawes & Curtis Tailored Fit Cream 1913 Linen Suit Jacket,http://www.hawesandcurtis.com/cream-double-breasted-linen-tailored-suit-jacket-1913-collection-jkplxa42-h68?utm_source=display&utm_medium=programmatic&utm_campaign=performance&utm_content=rtg,"Incorporating neutral tones that speak volumes, this cream suit jacket is meticulously woven in Italy at the esteemed Solbiati mill from pure linen, boasting a timeless herringbone weave. The double-breasted jacket, lined for added refinement, showcases a peak lapel with a felt lining beneath the collar, exuding sophistication. Crafted for ease of wear, its airy, lightweight construction and double vents ensure unrestricted movement, offering a comfortable yet flattering style suitable for all.• 100% linen • Lining: 100% viscose • Breast pocket • Internal pockets • Mock horn buttons • Working button cuffs Tailored FitAlso available in matching trousers, part of cream Italian linen suitThe model is wearing a size 38 jacket.Model is 6'1""/ 186cm tall, with a 40"" / 101.5cm chest and a 33"" / 83.5cm waist.","Incorporating neutral tones that speak volumes, this cream suit jacket is meticulously woven in Italy at the esteemed Solbiati mill from pure linen, boasting a timeless herringbone weave. The double-breasted jacket, lined for added refinement, showcases a peak lapel with a felt lining beneath the collar, exuding sophistication. Crafted for ease of wear, its airy, lightweight construction and double vents ensure unrestricted movement, offering a comfortable yet flattering style suitable for all.• 100% linen • Lining: 100% viscose • Breast pocket • Internal pockets • Mock horn buttons • Working button cuffs Tailored FitAlso available in matching trousers, part of cream Italian linen suitThe model is wearing a size 38 jacket.Model is 6'1""/ 186cm tall, with a 40"" / 101.5cm chest and a 33"" / 83.5cm waist.",559.00,559.00,https://handcmediastorage.blob.core.windows.net/productimages/JK/JKPLXA42-H68-203243-1400px-1820px.jpg,Clothing & Accessories > Clothing > Suits,Jackets & Blazers>Casualwear>Menswear,,,FALSE,JKPLXA42-H68,81,IN STOCK,,"36, 38, 40, 40 long, 42, 44, 44 long, 46, 48, 50",Cream,,559.00,11,TRUE,TRUE
Hawes & Curtis,5063056937381,5063056937381,Hawes & Curtis Tailored Fit Navy 1913 Suit Jacket,http://www.hawesandcurtis.com/tailored-fit-navy-1913-suit-jacket-jkpvjt36-g01?utm_source=display&utm_medium=programmatic&utm_campaign=performance&utm_content=rtg,"Woven from a luxurious wool and mohair blend by Italy’s Vitale Barberis Canonico mill, this tonic navy suit features a subtle two-tone effect, giving the fabric depth and a refined, textured appearance. The single-breasted jacket is fully lined and detailed with straight flap pockets and double vents, offering a sleek, confident fit that’s effortlessly sharp and highly versatile.• 73% Wool 27% Mohair • Notch lapels • Breast pocket • Internal pockets • Mock horn buttons • Working button cuffs   Tailored Fit  The model is wearing a size 38 jacket. Model is 6'1""/ 186cm tall, with a 38"" / 97cm chest and a 31"" / 78.5cm waist.","Woven from a luxurious wool and mohair blend by Italy’s Vitale Barberis Canonico mill, this tonic navy suit features a subtle two-tone effect, giving the fabric depth and a refined, textured appearance. The single-breasted jacket is fully lined and detailed with straight flap pockets and double vents, offering a sleek, confident fit that’s effortlessly sharp and highly versatile.• 73% Wool 27% Mohair • Notch lapels • Breast pocket • Internal pockets • Mock horn buttons • Working button cuffs   Tailored Fit  The model is wearing a size 38 jacket. Model is 6'1""/ 186cm tall, with a 38"" / 97cm chest and a 31"" / 78.5cm waist.",559.00,559.00,https://handcmediastorage.blob.core.windows.net/productimages/JK/JKPVJT36-G01-215654-1400px-1820px.jpg,Clothing & Accessories > Clothing > Suits,Menswear,,,FALSE,JKPVJT36-G01,25,IN STOCK,,"36 short, 40, 40 long, 40 short, 42, 42 long, 42 short, 44, 46",Navy,,559.00,64,TRUE,TRUE
Hawes & Curtis,5063056869828,5063056869828,Hawes & Curtis Tailored Fit Charcoal Chalk Stripe Suit Jacket,http://www.hawesandcurtis.com/tailored-fit-charcoal-chalk-stripe-suit-jacket-jksraa44-f30?utm_source=display&utm_medium=programmatic&utm_campaign=performance&utm_content=rtg,"Expertly cut from Super 100s wool, refine your formal wardrobe with this charcoal chalk stripe suit jacket. Made in the finest flannel wool from the Guabello Mill, this luxurious fabric boasts a soft touch with breathable properties and a natural stretch, for your comfort. Designed with classic notch lapels, a single-breasted two-button front, and double vents for ease of movement, it blends traditional tailoring with a sharp, modern silhouette. A versatile piece that brings understated confidence to any occasion.• Notch lapels • Breast pocket • Internal pockets • Mock horn buttons • Working button cuffs• 100% wool Tailored Fit The model is wearing a size 38 jacket. Model is 6'2""/ 187cm tall, with a 37.5"" / 95cm chest and a 30.5"" / 78cm waist.","Expertly cut from Super 100s wool, refine your formal wardrobe with this charcoal chalk stripe suit jacket. Made in the finest flannel wool from the Guabello Mill, this luxurious fabric boasts a soft touch with breathable properties and a natural stretch, for your comfort. Designed with classic notch lapels, a single-breasted two-button front, and double vents for ease of movement, it blends traditional tailoring with a sharp, modern silhouette. A versatile piece that brings understated confidence to any occasion.• Notch lapels • Breast pocket • Internal pockets • Mock horn buttons • Working button cuffs• 100% wool Tailored Fit The model is wearing a size 38 jacket. Model is 6'2""/ 187cm tall, with a 37.5"" / 95cm chest and a 30.5"" / 78cm waist.",439.00,439.00,https://handcmediastorage.blob.core.windows.net/productimages/JK/JKSRAA44-F30-209225-1400px-1820px.jpg,Clothing & Accessories > Clothing > Suits,Casualwear>Menswear,,,FALSE,JKSRAA44-F30,24,IN STOCK,,"36, 36 short, 38 short, 40 long, 40 short, 42, 42 long, 44, 46, 48, 50",Charcoal,,439.00,67,TRUE,TRUE
Hawes & Curtis,5063056896886,5063056896886,Hawes & Curtis Tailored Fit Charcoal Chalk Stripe Suit Pants,http://www.hawesandcurtis.com/tailored-fit-charcoal-chalk-stripe-suit-pants-trsraa44-f30?utm_source=display&utm_medium=programmatic&utm_campaign=performance&utm_content=rtg,"Choose these charcoal chalk stripe suit pants, made in the finest flannel wool from the Guabello Mill, this luxurious fabric boasts a soft touch with breathable properties and a natural stretch. These pants feature a hook-and-eye fastening and are half-lined to the knee. They are designed with side and rear pockets. To ensure the best fit, our suit pants are unfinished and require alteration.• 100% wool • Hook and eye fastening • Half lined to the knee  Tailored Fit  The model is wearing size 32 pants. Model is 6'2""/ 187cm tall, with a 37.5"" / 95cm chest and a 30.5"" / 78cm waist.","Choose these charcoal chalk stripe suit pants, made in the finest flannel wool from the Guabello Mill, this luxurious fabric boasts a soft touch with breathable properties and a natural stretch. These pants feature a hook-and-eye fastening and are half-lined to the knee. They are designed with side and rear pockets. To ensure the best fit, our suit pants are unfinished and require alteration.• 100% wool • Hook and eye fastening • Half lined to the knee  Tailored Fit  The model is wearing size 32 pants. Model is 6'2""/ 187cm tall, with a 37.5"" / 95cm chest and a 30.5"" / 78cm waist.",260.00,260.00,https://handcmediastorage.blob.core.windows.net/productimages/TR/TRSRAA44-F30-209235-1400px-1820px.jpg,Clothing & Accessories > Clothing > Trousers & Jeans,Menswear,,,FALSE,TRSRAA44-F30,14,IN STOCK,,"30"", 34"", 36"", 38"", 40"", 42"", 44""",Charcoal,,260.00,101,TRUE,TRUE
Hawes & Curtis,5063755053696,5063755053696,Hawes & Curtis Tailored Fit Navy Linen Suit Jacket,http://www.hawesandcurtis.com/tailored-fit-navy-suit-jacket1-jkprkt48-g01?utm_source=display&utm_medium=programmatic&utm_campaign=performance&utm_content=rtg,"Cut from lightweight navy linen, this double-breasted suit jacket offers an airy, refined feel. Half lined and finished with sharp peak lapels, it features a felt undercollar for added structure and comfort. Double back vents allow ease of movement, creating a flattering, polished silhouette that embodies effortless warm-weather tailoring.• 100% linen• Peak lapels • Breast pocket • Internal pockets • Mock horn buttons • Working button cuffs   Tailored Fit  The model is wearing a size 40R jacket. Model is 6'1""/ 185cm tall, with a 40"" / 101cm chest and a 32"" / 81cm waist.","Cut from lightweight navy linen, this double-breasted suit jacket offers an airy, refined feel. Half lined and finished with sharp peak lapels, it features a felt undercollar for added structure and comfort. Double back vents allow ease of movement, creating a flattering, polished silhouette that embodies effortless warm-weather tailoring.• 100% linen• Peak lapels • Breast pocket • Internal pockets • Mock horn buttons • Working button cuffs   Tailored Fit  The model is wearing a size 40R jacket. Model is 6'1""/ 185cm tall, with a 40"" / 101cm chest and a 32"" / 81cm waist.",379.00,379.00,https://handcmediastorage.blob.core.windows.net/productimages/JK/JKPRKT48-G01-211835-1400px-1820px.jpg,Clothing & Accessories > Clothing > Suits,Jackets & Blazers>Casualwear>Menswear,,,FALSE,JKPRKT48-G01,88,IN STOCK,,"36, 36 short, 38, 38 short, 40, 40 long, 40 short, 42, 42 long, 44, 44 short, 46, 50",Navy,,379.00,8,TRUE,TRUE
Hawes & Curtis,5063755052330,5063755052330,Hawes & Curtis Tailored Fit Navy Linen Suit Jacket,http://www.hawesandcurtis.com/tailored-fit-navy-suit-jacket-jkprkt19-g01?utm_source=display&utm_medium=programmatic&utm_campaign=performance&utm_content=rtg,"Elevate your warm-weather wardrobe with this navy linen suit jacket, where refined tailoring meets effortless comfort. Cut to a sharp, modern silhouette, it features a half lining and patch pockets for subtle structure and practicality. Naturally breathable linen keeps you cool in rising temperatures, while double back vents allow freedom of movement. A timeless, versatile piece, it embodies understated sophistication for summer dressing.• 100% linen• Notch lapels • Breast pocket • Internal pockets • Mock horn buttons • Working button cuffs Tailored Fit  The model is wearing a size 40R jacket. Model is 6'1""/ 185cm tall, with a 40"" / 101cm chest and a 32"" / 81cm waist.","Elevate your warm-weather wardrobe with this navy linen suit jacket, where refined tailoring meets effortless comfort. Cut to a sharp, modern silhouette, it features a half lining and patch pockets for subtle structure and practicality. Naturally breathable linen keeps you cool in rising temperatures, while double back vents allow freedom of movement. A timeless, versatile piece, it embodies understated sophistication for summer dressing.• 100% linen• Notch lapels • Breast pocket • Internal pockets • Mock horn buttons • Working button cuffs Tailored Fit  The model is wearing a size 40R jacket. Model is 6'1""/ 185cm tall, with a 40"" / 101cm chest and a 32"" / 81cm waist.",379.00,379.00,https://handcmediastorage.blob.core.windows.net/productimages/JK/JKPRKT19-G01-212701-1400px-1820px.jpg,Clothing & Accessories > Clothing > Suits,Jackets & Blazers>Casualwear>Menswear,,,FALSE,JKPRKT19-G01,22,IN STOCK,,"36, 38, 38 short, 42, 42 short, 46, 48, 50",Navy,,379.00,75,TRUE,TRUE
Hawes & Curtis,5063755053207,5063755053207,Hawes & Curtis Tailored Fit Navy Linen Suit Pants,http://www.hawesandcurtis.com/tailored-fit-navy-suit-trousers-trprkt19-g01?utm_source=display&utm_medium=programmatic&utm_campaign=performance&utm_content=rtg,"Crafted from breathable linen, these navy suit pants are tailored for a clean, modern fit with a refined summer-ready feel. Designed with flat-front, they offer both comfort and sharp tailoring. Available with the option for custom length, they can be tailored to your exact preference perfect when paired with the matching jacket for effortless warm-weather dressing.• 100% linen • Hook and eye fastening • Half lined to the knee   Tailored Fit  The model is wearing size 32 pants. Model is 6'1""/ 185cm tall, with a 40"" / 101cm chest and a 32"" / 81cm waist.","Crafted from breathable linen, these navy suit pants are tailored for a clean, modern fit with a refined summer-ready feel. Designed with flat-front, they offer both comfort and sharp tailoring. Available with the option for custom length, they can be tailored to your exact preference perfect when paired with the matching jacket for effortless warm-weather dressing.• 100% linen • Hook and eye fastening • Half lined to the knee   Tailored Fit  The model is wearing size 32 pants. Model is 6'1""/ 185cm tall, with a 40"" / 101cm chest and a 32"" / 81cm waist.",190.00,190.00,https://handcmediastorage.blob.core.windows.net/productimages/TR/TRPRKT19-G01-212257-1400px-1820px.jpg,Clothing & Accessories > Clothing > Trousers & Jeans,Trousers>Casualwear>Menswear,,,FALSE,TRPRKT19-G01,391,IN STOCK,,"30"", 32"", 34"", 36"", 36-UNHEM, 38"", 38-UNHEM, 40"", 40-UNHEM, 42"", 42-UNHEM",Navy,,190.00,1,TRUE,TRUE
Hawes & Curtis,5063755057830,5063755057830,Hawes & Curtis Tailored Fit Brown Linen Suit Jacket,http://www.hawesandcurtis.com/tailored-fit-brown-suit-jacket-jkprkt59-c01?utm_source=display&utm_medium=programmatic&utm_campaign=performance&utm_content=rtg,"Tailored for warm days and sharp nights, this olive linen suit jacket brings a fresh approach to summer style. Made from smooth, breathable linen and half-lined for structure without extra weight, it features a streamlined fit that creates a clean, refined silhouette. Sleek jetted pockets add a modern edge, making it the perfect layer for summer events or elevated off-duty dressing.• 100% linen• Notch lapels • Breast pocket • Jetted pockets • Mock horn buttons • Working button cuffs Tailored Fit  The model is wearing a size 40R jacket. Model is 6'1""/ 185cm tall, with a 40"" / 101cm chest and a 32"" / 81cm waist.","Tailored for warm days and sharp nights, this olive linen suit jacket brings a fresh approach to summer style. Made from smooth, breathable linen and half-lined for structure without extra weight, it features a streamlined fit that creates a clean, refined silhouette. Sleek jetted pockets add a modern edge, making it the perfect layer for summer events or elevated off-duty dressing.• 100% linen• Notch lapels • Breast pocket • Jetted pockets • Mock horn buttons • Working button cuffs Tailored Fit  The model is wearing a size 40R jacket. Model is 6'1""/ 185cm tall, with a 40"" / 101cm chest and a 32"" / 81cm waist.",229.00,229.00,https://handcmediastorage.blob.core.windows.net/productimages/JK/JKPRKT59-C01-212709-1400px-1820px.jpg,Clothing & Accessories > Clothing > Suits,Jackets & Blazers>Casualwear>Menswear,,,FALSE,JKPRKT59-C01,38,IN STOCK,,"36, 38 short, 40, 40 long, 40 short, 42, 42 long, 44 long, 44 short, 46, 48, 50",Brown,,379.00,35,TRUE,TRUE
Hawes & Curtis,5063056930801,5063056930801,Hawes & Curtis Tailored Fit Dark Blue Check 1913 Suit Pants,http://www.hawesandcurtis.com/tailored-fit-dark-blue-check-1913-suit-trousers-trcljt20-b34?utm_source=display&utm_medium=programmatic&utm_campaign=performance&utm_content=rtg,"Tailored from refined super 120s wool, these dark blue Prince of Wales check suit pants are woven by the renowned Barberis mill in Italy. The fabric offers a refined texture, soft handfeel, and natural drape, perfect for sophisticated, year-round tailoring. Designed with side and rear pockets and the option for unfinished lengths. Made as a two piece suit, purchase the ensemble to exude sophistication or simply style these pants for a sleek foundation to you outfit.• 100% Wool  • Hook and eye fastening • Half lined to the knee   Tailored Fit  The model is wearing size 32 pants. Model is 6'1""/ 186cm tall, with a 40"" / 101cm chest and a 33"" / 83cm waist.","Tailored from refined super 120s wool, these dark blue Prince of Wales check suit pants are woven by the renowned Barberis mill in Italy. The fabric offers a refined texture, soft handfeel, and natural drape, perfect for sophisticated, year-round tailoring. Designed with side and rear pockets and the option for unfinished lengths. Made as a two piece suit, purchase the ensemble to exude sophistication or simply style these pants for a sleek foundation to you outfit.• 100% Wool  • Hook and eye fastening • Half lined to the knee   Tailored Fit  The model is wearing size 32 pants. Model is 6'1""/ 186cm tall, with a 40"" / 101cm chest and a 33"" / 83cm waist.",320.00,320.00,https://handcmediastorage.blob.core.windows.net/productimages/TR/TRCLJT20-B34-217712-1400px-1820px.jpg,Clothing & Accessories > Clothing > Trousers & Jeans,Trousers>Casualwear>Menswear,,,FALSE,TRCLJT20-B34,18,IN STOCK,,"30-UNHEM, 32-UNHEM, 34-UNHEM, 36-UNHEM, 38-UNHEM, 40-UNHEM, 44-UNHEM""",Dark Blue,,320.00,88,TRUE,TRUE
Hawes & Curtis,5063056919974,5063056919974,Hawes & Curtis Tailored Fit Navy Pinstripe 1913 Suit Jacket,http://www.hawesandcurtis.com/tailored-fit-navy-pinstripe-1913-suit-jacket-jksgjt43-g01?utm_source=display&utm_medium=programmatic&utm_campaign=performance&utm_content=rtg,"Woven in pure Super 130s wool by the Guabello mill in Italy, this navy suit jacket is tailoring at its most refined. Fine enough to feel featherlight. Sharp enough to command a room. Single-breasted and fully lined, it's cut with a classic notch lapel and two-button fastening for a silhouette that's sharp without being stiff. The fine yarn gives a fluid drape and a finish that feels unmistakably luxury, whether it's paired back for the office or dressed up for the occasions that call for your sharpest suit.•Notch lapels •Breast pocket •Internal pockets •Mock horn buttons •Working button cuffs• Italian Guabello Mill• 100% wool  Tailored Fit The model is wearing a size 38 jacket. Model is 6'2""/ 189cm tall, with a 40"" / 101cm chest and a 32"" / 81cm waist.","Woven in pure Super 130s wool by the Guabello mill in Italy, this navy suit jacket is tailoring at its most refined. Fine enough to feel featherlight. Sharp enough to command a room. Single-breasted and fully lined, it's cut with a classic notch lapel and two-button fastening for a silhouette that's sharp without being stiff. The fine yarn gives a fluid drape and a finish that feels unmistakably luxury, whether it's paired back for the office or dressed up for the occasions that call for your sharpest suit.•Notch lapels •Breast pocket •Internal pockets •Mock horn buttons •Working button cuffs• Italian Guabello Mill• 100% wool  Tailored Fit The model is wearing a size 38 jacket. Model is 6'2""/ 189cm tall, with a 40"" / 101cm chest and a 32"" / 81cm waist.",559.00,559.00,https://handcmediastorage.blob.core.windows.net/productimages/JK/JKSGJT43-G01-216974-1400px-1820px.jpg,Clothing & Accessories > Clothing > Suits,Menswear,,,FALSE,JKSGJT43-G01,56,IN STOCK,,"36, 36 short, 38, 38 long, 38 short, 40, 40 long, 40 short, 42, 42 long, 42 short, 44, 44 long, 44 short, 46, 46 long, 46 short, 48, 50, One Size",Navy,,559.00,22,TRUE,TRUE
Hawes & Curtis,5063755171383,5063755171383,Hawes & Curtis Tailored Fit White 1913 Suit Trousers With Side Adjusters,http://www.hawesandcurtis.com/tailored-fit-white-1913-suit-trousers-with-side-adjusters-trplkt81-n01?utm_source=display&utm_medium=programmatic&utm_campaign=performance&utm_content=rtg,"Step into summer refinement with these white trousers, crafted from a luxurious linen-cotton blend by Italian Sondrio Mill. Half-lined to the knee and in a tailored fit they feature a hook-and-eye fastening and side adjusters for a flawless, belt-free silhouette. Effortless, versatile, and polished, they transition seamlessly from bright afternoons to elegant evenings. To ensure the best fit, you can choose unfinished suit trousers that require alteration. This allows your trousers to be tailored to the precise length you need and for free in-store. • 60% Linen 40% Cotton• Button fastening • Half lined to the knee Tailored Fit The model is wearing size 34 trousers. Model is 6'2""/ 189cm tall, with a 40"" / 101cm chest and a 32"" / 81cm waist.","Step into summer refinement with these white trousers, crafted from a luxurious linen-cotton blend by Italian Sondrio Mill. Half-lined to the knee and in a tailored fit they feature a hook-and-eye fastening and side adjusters for a flawless, belt-free silhouette. Effortless, versatile, and polished, they transition seamlessly from bright afternoons to elegant evenings. To ensure the best fit, you can choose unfinished suit trousers that require alteration. This allows your trousers to be tailored to the precise length you need and for free in-store. • 60% Linen 40% Cotton• Button fastening • Half lined to the knee Tailored Fit The model is wearing size 34 trousers. Model is 6'2""/ 189cm tall, with a 40"" / 101cm chest and a 32"" / 81cm waist.",230.00,230.00,https://handcmediastorage.blob.core.windows.net/productimages/TR/TRPLKT81-N01-214968-1400px-1820px.jpg,Clothing & Accessories > Clothing > Trousers & Jeans,Menswear,,,FALSE,TRPLKT81-N01,10,IN STOCK,,"30"", 32"", 36"", 38""",White,,320.00,108,TRUE,TRUE
Hawes & Curtis,5063755172380,5063755172380,Hawes & Curtis Tailored Fit White 1913 Suit Waistcoat,http://www.hawesandcurtis.com/tailored-fit-white-1913-suit-waistcoat-wcplkt81-n01?utm_source=display&utm_medium=programmatic&utm_campaign=performance&utm_content=rtg,"Keeping you comfortable even in the height of summer while completing any warm-weather ensemble with style, choose this white linen-cotton blend waistcoat. Tailored to a streamlined and modern fit, the breathable fabric combines structure and ease for effortless refinement. • 60% Linen 40% Cotton• Two welt pockets • Waist adjuster • Mock horn buttons  Tailored Fit  The model is wearing a size 40. Model is 6'2""/ 189cm tall, with a 40"" / 101cm chest and a 32"" / 81cm waist.","Keeping you comfortable even in the height of summer while completing any warm-weather ensemble with style, choose this white linen-cotton blend waistcoat. Tailored to a streamlined and modern fit, the breathable fabric combines structure and ease for effortless refinement. • 60% Linen 40% Cotton• Two welt pockets • Waist adjuster • Mock horn buttons  Tailored Fit  The model is wearing a size 40. Model is 6'2""/ 189cm tall, with a 40"" / 101cm chest and a 32"" / 81cm waist.",120.00,120.00,https://handcmediastorage.blob.core.windows.net/productimages/WC/WCPLKT81-N01-214972-1400px-1820px.jpg,Clothing & Accessories > Clothing > Suits,Waistcoats>Casualwear>Menswear,,,FALSE,WCPLKT81-N01,12,IN STOCK,,"36, 38, 40, 46",White,,180.00,106,TRUE,TRUE
Hawes & Curtis,5063755116339,5063755116339,Hawes & Curtis Tailored Fit Blue Stripe 1913 Linen Suit Jacket,http://www.hawesandcurtis.com/tailored-fit-blue-stripe-hopsack-1913-suit-jacket-jkslkt83-b01?utm_source=display&utm_medium=programmatic&utm_campaign=performance&utm_content=rtg,"Make a statement in the sun with a blue stripe jacket that exudes quiet confidence. Crafted in breathable hopsack linen by Lanificio Angelico, it features a refined texture and a sleek silhouette. Perfect for sunlit weddings, rooftop soirées, or stylish everyday moments, this jacket combines modern elegance with enduring versatility.• 100% linen• Notch lapels • Breast pocket • Internal pockets • Mock horn buttons • Working button cuffs Tailored Fit  The model is wearing a size 40 jacket. Model is 6'2""/ 188cm tall, with a 39"" / 100cm chest and a 31.5"" / 80cm waist.","Make a statement in the sun with a blue stripe jacket that exudes quiet confidence. Crafted in breathable hopsack linen by Lanificio Angelico, it features a refined texture and a sleek silhouette. Perfect for sunlit weddings, rooftop soirées, or stylish everyday moments, this jacket combines modern elegance with enduring versatility.• 100% linen• Notch lapels • Breast pocket • Internal pockets • Mock horn buttons • Working button cuffs Tailored Fit  The model is wearing a size 40 jacket. Model is 6'2""/ 188cm tall, with a 39"" / 100cm chest and a 31.5"" / 80cm waist.",229.00,229.00,https://handcmediastorage.blob.core.windows.net/productimages/JK/JKSLKT83-B01-216634-1400px-1820px.jpg,Clothing & Accessories > Clothing > Suits,Outerwear>Menswear,,,FALSE,JKSLKT83-B01,9,IN STOCK,,"38, 40, 46, 48",Blue,,559.00,109,TRUE,TRUE
Hawes & Curtis,5063755057984,5063755057984,Hawes & Curtis Tailored Fit Brown Linen Suit Pants,http://www.hawesandcurtis.com/tailored-fit-brown-suit-pants-trprkt59-c01?utm_source=display&utm_medium=programmatic&utm_campaign=performance&utm_content=rtg,"Designed for refined summer styling, these brown linen pants bring together natural comfort and modern tailoring. The lightweight, breathable linen fabric offers relaxed seasonal wearability, while side adjusters provide a discreet, adjustable fit. Finished with unfinished hems for personalised alterations, they are available with complimentary in-store tailoring. A versatile wardrobe essential, they pair effortlessly with tailored jackets and crisp shirts.• 100% linen • Hook and eye fastening • Half lined to the knee   Tailored Fit  The model is wearing size 32 pants. Model is 6'1""/ 185cm tall, with a 40"" / 101cm chest and a 32"" / 81cm waist.","Designed for refined summer styling, these brown linen pants bring together natural comfort and modern tailoring. The lightweight, breathable linen fabric offers relaxed seasonal wearability, while side adjusters provide a discreet, adjustable fit. Finished with unfinished hems for personalised alterations, they are available with complimentary in-store tailoring. A versatile wardrobe essential, they pair effortlessly with tailored jackets and crisp shirts.• 100% linen • Hook and eye fastening • Half lined to the knee   Tailored Fit  The model is wearing size 32 pants. Model is 6'1""/ 185cm tall, with a 40"" / 101cm chest and a 32"" / 81cm waist.",120.00,120.00,https://handcmediastorage.blob.core.windows.net/productimages/TR/TRPRKT59-C01-212178-1400px-1820px.jpg,Clothing & Accessories > Clothing > Trousers & Jeans,Trousers>Casualwear>Menswear,,,FALSE,TRPRKT59-C01,8,IN STOCK,,"36"", 38""",Brown,,190.00,112,TRUE,TRUE
Hawes & Curtis,5063056984279,5063056984279,Hawes & Curtis Tailored Fit Brown 1913 Suit Jacket,http://www.hawesandcurtis.com/tailored-fit-brown-1913-suit-jacket-jkpljt38-c01?utm_source=display&utm_medium=programmatic&utm_campaign=performance&utm_content=rtg,"Cut from Super 120s flannel wool by Italy’s Barberis mill, this brown double-breasted suit jacket combines soft, refined texture with a sharp, tailored fit. Featuring a six-button front, it adds a bold, classic touch to the modern silhouette. The cool, versatile neutral brown keeps it effortlessly on-trend, while the peak lapels and modern silhouette exude understated confidence and contemporary elegance. • 100% Wool• Peak lapel • Breast pocket • Internal pockets • Working button cuffs   Tailored Fit  The model is wearing a size 38 jacket.  Model is 6'1""/ 186cm tall, with a 39.5"" / 100cm chest and a 32"" / 81cm waist.","Cut from Super 120s flannel wool by Italy’s Barberis mill, this brown double-breasted suit jacket combines soft, refined texture with a sharp, tailored fit. Featuring a six-button front, it adds a bold, classic touch to the modern silhouette. The cool, versatile neutral brown keeps it effortlessly on-trend, while the peak lapels and modern silhouette exude understated confidence and contemporary elegance. • 100% Wool• Peak lapel • Breast pocket • Internal pockets • Working button cuffs   Tailored Fit  The model is wearing a size 38 jacket.  Model is 6'1""/ 186cm tall, with a 39.5"" / 100cm chest and a 32"" / 81cm waist.",619.00,619.00,https://handcmediastorage.blob.core.windows.net/productimages/JK/JKPLJT38-C01-208491-1400px-1820px.jpg,Clothing & Accessories > Clothing > Suits,Casualwear>Menswear,,,FALSE,JKPLJT38-C01,30,IN STOCK,,"36 short, 38, 38 short, 40, 40 long, 42, 42 long, 42 short, 44, 44 long, 44 short, 46, 48, 50",Brown,,619.00,52,TRUE,TRUE
Hawes & Curtis,5063056253429,5063056253429,Hawes & Curtis Tailored Fit Pink Pique Non-Iron Shirt - Short Sleeve - Chest Pocket,http://www.hawesandcurtis.com/non-iron-pink-pique-tailored-fit-short-sleeve-shirt-chest-pocket-cfpre004-j01?utm_source=display&utm_medium=programmatic&utm_campaign=performance&utm_content=rtg,"Beat the hot weather in this pink pique shirt for a sophisticated summer texture. The tailored fit is generously cut and slightly tapered at the waist for an airy short sleeved shirt.At Hawes and Curtis we appreciate that our clientele lead busy lives, and as a solution we have introduced our non-iron range. These shirts utilise the latest anti-crease technology which lasts much longer than other non-iron shirts. • 100% Cotton • Single Cuffs• Semi Cutaway Collar • Chest Pocket • Non-Iron  Tailored Fit","Beat the hot weather in this pink pique shirt for a sophisticated summer texture. The tailored fit is generously cut and slightly tapered at the waist for an airy short sleeved shirt.At Hawes and Curtis we appreciate that our clientele lead busy lives, and as a solution we have introduced our non-iron range. These shirts utilise the latest anti-crease technology which lasts much longer than other non-iron shirts. • 100% Cotton • Single Cuffs• Semi Cutaway Collar • Chest Pocket • Non-Iron  Tailored Fit",45.00,45.00,https://handcmediastorage.blob.core.windows.net/productimages/CF/CFPRE004-J01-173507-1400px-1820px.jpg,Clothing & Accessories > Clothing > Shirts & Tops,Men's Shirts>Menswear,,,FALSE,CFPRE004-J01,38,IN STOCK,,"Large, Medium, Small, XXL",Pink,,119.00,36,TRUE,TRUE
Hawes & Curtis,5063056926309,5063056926309,Hawes & Curtis Tailored Fit Navy Check 1913 Suit Jacket,http://www.hawesandcurtis.com/tailored-fit-navy-check-1913-suit-jacket-jkcljt15-g01?utm_source=display&utm_medium=programmatic&utm_campaign=performance&utm_content=rtg,"A modern interpretation of a tailoring classic, this navy Prince of Wales check jacket is crafted from luxurious Super 130s wool at the renowned Guabello mill in Italy. The fine wool offers a beautifully soft handle and refined finish, while the understated check adds character without compromising versatility. Cut single-breasted and fully lined, it’s finished with straight flap pockets and double vents for a sharp silhouette that moves comfortably. A sophisticated choice for the office, occasions and everything in between.• 100% Wool  • Notch lapels • Breast pocket • Internal pockets • Mock horn buttons • Working button cuffs   Tailored Fit  The model is wearing a size 38 jacket. Model is 6'3""/ 190cm tall, with a 38"" / 96cm chest and a 31"" / 78cm waist.","A modern interpretation of a tailoring classic, this navy Prince of Wales check jacket is crafted from luxurious Super 130s wool at the renowned Guabello mill in Italy. The fine wool offers a beautifully soft handle and refined finish, while the understated check adds character without compromising versatility. Cut single-breasted and fully lined, it’s finished with straight flap pockets and double vents for a sharp silhouette that moves comfortably. A sophisticated choice for the office, occasions and everything in between.• 100% Wool  • Notch lapels • Breast pocket • Internal pockets • Mock horn buttons • Working button cuffs   Tailored Fit  The model is wearing a size 38 jacket. Model is 6'3""/ 190cm tall, with a 38"" / 96cm chest and a 31"" / 78cm waist.",619.00,619.00,https://handcmediastorage.blob.core.windows.net/productimages/JK/JKCLJT15-G01-207375-1400px-1820px.jpg,Clothing & Accessories > Clothing > Suits,Outerwear>Menswear,,,FALSE,JKCLJT15-G01,30,IN STOCK,,"36, 36 short, 38, 38 short, 40, 40 long, 40 short, 42, 42 long, 42 short, 44, 44 long, 46, 48, 50",Navy,,619.00,53,TRUE,TRUE
Hawes & Curtis,5063056984644,5063056984644,Hawes & Curtis Tailored Fit Brown 1913 Suit Pants,http://www.hawesandcurtis.com/tailored-fit-brown-1913-suit-trousers-trpljt38-c01?utm_source=display&utm_medium=programmatic&utm_campaign=performance&utm_content=rtg,"Crafted from luxurious Super 120s wool, these brown flannel suit pants are woven by the Barberis mill in Italy. Pair them with the matching jacket for a polished head-to-toe look, or style separately for a smart-casual take. Designed with side and rear pockets and the option for unfinished lengths, these pants can be brought to any of our stores for complimentary alterations. • Hook and eye fastening • Half lined to the knee   Tailored Fit  The model is wearing size 32 pants. Model is 6'1""/ 186cm tall, with a 39.5"" / 100cm chest and a 32"" / 81cm waist.","Crafted from luxurious Super 120s wool, these brown flannel suit pants are woven by the Barberis mill in Italy. Pair them with the matching jacket for a polished head-to-toe look, or style separately for a smart-casual take. Designed with side and rear pockets and the option for unfinished lengths, these pants can be brought to any of our stores for complimentary alterations. • Hook and eye fastening • Half lined to the knee   Tailored Fit  The model is wearing size 32 pants. Model is 6'1""/ 186cm tall, with a 39.5"" / 100cm chest and a 32"" / 81cm waist.",320.00,320.00,https://handcmediastorage.blob.core.windows.net/productimages/TR/TRPLJT38-C01-208501-1400px-1820px.jpg,Clothing & Accessories > Clothing > Trousers & Jeans,Trousers>Casualwear>Menswear,,,FALSE,TRPLJT38-C01,29,IN STOCK,,"30-UNHEM, 32-UNHEM, 34-UNHEM, 36-UNHEM, 38-UNHEM, 40-UNHEM, 42-UNHEM",Brown,,320.00,55,TRUE,TRUE
Hawes & Curtis,5054907599162,5054907599162,Hawes & Curtis Tailored Fit Royal Blue Herringbone 1913 Linen Suit Jacket,http://www.hawesandcurtis.com/mens-royal-blue-herringbone-linen-tailored-fit-italian-suit-jacket-1913-collection-jkplta23-b52?utm_source=display&utm_medium=programmatic&utm_campaign=performance&utm_content=rtg,"This exquisite royal blue tailored fit suit jacket is woven in Italy from pure linen from the Angelico mill and it features a subtle herringbone weave. The lined, single breasted jacket is designed with a classic notched lapel with two front buttons. The elegant double vents to enable freedom of movement. Finer details include a felt lining under the collar of the jacket and working button cuffs. Team with a white slim fit formal shirt and a patterned silk tie and pocket square for a sharp ensemble. •Notch lapels •Breast pocket •Internal pockets •Mock horn buttons •Working button cuffs • 100% linen • Lining: 100% viscoseAlso available in matching trousers, part of royal blue Italian linen suitThe model is wearing a size 38 jacket.Model is 6'1""/ 186cm tall, with a 40"" / 101.5cm chest and a 33"" / 83.5cm waist.","This exquisite royal blue tailored fit suit jacket is woven in Italy from pure linen from the Angelico mill and it features a subtle herringbone weave. The lined, single breasted jacket is designed with a classic notched lapel with two front buttons. The elegant double vents to enable freedom of movement. Finer details include a felt lining under the collar of the jacket and working button cuffs. Team with a white slim fit formal shirt and a patterned silk tie and pocket square for a sharp ensemble. •Notch lapels •Breast pocket •Internal pockets •Mock horn buttons •Working button cuffs • 100% linen • Lining: 100% viscoseAlso available in matching trousers, part of royal blue Italian linen suitThe model is wearing a size 38 jacket.Model is 6'1""/ 186cm tall, with a 40"" / 101.5cm chest and a 33"" / 83.5cm waist.",139.00,139.00,https://handcmediastorage.blob.core.windows.net/productimages/JK/JKPLTA23-B52-204715-1400px-1820px.jpg,Clothing & Accessories > Clothing > Suits,Outerwear>Menswear,,,FALSE,JKPLTA23-B52,20,IN STOCK,,"36, 38",Royal Blue,,529.00,82,TRUE,TRUE
Hawes & Curtis,5063755155550,5063755155550,Hawes & Curtis Tailored Fit White 1913 Suit Jacket,http://www.hawesandcurtis.com/tailored-fit-white-1913-suit-jacket-jkplkt81-n01?utm_source=display&utm_medium=programmatic&utm_campaign=performance&utm_content=rtg,"Summer tailoring that works as hard as you do. This white suit jacket is tailored from an impeccable linen-cotton blend that keeps you cool while looking sharp. The tailored silhouette features jetted pockets and a half-lined construction, striking the perfect balance between relaxed and refined. Perfect for summer weddings, smart warm-weather dress codes and every moment you want to impress in between. • 60% Linen and 40% Cotton • Notch lapels • Jetted pockets• Breast pocket • Internal pockets • Mock horn buttons• Working button cuffs  Tailored Fit The model is wearing a size 40 jacket. Model is 6'2""/ 189cm tall, with a 40"" / 101cm chest and a 32"" / 81cm waist.","Summer tailoring that works as hard as you do. This white suit jacket is tailored from an impeccable linen-cotton blend that keeps you cool while looking sharp. The tailored silhouette features jetted pockets and a half-lined construction, striking the perfect balance between relaxed and refined. Perfect for summer weddings, smart warm-weather dress codes and every moment you want to impress in between. • 60% Linen and 40% Cotton • Notch lapels • Jetted pockets• Breast pocket • Internal pockets • Mock horn buttons• Working button cuffs  Tailored Fit The model is wearing a size 40 jacket. Model is 6'2""/ 189cm tall, with a 40"" / 101cm chest and a 32"" / 81cm waist.",379.00,379.00,https://handcmediastorage.blob.core.windows.net/productimages/JK/JKPLKT81-N01-216584-1400px-1820px.jpg,Clothing & Accessories > Clothing > Suits,Jackets & Blazers>Casualwear>Menswear,,,FALSE,JKPLKT81-N01,74,IN STOCK,,"36, 38, 38 short, 40, 40 long, 40 short, 42, 44, 46, 50",White,,559.00,12,TRUE,TRUE
Hawes & Curtis,5059090332459,5059090332459,Hawes & Curtis Tailored Fit Grey Striped 1913 Morning Suit Pants With Side Adjusters,http://www.hawesandcurtis.com/grey-striped-italian-wool-morning-suit-pants-1913-collection-trplaa00-f01?utm_source=display&utm_medium=programmatic&utm_campaign=performance&utm_content=rtg,"The grey striped tailored fit suit pants are made from 100% virgin wool from the renowned Italian Angelico Mill. They are half-lined to the knee and feature side and rear pockets. To ensure the best fit, you can choose suit pants that are unfinished and require alteration. This allows you to have your pants tailored to the precise length you need. • 100% wool• Italian Angelico Mill• Side adjusters  Tailored Fit Model is 6'1""/ 186cm tall, with a 40"" / 101cm chest and a 33"" / 83cm waist.","The grey striped tailored fit suit pants are made from 100% virgin wool from the renowned Italian Angelico Mill. They are half-lined to the knee and feature side and rear pockets. To ensure the best fit, you can choose suit pants that are unfinished and require alteration. This allows you to have your pants tailored to the precise length you need. • 100% wool• Italian Angelico Mill• Side adjusters  Tailored Fit Model is 6'1""/ 186cm tall, with a 40"" / 101cm chest and a 33"" / 83cm waist.",390.00,390.00,https://handcmediastorage.blob.core.windows.net/productimages/TR/TRPLAA00-F01-214565-1400px-1820px.jpg,Clothing & Accessories > Clothing > Trousers & Jeans,Trousers>Casualwear>Menswear,,,FALSE,TRPLAA00-F01,59,IN STOCK,,"32"", 34"", 36"", 38"", 40"", 42"", 44""",Grey,,390.00,17,TRUE,TRUE
Hawes & Curtis,5063056935158,5063056935158,Hawes & Curtis Tailored Fit Dark Blue Stripe 1913 Suit Jacket,http://www.hawesandcurtis.com/tailored-fit-dark-blue-stripe-1913-suit-jacket-jksvjt31-b34?utm_source=display&utm_medium=programmatic&utm_campaign=performance&utm_content=rtg,"Tailored from luxurious flannel wool woven by the esteemed Vitale Barberis Canonico mill in Italy, this dark blue striped suit jacket combines timeless elegance with refined comfort. The soft flannel fabric provides warmth and breathability, making it ideal for year-round wear. Designed in a tailored fit, it features a single-breasted silhouette with flap pockets, a full lining, and double vents for effortless movement and a polished finish.• 100% wool • Notch lapels • Breast pocket • Internal pockets • Mock horn buttons • Working button cuffs Tailored Fit  The model is wearing a size 38 jacket.  Model is 6'3""/ 190cm tall, with a 38"" / 96cm chest and a 31"" / 78cm waist.","Tailored from luxurious flannel wool woven by the esteemed Vitale Barberis Canonico mill in Italy, this dark blue striped suit jacket combines timeless elegance with refined comfort. The soft flannel fabric provides warmth and breathability, making it ideal for year-round wear. Designed in a tailored fit, it features a single-breasted silhouette with flap pockets, a full lining, and double vents for effortless movement and a polished finish.• 100% wool • Notch lapels • Breast pocket • Internal pockets • Mock horn buttons • Working button cuffs Tailored Fit  The model is wearing a size 38 jacket.  Model is 6'3""/ 190cm tall, with a 38"" / 96cm chest and a 31"" / 78cm waist.",619.00,619.00,https://handcmediastorage.blob.core.windows.net/productimages/JK/JKSVJT31-B34-217151-1400px-1820px.jpg,Clothing & Accessories > Clothing > Suits,Casualwear>Menswear,,,FALSE,JKSVJT31-B34,32,IN STOCK,,"36, 36 short, 38, 38 short, 40, 40 long, 40 short, 42, 42 long, 42 short, 44, 44 long, 44 short, 46, 48, 50",Dark Blue,,619.00,47,TRUE,TRUE
Hawes & Curtis,5063755259944,5063755259944,Hawes & Curtis Tailored Fit Black Dinner Pants With Side Adjusters,http://www.hawesandcurtis.com/tailored-fit-black-dinner-pants-with-side-adjusters-trpraa98-a01?utm_source=display&utm_medium=programmatic&utm_campaign=performance&utm_content=rtg,"Cut to a sharp tailored fit, these black dinner suit pants are designed for a refined black-tie silhouette. A satin side stripe adds a timeless formal finish, while side adjusters create a clean, streamlined look. Half-lined for comfort and ease of movement, they are complete with practical side and rear pockets. To ensure the best fit, you can choose suit pants that are unfinished and require alteration. This allows you to have your pants tailored to the precise length you need. Bring your trousers to any of our stores for free alterations.• 100% wool The model is wearing size 34 pants. Model is 6'2""/ 189cm tall, with a 40"" / 101cm chest and a 32"" / 81cm waist.","Cut to a sharp tailored fit, these black dinner suit pants are designed for a refined black-tie silhouette. A satin side stripe adds a timeless formal finish, while side adjusters create a clean, streamlined look. Half-lined for comfort and ease of movement, they are complete with practical side and rear pockets. To ensure the best fit, you can choose suit pants that are unfinished and require alteration. This allows you to have your pants tailored to the precise length you need. Bring your trousers to any of our stores for free alterations.• 100% wool The model is wearing size 34 pants. Model is 6'2""/ 189cm tall, with a 40"" / 101cm chest and a 32"" / 81cm waist.",290.00,290.00,https://handcmediastorage.blob.core.windows.net/productimages/TR/TRPRAA98-A01-217000-1400px-1820px.jpg,,Menswear,,,FALSE,TRPRAA98-A01,24,IN STOCK,,"30-UNHEM, 32-UNHEM, 34-UNHEM, 36-UNHEM, 38-UNHEM, 40-UNHEM, 42-UNHEM, 44-UNHEM""",Black,,290.00,68,TRUE,TRUE
Hawes & Curtis,5059090332251,5059090332251,Hawes & Curtis Tailored Fit Black & Grey Morning Suit Jacket,http://www.hawesandcurtis.com/mens-black-italian-wool-morning-coat-1913-collection-jkplaa00-a01?utm_source=display&utm_medium=programmatic&utm_campaign=performance&utm_content=rtg,"This luxury black morning coat is crafted from the finest wool from the renowned Italian Angelico Mill. Designed with a curved cutaway front, this morning coat has an elegant design that takes inspiration from classic tails. Whether you are in the Royal Enclosure at the races or a groomsman at a wedding, this outfit offers the ultimate in timeless formal attire. Complete the look with a waistcoat and a patterned silk tie and a top hat.• Italian Angelico Mill• 100% wool Tailored Fit The model is wearing a size 38 jacket. Model is 6'1""/ 186cm tall, with a 40"" / 101cm chest and a 33"" / 83cm waist.","This luxury black morning coat is crafted from the finest wool from the renowned Italian Angelico Mill. Designed with a curved cutaway front, this morning coat has an elegant design that takes inspiration from classic tails. Whether you are in the Royal Enclosure at the races or a groomsman at a wedding, this outfit offers the ultimate in timeless formal attire. Complete the look with a waistcoat and a patterned silk tie and a top hat.• Italian Angelico Mill• 100% wool Tailored Fit The model is wearing a size 38 jacket. Model is 6'1""/ 186cm tall, with a 40"" / 101cm chest and a 33"" / 83cm waist.",669.00,669.00,https://handcmediastorage.blob.core.windows.net/productimages/JK/JKPLAA00-A01-214017-1400px-1820px.jpg,Clothing & Accessories > Clothing > Suits,Casualwear>Menswear,,,FALSE,JKPLAA00-A01,70,IN STOCK,,"36, 38, 40, 42, 44, 46, 48, 50",Black,,669.00,13,TRUE,TRUE
Hawes & Curtis,5063056798814,5063056798814,Hawes & Curtis Tailored Fit Navy Birdseye 1913 Suit Jacket,http://www.hawesandcurtis.com/tailored-fit-navy-birdseye-1913-suit-jacket-jkplaa18-g01?utm_source=display&utm_medium=programmatic&utm_campaign=performance&utm_content=rtg,"Wear this smart navy birdseye suit jacket, woven in the finest Italian wool fabric from the Guabello mill. The lined, single breasted jacket is designed with a classic notch lapel and two front buttons. Finer details include a felt lining under the collar of the jacket, mock horn buttons and working button cuffs. The elegant double vents enable freedom of movement. •Notch lapels •Breast pocket •Internal pockets •Mock horn buttons •Working button cuffs• Italian Guabello Mill• 100% wool  Tailored Fit The model is wearing a size 38 jacket.Model is 6'2""/ 187cm tall, with a 38"" / 96cm chest and a 32"" / 81cm waist.","Wear this smart navy birdseye suit jacket, woven in the finest Italian wool fabric from the Guabello mill. The lined, single breasted jacket is designed with a classic notch lapel and two front buttons. Finer details include a felt lining under the collar of the jacket, mock horn buttons and working button cuffs. The elegant double vents enable freedom of movement. •Notch lapels •Breast pocket •Internal pockets •Mock horn buttons •Working button cuffs• Italian Guabello Mill• 100% wool  Tailored Fit The model is wearing a size 38 jacket.Model is 6'2""/ 187cm tall, with a 38"" / 96cm chest and a 32"" / 81cm waist.",579.00,579.00,https://handcmediastorage.blob.core.windows.net/productimages/JK/JKPLAA18-G01-216936-1400px-1820px.jpg,Clothing & Accessories > Clothing > Suits,Menswear,,,FALSE,JKPLAA18-G01,53,IN STOCK,,"36 short, 38, 38 short, 40, 40 long, 40 short, 42, 42 long, 42 short, 44, 44 short, 46, 46 short, 48, 50, One Size",Navy,,579.00,25,TRUE,TRUE
Hawes & Curtis,5063056525908,5063056525908,Hawes & Curtis Tailored Fit Navy Twill Suit Pants,http://www.hawesandcurtis.com/navy-twill-tailored-suit-trousers-trpraa01-g01?utm_source=display&utm_medium=programmatic&utm_campaign=performance&utm_content=rtg,"Elevate your wardrobe with these navy twill suit pants, expertly crafted from high-quality wool. These pants feature a hook-and-eye fastening and are half-lined to the knee. They are designed with side and rear pockets. To ensure the best fit, our suit pants are unfinished and require alteration.• 100% wool • Hook and eye fastening • Half lined to the knee  Tailored Fit  The model is wearing size 32 pants.","Elevate your wardrobe with these navy twill suit pants, expertly crafted from high-quality wool. These pants feature a hook-and-eye fastening and are half-lined to the knee. They are designed with side and rear pockets. To ensure the best fit, our suit pants are unfinished and require alteration.• 100% wool • Hook and eye fastening • Half lined to the knee  Tailored Fit  The model is wearing size 32 pants.",220.00,220.00,https://handcmediastorage.blob.core.windows.net/productimages/TR/TRPRAA01-G01-203326-1400px-1820px.jpg,Clothing & Accessories > Clothing > Trousers & Jeans,Trousers>Casualwear>Menswear,,,FALSE,TRPRAA01-G01,37,IN STOCK,,"28"", 30"", 32"", 34"", 36"", 38"", 40"", 42"", 44"", 46""",Navy,,220.00,38,TRUE,TRUE
Hawes & Curtis,5063755092060,5063755092060,Hawes & Curtis Tailored Fit Green Twill Wool-Silk Blazer,http://www.hawesandcurtis.com/tailored-fit-green-blazer-copnk333-e01?utm_source=display&utm_medium=programmatic&utm_campaign=performance&utm_content=rtg,"Soft sophistication meets modern ease in this twill blazer, designed for occasions that call for effortless polish. Crafted from a luxurious wool-silk blend, the green hue catches the light with a subtle sheen, while the stepped twill weave adds depth and texture to its refined surface. The half-lined construction and patch pockets introduce a relaxed, contemporary edge; making it a natural choice for weddings, garden parties, summer events, and dinners that deserve a sharper look. Equally versatile, it works seamlessly with tailored trousers for formal moments or denim for a more relaxed approach. • 96% Wool 4% Silk• Half lined• Breast pocket • Patch pockets • Internal pockets • Mock horn buttons • Working button cuffs  Tailored Fit  Model is wearing a size 40. Model is 6'2""/ 188cm tall, with a 39"" / 100cm chest and a 31.5"" / 80cm waist.","Soft sophistication meets modern ease in this twill blazer, designed for occasions that call for effortless polish. Crafted from a luxurious wool-silk blend, the green hue catches the light with a subtle sheen, while the stepped twill weave adds depth and texture to its refined surface. The half-lined construction and patch pockets introduce a relaxed, contemporary edge; making it a natural choice for weddings, garden parties, summer events, and dinners that deserve a sharper look. Equally versatile, it works seamlessly with tailored trousers for formal moments or denim for a more relaxed approach. • 96% Wool 4% Silk• Half lined• Breast pocket • Patch pockets • Internal pockets • Mock horn buttons • Working button cuffs  Tailored Fit  Model is wearing a size 40. Model is 6'2""/ 188cm tall, with a 39"" / 100cm chest and a 31.5"" / 80cm waist.",209.00,209.00,https://handcmediastorage.blob.core.windows.net/productimages/CO/COPNK333-E01-214241-1400px-1820px.jpg,Clothing & Accessories > Clothing > Suits,Blazers>Casualwear>Menswear,,,FALSE,COPNK333-E01,70,IN STOCK,,"36, 38, 40, 42, 44, 48",Green,,209.00,14,TRUE,TRUE
Hawes & Curtis,5063755305337,5063755305337,Hawes & Curtis Tailored Fit Grey Stripe 1913 Suit Jacket,http://www.hawesandcurtis.com/tailored-fit-grey-stripe-1913-suit-jacket-jkpllt34-f01?utm_source=display&utm_medium=programmatic&utm_campaign=performance&utm_content=rtg,"Woven by the renowned Guabello Mill in Italy, this grey stripe suit jacket brings together classic tailoring and genuine Italian craft. Cut from 100% flannel wool, the stripe gives it real character. Soft shoulder construction lends a natural, easy shape, while the double-breasted front and peak lapel add a sharp, commanding edge. A classic lining and double vents keep it easy to move in, finished with the kind of tailoring built to earn its keep season after season. • Breast pocket • Internal pockets • Mock horn buttons • Working button cuffs  • 100% Flannel Wool Tailored Fit Model is 6'1""/ 185cm tall, with a 40"" / 101cm chest and a 32"" / 81cm waist.","Woven by the renowned Guabello Mill in Italy, this grey stripe suit jacket brings together classic tailoring and genuine Italian craft. Cut from 100% flannel wool, the stripe gives it real character. Soft shoulder construction lends a natural, easy shape, while the double-breasted front and peak lapel add a sharp, commanding edge. A classic lining and double vents keep it easy to move in, finished with the kind of tailoring built to earn its keep season after season. • Breast pocket • Internal pockets • Mock horn buttons • Working button cuffs  • 100% Flannel Wool Tailored Fit Model is 6'1""/ 185cm tall, with a 40"" / 101cm chest and a 32"" / 81cm waist.",619.00,619.00,https://handcmediastorage.blob.core.windows.net/productimages/JK/JKPLLT34-F01-217640-1400px-1820px.jpg,Clothing & Accessories > Clothing > Suits,Outerwear>Menswear,,,FALSE,JKPLLT34-F01,40,IN STOCK,,"36, 36 short, 38, 40, 40 long, 40 short, 42, 42 short, 44, 46, 48, 50, One Size",Grey,,619.00,33,TRUE,TRUE
Hawes & Curtis,5063755306013,5063755306013,Hawes & Curtis Tailored Fit Brown Stripe 1913 Suit Jacket,http://www.hawesandcurtis.com/tailored-fit-brown-stripe-1913-suit-jacket-jkpllt37-c01?utm_source=display&utm_medium=programmatic&utm_campaign=performance&utm_content=rtg,"From the 1913 collection, this brown stripe suit jacket is woven from pure flannel wool at the renowned E. Thomas mill in Italy. The stripe adds depth and presence, while soft shoulder construction gives the jacket a relaxed, natural line rather than a stiff one. A double-breasted front and patch pockets bring plenty of character. Suited to everything from a festive party to a formal winter wedding.• 100% Flannel Wool  • Peak lapels • Breast pocket • Patch pockets • Mock horn buttons • Working button cuffs   Tailored Fit  Model is 6'1""/ 186cm tall, with a 40"" / 101cm chest and a 33"" / 83cm waist.","From the 1913 collection, this brown stripe suit jacket is woven from pure flannel wool at the renowned E. Thomas mill in Italy. The stripe adds depth and presence, while soft shoulder construction gives the jacket a relaxed, natural line rather than a stiff one. A double-breasted front and patch pockets bring plenty of character. Suited to everything from a festive party to a formal winter wedding.• 100% Flannel Wool  • Peak lapels • Breast pocket • Patch pockets • Mock horn buttons • Working button cuffs   Tailored Fit  Model is 6'1""/ 186cm tall, with a 40"" / 101cm chest and a 33"" / 83cm waist.",759.00,759.00,https://handcmediastorage.blob.core.windows.net/productimages/JK/JKPLLT37-C01-217768-1400px-1820px.jpg,Clothing & Accessories > Clothing > Suits,Casualwear>Menswear,,,FALSE,JKPLLT37-C01,33,IN STOCK,,"36, 36 short, 38, 40, 40 short, 42, 42 short, 44, 48, 50, One Size",Brown,,759.00,46,TRUE,TRUE
Hawes & Curtis,5063755314704,5063755314704,Hawes & Curtis Tailored Fit Black & White Tweed 1913 Suit Jacket,http://www.hawesandcurtis.com/tailored-fit-black-and-white-tweed-1913-suit-jacket-jkpllt17-a20?utm_source=display&utm_medium=programmatic&utm_campaign=performance&utm_content=rtg,"A refined expression of Italian tailoring, this double-breasted jacket is crafted from luxurious tweed wool woven by the renowned Lanificio di Pray mill in Italy. The black and white colourway adds a distinctive, timeless character, while sharp peak lapels create a sophisticated silhouette. Finished with flap pockets and double back vents, this impeccably tailored jacket combines classic detailing with contemporary elegance.• 100% wool • Peak lapels • Breast pocket • Internal pockets • Mock horn buttons • Working button cuffs   Tailored Fit  Model is 6'2""/ 189cm tall, with a 40"" / 101cm chest and a 32"" / 81cm waist.","A refined expression of Italian tailoring, this double-breasted jacket is crafted from luxurious tweed wool woven by the renowned Lanificio di Pray mill in Italy. The black and white colourway adds a distinctive, timeless character, while sharp peak lapels create a sophisticated silhouette. Finished with flap pockets and double back vents, this impeccably tailored jacket combines classic detailing with contemporary elegance.• 100% wool • Peak lapels • Breast pocket • Internal pockets • Mock horn buttons • Working button cuffs   Tailored Fit  Model is 6'2""/ 189cm tall, with a 40"" / 101cm chest and a 32"" / 81cm waist.",649.00,649.00,https://handcmediastorage.blob.core.windows.net/productimages/JK/JKPLLT17-A20-218631-1400px-1820px.jpg,Clothing & Accessories > Clothing > Suits,Casualwear>Menswear,,,FALSE,JKPLLT17-A20,24,IN STOCK,,"36, 38, 40, 42, 44, 46, 48, 50, One Size",Black/White,,649.00,69,TRUE,TRUE
Hawes & Curtis,5063056751406,5063056751406,Hawes & Curtis Tailored Fit Navy Herringbone Stripe 1913 Suit Jacket,http://www.hawesandcurtis.com/navy-herringbone-stripe-tailored-italian-suit-jacket-1913-collection-jksvia28-g01?utm_source=display&utm_medium=programmatic&utm_campaign=performance&utm_content=rtg,"A classic suit jacket joining the 1913 collection in a smart navy hue; made from pure wool by the Barberis mill in Italy. The refined herringbone weave adds depth and texture, while the subtle stripe pattern enhances its timeless sophistication.  It features a lined, single-breasted jacket with straight pockets on either side, complete with flaps. The jacket is designed with elegant double vents to allow for freedom of movement. • 100% Wool  • Notch lapels • Breast pocket • Internal pockets • Mock horn buttons • Working button cuffs   Tailored Fit  The model is wearing a size 38 jacket. Model is 6'1""/ 186cm tall, with a 40"" / 101cm chest and a 33"" / 83cm waist.","A classic suit jacket joining the 1913 collection in a smart navy hue; made from pure wool by the Barberis mill in Italy. The refined herringbone weave adds depth and texture, while the subtle stripe pattern enhances its timeless sophistication.  It features a lined, single-breasted jacket with straight pockets on either side, complete with flaps. The jacket is designed with elegant double vents to allow for freedom of movement. • 100% Wool  • Notch lapels • Breast pocket • Internal pockets • Mock horn buttons • Working button cuffs   Tailored Fit  The model is wearing a size 38 jacket. Model is 6'1""/ 186cm tall, with a 40"" / 101cm chest and a 33"" / 83cm waist.",529.00,529.00,https://handcmediastorage.blob.core.windows.net/productimages/JK/JKSVIA28-G01-213964-1400px-1820px.jpg,Clothing & Accessories > Clothing > Suits,Jackets & Blazers>Casualwear>Menswear,,,FALSE,JKSVIA28-G01,29,IN STOCK,,"36, 38 short, 40, 42, 42 short, 44, 44 short",Navy,,529.00,56,TRUE,TRUE
Hawes & Curtis,5063056751543,5063056751543,Hawes & Curtis Tailored Fit Navy Herringbone Stripe 1913 Suit Trousers,http://www.hawesandcurtis.com/navy-herringbone-stripe-tailored-italian-suit-trousers-1913-collection-trsvia28-g01?utm_source=display&utm_medium=programmatic&utm_campaign=performance&utm_content=rtg,"Choose these navy herringbone stripe suit trousers in a tailored fit to pair with their matching jacket or styled with your casual tops. These trousers are made with the finest pure wool from the famed Vitale Barberis Canonico for breathability and versatility. Designed with side and rear pockets and the option for unfinished lengths. Bring your trousers to any of our stores for free alterations. • 100% wool  • Hook and eye fastening • Half lined to the knee   Tailored Fit  The model is wearing size 32 trousers. Model is 6'1""/ 186cm tall, with a 40"" / 101cm chest and a 33"" / 83cm waist.","Choose these navy herringbone stripe suit trousers in a tailored fit to pair with their matching jacket or styled with your casual tops. These trousers are made with the finest pure wool from the famed Vitale Barberis Canonico for breathability and versatility. Designed with side and rear pockets and the option for unfinished lengths. Bring your trousers to any of our stores for free alterations. • 100% wool  • Hook and eye fastening • Half lined to the knee   Tailored Fit  The model is wearing size 32 trousers. Model is 6'1""/ 186cm tall, with a 40"" / 101cm chest and a 33"" / 83cm waist.",260.00,260.00,https://handcmediastorage.blob.core.windows.net/productimages/TR/TRSVIA28-G01-213971-1400px-1820px.jpg,Clothing & Accessories > Clothing > Trousers & Jeans,Outerwear>Menswear,,,FALSE,TRSVIA28-G01,9,IN STOCK,,"32"", 34"", 36"", 38"", 40""",Navy,,260.00,110,TRUE,TRUE
Hawes & Curtis,5063056932621,5063056932621,Hawes & Curtis Tailored Fit Navy Semi Plain 1913 Suit Jacket,http://www.hawesandcurtis.com/tailored-fit-navy-semi-plain-1913-suit-jacket-jkpvjt27-g01?utm_source=display&utm_medium=programmatic&utm_campaign=performance&utm_content=rtg,"A refined staple for the modern wardrobe, this tailored-fit grey suit jacket is crafted in Italy from luxurious wool woven by the renowned Vitale Barberis Canonico mill. The semi-plain weave offers a subtle texture and versatile appeal, while the lightweight fabric ensures comfort and breathability for year-round wear. Fully lined for a smooth finish, the single-breasted design features straight flap pockets and elegant double vents for ease of movement and a polished silhouette.• 100% wool • Notch lapels • Breast pocket • Internal pockets • Mock horn buttons • Working button cuffs   Tailored Fit  The model is wearing a size 38 jacket.  Model is 6'2""/ 188cm tall, with a 39"" / 100cm chest and a 31.5"" / 80cm waist.","A refined staple for the modern wardrobe, this tailored-fit grey suit jacket is crafted in Italy from luxurious wool woven by the renowned Vitale Barberis Canonico mill. The semi-plain weave offers a subtle texture and versatile appeal, while the lightweight fabric ensures comfort and breathability for year-round wear. Fully lined for a smooth finish, the single-breasted design features straight flap pockets and elegant double vents for ease of movement and a polished silhouette.• 100% wool • Notch lapels • Breast pocket • Internal pockets • Mock horn buttons • Working button cuffs   Tailored Fit  The model is wearing a size 38 jacket.  Model is 6'2""/ 188cm tall, with a 39"" / 100cm chest and a 31.5"" / 80cm waist.",489.00,489.00,https://handcmediastorage.blob.core.windows.net/productimages/JK/JKPVJT27-G01-218886-1400px-1820px.jpg,Clothing & Accessories > Clothing > Suits,Outerwear>Menswear,,,FALSE,JKPVJT27-G01,30,IN STOCK,,"36, 38, 40, 40 long, 42, 42 long, 44, 46, 48",Navy,,489.00,54,TRUE,TRUE
Hawes & Curtis,5063755063800,5063755063800,Hawes & Curtis Tailored Fit Neutral Herringbone Linen Suit Jacket,http://www.hawesandcurtis.com/tailored-fit-neutral-herringbone-linen-suit-jacket-jkprkt65-h71?utm_source=display&utm_medium=programmatic&utm_campaign=performance&utm_content=rtg,"Neutral tones that make a statement, this neutral suit jacket is woven from pure linen with a subtle herringbone texture. The half-lined, double-breasted design offers structure while keeping it lightweight and breathable, featuring peak lapels for a sharp, tailored finish. Double vents and airy construction allow freedom of movement, ensuring comfort without compromising on style. Perfect for summer weddings, garden parties, or elevated evening occasions, it’s a suit jacket that balances effortless ease with modern sophistication.• 100% linen• Peak lapels • Breast pocket • Internal pockets • Mock horn buttons • Working button cuffs Tailored Fit  The model is wearing a size 40 jacket. Model is 6'1""/ 186cm tall, with a 40"" / 101cm chest and a 33"" / 83cm waist.","Neutral tones that make a statement, this neutral suit jacket is woven from pure linen with a subtle herringbone texture. The half-lined, double-breasted design offers structure while keeping it lightweight and breathable, featuring peak lapels for a sharp, tailored finish. Double vents and airy construction allow freedom of movement, ensuring comfort without compromising on style. Perfect for summer weddings, garden parties, or elevated evening occasions, it’s a suit jacket that balances effortless ease with modern sophistication.• 100% linen• Peak lapels • Breast pocket • Internal pockets • Mock horn buttons • Working button cuffs Tailored Fit  The model is wearing a size 40 jacket. Model is 6'1""/ 186cm tall, with a 40"" / 101cm chest and a 33"" / 83cm waist.",229.00,229.00,https://handcmediastorage.blob.core.windows.net/productimages/JK/JKPRKT65-H71-215143-1400px-1820px.jpg,Clothing & Accessories > Clothing > Suits,Jackets & Blazers>Casualwear>Menswear,,,FALSE,JKPRKT65-H71,124,IN STOCK,,"36, 36 short, 38, 40, 40 long, 40 short, 42, 42 long, 42 short, 44, 44 short, 46, 50",Neutral,,379.00,4,TRUE,TRUE
Hawes & Curtis,5063056927375,5063056927375,Hawes & Curtis Tailored Fit Dark Blue 1913 Suit Pants,http://www.hawesandcurtis.com/tailored-fit-dark-blue-1913-suit-pants-trpljt16-b34?utm_source=display&utm_medium=programmatic&utm_campaign=performance&utm_content=rtg,"Crafted from soft super 120s flannel wool, these dark blue suit pants are woven by the renowned Barberis mill in Italy. Designed with side and rear pockets and the option for unfinished lengths. Made as part of a two-piece suit, purchase the ensemble to exude sophistication, or simply style these pants for a sleek foundation to your outfit.• 100% Wool  • Hook and eye fastening • Half lined to the knee   Tailored Fit  The model is wearing size 32 pants. Model is 6'1""/ 185cm tall, with a 38"" / 96cm chest and a 31"" / 80cm waist.","Crafted from soft super 120s flannel wool, these dark blue suit pants are woven by the renowned Barberis mill in Italy. Designed with side and rear pockets and the option for unfinished lengths. Made as part of a two-piece suit, purchase the ensemble to exude sophistication, or simply style these pants for a sleek foundation to your outfit.• 100% Wool  • Hook and eye fastening • Half lined to the knee   Tailored Fit  The model is wearing size 32 pants. Model is 6'1""/ 185cm tall, with a 38"" / 96cm chest and a 31"" / 80cm waist.",320.00,320.00,https://handcmediastorage.blob.core.windows.net/productimages/TR/TRPLJT16-B34-217088-1400px-1820px.jpg,Clothing & Accessories > Clothing > Trousers & Jeans,Trousers>Casualwear>Menswear,,,FALSE,TRPLJT16-B34,13,IN STOCK,,"30-UNHEM, 32-UNHEM, 34-UNHEM, 36-UNHEM, 38-UNHEM, 40-UNHEM, 44-UNHEM""",Dark Blue,,320.00,104,TRUE,TRUE
Hawes & Curtis,5063056785272,5063056785272,Hawes & Curtis Tailored Fit Royal Blue Semi Plain 1913 Linen Suit Vest,http://www.hawesandcurtis.com/royal-blue-hopsack-linen-italian-tailored-suit-waistcoat-1913-collection-wcplia33-b52?utm_source=display&utm_medium=programmatic&utm_campaign=performance&utm_content=rtg,"Add a touch of refined elegance to your ensemble with our royal blue linen suit vest in a luxurious hopsack weave, tailored for a sleek fit. Made from premium linen by the distinguished Angelico mill, this suit vest offers breathable comfort and timeless style. • 100% linen • Two welt pockets • Waist adjuster • Mock horn buttons  Tailored Fit  The model is wearing a size 40. Model is 6'3""/ 190cm tall, with a 38.5"" / 98cm chest and a 31.5"" / 80cm waist.","Add a touch of refined elegance to your ensemble with our royal blue linen suit vest in a luxurious hopsack weave, tailored for a sleek fit. Made from premium linen by the distinguished Angelico mill, this suit vest offers breathable comfort and timeless style. • 100% linen • Two welt pockets • Waist adjuster • Mock horn buttons  Tailored Fit  The model is wearing a size 40. Model is 6'3""/ 190cm tall, with a 38.5"" / 98cm chest and a 31.5"" / 80cm waist.",40.00,40.00,https://handcmediastorage.blob.core.windows.net/productimages/WC/WCPLIA33-B52-201283-1400px-1820px.jpg,Clothing & Accessories > Clothing > Suits,Waistcoats>Casualwear>Menswear,,,FALSE,WCPLIA33-B52,16,IN STOCK,,"36, 38, 40, 48",Royal Blue,,230.00,95,TRUE,TRUE
Hawes & Curtis,5063755116568,5063755116568,Hawes & Curtis Tailored Fit Blue Stripe 1913 Linen Suit Trousers,http://www.hawesandcurtis.com/tailored-fit-blue-stripe-hopsack-1913-suit-trousers-trslkt83-b01?utm_source=display&utm_medium=programmatic&utm_campaign=performance&utm_content=rtg,"Complete the look with these blue stripe flat-front trousers. Woven in a breathable hopsack construction from pure linen by Lanificio Angelico, they offer a subtle texture with lightweight comfort for warmer months. For a perfect fit, select unfinished trousers that can be tailored to your measurements. Versatile and polished, they pair effortlessly with the matching jacket or smart summer shirts.• 100% linen• Half lined to the knee Tailored Fit The model is wearing size 32 trousers. Model is 6'2""/ 188cm tall, with a 39"" / 100cm chest and a 31.5"" / 80cm waist.","Complete the look with these blue stripe flat-front trousers. Woven in a breathable hopsack construction from pure linen by Lanificio Angelico, they offer a subtle texture with lightweight comfort for warmer months. For a perfect fit, select unfinished trousers that can be tailored to your measurements. Versatile and polished, they pair effortlessly with the matching jacket or smart summer shirts.• 100% linen• Half lined to the knee Tailored Fit The model is wearing size 32 trousers. Model is 6'2""/ 188cm tall, with a 39"" / 100cm chest and a 31.5"" / 80cm waist.",120.00,120.00,https://handcmediastorage.blob.core.windows.net/productimages/TR/TRSLKT83-B01-212760-1400px-1820px.jpg,Clothing & Accessories > Clothing > Trousers & Jeans,Trousers>Casualwear>Menswear,,,FALSE,TRSLKT83-B01,28,IN STOCK,,"32"", 34"", 36"", 38"", 40"", 42""",Blue,,320.00,59,TRUE,TRUE
Hawes & Curtis,5063056642162,5063056642162,Hawes & Curtis Tailored Fit Navy Chalk Stripe 1913 Suit Jacket,http://www.hawesandcurtis.com/navy-stripe-double-breasted-tailored-flannel-suit-jacket-1913-collection-jkslha60-g01?utm_source=display&utm_medium=programmatic&utm_campaign=performance&utm_content=rtg,"Indulge in classic sophistication with this navy suit jacket, expertly crafted in 100% flannel wool by the renowned Italian Guabello mill. A traditional pattern, this bold chalk stripe jacket has natural stretch, breathable properties and a soft touch. Featuring a timeless double-breasted design, this jacket exudes refined elegance and versatility, perfect for both formal occasions and professional settings. • 100% wool  • Peak lapel • Breast pocket • Internal pockets • Working button cuffs   Tailored Fit  The model is wearing a size 38 jacket. Model is 6'1""/ 186cm tall, with a 39.5"" / 100cm chest and a 32"" / 81cm waist.","Indulge in classic sophistication with this navy suit jacket, expertly crafted in 100% flannel wool by the renowned Italian Guabello mill. A traditional pattern, this bold chalk stripe jacket has natural stretch, breathable properties and a soft touch. Featuring a timeless double-breasted design, this jacket exudes refined elegance and versatility, perfect for both formal occasions and professional settings. • 100% wool  • Peak lapel • Breast pocket • Internal pockets • Working button cuffs   Tailored Fit  The model is wearing a size 38 jacket. Model is 6'1""/ 186cm tall, with a 39.5"" / 100cm chest and a 32"" / 81cm waist.",619.00,619.00,https://handcmediastorage.blob.core.windows.net/productimages/JK/JKSLHA60-G01-217126-1400px-1820px.jpg,Clothing & Accessories > Clothing > Suits,Jackets & Blazers>Casualwear>Menswear,,,FALSE,JKSLHA60-G01,16,IN STOCK,,"36, 36 short, 38 short, 40, 40 long, 42, 42 short, 44, 46, 50",Navy,,619.00,96,TRUE,TRUE
Hawes & Curtis,5063056773651,5063056773651,Hawes & Curtis Tailored Fit Blue Textured Weave Non-Iron Shirt - Short Sleeve - Chest Pocket,http://www.hawesandcurtis.com/non-iron-blue-textured-weave-tailored-short-sleeve-shirt-chest-pocket-cfpri002-b01?utm_source=display&utm_medium=programmatic&utm_campaign=performance&utm_content=rtg,"Perfect for refined summer styling, this blue textured weave shirt is a versatile wardrobe staple. The tailored fit is generously cut and slightly tapered at the waist for an airy short sleeved shirt. Made in 100% cotton, the comfortable and breathable short-sleeved design is a must-have.At Hawes and Curtis we appreciate that our clientele lead busy lives, and as a solution we have introduced our non-iron range. These shirts utilise the latest anti-crease technology which lasts much longer than other non-iron shirts. • 100% Cotton (Better Cotton) • Textured Dobby Weave• Semi Cutaway Collar • Chest Pocket • Non-Iron  Tailored Fit  The model is wearing a size Medium. Model is 6'2""/ 187.5cm tall, with a 38"" / 97cm chest and a 32"" / 81cm waist.","Perfect for refined summer styling, this blue textured weave shirt is a versatile wardrobe staple. The tailored fit is generously cut and slightly tapered at the waist for an airy short sleeved shirt. Made in 100% cotton, the comfortable and breathable short-sleeved design is a must-have.At Hawes and Curtis we appreciate that our clientele lead busy lives, and as a solution we have introduced our non-iron range. These shirts utilise the latest anti-crease technology which lasts much longer than other non-iron shirts. • 100% Cotton (Better Cotton) • Textured Dobby Weave• Semi Cutaway Collar • Chest Pocket • Non-Iron  Tailored Fit  The model is wearing a size Medium. Model is 6'2""/ 187.5cm tall, with a 38"" / 97cm chest and a 32"" / 81cm waist.",45.00,45.00,https://handcmediastorage.blob.core.windows.net/productimages/CF/CFPRI002-B01-200719-1400px-1820px.jpg,Clothing & Accessories > Clothing > Shirts & Tops,Tailored Fit Shirts>Formal Shirts>Menswear,,,FALSE,CFPRI002-B01,45,IN STOCK,,"Large, Medium, Small, XXL",Blue,,119.00,30,TRUE,TRUE
Hawes & Curtis,5063056926569,5063056926569,Hawes & Curtis Tailored Fit Navy Check 1913 Suit Pants,http://www.hawesandcurtis.com/tailored-fit-navy-check-1913-suit-pants-trcljt15-g01?utm_source=display&utm_medium=programmatic&utm_campaign=performance&utm_content=rtg,"Crafted from luxurious super 130s wool, these navy Prince of Wales check suit pants are woven by the esteemed Guabello mill in Italy. Designed with side and rear pockets and the option for unfinished lengths. Made as a two piece suit, you can simply style these pants for a sleek foundation to any outfit.• 100% wool  • Hook and eye fastening • Half lined to the knee   Tailored Fit  The model is wearing size 32 pants. Model is 6'3""/ 190cm tall, with a 38"" / 96cm chest and a 31"" / 78cm waist.","Crafted from luxurious super 130s wool, these navy Prince of Wales check suit pants are woven by the esteemed Guabello mill in Italy. Designed with side and rear pockets and the option for unfinished lengths. Made as a two piece suit, you can simply style these pants for a sleek foundation to any outfit.• 100% wool  • Hook and eye fastening • Half lined to the knee   Tailored Fit  The model is wearing size 32 pants. Model is 6'3""/ 190cm tall, with a 38"" / 96cm chest and a 31"" / 78cm waist.",320.00,320.00,https://handcmediastorage.blob.core.windows.net/productimages/TR/TRCLJT15-G01-207371-1400px-1820px.jpg,Clothing & Accessories > Clothing > Trousers & Jeans,Trousers>Casualwear>Menswear,,,FALSE,TRCLJT15-G01,18,IN STOCK,,"30-UNHEM, 32-UNHEM, 34-UNHEM, 36-UNHEM, 38-UNHEM, 40-UNHEM, 42-UNHEM, 44-UNHEM""",Navy,,320.00,89,TRUE,TRUE
Hawes & Curtis,5063056930085,5063056930085,Hawes & Curtis Tailored Fit Dark Blue Check 1913 Suit Jacket,http://www.hawesandcurtis.com/tailored-fit-dark-blue-check-1913-suit-jacket-jkcljt20-b34?utm_source=display&utm_medium=programmatic&utm_campaign=performance&utm_content=rtg,"Tailored from refined Super 120s wool, this dark blue Prince of Wales check suit jacket is expertly woven at the esteemed Barberis mill in Italy. The fabric offers a refined texture, soft handfeel, and natural drape, perfect for sophisticated, year-round tailoring. The single-breasted jacket is fully lined and finished with flap pockets, while double vents at the back enhance comfort and movement.• 100% Wool• Notch lapel • Breast pocket • Internal pockets • Working button cuffs   Tailored Fit  The model is wearing a size 38 jacket. Model is 6'1""/ 186cm tall, with a 40"" / 101cm chest and a 33"" / 83cm waist.","Tailored from refined Super 120s wool, this dark blue Prince of Wales check suit jacket is expertly woven at the esteemed Barberis mill in Italy. The fabric offers a refined texture, soft handfeel, and natural drape, perfect for sophisticated, year-round tailoring. The single-breasted jacket is fully lined and finished with flap pockets, while double vents at the back enhance comfort and movement.• 100% Wool• Notch lapel • Breast pocket • Internal pockets • Working button cuffs   Tailored Fit  The model is wearing a size 38 jacket. Model is 6'1""/ 186cm tall, with a 40"" / 101cm chest and a 33"" / 83cm waist.",569.00,569.00,https://handcmediastorage.blob.core.windows.net/productimages/JK/JKCLJT20-B34-217696-1400px-1820px.jpg,Clothing & Accessories > Clothing > Suits,Menswear,,,FALSE,JKCLJT20-B34,22,IN STOCK,,"36, 36 short, 38, 38 short, 40, 40 long, 42, 42 long, 44 long, 46, 50",Dark Blue,,569.00,76,TRUE,TRUE
Hawes & Curtis,5063755306822,5063755306822,Hawes & Curtis Tailored Fit Brown Mouline 1913 Suit Jacket,http://www.hawesandcurtis.com/tailored-fit-brown-mouline-1913-suit-jacket-jkpllt94-c01?utm_source=display&utm_medium=programmatic&utm_campaign=performance&utm_content=rtg,"Fusing traditional tailoring with modern sophistication, this brown suit jacket is woven in Italy at the renowned Reda Mill from 100% Mouline wool. The lined, double-breasted jacket is designed with a refined peak lapel, including a felt lining under the collar. Double vents enable freedom of movement for a comfortable and polished style.• 100% Mouline Wool• Peak lapels • Breast pocket • Internal pockets • Mock horn buttons • Working button cuffs   Tailored Fit  Model is 6'2""/ 189.5cm tall, with a 36.5"" / 93cm chest and a 29"" / 73.5cm waist.","Fusing traditional tailoring with modern sophistication, this brown suit jacket is woven in Italy at the renowned Reda Mill from 100% Mouline wool. The lined, double-breasted jacket is designed with a refined peak lapel, including a felt lining under the collar. Double vents enable freedom of movement for a comfortable and polished style.• 100% Mouline Wool• Peak lapels • Breast pocket • Internal pockets • Mock horn buttons • Working button cuffs   Tailored Fit  Model is 6'2""/ 189.5cm tall, with a 36.5"" / 93cm chest and a 29"" / 73.5cm waist.",609.00,609.00,https://handcmediastorage.blob.core.windows.net/productimages/JK/JKPLLT94-C01-219047-1400px-1820px.jpg,Clothing & Accessories > Clothing > Suits,Menswear,,,FALSE,JKPLLT94-C01,36,IN STOCK,,"36, 36 short, 38, 38 short, 40, 40 long, 40 short, 42, 42 long, 42 short, 44, 44 short, 48, 50, One Size",Brown,,609.00,41,TRUE,TRUE
Hawes & Curtis,5063056900576,5063056900576,Hawes & Curtis Tailored Fit Dark Blue Pinstripe Suit Pants,http://www.hawesandcurtis.com/dark-blue-pinstripe-wool-tailored-fit-suit-trousers-trsraa72-b34?utm_source=display&utm_medium=programmatic&utm_campaign=performance&utm_content=rtg,"These dark blue pinstripe plain tailored fit suit pants are made from the finest super 100s wool. They feature a hook and eye fastening and are half-lined to the knee. They are designed with side and rear pockets. To ensure the best fit, you can choose suit pants that are unfinished and require alteration. This allows you to have your trousers tailored to the precise length you need. Bring your pants to any of our stores for free alterations.  • Hook and eye fastening • Half lined to the knee • 100% wool   Tailored Fit The model is wearing size 34 pants.","These dark blue pinstripe plain tailored fit suit pants are made from the finest super 100s wool. They feature a hook and eye fastening and are half-lined to the knee. They are designed with side and rear pockets. To ensure the best fit, you can choose suit pants that are unfinished and require alteration. This allows you to have your trousers tailored to the precise length you need. Bring your pants to any of our stores for free alterations.  • Hook and eye fastening • Half lined to the knee • 100% wool   Tailored Fit The model is wearing size 34 pants.",220.00,220.00,https://handcmediastorage.blob.core.windows.net/productimages/TR/TRSRAA72-B34-209701-1400px-1820px.jpg,Clothing & Accessories > Clothing > Trousers & Jeans,Casualwear>Menswear,,,FALSE,TRSRAA72-B34,13,IN STOCK,,"30"", 32"", 34"", 36"", 38"", 42"", 44""",Dark Blue,,220.00,105,TRUE,TRUE
Hawes & Curtis,5063056920369,5063056920369,Hawes & Curtis Tailored Fit Navy Pinstripe 1913 Suit Pants,http://www.hawesandcurtis.com/tailored-fit-navy-pinstripe-1913-suit-pants-trsgjt43-g01?utm_source=display&utm_medium=programmatic&utm_campaign=performance&utm_content=rtg,"Woven in pure Super 130s wool by the Guabello mill in Italy, these navy suit pants are tailoring at its most refined. Fine enough to feel featherlight. Sharp enough to command a room. Finished with a flat front for a clean, streamlined line, they're cut for a sharp fit that moves with you, whether paired back for the office or dressed up for the occasions that call for your sharpest suit.• Hook and eye fastening • Half lined to the knee• Italian Guabello Mill• 100% wool Tailored Fit The model is wearing size 32 pants. Model is 6'2""/ 189cm tall, with a 40"" / 101cm chest and a 32"" / 81cm waist.","Woven in pure Super 130s wool by the Guabello mill in Italy, these navy suit pants are tailoring at its most refined. Fine enough to feel featherlight. Sharp enough to command a room. Finished with a flat front for a clean, streamlined line, they're cut for a sharp fit that moves with you, whether paired back for the office or dressed up for the occasions that call for your sharpest suit.• Hook and eye fastening • Half lined to the knee• Italian Guabello Mill• 100% wool Tailored Fit The model is wearing size 32 pants. Model is 6'2""/ 189cm tall, with a 40"" / 101cm chest and a 32"" / 81cm waist.",320.00,320.00,https://handcmediastorage.blob.core.windows.net/productimages/TR/TRSGJT43-G01-216980-1400px-1820px.jpg,Clothing & Accessories > Clothing > Trousers & Jeans,Menswear,,,FALSE,TRSGJT43-G01,59,IN STOCK,,"30-UNHEM, 32-UNHEM, 34-UNHEM, 36-UNHEM, 38-UNHEM, 40-UNHEM, 42-UNHEM, 44-UNHEM""",Navy,,320.00,18,TRUE,TRUE
Hawes & Curtis,5063056983739,5063056983739,Hawes & Curtis Tailored Fit Green Check 1913 Blazer,http://www.hawesandcurtis.com/tailored-fit-green-check-1913-blazer-copll188-e01?utm_source=display&utm_medium=programmatic&utm_campaign=performance&utm_content=rtg,"Woven by the renowned Abraham Moon Mill, this tailored-fit check blazer is crafted from premium tweed wool with a refined, textured finish. The single-breasted design features classic notch lapels, full lining, and neatly tailored double vents for ease of movement. A timeless wardrobe staple with an elevated, contemporary silhouette.• 100% wool • Notch lapels • Breast pocket • Internal pockets • Mock horn buttons • Working button cuffs   Tailored Fit  The model is wearing a size 38 jacket.","Woven by the renowned Abraham Moon Mill, this tailored-fit check blazer is crafted from premium tweed wool with a refined, textured finish. The single-breasted design features classic notch lapels, full lining, and neatly tailored double vents for ease of movement. A timeless wardrobe staple with an elevated, contemporary silhouette.• 100% wool • Notch lapels • Breast pocket • Internal pockets • Mock horn buttons • Working button cuffs   Tailored Fit  The model is wearing a size 38 jacket.",349.00,349.00,https://handcmediastorage.blob.core.windows.net/productimages/CO/COPLL188-E01-210607-1400px-1820px.jpg,Clothing & Accessories > Clothing > Suits,Blazers>Casualwear>Menswear,,,FALSE,COPLL188-E01,19,IN STOCK,,"36, 38, 40, 42, 46, 50",Green,,569.00,86,TRUE,TRUE
Hawes & Curtis,5063056940442,5063056940442,Hawes & Curtis Tailored Fit Dark Blue Stripe 1913 Suit Pants,http://www.hawesandcurtis.com/tailored-fit-dark-blue-stripe-1913-suit-trousers-trsvjt31-b34?utm_source=display&utm_medium=programmatic&utm_campaign=performance&utm_content=rtg,"Crafted from soft flannel wool woven by the renowned Vitale Barberis Canonico mill in Italy, these dark blue striped suit pants combine luxury with modern refinement. Designed with practical side and rear pockets and offered with unfinished hems for personal tailoring, they form part of a two-piece suit. Wear them with the matching jacket for a polished ensemble or style them separately for a sleek, versatile foundation to your look.• 100% Wool  • Hook and eye fastening • Half lined to the knee   Tailored Fit  The model is wearing size 32 pants. Model is 6'3""/ 190cm tall, with a 38"" / 96cm chest and a 31"" / 78cm waist.","Crafted from soft flannel wool woven by the renowned Vitale Barberis Canonico mill in Italy, these dark blue striped suit pants combine luxury with modern refinement. Designed with practical side and rear pockets and offered with unfinished hems for personal tailoring, they form part of a two-piece suit. Wear them with the matching jacket for a polished ensemble or style them separately for a sleek, versatile foundation to your look.• 100% Wool  • Hook and eye fastening • Half lined to the knee   Tailored Fit  The model is wearing size 32 pants. Model is 6'3""/ 190cm tall, with a 38"" / 96cm chest and a 31"" / 78cm waist.",320.00,320.00,https://handcmediastorage.blob.core.windows.net/productimages/TR/TRSVJT31-B34-217157-1400px-1820px.jpg,Clothing & Accessories > Clothing > Trousers & Jeans,Trousers>Casualwear>Menswear,,,FALSE,TRSVJT31-B34,16,IN STOCK,,"30-UNHEM, 32-UNHEM, 34-UNHEM, 36-UNHEM, 38-UNHEM, 40-UNHEM, 42-UNHEM, 44-UNHEM""",Dark Blue,,320.00,97,TRUE,TRUE
Hawes & Curtis,5063755315732,5063755315732,Hawes & Curtis Tailored Fit Navy Herringbone 1913 Blazer,http://www.hawesandcurtis.com/tailored-fit-navy-herringbone-1913-blazer-copll417-g01?utm_source=display&utm_medium=programmatic&utm_campaign=performance&utm_content=rtg,"A refined addition to the 1913 collection, this navy herringbone blazer is crafted in Italy from a luxurious Wool-Cashmere blend by the prestigious Drago mill. The wool offers natural warmth and breathability, while cashmere brings an exceptionally soft handle and a luxurious finish. Cut in a refined tailored fit, the single-breasted silhouette offers a sophisticated look, while patch pockets add a relaxed touch. Finished in a classic navy herringbone weave, this blazer effortlessly bridges smart and casual dressing.• 93% Wool 7% Cashmere• Half-lined • Breast pocket • Patch pockets  • Mock horn buttons • Working button cuffs   Tailored Fit  The model is wearing a size 40 blazer. Model is 6'2""/ 189cm tall, with a 40"" / 101cm chest and a 32"" / 81cm waist.","A refined addition to the 1913 collection, this navy herringbone blazer is crafted in Italy from a luxurious Wool-Cashmere blend by the prestigious Drago mill. The wool offers natural warmth and breathability, while cashmere brings an exceptionally soft handle and a luxurious finish. Cut in a refined tailored fit, the single-breasted silhouette offers a sophisticated look, while patch pockets add a relaxed touch. Finished in a classic navy herringbone weave, this blazer effortlessly bridges smart and casual dressing.• 93% Wool 7% Cashmere• Half-lined • Breast pocket • Patch pockets  • Mock horn buttons • Working button cuffs   Tailored Fit  The model is wearing a size 40 blazer. Model is 6'2""/ 189cm tall, with a 40"" / 101cm chest and a 32"" / 81cm waist.",669.00,669.00,https://handcmediastorage.blob.core.windows.net/productimages/CO/COPLL417-G01-217354-1400px-1820px.jpg,Clothing & Accessories > Clothing > Suits,Blazers>Casualwear>Menswear,,,FALSE,COPLL417-G01,16,IN STOCK,,"36, 38, 40, 42, 44, 46, 48, 50",Navy,,669.00,98,TRUE,TRUE
Hawes & Curtis,5063755315060,5063755315060,Hawes & Curtis Tailored Fit Black & White Tweed 1913 Suit Trousers With Side Adjusters,http://www.hawesandcurtis.com/tailored-fit-black-and-white-tweed-1913-suit-trousers-with-side-adjusters-trpllt17-a20?utm_source=display&utm_medium=programmatic&utm_campaign=performance&utm_content=rtg,"A refined expression of Italian craftsmanship, these black and white tweed suit trousers are crafted from luxurious tweed wool woven by the renowned Lanificio di Pray mill in Italy. The distinctive colourway adds timeless character, while elegant front pleats and discreet side adjusters create a sophisticated, naturally refined silhouette. Available unfinished for personalised finishing, these impeccably tailored trousers combine classic detailing with contemporary elegance.• 100% wool • Side adjusters  • Hook and eye fastening • Half lined to the knee   Tailored Fit  Model is 6'2""/ 189cm tall, with a 40"" / 101cm chest and a 32"" / 81cm waist.","A refined expression of Italian craftsmanship, these black and white tweed suit trousers are crafted from luxurious tweed wool woven by the renowned Lanificio di Pray mill in Italy. The distinctive colourway adds timeless character, while elegant front pleats and discreet side adjusters create a sophisticated, naturally refined silhouette. Available unfinished for personalised finishing, these impeccably tailored trousers combine classic detailing with contemporary elegance.• 100% wool • Side adjusters  • Hook and eye fastening • Half lined to the knee   Tailored Fit  Model is 6'2""/ 189cm tall, with a 40"" / 101cm chest and a 32"" / 81cm waist.",320.00,320.00,https://handcmediastorage.blob.core.windows.net/productimages/TR/TRPLLT17-A20-218638-1400px-1820px.jpg,Clothing & Accessories > Clothing > Trousers & Jeans,Menswear,,,FALSE,TRPLLT17-A20,14,IN STOCK,,"30-UNHEM, 32-UNHEM, 34-UNHEM, 36-UNHEM, 42-UNHEM, 44-UNHEM""",Black/White,,320.00,102,TRUE,TRUE
Hawes & Curtis,5063755305634,5063755305634,Hawes & Curtis Tailored Fit Grey Stripe 1913 Suit Pants,http://www.hawesandcurtis.com/tailored-fit-grey-stripe-1913-suit-pants-trpllt34-f01?utm_source=display&utm_medium=programmatic&utm_campaign=performance&utm_content=rtg,"Cut from 100% flannel wool by the renowned Guabello Mill in Italy, these grey flat-front trousers feature the same distinctive stripe as the jacket, creating a polished foundation for the complete suit. Soft yet structured, the flannel gives them a refined drape, while a half lining to the knee ensures comfortable wear. Finished with side and rear pockets, they can be ordered unfinished for a more precise fit, with free alterations available at any of our stores.• Side adjusters • Hook and eye fastening • Half lined to the knee• 100%  Flannel wool Tailored Fit  The model is wearing size 32 pants. Model is 6'1""/ 185cm tall, with a 40"" / 101cm chest and a 32"" / 81cm waist.","Cut from 100% flannel wool by the renowned Guabello Mill in Italy, these grey flat-front trousers feature the same distinctive stripe as the jacket, creating a polished foundation for the complete suit. Soft yet structured, the flannel gives them a refined drape, while a half lining to the knee ensures comfortable wear. Finished with side and rear pockets, they can be ordered unfinished for a more precise fit, with free alterations available at any of our stores.• Side adjusters • Hook and eye fastening • Half lined to the knee• 100%  Flannel wool Tailored Fit  The model is wearing size 32 pants. Model is 6'1""/ 185cm tall, with a 40"" / 101cm chest and a 32"" / 81cm waist.",320.00,320.00,https://handcmediastorage.blob.core.windows.net/productimages/TR/TRPLLT34-F01-217650-1400px-1820px.jpg,Clothing & Accessories > Clothing > Trousers & Jeans,Trousers>Casualwear>Menswear,,,FALSE,TRPLLT34-F01,57,IN STOCK,,"30-UNHEM, 32-UNHEM, 34-UNHEM, 36-UNHEM, 38-UNHEM, 40-UNHEM, 42-UNHEM, 44-UNHEM""",Grey,,320.00,21,TRUE,TRUE
Hawes & Curtis,5063056089073,5063056089073,Hawes & Curtis Tailored Fit Black 1913 Dinner Suit Jacket,http://www.hawesandcurtis.com/mens-black-tailored-fit-dinner-suit-jacket-1913-collection-jkplaa04-a01?utm_source=display&utm_medium=programmatic&utm_campaign=performance&utm_content=rtg,"For a seamlessly sharp evening look, opt for this classic black Italian dinner suit jacket in an impeccably tailored fit. Made in the finest 110s wool, woven in Italy by the acclaimed Reda mill for a lustrous finish with temperature regulating properties and a luxurious quality. The noteworthy cut and fit of this dinner suit jacket is enough to make you want to wear it to every formal occasion this season - refined detail in design includes contrast satin trim lapels and smooth fabric buttons. Black is the classic choice for eveningwear and makes the perfect base for any black-tie outfit you put together - pair with a crisp white evening shirt or polished print for an attractive ensemble that will fill you with confidence every time you put it on. • 100% wool• Lining: 55% polyester 45% viscose  Tailored Fit  The model is wearing a size 38 jacket. Model is 6'1""/ 186cm tall, with a 40"" / 101.5cm chest and a 33"" / 83.5cm waist.","For a seamlessly sharp evening look, opt for this classic black Italian dinner suit jacket in an impeccably tailored fit. Made in the finest 110s wool, woven in Italy by the acclaimed Reda mill for a lustrous finish with temperature regulating properties and a luxurious quality. The noteworthy cut and fit of this dinner suit jacket is enough to make you want to wear it to every formal occasion this season - refined detail in design includes contrast satin trim lapels and smooth fabric buttons. Black is the classic choice for eveningwear and makes the perfect base for any black-tie outfit you put together - pair with a crisp white evening shirt or polished print for an attractive ensemble that will fill you with confidence every time you put it on. • 100% wool• Lining: 55% polyester 45% viscose  Tailored Fit  The model is wearing a size 38 jacket. Model is 6'1""/ 186cm tall, with a 40"" / 101.5cm chest and a 33"" / 83.5cm waist.",609.00,609.00,https://handcmediastorage.blob.core.windows.net/productimages/JK/JKPLAA04-A01-211219-1400px-1820px.jpg,Clothing & Accessories > Clothing > Suits,Wedding>Menswear,,,FALSE,JKPLAA04-A01,83,IN STOCK,,"36, 36 short, 38, 38 short, 40, 40 long, 42, 42 long, 44, 46, 46 short, 48",Black,,609.00,10,TRUE,TRUE
Hawes & Curtis,5063755121661,5063755121661,Hawes & Curtis Tailored Fit Light Grey Stripe 1913 Suit Pants,http://www.hawesandcurtis.com/tailored-fit-light-grey-stripe-1913-suit-trousers-trplkt75-f42?utm_source=display&utm_medium=programmatic&utm_campaign=performance&utm_content=rtg,"Crafted from pure wool woven by the renowned Angelico mill in Italy, these light grey stripe pants offer timeless refinement with a subtle patterned finish. Designed with side and rear pockets, they are delivered unfinished for a precise, personalised fit. Bring them to any of our stores for complimentary alterations.• 100% Wool  • Hook and eye fastening • Half lined to the knee   Tailored Fit  The model is wearing size 32 pants. Model is 6'2""/ 188cm tall, with a 39"" / 100cm chest and a 31.5"" / 80cm waist.","Crafted from pure wool woven by the renowned Angelico mill in Italy, these light grey stripe pants offer timeless refinement with a subtle patterned finish. Designed with side and rear pockets, they are delivered unfinished for a precise, personalised fit. Bring them to any of our stores for complimentary alterations.• 100% Wool  • Hook and eye fastening • Half lined to the knee   Tailored Fit  The model is wearing size 32 pants. Model is 6'2""/ 188cm tall, with a 39"" / 100cm chest and a 31.5"" / 80cm waist.",140.00,140.00,https://handcmediastorage.blob.core.windows.net/productimages/TR/TRPLKT75-F42-212782-1400px-1820px.jpg,Clothing & Accessories > Clothing > Trousers & Jeans,Casualwear>Menswear,,,FALSE,TRPLKT75-F42,20,IN STOCK,,"32"", 34"", 36"", 38""",Light Grey,,350.00,83,TRUE,TRUE
Hawes & Curtis,5059090835837,5059090835837,Hawes & Curtis Tailored Fit Black 1913 Morning Suit Pants,http://www.hawesandcurtis.com/black-italian-wool-morning-suit-pants-1913-collection-trplaa99-a01?utm_source=display&utm_medium=programmatic&utm_campaign=performance&utm_content=rtg,"The black tailored fit suit pants are made from 100% virgin wool from the renowned Italian Angelico Mill. They are half-lined to the knee and feature side and rear pockets and smart waist adjusters. To ensure the best fit, you can choose suit pants that are unfinished and require alteration. This allows you to have your pants tailored to the precise length you need. • 100% wool• Italian Angelico Mill Tailored Fit The model is wearing size 32 pants. Model is 6'1""/ 186cm tall, with a 40"" / 101cm chest and a 33"" / 83cm waist.","The black tailored fit suit pants are made from 100% virgin wool from the renowned Italian Angelico Mill. They are half-lined to the knee and feature side and rear pockets and smart waist adjusters. To ensure the best fit, you can choose suit pants that are unfinished and require alteration. This allows you to have your pants tailored to the precise length you need. • 100% wool• Italian Angelico Mill Tailored Fit The model is wearing size 32 pants. Model is 6'1""/ 186cm tall, with a 40"" / 101cm chest and a 33"" / 83cm waist.",390.00,390.00,https://handcmediastorage.blob.core.windows.net/productimages/TR/TRPLAA99-A01-161021-1400px-1820px.jpg,Clothing & Accessories > Clothing > Trousers & Jeans,Trousers>Casualwear>Menswear,,,FALSE,TRPLAA99-A01,44,IN STOCK,,"32"", 34"", 36"", 38"", 40"", 42"", 44""",Black,,390.00,31,TRUE,TRUE
Hawes & Curtis,5063056928693,5063056928693,Hawes & Curtis Tailored Fit Olive 1913 Suit Pants,http://www.hawesandcurtis.com/tailored-fit-olive-1913-suit-trousers-trpljt17-e50?utm_source=display&utm_medium=programmatic&utm_campaign=performance&utm_content=rtg,"Crafted from luxurious super 120s wool, these olive flannel suit pants are woven by the renowned Barberis mill in Italy. Pair them with the matching jacket for a polished head-to-toe look or style separately for a smart-casual take. These pants are designed with side and rear pockets and the option for unfinished lengths. Bring your pants to any of our stores for free alterations. • 100% Wool• Hook and eye fastening • Half lined to the knee   Tailored Fit  The model is wearing size 32 pants. Model is 6'2""/ 189cm tall, with a 40"" / 101cm chest and a 32"" / 81cm waist.","Crafted from luxurious super 120s wool, these olive flannel suit pants are woven by the renowned Barberis mill in Italy. Pair them with the matching jacket for a polished head-to-toe look or style separately for a smart-casual take. These pants are designed with side and rear pockets and the option for unfinished lengths. Bring your pants to any of our stores for free alterations. • 100% Wool• Hook and eye fastening • Half lined to the knee   Tailored Fit  The model is wearing size 32 pants. Model is 6'2""/ 189cm tall, with a 40"" / 101cm chest and a 32"" / 81cm waist.",320.00,320.00,https://handcmediastorage.blob.core.windows.net/productimages/TR/TRPLJT17-E50-217111-1400px-1820px.jpg,Clothing & Accessories > Clothing > Trousers & Jeans,Trousers>Casualwear>Menswear,,,FALSE,TRPLJT17-E50,16,IN STOCK,,"30-UNHEM, 32-UNHEM, 34-UNHEM, 36-UNHEM, 38-UNHEM, 40-UNHEM, 42-UNHEM, 44-UNHEM""",Olive,,320.00,99,TRUE,TRUE
Hawes & Curtis,5063056900095,5063056900095,Hawes & Curtis Tailored Fit Navy Sharkskin Suit Pants,http://www.hawesandcurtis.com/navy-sharkskin-wool-tailored-fit-suit-trousers-trpraa71-g01?utm_source=display&utm_medium=programmatic&utm_campaign=performance&utm_content=rtg,"Tailored for modern elegance, these navy sharkskin weave suit pants are crafted from the finest Super 100s wool, offering a subtle sheen and refined texture. Designed in a plain front tailored fit, they feature a secure hook-and-eye fastening, practical side and rear pockets, and are half-lined to the knee for added comfort. The pants come unfinished at the hem, allowing for precise alterations to your preferred length. Complimentary tailoring is available at any of our stores to ensure the perfect fit.• Hook and eye fastening • Half lined to the knee • 100% wool Tailored Fit The model is wearing size 34 pants.Model is 6'2""/ 187.5cm tall, with a 38"" / 97cm chest and a 32"" / 81cm waist.","Tailored for modern elegance, these navy sharkskin weave suit pants are crafted from the finest Super 100s wool, offering a subtle sheen and refined texture. Designed in a plain front tailored fit, they feature a secure hook-and-eye fastening, practical side and rear pockets, and are half-lined to the knee for added comfort. The pants come unfinished at the hem, allowing for precise alterations to your preferred length. Complimentary tailoring is available at any of our stores to ensure the perfect fit.• Hook and eye fastening • Half lined to the knee • 100% wool Tailored Fit The model is wearing size 34 pants.Model is 6'2""/ 187.5cm tall, with a 38"" / 97cm chest and a 32"" / 81cm waist.",200.00,200.00,https://handcmediastorage.blob.core.windows.net/productimages/TR/TRPRAA71-G01-209094-1400px-1820px.jpg,Clothing & Accessories > Clothing > Trousers & Jeans,Casualwear>Menswear,,,FALSE,TRPRAA71-G01,6,IN STOCK,,"30"", 36"", 40"", 42""",Navy,,200.00,118,TRUE,TRUE
Hawes & Curtis,5063056900385,5063056900385,Hawes & Curtis Tailored Fit Dark Blue Pinstripe Suit Jacket,http://www.hawesandcurtis.com/dark-blue-pinstripe-wool-tailored-fit-suit-jacket-jksraa72-b34?utm_source=display&utm_medium=programmatic&utm_campaign=performance&utm_content=rtg,"A timeless statement in modern tailoring, this exquisite dark blue pinstripe suit jacket is crafted from the finest Super 100s wool for a refined drape and luxurious feel. Cut in a tailored fit, the single-breasted design features a classic notch lapel and two-button front, delivering a sleek and confident silhouette. Double back vents ensure ease of movement, while refined finishing touches; a felt undercollar, mock horn buttons, and functional button cuffs add subtle sophistication to this piece.• Notch lapels • Breast pocket • Internal pockets • Mock horn buttons • Working button cuffs• 100% wool Tailored Fit The model is wearing a size 40 jacket. Model is 6'2""/ 187.5cm tall, with a 38"" / 97cm chest and a 32"" / 81cm waist.","A timeless statement in modern tailoring, this exquisite dark blue pinstripe suit jacket is crafted from the finest Super 100s wool for a refined drape and luxurious feel. Cut in a tailored fit, the single-breasted design features a classic notch lapel and two-button front, delivering a sleek and confident silhouette. Double back vents ensure ease of movement, while refined finishing touches; a felt undercollar, mock horn buttons, and functional button cuffs add subtle sophistication to this piece.• Notch lapels • Breast pocket • Internal pockets • Mock horn buttons • Working button cuffs• 100% wool Tailored Fit The model is wearing a size 40 jacket. Model is 6'2""/ 187.5cm tall, with a 38"" / 97cm chest and a 32"" / 81cm waist.",419.00,419.00,https://handcmediastorage.blob.core.windows.net/productimages/JK/JKSRAA72-B34-209703-1400px-1820px.jpg,Clothing & Accessories > Clothing > Suits,Casualwear>Menswear,,,FALSE,JKSRAA72-B34,28,IN STOCK,,"38, 38 short, 40, 40 long, 40 short, 42, 42 long, 42 short, 44, 44 long, 44 short, 46, 48, 50",Dark Blue,,419.00,60,TRUE,TRUE
Hawes & Curtis,5063056901023,5063056901023,Hawes & Curtis Tailored Fit Navy Birdseye Suit Pants,http://www.hawesandcurtis.com/navy-birdseye-wool-tailored-fit-suit-trousers-trpraa73-g01?utm_source=display&utm_medium=programmatic&utm_campaign=performance&utm_content=rtg,"Combining classic style with modern refinement, these navy tailored-fit suit pants are crafted from the finest Super 120s wool, featuring a subtle birdseye weave for a sophisticated textured finish. Designed with a flat front and tailored silhouette, they include a hook-and-eye fastening, side and rear pockets, and are half-lined to the knee for comfort and structure. The hems are left unfinished, allowing for precise alterations to your ideal length. For added convenience, complimentary tailoring is available at any of our stores.• Hook and eye fastening • Half lined to the knee • 100% wool Tailored Fit The model is wearing size 34 pants.Model is 6'2""/ 187.5cm tall, with a 38"" / 97cm chest and a 32"" / 81cm waist.","Combining classic style with modern refinement, these navy tailored-fit suit pants are crafted from the finest Super 120s wool, featuring a subtle birdseye weave for a sophisticated textured finish. Designed with a flat front and tailored silhouette, they include a hook-and-eye fastening, side and rear pockets, and are half-lined to the knee for comfort and structure. The hems are left unfinished, allowing for precise alterations to your ideal length. For added convenience, complimentary tailoring is available at any of our stores.• Hook and eye fastening • Half lined to the knee • 100% wool Tailored Fit The model is wearing size 34 pants.Model is 6'2""/ 187.5cm tall, with a 38"" / 97cm chest and a 32"" / 81cm waist.",220.00,220.00,https://handcmediastorage.blob.core.windows.net/productimages/TR/TRPRAA73-G01-208908-1400px-1820px.jpg,Clothing & Accessories > Clothing > Trousers & Jeans,Menswear,,,FALSE,TRPRAA73-G01,8,IN STOCK,,"30"", 32"", 42"", 44""",Navy,,220.00,113,TRUE,TRUE
Hawes & Curtis,5063755315855,5063755315855,Hawes & Curtis Tailored Fit Neutral Herringbone Check Blazer,http://www.hawesandcurtis.com/tailored-fit-neutral-herringbone-check-blazer-copll418-h71?utm_source=display&utm_medium=programmatic&utm_campaign=performance&utm_content=rtg,"Woven at the Angelico mill in Italy, our single breasted blazer offers pure wool in a check for texture and structure in equal measure. This tailored fit blazer has a sharp construction for a defined shape and clean line through the body. Its neutral hue and herringbone weave make it a genuine wardrobe staple. Designed with patch pockets, notch lapels and horn-effect buttons, this blazer brings a sharper edge to formal dressing. Whether paired with a smart trouser or denim, it holds its own in any setting. • 100% wool• Half lined• Breast pocket • Patch pockets • Internal pockets • Mock horn buttons • Working button cuffs  Tailored Fit  Model is wearing a size 40. Model is 6'1""/ 186cm tall, with a 40"" / 101cm chest and a 33"" / 83cm waist.","Woven at the Angelico mill in Italy, our single breasted blazer offers pure wool in a check for texture and structure in equal measure. This tailored fit blazer has a sharp construction for a defined shape and clean line through the body. Its neutral hue and herringbone weave make it a genuine wardrobe staple. Designed with patch pockets, notch lapels and horn-effect buttons, this blazer brings a sharper edge to formal dressing. Whether paired with a smart trouser or denim, it holds its own in any setting. • 100% wool• Half lined• Breast pocket • Patch pockets • Internal pockets • Mock horn buttons • Working button cuffs  Tailored Fit  Model is wearing a size 40. Model is 6'1""/ 186cm tall, with a 40"" / 101cm chest and a 33"" / 83cm waist.",639.00,639.00,https://handcmediastorage.blob.core.windows.net/productimages/CO/COPLL418-H71-218728-1400px-1820px.jpg,Clothing & Accessories > Clothing > Suits,Blazers>Casualwear>Menswear,,,FALSE,COPLL418-H71,23,IN STOCK,,"36, 38, 40, 42, 44, 46, 48, 50",Neutral,,639.00,73,TRUE,TRUE
Hawes & Curtis,5063755123313,5063755123313,Hawes & Curtis Tailored Fit Chocolate Crepe 1913 Suit Jacket,http://www.hawesandcurtis.com/tailored-fit-chocolate-crepe-1913-suit-jacket-jkpvkt40-c30?utm_source=display&utm_medium=programmatic&utm_campaign=performance&utm_content=rtg,"This chocolate brown suit jacket brings a refined finish to formal dressing, crafted from pure tropical wool woven at the famed Vitale Barberis Canonico mill. Lightweight and breathable, its fine open weave allows air to circulate, while the smooth crepe texture offers excellent crease recovery to keep it looking sharp. The lined, double-breasted design features classic peak lapels and six front buttons, complemented by a welt breast pocket and two straight flap pockets for a polished finish.• 100% wool  • Peak lapels • Breast pocket • Internal pockets • Mock horn buttons • Working button cuffs   Tailored Fit  The model is wearing a size 40 jacket. Model is 6'1""/ 186cm tall, with a 40"" / 101cm chest and a 33"" / 83cm waist.","This chocolate brown suit jacket brings a refined finish to formal dressing, crafted from pure tropical wool woven at the famed Vitale Barberis Canonico mill. Lightweight and breathable, its fine open weave allows air to circulate, while the smooth crepe texture offers excellent crease recovery to keep it looking sharp. The lined, double-breasted design features classic peak lapels and six front buttons, complemented by a welt breast pocket and two straight flap pockets for a polished finish.• 100% wool  • Peak lapels • Breast pocket • Internal pockets • Mock horn buttons • Working button cuffs   Tailored Fit  The model is wearing a size 40 jacket. Model is 6'1""/ 186cm tall, with a 40"" / 101cm chest and a 33"" / 83cm waist.",509.00,509.00,https://handcmediastorage.blob.core.windows.net/productimages/JK/JKPVKT40-C30-217672-1400px-1820px.jpg,Clothing & Accessories > Clothing > Suits,Menswear,,,FALSE,JKPVKT40-C30,21,IN STOCK,,"36, 38, 40, 42, 44, 46, 48, One Size",Chocolate,,509.00,79,TRUE,TRUE
Hawes & Curtis,5063056984910,5063056984910,Hawes & Curtis Tailored Fit Tan Check 1913 Blazer,http://www.hawesandcurtis.com/tailored-fit-tan-check-1913-blazer-copll187-z03?utm_source=display&utm_medium=programmatic&utm_campaign=performance&utm_content=rtg,"Woven by the renowned Abraham Moon Mill, this tailored-fit check blazer is crafted from premium tweed wool with a refined, textured finish. The single-breasted design features classic notch lapels, full lining, and neatly tailored double vents for ease of movement. A timeless wardrobe staple with an elevated, contemporary silhouette.• 100% wool • Notch lapels • Breast pocket • Internal pockets • Mock horn buttons • Working button cuffs   Tailored Fit  The model is wearing a size 38 jacket.","Woven by the renowned Abraham Moon Mill, this tailored-fit check blazer is crafted from premium tweed wool with a refined, textured finish. The single-breasted design features classic notch lapels, full lining, and neatly tailored double vents for ease of movement. A timeless wardrobe staple with an elevated, contemporary silhouette.• 100% wool • Notch lapels • Breast pocket • Internal pockets • Mock horn buttons • Working button cuffs   Tailored Fit  The model is wearing a size 38 jacket.",349.00,349.00,https://handcmediastorage.blob.core.windows.net/productimages/CO/COPLL187-Z03-210618-1400px-1820px.jpg,Clothing & Accessories > Clothing > Suits,Blazers>Casualwear>Menswear,,,FALSE,COPLL187-Z03,53,IN STOCK,,"36, 38, 40, 42, 44, 48, 50",Tan,,569.00,26,TRUE,TRUE
Hawes & Curtis,5063056927108,5063056927108,Hawes & Curtis Tailored Fit Dark Blue 1913 Suit Jacket,http://www.hawesandcurtis.com/tailored-fit-dark-blue-1913-suit-jacket-jkpljt16-b34?utm_source=display&utm_medium=programmatic&utm_campaign=performance&utm_content=rtg,"Cut from super 120s flannel wool, this dark blue jacket is crafted at the renowned Barberis mill in Italy. The fabric offers warmth and breathability, making it suitable for year-round wear. It’s tailored to a single-breasted silhouette with flap pockets and a full lining, while double vents at the back ensure ease and movement.• 100% wool • Notch lapels • Breast pocket • Internal pockets • Mock horn buttons • Working button cuffs   Tailored Fit  The model is wearing a size 38 jacket.  Model is 6'1""/ 185cm tall, with a 38"" / 96cm chest and a 31"" / 80cm waist.","Cut from super 120s flannel wool, this dark blue jacket is crafted at the renowned Barberis mill in Italy. The fabric offers warmth and breathability, making it suitable for year-round wear. It’s tailored to a single-breasted silhouette with flap pockets and a full lining, while double vents at the back ensure ease and movement.• 100% wool • Notch lapels • Breast pocket • Internal pockets • Mock horn buttons • Working button cuffs   Tailored Fit  The model is wearing a size 38 jacket.  Model is 6'1""/ 185cm tall, with a 38"" / 96cm chest and a 31"" / 80cm waist.",619.00,619.00,https://handcmediastorage.blob.core.windows.net/productimages/JK/JKPLJT16-B34-217081-1400px-1820px.jpg,Clothing & Accessories > Clothing > Suits,Casualwear>Menswear,,,FALSE,JKPLJT16-B34,21,IN STOCK,,"36, 38, 38 short, 40, 40 long, 42, 42 long, 42 short, 44, 44 long, 46, 50",Dark Blue,,619.00,80,TRUE,TRUE
Hawes & Curtis,5063755106149,5063755106149,Hawes & Curtis Tailored Fit Brown Melange 1913 Linen Pleated Suit Trousers With Side Adjusters,http://www.hawesandcurtis.com/tailored-fit-brown-melange-1913-suit-trousers-with-side-adjusters-trplkt46-c62?utm_source=display&utm_medium=programmatic&utm_campaign=performance&utm_content=rtg,"Blending tradition with modern sophistication, these brown mélange suit trousers from Angelico showcase Italian tailoring at its finest. Crafted from premium linen, they feature elegant front pleats and discreet side adjusters for a naturally refined silhouette. Available unfinished for personalised finishing, they offer luxurious versatility for sophisticated warm-weather styling.• 100% linen• Side adjusters  • Hook and eye fastening • Half lined to the knee   Tailored Fit  The model is wearing size 32 trousers. Model is 6'2""/ 188cm tall, with a 39"" / 100cm chest and a 31.5"" / 80cm waist.","Blending tradition with modern sophistication, these brown mélange suit trousers from Angelico showcase Italian tailoring at its finest. Crafted from premium linen, they feature elegant front pleats and discreet side adjusters for a naturally refined silhouette. Available unfinished for personalised finishing, they offer luxurious versatility for sophisticated warm-weather styling.• 100% linen• Side adjusters  • Hook and eye fastening • Half lined to the knee   Tailored Fit  The model is wearing size 32 trousers. Model is 6'2""/ 188cm tall, with a 39"" / 100cm chest and a 31.5"" / 80cm waist.",160.00,160.00,https://handcmediastorage.blob.core.windows.net/productimages/TR/TRPLKT46-C62-213068-1400px-1820px.jpg,Clothing & Accessories > Clothing > Trousers & Jeans,Outerwear>Menswear,,,FALSE,TRPLKT46-C62,107,IN STOCK,,"30"", 32"", 34"", 36"", 38"", 40"", 42""",Brown,,320.00,6,TRUE,TRUE
Hawes & Curtis,5063056775471,5063056775471,Hawes & Curtis Tailored Fit White Twill Non-Iron Shirt - Short Sleeve - Chest Pocket,http://www.hawesandcurtis.com/non-iron-white-twill-tailored-short-sleeve-shirt-chest-pocket-cfpri007-n01?utm_source=display&utm_medium=programmatic&utm_campaign=performance&utm_content=rtg,"Providing a smart touch to your warm weather staples, this white twill weave shirt is the ideal partner. The tailored fit is generously cut and slightly tapered at the waist for an airy short sleeved shirt. You can rely on the cotton fabrication to take you through the season with simultaneous comfort and style. At Hawes and Curtis we appreciate that our clientele lead busy lives, and as a solution we have introduced our non-iron range. These shirts utilise the latest anti-crease technology which lasts much longer than other non-iron shirts. •  2 ply 80s Cotton (Better Cotton) • Semi Cutaway Collar • Chest Pocket • Non-Iron  Tailored Fit  The model is wearing a size Medium. Model is 6'2""/ 187.5cm tall, with a 38"" / 97cm chest and a 32"" / 81cm waist.","Providing a smart touch to your warm weather staples, this white twill weave shirt is the ideal partner. The tailored fit is generously cut and slightly tapered at the waist for an airy short sleeved shirt. You can rely on the cotton fabrication to take you through the season with simultaneous comfort and style. At Hawes and Curtis we appreciate that our clientele lead busy lives, and as a solution we have introduced our non-iron range. These shirts utilise the latest anti-crease technology which lasts much longer than other non-iron shirts. •  2 ply 80s Cotton (Better Cotton) • Semi Cutaway Collar • Chest Pocket • Non-Iron  Tailored Fit  The model is wearing a size Medium. Model is 6'2""/ 187.5cm tall, with a 38"" / 97cm chest and a 32"" / 81cm waist.",45.00,45.00,https://handcmediastorage.blob.core.windows.net/productimages/CF/CFPRI007-N01-200728-1400px-1820px.jpg,Clothing & Accessories > Clothing > Shirts & Tops,Tailored Fit Shirts>Formal Shirts>Menswear,,,FALSE,CFPRI007-N01,18,IN STOCK,,"Medium, XXL",White,,119.00,90,TRUE,TRUE
Hawes & Curtis,5063056595765,5063056595765,Hawes & Curtis Tailored Fit Cream 1913 Linen Pants,http://www.hawesandcurtis.com/cream-linen-tailored-italian-hemmed-trousers-1913-collection-trplma42-h68?utm_source=display&utm_medium=programmatic&utm_campaign=performance&utm_content=rtg,"Woven in Italy by the Solbiati mill, these pure linen cream pants are designed with a tailored fit and half-lined to the knee. A versatile pair of pants for alfresco dinners and summer weddings alike. Choose hemmed lengths available in 31"" and 33"", to ensure the perfect length for you and a polished look with every wear.• 100% linen• Button fastening• Half lined to the knee Tailored Fit  The model is wearing size 32 pants. Model is 6'3""/ 190cm tall, with a 38"" / 96cm chest and a 31"" / 78cm waist.","Woven in Italy by the Solbiati mill, these pure linen cream pants are designed with a tailored fit and half-lined to the knee. A versatile pair of pants for alfresco dinners and summer weddings alike. Choose hemmed lengths available in 31"" and 33"", to ensure the perfect length for you and a polished look with every wear.• 100% linen• Button fastening• Half lined to the knee Tailored Fit  The model is wearing size 32 pants. Model is 6'3""/ 190cm tall, with a 38"" / 96cm chest and a 31"" / 78cm waist.",320.00,320.00,https://handcmediastorage.blob.core.windows.net/productimages/TR/TRPLMA42-H68-200878-1400px-1820px.jpg,,Trousers>Casualwear>Menswear,,,FALSE,TRPLMA42-H68,25,IN STOCK,,"34-UNHEM, 38-31"", 38-UNHEM, 40-31"", 40-33""",Cream,,320.00,65,TRUE,TRUE
Hawes & Curtis,5059090831013,5059090831013,Hawes & Curtis Tailored Fit Stone Sharkskin 1913 Suit Jacket,http://www.hawesandcurtis.com/mens-stone-tailored-fit-sharkskin-italian-suit-jacket-1913-collection-jkplca90-h72?utm_source=display&utm_medium=programmatic&utm_campaign=performance&utm_content=rtg,"A dapper addition, this tailored fit stone suit jacket is made from the finest super 110s pure Italian wool from the Marzotto mill. The lined, single breasted jacket is designed with two straight pockets on either side with flaps and elegant double vents to enable freedom of movement. •Notch lapels •Breast pocket •Internal pockets•Mock horn buttons •Working button cuffs• 100% wool• Italian Marzotto Mill Tailored Fit The model is wearing a size 38 jacket. Model is 6'1""/ 186cm tall, with a 40"" / 101.5cm chest and a 33"" / 83.5cm waist.","A dapper addition, this tailored fit stone suit jacket is made from the finest super 110s pure Italian wool from the Marzotto mill. The lined, single breasted jacket is designed with two straight pockets on either side with flaps and elegant double vents to enable freedom of movement. •Notch lapels •Breast pocket •Internal pockets•Mock horn buttons •Working button cuffs• 100% wool• Italian Marzotto Mill Tailored Fit The model is wearing a size 38 jacket. Model is 6'1""/ 186cm tall, with a 40"" / 101.5cm chest and a 33"" / 83.5cm waist.",229.00,229.00,https://handcmediastorage.blob.core.windows.net/productimages/JK/JKPLCA90-H72-202965-1400px-1820px.jpg,Clothing & Accessories > Clothing > Suits,Casualwear>Menswear,,,FALSE,JKPLCA90-H72,121,IN STOCK,,"36, 38, 40, 40 long, 42, 42 long, 44, 44 long, 46",Stone,,559.00,5,TRUE,TRUE
Hawes & Curtis,5063056146011,5063056146011,Hawes & Curtis Tailored Fit Navy Herringbone 1913 Linen Suit Jacket,http://www.hawesandcurtis.com/navy-herringbone-tailored-linen-italian-suit-jacket-1913-collection-jkplea24-g01?utm_source=display&utm_medium=programmatic&utm_campaign=performance&utm_content=rtg,"Fusing traditional tailoring colours with lightweight fabrications, this navy suit jacket is woven in Italy at the Angelico Mill from pure linen with a classic herringbone weave. The lined, double breasted jacket is designed with a classic notch lapel including a felt lining under the collar of the jacket. The double vents enable freedom of movement for a comfortable style.  • Breast pocket • Internal pockets • Mock horn buttons • Working button cuffs  • 100% linen • Lining: 100% viscose  Tailored Fit  The model is wearing a size 38 jacket. Model is 6'1""/ 188cm tall, with a 38"" / 96cm chest and a 32"" / 81cm waist.  This item is not eligible for additional discounts or promotions.","Fusing traditional tailoring colours with lightweight fabrications, this navy suit jacket is woven in Italy at the Angelico Mill from pure linen with a classic herringbone weave. The lined, double breasted jacket is designed with a classic notch lapel including a felt lining under the collar of the jacket. The double vents enable freedom of movement for a comfortable style.  • Breast pocket • Internal pockets • Mock horn buttons • Working button cuffs  • 100% linen • Lining: 100% viscose  Tailored Fit  The model is wearing a size 38 jacket. Model is 6'1""/ 188cm tall, with a 38"" / 96cm chest and a 32"" / 81cm waist.  This item is not eligible for additional discounts or promotions.",139.00,139.00,https://handcmediastorage.blob.core.windows.net/productimages/JK/JKPLEA24-G01-204694-1400px-1820px.jpg,Clothing & Accessories > Clothing > Suits,Jackets & Blazers>Casualwear>Menswear,,,FALSE,JKPLEA24-G01,36,IN STOCK,,"38, 40",Navy,,529.00,42,TRUE,TRUE
Hawes & Curtis,5063056939019,5063056939019,Hawes & Curtis Tailored Fit Grey Semi Plain 1913 Suit Pants,http://www.hawesandcurtis.com/tailored-fit-grey-semi-plain-1913-suit-trousers-trpvjt27-f01?utm_source=display&utm_medium=programmatic&utm_campaign=performance&utm_content=rtg,"Choose these grey tailored-fit suit pants to pair with the matching jacket or style them with casual tops. Crafted from the finest wool by the Vitale Barberis Canonico mill, they offer breathability and versatility. Finished with side and rear pockets, waist adjusters, and the option for unfinished hems for custom alterations.• 100% wool  • Hook and eye fastening • Half lined to the knee   Tailored Fit  The model is wearing size 32 pants. Model is 6'3""/ 190cm tall, with a 38"" / 96cm chest and a 31"" / 78cm waist.","Choose these grey tailored-fit suit pants to pair with the matching jacket or style them with casual tops. Crafted from the finest wool by the Vitale Barberis Canonico mill, they offer breathability and versatility. Finished with side and rear pockets, waist adjusters, and the option for unfinished hems for custom alterations.• 100% wool  • Hook and eye fastening • Half lined to the knee   Tailored Fit  The model is wearing size 32 pants. Model is 6'3""/ 190cm tall, with a 38"" / 96cm chest and a 31"" / 78cm waist.",260.00,260.00,https://handcmediastorage.blob.core.windows.net/productimages/TR/TRPVJT27-F01-209168-1400px-1820px.jpg,Clothing & Accessories > Clothing > Trousers & Jeans,Casualwear>Menswear,,,FALSE,TRPVJT27-F01,26,IN STOCK,,"30"", 32"", 34"", 36"", 38"", 40"", 42"", 44""",Grey,,260.00,63,TRUE,TRUE
Hawes & Curtis,5059090835585,5059090835585,Hawes & Curtis Tailored Fit Charcoal 1913 Morning Suit Jacket,http://www.hawesandcurtis.com/mens-charcoal-italian-wool-morning-coat-1913-collection-jkplaa01-f30?utm_source=display&utm_medium=programmatic&utm_campaign=performance&utm_content=rtg,"This luxury charcoal morning coat is crafted from the finest wool from the renowned Italian Barberis Mill. Designed with a curved cutaway front, this morning coat has an elegant design that takes inspiration from classic tails. It has a tailored fit and a smart herringbone weave. Whether you are in the Royal Enclosure at the races or a groomsman at a wedding, this outfit offers the ultimate in timeless formal attire. Complete the look with a waistcoat and a patterned silk tie and a top hat.• 100% wool• Italian Barberis Mill Tailored Fit The model is wearing a size 38 jacket. Model is 6'1""/ 186cm tall, with a 40"" / 101cm chest and a 33"" / 83cm waist.","This luxury charcoal morning coat is crafted from the finest wool from the renowned Italian Barberis Mill. Designed with a curved cutaway front, this morning coat has an elegant design that takes inspiration from classic tails. It has a tailored fit and a smart herringbone weave. Whether you are in the Royal Enclosure at the races or a groomsman at a wedding, this outfit offers the ultimate in timeless formal attire. Complete the look with a waistcoat and a patterned silk tie and a top hat.• 100% wool• Italian Barberis Mill Tailored Fit The model is wearing a size 38 jacket. Model is 6'1""/ 186cm tall, with a 40"" / 101cm chest and a 33"" / 83cm waist.",669.00,669.00,https://handcmediastorage.blob.core.windows.net/productimages/JK/JKPLAA01-F30-214024-1400px-1820px.jpg,Clothing & Accessories > Clothing > Suits,Menswear,,,FALSE,JKPLAA01-F30,20,IN STOCK,,"36, 38, 40, 42, 44, 46, 48, 50",Charcoal,,669.00,84,TRUE,TRUE
Hawes & Curtis,5063056143683,5063056143683,Hawes & Curtis Tailored Fit Blue & Pink Contrast Prince Of Wales Plaid 1913 Vest,http://www.hawesandcurtis.com/blue-and-pink-contrast-prince-of-wales-plaid-tailored-fit-vest-1913-collection-wcclea09-b02?utm_source=display&utm_medium=programmatic&utm_campaign=performance&utm_content=rtg,"This exquisite blue and pink Prince of Wales contrast plaid suit vest is woven in Italy from the finest super 100s wool fabric from the Zignone mill. The lined, single breasted jacket is designed with five corozo nut buttons fastenings, two pockets and a waist adjuster to the reverse.  This vest has a tailored silhouette for a modern style that will flatter everyone. Complete your look with a white slim fit shirt and a silk patterned tie.  • Italian Zignone Mill• 99% wool 1% lycra• Tailored FitThe model is wearing a size 38. Model is 6'1""/ 188cm tall, with a 38"" / 96cm chest and a 32"" / 81cm waist.","This exquisite blue and pink Prince of Wales contrast plaid suit vest is woven in Italy from the finest super 100s wool fabric from the Zignone mill. The lined, single breasted jacket is designed with five corozo nut buttons fastenings, two pockets and a waist adjuster to the reverse.  This vest has a tailored silhouette for a modern style that will flatter everyone. Complete your look with a white slim fit shirt and a silk patterned tie.  • Italian Zignone Mill• 99% wool 1% lycra• Tailored FitThe model is wearing a size 38. Model is 6'1""/ 188cm tall, with a 38"" / 96cm chest and a 32"" / 81cm waist.",40.00,40.00,https://handcmediastorage.blob.core.windows.net/productimages/WC/WCCLEA09-B02-170206-1400px-1820px.jpg,,Waistcoats>Casualwear>Menswear,,,FALSE,WCCLEA09-B02,29,IN STOCK,,"36, 38, 40",Blue/Pink,,260.00,57,TRUE,TRUE
Hawes & Curtis,5063056001266,5063056001266,Hawes & Curtis Tailored Fit White 1913 Tuxedo Jacket,http://www.hawesandcurtis.com/white-tuxedo-jacket-1913-collection-copld287-n01?utm_source=display&utm_medium=programmatic&utm_campaign=performance&utm_content=rtg,"Ditch the classic black dinner suit, for a sharp white tuxedo jacket that will be sure to turn heads. Tailored with a refined style in mind, this jacket is finished with traditional details including classic peak lapels and a single-breasted button fastening. Specially designed in super 120s pure Italian wool from the Trabaldo Togna mill to ensure your comfort on any special occasion, you are sure to impress with this black-tie-ready piece of tailoring.  • Super 120s Italian wool • Peak lapels • Breast pocket • Internal pockets • Fabric buttons • Working button cuffs • Double jetted pockets  Tailored Fit   The model is wearing a size 40.  Model is 6'2""/ 188cm tall, with a 39"" / 100cm chest and a 31.5"" / 80cm waist.","Ditch the classic black dinner suit, for a sharp white tuxedo jacket that will be sure to turn heads. Tailored with a refined style in mind, this jacket is finished with traditional details including classic peak lapels and a single-breasted button fastening. Specially designed in super 120s pure Italian wool from the Trabaldo Togna mill to ensure your comfort on any special occasion, you are sure to impress with this black-tie-ready piece of tailoring.  • Super 120s Italian wool • Peak lapels • Breast pocket • Internal pockets • Fabric buttons • Working button cuffs • Double jetted pockets  Tailored Fit   The model is wearing a size 40.  Model is 6'2""/ 188cm tall, with a 39"" / 100cm chest and a 31.5"" / 80cm waist.",699.00,699.00,https://handcmediastorage.blob.core.windows.net/productimages/CO/COPLD287-N01-218722-1400px-1820px.jpg,Clothing & Accessories > Clothing > Outerwear > Coats & Jackets,Blazers>Casualwear>Menswear,,,FALSE,COPLD287-N01,54,IN STOCK,,"36, 38, 40, 42, 44, 46, 48",White,,699.00,23,TRUE,TRUE
Hawes & Curtis,5059090835769,5059090835769,Hawes & Curtis Tailored Fit Charcoal 1913 Morning Suit Trousers With Side Adjusters,http://www.hawesandcurtis.com/charcoal-italian-wool-morning-suit-trousers-1913-collection-trplaa01-f30?utm_source=display&utm_medium=programmatic&utm_campaign=performance&utm_content=rtg,"The charcoal tailored fit suit trousers are made from 100% virgin wool from the renowned Italian Barberis Mill. They are half-lined to the knee and feature side and rear pockets and smart waist adjusters. To ensure the best fit, you can choose suit trousers that are unfinished and require alteration. This allows you to have your trousers tailored to the precise length you need. Bring your trousers to any of our stores for free alterations.• 100% wool• Italian Barberis Mill Tailored Fit The model is wearing size 32 trousers. Model is 6'1""/ 186cm tall, with a 40"" / 101cm chest and a 33"" / 83cm waist.","The charcoal tailored fit suit trousers are made from 100% virgin wool from the renowned Italian Barberis Mill. They are half-lined to the knee and feature side and rear pockets and smart waist adjusters. To ensure the best fit, you can choose suit trousers that are unfinished and require alteration. This allows you to have your trousers tailored to the precise length you need. Bring your trousers to any of our stores for free alterations.• 100% wool• Italian Barberis Mill Tailored Fit The model is wearing size 32 trousers. Model is 6'1""/ 186cm tall, with a 40"" / 101cm chest and a 33"" / 83cm waist.",390.00,390.00,https://handcmediastorage.blob.core.windows.net/productimages/TR/TRPLAA01-F30-214030-1400px-1820px.jpg,Clothing & Accessories > Clothing > Trousers & Jeans,Trousers>Casualwear>Menswear,,,FALSE,TRPLAA01-F30,47,IN STOCK,,"32"", 34"", 36"", 38"", 40"", 42"", 44""",Charcoal,,390.00,29,TRUE,TRUE
Hawes & Curtis,5063056752403,5063056752403,Hawes & Curtis Tailored Fit Blue Semi Plain 1913 Suit Pants,http://www.hawesandcurtis.com/blue-semi-plain-italian-wool-tailored-fit-suit-pants-1913-collection-trpvia29-b01?utm_source=display&utm_medium=programmatic&utm_campaign=performance&utm_content=rtg,"Choose these blue semi-plain suit pants made with the finest pure wool from the famed Vitale Barberis Canonico mill. They feature a hook-and-eye fastening and are half-lined to the knee; designed with side and rear pockets. To ensure the best fit, our suit pants are unfinished and require alteration.• 100% wool  • Hook and eye fastening • Half lined to the knee   Tailored Fit  The model is wearing size 32 pants. Model is 6'3""/ 190cm tall, with a 38"" / 96cm chest and a 31"" / 78cm waist.","Choose these blue semi-plain suit pants made with the finest pure wool from the famed Vitale Barberis Canonico mill. They feature a hook-and-eye fastening and are half-lined to the knee; designed with side and rear pockets. To ensure the best fit, our suit pants are unfinished and require alteration.• 100% wool  • Hook and eye fastening • Half lined to the knee   Tailored Fit  The model is wearing size 32 pants. Model is 6'3""/ 190cm tall, with a 38"" / 96cm chest and a 31"" / 78cm waist.",350.00,350.00,https://handcmediastorage.blob.core.windows.net/productimages/TR/TRPVIA29-B01-204309-1400px-1820px.jpg,Clothing & Accessories > Clothing > Trousers & Jeans,Casualwear>Menswear,,,FALSE,TRPVIA29-B01,37,IN STOCK,,"30"", 32"", 34"", 36"", 42""",Blue,,350.00,39,TRUE,TRUE
Hawes & Curtis,5059090836216,5059090836216,Hawes & Curtis Tailored Fit Cream 1913 Linen Suit Vest,http://www.hawesandcurtis.com/cream-linen-tailored-italian-vest-1913-collection-wcplca42-h68?utm_source=display&utm_medium=programmatic&utm_campaign=performance&utm_content=rtg,"Airy and ample, complete a suit with this cream suit vest; Woven in Italy at the Solbiati mill from pure linen with a subtle herringbone weave. The single breasted vest features five button fastenings and a contrast back for a suave appearance.  • 100% linen • Lining: 100% viscose • Two welt pockets • Waist adjuster • Mock horn buttons Tailored Fit  The model is wearing a size 40.","Airy and ample, complete a suit with this cream suit vest; Woven in Italy at the Solbiati mill from pure linen with a subtle herringbone weave. The single breasted vest features five button fastenings and a contrast back for a suave appearance.  • 100% linen • Lining: 100% viscose • Two welt pockets • Waist adjuster • Mock horn buttons Tailored Fit  The model is wearing a size 40.",180.00,180.00,https://handcmediastorage.blob.core.windows.net/productimages/WC/WCPLCA42-H68-204908-1400px-1820px.jpg,Clothing & Accessories > Clothing > Suits,Waistcoats>Casualwear>Menswear,,,FALSE,WCPLCA42-H68,11,IN STOCK,,"40, 46, 48, 50",Cream,,180.00,107,TRUE,TRUE
Hawes & Curtis,5063056917314,5063056917314,Hawes & Curtis Tailored Fit Dark Blue Pleated Suit Trousers,http://www.hawesandcurtis.com/tailored-fit-dark-blue-pleated-suit-trousers-trprjc08-b34?utm_source=display&utm_medium=programmatic&utm_campaign=performance&utm_content=rtg,"A refined choice for polished dressing, these plain dark blue tailored-fit trousers are crafted from soft Merino flannel wool. The pleated front adds a touch of classic sophistication, while practical side and rear pockets ensure everyday functionality. For the ideal fit, they come with an unfinished hem, allowing you to tailor them to your perfect length. Bring them to any of our stores for complimentary alterations. • 100% Wool• Hook and eye fastening • Half lined to the knee   Tailored Fit  The model is wearing size 32 trousers. Model is 6'2""/ 188cm tall, with a 39"" / 100cm chest and a 31.5"" / 80cm waist.","A refined choice for polished dressing, these plain dark blue tailored-fit trousers are crafted from soft Merino flannel wool. The pleated front adds a touch of classic sophistication, while practical side and rear pockets ensure everyday functionality. For the ideal fit, they come with an unfinished hem, allowing you to tailor them to your perfect length. Bring them to any of our stores for complimentary alterations. • 100% Wool• Hook and eye fastening • Half lined to the knee   Tailored Fit  The model is wearing size 32 trousers. Model is 6'2""/ 188cm tall, with a 39"" / 100cm chest and a 31.5"" / 80cm waist.",230.00,230.00,https://handcmediastorage.blob.core.windows.net/productimages/TR/TRPRJC08-B34-217519-1400px-1820px.jpg,Clothing & Accessories > Clothing > Trousers & Jeans,Trousers>Casualwear>Menswear,,,FALSE,TRPRJC08-B34,9,IN STOCK,,"30-UNHEM, 32-UNHEM",Dark Blue,,230.00,111,TRUE,TRUE
Hawes & Curtis,5063755115806,5063755115806,Hawes & Curtis Tailored Fit Dark Brown Stripe 1913 Linen Suit Pants With Side Adjusters,http://www.hawesandcurtis.com/tailored-fit-dark-brown-stripe-1913-suit-pants-with-side-adjusters-trslkt63-c40?utm_source=display&utm_medium=programmatic&utm_campaign=performance&utm_content=rtg,"Bringing Italian refinement to summer tailoring, these dark brown striped suit pants are crafted by Angelico from premium mélange linen for breathable comfort and subtle texture. The flat-front construction and waist adjusters create a clean, tailored silhouette. Available unfinished for bespoke alterations, with complimentary in-store tailoring, they offer effortless versatility for modern wardrobes.• 100% linen • Side adjusters• Hook and eye fastening • Half lined to the knee   Tailored Fit  The model is wearing size 32 pants. Model is 6'2""/ 188cm tall, with a 39"" / 100cm chest and a 31.5"" / 80cm waist.","Bringing Italian refinement to summer tailoring, these dark brown striped suit pants are crafted by Angelico from premium mélange linen for breathable comfort and subtle texture. The flat-front construction and waist adjusters create a clean, tailored silhouette. Available unfinished for bespoke alterations, with complimentary in-store tailoring, they offer effortless versatility for modern wardrobes.• 100% linen • Side adjusters• Hook and eye fastening • Half lined to the knee   Tailored Fit  The model is wearing size 32 pants. Model is 6'2""/ 188cm tall, with a 39"" / 100cm chest and a 31.5"" / 80cm waist.",160.00,160.00,https://handcmediastorage.blob.core.windows.net/productimages/TR/TRSLKT63-C40-213091-1400px-1820px.jpg,Clothing & Accessories > Clothing > Trousers & Jeans,Trousers>Casualwear>Menswear,,,FALSE,TRSLKT63-C40,18,IN STOCK,,"30"", 34"", 36""",Dark Brown,,320.00,91,TRUE,TRUE
Hawes & Curtis,5063755306419,5063755306419,Hawes & Curtis Tailored Fit Brown Stripe 1913 Pleated Suit Pants With Side Adjusters,http://www.hawesandcurtis.com/tailored-fit-brown-stripe-1913-pleated-suit-pants-with-side-adjusters-trpllt37-c01?utm_source=display&utm_medium=programmatic&utm_campaign=performance&utm_content=rtg,"Blending tradition with modern sophistication, these brown stripe suit pants from E. Thomas showcase Italian tailoring at its finest. Crafted from pure flannel wool, they feature smart front pleats and discreet side adjusters for a naturally refined silhouette. For the best fit, we'd recommend going unfinished and having them tailored to your precise length, easy to do with free alterations available at any of our stores.• 100% Flannel Wool• Side adjusters  • Hook and eye fastening • Half lined to the knee   Tailored Fit  Model is 6'1""/ 186cm tall, with a 40"" / 101cm chest and a 33"" / 83cm waist.","Blending tradition with modern sophistication, these brown stripe suit pants from E. Thomas showcase Italian tailoring at its finest. Crafted from pure flannel wool, they feature smart front pleats and discreet side adjusters for a naturally refined silhouette. For the best fit, we'd recommend going unfinished and having them tailored to your precise length, easy to do with free alterations available at any of our stores.• 100% Flannel Wool• Side adjusters  • Hook and eye fastening • Half lined to the knee   Tailored Fit  Model is 6'1""/ 186cm tall, with a 40"" / 101cm chest and a 33"" / 83cm waist.",390.00,390.00,https://handcmediastorage.blob.core.windows.net/productimages/TR/TRPLLT37-C01-217777-1400px-1820px.jpg,Clothing & Accessories > Clothing > Trousers & Jeans,Trousers>Casualwear>Menswear,,,FALSE,TRPLLT37-C01,34,IN STOCK,,"30-UNHEM, 32-UNHEM, 34-UNHEM, 36-UNHEM, 38-UNHEM, 42-UNHEM, 44-UNHEM""",Brown,,390.00,45,TRUE,TRUE
Hawes & Curtis,5063056798869,5063056798869,Hawes & Curtis Tailored Fit Navy Birdseye 1913 Suit Trousers,http://www.hawesandcurtis.com/tailored-fit-navy-birdseye-1913-suit-trousers-trplaa18-g01?utm_source=display&utm_medium=programmatic&utm_campaign=performance&utm_content=rtg,"Choose a distinguished pair of suit trousers designed with side and rear pockets. To ensure the best fit, you can choose suit trousers that are unfinished and require alteration. This allows you to have your trousers tailored to the precise length you need. Bring your trousers to any of our stores for free alterations.• Hook and eye fastening • Half lined to the knee• Italian Guabello Mill• 100% wool Tailored Fit The model is wearing size 32 trousers. Model is 6'1""/ 188cm tall, with a 38"" / 96cm chest and a 32"" / 81cm waist.","Choose a distinguished pair of suit trousers designed with side and rear pockets. To ensure the best fit, you can choose suit trousers that are unfinished and require alteration. This allows you to have your trousers tailored to the precise length you need. Bring your trousers to any of our stores for free alterations.• Hook and eye fastening • Half lined to the knee• Italian Guabello Mill• 100% wool Tailored Fit The model is wearing size 32 trousers. Model is 6'1""/ 188cm tall, with a 38"" / 96cm chest and a 32"" / 81cm waist.",350.00,350.00,https://handcmediastorage.blob.core.windows.net/productimages/TR/TRPLAA18-G01-216943-1400px-1820px.jpg,Clothing & Accessories > Clothing > Trousers & Jeans,Outerwear>Menswear,,,FALSE,TRPLAA18-G01,59,IN STOCK,,"30"", 32"", 34"", 36"", 38"", 40"", 42"", 44"", One Size",Navy,,350.00,19,TRUE,TRUE
Hawes & Curtis,5063755055409,5063755055409,Hawes & Curtis Tailored Fit Taupe Hopsack Linen Suit Jacket,http://www.hawesandcurtis.com/tailored-fit-taupe-hopsack-suit-jacket-jkprkt57-c50?utm_source=display&utm_medium=programmatic&utm_campaign=performance&utm_content=rtg,"Woven in breathable hopsack linen, this taupe suit balances refined tailoring with effortless summer ease. The half-lined jacket offers structure without weight, while patch pockets add subtle practicality. A versatile piece, it carries understated sophistication from elevated smart-casual looks to warm-weather occasions.• 100% linen• Notch lapels• Breast pocket• Patch pockets• Mock horn buttons• Working button cuffs Tailored Fit  The model is wearing a size 40R jacket.","Woven in breathable hopsack linen, this taupe suit balances refined tailoring with effortless summer ease. The half-lined jacket offers structure without weight, while patch pockets add subtle practicality. A versatile piece, it carries understated sophistication from elevated smart-casual looks to warm-weather occasions.• 100% linen• Notch lapels• Breast pocket• Patch pockets• Mock horn buttons• Working button cuffs Tailored Fit  The model is wearing a size 40R jacket.",229.00,229.00,https://handcmediastorage.blob.core.windows.net/productimages/JK/JKPRKT57-C50-212706-1400px-1820px.jpg,Clothing & Accessories > Clothing > Suits,Casualwear>Menswear,,,FALSE,JKPRKT57-C50,19,IN STOCK,,"36, 38, 42, 42 long, 44 long, 44 short, 46, 50",Taupe,,379.00,87,TRUE,TRUE
Hawes & Curtis,5063056158809,5063056158809,Hawes & Curtis Tailored Fit Sand 1913 Morning Waistcoat,http://www.hawesandcurtis.com/sand-double-breasted-waistcoat-1913-collection-wcplaa03-h76?utm_source=display&utm_medium=programmatic&utm_campaign=performance&utm_content=rtg,"This exquisite sand plain suit waistcoat is woven in Italy from the finest 100% wool fabric from the Zignone Mill. The double breasted waistcoat features six button fastenings, two pockets, and a waist adjuster to the reverse. This waistcoat has a tailored silhouette for a modern style that will flatter everyone. • Italian Zignone Mill• 100% wool • Tailored FitThe model is wearing a size 38. Model is 6'1""/ 186cm tall, with a 40"" / 101cm chest and a 33"" / 83cm waist.","This exquisite sand plain suit waistcoat is woven in Italy from the finest 100% wool fabric from the Zignone Mill. The double breasted waistcoat features six button fastenings, two pockets, and a waist adjuster to the reverse. This waistcoat has a tailored silhouette for a modern style that will flatter everyone. • Italian Zignone Mill• 100% wool • Tailored FitThe model is wearing a size 38. Model is 6'1""/ 186cm tall, with a 40"" / 101cm chest and a 33"" / 83cm waist.",260.00,260.00,https://handcmediastorage.blob.core.windows.net/productimages/WC/WCPLAA03-H76-213458-1400px-1820px.jpg,Clothing & Accessories > Clothing > Suits,Waistcoats>Casualwear>Menswear,,,FALSE,WCPLAA03-H76,14,IN STOCK,,"36, 38, 40, 42, 44, 46",Sand,,260.00,103,TRUE,TRUE
Hawes & Curtis,5063056471960,5063056471960,Hawes & Curtis Tailored Fit Navy Plaid 1913 Suit Jacket,http://www.hawesandcurtis.com/navy-check-tailored-suit-jacket-1913-collection-jkclga87-g01?utm_source=display&utm_medium=programmatic&utm_campaign=performance&utm_content=rtg,"A modern take on a classic, this navy suit jacket has a timeless design. The striking plaid pattern has traditional charm to add visual interest to your plain suiting. Made of Italian super 130s wool woven by the illustrious Lanificio F.lli Cerruti Mill. Perfect for both formal occasions and polished weekend outings.• 100% wool • Notch lapels • Breast pocket • Internal pockets • Mock horn buttons • Working button cuffs   Tailored Fit The model is wearing a size 38 jacket.  Model is 6'1""/ 186cm tall, with a 40"" / 101cm chest and a 33"" / 83cm waist.","A modern take on a classic, this navy suit jacket has a timeless design. The striking plaid pattern has traditional charm to add visual interest to your plain suiting. Made of Italian super 130s wool woven by the illustrious Lanificio F.lli Cerruti Mill. Perfect for both formal occasions and polished weekend outings.• 100% wool • Notch lapels • Breast pocket • Internal pockets • Mock horn buttons • Working button cuffs   Tailored Fit The model is wearing a size 38 jacket.  Model is 6'1""/ 186cm tall, with a 40"" / 101cm chest and a 33"" / 83cm waist.",699.00,699.00,https://handcmediastorage.blob.core.windows.net/productimages/JK/JKCLGA87-G01-213521-1400px-1820px.jpg,Clothing & Accessories > Clothing > Suits,Casualwear>Menswear,,,FALSE,JKCLGA87-G01,43,IN STOCK,,"36, 38, 40, 42, 44, 46",Navy,,699.00,32,TRUE,TRUE
Hawes & Curtis,5063056441680,5063056441680,Hawes & Curtis White Tailored Shirt - Short Sleeve & Chest Pocket,http://www.hawesandcurtis.com/white-tailored-shirt-short-sleeve-and-chest-pocket-cfpfg010-n01?utm_source=display&utm_medium=programmatic&utm_campaign=performance&utm_content=rtg,"Designed for comfort and style, this white shirt features a tailored fit that flatters the silhouette while offering ease of movement. Complete with a classic chest pocket, it exudes timeless sophistication and versatility, making it a wardrobe staple for both casual outings and more formal occasions.  • 2 ply 100s Cotton • Short Sleeve • Semi-Cutaway Collar • Chest Pocket   Tailored Fit The model is wearing a size Medium. Model is 6'2""/ 187.5cm tall, with a 38"" / 97cm chest and a 32"" / 81cm waist.","Designed for comfort and style, this white shirt features a tailored fit that flatters the silhouette while offering ease of movement. Complete with a classic chest pocket, it exudes timeless sophistication and versatility, making it a wardrobe staple for both casual outings and more formal occasions.  • 2 ply 100s Cotton • Short Sleeve • Semi-Cutaway Collar • Chest Pocket   Tailored Fit The model is wearing a size Medium. Model is 6'2""/ 187.5cm tall, with a 38"" / 97cm chest and a 32"" / 81cm waist.",45.00,45.00,https://handcmediastorage.blob.core.windows.net/productimages/CF/CFPFG010-N01-183708-1400px-1820px.jpg,Clothing & Accessories > Clothing > Shirts & Tops,White Shirts>Formal Shirts>Menswear,,,FALSE,CFPFG010-N01,17,IN STOCK,,"Medium, Small",White,,109.00,94,TRUE,TRUE
Hawes & Curtis,5063755137389,5063755137389,Hawes & Curtis Tailored Fit Taupe Hopsack Linen Suit Pants,http://www.hawesandcurtis.com/tailored-fit-taupe-hopsack-suit-trousers-trprkt57-c50?utm_source=display&utm_medium=programmatic&utm_campaign=performance&utm_content=rtg,"Complete your summer wardrobe with these taupe linen pants, woven in a refined hopsack texture and tailored for a sleek, modern fit. Crafted from breathable linen, they deliver exceptional comfort in warmer seasons. Available unfinished for personalised alterations, they’re ideal for both smart-casual and formal occasions and pair effortlessly with matching jackets or lightweight shirts.• 100% linen • Hook and eye fastening • Half lined to the knee   Tailored Fit  The model is wearing size 32 pants.","Complete your summer wardrobe with these taupe linen pants, woven in a refined hopsack texture and tailored for a sleek, modern fit. Crafted from breathable linen, they deliver exceptional comfort in warmer seasons. Available unfinished for personalised alterations, they’re ideal for both smart-casual and formal occasions and pair effortlessly with matching jackets or lightweight shirts.• 100% linen • Hook and eye fastening • Half lined to the knee   Tailored Fit  The model is wearing size 32 pants.",120.00,120.00,https://handcmediastorage.blob.core.windows.net/productimages/TR/TRPRKT57-C50-212198-1400px-1820px.jpg,Clothing & Accessories > Clothing > Trousers & Jeans,Trousers>Casualwear>Menswear,,,FALSE,TRPRKT57-C50,24,IN STOCK,,"30"", 34"", 36"", 38"", 40"", 42""",Taupe,,190.00,70,TRUE,TRUE
Hawes & Curtis,5063056472172,5063056472172,Hawes & Curtis Tailored Fit Navy Plaid 1913 Suit Pants,http://www.hawesandcurtis.com/navy-check-tailored-suit-trousers-1913-collection-trclga87-g01?utm_source=display&utm_medium=programmatic&utm_campaign=performance&utm_content=rtg,"Carefully crafted, these pants are made of super 130s wool woven by the illustrious Lanificio F.lli Cerruti Mill. The navy plaid pattern adds sophistication, making them a versatile addition to your wardrobe.• 100% wool  • Hook and eye fastening • Half lined to the knee   Tailored fit  The model is wearing size 32 pants.  Model is 6'1""/ 186cm tall, with a 40"" / 101cm chest and a 33"" / 83cm waist.","Carefully crafted, these pants are made of super 130s wool woven by the illustrious Lanificio F.lli Cerruti Mill. The navy plaid pattern adds sophistication, making them a versatile addition to your wardrobe.• 100% wool  • Hook and eye fastening • Half lined to the knee   Tailored fit  The model is wearing size 32 pants.  Model is 6'1""/ 186cm tall, with a 40"" / 101cm chest and a 33"" / 83cm waist.",390.00,390.00,https://handcmediastorage.blob.core.windows.net/productimages/TR/TRCLGA87-G01-213517-1400px-1820px.jpg,Clothing & Accessories > Clothing > Trousers & Jeans,Casualwear>Menswear,,,FALSE,TRCLGA87-G01,18,IN STOCK,,"32"", 34"", 36"", 40""",Navy,,390.00,92,TRUE,TRUE
Hawes & Curtis,5063755307980,5063755307980,Hawes & Curtis Tailored Fit Grey Crosshatch 1913 Suit Trousers With Side Adjusters,http://www.hawesandcurtis.com/tailored-fit-grey-crosshatch-1913-suit-trousers-with-side-adjusters-trcllt39-f01?utm_source=display&utm_medium=programmatic&utm_campaign=performance&utm_content=rtg,"Milled in Italy at Reda from a Super 130s pure wool, these grey trousers pick up the same fine crosshatch texture in a subtler, everyday register. The high-grade wool brings a smooth handle and clean drape that holds its shape through wear. Cut with a flat front and discreet side adjusters, they sit close through the waist without pleats or a visible waistband. Available unfinished for alterations, with complimentary trouser alterations in store.• 100% Wool• Side adjusters  • Hook and eye fastening • Half lined to the knee   Tailored Fit  Model is 6'2""/ 189cm tall, with a 40"" / 101cm chest and a 32"" / 81cm waist.","Milled in Italy at Reda from a Super 130s pure wool, these grey trousers pick up the same fine crosshatch texture in a subtler, everyday register. The high-grade wool brings a smooth handle and clean drape that holds its shape through wear. Cut with a flat front and discreet side adjusters, they sit close through the waist without pleats or a visible waistband. Available unfinished for alterations, with complimentary trouser alterations in store.• 100% Wool• Side adjusters  • Hook and eye fastening • Half lined to the knee   Tailored Fit  Model is 6'2""/ 189cm tall, with a 40"" / 101cm chest and a 32"" / 81cm waist.",320.00,320.00,https://handcmediastorage.blob.core.windows.net/productimages/TR/TRCLLT39-F01-219074-1400px-1820px.jpg,Clothing & Accessories > Clothing > Trousers & Jeans,Outerwear>Menswear,,,FALSE,TRCLLT39-F01,24,IN STOCK,,"30-UNHEM, 32-UNHEM, 34-UNHEM, 36-UNHEM, 38-UNHEM, 40-UNHEM, 42-UNHEM, 44-UNHEM""",Grey,,320.00,71,TRUE,TRUE
Hawes & Curtis,5063056799095,5063056799095,Hawes & Curtis Tailored Fit  Navy Birdseye 1913 Waistcoat,http://www.hawesandcurtis.com/tailored-fit-navy-birdseye-1913-waistcoat-wcplaa18-g01?utm_source=display&utm_medium=programmatic&utm_campaign=performance&utm_content=rtg,"The lined, single breasted waistcoat is designed with five corozo nut buttons fastenings, two pockets and a waist adjuster to the reverse. This waistcoat has a tailored silhouette for a modern style that will flatter everyone. • Italian Guabello Mill• 100% wool Tailored Fit Model is 6'1""/ 188cm tall, with a 38"" / 96cm chest and a 32"" / 81cm waist.","The lined, single breasted waistcoat is designed with five corozo nut buttons fastenings, two pockets and a waist adjuster to the reverse. This waistcoat has a tailored silhouette for a modern style that will flatter everyone. • Italian Guabello Mill• 100% wool Tailored Fit Model is 6'1""/ 188cm tall, with a 38"" / 96cm chest and a 32"" / 81cm waist.",250.00,250.00,https://handcmediastorage.blob.core.windows.net/productimages/WC/WCPLAA18-G01-216946-1400px-1820px.jpg,Clothing & Accessories > Clothing > Suits,Waistcoats>Casualwear>Menswear,,,FALSE,WCPLAA18-G01,8,IN STOCK,,"36, 42, 44, 50",Navy,,250.00,114,TRUE,TRUE
