prclient,prid,pridfiltered,prname,prurl,prshortdescription,prdescription,prdisplayprice,prprice,primageurl,prcategory,prsubcategory,prcreatedon,pralternativeurl,prbestseller,prsku,pravailablequantity,pravailability,prquantitysold,prsize,prcolor,prcountry,prfromprice,prposition,isactive,isdefault,pronsale
Kurt Geiger London,5842949219,5842949219,Kurt Geiger Women's Shoulder Bag Suede Leather Glasto Fringe,https://www.kurtgeiger.com/women/bags/shoulder-bags/glasto-fringe-shoulder-beige-other-suede-leather-kurt-geiger-london-5842949219?utm_source=display&utm_medium=programmatic&utm_campaign=performance&utm_content=rtg,"This Oxford Fringe Shoulder Bag is crafted from a soft beige suede leather. There are silver studs with crystals across the front of the bag with western stitching. The edges of the bag are lined with statement crystal embellished fringe.15cm (H), 23cm (L), 3cm (D)Strap length: 125cmStrap length shoulder: 51cm&nbsp;Antiqued brass eagle head on the front flapCan fit phones up to 6inchesMagnetic snap closures under front flapGold foil embossed branding on the backMaterial: Suede leatherStyle number: 5842949219","This Oxford Fringe Shoulder Bag is crafted from a soft beige suede leather. There are silver studs with crystals across the front of the bag with western stitching. The edges of the bag are lined with statement crystal embellished fringe.15cm (H), 23cm (L), 3cm (D)Strap length: 125cmStrap length shoulder: 51cm&nbsp;Antiqued brass eagle head on the front flapCan fit phones up to 6inchesMagnetic snap closures under front flapGold foil embossed branding on the backMaterial: Suede leatherStyle number: 5842949219",269.00,269.00,https://kg-static-cache.s3.amazonaws.com/catalog/product/cache/thumbnail/2000x2000/5/8/5842949219_20.jpg?v=1&width=800,Women > Bags > Shoulder-bags,Women > Bags > Shoulder-bags,18/08/2026,,FALSE,,64,IN STOCK,,,Nude,,,174,TRUE,TRUE,FALSE
Kurt Geiger London,5849700109,5849700109,Kurt Geiger London Sloane Hobo Cross Body Bag - Black Leather Hobo Bag,https://www.kurtgeiger.com/women/bags/crossbody-bags/london-hobo-xbody-black-leather-kurt-geiger-london-5849700109?utm_source=display&utm_medium=programmatic&utm_campaign=performance&utm_content=rtg,"This Sloane Hobo Cross Body Bag is crafted from a black soft leather. There is an antiqued brass eagle head above embossed branding on the front.&nbsp;12cm (H), 23cm (L), 7cm (D)Strap length: 126cmStrap length shoulder: 45cmZip top closureRemovable satin scarf charmAntiqued brass chain strapCan fit phones up to 6inchesMaterial: LeatherStyle number: 5849700109","This Sloane Hobo Cross Body Bag is crafted from a black soft leather. There is an antiqued brass eagle head above embossed branding on the front.&nbsp;12cm (H), 23cm (L), 7cm (D)Strap length: 126cmStrap length shoulder: 45cmZip top closureRemovable satin scarf charmAntiqued brass chain strapCan fit phones up to 6inchesMaterial: LeatherStyle number: 5849700109",239.00,239.00,https://kg-static-cache.s3.amazonaws.com/catalog/product/cache/thumbnail/2000x2000/5/8/5849700109_20.jpg?v=1&width=800,Women > Bags > Crossbody-bags,Women > Bags > Crossbody-bags,18/08/2026,,FALSE,,39,IN STOCK,,,Black,,,211,TRUE,TRUE,FALSE
Kurt Geiger London,5848219979,5848219979,Kurt Geiger Women's Mini Bag White Other Micro Kensington,https://www.kurtgeiger.com/women/bags/crossbody-bags/micro-kensington-white-other-synthetic-kurt-geiger-london-5848219979?utm_source=display&utm_medium=programmatic&utm_campaign=performance&utm_content=rtg,"The Micro Kensington Bag features a hand drawn style floral print across the quilted exterior. The gold eagle head features crystals and black bead eyes on the front flap.&nbsp;7cm (H), 10cm (L), 2cm (D)Strap drop cross body: 123cmGold cross body chain strapTwo pop closures under the front flapGold foil embossed branding on the backCan fit classic credit cardsOuter: Leather alternativeInterior: Monogrammed interior liningStyle number: 5848219979","The Micro Kensington Bag features a hand drawn style floral print across the quilted exterior. The gold eagle head features crystals and black bead eyes on the front flap.&nbsp;7cm (H), 10cm (L), 2cm (D)Strap drop cross body: 123cmGold cross body chain strapTwo pop closures under the front flapGold foil embossed branding on the backCan fit classic credit cardsOuter: Leather alternativeInterior: Monogrammed interior liningStyle number: 5848219979",79.00,79.00,https://kg-static-cache.s3.amazonaws.com/catalog/product/cache/thumbnail/2000x2000/5/8/5848219979_20.jpg?v=1&width=800,Women > Bags > Crossbody-bags,Women > Bags > Crossbody-bags,18/08/2026,,FALSE,,65,IN STOCK,,,White,,,173,TRUE,TRUE,FALSE
Kurt Geiger London,5586646019,5586646019,Kurt Geiger Women's Shoulder Bag Camel Other Leather Kurt Sling,https://www.kurtgeiger.com/women/bags/shoulder-bags/kurt-sling-camel-other-leather-other-kurt-geiger-london-5586646019?utm_source=display&utm_medium=programmatic&utm_campaign=performance&utm_content=rtg,"This Mini Kurt Shoulder Bag is crafted from a deer print calfhair leather. There is an antiqued brass eagle head sat on the front of the bag above gold foil branding.&nbsp;12cm (H), 23cm (L), 8cm (D)Strap length: 43cmAntiqued brass Kurt branding on the top handle&nbsp;Can fit phones up to 6inchesMaterial: Leather / OtherStyle number: 5586646019","This Mini Kurt Shoulder Bag is crafted from a deer print calfhair leather. There is an antiqued brass eagle head sat on the front of the bag above gold foil branding.&nbsp;12cm (H), 23cm (L), 8cm (D)Strap length: 43cmAntiqued brass Kurt branding on the top handle&nbsp;Can fit phones up to 6inchesMaterial: Leather / OtherStyle number: 5586646019",159.00,159.00,https://kg-static-cache.s3.amazonaws.com/catalog/product/cache/thumbnail/2000x2000/5/5/5586646019_20.jpg?v=1&width=800,Women > Bags > Shoulder-bags,Women > Bags > Shoulder-bags,18/08/2026,,FALSE,,57,IN STOCK,,,Tan,,,186,TRUE,TRUE,FALSE
Kurt Geiger London,6056246189,6056246189,Kurt Geiger Women's Shoulder Bag Camel Other Leather Sloane,https://www.kurtgeiger.com/women/bags/crossbody-bags/sloane-bowling-bag-camel-other-leather-other-print-kurt-geiger-london-6056246189?utm_source=display&utm_medium=programmatic&utm_campaign=performance&utm_content=rtg,"This Sloane Bowling Bag is crafted from a structured animal printed calfhair leather. There is an antiqued silver eagle head on the front of the bag complimenting the antiqued silver KURT charm.20cm (H), 32cm (L), 14cm (D)Strap length: 39cmStrap length: 129cmZip closureAntiqued silver feetMaterial: LeatherStyle number: 6056246189","This Sloane Bowling Bag is crafted from a structured animal printed calfhair leather. There is an antiqued silver eagle head on the front of the bag complimenting the antiqued silver KURT charm.20cm (H), 32cm (L), 14cm (D)Strap length: 39cmStrap length: 129cmZip closureAntiqued silver feetMaterial: LeatherStyle number: 6056246189",279.00,279.00,https://kg-static-cache.s3.amazonaws.com/catalog/product/cache/thumbnail/2000x2000/6/0/6056246189_20.jpg?v=1&width=800,Women > Bags > Crossbody-bags,Women > Bags > Crossbody-bags,18/08/2026,,FALSE,,129,IN STOCK,,,Tan,,,80,TRUE,TRUE,FALSE
Kurt Geiger London,5586600019,5586600019,Kurt Geiger Women's Shoulder Black Leather Other Kurt,https://www.kurtgeiger.com/women/bags/shoulder-bags/kurt-sling-black-leather-other-kurt-geiger-london-5586600019?utm_source=display&utm_medium=programmatic&utm_campaign=performance&utm_content=rtg,"This Kurt Shoulder Bag is crafted from a black crinkled leather with overstitch quilting. There is a black eagle head sat on the front of the bag above gold foil branding.&nbsp;12cm (H), 23cm (L), 8cm (D)Strap length: 43cmBlack Kurt branding on the top handle&nbsp;Can fit phones up to 6inchesMaterial: LeatherStyle number: 5586600019&nbsp;","This Kurt Shoulder Bag is crafted from a black crinkled leather with overstitch quilting. There is a black eagle head sat on the front of the bag above gold foil branding.&nbsp;12cm (H), 23cm (L), 8cm (D)Strap length: 43cmBlack Kurt branding on the top handle&nbsp;Can fit phones up to 6inchesMaterial: LeatherStyle number: 5586600019&nbsp;",149.00,149.00,https://kg-static-cache.s3.amazonaws.com/catalog/product/cache/thumbnail/2000x2000/5/5/5586600019_20.jpg?v=1&width=800,Women > Bags > Shoulder-bags,Women > Bags > Shoulder-bags,18/08/2026,,FALSE,,187,IN STOCK,,,Black,,,48,TRUE,TRUE,FALSE
Kurt Geiger London,6059900019,6059900019,Kurt Geiger London Celia Xl Shoulder Bag Drench - Black Leather Overstitch Shoulder Bag,https://www.kurtgeiger.com/women/bags/shoulder-bags/celia-xl-shoulder-bag-dr-black-leather-other-kurt-geiger-london-6059900019?utm_source=display&utm_medium=programmatic&utm_campaign=performance&utm_content=rtg,"This Extra Large Celia Shoulder Bag is crafted from a black crinkled leather with overstitch quilted detail. There is a black eagle head on the front flap.24cm (H), 39cm (L), 12cm (D)Strap length: 67cmBlack leather shoulder strapBlack chain strap detailCan fit laptops up to 14inchesBlack branded plate on the backMaterial: LeatherStyle number: 6059900019","This Extra Large Celia Shoulder Bag is crafted from a black crinkled leather with overstitch quilted detail. There is a black eagle head on the front flap.24cm (H), 39cm (L), 12cm (D)Strap length: 67cmBlack leather shoulder strapBlack chain strap detailCan fit laptops up to 14inchesBlack branded plate on the backMaterial: LeatherStyle number: 6059900019",369.00,369.00,https://kg-static-cache.s3.amazonaws.com/catalog/product/cache/thumbnail/2000x2000/6/0/6059900019_20.jpg?v=1&width=800,Women > Bags > Shoulder-bags,Women > Bags > Shoulder-bags,18/08/2026,,FALSE,,189,IN STOCK,,,Black,,,46,TRUE,TRUE,FALSE
Kurt Geiger London,5579240209,5579240209,Kurt Geiger Women's Beige Suede Pickle Shoulder Bag,https://www.kurtgeiger.com/women/bags/shoulder-bags/pickle-shoulder-bag-beige-suede-kurt-geiger-london-5579240209?utm_source=display&utm_medium=programmatic&utm_campaign=performance&utm_content=rtg,"Arriving in a soft beige suede leather, this Pickle Shoulder bag features overstitch quilting on the front. There is a gold metal eagle head with crystals sat on the front flap.10cm (H), 20cm (L), 6cm (D)Strap length cross body: 128cmStrap length shoulder: 55cmWith two removable straps, this bag can be worn in multiple ways including as a wristlet, across the body, on the shoulder and as a clutchOptional leather cross body strapMagnetic flap closure under the flapZip closureCan fit phones up to 7inchesMaterial: Suede leatherStyle number: 5579240209","Arriving in a soft beige suede leather, this Pickle Shoulder bag features overstitch quilting on the front. There is a gold metal eagle head with crystals sat on the front flap.10cm (H), 20cm (L), 6cm (D)Strap length cross body: 128cmStrap length shoulder: 55cmWith two removable straps, this bag can be worn in multiple ways including as a wristlet, across the body, on the shoulder and as a clutchOptional leather cross body strapMagnetic flap closure under the flapZip closureCan fit phones up to 7inchesMaterial: Suede leatherStyle number: 5579240209",159.00,159.00,https://kg-static-cache.s3.amazonaws.com/catalog/product/cache/thumbnail/2000x2000/5/5/5579240209_20.jpg?v=1&width=800,Women > Bags > Shoulder-bags,Women > Bags > Shoulder-bags,18/08/2026,,FALSE,,163,IN STOCK,,,Nude,,,61,TRUE,TRUE,FALSE
Kurt Geiger London,5023357999,5023357999,Kurt Geiger Women's Tote Bag Pink Combination Other Hoxton,https://www.kurtgeiger.com/women/bags/shoulder-bags/hoxton-shopper-pink-combination-others-kurt-geiger-london-5023357999?utm_source=display&utm_medium=programmatic&utm_campaign=performance&utm_content=rtg,"This Hoxton Shopper is crafted from panels of pink and purple faux fur in unique textures. There is an antiqued brass crystal embellished eagle head sat on the front of the bag.&nbsp;30cm (H), 37cm (L), 14cm (D)Strap length: 94cmTwo top handles or shoulder strapsCan fit laptops up to 12inchesFour antiqued brass feet on the bottomMaterial: Faux furStyle number: 5023357999","This Hoxton Shopper is crafted from panels of pink and purple faux fur in unique textures. There is an antiqued brass crystal embellished eagle head sat on the front of the bag.&nbsp;30cm (H), 37cm (L), 14cm (D)Strap length: 94cmTwo top handles or shoulder strapsCan fit laptops up to 12inchesFour antiqued brass feet on the bottomMaterial: Faux furStyle number: 5023357999",219.00,219.00,https://kg-static-cache.s3.amazonaws.com/catalog/product/cache/thumbnail/2000x2000/5/0/5023357999_20.jpg?v=1&width=800,Women > Bags > Shoulder-bags,Women > Bags > Shoulder-bags,18/08/2026,,FALSE,,76,IN STOCK,,,Pink,,,148,TRUE,TRUE,FALSE
Kurt Geiger London,8885588669,8885588669,Kurt Geiger London Women's Cross Body Bag Fabric Denim Mini Kensington,https://www.kurtgeiger.com/women/bags/mini/mini-kensington-soft-bag-denim-denim-kurt-geiger-london-8885588669?utm_source=display&utm_medium=programmatic&utm_campaign=performance&utm_content=rtg,"This Mini Kensington bag is crafted from an acid wash denim in weave print. The antiqued brass eagle head features crystals on the front flap.14cm (H), 20cm (L), 6cm (D)Strap drop cross body: 120cmStrap drop shoulder: 70cmAntiqued brass chain strapDuo magnetic snap closure hidden under flapAntiqued brass branded metal plate on the backCan fit phones up to 7 inchesSmall internal lining pocketMaterial: DenimInterior: Monogrammed interior liningStyle number: 8885588669","This Mini Kensington bag is crafted from an acid wash denim in weave print. The antiqued brass eagle head features crystals on the front flap.14cm (H), 20cm (L), 6cm (D)Strap drop cross body: 120cmStrap drop shoulder: 70cmAntiqued brass chain strapDuo magnetic snap closure hidden under flapAntiqued brass branded metal plate on the backCan fit phones up to 7 inchesSmall internal lining pocketMaterial: DenimInterior: Monogrammed interior liningStyle number: 8885588669",129.00,129.00,https://kg-static-cache.s3.amazonaws.com/catalog/product/cache/thumbnail/2000x2000/8/8/8885588669_20.jpg?v=1&width=800,Women > Bags > Mini,Women > Bags > Mini,18/08/2026,,TRUE,,20,IN STOCK,,,Blue,,,234,TRUE,TRUE,FALSE
Kurt Geiger London,3524900759,3524900759,Kurt Geiger Women's Clutch Bag Black Satin Crystal Kensington,https://www.kurtgeiger.com/women/bags/clutches/crystal-kensington-clutch-black-satin-kurt-geiger-london-3524900759?utm_source=display&utm_medium=programmatic&utm_campaign=performance&utm_content=rtg,"The Crystal Kensington Clutch is made from a black satin with crystal embellishments. The black eagle head features black crystals and black crystal eyes on the clasp.&nbsp;12cm (H), 20cm (L), 3cm (D)Strap drop: 122cmOptional black metal chain strapCan fit phones up to 7 inchesPlease take extra care when styling this piece with delicate fabricsOuter: SatinInterior: Monogrammed interior liningStyle number:&nbsp;3524900759","The Crystal Kensington Clutch is made from a black satin with crystal embellishments. The black eagle head features black crystals and black crystal eyes on the clasp.&nbsp;12cm (H), 20cm (L), 3cm (D)Strap drop: 122cmOptional black metal chain strapCan fit phones up to 7 inchesPlease take extra care when styling this piece with delicate fabricsOuter: SatinInterior: Monogrammed interior liningStyle number:&nbsp;3524900759",159.00,159.00,https://kg-static-cache.s3.amazonaws.com/catalog/product/cache/thumbnail/2000x2000/3/5/3524900759_20.jpg?v=1&width=800,Women > Bags > Clutches,Women > Bags > Clutches,18/08/2026,,FALSE,,348,IN STOCK,,,Black,,,21,TRUE,TRUE,FALSE
Kurt Geiger London,8476409109,8476409109,Kurt Geiger Women's Purse Black Leather Multi Card,https://www.kurtgeiger.com/women/bags/wallets/multi-card-holder-black-other-leather-kurt-geiger-london-8476409109?utm_source=display&utm_medium=programmatic&utm_campaign=performance&utm_content=rtg,"The Multi Card Holder is crafted from a soft leather with signature parquet padded overstitch quilt with three rows of weave pattern. The eagle head features crystals which sits on the closure.8cm (H), 10.5cm (L), 1cm (D)Single pop stud closureGold foil embossed logo on the interiorCan fit up to eight classic cardsOuter: LeatherInterior: Faux leather liningStyle number: 8476409109","The Multi Card Holder is crafted from a soft leather with signature parquet padded overstitch quilt with three rows of weave pattern. The eagle head features crystals which sits on the closure.8cm (H), 10.5cm (L), 1cm (D)Single pop stud closureGold foil embossed logo on the interiorCan fit up to eight classic cardsOuter: LeatherInterior: Faux leather liningStyle number: 8476409109",69.00,69.00,https://kg-static-cache.s3.amazonaws.com/catalog/product/cache/thumbnail/2000x2000/8/4/8476409109_20.jpg?v=1&width=800,Women > Bags > Wallets,Women > Bags > Wallets,18/08/2026,,FALSE,,325,IN STOCK,,,Black,,,23,TRUE,TRUE,FALSE
Kurt Geiger London,5584949999,5584949999,Kurt Geiger Women's Shoulder Bag Beige Other Chelsea,https://www.kurtgeiger.com/women/bags/shoulder-bags/chelsea-sm-ruffle-sh-bag-beige-other-others-kurt-geiger-london-5584949999?utm_source=display&utm_medium=programmatic&utm_campaign=performance&utm_content=rtg,"This Small Chelsea Ruffle Shoulder Bag is crafted from a beige raffia fabric which is woven with silver crystals and pink trim. there is a crystal embellished antiqued brass oval trim with eagle head at the centre of the front flap.15cm (H), 27cm (L), 8cm (D)Strap length: 76cmCan fit phones up to 7inchesMaterial: RaffiaStyle number: 5584949999","This Small Chelsea Ruffle Shoulder Bag is crafted from a beige raffia fabric which is woven with silver crystals and pink trim. there is a crystal embellished antiqued brass oval trim with eagle head at the centre of the front flap.15cm (H), 27cm (L), 8cm (D)Strap length: 76cmCan fit phones up to 7inchesMaterial: RaffiaStyle number: 5584949999",149.00,149.00,https://kg-static-cache.s3.amazonaws.com/catalog/product/cache/thumbnail/2000x2000/5/5/5584949999_20.jpg?v=1&width=800,Women > Bags > Shoulder-bags,Women > Bags > Shoulder-bags,18/08/2026,,FALSE,,9,IN STOCK,,,Nude,,,252,TRUE,TRUE,TRUE
Kurt Geiger London,3530195979,3530195979,Kurt Geiger Women's Cross Body Bag Lilac Micro Kensington,https://www.kurtgeiger.com/women/bags/crossbody-bags/micro-kensington-camera-lilac-synthetic-kurt-geiger-london-3530195979?utm_source=display&utm_medium=programmatic&utm_campaign=performance&utm_content=rtg,"This Micro Kensington Camera is a metallic lilac bag with signature parquet padded overstitch quilting. There is also a lilac eagle head with crystals sitting on the front.8.5cm (H), 11.5 (L), 3cm (D)Strap length: 125cmClear ID slot on the backCan fit classic credit cardsMaterial: SyntheticStyle number: 3530195979","This Micro Kensington Camera is a metallic lilac bag with signature parquet padded overstitch quilting. There is also a lilac eagle head with crystals sitting on the front.8.5cm (H), 11.5 (L), 3cm (D)Strap length: 125cmClear ID slot on the backCan fit classic credit cardsMaterial: SyntheticStyle number: 3530195979",79.00,79.00,https://kg-static-cache.s3.amazonaws.com/catalog/product/cache/thumbnail/2000x2000/3/5/3530195979_20.jpg?v=1&width=800,Women > Bags > Crossbody-bags,Women > Bags > Crossbody-bags,18/08/2026,,FALSE,,41,IN STOCK,,,Purple,,,207,TRUE,TRUE,FALSE
Kurt Geiger London,5661967069,5661967069,Kurt Geiger Women's Cross Body Bag Silver Combination Fabric Kensington,https://www.kurtgeiger.com/women/bags/crossbody-bags/md-kensington-fringe-silver-combination-fabric-other-kurt-geiger-london-5661967069?utm_source=display&utm_medium=programmatic&utm_campaign=performance&utm_content=rtg,"This medium Kensington Bag is embellished with silver sequins and crystal flowers across the front flap. There are silver tassel details under the front flap. The antiqued brass eagle head is embellished with crystals on the front flap.15.5cm (H), 22cm (L), 7cm (D)Strap drop cross body: 120cmAntiqued silver chain strap with padded insertDuo magnetic snap closure hidden under flapAntiqued silver branded plate on the backCan fit phones up to 7 inchesSmall internal lining pocketOuter: FabricInterior: Monogrammed interior liningStyle number: 5661967069","This medium Kensington Bag is embellished with silver sequins and crystal flowers across the front flap. There are silver tassel details under the front flap. The antiqued brass eagle head is embellished with crystals on the front flap.15.5cm (H), 22cm (L), 7cm (D)Strap drop cross body: 120cmAntiqued silver chain strap with padded insertDuo magnetic snap closure hidden under flapAntiqued silver branded plate on the backCan fit phones up to 7 inchesSmall internal lining pocketOuter: FabricInterior: Monogrammed interior liningStyle number: 5661967069",99.00,99.00,https://kg-static-cache.s3.amazonaws.com/catalog/product/cache/thumbnail/2000x2000/5/6/5661967069_20.jpg?v=1&width=800,Women > Bags > Crossbody-bags,Women > Bags > Crossbody-bags,18/08/2026,,FALSE,,175,IN STOCK,,,Metallic,,,58,TRUE,TRUE,TRUE
Kurt Geiger London,5826075609,5826075609,Kurt Geiger London Kurt's Cabana Kensington Knot Shoulder Bag - Green kensington Shoulder Bag,https://www.kurtgeiger.com/women/bags/shoulder-bags/kc-kensington-knot-sh-green-combination-fabric-kurt-geiger-london-5826075609?utm_source=display&utm_medium=programmatic&utm_campaign=performance&utm_content=rtg,"This Kensington Knot Shoulder bag is crafted from a green and white stripe Terry towelling fabric. There is a simple shoulder strap with knotted bow detail and antiqued silver eagle head sat on the front flap.Arrives with a free Kurt Geiger tote bag (pictured) for a limited time only.16cm (H), 24cm (L), 7cm (D)Strap length: 70cmThe knot can be undone to adjust the shoulder strap to preferred lengthInterior zipped pocketAntiqued silver branded plate on the backCan fit phones up to 6inchesMaterial: Towelling&nbsp;Style number: 5826075609","This Kensington Knot Shoulder bag is crafted from a green and white stripe Terry towelling fabric. There is a simple shoulder strap with knotted bow detail and antiqued silver eagle head sat on the front flap.Arrives with a free Kurt Geiger tote bag (pictured) for a limited time only.16cm (H), 24cm (L), 7cm (D)Strap length: 70cmThe knot can be undone to adjust the shoulder strap to preferred lengthInterior zipped pocketAntiqued silver branded plate on the backCan fit phones up to 6inchesMaterial: Towelling&nbsp;Style number: 5826075609",119.00,119.00,https://kg-static-cache.s3.amazonaws.com/catalog/product/cache/thumbnail/2000x2000/5/8/5826075609_20.jpg?v=1&width=800,Women > Bags > Shoulder-bags,Women > Bags > Shoulder-bags,18/08/2026,,FALSE,,14,IN STOCK,,,Green,,,244,TRUE,TRUE,TRUE
Kurt Geiger London,5926253339,5926253339,Kurt Geiger London Celia Tote Bag - Pale Pink Canvas Tote Bag,https://www.kurtgeiger.com/women/bags/tote-bags/celia-tote-bag-pale-pink-canvas-kurt-geiger-london-5926253339?utm_source=display&utm_medium=programmatic&utm_campaign=performance&utm_content=rtg,"This Celia Tote Bag arrives in a pale pink canvas fabric with overstitch quilting design. There is an antiqued brass eagle head sat on the front and a fabric rope charm with gold fish charm and beads attached to one strap.30cm (H), 40cm (L), 13cm (D)Strap length: 77cmTwo pop closure pockets on each sideBrown branded patch on the back&nbsp;'KURT' branding on the bottomCan fit laptops up to 14inchesInterior zipped pocketInterior open pocket&nbsp;Material: CanvasStyle number: 5926253339","This Celia Tote Bag arrives in a pale pink canvas fabric with overstitch quilting design. There is an antiqued brass eagle head sat on the front and a fabric rope charm with gold fish charm and beads attached to one strap.30cm (H), 40cm (L), 13cm (D)Strap length: 77cmTwo pop closure pockets on each sideBrown branded patch on the back&nbsp;'KURT' branding on the bottomCan fit laptops up to 14inchesInterior zipped pocketInterior open pocket&nbsp;Material: CanvasStyle number: 5926253339",99.00,99.00,https://kg-static-cache.s3.amazonaws.com/catalog/product/cache/thumbnail/2000x2000/5/9/5926253339_20.jpg?v=1&width=800,Women > Bags > Tote-bags,Women > Bags > Tote-bags,18/08/2026,,FALSE,,103,IN STOCK,,,Pink,,,105,TRUE,TRUE,TRUE
Kurt Geiger London,5049740109,5049740109,Kurt Geiger Women's Tote Bag Beige Leather Chelsea,https://www.kurtgeiger.com/women/bags/shoulder-bags/chelsea-lg-slouch-hobo-beige-leather-kurt-geiger-london-5049740109?utm_source=display&utm_medium=programmatic&utm_campaign=performance&utm_content=rtg,"This Large Slouch Hobo is crafted from a beige pebble grain leather. There is an antiqued brass oval trim with eagle head on the front of the bag.35cm (H), 50cm (L), 37cm (D)Strap length: 35cmCan fit laptops up to 14inchesInterior zipped pocketMaterial: SuedeStyle number: 5049740109","This Large Slouch Hobo is crafted from a beige pebble grain leather. There is an antiqued brass oval trim with eagle head on the front of the bag.35cm (H), 50cm (L), 37cm (D)Strap length: 35cmCan fit laptops up to 14inchesInterior zipped pocketMaterial: SuedeStyle number: 5049740109",149.00,149.00,https://kg-static-cache.s3.amazonaws.com/catalog/product/cache/thumbnail/2000x2000/5/0/5049740109_20.jpg?v=1&width=800,Women > Bags > Shoulder-bags,Women > Bags > Shoulder-bags,18/08/2026,,FALSE,,35,IN STOCK,,,Nude,,,217,TRUE,TRUE,TRUE
Kurt Geiger London,5851769129,5851769129,Kurt Geiger Women's Shoulder Bag Multi Other Leather Suede Celia,https://www.kurtgeiger.com/women/bags/shoulder-bags/celia-shoulder-bag-multi-other-leather-suede-kurt-geiger-london-5851769129?utm_source=display&utm_medium=programmatic&utm_campaign=performance&utm_content=rtg,"This Celia Shoulder Bag is crafted from a leather and suede patchwork leather with stitching detail. There is an antiqued brass eagle head on the front flap.17cm (H), 26cm (L), 8cm (D)Strap length: 53cmBrown leather shoulder strapAntiqued brass chain strap detailCan fit phones up to 6inchesGold foil embossed branding on the backMaterial: Leather / SuedeStyle number: 5851769129","This Celia Shoulder Bag is crafted from a leather and suede patchwork leather with stitching detail. There is an antiqued brass eagle head on the front flap.17cm (H), 26cm (L), 8cm (D)Strap length: 53cmBrown leather shoulder strapAntiqued brass chain strap detailCan fit phones up to 6inchesGold foil embossed branding on the backMaterial: Leather / SuedeStyle number: 5851769129",319.00,319.00,https://kg-static-cache.s3.amazonaws.com/catalog/product/cache/thumbnail/2000x2000/5/8/5851769129_20.jpg?v=1&width=800,Women > Bags > Shoulder-bags,Women > Bags > Shoulder-bags,18/08/2026,,FALSE,,34,IN STOCK,,,Multi-Coloured,,,219,TRUE,TRUE,FALSE
Kurt Geiger London,5838359339,5838359339,Kurt Geiger London Sloane Shopper Bag - Dark Red Canvas Tote Bag,https://www.kurtgeiger.com/women/bags/shoulder-bags/sloane-shopper-red-other-canvas-kurt-geiger-london-5838359339?utm_source=display&utm_medium=programmatic&utm_campaign=performance&utm_content=rtg,"This Sloane Shopper bag features a dark red canvas body that is embroidered with micro Kurt Geiger designs including a telephone box, martini glass and rail card.30cm (H), 39cm (L), 17cm (D)Strap length: 71cmFour antiqued brass feetWinged sidesCan fit laptops up to 13inchesZip top closureInterior zipped pocketStyle number: 5838359339","This Sloane Shopper bag features a dark red canvas body that is embroidered with micro Kurt Geiger designs including a telephone box, martini glass and rail card.30cm (H), 39cm (L), 17cm (D)Strap length: 71cmFour antiqued brass feetWinged sidesCan fit laptops up to 13inchesZip top closureInterior zipped pocketStyle number: 5838359339",249.00,249.00,https://kg-static-cache.s3.amazonaws.com/catalog/product/cache/thumbnail/2000x2000/5/8/5838359339_20.jpg?v=1&width=800,Women > Bags > Shoulder-bags,Women > Bags > Shoulder-bags,18/08/2026,,FALSE,,84,IN STOCK,,,Red,,,131,TRUE,TRUE,FALSE
Kurt Geiger London,6063846189,6063846189,Kurt Geiger London Chelsea Small Slouch Hobo Bag - Leopard Print Crystal Hobo Bag,https://www.kurtgeiger.com/women/bags/shoulder-bags/chelsea-sm-slouch-hobo-camel-other-leather-other-print-kurt-geiger-london-6063846189?utm_source=display&utm_medium=programmatic&utm_campaign=performance&utm_content=rtg,"This Small Chelsea Slouch Hobo bag is crafted from a leopard printed calfhair leather. The front of the bag is accented with an antiqued silver oval trimmed eagle head.19cm (H), 20cm (L), 9cm (D)Strap length: 25mMagnetic snap closureCan fit phones up to 6inchesUnlined interior&nbsp;Material: LeatherStyle number: 6063846189","This Small Chelsea Slouch Hobo bag is crafted from a leopard printed calfhair leather. The front of the bag is accented with an antiqued silver oval trimmed eagle head.19cm (H), 20cm (L), 9cm (D)Strap length: 25mMagnetic snap closureCan fit phones up to 6inchesUnlined interior&nbsp;Material: LeatherStyle number: 6063846189",179.00,179.00,https://kg-static-cache.s3.amazonaws.com/catalog/product/cache/thumbnail/2000x2000/6/0/6063846189_20.jpg?v=1&width=800,Women > Bags > Shoulder-bags,Women > Bags > Shoulder-bags,18/08/2026,,FALSE,,157,IN STOCK,,,Tan,,,65,TRUE,TRUE,FALSE
Kurt Geiger London,6061669689,6061669689,Kurt Geiger London Fabric Kensington 17 Bag - Tartan Crystal Cross Body Bag,https://www.kurtgeiger.com/women/bags/crossbody-bags/fabric-kensington-17-multi-other-fabric-other-print-kurt-geiger-london-6061669689?utm_source=display&utm_medium=programmatic&utm_campaign=performance&utm_content=rtg,"This Kensington 17 bag is crafted from a tartan printed satin fabric with complete iridescent crystal embellishment. There is an antiqued silver eagle head with rainbow crystals sat on the front flap.10cm (H), 17cm (L), 5cm (D)Strap length: 65cmAntiqued silver metal chain cross body strapTwo magnetic snap closures under front flapAntiqued silver branded plate on the backMaterial: FabricStyle number: 6061669689","This Kensington 17 bag is crafted from a tartan printed satin fabric with complete iridescent crystal embellishment. There is an antiqued silver eagle head with rainbow crystals sat on the front flap.10cm (H), 17cm (L), 5cm (D)Strap length: 65cmAntiqued silver metal chain cross body strapTwo magnetic snap closures under front flapAntiqued silver branded plate on the backMaterial: FabricStyle number: 6061669689",159.00,159.00,https://kg-static-cache.s3.amazonaws.com/catalog/product/cache/thumbnail/2000x2000/6/0/6061669689_20.jpg?v=1&width=800,Women > Bags > Crossbody-bags,Women > Bags > Crossbody-bags,18/08/2026,,FALSE,,182,IN STOCK,,,Multi-Coloured,,,52,TRUE,TRUE,FALSE
Kurt Geiger London,5579246189,5579246189,Kurt Geiger Women's Cross Body Bag Camel Other Leather Pickle Shoulder,https://www.kurtgeiger.com/women/bags/shoulder-bags/pickle-shoulder-bag-camel-other-leather-other-print-kurt-geiger-london-5579246189?utm_source=display&utm_medium=programmatic&utm_campaign=performance&utm_content=rtg,"This Pickle Shoulder Bag is crafted from a camel leopard printed calfhair leather. There is an antiqued silver metal eagle head with crystals sat on the front flap.10cm (H), 20cm (L), 6cm (D)Strap length cross body: 128cmStrap length shoulder: 55cmWith two removable straps, this bag can be worn in multiple ways including as a wristlet, across the body, on the shoulder and as a clutchMagnetic flap closure under the flapCan fit phones up to 7inchesMaterial: LeatherStyle number: 5579246189","This Pickle Shoulder Bag is crafted from a camel leopard printed calfhair leather. There is an antiqued silver metal eagle head with crystals sat on the front flap.10cm (H), 20cm (L), 6cm (D)Strap length cross body: 128cmStrap length shoulder: 55cmWith two removable straps, this bag can be worn in multiple ways including as a wristlet, across the body, on the shoulder and as a clutchMagnetic flap closure under the flapCan fit phones up to 7inchesMaterial: LeatherStyle number: 5579246189",169.00,169.00,https://kg-static-cache.s3.amazonaws.com/catalog/product/cache/thumbnail/2000x2000/5/5/5579246189_20.jpg?v=1&width=800,Women > Bags > Shoulder-bags,Women > Bags > Shoulder-bags,18/08/2026,,FALSE,,252,IN STOCK,,,Tan,,,36,TRUE,TRUE,FALSE
Kurt Geiger London,6318031019,6318031019,Kurt Geiger Women's Purse Dark Brown Leather Other Soft Wallet,https://www.kurtgeiger.com/women/bags/wallets/soft-wallet-celia-dark-brown-leather-other-kurt-geiger-london-6318031019?utm_source=display&utm_medium=programmatic&utm_campaign=performance&utm_content=rtg,"The Kensington Kurt Zip Around Wallet is crafted from a dark brown textured leather with subtle overstitch quilting. There is a small antiqued silver eagle head on the pop closure.10cm (H), 19.5cm (L), 2cm (D)Silver foil embossed logo on the interiorInterior zipped compartmentCan fit up to eight classic cardsMaterial: LeatherStyle number: 6318031019","The Kensington Kurt Zip Around Wallet is crafted from a dark brown textured leather with subtle overstitch quilting. There is a small antiqued silver eagle head on the pop closure.10cm (H), 19.5cm (L), 2cm (D)Silver foil embossed logo on the interiorInterior zipped compartmentCan fit up to eight classic cardsMaterial: LeatherStyle number: 6318031019",89.00,89.00,https://kg-static-cache.s3.amazonaws.com/catalog/product/cache/thumbnail/2000x2000/6/3/6318031019_20.jpg?v=1&width=800,Women > Bags > Wallets,Women > Bags > Wallets,18/08/2026,,FALSE,,75,IN STOCK,,,Brown,,,151,TRUE,TRUE,FALSE
Kurt Geiger London,2038260999,2038260999,Kurt Geiger Women's Grab Bag Bronze Macrame,https://www.kurtgeiger.com/women/bags/mini/sm-macrame-crystal-bag-bronze-others-kurt-geiger-london-2038260999?utm_source=display&utm_medium=programmatic&utm_campaign=performance&utm_content=rtg,"This Small Macrame crystal bag has a bronze crystal embellishment across the knotted structure. There is an antiqued brass eagle head on the luggage tag.15cm (H), 20cm (L), 7cm (D)Interior bronze pouch with drawstring tieMetallic bronze branded patch on interior pouchCan fit phone up to 7inchesMaterial: SyntheticStyle number: 2038260999","This Small Macrame crystal bag has a bronze crystal embellishment across the knotted structure. There is an antiqued brass eagle head on the luggage tag.15cm (H), 20cm (L), 7cm (D)Interior bronze pouch with drawstring tieMetallic bronze branded patch on interior pouchCan fit phone up to 7inchesMaterial: SyntheticStyle number: 2038260999",199.00,199.00,https://kg-static-cache.s3.amazonaws.com/catalog/product/cache/thumbnail/2000x2000/2/0/2038260999_20.jpg?v=1&width=800,Women > Bags > Mini,Women > Bags > Mini,18/08/2026,,FALSE,,1271,IN STOCK,,,Metallic,,,4,TRUE,TRUE,FALSE
Kurt Geiger London,4695843609,4695843609,Kurt Geiger Women's Cross Body Bag Beige Combination Fabric Kensington,https://www.kurtgeiger.com/women/bags/crossbody-bags/fabric-kensington-heart-x-beige-combination-fabric-kurt-geiger-london-4695843609?utm_source=display&utm_medium=programmatic&utm_campaign=performance&utm_content=rtg,"The Kensington Heart Bag is crafted from a beige houndstooth fabric which is embellished with crystals. The antiqued brass eagle head features crystals and black bead eyes on the front.15cm (H), 17cm (L), 5.5cm (D)Strap drop cross body: 130cmAntiqued brass chain strapAntiqued brass zip closureAntiqued brass branded plate on the backOuter: FabricInterior: Monogrammed interior liningStyle number: 4695843609","The Kensington Heart Bag is crafted from a beige houndstooth fabric which is embellished with crystals. The antiqued brass eagle head features crystals and black bead eyes on the front.15cm (H), 17cm (L), 5.5cm (D)Strap drop cross body: 130cmAntiqued brass chain strapAntiqued brass zip closureAntiqued brass branded plate on the backOuter: FabricInterior: Monogrammed interior liningStyle number: 4695843609",169.00,169.00,https://kg-static-cache.s3.amazonaws.com/catalog/product/cache/thumbnail/2000x2000/4/6/4695843609_20.jpg?v=1&width=800,Women > Bags > Crossbody-bags,Women > Bags > Crossbody-bags,18/08/2026,,TRUE,,203,IN STOCK,,,Nude,,,44,TRUE,TRUE,FALSE
Kurt Geiger London,5570788669,5570788669,Kurt Geiger Women's Tote Bag Denim Fabric Kurt Tote,https://www.kurtgeiger.com/women/bags/crossbody-bags/kurt-tote-denim-denim-kurt-geiger-london-5570788669?utm_source=display&utm_medium=programmatic&utm_campaign=performance&utm_content=rtg,"This Kurt Tote bag arrives in a bleached weave denim fabric. There is a subtle embroidered Kurt branding on the front pocket as well as a blue tag with antiqued brass eagle head on the top handles.25cm (H), 33cm (L), 15cm (D)Strap length: 128cmOptional cross body strapZip closure&nbsp;Can fit phones up other 6inchesMaterial: FabricStyle number: 5570788669","This Kurt Tote bag arrives in a bleached weave denim fabric. There is a subtle embroidered Kurt branding on the front pocket as well as a blue tag with antiqued brass eagle head on the top handles.25cm (H), 33cm (L), 15cm (D)Strap length: 128cmOptional cross body strapZip closure&nbsp;Can fit phones up other 6inchesMaterial: FabricStyle number: 5570788669",149.00,149.00,https://kg-static-cache.s3.amazonaws.com/catalog/product/cache/thumbnail/2000x2000/5/5/5570788669_20.jpg?v=1&width=800,Women > Bags > Crossbody-bags,Women > Bags > Crossbody-bags,18/08/2026,,FALSE,,210,IN STOCK,,,Blue,,,41,TRUE,TRUE,FALSE
Kurt Geiger London,5586600109,5586600109,Kurt Geiger Women's Shoulder Bag Black Leather Kurt,https://www.kurtgeiger.com/women/bags/mini/kurt-mini-shoulder-bag-black-leather-kurt-geiger-london-5586600109?utm_source=display&utm_medium=programmatic&utm_campaign=performance&utm_content=rtg,"This Mini Kurt Shoulder Bag is crafted from a black pebble grain leather. There is an antiqued brass eagle head sat on the front of the bag above gold foil branding.&nbsp;12cm (H), 23cm (L), 8cm (D)Strap length: 43cmAntiqued brass Kurt branding on the top handle&nbsp;Can fit phones up to 6inchesMaterial: LeatherStyle number: 5586600109","This Mini Kurt Shoulder Bag is crafted from a black pebble grain leather. There is an antiqued brass eagle head sat on the front of the bag above gold foil branding.&nbsp;12cm (H), 23cm (L), 8cm (D)Strap length: 43cmAntiqued brass Kurt branding on the top handle&nbsp;Can fit phones up to 6inchesMaterial: LeatherStyle number: 5586600109",149.00,149.00,https://kg-static-cache.s3.amazonaws.com/catalog/product/cache/thumbnail/2000x2000/5/5/5586600109_20.jpg?v=1&width=800,Women > Bags > Mini,Women > Bags > Mini,18/08/2026,,TRUE,,421,IN STOCK,,,Black,,,14,TRUE,TRUE,FALSE
Kurt Geiger London,5586636109,5586636109,Kurt Geiger Women's Shoulder Bag Tan Combination Leather Kurt,https://www.kurtgeiger.com/women/bags/mini/kurt-mini-shoulder-bag-tan-combination-leather-kurt-geiger-london-5586636109?utm_source=display&utm_medium=programmatic&utm_campaign=performance&utm_content=rtg,"This Mini Kurt Shoulder Bag is crafted from a brown pebble grain leather. There is an antiqued brass eagle head sat on the front of the bag above gold foil branding.&nbsp;12cm (H), 23cm (L), 8cm (D)Strap length: 43cmAntiqued brass Kurt branding on the top handle&nbsp;Can fit phones up to 6inchesMaterial: LeatherStyle number: 5586636109","This Mini Kurt Shoulder Bag is crafted from a brown pebble grain leather. There is an antiqued brass eagle head sat on the front of the bag above gold foil branding.&nbsp;12cm (H), 23cm (L), 8cm (D)Strap length: 43cmAntiqued brass Kurt branding on the top handle&nbsp;Can fit phones up to 6inchesMaterial: LeatherStyle number: 5586636109",149.00,149.00,https://kg-static-cache.s3.amazonaws.com/catalog/product/cache/thumbnail/2000x2000/5/5/5586636109_20.jpg?v=1&width=800,Women > Bags > Mini,Women > Bags > Mini,18/08/2026,,FALSE,,93,IN STOCK,,,Tan,,,121,TRUE,TRUE,FALSE
Kurt Geiger London,5826657069,5826657069,Kurt Geiger Women's Cross Body Bag Pink Combination Fabric Other Kensington,https://www.kurtgeiger.com/women/bags/mini/kc-mini-kensington-fringe-pink-combination-fabric-other-kurt-geiger-london-5826657069?utm_source=display&utm_medium=programmatic&utm_campaign=performance&utm_content=rtg,"The Mini Kensington Kurt is crafted from a striped pink and orange Terry towelling fabric with bone fringe trim. The antiqued brass eagle head features crystals on the front flap.Arrives with a free Kurt Geiger tote bag (pictured) for a limited time only.14cm (H), 20cm (L), 7cm (D)Strap drop cross body: 139cmBone rope cross body strapOptional antiqued brass chain strapLarge Kurt's Cabana branded patch on the backDuo magnetic snap closure hidden under flapCan fit phones up to 6inchesSmall internal lining pocketMaterial: FabricStyle number: 5826657069","The Mini Kensington Kurt is crafted from a striped pink and orange Terry towelling fabric with bone fringe trim. The antiqued brass eagle head features crystals on the front flap.Arrives with a free Kurt Geiger tote bag (pictured) for a limited time only.14cm (H), 20cm (L), 7cm (D)Strap drop cross body: 139cmBone rope cross body strapOptional antiqued brass chain strapLarge Kurt's Cabana branded patch on the backDuo magnetic snap closure hidden under flapCan fit phones up to 6inchesSmall internal lining pocketMaterial: FabricStyle number: 5826657069",129.00,129.00,https://kg-static-cache.s3.amazonaws.com/catalog/product/cache/thumbnail/2000x2000/5/8/5826657069_20.jpg?v=1&width=800,Women > Bags > Mini,Women > Bags > Mini,18/08/2026,,FALSE,,61,IN STOCK,,,Pink,,,176,TRUE,TRUE,TRUE
Kurt Geiger London,5830875089,5830875089,Kurt Geiger London Mini Vinyl Kensington Bag - Green Stitched Cross Body Bag,https://www.kurtgeiger.com/women/bags/mini/vinyl-mini-kensington-green-combination-other-print-other-kurt-geiger-london-5830875089?utm_source=display&utm_medium=programmatic&utm_campaign=performance&utm_content=rtg,"The Kurt's Cabana Mini Vinyl Kensington bag is crafted from a transparent vinyl fabric with a green stitched trim. There is a watercolour style floral printed satin scarf wrapped around the top handle.13cm (H), 19cm (L), 5.5cm (D)Strap drop cross body: 96cmNeon green leather strapDuo magnetic snap closure hidden under flapCan fit phones up to 7 inchesOuter: VinylInterior: UnlinedStyle number: 5830875089","The Kurt's Cabana Mini Vinyl Kensington bag is crafted from a transparent vinyl fabric with a green stitched trim. There is a watercolour style floral printed satin scarf wrapped around the top handle.13cm (H), 19cm (L), 5.5cm (D)Strap drop cross body: 96cmNeon green leather strapDuo magnetic snap closure hidden under flapCan fit phones up to 7 inchesOuter: VinylInterior: UnlinedStyle number: 5830875089",189.00,189.00,https://kg-static-cache.s3.amazonaws.com/catalog/product/cache/thumbnail/2000x2000/5/8/5830875089_20.jpg?v=1&width=800,Women > Bags > Mini,Women > Bags > Mini,18/08/2026,,FALSE,,37,IN STOCK,,,Green,,,214,TRUE,TRUE,FALSE
Kurt Geiger London,7387500109,7387500109,Kurt Geiger London Women's Cross Body Bag Black Kensington Drench,https://www.kurtgeiger.com/women/bags/crossbody-bags/kensington-bag-drench-black-leather-kurt-geiger-london?utm_source=display&utm_medium=programmatic&utm_campaign=performance&utm_content=rtg,"The Kensington Drench Bag is crafted from a soft lambskin leather with signature parquet padded overstitch quilt with three rows of weave pattern. The black metal Eagle head features jet black crystals and black crystal eyes on the front flap.&nbsp;17cm (H), 26cm (L), 8cm (D)Strap drop cross body: 111cmStrap drop shoulder: 64cmBlack metal chain strap with two padded leather insertsDuo magnetic snap closure hidden under flapSilver foil embossed logo on the backCan fit phones up to 7 inchesTwo interior compartments with small internal lining pocketOuter: Lambskin leatherInterior: Monogrammed interior liningStyle number: 7387500109","The Kensington Drench Bag is crafted from a soft lambskin leather with signature parquet padded overstitch quilt with three rows of weave pattern. The black metal Eagle head features jet black crystals and black crystal eyes on the front flap.&nbsp;17cm (H), 26cm (L), 8cm (D)Strap drop cross body: 111cmStrap drop shoulder: 64cmBlack metal chain strap with two padded leather insertsDuo magnetic snap closure hidden under flapSilver foil embossed logo on the backCan fit phones up to 7 inchesTwo interior compartments with small internal lining pocketOuter: Lambskin leatherInterior: Monogrammed interior liningStyle number: 7387500109",259.00,259.00,https://kg-static-cache.s3.amazonaws.com/catalog/product/cache/thumbnail/2000x2000/7/3/7387500109_20.jpg?v=1&width=800,Women > Bags > Crossbody-bags,Women > Bags > Crossbody-bags,18/08/2026,,TRUE,,544,IN STOCK,,,Black,,,10,TRUE,TRUE,FALSE
Kurt Geiger London,5842954219,5842954219,Kurt Geiger Women's Shoulder Bag Wine Suede Leather Oxford,https://www.kurtgeiger.com/women/bags/shoulder-bags/glasto-fringe-shoulder-wine-suede-leather-kurt-geiger-london-5842954219?utm_source=display&utm_medium=programmatic&utm_campaign=performance&utm_content=rtg,"This Oxford Fringe Shoulder Bag is crafted from a soft wine suede leather. There are silver studs and red crystals across the front of the bag with western stitching. The edges of the bag are lines with statement crystal embellished fringe.15cm (H), 23cm (L), 3cm (D)Strap length: 125cmStrap length shoulder: 51cm&nbsp;Antiqued brass eagle head on the front flapCan fit phones up to 6inchesMagnetic snap closures under front flapGold foil embossed branding on the backMaterial: Suede leatherStyle number: 5842954219","This Oxford Fringe Shoulder Bag is crafted from a soft wine suede leather. There are silver studs and red crystals across the front of the bag with western stitching. The edges of the bag are lines with statement crystal embellished fringe.15cm (H), 23cm (L), 3cm (D)Strap length: 125cmStrap length shoulder: 51cm&nbsp;Antiqued brass eagle head on the front flapCan fit phones up to 6inchesMagnetic snap closures under front flapGold foil embossed branding on the backMaterial: Suede leatherStyle number: 5842954219",269.00,269.00,https://kg-static-cache.s3.amazonaws.com/catalog/product/cache/thumbnail/2000x2000/5/8/5842954219_20.jpg?v=1&width=800,Women > Bags > Shoulder-bags,Women > Bags > Shoulder-bags,18/08/2026,,FALSE,,49,IN STOCK,,,Red,,,198,TRUE,TRUE,FALSE
Kurt Geiger London,5847483999,5847483999,Kurt Geiger London Jelly Kensington Crystal Bag - Blue Translucent Shoulder Bag,https://www.kurtgeiger.com/women/bags/shoulder-bags/jelly-kensington-crystals-pale-blue-others-kurt-geiger-london-5847483999?utm_source=display&utm_medium=programmatic&utm_campaign=performance&utm_content=rtg,"This Kensington Shoulder Jelly Bag is crafted from a semi-translucent blue jelly fabric with glitter and quilted design. There is a blue eagle head on the front flap.14cm (H), 26cm (L), 8cm (D)Strap length:127cmStrap shoulder: 60cmMagnetic snap closure under flapTwo optional shoulder and cross body strapsCan fit phones up to 6inchesMaterial: SyntheticStyle number: 5847483999","This Kensington Shoulder Jelly Bag is crafted from a semi-translucent blue jelly fabric with glitter and quilted design. There is a blue eagle head on the front flap.14cm (H), 26cm (L), 8cm (D)Strap length:127cmStrap shoulder: 60cmMagnetic snap closure under flapTwo optional shoulder and cross body strapsCan fit phones up to 6inchesMaterial: SyntheticStyle number: 5847483999",199.00,199.00,https://kg-static-cache.s3.amazonaws.com/catalog/product/cache/thumbnail/2000x2000/5/8/5847483999_20.jpg?v=1&width=800,Women > Bags > Shoulder-bags,Women > Bags > Shoulder-bags,18/08/2026,,FALSE,,75,IN STOCK,,,Blue,,,152,TRUE,TRUE,FALSE
Kurt Geiger London,5018170609,5018170609,Kurt Geiger London Mini Fabric Kensington Bag - Green Crystal Cross Body Bag,https://www.kurtgeiger.com/women/bags/mini/fabric-mini-kensington-green-fabric-kurt-geiger-london-5018170609?utm_source=display&utm_medium=programmatic&utm_campaign=performance&utm_content=rtg,"The Fabric Mini Kensington bag is crafted from a metallic green fabric with green crystal embellishment. The gold eagle head features rainbow crystals and black bead eyes on the front flap.&nbsp;14cm (H), 20cm (L), 6cm (D)Strap drop cross body: 120cmStrap drop shoulder: 70cmGold shiny chain strapDuo magnetic snap closure hidden under flapGold metal branded plate on the backCan fit phones up to 7 inchesSmall internal lining pocketPlease take extra care when styling this piece with delicate fabricsOuter: FabricInterior: Monogrammed interior liningStyle number: 5018170609","The Fabric Mini Kensington bag is crafted from a metallic green fabric with green crystal embellishment. The gold eagle head features rainbow crystals and black bead eyes on the front flap.&nbsp;14cm (H), 20cm (L), 6cm (D)Strap drop cross body: 120cmStrap drop shoulder: 70cmGold shiny chain strapDuo magnetic snap closure hidden under flapGold metal branded plate on the backCan fit phones up to 7 inchesSmall internal lining pocketPlease take extra care when styling this piece with delicate fabricsOuter: FabricInterior: Monogrammed interior liningStyle number: 5018170609",169.00,169.00,https://kg-static-cache.s3.amazonaws.com/catalog/product/cache/thumbnail/2000x2000/5/0/5018170609_20.jpg?v=1&width=800,Women > Bags > Mini,Women > Bags > Mini,18/08/2026,,FALSE,,77,IN STOCK,,,Green,,,143,TRUE,TRUE,FALSE
Kurt Geiger London,5021530209,5021530209,Kurt Geiger Women's Shoulder Bag Brown Suede Leather Kensington,https://www.kurtgeiger.com/women/bags/crossbody-bags/leather-kensington-bag-brown-suede-kurt-geiger-london-5021530209?utm_source=display&utm_medium=programmatic&utm_campaign=performance&utm_content=rtg,"The Leather Kensington Bag is crafted from a soft brown suede leather. The antiqued brass eagle head features crystals and black crystal eyes on the front flap.17cm (H), 26cm (L), 8cm (D)Strap drop cross body: 111cmStrap drop shoulder: 64cmAntiqued brass chain strap with two padded leather insertsDuo magnetic snap closure hidden under flapAntiqued brass branded metal plate on the backCan fit phones up to 7 inchesTwo interior compartments with small internal lining pocketMaterial: SuedeStyle number:&nbsp;5021530209","The Leather Kensington Bag is crafted from a soft brown suede leather. The antiqued brass eagle head features crystals and black crystal eyes on the front flap.17cm (H), 26cm (L), 8cm (D)Strap drop cross body: 111cmStrap drop shoulder: 64cmAntiqued brass chain strap with two padded leather insertsDuo magnetic snap closure hidden under flapAntiqued brass branded metal plate on the backCan fit phones up to 7 inchesTwo interior compartments with small internal lining pocketMaterial: SuedeStyle number:&nbsp;5021530209",259.00,259.00,https://kg-static-cache.s3.amazonaws.com/catalog/product/cache/thumbnail/2000x2000/5/0/5021530209_20.jpg?v=1&width=800,Women > Bags > Crossbody-bags,Women > Bags > Crossbody-bags,18/08/2026,,FALSE,,58,IN STOCK,,,Brown,,,183,TRUE,TRUE,FALSE
Kurt Geiger London,6151839689,6151839689,Kurt Geiger Women's Cross Body Bag Brown Other Fabric Kensington,https://www.kurtgeiger.com/women/bags/mini/mini-kensington-bag-brown-other-fabric-other-print-kurt-geiger-london-6151839689?utm_source=display&utm_medium=programmatic&utm_campaign=performance&utm_content=rtg,"This Mini Kensington bag is crafted from a paisley printed brown fabric with pebble grain silver western style embellishments. The antiqued brass eagle head wears a cowboy hat on the front flap.14cm (H), 20cm (L), 6cm (D)Strap drop cross body: 120cmStrap drop shoulder: 70cmAntiqued silver chain strapDuo magnetic snap closure hidden under flapAntiqued silver branded plate on the back&nbsp;Can fit phones up to 7 inchesSmall internal lining pock etMaterial: FabricInterior: Monogrammed interior liningStyle number: 6151839689","This Mini Kensington bag is crafted from a paisley printed brown fabric with pebble grain silver western style embellishments. The antiqued brass eagle head wears a cowboy hat on the front flap.14cm (H), 20cm (L), 6cm (D)Strap drop cross body: 120cmStrap drop shoulder: 70cmAntiqued silver chain strapDuo magnetic snap closure hidden under flapAntiqued silver branded plate on the back&nbsp;Can fit phones up to 7 inchesSmall internal lining pock etMaterial: FabricInterior: Monogrammed interior liningStyle number: 6151839689",229.00,229.00,https://kg-static-cache.s3.amazonaws.com/catalog/product/cache/thumbnail/2000x2000/6/1/6151839689_20.jpg?v=1&width=800,Women > Bags > Mini,Women > Bags > Mini,18/08/2026,,FALSE,,79,IN STOCK,,,Brown,,,139,TRUE,TRUE,FALSE
Kurt Geiger London,1470400109,1470400109,Kurt Geiger London Leather Kensington Bag - Black Quilted Leather Kensington Bag,https://www.kurtgeiger.com/women/bags/shoulder-bags/leather-kensington-x-bag-black-leather-kurt-geiger-london?utm_source=display&utm_medium=programmatic&utm_campaign=performance&utm_content=rtg,"The Leather Kensington Bag is crafted from soft lambskin leather combining both weave and chevron patterns. The antiqued brass Eagle head features opaque brass crystals and black crystal eyes on the front flap.17cm (H), 26cm (L), 8cm (D)Strap drop cross body: 111cmStrap drop shoulder: 64cmAntiqued brass chain strap with two padded leather insertsDuo magnetic snap closure hidden under flapGold foil embossed logo on the backCan fit phones up to 7 inchesTwo interior compartments with small internal lining pocketOuter: Lambskin leatherInterior: Monogrammed interior liningStyle number:&nbsp;1470400109","The Leather Kensington Bag is crafted from soft lambskin leather combining both weave and chevron patterns. The antiqued brass Eagle head features opaque brass crystals and black crystal eyes on the front flap.17cm (H), 26cm (L), 8cm (D)Strap drop cross body: 111cmStrap drop shoulder: 64cmAntiqued brass chain strap with two padded leather insertsDuo magnetic snap closure hidden under flapGold foil embossed logo on the backCan fit phones up to 7 inchesTwo interior compartments with small internal lining pocketOuter: Lambskin leatherInterior: Monogrammed interior liningStyle number:&nbsp;1470400109",259.00,259.00,https://kg-static-cache.s3.amazonaws.com/catalog/product/cache/thumbnail/2000x2000/1/4/1470400109_20.jpg?v=1&width=800,Women > Bags > Shoulder-bags,Women > Bags > Shoulder-bags,18/08/2026,,TRUE,,228,IN STOCK,,,Black,,,38,TRUE,TRUE,FALSE
Kurt Geiger London,5374831109,5374831109,Kurt Geiger Women's Shoulder Bag Brown Leather Pimlico,https://www.kurtgeiger.com/women/bags/shoulder-bags/pimlico-bag-dark-brown-leather-kurt-geiger-london-5374831109?utm_source=display&utm_medium=programmatic&utm_campaign=performance&utm_content=rtg,"This Pimlico Bag is crafted from a soft brown grained leather with overstitch quilting detail. There is a large brown leather plate with antiqued brass crystal trim and eagle head on the closure.14cm (H), 26cm (L), 8cm (D)Strap length: 66cmAntiqued brass shoulder strap with leather padded insertsFlat open pocket on the back&nbsp;Antiqued brass branded plate on the backCan fit phones up to 6inchesMaterial: LeatherStyle number: 5374831109","This Pimlico Bag is crafted from a soft brown grained leather with overstitch quilting detail. There is a large brown leather plate with antiqued brass crystal trim and eagle head on the closure.14cm (H), 26cm (L), 8cm (D)Strap length: 66cmAntiqued brass shoulder strap with leather padded insertsFlat open pocket on the back&nbsp;Antiqued brass branded plate on the backCan fit phones up to 6inchesMaterial: LeatherStyle number: 5374831109",299.00,299.00,https://kg-static-cache.s3.amazonaws.com/catalog/product/cache/thumbnail/2000x2000/5/3/5374831109_20.jpg?v=1&width=800,Women > Bags > Shoulder-bags,Women > Bags > Shoulder-bags,18/08/2026,,FALSE,,113,IN STOCK,,,Brown,,,94,TRUE,TRUE,FALSE
Kurt Geiger London,5574091999,5574091999,Kurt Geiger Women's Cross Body Bag Orange Vinyl Micro Kensington,https://www.kurtgeiger.com/women/bags/crossbody-bags/micro-kensington-vinyl-orange-others-kurt-geiger-london-5574091999?utm_source=display&utm_medium=programmatic&utm_campaign=performance&utm_content=rtg,"The Micro Kensington Bag features an orange vinyl exterior with overstitch quilting combining both weave patterns. The orange eagle head features crystals and black bead eyes on the front flap.&nbsp;7cm (H), 10cm (L), 2cm (D)Strap drop cross body: 123cmAntiqued brass chain strapTwo pop closures under the front flapAntiqued brass branded plate on the backCan fit classic credit cardsOuter: Leather alternativeInterior: Monogrammed interior liningStyle number:&nbsp;5574091999","The Micro Kensington Bag features an orange vinyl exterior with overstitch quilting combining both weave patterns. The orange eagle head features crystals and black bead eyes on the front flap.&nbsp;7cm (H), 10cm (L), 2cm (D)Strap drop cross body: 123cmAntiqued brass chain strapTwo pop closures under the front flapAntiqued brass branded plate on the backCan fit classic credit cardsOuter: Leather alternativeInterior: Monogrammed interior liningStyle number:&nbsp;5574091999",79.00,79.00,https://kg-static-cache.s3.amazonaws.com/catalog/product/cache/thumbnail/2000x2000/5/5/5574091999_20.jpg?v=1&width=800,Women > Bags > Crossbody-bags,Women > Bags > Crossbody-bags,18/08/2026,,FALSE,,72,IN STOCK,,,Orange,,,159,TRUE,TRUE,FALSE
Kurt Geiger London,5576896999,5576896999,Kurt Geiger Women's Cross Body Bag Peach Other Fabric Raffia Kensington,https://www.kurtgeiger.com/women/bags/mini/raffia-mini-kensington-peach-others-kurt-geiger-london-5576896999?utm_source=display&utm_medium=programmatic&utm_campaign=performance&utm_content=rtg,"This Mini Raffia Kensington bag is crafted from a peach raffia fabric with overstitch quilting. The front is embellished with yellow beaded flowers. The gold eagle head has crystals on the front flap.&nbsp;14cm (H), 20cm (L), 6cm (D)Strap drop cross body: 120cmStrap drop shoulder: 70cmGold metal chain strapDuo magnetic snap closure hidden under flapGold branded plate on the back&nbsp;Can fit phones up to 7 inchesSmall internal lining pocketOuter: RaffiaInterior: Monogrammed interior liningStyle number: 5576896999","This Mini Raffia Kensington bag is crafted from a peach raffia fabric with overstitch quilting. The front is embellished with yellow beaded flowers. The gold eagle head has crystals on the front flap.&nbsp;14cm (H), 20cm (L), 6cm (D)Strap drop cross body: 120cmStrap drop shoulder: 70cmGold metal chain strapDuo magnetic snap closure hidden under flapGold branded plate on the back&nbsp;Can fit phones up to 7 inchesSmall internal lining pocketOuter: RaffiaInterior: Monogrammed interior liningStyle number: 5576896999",89.00,89.00,https://kg-static-cache.s3.amazonaws.com/catalog/product/cache/thumbnail/2000x2000/5/5/5576896999_20.jpg?v=1&width=800,Women > Bags > Mini,Women > Bags > Mini,18/08/2026,,FALSE,,42,IN STOCK,,,Peach,,,205,TRUE,TRUE,TRUE
Kurt Geiger London,5602199609,5602199609,Kurt Geiger London Kurt Zip Around W - Ombre Zip Around Wallet,https://www.kurtgeiger.com/women/bags/wallets/kurt-zip-around-w-other-fabric-kurt-geiger-london-5602199609?utm_source=display&utm_medium=programmatic&utm_campaign=performance&utm_content=rtg,"The Kensington Kurt Zip Around Wallet is crafted from an ombre blue and orange canvas fabric. There is &nbsp;orange transparent KURT branding across the front of the purse.10cm (H), 19.5cm (L), 2cm (D)Antiqued brass branded metal zip with leather pull tabGold foil embossed logo on the interiorCan fit up to eight classic cardsMaterial: FabricStyle number: 5602199609","The Kensington Kurt Zip Around Wallet is crafted from an ombre blue and orange canvas fabric. There is &nbsp;orange transparent KURT branding across the front of the purse.10cm (H), 19.5cm (L), 2cm (D)Antiqued brass branded metal zip with leather pull tabGold foil embossed logo on the interiorCan fit up to eight classic cardsMaterial: FabricStyle number: 5602199609",39.00,39.00,https://kg-static-cache.s3.amazonaws.com/catalog/product/cache/thumbnail/2000x2000/5/6/5602199609_20.jpg?v=1&width=800,Women > Bags > Wallets,Women > Bags > Wallets,18/08/2026,,FALSE,,106,IN STOCK,,,,,,101,TRUE,TRUE,TRUE
Kurt Geiger London,5828799339,5828799339,Kurt Geiger Women's Tote Bag Other Canvas Kurt Large,https://www.kurtgeiger.com/women/bags/tote-bags/kc-kurt-lg-shopper-other-canvas-kurt-geiger-london-5828799339?utm_source=display&utm_medium=programmatic&utm_campaign=performance&utm_content=rtg,"This Kurt's Cabana Large Shopper is crafted from a blue striped canvas with cursive embroidered branding detail on the front and branded patch on the back. There is a tab on the top handles with an antiqued brass eagle head sat on it.&nbsp;Arrives with a free Kurt Geiger tote bag (pictured) for a limited time only.39cm (H), 37cm (L), 18cm (D)Strap length: 63cmCan fit laptops up to 14inchesMaterial: CanvasStyle number: 5828799339","This Kurt's Cabana Large Shopper is crafted from a blue striped canvas with cursive embroidered branding detail on the front and branded patch on the back. There is a tab on the top handles with an antiqued brass eagle head sat on it.&nbsp;Arrives with a free Kurt Geiger tote bag (pictured) for a limited time only.39cm (H), 37cm (L), 18cm (D)Strap length: 63cmCan fit laptops up to 14inchesMaterial: CanvasStyle number: 5828799339",79.00,79.00,https://kg-static-cache.s3.amazonaws.com/catalog/product/cache/thumbnail/2000x2000/5/8/5828799339_20.jpg?v=1&width=800,Women > Bags > Tote-bags,Women > Bags > Tote-bags,18/08/2026,,FALSE,,194,IN STOCK,,,,,,45,TRUE,TRUE,TRUE
Kurt Geiger London,5842973219,5842973219,Kurt Geiger Women's Cross Body Bag Pale Green Suede Leather Oxford Shoulder,https://www.kurtgeiger.com/women/bags/crossbody-bags/glasto-fringe-shoulder-pale-green-suede-leather-kurt-geiger-london-5842973219?utm_source=display&utm_medium=programmatic&utm_campaign=performance&utm_content=rtg,"This Oxford Fringe Shoulder Bag is crafted from a soft pale green suede leather. There are silver studs and green crystals across the front of the bag with western stitching. The edges of the bag are lines with statement crystal embellished fringe.15cm (H), 23cm (L), 3cm (D)Strap length: 125cmStrap length shoulder: 51cm&nbsp;Antiqued brass eagle head on the front flapCan fit phones up to 6inchesMagnetic snap closures under front flapGold foil embossed branding on the backMaterial: Suede leatherStyle number: 5842973219","This Oxford Fringe Shoulder Bag is crafted from a soft pale green suede leather. There are silver studs and green crystals across the front of the bag with western stitching. The edges of the bag are lines with statement crystal embellished fringe.15cm (H), 23cm (L), 3cm (D)Strap length: 125cmStrap length shoulder: 51cm&nbsp;Antiqued brass eagle head on the front flapCan fit phones up to 6inchesMagnetic snap closures under front flapGold foil embossed branding on the backMaterial: Suede leatherStyle number: 5842973219",269.00,269.00,https://kg-static-cache.s3.amazonaws.com/catalog/product/cache/thumbnail/2000x2000/5/8/5842973219_20.jpg?v=1&width=800,Women > Bags > Crossbody-bags,Women > Bags > Crossbody-bags,18/08/2026,,FALSE,,56,IN STOCK,,,Green,,,187,TRUE,TRUE,FALSE
Kurt Geiger London,5963933209,5963933209,Kurt Geiger Women's Shoulder Bag Tan suede Leather Kensington,https://www.kurtgeiger.com/women/bags/crossbody-bags/kensington-east-west-kurt-tan-suede-kurt-geiger-london-5963933209?utm_source=display&utm_medium=programmatic&utm_campaign=performance&utm_content=rtg,"This Kensington East West Kurt bag features a large antiqued brass eagle head with crystals sat on the quilted front flap. There is an antiqued brass KURT branding detail on the base of the bag.13cm (H), 30cm (L), 8cm (D)Strap length: 65cmCan fit phones up to 6inchesGold foil branding detail on the backMaterial: SuedeStyle number: 5963933209","This Kensington East West Kurt bag features a large antiqued brass eagle head with crystals sat on the quilted front flap. There is an antiqued brass KURT branding detail on the base of the bag.13cm (H), 30cm (L), 8cm (D)Strap length: 65cmCan fit phones up to 6inchesGold foil branding detail on the backMaterial: SuedeStyle number: 5963933209",269.00,269.00,https://kg-static-cache.s3.amazonaws.com/catalog/product/cache/thumbnail/2000x2000/5/9/5963933209_20.jpg?v=1&width=800,Women > Bags > Crossbody-bags,Women > Bags > Crossbody-bags,18/08/2026,,FALSE,,72,IN STOCK,,,Tan,,,160,TRUE,TRUE,FALSE
Kurt Geiger London,5964900109,5964900109,Kurt Geiger Women's Shoulder Bag Black Leather Kensington,https://www.kurtgeiger.com/women/bags/shoulder-bags/kensington-sm-barrel-dr-black-leather-kurt-geiger-london-5964900109?utm_source=display&utm_medium=programmatic&utm_campaign=performance&utm_content=rtg,"This Small Kensington Barrel bag is a shoulder bag crafted from a black leather with overstitch quilting. There is a black eagle head on the front of the bag.&nbsp;9cm (H), 21cm (L), 9cm (D)Strap length: 65cmBlack leather shoulder strapZip top closureBranded plate on the backCan fit phones up to 6inchesMaterial: LeatherStyle number: 5964900109","This Small Kensington Barrel bag is a shoulder bag crafted from a black leather with overstitch quilting. There is a black eagle head on the front of the bag.&nbsp;9cm (H), 21cm (L), 9cm (D)Strap length: 65cmBlack leather shoulder strapZip top closureBranded plate on the backCan fit phones up to 6inchesMaterial: LeatherStyle number: 5964900109",169.00,169.00,https://kg-static-cache.s3.amazonaws.com/catalog/product/cache/thumbnail/2000x2000/5/9/5964900109_20.jpg?v=1&width=800,Women > Bags > Shoulder-bags,Women > Bags > Shoulder-bags,18/08/2026,,FALSE,,77,IN STOCK,,,Black,,,144,TRUE,TRUE,FALSE
Kurt Geiger London,5965200239,5965200239,Kurt Geiger London Sloane Eastwest Shoulder Bag - SLOANE EASTWEST SHOULDER,https://www.kurtgeiger.com/women/bags/sloane-eastwest-shoulder-black-suede-patent-kurt-geiger-london-5965200239?utm_source=display&utm_medium=programmatic&utm_campaign=performance&utm_content=rtg,"This East West Sloane Shoulder Purse is crafted from a white leather with soft structure. There is a crystal embellished eagle head on the front of the bag above a chain detail with cursive branded charm.4.3in (H), 11.4in (L), 4.7in (D)Strap length: 26.3inFour antiqued brass feetZip top closureCan fit phones up to 6inchesMaterial: SuedeStyle number: 5965210109","This East West Sloane Shoulder Purse is crafted from a white leather with soft structure. There is a crystal embellished eagle head on the front of the bag above a chain detail with cursive branded charm.4.3in (H), 11.4in (L), 4.7in (D)Strap length: 26.3inFour antiqued brass feetZip top closureCan fit phones up to 6inchesMaterial: SuedeStyle number: 5965210109",249.00,249.00,https://kg-static-cache.s3.amazonaws.com/catalog/product/cache/thumbnail/2000x2000/5/9/5965200239_20.jpg?v=1&width=800,Women > Bags,Women > Bags,18/08/2026,,FALSE,,80,IN STOCK,,,Black,,,136,TRUE,TRUE,FALSE
Kurt Geiger London,5965030209,5965030209,Kurt Geiger Women's Shoulder Bag Brown Suede Barrel,https://www.kurtgeiger.com/women/bags/shoulder-bags/kensington-barrel-brown-suede-kurt-geiger-london-5965030209?utm_source=display&utm_medium=programmatic&utm_campaign=performance&utm_content=rtg,"This Kensington Barrel is crafted from a brown suede leather with overstitch quilting detail across the bag. There is an antiqued brass eagle head sat on the front of the bag.14cm (H), 35cm, 14cm (D)Strap length: 66cmCan fit phones up to 6inchesZip top closureAntiqued brass branded plate on the backMaterial: LeatherStyle number: 5965030209","This Kensington Barrel is crafted from a brown suede leather with overstitch quilting detail across the bag. There is an antiqued brass eagle head sat on the front of the bag.14cm (H), 35cm, 14cm (D)Strap length: 66cmCan fit phones up to 6inchesZip top closureAntiqued brass branded plate on the backMaterial: LeatherStyle number: 5965030209",289.00,289.00,https://kg-static-cache.s3.amazonaws.com/catalog/product/cache/thumbnail/2000x2000/5/9/5965030209_20.jpg?v=1&width=800,Women > Bags > Shoulder-bags,Women > Bags > Shoulder-bags,18/08/2026,,FALSE,,131,IN STOCK,,,Brown,,,74,TRUE,TRUE,FALSE
Kurt Geiger London,5586631019,5586631019,Kurt Geiger Women's Shoulder Bag Dark Brown Leather Kurt,https://www.kurtgeiger.com/women/bags/shoulder-bags/kurt-sling-dark-brown-leather-other-kurt-geiger-london-5586631019?utm_source=display&utm_medium=programmatic&utm_campaign=performance&utm_content=rtg,"This Kurt Shoulder Bag is crafted from a dark brown crinkled leather with overstitch quilting. There is an antiqued silver eagle head sat on the front of the bag above gold foil branding.&nbsp;12cm (H), 23cm (L), 8cm (D)Strap length: 43cmAntiqued silver Kurt branding on the top handle&nbsp;Can fit phones up to 6inchesMaterial: LeatherStyle number: 5586631019","This Kurt Shoulder Bag is crafted from a dark brown crinkled leather with overstitch quilting. There is an antiqued silver eagle head sat on the front of the bag above gold foil branding.&nbsp;12cm (H), 23cm (L), 8cm (D)Strap length: 43cmAntiqued silver Kurt branding on the top handle&nbsp;Can fit phones up to 6inchesMaterial: LeatherStyle number: 5586631019",149.00,149.00,https://kg-static-cache.s3.amazonaws.com/catalog/product/cache/thumbnail/2000x2000/5/5/5586631019_20.jpg?v=1&width=800,Women > Bags > Shoulder-bags,Women > Bags > Shoulder-bags,18/08/2026,,FALSE,,181,IN STOCK,,,Brown,,,55,TRUE,TRUE,FALSE
Kurt Geiger London,6081551609,6081551609,Kurt Geiger Women's Cross Body Bag Dark Red Fabric Kensington,https://www.kurtgeiger.com/women/bags/micro/micro-kensington-beads-red-dark-fabric-kurt-geiger-london-6081551609?utm_source=display&utm_medium=programmatic&utm_campaign=performance&utm_content=rtg,"The Micro Kensington Beaded Bag is crafted from a deep red 3D embossed satin fabric with a statement blue beaded strap with red knotted thread. An antiqued brass eagle head sits on the front flap.7cm (H), 10cm (L), 2cm (D)Strap drop cross body: 123cmAntiqued brass chain strapTwo snap closures hidden under flapAntiqued brass branded plate on the backCan fit classic credit cardsOuter: SatinInterior: Monogrammed interior liningStyle number: 6081551609","The Micro Kensington Beaded Bag is crafted from a deep red 3D embossed satin fabric with a statement blue beaded strap with red knotted thread. An antiqued brass eagle head sits on the front flap.7cm (H), 10cm (L), 2cm (D)Strap drop cross body: 123cmAntiqued brass chain strapTwo snap closures hidden under flapAntiqued brass branded plate on the backCan fit classic credit cardsOuter: SatinInterior: Monogrammed interior liningStyle number: 6081551609",99.00,99.00,https://kg-static-cache.s3.amazonaws.com/catalog/product/cache/thumbnail/2000x2000/6/0/6081551609_20.jpg?v=1&width=800,Women > Bags > Micro,Women > Bags > Micro,18/08/2026,,FALSE,,70,IN STOCK,,,Red,,,162,TRUE,TRUE,FALSE
Kurt Geiger London,6220305999,6220305999,Kurt Geiger Women's Scarf Black Combination Other Check,https://www.kurtgeiger.com/women/bags/check-fringe-scarf-black-combination-others-kurt-geiger-london-6220305999?utm_source=display&utm_medium=programmatic&utm_campaign=performance&utm_content=rtg,"Introducing the Check Fringe Scarf. Crafted from a super soft fabric with tartan design, the edges are trimmed with fringe and a rainbow branded patch.Material: FabricStyle number: 6220305999","Introducing the Check Fringe Scarf. Crafted from a super soft fabric with tartan design, the edges are trimmed with fringe and a rainbow branded patch.Material: FabricStyle number: 6220305999",69.00,69.00,https://kg-static-cache.s3.amazonaws.com/catalog/product/cache/thumbnail/2000x2000/6/2/6220305999_20.jpg?v=1&width=800,Women > Bags,Women > Bags,18/08/2026,,FALSE,,103,IN STOCK,,,Black,,,106,TRUE,TRUE,FALSE
Kurt Geiger London,5580950019,5580950019,Kurt Geiger Women's Cross Body Bag Red Leather Kensington,https://www.kurtgeiger.com/women/bags/crossbody-bags/kensington-17-red-leather-other-kurt-geiger-london-5580950019?utm_source=display&utm_medium=programmatic&utm_campaign=performance&utm_content=rtg,"This Kensington 17 bag is crafted from a deep red leather with overstitch quilting on the front. There is an antiqued silver eagle head sat on the front flap.10cm (H), 17cm (L), 5cm (D)Strap length: 65cmAntiqued silver metal chain cross body strapTwo magnetic snap closures under front flapAntiqued brass branded plate on the backMaterial: FabricStyle number: 5580950019","This Kensington 17 bag is crafted from a deep red leather with overstitch quilting on the front. There is an antiqued silver eagle head sat on the front flap.10cm (H), 17cm (L), 5cm (D)Strap length: 65cmAntiqued silver metal chain cross body strapTwo magnetic snap closures under front flapAntiqued brass branded plate on the backMaterial: FabricStyle number: 5580950019",169.00,169.00,https://kg-static-cache.s3.amazonaws.com/catalog/product/cache/thumbnail/2000x2000/5/5/5580950019_20.jpg?v=1&width=800,Women > Bags > Crossbody-bags,Women > Bags > Crossbody-bags,18/08/2026,,FALSE,,103,IN STOCK,,,Red,,,107,TRUE,TRUE,FALSE
Kurt Geiger London,9102961109,9102961109,Kurt Geiger London Women's Clutch Bag Gold Leather Crystal Kensington,https://www.kurtgeiger.com/women/bags/clutches/crystal-kensington-clutch-gold-leather-kurt-geiger-london-9102961109?utm_source=display&utm_medium=programmatic&utm_campaign=performance&utm_content=rtg,"The Crystal Kensington Clutch is made from a gold leather. The gold Eagle head features crystals and clear bead eyes on the clasp.&nbsp;12cm (H), 20cm (L), 3cm (D)Strap drop: 122cmOptional gold chain strapGold foil embossed logo on the insideCan fit phones up to 7 inchesOuter: LeatherStyle number: 9102961109","The Crystal Kensington Clutch is made from a gold leather. The gold Eagle head features crystals and clear bead eyes on the clasp.&nbsp;12cm (H), 20cm (L), 3cm (D)Strap drop: 122cmOptional gold chain strapGold foil embossed logo on the insideCan fit phones up to 7 inchesOuter: LeatherStyle number: 9102961109",159.00,159.00,https://kg-static-cache.s3.amazonaws.com/catalog/product/cache/thumbnail/2000x2000/9/1/9102961109_20.jpg?v=1&width=800,Women > Bags > Clutches,Women > Bags > Clutches,18/08/2026,,FALSE,,228,IN STOCK,,,Metallic,,,39,TRUE,TRUE,FALSE
Kurt Geiger London,5586661109,5586661109,Kurt Geiger Women's Shoulder Bag Gold Leather Shoulder Bag,https://www.kurtgeiger.com/women/bags/mini/kurt-mini-shoulder-bag-gold-leather-kurt-geiger-london-5586661109?utm_source=display&utm_medium=programmatic&utm_campaign=performance&utm_content=rtg,"This Mini Kurt Shoulder Bag is crafted from a gold leather. There is an gold crystal eagle head sat on the front of the bag above gold foil branding.&nbsp;12cm (H), 23cm (L), 8cm (D)Strap length: 43cmGold Kurt branding on the top handle&nbsp;Can fit phones up to 6inchesMaterial: LeatherStyle number: 5586661109","This Mini Kurt Shoulder Bag is crafted from a gold leather. There is an gold crystal eagle head sat on the front of the bag above gold foil branding.&nbsp;12cm (H), 23cm (L), 8cm (D)Strap length: 43cmGold Kurt branding on the top handle&nbsp;Can fit phones up to 6inchesMaterial: LeatherStyle number: 5586661109",149.00,149.00,https://kg-static-cache.s3.amazonaws.com/catalog/product/cache/thumbnail/2000x2000/5/5/5586661109_20.jpg?v=1&width=800,Women > Bags > Mini,Women > Bags > Mini,18/08/2026,,TRUE,,432,IN STOCK,,,Metallic,,,13,TRUE,TRUE,FALSE
Kurt Geiger London,5586695109,5586695109,Kurt Geiger Women's Shoulder Bag Lilac Leather Kurt,https://www.kurtgeiger.com/women/bags/mini/kurt-mini-shoulder-bag-lilac-leather-kurt-geiger-london-5586695109?utm_source=display&utm_medium=programmatic&utm_campaign=performance&utm_content=rtg,"This Mini Kurt Shoulder Bag is crafted from a lilac smooth leather. There is an antiqued brass eagle head sat on the front of the bag.12cm (H), 23cm (L), 8cm (D)Strap length: 43cmAntiqued brass Kurt branding on the top handle&nbsp;Antiqued brass branded plate on the backCan fit phones up to 6inchesMaterial: LeatherStyle number: 5586695109","This Mini Kurt Shoulder Bag is crafted from a lilac smooth leather. There is an antiqued brass eagle head sat on the front of the bag.12cm (H), 23cm (L), 8cm (D)Strap length: 43cmAntiqued brass Kurt branding on the top handle&nbsp;Antiqued brass branded plate on the backCan fit phones up to 6inchesMaterial: LeatherStyle number: 5586695109",79.00,79.00,https://kg-static-cache.s3.amazonaws.com/catalog/product/cache/thumbnail/2000x2000/5/5/5586695109_20.jpg?v=1&width=800,Women > Bags > Mini,Women > Bags > Mini,18/08/2026,,FALSE,,35,IN STOCK,,,Purple,,,218,TRUE,TRUE,TRUE
Kurt Geiger London,4373598109,4373598109,Kurt Geiger Women's Cross Body Bag Pink Leather Kensington Flower,https://www.kurtgeiger.com/women/bags/crossbody-bags/md-kensington-flower-pink-leather-kurt-geiger-london-4373598109?utm_source=display&utm_medium=programmatic&utm_campaign=performance&utm_content=rtg,"The Medium Kensington purse is crafted from a pink leather. The front flap is embellished with 3D crystal flowers and a pink eagle head with crystals.15.5cm (H), 22cm (L), 7cm (D)Strap drop cross body: 120cmPink metal chain cross body strapDuo magnetic snap closure hidden under flapPink branded plate on the backCan fit phones up to 7 inchesSmall internal lining pocketPlease take extra care when styling this piece with delicate fabricsOuter: LeatherInterior: Monogrammed interior liningStyle number:&nbsp;4373598109","The Medium Kensington purse is crafted from a pink leather. The front flap is embellished with 3D crystal flowers and a pink eagle head with crystals.15.5cm (H), 22cm (L), 7cm (D)Strap drop cross body: 120cmPink metal chain cross body strapDuo magnetic snap closure hidden under flapPink branded plate on the backCan fit phones up to 7 inchesSmall internal lining pocketPlease take extra care when styling this piece with delicate fabricsOuter: LeatherInterior: Monogrammed interior liningStyle number:&nbsp;4373598109",129.00,129.00,https://kg-static-cache.s3.amazonaws.com/catalog/product/cache/thumbnail/2000x2000/4/3/4373598109_20.jpg?v=1&width=800,Women > Bags > Crossbody-bags,Women > Bags > Crossbody-bags,18/08/2026,,FALSE,,24,IN STOCK,,,Pink,,,229,TRUE,TRUE,TRUE
Kurt Geiger London,5827299689,5827299689,Kurt Geiger Women's Shoulder Other Fabric Large Hobo Fringe,https://www.kurtgeiger.com/women/bags/shoulder-bags/kc-lg-hobo-fringe-other-fabric-other-print-kurt-geiger-london-5827299689?utm_source=display&utm_medium=programmatic&utm_campaign=performance&utm_content=rtg,"This Kurt's Cabana Large Hobo Fringe bag arrives in a rainbow swirl printed canvas fabric that is embroidered with raffia Kurt's Cabana branding on the front of the bag.. There is statement bone fabric fringe surrounding the edges.Arrives with a free Kurt Geiger tote bag (pictured) for a limited time only.28cm (H), 48cm (L), 2cm (D)Strap length: 38cmZip closureCan fit phones up to 6inchesMaterial: FabricStyle number: 5827299689","This Kurt's Cabana Large Hobo Fringe bag arrives in a rainbow swirl printed canvas fabric that is embroidered with raffia Kurt's Cabana branding on the front of the bag.. There is statement bone fabric fringe surrounding the edges.Arrives with a free Kurt Geiger tote bag (pictured) for a limited time only.28cm (H), 48cm (L), 2cm (D)Strap length: 38cmZip closureCan fit phones up to 6inchesMaterial: FabricStyle number: 5827299689",169.00,169.00,https://kg-static-cache.s3.amazonaws.com/catalog/product/cache/thumbnail/2000x2000/5/8/5827299689_20.jpg?v=1&width=800,Women > Bags > Shoulder-bags,Women > Bags > Shoulder-bags,18/08/2026,,FALSE,,9,IN STOCK,,,,,,253,TRUE,TRUE,TRUE
Kurt Geiger London,7146369109,7146369109,Kurt Geiger London Women's Cross Body Bag Multi Stripe Heart Kensington,https://www.kurtgeiger.com/women/bags/mini/kensington-heart-x-body-multiother-leather-kurt-geiger-london?utm_source=display&utm_medium=programmatic&utm_campaign=performance&utm_content=rtg,"The Kensington Heart Bag is crafted from a metallic laminated pebble grain cow leather in the iconic diagonal rainbow sewn stripe pattern. The antiqued silver Eagle head features rainbow coloured crystals and black bead eyes on the front.15cm (H), 17cm (L), 5.5cm (D)Strap drop cross body: 130cmAntiqued silver chain strapDuo magnetic snap closure hidden under flapAntiqued silver branded plate on the backOuter: Pebble grain cow leatherInterior: Monogrammed interior liningStyle number: 7146369109","The Kensington Heart Bag is crafted from a metallic laminated pebble grain cow leather in the iconic diagonal rainbow sewn stripe pattern. The antiqued silver Eagle head features rainbow coloured crystals and black bead eyes on the front.15cm (H), 17cm (L), 5.5cm (D)Strap drop cross body: 130cmAntiqued silver chain strapDuo magnetic snap closure hidden under flapAntiqued silver branded plate on the backOuter: Pebble grain cow leatherInterior: Monogrammed interior liningStyle number: 7146369109",169.00,169.00,https://kg-static-cache.s3.amazonaws.com/catalog/product/cache/thumbnail/2000x2000/7/1/7146369109_20.jpg?v=1&width=800,Women > Bags > Mini,Women > Bags > Mini,18/08/2026,,FALSE,,11,IN STOCK,,,Multi-Coloured,,,250,TRUE,TRUE,FALSE
Kurt Geiger London,7376600109,7376600109,Kurt Geiger London Women's Cross Body Bag Black Mini Kensington Drench,https://www.kurtgeiger.com/women/bags/mini/mini-kensington-drench-black-leather-kurt-geiger-london?utm_source=display&utm_medium=programmatic&utm_campaign=performance&utm_content=rtg,"The Mini Kensington Drench Bag is crafted from a soft lambskin leather with signature parquet padded overstitch quilt with three rows of weave pattern. The black metal Eagle head features jet black crystals and black crystal eyes on the front flap.&nbsp;14cm (H), 20cm (L), 6cm (D)Strap drop cross body: 120cmStrap drop shoulder: 70cmBlack metal chain strapDuo magnetic snap closure hidden under flapSilver foil embossed logo on the backCan fit phones up to 7 inchesSmall internal lining pocketOuter: Lambskin leatherInterior: Monogrammed interior liningStyle number:&nbsp;7376600109","The Mini Kensington Drench Bag is crafted from a soft lambskin leather with signature parquet padded overstitch quilt with three rows of weave pattern. The black metal Eagle head features jet black crystals and black crystal eyes on the front flap.&nbsp;14cm (H), 20cm (L), 6cm (D)Strap drop cross body: 120cmStrap drop shoulder: 70cmBlack metal chain strapDuo magnetic snap closure hidden under flapSilver foil embossed logo on the backCan fit phones up to 7 inchesSmall internal lining pocketOuter: Lambskin leatherInterior: Monogrammed interior liningStyle number:&nbsp;7376600109",189.00,189.00,https://kg-static-cache.s3.amazonaws.com/catalog/product/cache/thumbnail/2000x2000/7/3/7376600109_20.jpg?v=1&width=800,Women > Bags > Mini,Women > Bags > Mini,18/08/2026,,TRUE,,1160,IN STOCK,,,Black,,,5,TRUE,TRUE,FALSE
Kurt Geiger London,5851743019,5851743019,Kurt Geiger Women's Shoulder Bag Beige Combination Leather Kensington,https://www.kurtgeiger.com/women/bags/crossbody-bags/kensington-xbody-beige-combination-leather-other-kurt-geiger-london-5851743019?utm_source=display&utm_medium=programmatic&utm_campaign=performance&utm_content=rtg,"This Celia Shoulder Bag is crafted from a soft beige crinkled leather. There is a subtle overstitch quilting in both weave and chevron patterns across the bag and an antiqued brass eagle head on the front flap.&nbsp;17cm (H), 26cm (L), 8cm (D)Strap length: 53cmBeige leather shoulder strapAntiqued brass chain strap detailCan fit phones up to 6inchesGold foil embossed branding on the backMaterial: LeatherStyle number: 5851743019","This Celia Shoulder Bag is crafted from a soft beige crinkled leather. There is a subtle overstitch quilting in both weave and chevron patterns across the bag and an antiqued brass eagle head on the front flap.&nbsp;17cm (H), 26cm (L), 8cm (D)Strap length: 53cmBeige leather shoulder strapAntiqued brass chain strap detailCan fit phones up to 6inchesGold foil embossed branding on the backMaterial: LeatherStyle number: 5851743019",299.00,299.00,https://kg-static-cache.s3.amazonaws.com/catalog/product/cache/thumbnail/2000x2000/5/8/5851743019_20.jpg?v=1&width=800,Women > Bags > Crossbody-bags,Women > Bags > Crossbody-bags,18/08/2026,,FALSE,,116,IN STOCK,,,Nude,,,91,TRUE,TRUE,FALSE
Kurt Geiger London,5579270609,5579270609,Kurt Geiger Women's Shoulder Bag Fabric Green,https://www.kurtgeiger.com/women/bags/shoulder-bags/pickle-shoulder-bag-green-fabric-kurt-geiger-london-5579270609?utm_source=display&utm_medium=programmatic&utm_campaign=performance&utm_content=rtg,"This Pickle Shoulder Bag is crafted from a metallic green fabric that is green crystals. There is a gold metal eagle head with crystals sat on the front flap.10cm (H), 20cm (L), 6cm (D)Strap length cross body: 128cmStrap length shoulder: 55cmWith two removable straps, this bag can be worn in multiple ways including as a wristlet, across the body, on the shoulder and as a clutchOptional leather cross body strapMagnetic flap closure under the flapZip closureCan fit phones up to 7inchesMaterial: FabricStyle number: 5579270609","This Pickle Shoulder Bag is crafted from a metallic green fabric that is green crystals. There is a gold metal eagle head with crystals sat on the front flap.10cm (H), 20cm (L), 6cm (D)Strap length cross body: 128cmStrap length shoulder: 55cmWith two removable straps, this bag can be worn in multiple ways including as a wristlet, across the body, on the shoulder and as a clutchOptional leather cross body strapMagnetic flap closure under the flapZip closureCan fit phones up to 7inchesMaterial: FabricStyle number: 5579270609",149.00,149.00,https://kg-static-cache.s3.amazonaws.com/catalog/product/cache/thumbnail/2000x2000/5/5/5579270609_20.jpg?v=1&width=800,Women > Bags > Shoulder-bags,Women > Bags > Shoulder-bags,18/08/2026,,FALSE,,36,IN STOCK,,,Green,,,215,TRUE,TRUE,FALSE
Kurt Geiger London,5049749129,5049749129,Kurt Geiger Women's Shoulder Bag Beige Other Leather Suede Chelsea,https://www.kurtgeiger.com/women/bags/chelsea-lg-slouch-hobo-beige-other-leather-suede-kurt-geiger-london-5049749129?utm_source=display&utm_medium=programmatic&utm_campaign=performance&utm_content=rtg,"This Large Slouch Hobo is crafted from a patchwork style neutral leather. There is an antiqued brass oval trim with eagle head on the front of the bag,35cm (H), 50cm (L), 37cm (D)Strap length: 35cmCan fit laptops up to 14inchesInterior zipped pocketMaterial: Leather / SuedeStyle number: 5049749129","This Large Slouch Hobo is crafted from a patchwork style neutral leather. There is an antiqued brass oval trim with eagle head on the front of the bag,35cm (H), 50cm (L), 37cm (D)Strap length: 35cmCan fit laptops up to 14inchesInterior zipped pocketMaterial: Leather / SuedeStyle number: 5049749129",279.00,279.00,https://kg-static-cache.s3.amazonaws.com/catalog/product/cache/thumbnail/2000x2000/5/0/5049749129_20.jpg?v=1&width=800,Women > Bags,Women > Bags,18/08/2026,,FALSE,,61,IN STOCK,,,Nude,,,177,TRUE,TRUE,FALSE
Kurt Geiger London,5049754209,5049754209,Kurt Geiger Women's Tote Bag Wine Suede Chelsea,https://www.kurtgeiger.com/women/bags/shoulder-bags/chelsea-lg-slouch-hobo-wine-suede-kurt-geiger-london-5049754209?utm_source=display&utm_medium=programmatic&utm_campaign=performance&utm_content=rtg,"This Large Chelsea Slouch Hobo bag is a slouchy oversized tote bag that sits on the shoulder. The bag is crafted from a deep wine suede leather with an antiqued brass oval trim with crystal eagle head at the centre sits on the front of the bag.38cm (H), 50cm (L), 49cm (D)Strap length: 30cmCan fit laptops up to 14inchesUnlinedMaterial: Suede leatherStyle number: 5049754209","This Large Chelsea Slouch Hobo bag is a slouchy oversized tote bag that sits on the shoulder. The bag is crafted from a deep wine suede leather with an antiqued brass oval trim with crystal eagle head at the centre sits on the front of the bag.38cm (H), 50cm (L), 49cm (D)Strap length: 30cmCan fit laptops up to 14inchesUnlinedMaterial: Suede leatherStyle number: 5049754209",249.00,249.00,https://kg-static-cache.s3.amazonaws.com/catalog/product/cache/thumbnail/2000x2000/5/0/5049754209_20.jpg?v=1&width=800,Women > Bags > Shoulder-bags,Women > Bags > Shoulder-bags,18/08/2026,,FALSE,,287,IN STOCK,,,Red,,,30,TRUE,TRUE,FALSE
Kurt Geiger London,6063831029,6063831029,Kurt Geiger Women's Tote Bag Dark Brown Suede Other Chelsea,https://www.kurtgeiger.com/women/bags/shoulder-bags/chelsea-sm-slouch-hobo-dark-brown-suede-other-kurt-geiger-london-6063831029?utm_source=display&utm_medium=programmatic&utm_campaign=performance&utm_content=rtg,"This Small Chelsea Slouch Hobo bag is crafted from a chic brown suede leather. The front of the bag is accented with an antiqued brass oval trimmed eagle head.19cm (H), 20cm (L), 9cm (D)Strap length: 25mMagnetic snap closureCan fit phones up to 6inchesUnlined interior&nbsp;Material: SuedeStyle number: 6063831029","This Small Chelsea Slouch Hobo bag is crafted from a chic brown suede leather. The front of the bag is accented with an antiqued brass oval trimmed eagle head.19cm (H), 20cm (L), 9cm (D)Strap length: 25mMagnetic snap closureCan fit phones up to 6inchesUnlined interior&nbsp;Material: SuedeStyle number: 6063831029",169.00,169.00,https://kg-static-cache.s3.amazonaws.com/catalog/product/cache/thumbnail/2000x2000/6/0/6063831029_20.jpg?v=1&width=800,Women > Bags > Shoulder-bags,Women > Bags > Shoulder-bags,18/08/2026,,FALSE,,293,IN STOCK,,,Brown,,,27,TRUE,TRUE,FALSE
Kurt Geiger London,6290254249,6290254249,Kurt Geiger London Kensington Frame Bag - Wine Croc Embossed Suede Shoulder Bag,https://www.kurtgeiger.com/women/bags/shoulder-bags/kensington-frame-bag-wine-suede-croc-print-kurt-geiger-london-6290254249?utm_source=display&utm_medium=programmatic&utm_campaign=performance&utm_content=rtg,"This Kensington Frame Bag is crafted from a soft wine croc embossed suede leather. A large antiqued brass eagle head sits on the front of the bag complimenting the antiqued brass structured 'kiss lock' closure.13cm (H), 31cm (L), 10cm (D)Strap length: 59cmSingular suede shoulder strapTextured wine fabric interior liningCan fit phones up to 6inchesMaterial: SuedeStyle number: 6290254249","This Kensington Frame Bag is crafted from a soft wine croc embossed suede leather. A large antiqued brass eagle head sits on the front of the bag complimenting the antiqued brass structured 'kiss lock' closure.13cm (H), 31cm (L), 10cm (D)Strap length: 59cmSingular suede shoulder strapTextured wine fabric interior liningCan fit phones up to 6inchesMaterial: SuedeStyle number: 6290254249",229.00,229.00,https://kg-static-cache.s3.amazonaws.com/catalog/product/cache/thumbnail/2000x2000/6/2/6290254249_20.jpg?v=1&width=800,Women > Bags > Shoulder-bags,Women > Bags > Shoulder-bags,18/08/2026,,FALSE,,151,IN STOCK,,,Red,,,67,TRUE,TRUE,FALSE
Kurt Geiger London,5585339999,5585339999,Kurt Geiger Women's Tote Bag Brown Other Other Jelly Small,https://www.kurtgeiger.com/women/bags/tote-bags/jelly-sm-tote-bag-brown-other-others-kurt-geiger-london-5585339999?utm_source=display&utm_medium=programmatic&utm_campaign=performance&utm_content=rtg,"This Small Jelly Tote Bag is crafted from a tortoiseshell perspex fabric with hatched cut outs and debased branding on the front of the bag. There are two structured top handles, one with a luxe red satin scarf and metallic gold luggage tag.20cm (H), 27cm (L), 12cm (D)Strap length: 128cmTop handle drop: 10cmSatin sequin interior printed pouch with drawstring tieCan fit phones up to 6inchesMaterial: SyntheticStyle number: &nbsp;5585339999","This Small Jelly Tote Bag is crafted from a tortoiseshell perspex fabric with hatched cut outs and debased branding on the front of the bag. There are two structured top handles, one with a luxe red satin scarf and metallic gold luggage tag.20cm (H), 27cm (L), 12cm (D)Strap length: 128cmTop handle drop: 10cmSatin sequin interior printed pouch with drawstring tieCan fit phones up to 6inchesMaterial: SyntheticStyle number: &nbsp;5585339999",199.00,199.00,https://kg-static-cache.s3.eu-west-1.amazonaws.com/catalog/product/cache/thumbnail/343x343/5/5/5585339999_20.jpg?v=1&width=800,Women > Bags > Tote-bags,Women > Bags > Tote-bags,18/08/2026,,FALSE,,110,IN STOCK,,,Brown,,,98,TRUE,TRUE,FALSE
Kurt Geiger London,2051265609,2051265609,Kurt Geiger Women's Cross Body Bag Metal Combination Fabric Kensington,https://www.kurtgeiger.com/women/bags/mini/fabric-mini-kensington-l-metal-combination-fabric-kurt-geiger-london-2051265609?utm_source=display&utm_medium=programmatic&utm_campaign=performance&utm_content=rtg,"The Fabric Mini Kensington bag is crafted from satin with a striped pattern that is embellished with corresponding crystals. The shiny brass eagle head &nbsp;features crystals and sits on the front flap.&nbsp;14cm (H), 20cm (L), 6cm (D)Strap drop cross body: 120cmStrap drop shoulder: 70cmShiny metal chain strapDuo magnetic snap closure hidden under flapShiny brass branded plate on the backCan fit phones up to 7 inchesSmall internal lining pocketPlease take extra care when styling this piece with delicate fabricsOuter: FabricInterior: Monogrammed interior liningStyle number:&nbsp;2051265609","The Fabric Mini Kensington bag is crafted from satin with a striped pattern that is embellished with corresponding crystals. The shiny brass eagle head &nbsp;features crystals and sits on the front flap.&nbsp;14cm (H), 20cm (L), 6cm (D)Strap drop cross body: 120cmStrap drop shoulder: 70cmShiny metal chain strapDuo magnetic snap closure hidden under flapShiny brass branded plate on the backCan fit phones up to 7 inchesSmall internal lining pocketPlease take extra care when styling this piece with delicate fabricsOuter: FabricInterior: Monogrammed interior liningStyle number:&nbsp;2051265609",169.00,169.00,https://kg-static-cache.s3.amazonaws.com/catalog/product/cache/thumbnail/2000x2000/2/0/2051265609_20.jpg?v=1&width=800,Women > Bags > Mini,Women > Bags > Mini,18/08/2026,,TRUE,,566,IN STOCK,,,Metallic,,,9,TRUE,TRUE,FALSE
Kurt Geiger London,5266800149,5266800149,Kurt Geiger Women' Cross Body Bag Leather Chelsea,https://www.kurtgeiger.com/women/bags/shoulder-bags/chelsea-eastw-bag-black-leather-croc-print-kurt-geiger-london-5266800149?utm_source=display&utm_medium=programmatic&utm_campaign=performance&utm_content=rtg,"This Chelsea East West Bag is crafted from a black leather with large croc embossed print. There is a crystal embellished antiqued brass oval trim with eagle head at the centre sat on the front flap. Style with the leather strap or optional brass chain for effortless crossbody-to-shoulder versatility.15cm (H), 26cm (L), 6cm (D)Strap length: 126cmStrap length short: 47cmCan fit phones up to 6inchesTwo magnetic snap pop closures under the flapOpen flat pocket on the backMaterial: LeatherStyle number: 5266800149","This Chelsea East West Bag is crafted from a black leather with large croc embossed print. There is a crystal embellished antiqued brass oval trim with eagle head at the centre sat on the front flap. Style with the leather strap or optional brass chain for effortless crossbody-to-shoulder versatility.15cm (H), 26cm (L), 6cm (D)Strap length: 126cmStrap length short: 47cmCan fit phones up to 6inchesTwo magnetic snap pop closures under the flapOpen flat pocket on the backMaterial: LeatherStyle number: 5266800149",319.00,319.00,https://kg-static-cache.s3.amazonaws.com/catalog/product/cache/thumbnail/2000x2000/5/2/5266800149_20.jpg?v=1&width=800,Women > Bags > Shoulder-bags,Women > Bags > Shoulder-bags,18/08/2026,,FALSE,,164,IN STOCK,,,Black,,,60,TRUE,TRUE,FALSE
Kurt Geiger London,5579400109,5579400109,Kurt Geiger Women's Shoulder Bag Black Drench Pickle,https://www.kurtgeiger.com/women/bags/crossbody-bags/pickle-shoulder-bag-dr-black-leather-kurt-geiger-london-5579400109?utm_source=display&utm_medium=programmatic&utm_campaign=performance&utm_content=rtg,"This Pickle Drench Shoulder Bag is crafted from a soft black lambskin leather with three rows of overstitch quilting. There is a black metal eagle head with crystals sat on the front flap.10cm (H), 20cm (L), 6cm (D)Strap length cross body: 128cmStrap length shoulder: 55cmWith two removable straps, this bag can be worn in multiple ways including as a wristlet, across the body, on the shoulder and as a clutchMagnetic flap closure under the flapCan fit phones up to 7inchesMaterial: LeatherStyle number: 5579400109","This Pickle Drench Shoulder Bag is crafted from a soft black lambskin leather with three rows of overstitch quilting. There is a black metal eagle head with crystals sat on the front flap.10cm (H), 20cm (L), 6cm (D)Strap length cross body: 128cmStrap length shoulder: 55cmWith two removable straps, this bag can be worn in multiple ways including as a wristlet, across the body, on the shoulder and as a clutchMagnetic flap closure under the flapCan fit phones up to 7inchesMaterial: LeatherStyle number: 5579400109",159.00,159.00,https://kg-static-cache.s3.amazonaws.com/catalog/product/cache/thumbnail/2000x2000/5/5/5579400109_20.jpg?v=1&width=800,Women > Bags > Crossbody-bags,Women > Bags > Crossbody-bags,18/08/2026,,TRUE,,210,IN STOCK,,,Black,,,42,TRUE,TRUE,FALSE
Kurt Geiger London,5266833109,5266833109,Kurt Geiger London Chelsea East West Bag - Tan Leather East West Bag,https://www.kurtgeiger.com/women/bags/crossbody-bags/chelsea-eastw-bag-tan-leather-kurt-geiger-london-5266833109?utm_source=display&utm_medium=programmatic&utm_campaign=performance&utm_content=rtg,"This Chelsea East West Bag is crafted from a tan suede leather. There is a crystal embellished antiqued brass oval trim with eagle head at the centre sat on the front flap. Style with the leather strap or optional brass chain for effortless crossbody-to-shoulder versatility.15cm (H), 26cm (L), 6cm (D)Strap length: 126cmStrap length short: 47cmCan fit phones up to 6inchesTwo magnetic snap pop closures under the flapOpen flat pocket on the backMaterial: LeatherStyle number: 5266833109","This Chelsea East West Bag is crafted from a tan suede leather. There is a crystal embellished antiqued brass oval trim with eagle head at the centre sat on the front flap. Style with the leather strap or optional brass chain for effortless crossbody-to-shoulder versatility.15cm (H), 26cm (L), 6cm (D)Strap length: 126cmStrap length short: 47cmCan fit phones up to 6inchesTwo magnetic snap pop closures under the flapOpen flat pocket on the backMaterial: LeatherStyle number: 5266833109",319.00,319.00,https://kg-static-cache.s3.amazonaws.com/catalog/product/cache/thumbnail/2000x2000/5/2/5266833109_20.jpg?v=1&width=800,Women > Bags > Crossbody-bags,Women > Bags > Crossbody-bags,18/08/2026,,TRUE,,51,IN STOCK,,,Tan,,,193,TRUE,TRUE,FALSE
Kurt Geiger London,5829386689,5829386689,Kurt Geiger London Mini Kensington Flower Bag - Blue Pale Combination Fabric Other Kensington,https://www.kurtgeiger.com/women/bags/mini/mini-kensington-flower-blue-pale-combination-fabric-other-print-kurt-geiger-london-5829386689?utm_source=display&utm_medium=programmatic&utm_campaign=performance&utm_content=rtg,"The Fabric Mini Kensington bag is crafted from a blue gingham fabric with clear crystals. The front flap is accented with 3D sequin flowers and a gold eagle head with crystals on the front flap.&nbsp;14cm (H), 20cm (L), 6cm (D)Strap drop cross body: 120cmStrap drop shoulder: 70cmGold shiny chain strapDuo magnetic snap closure hidden under flapGold metal branded plate on the backCan fit phones up to 7 inchesSmall internal lining pocketPlease take extra care when styling this piece with delicate fabricsOuter: FabricInterior: Monogrammed interior liningStyle number: 5829386689","The Fabric Mini Kensington bag is crafted from a blue gingham fabric with clear crystals. The front flap is accented with 3D sequin flowers and a gold eagle head with crystals on the front flap.&nbsp;14cm (H), 20cm (L), 6cm (D)Strap drop cross body: 120cmStrap drop shoulder: 70cmGold shiny chain strapDuo magnetic snap closure hidden under flapGold metal branded plate on the backCan fit phones up to 7 inchesSmall internal lining pocketPlease take extra care when styling this piece with delicate fabricsOuter: FabricInterior: Monogrammed interior liningStyle number: 5829386689",199.00,199.00,https://kg-static-cache.s3.amazonaws.com/catalog/product/cache/thumbnail/2000x2000/5/8/5829386689_20.jpg?v=1&width=800,Women > Bags > Mini,Women > Bags > Mini,18/08/2026,,TRUE,,78,IN STOCK,,,Blue,,,140,TRUE,TRUE,FALSE
Kurt Geiger London,6062454209,6062454209,Kurt Geiger London Kensington Eastwest Kurt Scarf - Wine Suede Shoulder Bag,https://www.kurtgeiger.com/women/bags/shoulder-bags/kensington-ew-kurt-scarf-wine-suede-kurt-geiger-london-6062454209?utm_source=display&utm_medium=programmatic&utm_campaign=performance&utm_content=rtg,"This Kensington East West Scarf Bag is crafted from a deep wine suede leather with overstitch quilting. A luxe satin scarf in a green chain printed fabric is woven through the antiqued brass chain shoulder strap.12cm (H), 30cm (L), 8cm (D)Strap length: 63cmCan fit phones up 6inchesAntiqued brass KURT branding on the bottomMagnetic snap closures under front flapMaterial: SuedeStyle number: 6062454209","This Kensington East West Scarf Bag is crafted from a deep wine suede leather with overstitch quilting. A luxe satin scarf in a green chain printed fabric is woven through the antiqued brass chain shoulder strap.12cm (H), 30cm (L), 8cm (D)Strap length: 63cmCan fit phones up 6inchesAntiqued brass KURT branding on the bottomMagnetic snap closures under front flapMaterial: SuedeStyle number: 6062454209",279.00,279.00,https://kg-static-cache.s3.amazonaws.com/catalog/product/cache/thumbnail/2000x2000/6/0/6062454209_20.jpg?v=1&width=800,Women > Bags > Shoulder-bags,Women > Bags > Shoulder-bags,18/08/2026,,FALSE,,185,IN STOCK,,,Red,,,50,TRUE,TRUE,FALSE
Kurt Geiger London,6063800069,6063800069,Kurt Geiger London Chelsea Small Slouch Hobo - Black Crystal Hobo Bag,https://www.kurtgeiger.com/women/bags/shoulder-bags/chelsea-sm-slouch-hobo-black-fabric-other-kurt-geiger-london-6063800069?utm_source=display&utm_medium=programmatic&utm_campaign=performance&utm_content=rtg,"This Small Chelsea Slouch Hobo bag is crafted from a black metallic fabric with crystal fishnet over the top. The front of the bag is accented with a black oval trimmed eagle head.19cm (H), 20cm (L), 9cm (D)Strap length: 25mMagnetic snap closureCan fit phones up to 6inchesUnlined interior&nbsp;Material: SuedeStyle number: 6063800069","This Small Chelsea Slouch Hobo bag is crafted from a black metallic fabric with crystal fishnet over the top. The front of the bag is accented with a black oval trimmed eagle head.19cm (H), 20cm (L), 9cm (D)Strap length: 25mMagnetic snap closureCan fit phones up to 6inchesUnlined interior&nbsp;Material: SuedeStyle number: 6063800069",159.00,159.00,https://kg-static-cache.s3.amazonaws.com/catalog/product/cache/thumbnail/2000x2000/6/0/6063800069_20.jpg?v=1&width=800,Women > Bags > Shoulder-bags,Women > Bags > Shoulder-bags,18/08/2026,,FALSE,,290,IN STOCK,,,Black,,,29,TRUE,TRUE,FALSE
Kurt Geiger London,6153870249,6153870249,Kurt Geiger London Kensington Frame Bag - Green Suede Croc Embossed Bag,https://www.kurtgeiger.com/women/bags/shoulder-bags/kensington-frame-bag-green-suede-croc-print-kurt-geiger-london-6153870249?utm_source=display&utm_medium=programmatic&utm_campaign=performance&utm_content=rtg,"This Kensington Frame Bag is crafted from a soft green croc embossed suede leather. A large crystal embellished gold eagle head sits on the front of the bag complimenting the gold structured 'kiss lock' closure.13cm (H), 31cm (L), 10cm (D)Strap length: 59cmSingular suede shoulder strapTextured fuchsia fabric interior liningCan fit phones up to 6inchesMaterial: SuedeStyle number: 6153870249","This Kensington Frame Bag is crafted from a soft green croc embossed suede leather. A large crystal embellished gold eagle head sits on the front of the bag complimenting the gold structured 'kiss lock' closure.13cm (H), 31cm (L), 10cm (D)Strap length: 59cmSingular suede shoulder strapTextured fuchsia fabric interior liningCan fit phones up to 6inchesMaterial: SuedeStyle number: 6153870249",229.00,229.00,https://kg-static-cache.s3.amazonaws.com/catalog/product/cache/thumbnail/2000x2000/6/1/6153870249_20.jpg?v=1&width=800,Women > Bags > Shoulder-bags,Women > Bags > Shoulder-bags,18/08/2026,,FALSE,,122,IN STOCK,,,Green,,,87,TRUE,TRUE,FALSE
Kurt Geiger London,6317831019,6317831019,Kurt Geiger Women's Purse Dark Brown Leather Other Multi Card Celia,https://www.kurtgeiger.com/women/bags/wallets/multi-card-celia-dark-brown-leather-other-kurt-geiger-london-6317831019?utm_source=display&utm_medium=programmatic&utm_campaign=performance&utm_content=rtg,"This Multi Card Celia arrives in a dark brown leather with overstitch quilting. There is a simple pop snap closure topped with an antiqued silver eagle head.8cm (H), 11cm (L), 1cm (D)Space for eight credit cardsSilver foil branding on the insideMaterial: LeatherStyle number: 6317831019","This Multi Card Celia arrives in a dark brown leather with overstitch quilting. There is a simple pop snap closure topped with an antiqued silver eagle head.8cm (H), 11cm (L), 1cm (D)Space for eight credit cardsSilver foil branding on the insideMaterial: LeatherStyle number: 6317831019",69.00,69.00,https://kg-static-cache.s3.amazonaws.com/catalog/product/cache/thumbnail/2000x2000/6/3/6317831019_20.jpg?v=1&width=800,Women > Bags > Wallets,Women > Bags > Wallets,18/08/2026,,FALSE,,88,IN STOCK,,,Brown,,,126,TRUE,TRUE,FALSE
Kurt Geiger London,9095700109,9095700109,Kurt Geiger London Wallet Leather Soft,https://www.kurtgeiger.com/women/bags/wallets/leather-soft-wallet-black-leather-kurt-geiger-london-9095700109?utm_source=display&utm_medium=programmatic&utm_campaign=performance&utm_content=rtg,"The Leather Soft Wallet is crafted from a soft lambskin leather with signature parquet padded overstitch quilt with three rows of weave pattern.&nbsp;The black Eagle head features hematite crystals and black bead eyes on the front flap.9cm (H), 11.5cm (L), 1cm (D)Single press stud closureSilver foil embossed branding on the interiorCan fit up to six classic cardsOuter: Lambskin leatherInterior: PU&nbsp;Style number:&nbsp;9095700109","The Leather Soft Wallet is crafted from a soft lambskin leather with signature parquet padded overstitch quilt with three rows of weave pattern.&nbsp;The black Eagle head features hematite crystals and black bead eyes on the front flap.9cm (H), 11.5cm (L), 1cm (D)Single press stud closureSilver foil embossed branding on the interiorCan fit up to six classic cardsOuter: Lambskin leatherInterior: PU&nbsp;Style number:&nbsp;9095700109",89.00,89.00,https://kg-static-cache.s3.amazonaws.com/catalog/product/cache/thumbnail/2000x2000/9/0/9095700109_20.jpg?v=1&width=800,Women > Bags > Wallets,Women > Bags > Wallets,18/08/2026,,FALSE,,213,IN STOCK,,,Black,,,40,TRUE,TRUE,FALSE
Kurt Geiger London,0648400109,0648400109,Kurt Geiger London Women's Purse Black Leather Kensington Chain,https://www.kurtgeiger.com/women/bags/wallets/kensington-chain-wallet-d-black-leather-kurt-geiger-london-0648400109?utm_source=display&utm_medium=programmatic&utm_campaign=performance&utm_content=rtg,"The Kensington Chain Wallet is crafted from a soft lambskin leather with signature parquet padded overstitch quilt with three rows of weave pattern.&nbsp;The black eagle head features crystals on the front flap.&nbsp;12.5cm (H), 19.5cm (L), 2.5cm (D)Strap drop: 60cm&nbsp;Black metal chain strapDuo press stud closure under flapBlack branded plate on the backCan fit up to six classic cardsInternal zipped pocketOuter: Lambskin leatherInterior: LeatherStyle number: 0648400109","The Kensington Chain Wallet is crafted from a soft lambskin leather with signature parquet padded overstitch quilt with three rows of weave pattern.&nbsp;The black eagle head features crystals on the front flap.&nbsp;12.5cm (H), 19.5cm (L), 2.5cm (D)Strap drop: 60cm&nbsp;Black metal chain strapDuo press stud closure under flapBlack branded plate on the backCan fit up to six classic cardsInternal zipped pocketOuter: Lambskin leatherInterior: LeatherStyle number: 0648400109",149.00,149.00,https://kg-static-cache.s3.amazonaws.com/catalog/product/cache/thumbnail/2000x2000/0/6/0648400109_20.jpg?v=1&width=800,Women > Bags,Women > Bags,18/08/2026,,FALSE,,112,IN STOCK,,,Black,,,96,TRUE,TRUE,FALSE
Kurt Geiger London,5034010979,5034010979,Kurt Geiger Women's Cross Body bag White Micro Kensington,https://www.kurtgeiger.com/women/bags/crossbody-bags/micro-kensington-kurt-white-synthetic-kurt-geiger-london-5034010979?utm_source=display&utm_medium=programmatic&utm_campaign=performance&utm_content=rtg,"The Micro Kensington Kurt Bag is crafted from a soft white leather alternative with overstitch quilting combining both weave and chevron patterns. There is an antiqued brass 'KURT' across the front flap.7cm (H), 10cm (L), 2cm (D)Strap drop cross body: 123cmAntiqued brass chain strapMagnetic snap closure hidden under flapEmbossed logo on the backCan fit classic credit cardsOuter: Leather alternativeInterior: Monogrammed interior liningStyle number: 5034010979","The Micro Kensington Kurt Bag is crafted from a soft white leather alternative with overstitch quilting combining both weave and chevron patterns. There is an antiqued brass 'KURT' across the front flap.7cm (H), 10cm (L), 2cm (D)Strap drop cross body: 123cmAntiqued brass chain strapMagnetic snap closure hidden under flapEmbossed logo on the backCan fit classic credit cardsOuter: Leather alternativeInterior: Monogrammed interior liningStyle number: 5034010979",89.00,89.00,https://kg-static-cache.s3.amazonaws.com/catalog/product/cache/thumbnail/2000x2000/5/0/5034010979_20.jpg?v=1&width=800,Women > Bags > Crossbody-bags,Women > Bags > Crossbody-bags,18/08/2026,,FALSE,,90,IN STOCK,,,White,,,124,TRUE,TRUE,FALSE
Kurt Geiger London,5579269609,5579269609,Kurt Geiger Women's Shoulder Bag Multi Other Fabric Pickle,https://www.kurtgeiger.com/women/bags/shoulder-bags/pickle-shoulder-bag-multi-other-fabric-kurt-geiger-london-5579269609?utm_source=display&utm_medium=programmatic&utm_campaign=performance&utm_content=rtg,"This Pickle Shoulder Bag is crafted from multiple panels of multi-colour fabric that is embellished with crystals. There is a gold metal eagle head with rainbow crystals sat on the front flap.10cm (H), 20cm (L), 6cm (D)Strap length cross body: 128cmStrap length shoulder: 55cmWith two removable straps, this bag can be worn in multiple ways including as a wristlet, across the body, on the shoulder and as a clutchOptional leather cross body strapMagnetic flap closure under the flapZip closureCan fit phones up to 7inchesMaterial: FabricStyle number: 5579269609","This Pickle Shoulder Bag is crafted from multiple panels of multi-colour fabric that is embellished with crystals. There is a gold metal eagle head with rainbow crystals sat on the front flap.10cm (H), 20cm (L), 6cm (D)Strap length cross body: 128cmStrap length shoulder: 55cmWith two removable straps, this bag can be worn in multiple ways including as a wristlet, across the body, on the shoulder and as a clutchOptional leather cross body strapMagnetic flap closure under the flapZip closureCan fit phones up to 7inchesMaterial: FabricStyle number: 5579269609",149.00,149.00,https://kg-static-cache.s3.amazonaws.com/catalog/product/cache/thumbnail/2000x2000/5/5/5579269609_20.jpg?v=1&width=800,Women > Bags > Shoulder-bags,Women > Bags > Shoulder-bags,18/08/2026,,FALSE,,54,IN STOCK,,,Multi-Coloured,,,190,TRUE,TRUE,FALSE
Kurt Geiger London,5579286669,5579286669,Kurt Geiger Women's Shoulder Bag Blue Pale Combination Pickle Shoulder,https://www.kurtgeiger.com/women/bags/shoulder-bags/pickle-shoulder-bag-blue-pale-combination-denim-kurt-geiger-london-5579286669?utm_source=display&utm_medium=programmatic&utm_campaign=performance&utm_content=rtg,"This Pickle Shoulder Bag is crafted from a blue denim fabric with painted floral design. There is a gold metal eagle head with crystals sat on the front flap.10cm (H), 20cm (L), 6cm (D)Strap length cross body: 128cmStrap length shoulder: 55cmWith two removable straps, this bag can be worn in multiple ways including as a wristlet, across the body, on the shoulder and as a clutchOptional leather cross body strapMagnetic flap closure under the flapZip closureCan fit phones up to 7inchesMaterial: DenimStyle number: 5579286669","This Pickle Shoulder Bag is crafted from a blue denim fabric with painted floral design. There is a gold metal eagle head with crystals sat on the front flap.10cm (H), 20cm (L), 6cm (D)Strap length cross body: 128cmStrap length shoulder: 55cmWith two removable straps, this bag can be worn in multiple ways including as a wristlet, across the body, on the shoulder and as a clutchOptional leather cross body strapMagnetic flap closure under the flapZip closureCan fit phones up to 7inchesMaterial: DenimStyle number: 5579286669",149.00,149.00,https://kg-static-cache.s3.amazonaws.com/catalog/product/cache/thumbnail/2000x2000/5/5/5579286669_20.jpg?v=1&width=800,Women > Bags > Shoulder-bags,Women > Bags > Shoulder-bags,18/08/2026,,FALSE,,74,IN STOCK,,,Blue,,,154,TRUE,TRUE,FALSE
Kurt Geiger London,5849694609,5849694609,Kurt Geiger London Kurt's Cabana Large Shopper Bag - Mustard Shopper Bag,https://www.kurtgeiger.com/women/bags/tote-bags/kc-lg-shopper-mustard-fabric-kurt-geiger-london-5849694609?utm_source=display&utm_medium=programmatic&utm_campaign=performance&utm_content=rtg,"This Kurt's Cabana Large Shopper bag is crafted from a mustard cord fabric with embroidered branding across the front of the bag.&nbsp;Arrives with a free Kurt Geiger tote bag (pictured) for a limited time only.40cm (H), 37cm (L), 20cm (D)Strap length: 66cmFabric luggage tag with antiqued brass eagle head&nbsp;Can fit laptops up to 14inchesMaterial: FabricStyle number: 5849694609","This Kurt's Cabana Large Shopper bag is crafted from a mustard cord fabric with embroidered branding across the front of the bag.&nbsp;Arrives with a free Kurt Geiger tote bag (pictured) for a limited time only.40cm (H), 37cm (L), 20cm (D)Strap length: 66cmFabric luggage tag with antiqued brass eagle head&nbsp;Can fit laptops up to 14inchesMaterial: FabricStyle number: 5849694609",69.00,69.00,https://kg-static-cache.s3.amazonaws.com/catalog/product/cache/thumbnail/2000x2000/5/8/5849694609_20.jpg?v=1&width=800,Women > Bags > Tote-bags,Women > Bags > Tote-bags,18/08/2026,,FALSE,,21,IN STOCK,,,Yellow,,,233,TRUE,TRUE,TRUE
Kurt Geiger London,5849759109,5849759109,Kurt Geiger Women's Cross Body Bag Red Leather London,https://www.kurtgeiger.com/women/bags/london-hobo-xbody-red-other-leather-kurt-geiger-london-5849759109?utm_source=display&utm_medium=programmatic&utm_campaign=performance&utm_content=rtg,"This Sloane Hobo Cross Body Bag is crafted from a red suede. There is a crystal embellished eagle head above gold foil embossed branding on the front.&nbsp;12cm (H), 23cm (L), 7cm (D)Strap length: 126cmStrap length shoulder: 45cmZip top closureRemovable satin scarf charmAntiqued brass chain strapCan fit phones up to 6inchesMaterial: LeatherStyle number: 5849759109","This Sloane Hobo Cross Body Bag is crafted from a red suede. There is a crystal embellished eagle head above gold foil embossed branding on the front.&nbsp;12cm (H), 23cm (L), 7cm (D)Strap length: 126cmStrap length shoulder: 45cmZip top closureRemovable satin scarf charmAntiqued brass chain strapCan fit phones up to 6inchesMaterial: LeatherStyle number: 5849759109",239.00,239.00,https://kg-static-cache.s3.amazonaws.com/catalog/product/cache/thumbnail/2000x2000/5/8/5849759109_20.jpg?v=1&width=800,Women > Bags,Women > Bags,18/08/2026,,FALSE,,76,IN STOCK,,,Red,,,149,TRUE,TRUE,FALSE
Kurt Geiger London,5851754019,5851754019,Kurt Geiger Women's Shoulder Bag Wine Leather Other Celia,https://www.kurtgeiger.com/women/bags/crossbody-bags/kensington-xbody-wine-leather-other-kurt-geiger-london-5851754019?utm_source=display&utm_medium=programmatic&utm_campaign=performance&utm_content=rtg,"This Celia Shoulder Bag is crafted from a wine crinkled leather with subtle overstitch quilting in both weave and chevron designs. There is an antiqued brass eagle head on the front flap.17cm (H), 26cm (L), 8cm (D)Strap length: 53cmWine leather shoulder strapAntiqued brass chain strap detailCan fit phones up to 6inchesGold foil branding on the backMaterial: LeatherStyle number: 5851754019","This Celia Shoulder Bag is crafted from a wine crinkled leather with subtle overstitch quilting in both weave and chevron designs. There is an antiqued brass eagle head on the front flap.17cm (H), 26cm (L), 8cm (D)Strap length: 53cmWine leather shoulder strapAntiqued brass chain strap detailCan fit phones up to 6inchesGold foil branding on the backMaterial: LeatherStyle number: 5851754019",299.00,299.00,https://kg-static-cache.s3.amazonaws.com/catalog/product/cache/thumbnail/2000x2000/5/8/5851754019_20.jpg?v=1&width=800,Women > Bags > Crossbody-bags,Women > Bags > Crossbody-bags,18/08/2026,,FALSE,,81,IN STOCK,,,Red,,,134,TRUE,TRUE,FALSE
Kurt Geiger London,5838859109,5838859109,Kurt Geiger Women's Shoulder Bag Red Other Leather Sloane,https://www.kurtgeiger.com/women/bags/shoulder-bags/sloane-shopper-red-other-leather-kurt-geiger-london-5838859109?utm_source=display&utm_medium=programmatic&utm_campaign=performance&utm_content=rtg,"This Sloane Shopper Bag is crafted from a red leather with soft structure. There is a statement antiqued brass chain with cursive branding &nbsp;charm as well as a small champagne bottle charm.&nbsp;27cm (H), 36cm (L), 18cm (D)Strap length: 68cmCan fit phones up to 6inchesFour antiqued brass feetZip top closureMaterial: LeatherStyle number: 5838859109","This Sloane Shopper Bag is crafted from a red leather with soft structure. There is a statement antiqued brass chain with cursive branding &nbsp;charm as well as a small champagne bottle charm.&nbsp;27cm (H), 36cm (L), 18cm (D)Strap length: 68cmCan fit phones up to 6inchesFour antiqued brass feetZip top closureMaterial: LeatherStyle number: 5838859109",369.00,369.00,https://kg-static-cache.s3.amazonaws.com/catalog/product/cache/thumbnail/2000x2000/5/8/5838859109_20.jpg?v=1&width=800,Women > Bags > Shoulder-bags,Women > Bags > Shoulder-bags,18/08/2026,,FALSE,,102,IN STOCK,,,Red,,,112,TRUE,TRUE,FALSE
Kurt Geiger London,5578833209,5578833209,Kurt Geiger Women's Shoulder Bag Tan Suede Sloane,https://www.kurtgeiger.com/women/bags/shoulder-bags/sloane-soft-shoulder-tan-suede-kurt-geiger-london-5578833209?utm_source=display&utm_medium=programmatic&utm_campaign=performance&utm_content=rtg,"This Soft Sloane Shoulder Bag is crafted from a tan suede leather with soft touch and statement satin scarf detail. There is an antiqued brass eagle head sat on the front flap and gold foil embossed branding on the base.13cm (H), 25cm (L), 8cm (D)Strap lengths shoulder: 60cmTwo optional shoulder strapsInterior zipped pocketCan fit phones up to 7inchesMaterial: Suede leatherStyle number: 5578833209","This Soft Sloane Shoulder Bag is crafted from a tan suede leather with soft touch and statement satin scarf detail. There is an antiqued brass eagle head sat on the front flap and gold foil embossed branding on the base.13cm (H), 25cm (L), 8cm (D)Strap lengths shoulder: 60cmTwo optional shoulder strapsInterior zipped pocketCan fit phones up to 7inchesMaterial: Suede leatherStyle number: 5578833209",299.00,299.00,https://kg-static-cache.s3.amazonaws.com/catalog/product/cache/thumbnail/2000x2000/5/5/5578833209_20.jpg?v=1&width=800,Women > Bags > Shoulder-bags,Women > Bags > Shoulder-bags,18/08/2026,,FALSE,,73,IN STOCK,,,Tan,,,158,TRUE,TRUE,FALSE
Kurt Geiger London,5965086669,5965086669,Kurt Geiger London Kensington Barrel - Blue Denim Paisley Barrel Bag,https://www.kurtgeiger.com/women/bags/shoulder-bags/kensington-barrel-blue-pale-combination-denim-kurt-geiger-london-5965086669?utm_source=display&utm_medium=programmatic&utm_campaign=performance&utm_content=rtg,"This Kensington Barrel is crafted from a blue denim fabric with bleached paisley design and overstitch quilting. There is an antiqued brass eagle head sat on the front of the bag.14cm (H), 35cm, 14cm (D)Strap length: 66cmCan fit phones up to 6inchesZip top closureAntiqued brass branded plate on the backMaterial: DenimStyle number: 5965086669","This Kensington Barrel is crafted from a blue denim fabric with bleached paisley design and overstitch quilting. There is an antiqued brass eagle head sat on the front of the bag.14cm (H), 35cm, 14cm (D)Strap length: 66cmCan fit phones up to 6inchesZip top closureAntiqued brass branded plate on the backMaterial: DenimStyle number: 5965086669",239.00,239.00,https://kg-static-cache.s3.amazonaws.com/catalog/product/cache/thumbnail/2000x2000/5/9/5965086669_20.jpg?v=1&width=800,Women > Bags > Shoulder-bags,Women > Bags > Shoulder-bags,18/08/2026,,FALSE,,101,IN STOCK,,,Blue,,,113,TRUE,TRUE,FALSE
Kurt Geiger London,5586631209,5586631209,Kurt Geiger Women's Shoulder Bag Dark Brown Suede Kurt Sling,https://www.kurtgeiger.com/women/bags/shoulder-bags/kurt-sling-dark-brown-suede-kurt-geiger-london-5586631209?utm_source=display&utm_medium=programmatic&utm_campaign=performance&utm_content=rtg,"This Kurt Shoulder Bag is crafted from a dark brown suede leather. There is an antiqued brass eagle head sat on the front of the bag above gold foil branding.&nbsp;12cm (H), 23cm (L), 8cm (D)Strap length: 43cmAntiqued brass Kurt branding on the top handle&nbsp;Can fit phones up to 6inchesMaterial: SuedeStyle number: 5586631209","This Kurt Shoulder Bag is crafted from a dark brown suede leather. There is an antiqued brass eagle head sat on the front of the bag above gold foil branding.&nbsp;12cm (H), 23cm (L), 8cm (D)Strap length: 43cmAntiqued brass Kurt branding on the top handle&nbsp;Can fit phones up to 6inchesMaterial: SuedeStyle number: 5586631209",149.00,149.00,https://kg-static-cache.s3.amazonaws.com/catalog/product/cache/thumbnail/2000x2000/5/5/5586631209_20.jpg?v=1&width=800,Women > Bags > Shoulder-bags,Women > Bags > Shoulder-bags,18/08/2026,,FALSE,,52,IN STOCK,,,Brown,,,192,TRUE,TRUE,FALSE
Kurt Geiger London,5586619689,5586619689,Kurt Geiger Women's Shoulder Bag Fabric Other Kurt Sling,https://www.kurtgeiger.com/women/bags/shoulder-bags/kurt-sling-white-other-fabric-other-print-kurt-geiger-london-5586619689?utm_source=display&utm_medium=programmatic&utm_campaign=performance&utm_content=rtg,"This Kurt Shoulder Bag is crafted from a floral printed leather alternative with bright green trims. There is an antiqued brass eagle head sat on the front of the bag above gold foil branding.&nbsp;12cm (H), 23cm (L), 8cm (D)Strap length: 43cmAntiqued brass Kurt branding on the top handle&nbsp;Can fit phones up to 6inchesMaterial: Leather alternativeStyle number: 5586619689","This Kurt Shoulder Bag is crafted from a floral printed leather alternative with bright green trims. There is an antiqued brass eagle head sat on the front of the bag above gold foil branding.&nbsp;12cm (H), 23cm (L), 8cm (D)Strap length: 43cmAntiqued brass Kurt branding on the top handle&nbsp;Can fit phones up to 6inchesMaterial: Leather alternativeStyle number: 5586619689",129.00,129.00,https://kg-static-cache.s3.amazonaws.com/catalog/product/cache/thumbnail/2000x2000/5/5/5586619689_20.jpg?v=1&width=800,Women > Bags > Shoulder-bags,Women > Bags > Shoulder-bags,18/08/2026,,FALSE,,56,IN STOCK,,,White,,,188,TRUE,TRUE,FALSE
Kurt Geiger London,7387500209,7387500209,Kurt Geiger Women's Shoulder Bag Black Suede Kensington,https://www.kurtgeiger.com/women/bags/crossbody-bags/kensington-bag-drench-black-suede-kurt-geiger-london-7387500209?utm_source=display&utm_medium=programmatic&utm_campaign=performance&utm_content=rtg,"The Kensington Drench Bag is crafted from a soft suede leather with signature parquet padded overstitch quilt with three rows of weave pattern. The black metal eagle head features jet black crystals and black crystal eyes on the front flap.&nbsp;17cm (H), 26cm (L), 8cm (D)Strap drop cross body: 111cmStrap drop shoulder: 64cmBlack metal chain strap with two padded leather insertsDuo magnetic snap closure hidden under flapSilver foil embossed logo on the backCan fit phones up to 7 inchesTwo interior compartments with small internal lining pocketOuter: SuedeInterior: Monogrammed interior liningStyle number: 7387500209","The Kensington Drench Bag is crafted from a soft suede leather with signature parquet padded overstitch quilt with three rows of weave pattern. The black metal eagle head features jet black crystals and black crystal eyes on the front flap.&nbsp;17cm (H), 26cm (L), 8cm (D)Strap drop cross body: 111cmStrap drop shoulder: 64cmBlack metal chain strap with two padded leather insertsDuo magnetic snap closure hidden under flapSilver foil embossed logo on the backCan fit phones up to 7 inchesTwo interior compartments with small internal lining pocketOuter: SuedeInterior: Monogrammed interior liningStyle number: 7387500209",259.00,259.00,https://kg-static-cache.s3.amazonaws.com/catalog/product/cache/thumbnail/2000x2000/7/3/7387500209_20.jpg?v=1&width=800,Women > Bags > Crossbody-bags,Women > Bags > Crossbody-bags,18/08/2026,,TRUE,,22,IN STOCK,,,Black,,,232,TRUE,TRUE,FALSE
Kurt Geiger London,6220905999,6220905999,Kurt Geiger Women's Scarf Black Combination Kurt Loog,https://www.kurtgeiger.com/women/bags/kurt-logo-yarndye-black-combination-others-kurt-geiger-london-6220905999?utm_source=display&utm_medium=programmatic&utm_campaign=performance&utm_content=rtg,"Introducing the Kurt Logo Yarndye Scarf Crafted from a super soft fabric with cursive design, the edges are trimmed with fringe and a rainbow branded patch.Material: FabricStyle number: 6220905999","Introducing the Kurt Logo Yarndye Scarf Crafted from a super soft fabric with cursive design, the edges are trimmed with fringe and a rainbow branded patch.Material: FabricStyle number: 6220905999",119.00,119.00,https://kg-static-cache.s3.amazonaws.com/catalog/product/cache/thumbnail/2000x2000/6/2/6220905999_20.jpg?v=1&width=800,Women > Bags,Women > Bags,18/08/2026,,FALSE,,88,IN STOCK,,,Black,,,127,TRUE,TRUE,FALSE
Kurt Geiger London,9959800109,9959800109,KURT GEIGER LONDON Women's Shoulder Bag Black Leather Kensington Kurt,https://www.kurtgeiger.com/women/bags/shoulder-bags/large-kensington-kurt-black-leather-kurt-geiger-london-9959800109?utm_source=display&utm_medium=programmatic&utm_campaign=performance&utm_content=rtg,"The Large Kensington Kurt is crafted from a black lambskin leather with overstitch quilt pattern. The black eagle head features all over feather detail. The bottom of the bag features an antiqued brass 'KURT'.22cm (H), 30cm (L), 8cm (D)Strap drop cross body: 65cmAntiqued brass and black chain strapDuo magnetic snap closure hidden under flapGold foil embossed branding on the backCan fit phones up to 7 inchesTwo interior compartmentsOuter: LeatherInterior: Monogrammed interior liningStyle number: 9959800109","The Large Kensington Kurt is crafted from a black lambskin leather with overstitch quilt pattern. The black eagle head features all over feather detail. The bottom of the bag features an antiqued brass 'KURT'.22cm (H), 30cm (L), 8cm (D)Strap drop cross body: 65cmAntiqued brass and black chain strapDuo magnetic snap closure hidden under flapGold foil embossed branding on the backCan fit phones up to 7 inchesTwo interior compartmentsOuter: LeatherInterior: Monogrammed interior liningStyle number: 9959800109",299.00,299.00,https://kg-static-cache.s3.amazonaws.com/catalog/product/cache/thumbnail/2000x2000/9/9/9959800109_20.jpg?v=1&width=800,Women > Bags > Shoulder-bags,Women > Bags > Shoulder-bags,18/08/2026,,TRUE,,436,IN STOCK,,,Black,,,12,TRUE,TRUE,FALSE
Kurt Geiger London,9548600999,9548600999,KURT GEIGER Women's Cross Body Bag Black Drench Kensington,https://www.kurtgeiger.com/women/bags/micro/micro-kensington-black-others-kurt-geiger-london-9548600999?utm_source=display&utm_medium=programmatic&utm_campaign=performance&utm_content=rtg,"The Micro Kensington is crafted from a faux lambskin leather with signature parquet padded overstitch quilt with three rows of weave pattern. The black egle head features crystals and black bead eyes on the front flap.&nbsp;7cm (H), 10cm (L), 2cm (D)Strap drop cross body: 123cmBlack metal chain strapMagnetic snap closure hidden under flapBlack metal branded plate on the backCan fit classic credit cardsOuter: Faux leatherInterior: Monogrammed interior liningStyle number:&nbsp;9548600999","The Micro Kensington is crafted from a faux lambskin leather with signature parquet padded overstitch quilt with three rows of weave pattern. The black egle head features crystals and black bead eyes on the front flap.&nbsp;7cm (H), 10cm (L), 2cm (D)Strap drop cross body: 123cmBlack metal chain strapMagnetic snap closure hidden under flapBlack metal branded plate on the backCan fit classic credit cardsOuter: Faux leatherInterior: Monogrammed interior liningStyle number:&nbsp;9548600999",79.00,79.00,https://kg-static-cache.s3.amazonaws.com/catalog/product/cache/thumbnail/2000x2000/9/5/9548600999_20.jpg?v=1&width=800,Women > Bags > Micro,Women > Bags > Micro,18/08/2026,,TRUE,,337,IN STOCK,,,Black,,,22,TRUE,TRUE,FALSE
Kurt Geiger London,3571948219,3571948219,Kurt Geiger London Kensington Puff Pouch Bag - Cinnamon Suede Pouch Bag,https://www.kurtgeiger.com/women/bags/crossbody-bags/kensington-puff-3-pouch-camel-suede-leather-kurt-geiger-london-3571948219?utm_source=display&utm_medium=programmatic&utm_campaign=performance&utm_content=rtg,"This Kensington Triple Puff Pouch features a cinnamon suede front and smooth leather back pouch. There is a large antiqued brass eagle head on the front of the bag.20cm (H), 27cm (L), 5cm (D)Strap length: 60cmStrap length cross body: 126cmCan fit phones up to 7inchesAntiqued brass branded plate on the backMaterial: Suede leatherStyle number: 3571948219","This Kensington Triple Puff Pouch features a cinnamon suede front and smooth leather back pouch. There is a large antiqued brass eagle head on the front of the bag.20cm (H), 27cm (L), 5cm (D)Strap length: 60cmStrap length cross body: 126cmCan fit phones up to 7inchesAntiqued brass branded plate on the backMaterial: Suede leatherStyle number: 3571948219",279.00,279.00,https://kg-static-cache.s3.amazonaws.com/catalog/product/cache/thumbnail/2000x2000/3/5/3571948219_20.jpg?v=1&width=800,Women > Bags > Crossbody-bags,Women > Bags > Crossbody-bags,18/08/2026,,FALSE,,131,IN STOCK,,,Tan,,,75,TRUE,TRUE,FALSE
Kurt Geiger London,5383800109,5383800109,Kurt Geiger Women's Cross Body Bag Black Leather Shoreditch,https://www.kurtgeiger.com/women/bags/crossbody-bags/shoreditch-ew-kurt-black-leather-kurt-geiger-london-5383800109?utm_source=display&utm_medium=programmatic&utm_campaign=performance&utm_content=rtg,"This Shoreditch East West Bag is crafted from a smooth black leather. There is large antiqued brass 'KURT' branding across the front flap. There is a quilted front pocket covered by the front flap.15cm (H), 26cm (L), 6cm (D)Strap length: 126cmCan fit phones up to 6inchesTwo magnetic snap pop closures under the flapOpen flat pocket on the backRemovable mirror insideMaterial: LeatherStyle number: 5383800109","This Shoreditch East West Bag is crafted from a smooth black leather. There is large antiqued brass 'KURT' branding across the front flap. There is a quilted front pocket covered by the front flap.15cm (H), 26cm (L), 6cm (D)Strap length: 126cmCan fit phones up to 6inchesTwo magnetic snap pop closures under the flapOpen flat pocket on the backRemovable mirror insideMaterial: LeatherStyle number: 5383800109",319.00,319.00,https://kg-static-cache.s3.amazonaws.com/catalog/product/cache/thumbnail/2000x2000/5/3/5383800109_20.jpg?v=1&width=800,Women > Bags > Crossbody-bags,Women > Bags > Crossbody-bags,18/08/2026,,FALSE,,44,IN STOCK,,,Black,,,203,TRUE,TRUE,FALSE
Kurt Geiger London,5034005979,5034005979,Kurt Geiger Women's Cross Body Bag Black Combination Kensington,https://www.kurtgeiger.com/women/bags/crossbody-bags/micro-kensington-kurt-black-combination-synthetic-kurt-geiger-london-5034005979?utm_source=display&utm_medium=programmatic&utm_campaign=performance&utm_content=rtg,The Micro Kensington Bag features a black leather with overstitch quilting. On the front flap is statement 'KURT' branding with crystal tassels in multi-colours.&nbsp;7cm (H),The Micro Kensington Bag features a black leather with overstitch quilting. On the front flap is statement 'KURT' branding with crystal tassels in multi-colours.&nbsp;7cm (H),99.00,99.00,https://kg-static-cache.s3.amazonaws.com/catalog/product/cache/thumbnail/2000x2000/5/0/5034005979_20.jpg?v=1&width=800,Women > Bags > Crossbody-bags,Women > Bags > Crossbody-bags,18/08/2026,,FALSE,,153,IN STOCK,,,Black,,,66,TRUE,TRUE,FALSE
Kurt Geiger London,5585399999,5585399999,Kurt Geiger Women's Shoulder Tote Bag Other,https://www.kurtgeiger.com/women/bags/tote-bags/jelly-sm-tote-bag-other-others-kurt-geiger-london-5585399999?utm_source=display&utm_medium=programmatic&utm_campaign=performance&utm_content=rtg,"This Small Jelly Tote Bag is crafted from a clear vinyl jelly mesh fabric. There is an inner pouch in a rainbow diamond fabric matching the satin scarf wrapped around the handle.20cm (H), 26cm (L), 11cm (D)Strap length: 130cmOptional cross body strapPink pebble grain tabKURT branding on the front&nbsp;Can fit phones up to 6inchesMaterial: VinylStyle number: 5585399999","This Small Jelly Tote Bag is crafted from a clear vinyl jelly mesh fabric. There is an inner pouch in a rainbow diamond fabric matching the satin scarf wrapped around the handle.20cm (H), 26cm (L), 11cm (D)Strap length: 130cmOptional cross body strapPink pebble grain tabKURT branding on the front&nbsp;Can fit phones up to 6inchesMaterial: VinylStyle number: 5585399999",199.00,199.00,https://kg-static-cache.s3.amazonaws.com/catalog/product/cache/thumbnail/2000x2000/5/5/5585399999_20.jpg?v=1&width=800,Women > Bags > Tote-bags,Women > Bags > Tote-bags,18/08/2026,,TRUE,,121,IN STOCK,,,,,,88,TRUE,TRUE,FALSE
Kurt Geiger London,5833119339,5833119339,Kurt Geiger Women's Purse White Other Canvas Shoreditch,https://www.kurtgeiger.com/women/bags/wallets/shoreditch-zip-around-wr-white-other-canvas-kurt-geiger-london-5833119339?utm_source=display&utm_medium=programmatic&utm_campaign=performance&utm_content=rtg,This Shoreditch Zip Around Wristlet wallet is crafted from a bone canvas fabric with watercolour floral print across the exterior and bright green trims. There is a gold crystal embellished eagle head sat on the front of the purse.Wristlet strapSlots for eight credit cardsGold foil embossing on the insideMaterial: CanvasStyle number: 5833119339,This Shoreditch Zip Around Wristlet wallet is crafted from a bone canvas fabric with watercolour floral print across the exterior and bright green trims. There is a gold crystal embellished eagle head sat on the front of the purse.Wristlet strapSlots for eight credit cardsGold foil embossing on the insideMaterial: CanvasStyle number: 5833119339,119.00,119.00,https://kg-static-cache.s3.amazonaws.com/catalog/product/cache/thumbnail/2000x2000/5/8/5833119339_20.jpg?v=1&width=800,Women > Bags > Wallets,Women > Bags > Wallets,18/08/2026,,FALSE,,54,IN STOCK,,,White,,,191,TRUE,TRUE,FALSE
Kurt Geiger London,5053286669,5053286669,Kurt Geiger Women's Shoulder Bag Blue Pale Combination Denim,https://www.kurtgeiger.com/women/bags/shoulder-bags/shoreditch-lg-hobo-fringe-blue-pale-combination-denim-kurt-geiger-london-5053286669?utm_source=display&utm_medium=programmatic&utm_campaign=performance&utm_content=rtg,"This Large Shoreditch Fringe Shoulder Bag arrives in an oversized silhouette in a blue denim fabric with watercolour style floral design as well as 3D embroidered raffia flowers across the front of the bag. There is a pale pink crystal embellished trim around the bottom of the bag and a large rainbow crystal eagle head sat on the front.30cm (H), 51cm (L), 5cm (D)Strap length: 58cmInterior pocketCan fit laptops up to 12inchesMagnetic snap closure&nbsp;Material: DenimStyle number: 5053286669","This Large Shoreditch Fringe Shoulder Bag arrives in an oversized silhouette in a blue denim fabric with watercolour style floral design as well as 3D embroidered raffia flowers across the front of the bag. There is a pale pink crystal embellished trim around the bottom of the bag and a large rainbow crystal eagle head sat on the front.30cm (H), 51cm (L), 5cm (D)Strap length: 58cmInterior pocketCan fit laptops up to 12inchesMagnetic snap closure&nbsp;Material: DenimStyle number: 5053286669",329.00,329.00,https://kg-static-cache.s3.amazonaws.com/catalog/product/cache/thumbnail/2000x2000/5/0/5053286669_20.jpg?v=1&width=800,Women > Bags > Shoulder-bags,Women > Bags > Shoulder-bags,18/08/2026,,FALSE,,41,IN STOCK,,,Blue,,,208,TRUE,TRUE,FALSE
Kurt Geiger London,5828757339,5828757339,Kurt Geiger Women's tote Bag Pink Combination Kurt Shopper,https://www.kurtgeiger.com/women/bags/tote-bags/kc-kurt-lg-shopper-pink-combination-canvas-kurt-geiger-london-5828757339?utm_source=display&utm_medium=programmatic&utm_campaign=performance&utm_content=rtg,"This Kurt's Cabana Large Shopper is crafted from a pink canvas with cursive embroidered branding detail on the front and branded patch on the back. There is a tab on the top handles with an antiqued brass eagle head sat on it.&nbsp;Arrives with a free Kurt Geiger tote bag (pictured) for a limited time only.39cm (H), 37cm (L), 18cm (D)Strap length: 63cmCan fit laptops up to 14inchesMaterial: CanvasStyle number: 5828757339","This Kurt's Cabana Large Shopper is crafted from a pink canvas with cursive embroidered branding detail on the front and branded patch on the back. There is a tab on the top handles with an antiqued brass eagle head sat on it.&nbsp;Arrives with a free Kurt Geiger tote bag (pictured) for a limited time only.39cm (H), 37cm (L), 18cm (D)Strap length: 63cmCan fit laptops up to 14inchesMaterial: CanvasStyle number: 5828757339",69.00,69.00,https://kg-static-cache.s3.amazonaws.com/catalog/product/cache/thumbnail/2000x2000/5/8/5828757339_20.jpg?v=1&width=800,Women > Bags > Tote-bags,Women > Bags > Tote-bags,18/08/2026,,FALSE,,163,IN STOCK,,,Pink,,,62,TRUE,TRUE,TRUE
Kurt Geiger London,5839236219,5839236219,Kurt Geiger London Sloane Soft Shoulder Bag - Tan Suede Leather Shoulder Bag,https://www.kurtgeiger.com/women/bags/shoulder-bags/shoreditch-soft-sh-tan-combination-suede-leather-kurt-geiger-london-5839236219?utm_source=display&utm_medium=programmatic&utm_campaign=performance&utm_content=rtg,"This Soft Sloane Shoulder Bag is crafted from a tan suede leather with statement 3D embossed western style panels across the front of the bag. There is an antiqued brass eagle head sat on the front flap and gold foil embossed branding on the base.13cm (H), 25cm (L), 8cm (D)Strap lengths shoulder: 60cmTwo optional shoulder strapsInterior zipped pocketCan fit phones up to 7inchesMaterial: Suede leatherStyle number: 5839236219","This Soft Sloane Shoulder Bag is crafted from a tan suede leather with statement 3D embossed western style panels across the front of the bag. There is an antiqued brass eagle head sat on the front flap and gold foil embossed branding on the base.13cm (H), 25cm (L), 8cm (D)Strap lengths shoulder: 60cmTwo optional shoulder strapsInterior zipped pocketCan fit phones up to 7inchesMaterial: Suede leatherStyle number: 5839236219",329.00,329.00,https://kg-static-cache.s3.amazonaws.com/catalog/product/cache/thumbnail/2000x2000/5/8/5839236219_20.jpg?v=1&width=800,Women > Bags > Shoulder-bags,Women > Bags > Shoulder-bags,18/08/2026,,FALSE,,118,IN STOCK,,,Tan,,,89,TRUE,TRUE,FALSE
Kurt Geiger London,5839205109,5839205109,Kurt Geiger Women's Shoulder Bag Black Combination Leather Shoreditch,https://www.kurtgeiger.com/women/bags/shoulder-bags/shoreditch-soft-sh-black-combination-leather-kurt-geiger-london-5839205109?utm_source=display&utm_medium=programmatic&utm_campaign=performance&utm_content=rtg,"This Soft Sloane Shoulder Bag is crafted from a black smooth leather with statement 3D embossed western style panels across the front of the bag. There is an antiqued silver eagle head sat on the front flap and gold foil embossed branding on the base.13cm (H), 25cm (L), 8cm (D)Strap lengths shoulder: 60cmTwo optional shoulder strapsInterior zipped pocketCan fit phones up to 7inchesMaterial: LeatherStyle number: 5839205109","This Soft Sloane Shoulder Bag is crafted from a black smooth leather with statement 3D embossed western style panels across the front of the bag. There is an antiqued silver eagle head sat on the front flap and gold foil embossed branding on the base.13cm (H), 25cm (L), 8cm (D)Strap lengths shoulder: 60cmTwo optional shoulder strapsInterior zipped pocketCan fit phones up to 7inchesMaterial: LeatherStyle number: 5839205109",329.00,329.00,https://kg-static-cache.s3.amazonaws.com/catalog/product/cache/thumbnail/2000x2000/5/8/5839205109_20.jpg?v=1&width=800,Women > Bags > Shoulder-bags,Women > Bags > Shoulder-bags,18/08/2026,,FALSE,,81,IN STOCK,,,Black,,,135,TRUE,TRUE,FALSE
Kurt Geiger London,5847492999,5847492999,Kurt Geiger Women's Shoulder Viola Other Jelly Kensington,https://www.kurtgeiger.com/women/bags/shoulder-bags/jelly-kensington-crystals-viola-others-kurt-geiger-london-5847492999?utm_source=display&utm_medium=programmatic&utm_campaign=performance&utm_content=rtg,"This Kensington Shoulder Jelly Bag is crafted from a semi-translucent viola jelly fabric with glitter and quilted design. There is a lilac eagle head on the front flap.14cm (H), 26cm (L), 8cm (D)Strap length: 127cmStrap shoulder: 60cmMagnetic snap closure under flapTwo optional shoulder and cross body strapsCan fit phones up to 6inchesMaterial: SyntheticStyle number: 5847492999","This Kensington Shoulder Jelly Bag is crafted from a semi-translucent viola jelly fabric with glitter and quilted design. There is a lilac eagle head on the front flap.14cm (H), 26cm (L), 8cm (D)Strap length: 127cmStrap shoulder: 60cmMagnetic snap closure under flapTwo optional shoulder and cross body strapsCan fit phones up to 6inchesMaterial: SyntheticStyle number: 5847492999",199.00,199.00,https://kg-static-cache.s3.amazonaws.com/catalog/product/cache/thumbnail/2000x2000/5/8/5847492999_20.jpg?v=1&width=800,Women > Bags > Shoulder-bags,Women > Bags > Shoulder-bags,18/08/2026,,FALSE,,76,IN STOCK,,,Purple,,,150,TRUE,TRUE,FALSE
Kurt Geiger London,5926234339,5926234339,Kurt Geiger London Celia Tote Bag - Rust Canvas Tote Bag,https://www.kurtgeiger.com/women/bags/tote-bags/celia-tote-bag-rust-canvas-kurt-geiger-london-5926234339?utm_source=display&utm_medium=programmatic&utm_campaign=performance&utm_content=rtg,"This Celia Tote Bag arrives in a rust canvas fabric with overstitch quilting design. There is an antiqued brass eagle head sat on the front and a fabric rope charm with gold fish charm and beads attached to one strap.30cm (H), 40cm (L), 13cm (D)Strap length: 77cmTwo pop closure pockets on each sideBrown branded patch on the back&nbsp;'KURT' branding on the bottomCan fit laptops up to 14inchesInterior zipped pocketInterior open pocket&nbsp;Material: CanvasStyle number: 5926234339","This Celia Tote Bag arrives in a rust canvas fabric with overstitch quilting design. There is an antiqued brass eagle head sat on the front and a fabric rope charm with gold fish charm and beads attached to one strap.30cm (H), 40cm (L), 13cm (D)Strap length: 77cmTwo pop closure pockets on each sideBrown branded patch on the back&nbsp;'KURT' branding on the bottomCan fit laptops up to 14inchesInterior zipped pocketInterior open pocket&nbsp;Material: CanvasStyle number: 5926234339",99.00,99.00,https://kg-static-cache.s3.amazonaws.com/catalog/product/cache/thumbnail/2000x2000/5/9/5926234339_20.jpg?v=1&width=800,Women > Bags > Tote-bags,Women > Bags > Tote-bags,18/08/2026,,FALSE,,93,IN STOCK,,,Brown,,,122,TRUE,TRUE,TRUE
Kurt Geiger London,5586633209,5586633209,Kurt Geiger Women's Shoulder Bag Tan Suede Kurt Sling,https://www.kurtgeiger.com/women/bags/shoulder-bags/kurt-sling-tan-suede-kurt-geiger-london-5586633209?utm_source=display&utm_medium=programmatic&utm_campaign=performance&utm_content=rtg,"This Kurt Shoulder Bag is crafted from a tan suede leather. There is an antiqued brass eagle head sat on the front of the bag above gold foil branding.&nbsp;12cm (H), 23cm (L), 8cm (D)Strap length: 43cmAntiqued brass Kurt branding on the top handle&nbsp;Can fit phones up to 6inchesMaterial: SuedeStyle number: 5586633209","This Kurt Shoulder Bag is crafted from a tan suede leather. There is an antiqued brass eagle head sat on the front of the bag above gold foil branding.&nbsp;12cm (H), 23cm (L), 8cm (D)Strap length: 43cmAntiqued brass Kurt branding on the top handle&nbsp;Can fit phones up to 6inchesMaterial: SuedeStyle number: 5586633209",149.00,149.00,https://kg-static-cache.s3.amazonaws.com/catalog/product/cache/thumbnail/2000x2000/5/5/5586633209_20.jpg?v=1&width=800,Women > Bags > Shoulder-bags,Women > Bags > Shoulder-bags,18/08/2026,,FALSE,,74,IN STOCK,,,Tan,,,155,TRUE,TRUE,FALSE
Kurt Geiger London,6056300109,6056300109,Kurt Geiger Women's Shoulder Bag Black Leather Sloane,https://www.kurtgeiger.com/women/bags/shoulder-bags/sloane-eastwest-sh-fringe-black-leather-kurt-geiger-london-6056300109?utm_source=display&utm_medium=programmatic&utm_campaign=performance&utm_content=rtg,"This East West Sloane Shoulder Bag is crafted from a lambskin black leather with crystal embellished fringe details at the sides. There is an antiqued brass eagle head above a branded chain on the front of the bag.&nbsp;11cm (H), 29cm (L), 12cm (D)Strap length: 67cmFour antiqued brass feetZip top closureCan fit phones up to 6inchesMaterial: LeatherStyle number: 6056300109","This East West Sloane Shoulder Bag is crafted from a lambskin black leather with crystal embellished fringe details at the sides. There is an antiqued brass eagle head above a branded chain on the front of the bag.&nbsp;11cm (H), 29cm (L), 12cm (D)Strap length: 67cmFour antiqued brass feetZip top closureCan fit phones up to 6inchesMaterial: LeatherStyle number: 6056300109",329.00,329.00,https://kg-static-cache.s3.amazonaws.com/catalog/product/cache/thumbnail/2000x2000/6/0/6056300109_20.jpg?v=1&width=800,Women > Bags > Shoulder-bags,Women > Bags > Shoulder-bags,18/08/2026,,FALSE,,130,IN STOCK,,,Black,,,79,TRUE,TRUE,FALSE
Kurt Geiger London,6151836029,6151836029,Kurt Geiger Women's Cross Body Bag Tan Combination Suede Other Mini Kensington,https://www.kurtgeiger.com/women/bags/mini/mini-kensington-bag-tan-combination-suede-other-kurt-geiger-london-6151836029?utm_source=display&utm_medium=programmatic&utm_campaign=performance&utm_content=rtg,"The Fabric Mini Kensington bag is crafted from a tan suede leather across the front flap and a bone textured faux fur on the base. The flap is adorned with a bone stitching detail as well as silver and gold studs.14cm (H), 20cm (L), 6cm (D)Strap drop cross body: 120cmStrap drop shoulder: 70cmAntiqued brass chain strapDuo magnetic snap closure hidden under flapAntiqued brass metal branded plate on the backCan fit phones up to 7 inchesSmall internal lining pocketOuter: Suede / Faux FurInterior: Monogrammed interior liningStyle number: 6151836029","The Fabric Mini Kensington bag is crafted from a tan suede leather across the front flap and a bone textured faux fur on the base. The flap is adorned with a bone stitching detail as well as silver and gold studs.14cm (H), 20cm (L), 6cm (D)Strap drop cross body: 120cmStrap drop shoulder: 70cmAntiqued brass chain strapDuo magnetic snap closure hidden under flapAntiqued brass metal branded plate on the backCan fit phones up to 7 inchesSmall internal lining pocketOuter: Suede / Faux FurInterior: Monogrammed interior liningStyle number: 6151836029",199.00,199.00,https://kg-static-cache.s3.amazonaws.com/catalog/product/cache/thumbnail/2000x2000/6/1/6151836029_20.jpg?v=1&width=800,Women > Bags > Mini,Women > Bags > Mini,18/08/2026,,FALSE,,99,IN STOCK,,,Tan,,,116,TRUE,TRUE,FALSE
Kurt Geiger London,5374866069,5374866069,Kurt Geiger Women's Shoulder Bag Gold Combination Fabric Other Pimlico,https://www.kurtgeiger.com/women/bags/shoulder-bags/pimlico-bag-gold-combination-fabric-other-kurt-geiger-london-5374866069?utm_source=display&utm_medium=programmatic&utm_campaign=performance&utm_content=rtg,"This Pimlico Bag arrives in a statement gold sequin embellished tweed fabric. The front flap is accented with multiple large stones and crystals across the front flap of the bag.14cm (H), 26cm (L), 8cm (D)Strap length: 66cmAntiqued brass shoulder strap with leather padded insertsFlat open pocket on the back&nbsp;Antiqued brass branded plate on the backCan fit phones up to 6inchesMaterial: FabricStyle number: 5374866069","This Pimlico Bag arrives in a statement gold sequin embellished tweed fabric. The front flap is accented with multiple large stones and crystals across the front flap of the bag.14cm (H), 26cm (L), 8cm (D)Strap length: 66cmAntiqued brass shoulder strap with leather padded insertsFlat open pocket on the back&nbsp;Antiqued brass branded plate on the backCan fit phones up to 6inchesMaterial: FabricStyle number: 5374866069",249.00,249.00,https://kg-static-cache.s3.amazonaws.com/catalog/product/cache/thumbnail/2000x2000/5/3/5374866069_20.jpg?v=1&width=800,Women > Bags > Shoulder-bags,Women > Bags > Shoulder-bags,18/08/2026,,FALSE,,189,IN STOCK,,,Metallic,,,47,TRUE,TRUE,FALSE
Kurt Geiger London,7386000109,7386000109,Kurt Geiger London Women's Bag Black XXL Kensington Drench,https://www.kurtgeiger.com/women/bags/shoulder-bags/xxl-kensington-drench-black-leather-kurt-geiger-london?utm_source=display&utm_medium=programmatic&utm_campaign=performance&utm_content=rtg,"The Extra Large Kensington Drench Bag is crafted from a soft lambskin leather with signature parquet padded overstitch quilt with three rows of weave pattern. The black metal Eagle head features jet black crystals and black crystal eyes on the front flap.&nbsp;24cm (H), 38cm (L), 14cm (D)Strap drop cross body: 106cmStrap drop shoulder: 65cmBlack metal chain strap with two padded leather insertsDuo magnetic snap closure hidden under flapSilver foil embossed logo on the backTwo interior compartments with small internal lining pocketOuter: Lambskin leatherInterior: Monogrammed interior liningStyle number:&nbsp;7386000109","The Extra Large Kensington Drench Bag is crafted from a soft lambskin leather with signature parquet padded overstitch quilt with three rows of weave pattern. The black metal Eagle head features jet black crystals and black crystal eyes on the front flap.&nbsp;24cm (H), 38cm (L), 14cm (D)Strap drop cross body: 106cmStrap drop shoulder: 65cmBlack metal chain strap with two padded leather insertsDuo magnetic snap closure hidden under flapSilver foil embossed logo on the backTwo interior compartments with small internal lining pocketOuter: Lambskin leatherInterior: Monogrammed interior liningStyle number:&nbsp;7386000109",299.00,299.00,https://kg-static-cache.s3.amazonaws.com/catalog/product/cache/thumbnail/2000x2000/7/3/7386000109_20.jpg?v=1&width=800,Women > Bags > Shoulder-bags,Women > Bags > Shoulder-bags,18/08/2026,,TRUE,,296,IN STOCK,,,Black,,,26,TRUE,TRUE,FALSE
Kurt Geiger London,9796588669,9796588669,Kurt Geiger London Women's Shoulder Bag Denim Quilted Kensington,https://www.kurtgeiger.com/women/bags/shoulder-bags/large-kensington-soft-denim-denim-kurt-geiger-london-9796588669?utm_source=display&utm_medium=programmatic&utm_campaign=performance&utm_content=rtg,"The Kensington Soft is crafted from an acid wash denim in weave print.&nbsp; The antiqued brass Eagle head features crystals and black bead eyes on the front flap.&nbsp;21cm (H), 29cm (L), 9cm (D)Strap drop shoulder: 62cmAntiqued brass chain strap with two padded insertsDuo magnetic snap closure hidden under flapAntiqued brass branded plate on the backTwo interior compartments with small internal lining pocketOuter: DenimInterior: Monogrammed interior liningStyle number: 9796588669","The Kensington Soft is crafted from an acid wash denim in weave print.&nbsp; The antiqued brass Eagle head features crystals and black bead eyes on the front flap.&nbsp;21cm (H), 29cm (L), 9cm (D)Strap drop shoulder: 62cmAntiqued brass chain strap with two padded insertsDuo magnetic snap closure hidden under flapAntiqued brass branded plate on the backTwo interior compartments with small internal lining pocketOuter: DenimInterior: Monogrammed interior liningStyle number: 9796588669",169.00,169.00,https://kg-static-cache.s3.amazonaws.com/catalog/product/cache/thumbnail/2000x2000/9/7/9796588669_20.jpg?v=1&width=800,Women > Bags > Shoulder-bags,Women > Bags > Shoulder-bags,18/08/2026,,TRUE,,67,IN STOCK,,,Blue,,,169,TRUE,TRUE,FALSE
Kurt Geiger London,0587900109,0587900109,Kurt Geiger London Women's Purse Black Drench Leather Multi Card Kensington,https://www.kurtgeiger.com/women/bags/wallets/multi-card-kensington-dr-black-leather-kurt-geiger-london-0587900109?utm_source=display&utm_medium=programmatic&utm_campaign=performance&utm_content=rtg,"The Multi Card Holder is crafted from a soft lambskin leather. The black eagle head features crystals and black bead eyes which sits on the closure.&nbsp;8cm (H), 10.5cm (L), 1cm (D)Single pop stud closureSilver foil embossed logo on the interiorCan fit up to eight classic cardsOuter: Croc embossed cow leatherInterior: LeatherStyle number: 0587900109","The Multi Card Holder is crafted from a soft lambskin leather. The black eagle head features crystals and black bead eyes which sits on the closure.&nbsp;8cm (H), 10.5cm (L), 1cm (D)Single pop stud closureSilver foil embossed logo on the interiorCan fit up to eight classic cardsOuter: Croc embossed cow leatherInterior: LeatherStyle number: 0587900109",69.00,69.00,https://kg-static-cache.s3.amazonaws.com/catalog/product/cache/thumbnail/2000x2000/0/5/0587900109_20.jpg?v=1&width=800,Women > Bags > Wallets,Women > Bags > Wallets,18/08/2026,,FALSE,,161,IN STOCK,,,Black,,,63,TRUE,TRUE,FALSE
Kurt Geiger London,9548640609,9548640609,Kurt Geiger Women's Cross Body Bag Beige Fabric Kensington,https://www.kurtgeiger.com/women/bags/crossbody-bags/micro-kensington-beige-fabric-kurt-geiger-london-9548640609?utm_source=display&utm_medium=programmatic&utm_campaign=performance&utm_content=rtg,"The Micro Kensington Bag is crafted from a beige houndstooth fabric embellished with gold crystals. The antiqued bass eagle head sits on the front flap.&nbsp;7cm (H), 10cm (L), 2cm (D)Strap drop cross body: 123cmAntiqued brass chain strapTwo pop closures under flapAntiqued brass branded plate on the backCan fit classic credit cardsPlease take extra care when styling this piece with delicate fabricsOuter: FabricInterior: Monogrammed interior liningStyle number: 9548640609","The Micro Kensington Bag is crafted from a beige houndstooth fabric embellished with gold crystals. The antiqued bass eagle head sits on the front flap.&nbsp;7cm (H), 10cm (L), 2cm (D)Strap drop cross body: 123cmAntiqued brass chain strapTwo pop closures under flapAntiqued brass branded plate on the backCan fit classic credit cardsPlease take extra care when styling this piece with delicate fabricsOuter: FabricInterior: Monogrammed interior liningStyle number: 9548640609",79.00,79.00,https://kg-static-cache.s3.amazonaws.com/catalog/product/cache/thumbnail/2000x2000/9/5/9548640609_20.jpg?v=1&width=800,Women > Bags > Crossbody-bags,Women > Bags > Crossbody-bags,18/08/2026,,FALSE,,303,IN STOCK,,,Nude,,,25,TRUE,TRUE,FALSE
Kurt Geiger London,9959848219,9959848219,Kurt Geiger Women's Shoulder Bag Cinnamon Suede Leather Kensington,https://www.kurtgeiger.com/women/bags/shoulder-bags/large-kensington-kurt-camel-suede-leather-kurt-geiger-london-9959848219?utm_source=display&utm_medium=programmatic&utm_campaign=performance&utm_content=rtg,"The Large Kensington Kurt is crafted from a cinnamon suede leather with overstitch quilt pattern. The large antiqued brass eagle head features crystals. The bottom of the bag features an antiqued brass 'KURT'.22cm (H), 30cm (L), 8cm (D)Strap drop cross body: 65cmAntiqued brass chain shoulder strapDuo magnetic snap closure hidden under flapGold foil embossed branding on the backCan fit phones up to 7 inchesTwo interior compartmentsOuter: Suede leatherInterior: Monogrammed interior liningStyle number: 9959848219","The Large Kensington Kurt is crafted from a cinnamon suede leather with overstitch quilt pattern. The large antiqued brass eagle head features crystals. The bottom of the bag features an antiqued brass 'KURT'.22cm (H), 30cm (L), 8cm (D)Strap drop cross body: 65cmAntiqued brass chain shoulder strapDuo magnetic snap closure hidden under flapGold foil embossed branding on the backCan fit phones up to 7 inchesTwo interior compartmentsOuter: Suede leatherInterior: Monogrammed interior liningStyle number: 9959848219",329.00,329.00,https://kg-static-cache.s3.amazonaws.com/catalog/product/cache/thumbnail/2000x2000/9/9/9959848219_20.jpg?v=1&width=800,Women > Bags > Shoulder-bags,Women > Bags > Shoulder-bags,18/08/2026,,FALSE,,179,IN STOCK,,,Tan,,,56,TRUE,TRUE,FALSE
Kurt Geiger London,3526405609,3526405609,Kurt Geiger Women's Southbank Tote Bag Black Combination Fabric,https://www.kurtgeiger.com/women/bags/micro/micro-southbank-tote-black-combination-fabric-kurt-geiger-london-3526405609?utm_source=display&utm_medium=programmatic&utm_campaign=performance&utm_content=rtg,This Micro Southbank Tote features a floral printed fabric. There is a black heart tag with antiqued brass eagle head on the top handles as well as a pebble grained LOVE cut out tag.9cm (H),This Micro Southbank Tote features a floral printed fabric. There is a black heart tag with antiqued brass eagle head on the top handles as well as a pebble grained LOVE cut out tag.9cm (H),69.00,69.00,https://kg-static-cache.s3.amazonaws.com/catalog/product/cache/thumbnail/2000x2000/3/5/3526405609_20.jpg?v=1&width=800,Women > Bags > Micro,Women > Bags > Micro,18/08/2026,,FALSE,,51,IN STOCK,,,Black,,,194,TRUE,TRUE,TRUE
Kurt Geiger London,5374800109,5374800109,Kurt Geiger Women's Shoulder Bag Black Leather Pimlico,https://www.kurtgeiger.com/women/bags/shoulder-bags/pimlico-bag-black-leather-kurt-geiger-london-5374800109?utm_source=display&utm_medium=programmatic&utm_campaign=performance&utm_content=rtg,"This Pimlico Purse is crafted from a soft black grained leather with overstitch quilting detail. There is a large black leather plate with antiqued brass crystal trim and eagle head on the closure.5.5in (H), 10.2in (L), 3.1in (D)Strap length: 25.9inAntiqued brass shoulder strap with leather padded insertsFlat open pocket on the back&nbsp;Antiqued brass branded plate on the backCan fit phones up to 6inchesMaterial: LeatherStyle number: 5374900109","This Pimlico Purse is crafted from a soft black grained leather with overstitch quilting detail. There is a large black leather plate with antiqued brass crystal trim and eagle head on the closure.5.5in (H), 10.2in (L), 3.1in (D)Strap length: 25.9inAntiqued brass shoulder strap with leather padded insertsFlat open pocket on the back&nbsp;Antiqued brass branded plate on the backCan fit phones up to 6inchesMaterial: LeatherStyle number: 5374900109",299.00,299.00,https://kg-static-cache.s3.amazonaws.com/catalog/product/cache/thumbnail/2000x2000/5/3/5374800109_20.jpg?v=1&width=800,Women > Bags > Shoulder-bags,Women > Bags > Shoulder-bags,18/08/2026,,TRUE,,59,IN STOCK,,,Black,,,179,TRUE,TRUE,FALSE
Kurt Geiger London,5562298999,5562298999,Kurt Geiger Women's Shoulder Bag Pink Other Kurt Hobo,https://www.kurtgeiger.com/women/bags/shoulder-bags/kurt-lg-hobo-fringe-pink-others-kurt-geiger-london-5562298999?utm_source=display&utm_medium=programmatic&utm_campaign=performance&utm_content=rtg,"This Large Kurt Hobo Fringe bag arrives in a pink raffia fabric with large cursive branding on the front. There is statement raffia fringe surrounding the edges.28cm (H), 48cm (L), 2cm (D)Strap length: 38cmZip closureCan fit phones up to 6inchesMaterial: RaffiaStyle number: 5562298999","This Large Kurt Hobo Fringe bag arrives in a pink raffia fabric with large cursive branding on the front. There is statement raffia fringe surrounding the edges.28cm (H), 48cm (L), 2cm (D)Strap length: 38cmZip closureCan fit phones up to 6inchesMaterial: RaffiaStyle number: 5562298999",149.00,149.00,https://kg-static-cache.s3.amazonaws.com/catalog/product/cache/thumbnail/2000x2000/5/5/5562298999_20.jpg?v=1&width=800,Women > Bags > Shoulder-bags,Women > Bags > Shoulder-bags,18/08/2026,,FALSE,,67,IN STOCK,,,Pink,,,170,TRUE,TRUE,TRUE
Kurt Geiger London,5570700609,5570700609,Kurt Geiger Women's Tote Bag Black Fabric Kurt Tote,https://www.kurtgeiger.com/women/bags/tote-bags/kurt-tote-black-fabric-kurt-geiger-london-5570700609?utm_source=display&utm_medium=programmatic&utm_campaign=performance&utm_content=rtg,"This Kurt Tote bag arrives in a black canvas fabric. There is a white embroidered Kurt branding on the front pocket as well as a black tag with antiqued brass eagle head on the top handles.25cm (H), 33cm (L), 15cm (D)Strap length: 128cmOptional cross body strapZip closure&nbsp;Can fit phones up other 6inchesMaterial: FabricStyle number: 5570700609","This Kurt Tote bag arrives in a black canvas fabric. There is a white embroidered Kurt branding on the front pocket as well as a black tag with antiqued brass eagle head on the top handles.25cm (H), 33cm (L), 15cm (D)Strap length: 128cmOptional cross body strapZip closure&nbsp;Can fit phones up other 6inchesMaterial: FabricStyle number: 5570700609",149.00,149.00,https://kg-static-cache.s3.amazonaws.com/catalog/product/cache/thumbnail/2000x2000/5/5/5570700609_20.jpg?v=1&width=800,Women > Bags > Tote-bags,Women > Bags > Tote-bags,18/08/2026,,FALSE,,268,IN STOCK,,,Black,,,34,TRUE,TRUE,FALSE
Kurt Geiger London,5569657609,5569657609,Kurt Geiger Women's Clutch Bag Pink Combination Crystal Kensington,https://www.kurtgeiger.com/women/bags/clutches/crystal-kensington-clutch-pink-combination-fabric-kurt-geiger-london-5569657609?utm_source=display&utm_medium=programmatic&utm_campaign=performance&utm_content=rtg,"The Crystal Kensington Clutch is made from a pink metallic fabric with pink crystal embellishments. The antiqued silver eagle head features silver crystals and black crystal eyes on the clasp.&nbsp;12cm (H), 20cm (L), 3cm (D)Strap drop: 122cmOptional silver metal chain strapCan fit phones up to 7 inchesPlease take extra care when styling this piece with delicate fabricsOuter: FabricInterior: Monogrammed interior liningStyle number:&nbsp;5569657609","The Crystal Kensington Clutch is made from a pink metallic fabric with pink crystal embellishments. The antiqued silver eagle head features silver crystals and black crystal eyes on the clasp.&nbsp;12cm (H), 20cm (L), 3cm (D)Strap drop: 122cmOptional silver metal chain strapCan fit phones up to 7 inchesPlease take extra care when styling this piece with delicate fabricsOuter: FabricInterior: Monogrammed interior liningStyle number:&nbsp;5569657609",159.00,159.00,https://kg-static-cache.s3.amazonaws.com/catalog/product/cache/thumbnail/2000x2000/5/5/5569657609_20.jpg?v=1&width=800,Women > Bags > Clutches,Women > Bags > Clutches,18/08/2026,,FALSE,,126,IN STOCK,,,Pink,,,85,TRUE,TRUE,FALSE
Kurt Geiger London,5586495109,5586495109,Kurt Geiger Women's Shoulder Bag Lilac Leather Oxford,https://www.kurtgeiger.com/women/bags/mini/leather-mini-oxford-lilac-leather-kurt-geiger-london-5586495109?utm_source=display&utm_medium=programmatic&utm_campaign=performance&utm_content=rtg,"This Mini Leather Oxford Bag is crafted from a smooth lilac leather. There is an antiqued brass eagle head sat on the front flap.&nbsp;10cm (H), 20cm (L), 6cm (D)Strap length shoulder: 54cmStrap length cross body: 126cmOpen flat pocket on the backGold foil branding on the backCan fit phones up to 6inchesMagnetic snap closure under front flapMaterial: LeatherStyle number: 5586495109","This Mini Leather Oxford Bag is crafted from a smooth lilac leather. There is an antiqued brass eagle head sat on the front flap.&nbsp;10cm (H), 20cm (L), 6cm (D)Strap length shoulder: 54cmStrap length cross body: 126cmOpen flat pocket on the backGold foil branding on the backCan fit phones up to 6inchesMagnetic snap closure under front flapMaterial: LeatherStyle number: 5586495109",99.00,99.00,https://kg-static-cache.s3.amazonaws.com/catalog/product/cache/thumbnail/2000x2000/5/5/5586495109_20.jpg?v=1&width=800,Women > Bags > Mini,Women > Bags > Mini,18/08/2026,,FALSE,,7,IN STOCK,,,Purple,,,260,TRUE,TRUE,TRUE
Kurt Geiger London,4701186669,4701186669,Kurt Geiger Women's Shoulder Bag Blue Pale Combination Denim Kensington,https://www.kurtgeiger.com/women/bags/shoulder-bags/kensington-fringe-bag-blue-pale-combination-denim-kurt-geiger-london-4701186669?utm_source=display&utm_medium=programmatic&utm_campaign=performance&utm_content=rtg,"The Fringed Kensington Bag is crafted from a denim fabric with watercolour style floral print. The base is accented with pale pink suede tassels with crystal beads at the bottom.17cm (H), 26cm (L), 8cm (D)Strap drop cross body: 111cmStrap drop shoulder: 64cmchain strap with two padded leather insertsDuo magnetic snap closure hidden under flapAntiqued silver branded plate on the backCan fit phones up to 7 inchesTwo interior compartments with small internal lining pocketOuter: DenimInterior: Monogrammed interior liningStyle number:&nbsp;4701186669","The Fringed Kensington Bag is crafted from a denim fabric with watercolour style floral print. The base is accented with pale pink suede tassels with crystal beads at the bottom.17cm (H), 26cm (L), 8cm (D)Strap drop cross body: 111cmStrap drop shoulder: 64cmchain strap with two padded leather insertsDuo magnetic snap closure hidden under flapAntiqued silver branded plate on the backCan fit phones up to 7 inchesTwo interior compartments with small internal lining pocketOuter: DenimInterior: Monogrammed interior liningStyle number:&nbsp;4701186669",269.00,269.00,https://kg-static-cache.s3.amazonaws.com/catalog/product/cache/thumbnail/2000x2000/4/7/4701186669_20.jpg?v=1&width=800,Women > Bags > Shoulder-bags,Women > Bags > Shoulder-bags,18/08/2026,,FALSE,,77,IN STOCK,,,Blue,,,145,TRUE,TRUE,FALSE
Kurt Geiger London,5826491069,5826491069,Kurt Geiger Women's Cross Body Bag Orange Fabric Other Kensington,https://www.kurtgeiger.com/women/bags/mini/kc-mini-kensington-flap-orange-fabric-other-kurt-geiger-london-5826491069?utm_source=display&utm_medium=programmatic&utm_campaign=performance&utm_content=rtg,"The Mini Kensington Kurt is crafted from an orange knitted fabric that is embellished with sequins and beads. There is a yellow larger antiqued brass eagle head features crystals on the front flap.Arrives with a free Kurt Geiger tote bag (pictured) for a limited time only.14cm (H), 20cm (L), 7cm (D)Strap drop cross body: 139cmBone rope cross body strapOptional antiqued brass chain strapDuo magnetic snap closure hidden under flapAntiqued brass KURT branding on the baseGold foil embossed branding on the backCan fit phones up to 6inchesSmall internal lining pocketMaterial: Fabric&nbsp;Style number: 5826491069","The Mini Kensington Kurt is crafted from an orange knitted fabric that is embellished with sequins and beads. There is a yellow larger antiqued brass eagle head features crystals on the front flap.Arrives with a free Kurt Geiger tote bag (pictured) for a limited time only.14cm (H), 20cm (L), 7cm (D)Strap drop cross body: 139cmBone rope cross body strapOptional antiqued brass chain strapDuo magnetic snap closure hidden under flapAntiqued brass KURT branding on the baseGold foil embossed branding on the backCan fit phones up to 6inchesSmall internal lining pocketMaterial: Fabric&nbsp;Style number: 5826491069",149.00,149.00,https://kg-static-cache.s3.amazonaws.com/catalog/product/cache/thumbnail/2000x2000/5/8/5826491069_20.jpg?v=1&width=800,Women > Bags > Mini,Women > Bags > Mini,18/08/2026,,FALSE,,38,IN STOCK,,,Orange,,,213,TRUE,TRUE,TRUE
Kurt Geiger London,5826753609,5826753609,Kurt Geiger London Mini Kensington Gems Bag - Pink White Cross Body Bag,https://www.kurtgeiger.com/women/bags/mini/kc-mini-kensington-gems-pale-pink-fabric-kurt-geiger-london-5826753609?utm_source=display&utm_medium=programmatic&utm_campaign=performance&utm_content=rtg,"This Mini Kensington Bag is crafted from a pale pink and white fabric tweed with subtle overstitch quilting. There are eight crystals across the front flap of the bag and fabric trim edge.&nbsp;14cm (H), 20cm (L), 6cm (D)Strap drop cross body: 120cmAntiqued silver chain cross body strapDuo magnetic snap closure hidden under flapAntiqued silver branded metal plate on the backCan fit phones up to 6inchesSmall internal lining pocketPlease take extra care when styling this piece with delicate fabricsMaterial: FabricStyle number: 5826753609","This Mini Kensington Bag is crafted from a pale pink and white fabric tweed with subtle overstitch quilting. There are eight crystals across the front flap of the bag and fabric trim edge.&nbsp;14cm (H), 20cm (L), 6cm (D)Strap drop cross body: 120cmAntiqued silver chain cross body strapDuo magnetic snap closure hidden under flapAntiqued silver branded metal plate on the backCan fit phones up to 6inchesSmall internal lining pocketPlease take extra care when styling this piece with delicate fabricsMaterial: FabricStyle number: 5826753609",199.00,199.00,https://kg-static-cache.s3.amazonaws.com/catalog/product/cache/thumbnail/2000x2000/5/8/5826753609_20.jpg?v=1&width=800,Women > Bags > Mini,Women > Bags > Mini,18/08/2026,,FALSE,,143,IN STOCK,,,Pink,,,71,TRUE,TRUE,FALSE
Kurt Geiger London,5578859109,5578859109,Kurt Geiger London Sloane Soft Shoulder Bag - Red Suede Shoulder Bag,https://www.kurtgeiger.com/women/bags/shoreditch-soft-sh-red-other-leather-kurt-geiger-london-5578859109?utm_source=display&utm_medium=programmatic&utm_campaign=performance&utm_content=rtg,"This Soft Sloane Shoulder Bag is crafted from red suede leather. There is a crystal embellished gold eagle head sat on the front flap.13cm (H), 25cm (L), 8cm (D)Strap lengths shoulder: 60cmTwo optional shoulder strapsInterior zipped pocketCan fit phones up to 7inchesMaterial: LeatherStyle number: 5578859109","This Soft Sloane Shoulder Bag is crafted from red suede leather. There is a crystal embellished gold eagle head sat on the front flap.13cm (H), 25cm (L), 8cm (D)Strap lengths shoulder: 60cmTwo optional shoulder strapsInterior zipped pocketCan fit phones up to 7inchesMaterial: LeatherStyle number: 5578859109",299.00,299.00,https://kg-static-cache.s3.amazonaws.com/catalog/product/cache/thumbnail/2000x2000/5/5/5578859109_20.jpg?v=1&width=800,Women > Bags,Women > Bags,18/08/2026,,FALSE,,82,IN STOCK,,,Red,,,132,TRUE,TRUE,FALSE
Kurt Geiger London,5851786669,5851786669,Kurt Geiger Women's Shoulder Bag Blue Pale Combination Denim Celia,https://www.kurtgeiger.com/women/bags/shoulder-bags/celia-shoulder-bag-blue-pale-combination-denim-kurt-geiger-london-5851786669?utm_source=display&utm_medium=programmatic&utm_campaign=performance&utm_content=rtg,"This Celia Shoulder Bag is crafted from a blue denim fabric that is printed with a bleached paisley design. There is an antiqued brass eagle head on the front flap.17cm (H), 26cm (L), 8cm (D)Strap length: 53cmBrown leather shoulder strapAntiqued brass chain strap detailCan fit phones up to 6inchesBrown branded patch on the backMaterial: DenimStyle number: 5851786669","This Celia Shoulder Bag is crafted from a blue denim fabric that is printed with a bleached paisley design. There is an antiqued brass eagle head on the front flap.17cm (H), 26cm (L), 8cm (D)Strap length: 53cmBrown leather shoulder strapAntiqued brass chain strap detailCan fit phones up to 6inchesBrown branded patch on the backMaterial: DenimStyle number: 5851786669",229.00,229.00,https://kg-static-cache.s3.amazonaws.com/catalog/product/cache/thumbnail/2000x2000/5/8/5851786669_20.jpg?v=1&width=800,Women > Bags > Shoulder-bags,Women > Bags > Shoulder-bags,18/08/2026,,FALSE,,75,IN STOCK,,,Blue,,,153,TRUE,TRUE,FALSE
Kurt Geiger London,5965000109,5965000109,Kurt Geiger Women's Shoulder Bag Black Leather Kensington,https://www.kurtgeiger.com/women/bags/shoulder-bags/kensington-barrel-black-leather-kurt-geiger-london-5965000109?utm_source=display&utm_medium=programmatic&utm_campaign=performance&utm_content=rtg,"This Kensington Barrel is crafted from a black leather with overstitch quilting detail across the bag. There is an antiqued brass eagle head sat on the front of the bag.14cm (H), 35cm, 14cm (D)Strap length: 66cmCan fit phones up to 6inchesZip top closureAntiqued brass branded plate on the backMaterial: LeatherStyle number: 5965000109","This Kensington Barrel is crafted from a black leather with overstitch quilting detail across the bag. There is an antiqued brass eagle head sat on the front of the bag.14cm (H), 35cm, 14cm (D)Strap length: 66cmCan fit phones up to 6inchesZip top closureAntiqued brass branded plate on the backMaterial: LeatherStyle number: 5965000109",289.00,289.00,https://kg-static-cache.s3.amazonaws.com/catalog/product/cache/thumbnail/2000x2000/5/9/5965000109_20.jpg?v=1&width=800,Women > Bags > Shoulder-bags,Women > Bags > Shoulder-bags,18/08/2026,,FALSE,,113,IN STOCK,,,Black,,,95,TRUE,TRUE,FALSE
Kurt Geiger London,5586691209,5586691209,Kurt Geiger London Kurt Sling Bag - Orange Suede Leather Bag,https://www.kurtgeiger.com/women/bags/shoulder-bags/kurt-sling-orange-suede-kurt-geiger-london-5586691209?utm_source=display&utm_medium=programmatic&utm_campaign=performance&utm_content=rtg,"This Kurt Shoulder Bag is crafted from an orange suede leather. There is an antiqued brass eagle head sat on the front of the bag above gold foil branding.&nbsp;12cm (H), 23cm (L), 8cm (D)Strap length: 43cmAntiqued brass Kurt branding on the top handle&nbsp;Can fit phones up to 6inchesMaterial: SuedeStyle number: 5586691209","This Kurt Shoulder Bag is crafted from an orange suede leather. There is an antiqued brass eagle head sat on the front of the bag above gold foil branding.&nbsp;12cm (H), 23cm (L), 8cm (D)Strap length: 43cmAntiqued brass Kurt branding on the top handle&nbsp;Can fit phones up to 6inchesMaterial: SuedeStyle number: 5586691209",149.00,149.00,https://kg-static-cache.s3.amazonaws.com/catalog/product/cache/thumbnail/2000x2000/5/5/5586691209_20.jpg?v=1&width=800,Women > Bags > Shoulder-bags,Women > Bags > Shoulder-bags,18/08/2026,,FALSE,,68,IN STOCK,,,Orange,,,167,TRUE,TRUE,FALSE
Kurt Geiger London,5965230209,5965230209,Kurt Geiger Women's Shoulder Bag Brown Suede Sloane,https://www.kurtgeiger.com/women/bags/shoulder-bags/sloane-eastwest-shoulder-brown-suede-kurt-geiger-london-5965230209?utm_source=display&utm_medium=programmatic&utm_campaign=performance&utm_content=rtg,"This East West Sloane Shoulder Bag is crafted from a brown suede leather with soft structure. There is an antiqued brass eagle head on the front of the bag above a chain detail with cursive branded charm.11cm (H), 29cm (L), 12cm (D)Strap length: 67cmFour antiqued brass feetZip top closureCan fit phones up to 6inchesMaterial: SuedeStyle number: 5965230209","This East West Sloane Shoulder Bag is crafted from a brown suede leather with soft structure. There is an antiqued brass eagle head on the front of the bag above a chain detail with cursive branded charm.11cm (H), 29cm (L), 12cm (D)Strap length: 67cmFour antiqued brass feetZip top closureCan fit phones up to 6inchesMaterial: SuedeStyle number: 5965230209",249.00,249.00,https://kg-static-cache.s3.amazonaws.com/catalog/product/cache/thumbnail/2000x2000/5/9/5965230209_20.jpg?v=1&width=800,Women > Bags > Shoulder-bags,Women > Bags > Shoulder-bags,18/08/2026,,FALSE,,80,IN STOCK,,,Brown,,,137,TRUE,TRUE,FALSE
Kurt Geiger London,5023339999,5023339999,Kurt Geiger London Hoxton Shopper Bag - Brown Faux Fur Shopper Bag,https://www.kurtgeiger.com/women/bags/shoulder-bags/hoxton-shopper-brown-other-others-kurt-geiger-london-5023339999?utm_source=display&utm_medium=programmatic&utm_campaign=performance&utm_content=rtg,"This Small Hoxton Shopper bag is crafted from a brown faux fur with rainbow side panels. The trims are in brown and there is a large gold eagle head with crystals on the front of the bag.22cm (H), 26cm (L), 11cm (D)Strap length: 88cmTop handles or two shoulder strapsCan fit iPads up to 10inchesFour gold feetMaterial: Faux Fur&nbsp;Style number: 5023339999","This Small Hoxton Shopper bag is crafted from a brown faux fur with rainbow side panels. The trims are in brown and there is a large gold eagle head with crystals on the front of the bag.22cm (H), 26cm (L), 11cm (D)Strap length: 88cmTop handles or two shoulder strapsCan fit iPads up to 10inchesFour gold feetMaterial: Faux Fur&nbsp;Style number: 5023339999",219.00,219.00,https://kg-static-cache.s3.amazonaws.com/catalog/product/cache/thumbnail/2000x2000/5/0/5023339999_20.jpg?v=1&width=800,Women > Bags > Shoulder-bags,Women > Bags > Shoulder-bags,18/08/2026,,FALSE,,112,IN STOCK,,,Brown,,,97,TRUE,TRUE,FALSE
Kurt Geiger London,5585139999,5585139999,Kurt Geiger Women's Shoulder Bag Brown Other Other Kensington,https://www.kurtgeiger.com/women/bags/shoulder-bags/jelly-kensington-sh-dr-brown-other-others-kurt-geiger-london-5585139999?utm_source=display&utm_medium=programmatic&utm_campaign=performance&utm_content=rtg,"This Kurt Geiger Kensington Shoulder Jelly Bag is crafted from a tortoiseshell jelly fabric with quilted design across the bag. There is a semi-transparent eagle head on the front flap. 14cm (H), 26cm (L), 8cm (D) Strap length:127cm Strap shoulder: 60cm","This Kurt Geiger Kensington Shoulder Jelly Bag is crafted from a tortoiseshell jelly fabric with quilted design across the bag. There is a semi-transparent eagle head on the front flap. 14cm (H), 26cm (L), 8cm (D) Strap length:127cm Strap shoulder: 60cm",179.00,179.00,https://kg-static-cache.s3.eu-west-1.amazonaws.com/catalog/product/cache/thumbnail/343x343/5/5/5585139999_20.jpg?v=1&width=800,Women > Bags > Shoulder-bags,Women > Bags > Shoulder-bags,18/08/2026,,FALSE,,127,IN STOCK,,,Brown,,,83,TRUE,TRUE,FALSE
Kurt Geiger London,6152677339,6152677339,Kurt Geiger Women's Tote Bag Turquoise Canvas Holborn,https://www.kurtgeiger.com/women/bags/shoulder-bags/holborn-shopper-patch-turquoise-canvas-kurt-geiger-london-6152677339?utm_source=display&utm_medium=programmatic&utm_campaign=performance&utm_content=rtg,"The Holborn Shopper bag arrives in a turquoise canvas fabric. The front of the bag is embroidered with a sloth holding a martini glass and wearing a crystal beret.40cm (H), 30cm (L), 20cm (D)Strap length: 63cmInterior open pocketCan fit laptops up to 14inchesUnlined interiorMaterial: CanvasStyle number: 6152677339","The Holborn Shopper bag arrives in a turquoise canvas fabric. The front of the bag is embroidered with a sloth holding a martini glass and wearing a crystal beret.40cm (H), 30cm (L), 20cm (D)Strap length: 63cmInterior open pocketCan fit laptops up to 14inchesUnlined interiorMaterial: CanvasStyle number: 6152677339",149.00,149.00,https://kg-static-cache.s3.amazonaws.com/catalog/product/cache/thumbnail/2000x2000/6/1/6152677339_20.jpg?v=1&width=800,Women > Bags > Shoulder-bags,Women > Bags > Shoulder-bags,18/08/2026,,FALSE,,131,IN STOCK,,,Turquoise,,,76,TRUE,TRUE,FALSE
Kurt Geiger London,6318000019,6318000019,Kurt Geiger Women's Purse Black Leather Other Soft Wallet,https://www.kurtgeiger.com/women/bags/wallets/soft-wallet-celia-black-leather-other-kurt-geiger-london-6318000019?utm_source=display&utm_medium=programmatic&utm_campaign=performance&utm_content=rtg,"The Kensington Kurt Zip Around Wallet is crafted from a black textured leather with subtle overstitch quilting. There is a small black eagle head on the pop closure.10cm (H), 19.5cm (L), 2cm (D)Silver foil embossed logo on the interiorInterior zipped compartmentCan fit up to eight classic cardsMaterial: LeatherStyle number: 6318000019","The Kensington Kurt Zip Around Wallet is crafted from a black textured leather with subtle overstitch quilting. There is a small black eagle head on the pop closure.10cm (H), 19.5cm (L), 2cm (D)Silver foil embossed logo on the interiorInterior zipped compartmentCan fit up to eight classic cardsMaterial: LeatherStyle number: 6318000019",89.00,89.00,https://kg-static-cache.s3.amazonaws.com/catalog/product/cache/thumbnail/2000x2000/6/3/6318000019_20.jpg?v=1&width=800,Women > Bags > Wallets,Women > Bags > Wallets,18/08/2026,,FALSE,,88,IN STOCK,,,Black,,,128,TRUE,TRUE,FALSE
Kurt Geiger London,9102940609,9102940609,Kurt Geiger London Women's Clutch Bag Gold Fabric Crystal Kensington,https://www.kurtgeiger.com/women/bags/clutches/crystal-kensington-clutch-beige-fabric-kurt-geiger-london-9102940609?utm_source=display&utm_medium=programmatic&utm_campaign=performance&utm_content=rtg,"The Crystal Kensington Clutch is made from a houndstooth fabric embellished with gold crystals The gold Eagle head features crystals and clear bead eyes on the clasp.&nbsp;12cm (H), 20cm (L), 3cm (D)Strap drop: 122cmOptional gold chain strapGold foil embossed logo on the insideCan fit phones up to 7 inchesPlease take extra care when styling this piece with delicate fabricsOuter: FabricStyle number: 9102940609","The Crystal Kensington Clutch is made from a houndstooth fabric embellished with gold crystals The gold Eagle head features crystals and clear bead eyes on the clasp.&nbsp;12cm (H), 20cm (L), 3cm (D)Strap drop: 122cmOptional gold chain strapGold foil embossed logo on the insideCan fit phones up to 7 inchesPlease take extra care when styling this piece with delicate fabricsOuter: FabricStyle number: 9102940609",159.00,159.00,https://kg-static-cache.s3.amazonaws.com/catalog/product/cache/thumbnail/2000x2000/9/1/9102940609_20.jpg?v=1&width=800,Women > Bags > Clutches,Women > Bags > Clutches,18/08/2026,,FALSE,,411,IN STOCK,,,Nude,,,16,TRUE,TRUE,FALSE
Kurt Geiger London,4369743609,4369743609,Kurt Geiger Women's Shoulder Bag Beige Fabric,https://www.kurtgeiger.com/women/bags/shoulder-bags/fabric-md-kensington-beige-combination-fabric-kurt-geiger-london-4369743609?utm_source=display&utm_medium=programmatic&utm_campaign=performance&utm_content=rtg,"This medium Kensington Bag is crafted from a beige houndstooth fabric with crystal embellishment. The antiqued brass eagle head features crystals and black bead eyes on the front flap.&nbsp;15.5cm (H), 22cm (L), 7cm (D)Strap drop cross body: 120cmAntiqued brass chain strap with padded insertDuo magnetic snap closure hidden under flapAntiqued brass branded plate on the backCan fit phones up to 7 inchesSmall internal lining pocketPlease take extra care when styling this piece with delicate fabricsOuter: FabricInterior: Monogrammed interior liningStyle number: 4369743609","This medium Kensington Bag is crafted from a beige houndstooth fabric with crystal embellishment. The antiqued brass eagle head features crystals and black bead eyes on the front flap.&nbsp;15.5cm (H), 22cm (L), 7cm (D)Strap drop cross body: 120cmAntiqued brass chain strap with padded insertDuo magnetic snap closure hidden under flapAntiqued brass branded plate on the backCan fit phones up to 7 inchesSmall internal lining pocketPlease take extra care when styling this piece with delicate fabricsOuter: FabricInterior: Monogrammed interior liningStyle number: 4369743609",179.00,179.00,https://kg-static-cache.s3.amazonaws.com/catalog/product/cache/thumbnail/2000x2000/4/3/4369743609_20.jpg?v=1&width=800,Women > Bags > Shoulder-bags,Women > Bags > Shoulder-bags,18/08/2026,,TRUE,,235,IN STOCK,,,Nude,,,37,TRUE,TRUE,FALSE
Kurt Geiger London,2043401069,2043401069,Kurt Geiger London Large Shopper Southbank Tote Bag - Zebra Canvas Shopper Bag,https://www.kurtgeiger.com/women/bags/tote-bags/southbank-lg-shopper-black-white-fabric-other-kurt-geiger-london-2043401069?utm_source=display&utm_medium=programmatic&utm_campaign=performance&utm_content=rtg,"The Large Southbank Shopper bag is crafted in a zebra canvas fabric which is printed. There is both a metallic orange sunbeam tag with antiqued brass eagle head as well as green sunglasses tag.33cm (H), 43cm (L), 16cm (D)Strap drop: 68cmCanvas top handles'Kurt' branding on the bottomBone zipper pull closure with tab detailMetallic embossed patch on the front&nbsp;Can fit laptops up to 14inchesInner pocket as well as zipped pocketInterior: UnlinedStyle number: 2043401069","The Large Southbank Shopper bag is crafted in a zebra canvas fabric which is printed. There is both a metallic orange sunbeam tag with antiqued brass eagle head as well as green sunglasses tag.33cm (H), 43cm (L), 16cm (D)Strap drop: 68cmCanvas top handles'Kurt' branding on the bottomBone zipper pull closure with tab detailMetallic embossed patch on the front&nbsp;Can fit laptops up to 14inchesInner pocket as well as zipped pocketInterior: UnlinedStyle number: 2043401069",139.00,139.00,https://kg-static-cache.s3.amazonaws.com/catalog/product/cache/thumbnail/2000x2000/2/0/2043401069_20.jpg?v=1&width=800,Women > Bags > Tote-bags,Women > Bags > Tote-bags,18/08/2026,,FALSE,,45,IN STOCK,,,Black,,,201,TRUE,TRUE,TRUE
Kurt Geiger London,5587677999,5587677999,Kurt Geiger London Kurt Sling Bag - Mini Shoulder Bag,https://www.kurtgeiger.com/women/bags/mini/vinyl-kurt-mini-shoulder-turquoise-others-kurt-geiger-london-5587677999?utm_source=display&utm_medium=programmatic&utm_campaign=performance&utm_content=rtg,"This Mini Kurt Shoulder Bag is crafted from a turquoise transparent vinyl material. There is a green eagle head sat on the front of the bag.12cm (H), 23cm (L), 8cm (D)Strap length: 43cmAntiqued brass Kurt branding on the top handle&nbsp;Can fit phones up to 6inchesMaterial: OtherStyle number: 5587677999","This Mini Kurt Shoulder Bag is crafted from a turquoise transparent vinyl material. There is a green eagle head sat on the front of the bag.12cm (H), 23cm (L), 8cm (D)Strap length: 43cmAntiqued brass Kurt branding on the top handle&nbsp;Can fit phones up to 6inchesMaterial: OtherStyle number: 5587677999",49.00,49.00,https://kg-static-cache.s3.amazonaws.com/catalog/product/cache/thumbnail/2000x2000/5/5/5587677999_20.jpg?v=1&width=800,Women > Bags > Mini,Women > Bags > Mini,18/08/2026,,FALSE,,26,IN STOCK,,,Turquoise,,,228,TRUE,TRUE,TRUE
Kurt Geiger London,5586957689,5586957689,Kurt Geiger Women's Shoulder Bag Pink Combination Fabric Other Kensington,https://www.kurtgeiger.com/women/bags/shoulder-bags/kensington-knot-shoulder-pink-combination-fabric-other-print-kurt-geiger-london-5586957689?utm_source=display&utm_medium=programmatic&utm_campaign=performance&utm_content=rtg,"This Kensington Knot Shoulder bag features a Kurt Geiger printed satin fabric exterior. There is a simple shoulder strap with knotted bow detail and antiqued brass eagle head sat on the front flap.16cm (H), 24cm (L), 7cm (D)Strap length: 70cmThe knot can be undone to adjust the shoulder strap to preferred lengthInterior zipped pocketAntiqued brass branded plate on the backCan fit phones up to 6inchesMaterial: Nylon fabricStyle number: 5586957689","This Kensington Knot Shoulder bag features a Kurt Geiger printed satin fabric exterior. There is a simple shoulder strap with knotted bow detail and antiqued brass eagle head sat on the front flap.16cm (H), 24cm (L), 7cm (D)Strap length: 70cmThe knot can be undone to adjust the shoulder strap to preferred lengthInterior zipped pocketAntiqued brass branded plate on the backCan fit phones up to 6inchesMaterial: Nylon fabricStyle number: 5586957689",109.00,109.00,https://kg-static-cache.s3.amazonaws.com/catalog/product/cache/thumbnail/2000x2000/5/5/5586957689_20.jpg?v=1&width=800,Women > Bags > Shoulder-bags,Women > Bags > Shoulder-bags,18/08/2026,,FALSE,,36,IN STOCK,,,Pink,,,216,TRUE,TRUE,TRUE
Kurt Geiger London,5605099019,5605099019,Kurt Geiger London Sun Card Holder - Orange Metallic Holder,https://www.kurtgeiger.com/women/bags/wallets/cc-holder-sun-other-leather-other-kurt-geiger-london-5605099019?utm_source=display&utm_medium=programmatic&utm_campaign=performance&utm_content=rtg,"This Sun Card Holder is crafted from a pebble grain metallic ombre leather. There is a metallic orange 3D cut out sun on the front of the wallet.10cm (H), 7cm (L), 0.5cm (D)Gold foil branding on the backMaterial: LeatherStyle number: 5605295019","This Sun Card Holder is crafted from a pebble grain metallic ombre leather. There is a metallic orange 3D cut out sun on the front of the wallet.10cm (H), 7cm (L), 0.5cm (D)Gold foil branding on the backMaterial: LeatherStyle number: 5605295019",29.00,29.00,https://kg-static-cache.s3.amazonaws.com/catalog/product/cache/thumbnail/2000x2000/5/6/5605099019_20.jpg?v=1&width=800,Women > Bags > Wallets,Women > Bags > Wallets,18/08/2026,,FALSE,,8,IN STOCK,,,,,,256,TRUE,TRUE,TRUE
Kurt Geiger London,5647139109,5647139109,Kurt Geiger Women's Wallet Brown Other Leather Kensington,https://www.kurtgeiger.com/women/bags/wallets/kensington-zip-around-w-brown-other-leather-kurt-geiger-london-5647139109?utm_source=display&utm_medium=programmatic&utm_campaign=performance&utm_content=rtg,"The Kensington Kurt Zip Around Wallet is crafted from a brown leather with 3D metallic cut out patches on the front. There is antiqued brass eagle head on the front of the purse.10cm (H), 19.5cm (L), 2cm (D)Antiqued brass branded metal zip with leather pull tabSilver foil embossed logo on the interiorCan fit up to eight classic cardsMaterial: LeatherStyle number: 5647139109","The Kensington Kurt Zip Around Wallet is crafted from a brown leather with 3D metallic cut out patches on the front. There is antiqued brass eagle head on the front of the purse.10cm (H), 19.5cm (L), 2cm (D)Antiqued brass branded metal zip with leather pull tabSilver foil embossed logo on the interiorCan fit up to eight classic cardsMaterial: LeatherStyle number: 5647139109",49.00,49.00,https://kg-static-cache.s3.amazonaws.com/catalog/product/cache/thumbnail/2000x2000/5/6/5647139109_20.jpg?v=1&width=800,Women > Bags > Wallets,Women > Bags > Wallets,18/08/2026,,FALSE,,64,IN STOCK,,,Brown,,,175,TRUE,TRUE,TRUE
Kurt Geiger London,5586043609,5586043609,Kurt Geiger Women's Shoulder Bag Beige Combination Fabric Kurt,https://www.kurtgeiger.com/women/bags/mini/fabric-kurt-mini-shoulder-beige-combination-fabric-kurt-geiger-london-5586043609?utm_source=display&utm_medium=programmatic&utm_campaign=performance&utm_content=rtg,"This Mini Kurt Shoulder Bag is crafted from a beige houndstooth fabric that is embellished with iridescent crystals. There is an antiqued brass eagle head sat on the front of the bag.12cm (H), 23cm (L), 8cm (D)Strap length: 43cmAntiqued brass Kurt branding on the top handle&nbsp;Antiqued brass branded plate on the backCan fit phones up to 6inchesMaterial: FabricStyle number: 5586043609","This Mini Kurt Shoulder Bag is crafted from a beige houndstooth fabric that is embellished with iridescent crystals. There is an antiqued brass eagle head sat on the front of the bag.12cm (H), 23cm (L), 8cm (D)Strap length: 43cmAntiqued brass Kurt branding on the top handle&nbsp;Antiqued brass branded plate on the backCan fit phones up to 6inchesMaterial: FabricStyle number: 5586043609",139.00,139.00,https://kg-static-cache.s3.amazonaws.com/catalog/product/cache/thumbnail/2000x2000/5/5/5586043609_20.jpg?v=1&width=800,Women > Bags > Mini,Women > Bags > Mini,18/08/2026,,TRUE,,61,IN STOCK,,,Nude,,,178,TRUE,TRUE,FALSE
Kurt Geiger London,5828970339,5828970339,Kurt Geiger London Kurt's Cabana Kurt Tote Bag - KURT CABANA KURT TOTE,https://www.kurtgeiger.com/women/bags/tote-bags/kc-kurt-tote-green-canvas-kurt-geiger-london-5828970339?utm_source=display&utm_medium=programmatic&utm_campaign=performance&utm_content=rtg,"This Kurt's Cabana Kurt Tote arrives in a green canvas fabric. There is white cursive branding across the front of the open pocket on the front of the purse.&nbsp;Arrives with a free Kurt Geiger tote bag (pictured) for a limited time only.25cm (H), 33cm (L), 15cm (D)Strap length: 128cmOptional cross body strapGreen luggage style tab on the upper strapsZip closure&nbsp;Can fit phones up to 6inchesMaterial: Canvas fabricStyle number: 5828970339","This Kurt's Cabana Kurt Tote arrives in a green canvas fabric. There is white cursive branding across the front of the open pocket on the front of the purse.&nbsp;Arrives with a free Kurt Geiger tote bag (pictured) for a limited time only.25cm (H), 33cm (L), 15cm (D)Strap length: 128cmOptional cross body strapGreen luggage style tab on the upper strapsZip closure&nbsp;Can fit phones up to 6inchesMaterial: Canvas fabricStyle number: 5828970339",99.00,99.00,https://kg-static-cache.s3.amazonaws.com/catalog/product/cache/thumbnail/2000x2000/5/8/5828970339_20.jpg?v=1&width=800,Women > Bags > Tote-bags,Women > Bags > Tote-bags,18/08/2026,,FALSE,,50,IN STOCK,,,Green,,,195,TRUE,TRUE,TRUE
Kurt Geiger London,5848286669,5848286669,Kurt Geiger Women's Cross Body Bag Blue Pale Combination Denim,https://www.kurtgeiger.com/women/bags/crossbody-bags/micro-kensington-blue-pale-combination-denim-kurt-geiger-london-5848286669?utm_source=display&utm_medium=programmatic&utm_campaign=performance&utm_content=rtg,"The Micro Kensington Bag is crafted with a pale blue denim fabric with floral design and overstitch quilting detail. The shiny pink eagle head features rainbow coloured crystals and black bead eyes on the front flap.&nbsp;7cm (H), 10cm (L), 2cm (D)Strap drop cross body: 123cmShiny pink metal chain strapMagnetic snap closure hidden under flapShiny pink branded metal plate on the backCan fit classic credit cardsMaterial: DenimStyle number: 5848286669","The Micro Kensington Bag is crafted with a pale blue denim fabric with floral design and overstitch quilting detail. The shiny pink eagle head features rainbow coloured crystals and black bead eyes on the front flap.&nbsp;7cm (H), 10cm (L), 2cm (D)Strap drop cross body: 123cmShiny pink metal chain strapMagnetic snap closure hidden under flapShiny pink branded metal plate on the backCan fit classic credit cardsMaterial: DenimStyle number: 5848286669",79.00,79.00,https://kg-static-cache.s3.amazonaws.com/catalog/product/cache/thumbnail/2000x2000/5/8/5848286669_20.jpg?v=1&width=800,Women > Bags > Crossbody-bags,Women > Bags > Crossbody-bags,18/08/2026,,FALSE,,99,IN STOCK,,,Blue,,,117,TRUE,TRUE,FALSE
Kurt Geiger London,5849638609,5849638609,Kurt Geiger Women's Tote Bag Rust Combination Large Shopper Bag,https://www.kurtgeiger.com/women/bags/tote-bags/kc-lg-shopper-rust-combination-fabric-kurt-geiger-london-5849638609?utm_source=display&utm_medium=programmatic&utm_campaign=performance&utm_content=rtg,"This Kurt's Cabana Large Shopper bag is crafted from a brown cord fabric with embroidered branding across the front of the bag.&nbsp;Arrives with a free Kurt Geiger tote bag (pictured) for a limited time only.40cm (H), 37cm (L), 20cm (D)Strap length: 66cmFabric luggage tag with antiqued brass eagle head&nbsp;Material: FabricStyle number: 5849638609","This Kurt's Cabana Large Shopper bag is crafted from a brown cord fabric with embroidered branding across the front of the bag.&nbsp;Arrives with a free Kurt Geiger tote bag (pictured) for a limited time only.40cm (H), 37cm (L), 20cm (D)Strap length: 66cmFabric luggage tag with antiqued brass eagle head&nbsp;Material: FabricStyle number: 5849638609",69.00,69.00,https://kg-static-cache.s3.amazonaws.com/catalog/product/cache/thumbnail/2000x2000/5/8/5849638609_20.jpg?v=1&width=800,Women > Bags > Tote-bags,Women > Bags > Tote-bags,18/08/2026,,FALSE,,18,IN STOCK,,,Rust Combination,,,238,TRUE,TRUE,TRUE
Kurt Geiger London,5851753339,5851753339,Kurt Geiger Women's Shoulder Bag Pink Pale Canvas Kensington,https://www.kurtgeiger.com/women/bags/crossbody-bags/kensington-xbody-pale-pink-canvas-kurt-geiger-london-5851753339?utm_source=display&utm_medium=programmatic&utm_campaign=performance&utm_content=rtg,"This Celia Shoulder Bag is crafted from a pale pink soft canvas fabric with overstitch quilting detail. There is an antiqued brass eagle head on the front flap and a fish and charm keyring detail.17cm (H), 26cm (L), 8cm (D)Strap length: 53cmPale blue canvas leather shoulder strapAntiqued brass chain strap detailCan fit phones up to 6inchesBrown embossed branded patch on the backMaterial: CanvasStyle number: 5851753339","This Celia Shoulder Bag is crafted from a pale pink soft canvas fabric with overstitch quilting detail. There is an antiqued brass eagle head on the front flap and a fish and charm keyring detail.17cm (H), 26cm (L), 8cm (D)Strap length: 53cmPale blue canvas leather shoulder strapAntiqued brass chain strap detailCan fit phones up to 6inchesBrown embossed branded patch on the backMaterial: CanvasStyle number: 5851753339",109.00,109.00,https://kg-static-cache.s3.amazonaws.com/catalog/product/cache/thumbnail/2000x2000/5/8/5851753339_20.jpg?v=1&width=800,Women > Bags > Crossbody-bags,Women > Bags > Crossbody-bags,18/08/2026,,FALSE,,108,IN STOCK,,,Pink,,,100,TRUE,TRUE,TRUE
Kurt Geiger London,5965030719,5965030719,Kurt Geiger WOmen's Shoulder Bag Brown Snake Print Kensington,https://www.kurtgeiger.com/women/bags/shoulder-bags/kensington-barrel-brown-snake-print-kurt-geiger-london-5965030719?utm_source=display&utm_medium=programmatic&utm_campaign=performance&utm_content=rtg,"This Kensington Barrel is crafted from a snake printed brown leather with three rows of overstitch quilting across the bag. There is an antiqued brass eagle head sat on the front of the bag.14cm (H), 35cm, 14cm (D)Strap length: 66cmCan fit phones up to 6inchesZip top closureAntiqued brass branded plate on the backMaterial: LeatherStyle number: 5965030719","This Kensington Barrel is crafted from a snake printed brown leather with three rows of overstitch quilting across the bag. There is an antiqued brass eagle head sat on the front of the bag.14cm (H), 35cm, 14cm (D)Strap length: 66cmCan fit phones up to 6inchesZip top closureAntiqued brass branded plate on the backMaterial: LeatherStyle number: 5965030719",289.00,289.00,https://kg-static-cache.s3.amazonaws.com/catalog/product/cache/thumbnail/2000x2000/5/9/5965030719_20.jpg?v=1&width=800,Women > Bags > Shoulder-bags,Women > Bags > Shoulder-bags,18/08/2026,,FALSE,,99,IN STOCK,,,Brown,,,118,TRUE,TRUE,FALSE
Kurt Geiger London,4702033209,4702033209,Kurt Geiger Women's Duffle Bag Tan Suede Kensington,https://www.kurtgeiger.com/women/bags/shoulder-bags/lg-kensington-duffle-bag-tan-suede-kurt-geiger-london-4702033209?utm_source=display&utm_medium=programmatic&utm_campaign=performance&utm_content=rtg,"This Large Kensington Duffle bag is crafted from a tan suede leather. There is an antiqued brass eagle head sat on the front of the bag.23cm (H), 34cm (L), 9cm (D)Strap length: 60cmTwo long shoulder handlesCan fit phones up to 6inchesAntiqued brass feetMaterial: SuedeStyle number: 4702033209","This Large Kensington Duffle bag is crafted from a tan suede leather. There is an antiqued brass eagle head sat on the front of the bag.23cm (H), 34cm (L), 9cm (D)Strap length: 60cmTwo long shoulder handlesCan fit phones up to 6inchesAntiqued brass feetMaterial: SuedeStyle number: 4702033209",289.00,289.00,https://kg-static-cache.s3.amazonaws.com/catalog/product/cache/thumbnail/2000x2000/4/7/4702033209_20.jpg?v=1&width=800,Women > Bags > Shoulder-bags,Women > Bags > Shoulder-bags,18/08/2026,,FALSE,,86,IN STOCK,,,Tan,,,130,TRUE,TRUE,FALSE
Kurt Geiger London,5838830209,5838830209,Kurt Geiger Women's Shoulder Brown Suede Sloane,https://www.kurtgeiger.com/women/bags/shoulder-bags/sloane-shopper-brown-suede-kurt-geiger-london-5838830209?utm_source=display&utm_medium=programmatic&utm_campaign=performance&utm_content=rtg,"This Sloane Shopper Bag is crafted from a brown suede leather with soft structure. There is a statement antiqued brass chain with cursive branding &nbsp;charm as well as a small champagne bottle charm.&nbsp;27cm (H), 36cm (L), 18cm (D)Strap length: 68cmCan fit phones up to 6inchesFour antiqued brass feetZip top closureMaterial: SuedeStyle number: 5838830209","This Sloane Shopper Bag is crafted from a brown suede leather with soft structure. There is a statement antiqued brass chain with cursive branding &nbsp;charm as well as a small champagne bottle charm.&nbsp;27cm (H), 36cm (L), 18cm (D)Strap length: 68cmCan fit phones up to 6inchesFour antiqued brass feetZip top closureMaterial: SuedeStyle number: 5838830209",369.00,369.00,https://kg-static-cache.s3.amazonaws.com/catalog/product/cache/thumbnail/2000x2000/5/8/5838830209_20.jpg?v=1&width=800,Women > Bags > Shoulder-bags,Women > Bags > Shoulder-bags,18/08/2026,,FALSE,,88,IN STOCK,,,Brown,,,129,TRUE,TRUE,FALSE
Kurt Geiger London,6053300209,6053300209,Kurt Geiger Women's Tote Bag Black Suede Chelsea Large,https://www.kurtgeiger.com/women/bags/shoulder-bags/chelsea-lg-slouch-hobo-dr-black-suede-kurt-geiger-london-6053300209?utm_source=display&utm_medium=programmatic&utm_campaign=performance&utm_content=rtg,"This Large Chelsea Slouch Hobo bag is a slouchy oversized tote bag that sits on the shoulder. The bag is crafted from a black suede leather with oversized black trim with crystal eagle head at the centre sits on the front of the bag.38cm (H), 50cm (L), 49cm (D)Strap length: 30cmCan fit laptops up to 14inchesUnlinedMaterial: Suede leatherStyle number: 6053300209","This Large Chelsea Slouch Hobo bag is a slouchy oversized tote bag that sits on the shoulder. The bag is crafted from a black suede leather with oversized black trim with crystal eagle head at the centre sits on the front of the bag.38cm (H), 50cm (L), 49cm (D)Strap length: 30cmCan fit laptops up to 14inchesUnlinedMaterial: Suede leatherStyle number: 6053300209",249.00,249.00,https://kg-static-cache.s3.amazonaws.com/catalog/product/cache/thumbnail/2000x2000/6/0/6053300209_20.jpg?v=1&width=800,Women > Bags > Shoulder-bags,Women > Bags > Shoulder-bags,18/08/2026,,FALSE,,187,IN STOCK,,,Black,,,49,TRUE,TRUE,FALSE
Kurt Geiger London,6220369999,6220369999,Kurt Geiger London Check Fringe Scarf - Fringe Scarf,https://www.kurtgeiger.com/women/bags/check-fringe-scarf-multi-other-others-kurt-geiger-london-6220369999?utm_source=display&utm_medium=programmatic&utm_campaign=performance&utm_content=rtg,"Introducing the Check Fringe Scarf. Crafted from a super soft fabric with tartan design, the edges are trimmed with fringe and a rainbow branded patch.Material: FabricStyle number: 6220369999","Introducing the Check Fringe Scarf. Crafted from a super soft fabric with tartan design, the edges are trimmed with fringe and a rainbow branded patch.Material: FabricStyle number: 6220369999",69.00,69.00,https://kg-static-cache.s3.amazonaws.com/catalog/product/cache/thumbnail/2000x2000/6/2/6220369999_20.jpg?v=1&width=800,Women > Bags,Women > Bags,18/08/2026,,FALSE,,103,IN STOCK,,,Multi-Coloured,,,108,TRUE,TRUE,FALSE
Kurt Geiger London,3036240609,3036240609,Kurt Geiger London Women's Cross Body Bag Beige Fabric Mini Kensington,https://www.kurtgeiger.com/women/bags/mini/fabric-mini-kensington-v-beige-fabric-kurt-geiger-london-3036240609?utm_source=display&utm_medium=programmatic&utm_campaign=performance&utm_content=rtg,"The Fabric Mini Kensington is crafted from a houndstooth fabric topped with brass crystals. The antiqued brass Eagle head features opaque brass crystals and black bead eyes on the front flap.&nbsp;14cm (H), 20cm (L), 6cm (D)Strap drop cross body: 120cmStrap drop shoulder: 70cmAntiqued brass chain strapDuo magnetic snap closure hidden under flapAntiqued brass branded plate on the backCan fit phones up to 7 inchesSmall internal lining pocketPlease take extra care when styling this piece with delicate fabricsOuter: Houndstooth fabricInterior: Monogrammed interior liningStyle number:&nbsp;3036240609","The Fabric Mini Kensington is crafted from a houndstooth fabric topped with brass crystals. The antiqued brass Eagle head features opaque brass crystals and black bead eyes on the front flap.&nbsp;14cm (H), 20cm (L), 6cm (D)Strap drop cross body: 120cmStrap drop shoulder: 70cmAntiqued brass chain strapDuo magnetic snap closure hidden under flapAntiqued brass branded plate on the backCan fit phones up to 7 inchesSmall internal lining pocketPlease take extra care when styling this piece with delicate fabricsOuter: Houndstooth fabricInterior: Monogrammed interior liningStyle number:&nbsp;3036240609",169.00,169.00,https://kg-static-cache.s3.amazonaws.com/catalog/product/cache/thumbnail/2000x2000/3/0/3036240609_20.jpg?v=1&width=800,Women > Bags > Mini,Women > Bags > Mini,18/08/2026,,TRUE,,1334,IN STOCK,,,Nude,,,3,TRUE,TRUE,FALSE
Kurt Geiger London,9548661979,9548661979,Kurt Geiger Women's Cross Body Bag Gold Kensington,https://www.kurtgeiger.com/women/bags/micro/micro-kensington-gold-synthetic-kurt-geiger-london-9548661979?utm_source=display&utm_medium=programmatic&utm_campaign=performance&utm_content=rtg,"The Micro Kensington Bag is crafted from a gold leather alternative fabric. The shiny brass eagle head sits on the front flap.&nbsp;7cm (H), 10cm (L), 2cm (D)Strap drop cross body: 123cmShiny brass chain strapTwo pop closures under flapShiny brass branded plate on the backCan fit classic credit cardsOuter: FabricInterior: Monogrammed interior liningStyle number: 9548661979","The Micro Kensington Bag is crafted from a gold leather alternative fabric. The shiny brass eagle head sits on the front flap.&nbsp;7cm (H), 10cm (L), 2cm (D)Strap drop cross body: 123cmShiny brass chain strapTwo pop closures under flapShiny brass branded plate on the backCan fit classic credit cardsOuter: FabricInterior: Monogrammed interior liningStyle number: 9548661979",79.00,79.00,https://kg-static-cache.s3.amazonaws.com/catalog/product/cache/thumbnail/2000x2000/9/5/9548661979_20.jpg?v=1&width=800,Women > Bags > Micro,Women > Bags > Micro,18/08/2026,,FALSE,,360,IN STOCK,,,Metallic,,,19,TRUE,TRUE,FALSE
Kurt Geiger London,3736900229,3736900229,Kurt Geiger Women's Shopper Tote Black Recycled Nylon,https://www.kurtgeiger.com/women/bags/tote-bags/recycled-shopper-dr-black-nylon-kurt-geiger-london-3736900229?utm_source=display&utm_medium=programmatic&utm_campaign=performance&utm_content=rtg,"This Drench Recycled Shopper Bag features a black nylon exterior with overstitch quilt design. There is a black eagle head with crystals sitting on the front and a recycled branding patch on the back.&nbsp;29cm (H), 38cm (L), 14cm (D)Strap length: 61cmCan fit laptops up to 14inchesTwo open interior pocketsOne interior zipped pocketNylon crafted from 100% Recycled P.E.T bottles.Material: Recycled NylonStyle number: 3736900229","This Drench Recycled Shopper Bag features a black nylon exterior with overstitch quilt design. There is a black eagle head with crystals sitting on the front and a recycled branding patch on the back.&nbsp;29cm (H), 38cm (L), 14cm (D)Strap length: 61cmCan fit laptops up to 14inchesTwo open interior pocketsOne interior zipped pocketNylon crafted from 100% Recycled P.E.T bottles.Material: Recycled NylonStyle number: 3736900229",139.00,139.00,https://kg-static-cache.s3.amazonaws.com/catalog/product/cache/thumbnail/2000x2000/3/7/3736900229_20.jpg?v=1&width=800,Women > Bags > Tote-bags,Women > Bags > Tote-bags,18/08/2026,,TRUE,,127,IN STOCK,,,Black,,,84,TRUE,TRUE,FALSE
Kurt Geiger London,4355900999,4355900999,Kurt Geiger Women's Bag Black Macrame,https://www.kurtgeiger.com/women/bags/mini/sm-macrame-crystal-bag-dr-black-others-kurt-geiger-london-4355900999?utm_source=display&utm_medium=programmatic&utm_campaign=performance&utm_content=rtg,"This Small Drench Macrame crystal bag has a black crystal embellishment across the knotted structure. There is a black metal eagle head on the luggage tag.15cm (H), 20cm (L), 7cm (D)Interior black pouch with drawstring tieBlack branded patch on interior pouchCan fit phone up to 7inchesPlease take extra care when styling this piece with delicate fabricsMaterial: SyntheticStyle number: 4355900999","This Small Drench Macrame crystal bag has a black crystal embellishment across the knotted structure. There is a black metal eagle head on the luggage tag.15cm (H), 20cm (L), 7cm (D)Interior black pouch with drawstring tieBlack branded patch on interior pouchCan fit phone up to 7inchesPlease take extra care when styling this piece with delicate fabricsMaterial: SyntheticStyle number: 4355900999",199.00,199.00,https://kg-static-cache.s3.amazonaws.com/catalog/product/cache/thumbnail/2000x2000/4/3/4355900999_20.jpg?v=1&width=800,Women > Bags > Mini,Women > Bags > Mini,18/08/2026,,FALSE,,31,IN STOCK,,,Black,,,223,TRUE,TRUE,FALSE
Kurt Geiger London,4704000109,4704000109,Kurt Geiger Women's Black Leather Kensington,https://www.kurtgeiger.com/women/bags/wallets/kensington-bifold-w-dr-black-leather-kurt-geiger-london-4704000109?utm_source=display&utm_medium=programmatic&utm_campaign=performance&utm_content=rtg,"This Kensington Bifold Wallet is crafted from a black lambskin leather with overstitch quilting design. There is a black metal eagle head on the front and a zipped pocket at the top.&nbsp;7cm (H), 14cm (L), 1cm (D)Silver foil branding on the insideClear ID slot on the insideMaterial: LeatherStyle number: 4704000109","This Kensington Bifold Wallet is crafted from a black lambskin leather with overstitch quilting design. There is a black metal eagle head on the front and a zipped pocket at the top.&nbsp;7cm (H), 14cm (L), 1cm (D)Silver foil branding on the insideClear ID slot on the insideMaterial: LeatherStyle number: 4704000109",79.00,79.00,https://kg-static-cache.s3.amazonaws.com/catalog/product/cache/thumbnail/2000x2000/4/7/4704000109_20.jpg?v=1&width=800,Women > Bags > Wallets,Women > Bags > Wallets,18/08/2026,,FALSE,,182,IN STOCK,,,Black,,,53,TRUE,TRUE,FALSE
Kurt Geiger London,3591543609,3591543609,Kurt Geiger Women's Cross Body Bag Beige Combination Fabric Chelsea,https://www.kurtgeiger.com/women/bags/crossbody-bags/sm-chelsea-xbody-beige-combination-fabric-kurt-geiger-london-3591543609?utm_source=display&utm_medium=programmatic&utm_campaign=performance&utm_content=rtg,"This Small Chelsea Cross Body Bag features a multi-colour crystal exterior. There is an antiqued brass oval trim with crystal eagle head at the centre on the front flap.12cm (H), 22cm (L), 5cm (D)Strap length: 125cmAntiqued brass chain cross body with leather padded insertCan fit phones up to 7inchesFlat pocket on the backAntiqued branded plate on the backMaterial: LeatherStyle number: 3591543609","This Small Chelsea Cross Body Bag features a multi-colour crystal exterior. There is an antiqued brass oval trim with crystal eagle head at the centre on the front flap.12cm (H), 22cm (L), 5cm (D)Strap length: 125cmAntiqued brass chain cross body with leather padded insertCan fit phones up to 7inchesFlat pocket on the backAntiqued branded plate on the backMaterial: LeatherStyle number: 3591543609",249.00,249.00,https://kg-static-cache.s3.amazonaws.com/catalog/product/cache/thumbnail/2000x2000/3/5/3591543609_20.jpg?v=1&width=800,Women > Bags > Crossbody-bags,Women > Bags > Crossbody-bags,18/08/2026,,FALSE,,406,IN STOCK,,,Nude,,,17,TRUE,TRUE,FALSE
Kurt Geiger London,5375041109,5375041109,Kurt Geiger Women's Wallet Bone Leather Pimlico,https://www.kurtgeiger.com/women/bags/wallets/pimlico-bifold-wallet-bone-leather-kurt-geiger-london-5375041109?utm_source=display&utm_medium=programmatic&utm_campaign=performance&utm_content=rtg,"This Pimlico Bifold Wallet is crafted from a bone pebble grained leather with overstitch quilting across the exterior. There is a square plate on the front with antiqued brass eagle head and crystal studs.8cm (H), 14cm (L), 2cm (D)Can hold up to 6 classic credit cardsClear ID slot on the insideAntiqued brass zip closureMaterial: LeatherStyle number: 5375041109","This Pimlico Bifold Wallet is crafted from a bone pebble grained leather with overstitch quilting across the exterior. There is a square plate on the front with antiqued brass eagle head and crystal studs.8cm (H), 14cm (L), 2cm (D)Can hold up to 6 classic credit cardsClear ID slot on the insideAntiqued brass zip closureMaterial: LeatherStyle number: 5375041109",59.00,59.00,https://kg-static-cache.s3.amazonaws.com/catalog/product/cache/thumbnail/2000x2000/5/3/5375041109_20.jpg?v=1&width=800,Women > Bags > Wallets,Women > Bags > Wallets,18/08/2026,,FALSE,,33,IN STOCK,,,White,,,221,TRUE,TRUE,TRUE
Kurt Geiger London,5579200109,5579200109,Kurt Geiger Women's Shoulder Bag Black Leather Pickle Shoulder,https://www.kurtgeiger.com/women/bags/crossbody-bags/pickle-shoulder-bag-black-leather-kurt-geiger-london-5579200109?utm_source=display&utm_medium=programmatic&utm_campaign=performance&utm_content=rtg,"This Pickle Shoulder Bag is crafted from a soft black lambskin leather with overstitch quilting detail. There is an antiqued brass metal eagle head with crystals sat on the front flap.10cm (H), 20cm (L), 6cm (D)Strap length cross body: 128cmStrap length shoulder: 55cmWith two removable straps, this bag can be worn in multiple ways including as a wristlet, across the body, on the shoulder and as a clutchOptional leather cross body strapMagnetic flap closure under the flapZip closureCan fit phones up to 7inchesMaterial: LeatherStyle number: 5579200109","This Pickle Shoulder Bag is crafted from a soft black lambskin leather with overstitch quilting detail. There is an antiqued brass metal eagle head with crystals sat on the front flap.10cm (H), 20cm (L), 6cm (D)Strap length cross body: 128cmStrap length shoulder: 55cmWith two removable straps, this bag can be worn in multiple ways including as a wristlet, across the body, on the shoulder and as a clutchOptional leather cross body strapMagnetic flap closure under the flapZip closureCan fit phones up to 7inchesMaterial: LeatherStyle number: 5579200109",159.00,159.00,https://kg-static-cache.s3.amazonaws.com/catalog/product/cache/thumbnail/2000x2000/5/5/5579200109_20.jpg?v=1&width=800,Women > Bags > Crossbody-bags,Women > Bags > Crossbody-bags,18/08/2026,,TRUE,,312,IN STOCK,,,Black,,,24,TRUE,TRUE,FALSE
Kurt Geiger London,5829193999,5829193999,Kurt Geiger Women's Shoulder Bag Yellow Other Vinyl Shoulder,https://www.kurtgeiger.com/women/bags/shoulder-bags/kc-sm-shoulder-bag-yellow-others-kurt-geiger-london-5829193999?utm_source=display&utm_medium=programmatic&utm_campaign=performance&utm_content=rtg,"This Kurt's Cabana Small Pochette Bag arrives in a yellow transparent vinyl with embossed branding on the front. There is a gold chain shoulder strap.&nbsp;Arrives with a free Kurt Geiger tote bag (pictured) for a limited time only.15cm (H), 22cm (L), 5cm (D)Strap length: 50cmCan fit phones up to 6inchesUnlined interiorMaterial: VinylStyle number: 5829193999","This Kurt's Cabana Small Pochette Bag arrives in a yellow transparent vinyl with embossed branding on the front. There is a gold chain shoulder strap.&nbsp;Arrives with a free Kurt Geiger tote bag (pictured) for a limited time only.15cm (H), 22cm (L), 5cm (D)Strap length: 50cmCan fit phones up to 6inchesUnlined interiorMaterial: VinylStyle number: 5829193999",69.00,69.00,https://kg-static-cache.s3.amazonaws.com/catalog/product/cache/thumbnail/2000x2000/5/8/5829193999_20.jpg?v=1&width=800,Women > Bags > Shoulder-bags,Women > Bags > Shoulder-bags,18/08/2026,,FALSE,,14,IN STOCK,,,Yellow,,,245,TRUE,TRUE,TRUE
Kurt Geiger London,5827057609,5827057609,Kurt Geiger London Kurt's Cabana Pickle Shoulder Bag - Pink Striped Shoulder Bag,https://www.kurtgeiger.com/women/bags/shoulder-bags/kc-pickle-shoulder-bag-pink-combination-fabric-kurt-geiger-london-5827057609?utm_source=display&utm_medium=programmatic&utm_campaign=performance&utm_content=rtg,"This Pickle Shoulder Bag is crafted from a pink striped Terry towelling fabric. There is an antiqued silver metal eagle head with crystals sat on the front flap.Arrives with a free Kurt Geiger tote bag (pictured) for a limited time only.10cm (H), 20cm (L), 6cm (D)Strap length cross body: 128cmStrap length shoulder: 55cmWith two removable straps, this bag can be worn in multiple ways including as a wristlet, across the body, on the shoulder and as a clutchMagnetic flap closure under the flapCan fit phones up to 7inchesMaterial: FabricStyle number: 5827057609","This Pickle Shoulder Bag is crafted from a pink striped Terry towelling fabric. There is an antiqued silver metal eagle head with crystals sat on the front flap.Arrives with a free Kurt Geiger tote bag (pictured) for a limited time only.10cm (H), 20cm (L), 6cm (D)Strap length cross body: 128cmStrap length shoulder: 55cmWith two removable straps, this bag can be worn in multiple ways including as a wristlet, across the body, on the shoulder and as a clutchMagnetic flap closure under the flapCan fit phones up to 7inchesMaterial: FabricStyle number: 5827057609",119.00,119.00,https://kg-static-cache.s3.amazonaws.com/catalog/product/cache/thumbnail/2000x2000/5/8/5827057609_20.jpg?v=1&width=800,Women > Bags > Shoulder-bags,Women > Bags > Shoulder-bags,18/08/2026,,FALSE,,8,IN STOCK,,,Pink,,,257,TRUE,TRUE,TRUE
Kurt Geiger London,4574500979,4574500979,Kurt Geiger London Micro Kensington Black Quilted Leather Eagle,https://www.kurtgeiger.com/women/bags/micro/micro-kensington-black-synthetic-kurt-geiger-london?utm_source=display&utm_medium=programmatic&utm_campaign=performance&utm_content=rtg,"The Micro Kensington Bag is crafted from a faux lambskin leather with overstitch quilting combining both weave and chevron patterns. The antiqued silver Eagle head features opaque silver crystals and black bead eyes on the front flap.&nbsp;7cm (H), 10cm (L), 2cm (D)Strap drop cross body: 123cmAntiqued silver chain strapMagnetic snap closure hidden under flapSilver foil logo on the backCan fit classic credit cardsOuter: Faux leatherInterior: Monogrammed interior liningStyle number:&nbsp;4574500979","The Micro Kensington Bag is crafted from a faux lambskin leather with overstitch quilting combining both weave and chevron patterns. The antiqued silver Eagle head features opaque silver crystals and black bead eyes on the front flap.&nbsp;7cm (H), 10cm (L), 2cm (D)Strap drop cross body: 123cmAntiqued silver chain strapMagnetic snap closure hidden under flapSilver foil logo on the backCan fit classic credit cardsOuter: Faux leatherInterior: Monogrammed interior liningStyle number:&nbsp;4574500979",79.00,79.00,https://kg-static-cache.s3.amazonaws.com/catalog/product/cache/thumbnail/2000x2000/4/5/4574500979_20.jpg?v=1&width=800,Women > Bags > Micro,Women > Bags > Micro,18/08/2026,,FALSE,,412,IN STOCK,,,Black,,,15,TRUE,TRUE,FALSE
Kurt Geiger London,5847080609,5847080609,Kurt Geiger Women's Shoulder Bag Blue Fabric Pickle Shoulder,https://www.kurtgeiger.com/women/bags/shoulder-bags/pickle-shoulder-lobster-blue-fabric-kurt-geiger-london-5847080609?utm_source=display&utm_medium=programmatic&utm_campaign=performance&utm_content=rtg,"This Pickle Shoulder Bag is crafted from a tonal blue satin fabric with crystal embellishments. There are three crystal embellished lip motifs across the front flap.10cm (H), 20cm (L), 6cm (D)Strap length cross body: 128cmStrap length shoulder: 55cmWith two removable straps, this bag can be worn in multiple ways including as a wristlet, across the body, on the shoulder and as a clutchOptional leather cross body strapMagnetic flap closure under the flapZip closureCan fit phones up to 7inchesMaterial: FabricStyle number: 5846857609","This Pickle Shoulder Bag is crafted from a tonal blue satin fabric with crystal embellishments. There are three crystal embellished lip motifs across the front flap.10cm (H), 20cm (L), 6cm (D)Strap length cross body: 128cmStrap length shoulder: 55cmWith two removable straps, this bag can be worn in multiple ways including as a wristlet, across the body, on the shoulder and as a clutchOptional leather cross body strapMagnetic flap closure under the flapZip closureCan fit phones up to 7inchesMaterial: FabricStyle number: 5846857609",189.00,189.00,https://kg-static-cache.s3.amazonaws.com/catalog/product/cache/thumbnail/2000x2000/5/8/5847080609_20.jpg?v=1&width=800,Women > Bags > Shoulder-bags,Women > Bags > Shoulder-bags,18/08/2026,,TRUE,,8,IN STOCK,,,Blue,,,258,TRUE,TRUE,FALSE
Kurt Geiger London,5851783339,5851783339,Kurt Geiger Women's Shoulder Bag Pale Blue Canvas Kensington,https://www.kurtgeiger.com/women/bags/crossbody-bags/kensington-xbody-pale-blue-canvas-kurt-geiger-london-5851783339?utm_source=display&utm_medium=programmatic&utm_campaign=performance&utm_content=rtg,"This Celia Shoulder Bag is crafted from a pale blue soft canvas fabric with overstitch quilting detail. There is an antiqued brass eagle head on the front flap and a fish and charm keyring detail.17cm (H), 26cm (L), 8cm (D)Strap length: 53cmPale blue canvas leather shoulder strapAntiqued brass chain strap detailCan fit phones up to 6inchesBrown embossed branded patch on the backMaterial: CanvasStyle number: 5851783339","This Celia Shoulder Bag is crafted from a pale blue soft canvas fabric with overstitch quilting detail. There is an antiqued brass eagle head on the front flap and a fish and charm keyring detail.17cm (H), 26cm (L), 8cm (D)Strap length: 53cmPale blue canvas leather shoulder strapAntiqued brass chain strap detailCan fit phones up to 6inchesBrown embossed branded patch on the backMaterial: CanvasStyle number: 5851783339",109.00,109.00,https://kg-static-cache.s3.amazonaws.com/catalog/product/cache/thumbnail/2000x2000/5/8/5851783339_20.jpg?v=1&width=800,Women > Bags > Crossbody-bags,Women > Bags > Crossbody-bags,18/08/2026,,FALSE,,69,IN STOCK,,,Blue,,,165,TRUE,TRUE,TRUE
Kurt Geiger London,5586657209,5586657209,Kurt Geiger Women's Shoulder Bag Pink Combination Suede Kurt Sling,https://www.kurtgeiger.com/women/bags/shoulder-bags/kurt-sling-pink-combination-suede-kurt-geiger-london-5586657209?utm_source=display&utm_medium=programmatic&utm_campaign=performance&utm_content=rtg,"This Mini Kurt Shoulder Bag is crafted from a pink suede leather. There is an antiqued brass eagle head sat on the front of the bag above gold foil branding.&nbsp;12cm (H), 23cm (L), 8cm (D)Strap length: 43cmAntiqued brass Kurt branding on the top handle&nbsp;Can fit phones up to 6inchesMaterial: SuedeStyle number: 5586657209","This Mini Kurt Shoulder Bag is crafted from a pink suede leather. There is an antiqued brass eagle head sat on the front of the bag above gold foil branding.&nbsp;12cm (H), 23cm (L), 8cm (D)Strap length: 43cmAntiqued brass Kurt branding on the top handle&nbsp;Can fit phones up to 6inchesMaterial: SuedeStyle number: 5586657209",149.00,149.00,https://kg-static-cache.s3.amazonaws.com/catalog/product/cache/thumbnail/2000x2000/5/5/5586657209_20.jpg?v=1&width=800,Women > Bags > Shoulder-bags,Women > Bags > Shoulder-bags,18/08/2026,,FALSE,,78,IN STOCK,,,Pink,,,141,TRUE,TRUE,FALSE
Kurt Geiger London,5851749129,5851749129,Kurt Geiger Women's Shoulder Bag Beige Other Leather Suede Celia,https://www.kurtgeiger.com/women/bags/shoulder-bags/celia-shoulder-bag-beige-other-leather-suede-kurt-geiger-london-5851749129?utm_source=display&utm_medium=programmatic&utm_campaign=performance&utm_content=rtg,"This Celia Shoulder Bag is crafted from a tonal beige leather and suede patchwork leather with stitching detail. There is an antiqued brass eagle head on the front flap.17cm (H), 26cm (L), 8cm (D)Strap length: 53cmBrown leather shoulder strapAntiqued brass chain strap detailCan fit phones up to 6inchesGold foil embossed branding on the backMaterial: Leather / SuedeStyle number: 5851749129","This Celia Shoulder Bag is crafted from a tonal beige leather and suede patchwork leather with stitching detail. There is an antiqued brass eagle head on the front flap.17cm (H), 26cm (L), 8cm (D)Strap length: 53cmBrown leather shoulder strapAntiqued brass chain strap detailCan fit phones up to 6inchesGold foil embossed branding on the backMaterial: Leather / SuedeStyle number: 5851749129",319.00,319.00,https://kg-static-cache.s3.amazonaws.com/catalog/product/cache/thumbnail/2000x2000/5/8/5851749129_20.jpg?v=1&width=800,Women > Bags > Shoulder-bags,Women > Bags > Shoulder-bags,18/08/2026,,FALSE,,48,IN STOCK,,,Nude,,,199,TRUE,TRUE,FALSE
Kurt Geiger London,6060069689,6060069689,Kurt Geiger Women's Shoulder Bag Multi Other Fabric Kurt,https://www.kurtgeiger.com/women/bags/shoulder-bags/kurt-sling-scarf-multi-other-fabric-other-print-kurt-geiger-london-6060069689?utm_source=display&utm_medium=programmatic&utm_campaign=performance&utm_content=rtg,"This Kurt Sling Scarf Shoulder Bag is crafted from a printed checked satin fabric that is embellished completely with iridescent crystals. There is an antiqued silver eagle head sat on the front of the bag above gold foil branding.&nbsp;12cm (H), 23cm (L), 8cm (D)Strap length: 43cmAntiqued silver chain top handle with satin scarf woven throughCan fit phones up to 6inchesMaterial: FabricStyle number: 6060069689","This Kurt Sling Scarf Shoulder Bag is crafted from a printed checked satin fabric that is embellished completely with iridescent crystals. There is an antiqued silver eagle head sat on the front of the bag above gold foil branding.&nbsp;12cm (H), 23cm (L), 8cm (D)Strap length: 43cmAntiqued silver chain top handle with satin scarf woven throughCan fit phones up to 6inchesMaterial: FabricStyle number: 6060069689",159.00,159.00,https://kg-static-cache.s3.amazonaws.com/catalog/product/cache/thumbnail/2000x2000/6/0/6060069689_20.jpg?v=1&width=800,Women > Bags > Shoulder-bags,Women > Bags > Shoulder-bags,18/08/2026,,FALSE,,178,IN STOCK,,,Multi-Coloured,,,57,TRUE,TRUE,FALSE
Kurt Geiger London,6332069999,6332069999,Kurt Geiger Women's Shoulder Bag Multi Other Other Hoxton,https://www.kurtgeiger.com/women/bags/shoulder-bags/hoxton-shopper-fringes-multi-other-others-kurt-geiger-london-6332069999?utm_source=display&utm_medium=programmatic&utm_campaign=performance&utm_content=rtg,"This Small Hoxton Shopper is a tote bag crafted from a panelled multi-colour faux fur fabric with tassel details at either side. There is a gold crystal eagle head sat on the front of the bag.22cm (H), 26cm (L), 11cm (D)Strap length: 88cmTwo top handles or shoulder strapsCan fit iPads up to 10inchesFour antiqued brass feet on the bottomMaterial: Faux FurStyle number: 6332069999","This Small Hoxton Shopper is a tote bag crafted from a panelled multi-colour faux fur fabric with tassel details at either side. There is a gold crystal eagle head sat on the front of the bag.22cm (H), 26cm (L), 11cm (D)Strap length: 88cmTwo top handles or shoulder strapsCan fit iPads up to 10inchesFour antiqued brass feet on the bottomMaterial: Faux FurStyle number: 6332069999",259.00,259.00,https://kg-static-cache.s3.amazonaws.com/catalog/product/cache/thumbnail/2000x2000/6/3/6332069999_20.jpg?v=1&width=800,Women > Bags > Shoulder-bags,Women > Bags > Shoulder-bags,18/08/2026,,FALSE,,105,IN STOCK,,,Multi-Coloured,,,103,TRUE,TRUE,FALSE
Kurt Geiger London,8764000979,8764000979,Kurt Geiger London Women's Clutch Bag Party Eagle Clutch Drench,https://www.kurtgeiger.com/women/bags/clutches/party-eagle-clutch-drench-black-synthetic-kurt-geiger-london?utm_source=display&utm_medium=programmatic&utm_campaign=performance&utm_content=rtg,"The Party Eagle Clutch Drench is made from flexible panelled perspex. The black metal Eagle head features jet black crystals and black bead eyes on the front flap.12cm (H), 19cm (L), 4cm (D)Strap drop: 117cmOptional black metal chain strapCan fit phones up to 7 inchesSmall internal lining pocketOuter: Panelled perspexInterior: Monogrammed interior liningStyle Number: 8764000979","The Party Eagle Clutch Drench is made from flexible panelled perspex. The black metal Eagle head features jet black crystals and black bead eyes on the front flap.12cm (H), 19cm (L), 4cm (D)Strap drop: 117cmOptional black metal chain strapCan fit phones up to 7 inchesSmall internal lining pocketOuter: Panelled perspexInterior: Monogrammed interior liningStyle Number: 8764000979",139.00,139.00,https://kg-static-cache.s3.amazonaws.com/catalog/product/cache/thumbnail/2000x2000/8/7/8764000979_20.jpg?v=1&width=800,Women > Bags > Clutches,Women > Bags > Clutches,18/08/2026,,FALSE,,746,IN STOCK,,,Black,,,7,TRUE,TRUE,FALSE
Kurt Geiger London,7146388669,7146388669,Kurt Geiger Women's Cross Body Bag Denim Blue Kensington Heart,https://www.kurtgeiger.com/women/bags/mini/kensington-heart-x-body-denim-denim-kurt-geiger-london-7146388669?utm_source=display&utm_medium=programmatic&utm_campaign=performance&utm_content=rtg,"The Kensington Heart Bag is crafted from a bleached denim in a woven effect. The antiqued brass eagle head features crystals and black bead eyes on the front.15cm (H), 17cm (L), 5.5cm (D)Strap drop cross body: 130cmAntiqued brass chain strapAntiqued brass zip closureAntiqued brass branded plate on the backOuter: DenimInterior: Monogrammed interior liningStyle number: 7146388669","The Kensington Heart Bag is crafted from a bleached denim in a woven effect. The antiqued brass eagle head features crystals and black bead eyes on the front.15cm (H), 17cm (L), 5.5cm (D)Strap drop cross body: 130cmAntiqued brass chain strapAntiqued brass zip closureAntiqued brass branded plate on the backOuter: DenimInterior: Monogrammed interior liningStyle number: 7146388669",129.00,129.00,https://kg-static-cache.s3.amazonaws.com/catalog/product/cache/thumbnail/2000x2000/7/1/7146388669_20.jpg?v=1&width=800,Women > Bags > Mini,Women > Bags > Mini,18/08/2026,,FALSE,,129,IN STOCK,,,Blue,,,81,TRUE,TRUE,FALSE
Kurt Geiger London,4369944609,4369944609,Kurt Geiger Women's Shoulder Bag Satin Kensington Bag,https://www.kurtgeiger.com/women/bags/shoulder-bags/kensington-bag-bone-combination-fabric-kurt-geiger-london-4369944609?utm_source=display&utm_medium=programmatic&utm_campaign=performance&utm_content=rtg,The Satin fabric Kensington bag is crafted from a floral printed satin fabric complimenting the removable satin scarf braided into the top handle. The antiqued brass eagle head features crystals and black bead eyes on the front flap.&nbsp;17cm (H),The Satin fabric Kensington bag is crafted from a floral printed satin fabric complimenting the removable satin scarf braided into the top handle. The antiqued brass eagle head features crystals and black bead eyes on the front flap.&nbsp;17cm (H),119.00,119.00,https://kg-static-cache.s3.amazonaws.com/catalog/product/cache/thumbnail/2000x2000/4/3/4369944609_20.jpg?v=1&width=800,Women > Bags > Shoulder-bags,Women > Bags > Shoulder-bags,18/08/2026,,FALSE,,131,IN STOCK,,,White,,,77,TRUE,TRUE,TRUE
Kurt Geiger London,5371200109,5371200109,Kurt Geiger Women's Purse Black Leather Card Holder Pimlico,https://www.kurtgeiger.com/women/bags/wallets/multi-card-pimlico-black-leather-kurt-geiger-london-5371200109?utm_source=display&utm_medium=programmatic&utm_campaign=performance&utm_content=rtg,This Multi Card Pimlico is crafted from a pebble grain black leather with overstitch quilting. There are two card slots on the outer side of the puree and four on the inside.&nbsp;8cm (H),This Multi Card Pimlico is crafted from a pebble grain black leather with overstitch quilting. There are two card slots on the outer side of the puree and four on the inside.&nbsp;8cm (H),79.00,79.00,https://kg-static-cache.s3.amazonaws.com/catalog/product/cache/thumbnail/2000x2000/5/3/5371200109_20.jpg?v=1&width=800,Women > Bags > Wallets,Women > Bags > Wallets,18/08/2026,,FALSE,,66,IN STOCK,,,Black,,,171,TRUE,TRUE,FALSE
Kurt Geiger London,5012379609,5012379609,Kurt Geiger Women's Purse Green Other Fabric Southbank,https://www.kurtgeiger.com/women/bags/wallets/southbank-zip-around-w-green-other-fabric-kurt-geiger-london-5012379609?utm_source=display&utm_medium=programmatic&utm_campaign=performance&utm_content=rtg,"This Southbank Zip Around Wallet is crafted from a camouflage printed canvas fabric. There is a metallic silver wristlet handle.9cm (H), 19cm (L), 3cm (D)Can fit up to eight credit cardsMaterial: Canvas FabricStyle number: 5012379609","This Southbank Zip Around Wallet is crafted from a camouflage printed canvas fabric. There is a metallic silver wristlet handle.9cm (H), 19cm (L), 3cm (D)Can fit up to eight credit cardsMaterial: Canvas FabricStyle number: 5012379609",39.00,39.00,https://kg-static-cache.s3.amazonaws.com/catalog/product/cache/thumbnail/2000x2000/5/0/5012379609_20.jpg?v=1&width=800,Women > Bags > Wallets,Women > Bags > Wallets,18/08/2026,,FALSE,,69,IN STOCK,,,Green,,,166,TRUE,TRUE,TRUE
Kurt Geiger London,5569643609,5569643609,Kurt Geiger London Crystal Kensington Clutch - Crystal Clutch Bag,https://www.kurtgeiger.com/women/bags/clutches/crystal-kensington-clutch-beige-combination-fabric-kurt-geiger-london-5569643609?utm_source=display&utm_medium=programmatic&utm_campaign=performance&utm_content=rtg,"The Crystal Kensington Clutch is made from a beige houndstooth fabric with iridescent crystal embellishments. The antiqued brass &nbsp;eagle head features black crystals and black crystal eyes on the clasp.&nbsp;12cm (H), 20cm (L), 3cm (D)Strap drop: 122cmOptional antiqued brass metal chain strapCan fit phones up to 7 inchesPlease take extra care when styling this piece with delicate fabricsOuter: SatinInterior: Monogrammed interior liningStyle number:&nbsp;5569643609","The Crystal Kensington Clutch is made from a beige houndstooth fabric with iridescent crystal embellishments. The antiqued brass &nbsp;eagle head features black crystals and black crystal eyes on the clasp.&nbsp;12cm (H), 20cm (L), 3cm (D)Strap drop: 122cmOptional antiqued brass metal chain strapCan fit phones up to 7 inchesPlease take extra care when styling this piece with delicate fabricsOuter: SatinInterior: Monogrammed interior liningStyle number:&nbsp;5569643609",159.00,159.00,https://kg-static-cache.s3.amazonaws.com/catalog/product/cache/thumbnail/2000x2000/5/5/5569643609_20.jpg?v=1&width=800,Women > Bags > Clutches,Women > Bags > Clutches,18/08/2026,,FALSE,,460,IN STOCK,,,Nude,,,11,TRUE,TRUE,FALSE
Kurt Geiger London,5785841109,5785841109,Kurt Geiger Women's Shoulder Bag Bone Leather Kensington,https://www.kurtgeiger.com/women/bags/crossbody-bags/macro-kensington-bone-leather-kurt-geiger-london-5785841109?utm_source=display&utm_medium=programmatic&utm_campaign=performance&utm_content=rtg,"The Macro Drench Kensington Bag is crafted from a soft lambskin leather with overstitch quilting. The extra large antiqued brass metal eagle head features crystals and black eyes on the front flap.&nbsp;32cm (H), 49cm (L), 14cm (D)Strap drop cross body: 103cmStrap drop shoulder: 65cmAntiqued brass shoulder strap with two padded leather insertsDuo magnetic snap closure hidden under flapAntiqued brass branded metal plate on the backTwo interior compartments with small internal lining pocketOuter: Lambskin leatherInterior: Monogrammed interior liningStyle number:&nbsp;5785841109","The Macro Drench Kensington Bag is crafted from a soft lambskin leather with overstitch quilting. The extra large antiqued brass metal eagle head features crystals and black eyes on the front flap.&nbsp;32cm (H), 49cm (L), 14cm (D)Strap drop cross body: 103cmStrap drop shoulder: 65cmAntiqued brass shoulder strap with two padded leather insertsDuo magnetic snap closure hidden under flapAntiqued brass branded metal plate on the backTwo interior compartments with small internal lining pocketOuter: Lambskin leatherInterior: Monogrammed interior liningStyle number:&nbsp;5785841109",399.00,399.00,https://kg-static-cache.s3.amazonaws.com/catalog/product/cache/thumbnail/2000x2000/5/7/5785841109_20.jpg?v=1&width=800,Women > Bags > Crossbody-bags,Women > Bags > Crossbody-bags,18/08/2026,,TRUE,,41,IN STOCK,,,White,,,209,TRUE,TRUE,FALSE
Kurt Geiger London,5049731209,5049731209,Kurt Geiger Women's Hobo Bag Dark Brown Suede Chelsea,https://www.kurtgeiger.com/women/bags/shoulder-bags/chelsea-lg-slouch-hobo-dark-brown-suede-kurt-geiger-london-5049731209?utm_source=display&utm_medium=programmatic&utm_campaign=performance&utm_content=rtg,"This Large Slouch Hobo is crafted from a dark brown suede leather. There is an antiqued brass oval trim with eagle head on the front of the bag,35cm (H), 50cm (L), 37cm (D)&nbsp;Strap length: 35cmCan fit laptops up to 14inchesInterior zipped pocketMaterial: SuedeStyle number: 5049731209","This Large Slouch Hobo is crafted from a dark brown suede leather. There is an antiqued brass oval trim with eagle head on the front of the bag,35cm (H), 50cm (L), 37cm (D)&nbsp;Strap length: 35cmCan fit laptops up to 14inchesInterior zipped pocketMaterial: SuedeStyle number: 5049731209",249.00,249.00,https://kg-static-cache.s3.amazonaws.com/catalog/product/cache/thumbnail/2000x2000/5/0/5049731209_20.jpg?v=1&width=800,Women > Bags > Shoulder-bags,Women > Bags > Shoulder-bags,18/08/2026,,TRUE,,31,IN STOCK,,,Brown,,,224,TRUE,TRUE,FALSE
Kurt Geiger London,5926283339,5926283339,Kurt Geiger Women's Pale Blue Canvas Celia,https://www.kurtgeiger.com/women/bags/tote-bags/celia-tote-bag-pale-blue-canvas-kurt-geiger-london-5926283339?utm_source=display&utm_medium=programmatic&utm_campaign=performance&utm_content=rtg,"This Celia Tote Bag arrives in a pale blue canvas fabric with overstitch quilting design. There is an antiqued brass eagle head sat on the front and a fabric rope charm with gold fish charm and beads attached to one strap.30cm (H), 40cm (L), 13cm (D)Strap length: 77cmTwo pop closure pockets on each sideBrown branded patch on the back&nbsp;'KURT' branding on the bottomCan fit laptops up to 14inchesInterior zipped pocketInterior open pocket&nbsp;Material: CanvasStyle number: 5926283339","This Celia Tote Bag arrives in a pale blue canvas fabric with overstitch quilting design. There is an antiqued brass eagle head sat on the front and a fabric rope charm with gold fish charm and beads attached to one strap.30cm (H), 40cm (L), 13cm (D)Strap length: 77cmTwo pop closure pockets on each sideBrown branded patch on the back&nbsp;'KURT' branding on the bottomCan fit laptops up to 14inchesInterior zipped pocketInterior open pocket&nbsp;Material: CanvasStyle number: 5926283339",99.00,99.00,https://kg-static-cache.s3.amazonaws.com/catalog/product/cache/thumbnail/2000x2000/5/9/5926283339_20.jpg?v=1&width=800,Women > Bags > Tote-bags,Women > Bags > Tote-bags,18/08/2026,,FALSE,,68,IN STOCK,,,Blue,,,168,TRUE,TRUE,TRUE
Kurt Geiger London,5965210109,5965210109,Kurt Geiger London Sloane Eastwest Shoulder Bag - SLOANE EASTWEST SHOULDER,https://www.kurtgeiger.com/women/bags/shoulder-bags/sloane-eastwest-shoulder-white-leather-kurt-geiger-london-5965210109?utm_source=display&utm_medium=programmatic&utm_campaign=performance&utm_content=rtg,"This East West Sloane Shoulder Bag is crafted from a white leather with soft structure. There is a crystal embellished eagle head on the front of the bag above a chain detail with cursive branded charm.11cm (H), 29cm (L), 12cm (D)Strap length: 67cmFour antiqued brass feetZip top closureCan fit phones up to 6inchesMaterial: LeatherStyle number: 5965210109","This East West Sloane Shoulder Bag is crafted from a white leather with soft structure. There is a crystal embellished eagle head on the front of the bag above a chain detail with cursive branded charm.11cm (H), 29cm (L), 12cm (D)Strap length: 67cmFour antiqued brass feetZip top closureCan fit phones up to 6inchesMaterial: LeatherStyle number: 5965210109",149.00,149.00,https://kg-static-cache.s3.amazonaws.com/catalog/product/cache/thumbnail/2000x2000/5/9/5965210109_20.jpg?v=1&width=800,Women > Bags > Shoulder-bags,Women > Bags > Shoulder-bags,18/08/2026,,FALSE,,30,IN STOCK,,,White,,,226,TRUE,TRUE,TRUE
Kurt Geiger London,5848233999,5848233999,Kurt Geiger Women's Cross Body Bag Tan Other Micro Kensington,https://www.kurtgeiger.com/women/bags/crossbody-bags/micro-kensington-tan-others-kurt-geiger-london-5848233999?utm_source=display&utm_medium=programmatic&utm_campaign=performance&utm_content=rtg,"&nbsp;The Micro Kensington Bag is crafted from a tan0 fabric exterior with three rows of overstitch quilting. The antiqued brass micro eagle head features crystals on the front flap.&nbsp;7cm (H), 10cm (L), 2cm (D)Strap drop cross body: 123cmAntiqued brass chain strapTwo pop closures under flapAntiqued brass branded plate on the backCan fit classic credit cardsOuter: FabricInterior: Monogrammed interior liningStyle number:&nbsp;5848233999","&nbsp;The Micro Kensington Bag is crafted from a tan0 fabric exterior with three rows of overstitch quilting. The antiqued brass micro eagle head features crystals on the front flap.&nbsp;7cm (H), 10cm (L), 2cm (D)Strap drop cross body: 123cmAntiqued brass chain strapTwo pop closures under flapAntiqued brass branded plate on the backCan fit classic credit cardsOuter: FabricInterior: Monogrammed interior liningStyle number:&nbsp;5848233999",79.00,79.00,https://kg-static-cache.s3.amazonaws.com/catalog/product/cache/thumbnail/2000x2000/5/8/5848233999_20.jpg?v=1&width=800,Women > Bags > Crossbody-bags,Women > Bags > Crossbody-bags,18/08/2026,,FALSE,,59,IN STOCK,,,Tan,,,180,TRUE,TRUE,FALSE
Kurt Geiger London,6023010309,6023010309,Kurt Geiger London Crystal Box Clutch - CRYSTAL BOX CLUTCH,https://www.kurtgeiger.com/women/bags/clutches/crystal-box-clutch-white-patent-kurt-geiger-london-6023010309?utm_source=display&utm_medium=programmatic&utm_campaign=performance&utm_content=rtg,"This Crystal Box Clutch Bag arrived in a bone patent style. There is a silver crystal embellished trim closure on the top of the bag.12cm (H), 20cm (L), 3cm (D)Strap length: 120cmCan fit classic credit card holdersPlease take extra care when styling this piece with delicate fabricsMaterial: SyntheticStyle number: 6023010309","This Crystal Box Clutch Bag arrived in a bone patent style. There is a silver crystal embellished trim closure on the top of the bag.12cm (H), 20cm (L), 3cm (D)Strap length: 120cmCan fit classic credit card holdersPlease take extra care when styling this piece with delicate fabricsMaterial: SyntheticStyle number: 6023010309",159.00,159.00,https://kg-static-cache.s3.amazonaws.com/catalog/product/cache/thumbnail/2000x2000/6/0/6023010309_20.jpg?v=1&width=800,Women > Bags > Clutches,Women > Bags > Clutches,18/08/2026,,FALSE,,98,IN STOCK,,,White,,,119,TRUE,TRUE,FALSE
Kurt Geiger London,6056200219,6056200219,Kurt Geiger Women's Cross Body Bag Black Suede Leather Sloane,https://www.kurtgeiger.com/women/bags/crossbody-bags/sloane-bowling-bag-black-suede-leather-kurt-geiger-london-6056200219?utm_source=display&utm_medium=programmatic&utm_campaign=performance&utm_content=rtg,"This Sloane Bowling Bag is crafted from a structured suede leather with shiny top handles. There is a black metal eagle head on the front of the bag complimenting the KURT charm.20cm (H), 32cm (L), 14cm (D)Strap length: 39cmStrap length: 129cmZip closureFour black metal feetMaterial: Suede leatherStyle number: 6056200219","This Sloane Bowling Bag is crafted from a structured suede leather with shiny top handles. There is a black metal eagle head on the front of the bag complimenting the KURT charm.20cm (H), 32cm (L), 14cm (D)Strap length: 39cmStrap length: 129cmZip closureFour black metal feetMaterial: Suede leatherStyle number: 6056200219",269.00,269.00,https://kg-static-cache.s3.amazonaws.com/catalog/product/cache/thumbnail/2000x2000/6/0/6056200219_20.jpg?v=1&width=800,Women > Bags > Crossbody-bags,Women > Bags > Crossbody-bags,18/08/2026,,FALSE,,131,IN STOCK,,,Black,,,78,TRUE,TRUE,FALSE
Kurt Geiger London,6075157999,6075157999,Kurt Geiger Women's Shoulder Bag Pink Combination Other Macro Oxford,https://www.kurtgeiger.com/women/bags/shoulder-bags/macro-oxford-mascot-bag-pink-combination-others-kurt-geiger-london-6075157999?utm_source=display&utm_medium=programmatic&utm_campaign=performance&utm_content=rtg,"Arriving in a statement faux fur creating the Kurt Geiger eagle, this Macro Kensington Faux Fur Bag sits on the shoulder.&nbsp;30cm (H), 48cm (L), 20cm (D)Strap length: 75cmAntiqued brass shoulder straps with inserts&nbsp;Three magnetic snap closures under the front flapTwo interior compartmentsMaterial: SyntheticStyle number: 6075157999","Arriving in a statement faux fur creating the Kurt Geiger eagle, this Macro Kensington Faux Fur Bag sits on the shoulder.&nbsp;30cm (H), 48cm (L), 20cm (D)Strap length: 75cmAntiqued brass shoulder straps with inserts&nbsp;Three magnetic snap closures under the front flapTwo interior compartmentsMaterial: SyntheticStyle number: 6075157999",369.00,369.00,https://kg-static-cache.s3.amazonaws.com/catalog/product/cache/thumbnail/2000x2000/6/0/6075157999_20.jpg?v=1&width=800,Women > Bags > Shoulder-bags,Women > Bags > Shoulder-bags,18/08/2026,,FALSE,,132,IN STOCK,,,Pink,,,72,TRUE,TRUE,FALSE
Kurt Geiger London,6152698339,6152698339,Kurt Geiger Women's Shopper Bag Pink Canvas Holborn,https://www.kurtgeiger.com/women/bags/shoulder-bags/holborn-shopper-patch-pink-canvas-kurt-geiger-london-6152698339?utm_source=display&utm_medium=programmatic&utm_campaign=performance&utm_content=rtg,"The Holborn Shopper bag arrives in a bright pink canvas fabric. The front of the bag is embroidered with a cat wearing a statement faux pearl necklace and heart sunglasses.40cm (H), 30cm (L), 20cm (D)Strap length: 63cmInterior open pocketCan fit laptops up to 14inchesUnlined interiorMaterial: CanvasStyle number: 6152698339","The Holborn Shopper bag arrives in a bright pink canvas fabric. The front of the bag is embroidered with a cat wearing a statement faux pearl necklace and heart sunglasses.40cm (H), 30cm (L), 20cm (D)Strap length: 63cmInterior open pocketCan fit laptops up to 14inchesUnlined interiorMaterial: CanvasStyle number: 6152698339",149.00,149.00,https://kg-static-cache.s3.amazonaws.com/catalog/product/cache/thumbnail/2000x2000/6/1/6152698339_20.jpg?v=1&width=800,Women > Bags > Shoulder-bags,Women > Bags > Shoulder-bags,18/08/2026,,FALSE,,123,IN STOCK,,,Pink,,,86,TRUE,TRUE,FALSE
Kurt Geiger London,6317939289,6317939289,Kurt Geiger London Multi Card Kensington - Leopard Print Suede Kensington Bag,https://www.kurtgeiger.com/women/bags/wallets/multi-card-kensington-brown-other-suede-other-print-kurt-geiger-london-6317939289?utm_source=display&utm_medium=programmatic&utm_campaign=performance&utm_content=rtg,"The Multi Card Kensington is crafted from a leopard printed suede leather with overstitch quilt. The antiqued silver eagle head features crystals.8cm (H), 10.5cm (L), 1cm (D)Single pop stud closureSilver foil embossed logo on the interiorCan fit up to eight classic cardsMaterial: LeatherStyle number: 6317939289","The Multi Card Kensington is crafted from a leopard printed suede leather with overstitch quilt. The antiqued silver eagle head features crystals.8cm (H), 10.5cm (L), 1cm (D)Single pop stud closureSilver foil embossed logo on the interiorCan fit up to eight classic cardsMaterial: LeatherStyle number: 6317939289",69.00,69.00,https://kg-static-cache.s3.amazonaws.com/catalog/product/cache/thumbnail/2000x2000/6/3/6317939289_20.jpg?v=1&width=800,Women > Bags > Wallets,Women > Bags > Wallets,18/08/2026,,FALSE,,82,IN STOCK,,,Brown,,,133,TRUE,TRUE,FALSE
Kurt Geiger London,9540501609,9540501609,Kurt Geiger London Women's Cross Body Bag Black Velvet Bow Shoreditch,https://www.kurtgeiger.com/women/bags/mini/shoreditch-sm-cross-body-black-white-fabric-kurt-geiger-london-9540501609?utm_source=display&utm_medium=programmatic&utm_campaign=performance&utm_content=rtg,"The Small Shoreditch Cross Body is crafted from a soft black velvet. The front flap is topped with crystal embellished bow with a silver Eagle head in the centre.13.5cm (H), 20cm (L), 6cm (D)Strap drop: 127cm&nbsp;Silver chain strap fed through two crystal bridgesDuo magnetic snap closure hidden under flapSilver branded plate on the backExterior flat pocket on the backCan fit phones up to 7 inchesInterior divided into two main compartmentsInterior pocket with removable mirrorOuter: LeatherInterior: Faux leather liningStyle number: 9540501609","The Small Shoreditch Cross Body is crafted from a soft black velvet. The front flap is topped with crystal embellished bow with a silver Eagle head in the centre.13.5cm (H), 20cm (L), 6cm (D)Strap drop: 127cm&nbsp;Silver chain strap fed through two crystal bridgesDuo magnetic snap closure hidden under flapSilver branded plate on the backExterior flat pocket on the backCan fit phones up to 7 inchesInterior divided into two main compartmentsInterior pocket with removable mirrorOuter: LeatherInterior: Faux leather liningStyle number: 9540501609",279.00,279.00,https://kg-static-cache.s3.amazonaws.com/catalog/product/cache/thumbnail/2000x2000/9/5/9540501609_20.jpg?v=1&width=800,Women > Bags > Mini,Women > Bags > Mini,18/08/2026,,TRUE,,1526,IN STOCK,,,Black,,,2,TRUE,TRUE,FALSE
Kurt Geiger London,5578879609,5578879609,Kurt Geiger Women's Shoulder Bag Green Other Fabric Shoreditch,https://www.kurtgeiger.com/women/bags/shoulder-bags/shoreditch-soft-sh-green-other-fabric-kurt-geiger-london-5578879609?utm_source=display&utm_medium=programmatic&utm_campaign=performance&utm_content=rtg,"This Soft Shoreditch Shoulder Bag is crafted from a camouflage canvas fabric with silver Kurt Geiger branding across the exterior. There is an antiqued brass eagle head sat on the front flap.13cm (H), 25cm (L), 8cm (D)Strap lengths shoulder: 60cmTwo optional shoulder strapsInterior zipped pocketCan fit phones up to 7inchesMagnetic snap closure under front flapMaterial: CanvasStyle number: 5578879609","This Soft Shoreditch Shoulder Bag is crafted from a camouflage canvas fabric with silver Kurt Geiger branding across the exterior. There is an antiqued brass eagle head sat on the front flap.13cm (H), 25cm (L), 8cm (D)Strap lengths shoulder: 60cmTwo optional shoulder strapsInterior zipped pocketCan fit phones up to 7inchesMagnetic snap closure under front flapMaterial: CanvasStyle number: 5578879609",129.00,129.00,https://kg-static-cache.s3.amazonaws.com/catalog/product/cache/thumbnail/2000x2000/5/5/5578879609_20.jpg?v=1&width=800,Women > Bags > Shoulder-bags,Women > Bags > Shoulder-bags,18/08/2026,,FALSE,,24,IN STOCK,,,Green,,,230,TRUE,TRUE,TRUE
Kurt Geiger London,5602136609,5602136609,Kurt Geiger Women's Purse Tan Combination Kurt Zip,https://www.kurtgeiger.com/women/bags/wallets/kurt-zip-around-w-tan-combination-fabric-kurt-geiger-london-5602136609?utm_source=display&utm_medium=programmatic&utm_campaign=performance&utm_content=rtg,"This Kurt Zip Around Wallet is crafted from a tiger print canvas fabric. There is ombre translucent KURT branding on the front of the bag.10cm (H), 19cm (L), 2cm (D)Eight classic credit card slotsMaterial: FabricStyle number: 5602136609","This Kurt Zip Around Wallet is crafted from a tiger print canvas fabric. There is ombre translucent KURT branding on the front of the bag.10cm (H), 19cm (L), 2cm (D)Eight classic credit card slotsMaterial: FabricStyle number: 5602136609",39.00,39.00,https://kg-static-cache.s3.amazonaws.com/catalog/product/cache/thumbnail/2000x2000/5/6/5602136609_20.jpg?v=1&width=800,Women > Bags > Wallets,Women > Bags > Wallets,18/08/2026,,FALSE,,16,IN STOCK,,,Tan,,,241,TRUE,TRUE,TRUE
Kurt Geiger London,5604869019,5604869019,Kurt Geiger Women's Purse Mult Other Leather Holder,https://www.kurtgeiger.com/women/bags/wallets/cc-holder-eagle-multi-other-leather-other-kurt-geiger-london-5604869019?utm_source=display&utm_medium=programmatic&utm_campaign=performance&utm_content=rtg,"This Sun Card Holder is crafted from a multi-colour pebble grain leather creating a 3D cut out bird across the exterior.&nbsp;10cm (H), 7cm (L), 0.5cm (D)Gold foil branding on the backMaterial: LeatherStyle number: 5604869019","This Sun Card Holder is crafted from a multi-colour pebble grain leather creating a 3D cut out bird across the exterior.&nbsp;10cm (H), 7cm (L), 0.5cm (D)Gold foil branding on the backMaterial: LeatherStyle number: 5604869019",49.00,49.00,https://kg-static-cache.s3.amazonaws.com/catalog/product/cache/thumbnail/2000x2000/5/6/5604869019_20.jpg?v=1&width=800,Women > Bags > Wallets,Women > Bags > Wallets,18/08/2026,,FALSE,,20,IN STOCK,,,Multi-Coloured,,,235,TRUE,TRUE,TRUE
Kurt Geiger London,5020169689,5020169689,Kurt Geiger London Mini Kensington Fringe Bag - Rainbow Swirl Kensington Bag,https://www.kurtgeiger.com/women/bags/mini/mini-kensington-fringe-multi-other-fabric-other-print-kurt-geiger-london-5020169689?utm_source=display&utm_medium=programmatic&utm_campaign=performance&utm_content=rtg,"The Fabric Mini Kensington bag is crafted from a metallic rainbow swirl fabric with crystal embellishment. There are pastel sequin tassels hanging below the front flap which is finished with an antiqued brass eagle head.14cm (H), 20cm (L), 6cm (D)Strap drop cross body: 120cmStrap drop shoulder: 70cmAntiqued brass chain strapDuo magnetic snap closure hidden under flapAntiqued brass branded plate on the backCan fit phones up to 7 inchesSmall internal lining pocketPlease take extra care when styling this piece with delicate fabricsOuter: FabricInterior: Monogrammed interior liningStyle number:&nbsp;5020169689","The Fabric Mini Kensington bag is crafted from a metallic rainbow swirl fabric with crystal embellishment. There are pastel sequin tassels hanging below the front flap which is finished with an antiqued brass eagle head.14cm (H), 20cm (L), 6cm (D)Strap drop cross body: 120cmStrap drop shoulder: 70cmAntiqued brass chain strapDuo magnetic snap closure hidden under flapAntiqued brass branded plate on the backCan fit phones up to 7 inchesSmall internal lining pocketPlease take extra care when styling this piece with delicate fabricsOuter: FabricInterior: Monogrammed interior liningStyle number:&nbsp;5020169689",109.00,109.00,https://kg-static-cache.s3.amazonaws.com/catalog/product/cache/thumbnail/2000x2000/5/0/5020169689_20.jpg?v=1&width=800,Women > Bags > Mini,Women > Bags > Mini,18/08/2026,,TRUE,,9,IN STOCK,,,Multi-Coloured,,,254,TRUE,TRUE,TRUE
Kurt Geiger London,5266741109,5266741109,Kurt Geiger London Small Chelsea East West Bag - Bone Leather Cross Body Bag,https://www.kurtgeiger.com/women/bags/crossbody-bags/chelsea-sm-eastw-bag-bone-leather-kurt-geiger-london-5266741109?utm_source=display&utm_medium=programmatic&utm_campaign=performance&utm_content=rtg,"This Small Chelsea East West Bag is crafted from a bone leather with structure. There is a crystal encrusted antiqued brass oval trim with eagle head at the centre sat on top of the flap. Style with the leather strap or optional brass chain for effortless crossbody-to-shoulder versatility.10cm (H), 20cm (L), 5cm (D)Strap length cross body: 126cmStrap length short: 42cmOpen flat pocket on the backCan fit classic credit cardsMaterial: LeatherStyle number: 5266741109","This Small Chelsea East West Bag is crafted from a bone leather with structure. There is a crystal encrusted antiqued brass oval trim with eagle head at the centre sat on top of the flap. Style with the leather strap or optional brass chain for effortless crossbody-to-shoulder versatility.10cm (H), 20cm (L), 5cm (D)Strap length cross body: 126cmStrap length short: 42cmOpen flat pocket on the backCan fit classic credit cardsMaterial: LeatherStyle number: 5266741109",269.00,269.00,https://kg-static-cache.s3.amazonaws.com/catalog/product/cache/thumbnail/2000x2000/5/2/5266741109_20.jpg?v=1&width=800,Women > Bags > Crossbody-bags,Women > Bags > Crossbody-bags,18/08/2026,,FALSE,,117,IN STOCK,,,White,,,90,TRUE,TRUE,FALSE
Kurt Geiger London,5828770339,5828770339,Kurt Geiger Women's tote Bag Green Kurt Shopper,https://www.kurtgeiger.com/women/bags/tote-bags/kc-kurt-lg-shopper-green-canvas-kurt-geiger-london-5828770339?utm_source=display&utm_medium=programmatic&utm_campaign=performance&utm_content=rtg,"This Kurt's Cabana Large Shopper is crafted from a green canvas with cursive embroidered branding detail on the front and branded patch on the back. There is a tab on the top handles with an antiqued brass eagle head sat on it.&nbsp;Arrives with a free Kurt Geiger tote bag (pictured) for a limited time only.39cm (H), 37cm (L), 18cm (D)Strap length: 63cmCan fit laptops up to 14inchesMaterial: CanvasStyle number: 5828770339","This Kurt's Cabana Large Shopper is crafted from a green canvas with cursive embroidered branding detail on the front and branded patch on the back. There is a tab on the top handles with an antiqued brass eagle head sat on it.&nbsp;Arrives with a free Kurt Geiger tote bag (pictured) for a limited time only.39cm (H), 37cm (L), 18cm (D)Strap length: 63cmCan fit laptops up to 14inchesMaterial: CanvasStyle number: 5828770339",69.00,69.00,https://kg-static-cache.s3.amazonaws.com/catalog/product/cache/thumbnail/2000x2000/5/8/5828770339_20.jpg?v=1&width=800,Women > Bags > Tote-bags,Women > Bags > Tote-bags,18/08/2026,,FALSE,,168,IN STOCK,,,Green,,,59,TRUE,TRUE,TRUE
Kurt Geiger London,5833386669,5833386669,Kurt Geiger Women's Purse Blue Pale Denim Shoreditch,https://www.kurtgeiger.com/women/bags/wallets/shoreditch-zip-around-w-blue-pale-combination-denim-kurt-geiger-london-5833386669?utm_source=display&utm_medium=programmatic&utm_campaign=performance&utm_content=rtg,This Shoreditch Zip Around Wristlet wallet is crafted from a blue denim fabric with watercolour style floral print across the exterior with pale pink trim. There is a gold crystal embellished eagle head sat on the front of the purse.Wristlet strapSlots for eight credit cardsGold foil embossing on the insideMaterial: DenimStyle number: 5833386669,This Shoreditch Zip Around Wristlet wallet is crafted from a blue denim fabric with watercolour style floral print across the exterior with pale pink trim. There is a gold crystal embellished eagle head sat on the front of the purse.Wristlet strapSlots for eight credit cardsGold foil embossing on the insideMaterial: DenimStyle number: 5833386669,99.00,99.00,https://kg-static-cache.s3.amazonaws.com/catalog/product/cache/thumbnail/2000x2000/5/8/5833386669_20.jpg?v=1&width=800,Women > Bags > Wallets,Women > Bags > Wallets,18/08/2026,,FALSE,,39,IN STOCK,,,Blue,,,212,TRUE,TRUE,FALSE
Kurt Geiger London,5851734339,5851734339,Kurt Geiger London Celia Shoulder Bag - KENSINGTON XBODY,https://www.kurtgeiger.com/women/bags/crossbody-bags/kensington-xbody-rust-canvas-kurt-geiger-london-5851734339?utm_source=display&utm_medium=programmatic&utm_campaign=performance&utm_content=rtg,"This Celia Shoulder Bag is crafted from a rust soft canvas fabric with overstitch quilting detail. There is an antiqued brass eagle head on the front flap.17cm (H), 26cm (L), 8cm (D)Strap length: 53cmRust denim leather shoulder strapAntiqued brass chain strap detailCan fit phones up to 6inchesBrown embossed branded patch on the backMaterial: CanvasStyle number: 5851734339","This Celia Shoulder Bag is crafted from a rust soft canvas fabric with overstitch quilting detail. There is an antiqued brass eagle head on the front flap.17cm (H), 26cm (L), 8cm (D)Strap length: 53cmRust denim leather shoulder strapAntiqued brass chain strap detailCan fit phones up to 6inchesBrown embossed branded patch on the backMaterial: CanvasStyle number: 5851734339",109.00,109.00,https://kg-static-cache.s3.amazonaws.com/catalog/product/cache/thumbnail/2000x2000/5/8/5851734339_20.jpg?v=1&width=800,Women > Bags > Crossbody-bags,Women > Bags > Crossbody-bags,18/08/2026,,FALSE,,103,IN STOCK,,,Brown,,,109,TRUE,TRUE,TRUE
Kurt Geiger London,5963900109,5963900109,Kurt Geiger Women's Shoulder Bag Leather Black Kensington,https://www.kurtgeiger.com/women/bags/crossbody-bags/kensington-east-west-kurt-black-leather-kurt-geiger-london-5963900109?utm_source=display&utm_medium=programmatic&utm_campaign=performance&utm_content=rtg,"This Kensington East West Kurt bag features a large black eagle head with crystals sat on the quilted front flap. There is an antiqued brass KURT branding detail on the base of the bag.13cm (H), 30cm (L), 8cm (D)Strap length: 65cmCan fit phones up to 6inchesGold foil branding detail on the backMaterial: LeatherStyle number: 5963900109","This Kensington East West Kurt bag features a large black eagle head with crystals sat on the quilted front flap. There is an antiqued brass KURT branding detail on the base of the bag.13cm (H), 30cm (L), 8cm (D)Strap length: 65cmCan fit phones up to 6inchesGold foil branding detail on the backMaterial: LeatherStyle number: 5963900109",269.00,269.00,https://kg-static-cache.s3.amazonaws.com/catalog/product/cache/thumbnail/2000x2000/5/9/5963900109_20.jpg?v=1&width=800,Women > Bags > Crossbody-bags,Women > Bags > Crossbody-bags,18/08/2026,,FALSE,,19,IN STOCK,,,Black,,,237,TRUE,TRUE,FALSE
Kurt Geiger London,5049769129,5049769129,Kurt Geiger Women's Tote Bag Mult Other Leather Suede Chelsea,https://www.kurtgeiger.com/women/bags/shoulder-bags/chelsea-lg-slouch-hobo-multi-other-leather-suede-kurt-geiger-london-5049769129?utm_source=display&utm_medium=programmatic&utm_campaign=performance&utm_content=rtg,"This Large Slouch Hobo is crafted from a patchwork muted leather and suede. There is an antiqued brass oval trim with eagle head on the front of the bag,35cm (H), 50cm (L), 37cm (D)Strap length: 35cmCan fit laptops up to 14inchesInterior zipped pocketMaterial: Leather / SuedeStyle number: 5049769129","This Large Slouch Hobo is crafted from a patchwork muted leather and suede. There is an antiqued brass oval trim with eagle head on the front of the bag,35cm (H), 50cm (L), 37cm (D)Strap length: 35cmCan fit laptops up to 14inchesInterior zipped pocketMaterial: Leather / SuedeStyle number: 5049769129",279.00,279.00,https://kg-static-cache.s3.amazonaws.com/catalog/product/cache/thumbnail/2000x2000/5/0/5049769129_20.jpg?v=1&width=800,Women > Bags > Shoulder-bags,Women > Bags > Shoulder-bags,18/08/2026,,FALSE,,9,IN STOCK,,,Multi-Coloured,,,255,TRUE,TRUE,FALSE
Kurt Geiger London,5964886669,5964886669,Kurt Geiger Women's Shoulder Bag Blue Pale Combination Denim,https://www.kurtgeiger.com/women/bags/shoulder-bags/kensington-sm-barrel-blue-pale-combination-denim-kurt-geiger-london-5964886669?utm_source=display&utm_medium=programmatic&utm_campaign=performance&utm_content=rtg,"This Small Kensington Barrel bag is a shoulder bag crafted from a blue denim fabric with paisley bleached design and overstitch quilting. There is an antiqued brass eagle head on the front of the bag.&nbsp;9cm (H), 21cm (L), 9cm (D)Strap length: 65cmTan leather shoulder strapZip top closureBranded plate on the backCan fit phones up to 6inchesMaterial: DenimStyle number: 5964886669","This Small Kensington Barrel bag is a shoulder bag crafted from a blue denim fabric with paisley bleached design and overstitch quilting. There is an antiqued brass eagle head on the front of the bag.&nbsp;9cm (H), 21cm (L), 9cm (D)Strap length: 65cmTan leather shoulder strapZip top closureBranded plate on the backCan fit phones up to 6inchesMaterial: DenimStyle number: 5964886669",149.00,149.00,https://kg-static-cache.s3.amazonaws.com/catalog/product/cache/thumbnail/2000x2000/5/9/5964886669_20.jpg?v=1&width=800,Women > Bags > Shoulder-bags,Women > Bags > Shoulder-bags,18/08/2026,,FALSE,,59,IN STOCK,,,Blue,,,181,TRUE,TRUE,FALSE
Kurt Geiger London,5998400209,5998400209,Kurt Geiger Women's Cross Body Bag Black Suede Mini Kensington,https://www.kurtgeiger.com/women/bags/mini/mini-kensington-drench-black-suede-kurt-geiger-london-5998400209?utm_source=display&utm_medium=programmatic&utm_campaign=performance&utm_content=rtg,"The Mini Kensington Drench Bag is crafted from a soft suede leather with signature parquet padded overstitch quilt with three rows of weave pattern. The black metal eagle head features jet black crystals and black crystal eyes on the front flap.&nbsp;14cm (H), 20cm (L), 6cm (D)Strap drop cross body: 120cmStrap drop shoulder: 70cmBlack metal chain strapDuo magnetic snap closure hidden under flapBlack branded plate on the backCan fit phones up to 7 inchesSmall internal lining pocketOuter: SuedeInterior: Monogrammed interior liningStyle number:&nbsp;5998400209","The Mini Kensington Drench Bag is crafted from a soft suede leather with signature parquet padded overstitch quilt with three rows of weave pattern. The black metal eagle head features jet black crystals and black crystal eyes on the front flap.&nbsp;14cm (H), 20cm (L), 6cm (D)Strap drop cross body: 120cmStrap drop shoulder: 70cmBlack metal chain strapDuo magnetic snap closure hidden under flapBlack branded plate on the backCan fit phones up to 7 inchesSmall internal lining pocketOuter: SuedeInterior: Monogrammed interior liningStyle number:&nbsp;5998400209",189.00,189.00,https://kg-static-cache.s3.amazonaws.com/catalog/product/cache/thumbnail/2000x2000/5/9/5998400209_20.jpg?v=1&width=800,Women > Bags > Mini,Women > Bags > Mini,18/08/2026,,FALSE,,14,IN STOCK,,,Black,,,246,TRUE,TRUE,FALSE
Kurt Geiger London,3580930209,3580930209,Kurt Geiger Women's Duffle Bag Brown Suede Kensington,https://www.kurtgeiger.com/women/bags/sm-kensington-duffle-bag-brown-suede-kurt-geiger-london-3580930209?utm_source=display&utm_medium=programmatic&utm_campaign=performance&utm_content=rtg,"This Small Kensington Duffle Bag features a brown suede exterior with overstitch quilting. There is an antiqued brass eagle head with crystals sat on the front15cm (H), 27cm (L),7cm (D)Strap length: 132cmTwo top handlesFour antiqued brass feetAntiqued brass branded plate on the backInterior slip pocketCan fit phones up to 7inchesMaterial: LeatherStyle number: 3580930209","This Small Kensington Duffle Bag features a brown suede exterior with overstitch quilting. There is an antiqued brass eagle head with crystals sat on the front15cm (H), 27cm (L),7cm (D)Strap length: 132cmTwo top handlesFour antiqued brass feetAntiqued brass branded plate on the backInterior slip pocketCan fit phones up to 7inchesMaterial: LeatherStyle number: 3580930209",229.00,229.00,https://kg-static-cache.s3.amazonaws.com/catalog/product/cache/thumbnail/2000x2000/3/5/3580930209_20.jpg?v=1&width=800,Women > Bags,Women > Bags,18/08/2026,,FALSE,,70,IN STOCK,,,Brown,,,163,TRUE,TRUE,FALSE
Kurt Geiger London,5031669999,5031669999,Kurt Geiger Women's Shoulder Bag Multi Other Macro Kensington,https://www.kurtgeiger.com/women/bags/crossbody-bags/macro-kensington-f-fur-multi-other-others-kurt-geiger-london-5031669999?utm_source=display&utm_medium=programmatic&utm_campaign=performance&utm_content=rtg,"Arriving in a statement faux fur in multi-colour panels, this Macro Kensington Faux Fur Bag sits on the shoulder. There is an XL antiqued brass eagle head placed on the front flap.30cm (H), 48cm (L), 20cm (D)Strap length: 75cmGold shoulder straps with inserts&nbsp;Three magnetic snap closures under the front flapTwo interior compartmentsMaterial: SyntheticStyle number: 5031669999","Arriving in a statement faux fur in multi-colour panels, this Macro Kensington Faux Fur Bag sits on the shoulder. There is an XL antiqued brass eagle head placed on the front flap.30cm (H), 48cm (L), 20cm (D)Strap length: 75cmGold shoulder straps with inserts&nbsp;Three magnetic snap closures under the front flapTwo interior compartmentsMaterial: SyntheticStyle number: 5031669999",349.00,349.00,https://kg-static-cache.s3.amazonaws.com/catalog/product/cache/thumbnail/2000x2000/5/0/5031669999_20.jpg?v=1&width=800,Women > Bags > Crossbody-bags,Women > Bags > Crossbody-bags,18/08/2026,,FALSE,,92,IN STOCK,,,Multi-Coloured,,,123,TRUE,TRUE,FALSE
Kurt Geiger London,6063839609,6063839609,Kurt Geiger Women's Tote Bag Brown Other Fabric Chelsea,https://www.kurtgeiger.com/women/bags/shoulder-bags/chelsea-sm-slouch-hobo-brown-other-fabric-kurt-geiger-london-6063839609?utm_source=display&utm_medium=programmatic&utm_campaign=performance&utm_content=rtg,"This Small Chelsea Slouch Hobo bag is crafted from a brown microsuede fabric with crystal mesh over the top. The front of the bag is accented with an antiqued silver oval trimmed eagle head.19cm (H), 20cm (L), 9cm (D)Strap length: 25cmMagnetic snap closureCan fit phones up to 6inchesUnlined interior&nbsp;Material: FabricStyle number: 6063839609","This Small Chelsea Slouch Hobo bag is crafted from a brown microsuede fabric with crystal mesh over the top. The front of the bag is accented with an antiqued silver oval trimmed eagle head.19cm (H), 20cm (L), 9cm (D)Strap length: 25cmMagnetic snap closureCan fit phones up to 6inchesUnlined interior&nbsp;Material: FabricStyle number: 6063839609",159.00,159.00,https://kg-static-cache.s3.amazonaws.com/catalog/product/cache/thumbnail/2000x2000/6/0/6063839609_20.jpg?v=1&width=800,Women > Bags > Shoulder-bags,Women > Bags > Shoulder-bags,18/08/2026,,FALSE,,278,IN STOCK,,,Brown,,,32,TRUE,TRUE,FALSE
Kurt Geiger London,6317763019,6317763019,Kurt Geiger Women's Purse Silver Leather Other Bifold,https://www.kurtgeiger.com/women/bags/wallets/bifold-wallet-celia-silver-leather-other-kurt-geiger-london-6317763019?utm_source=display&utm_medium=programmatic&utm_campaign=performance&utm_content=rtg,"This Bifold Wallet is crafted from a silver crinkled leather in a shiny silver. There is a simple antiqued brass eagle head sat on the front.&nbsp;8cm (H), 14cm (L), 1cm (D)Can fit 6 classic credit cardsClear ID slot on the insidePop snap closureMaterial: LeatherStyle number: 6317763019","This Bifold Wallet is crafted from a silver crinkled leather in a shiny silver. There is a simple antiqued brass eagle head sat on the front.&nbsp;8cm (H), 14cm (L), 1cm (D)Can fit 6 classic credit cardsClear ID slot on the insidePop snap closureMaterial: LeatherStyle number: 6317763019",79.00,79.00,https://kg-static-cache.s3.amazonaws.com/catalog/product/cache/thumbnail/2000x2000/6/3/6317763019_20.jpg?v=1&width=800,Women > Bags > Wallets,Women > Bags > Wallets,18/08/2026,,FALSE,,89,IN STOCK,,,Metallic,,,125,TRUE,TRUE,FALSE
Kurt Geiger London,5585356999,5585356999,Kurt Geiger London Small Jelly Tote Bag - Wine Jelly Tote Bag,https://www.kurtgeiger.com/women/bags/tote-bags/jelly-sm-tote-bag-wine-combination-others-kurt-geiger-london-5585356999?utm_source=display&utm_medium=programmatic&utm_campaign=performance&utm_content=rtg,"This Small Jelly Tote Bag is crafted from a wine perspex fabric with hatched cut outs and debased branding on the front of the bag. There are two structured top handles, one with a luxe satin scarf and metallic red luggage tag.20cm (H), 27cm (L), 12cm (D)Strap length: 128cmTop handle drop: 10cmSatin interior printed pouch with drawstring tieCan fit phones up to 6inchesMaterial: SyntheticStyle number: 5585356999","This Small Jelly Tote Bag is crafted from a wine perspex fabric with hatched cut outs and debased branding on the front of the bag. There are two structured top handles, one with a luxe satin scarf and metallic red luggage tag.20cm (H), 27cm (L), 12cm (D)Strap length: 128cmTop handle drop: 10cmSatin interior printed pouch with drawstring tieCan fit phones up to 6inchesMaterial: SyntheticStyle number: 5585356999",199.00,199.00,https://kg-static-cache.s3.amazonaws.com/catalog/product/cache/thumbnail/2000x2000/5/5/5585356999_20.jpg?v=1&width=800,Women > Bags > Tote-bags,Women > Bags > Tote-bags,18/08/2026,,FALSE,,146,IN STOCK,,,Red,,,69,TRUE,TRUE,FALSE
Kurt Geiger London,5585305999,5585305999,Kurt Geiger Women's Tote Bag Jelly,https://www.kurtgeiger.com/women/bags/tote-bags/jelly-sm-tote-bag-black-combination-others-kurt-geiger-london-5585305999?utm_source=display&utm_medium=programmatic&utm_campaign=performance&utm_content=rtg,"This Small Jelly Tote Bag is crafted from a clear perspex fabric with hatched cut outs and debased branding on the front of the bag. There are two structured top handles, one with a luxe sequin satin scarf and metallic pink luggage tag.20cm (H), 27cm (L), 12cm (D)Strap length: 128cmTop handle drop: 10cmSatin sequin interior printed pouch with drawstring tieCan fit phones up to 6inchesMaterial: SyntheticStyle number: 5585305999","This Small Jelly Tote Bag is crafted from a clear perspex fabric with hatched cut outs and debased branding on the front of the bag. There are two structured top handles, one with a luxe sequin satin scarf and metallic pink luggage tag.20cm (H), 27cm (L), 12cm (D)Strap length: 128cmTop handle drop: 10cmSatin sequin interior printed pouch with drawstring tieCan fit phones up to 6inchesMaterial: SyntheticStyle number: 5585305999",199.00,199.00,https://kg-static-cache.s3.eu-west-1.amazonaws.com/catalog/product/cache/thumbnail/343x343/5/5/5585305999_20.jpg?v=1&width=800,Women > Bags > Tote-bags,Women > Bags > Tote-bags,18/08/2026,,FALSE,,80,IN STOCK,,,Black,,,138,TRUE,TRUE,FALSE
Kurt Geiger London,4574563999,4574563999,Kurt Geiger London Micro Kensington Blue Metallic Leather Eagle,https://www.kurtgeiger.com/women/bags/crossbody-bags/micro-kensington-silver-others-kurt-geiger-london?utm_source=display&utm_medium=programmatic&utm_campaign=performance&utm_content=rtg,"The Micro Kensington Bag is crafted with a vinyl coated glitter with overstitch quilting combining both weave and chevron patterns. The antiqued silver Eagle head features rainbow coloured crystals and black bead eyes on the front flap.&nbsp;7cm (H), 10cm (L), 2cm (D)Strap drop cross body: 123cmAntiqued silver chain strapMagnetic snap closure hidden under flapAntiqued silver branded metal plate on the backCan fit classic credit cardsOuter: Vinyl coated glitterInterior: Monogrammed interior liningStyle number: 4574563999","The Micro Kensington Bag is crafted with a vinyl coated glitter with overstitch quilting combining both weave and chevron patterns. The antiqued silver Eagle head features rainbow coloured crystals and black bead eyes on the front flap.&nbsp;7cm (H), 10cm (L), 2cm (D)Strap drop cross body: 123cmAntiqued silver chain strapMagnetic snap closure hidden under flapAntiqued silver branded metal plate on the backCan fit classic credit cardsOuter: Vinyl coated glitterInterior: Monogrammed interior liningStyle number: 4574563999",79.00,79.00,https://kg-static-cache.s3.amazonaws.com/catalog/product/cache/thumbnail/2000x2000/4/5/4574563999_20.jpg?v=1&width=800,Women > Bags > Crossbody-bags,Women > Bags > Crossbody-bags,18/08/2026,,FALSE,,859,IN STOCK,,,Metallic,,,6,TRUE,TRUE,FALSE
Kurt Geiger London,9793000109,9793000109,Kurt Geiger Women's Card Holder Black Leather Drench,https://www.kurtgeiger.com/women/bags/wallets/card-holder-drench-black-leather-kurt-geiger-london-9793000109?utm_source=display&utm_medium=programmatic&utm_campaign=performance&utm_content=rtg,"The Card Holder is crafted from a black leather. The black eagle head features all over feather detail on the front completing the drench design.8cm (H), 10.5cm (L), 0.5cm (D)Silver foil embossed logo on the backCan fit up to four classic cardsOuter: LeatherStyle number: 9793000109","The Card Holder is crafted from a black leather. The black eagle head features all over feather detail on the front completing the drench design.8cm (H), 10.5cm (L), 0.5cm (D)Silver foil embossed logo on the backCan fit up to four classic cardsOuter: LeatherStyle number: 9793000109",59.00,59.00,https://kg-static-cache.s3.amazonaws.com/catalog/product/cache/thumbnail/2000x2000/9/7/9793000109_20.jpg?v=1&width=800,Women > Bags > Wallets,Women > Bags > Wallets,18/08/2026,,FALSE,,354,IN STOCK,,,Black,,,20,TRUE,TRUE,FALSE
Kurt Geiger London,4026499999,4026499999,Kurt Geiger Women's Clutch Bag Other Party Eagle,https://www.kurtgeiger.com/women/bags/clutches/party-eagle-clutch-other-others-kurt-geiger-london-4026499999?utm_source=display&utm_medium=programmatic&utm_campaign=performance&utm_content=rtg,"The Party Eagle Clutch is made from flexible panelled perspex with glitter and marble effects. The gold eagle head features all over crystals and black bead eyes on the front flap.12cm (H), 19cm (L), 4cm (D)Strap drop: 117cmOptional gold chain strapCan fit phones up to 7 inchesSmall internal lining pocketOuter: Panelled perspexInterior: Monogrammed interior liningStyle Number: 4026499999","The Party Eagle Clutch is made from flexible panelled perspex with glitter and marble effects. The gold eagle head features all over crystals and black bead eyes on the front flap.12cm (H), 19cm (L), 4cm (D)Strap drop: 117cmOptional gold chain strapCan fit phones up to 7 inchesSmall internal lining pocketOuter: Panelled perspexInterior: Monogrammed interior liningStyle Number: 4026499999",139.00,139.00,https://kg-static-cache.s3.amazonaws.com/catalog/product/cache/thumbnail/2000x2000/4/0/4026499999_20.jpg?v=1&width=800,Women > Bags > Clutches,Women > Bags > Clutches,18/08/2026,,FALSE,,70,IN STOCK,,,,,,164,TRUE,TRUE,FALSE
Kurt Geiger London,5266733209,5266733209,Kurt Geiger Women's Cross Body Bag Tan Suede Chelsea,https://www.kurtgeiger.com/women/bags/shoulder-bags/chelsea-sm-eastw-bag-tan-suede-kurt-geiger-london-5266733209?utm_source=display&utm_medium=programmatic&utm_campaign=performance&utm_content=rtg,"This Small Chelsea East West Bag is crafted from a tan suede leather with structure. There is a crystal encrusted antiqued brass oval trim with eagle head at the centre sat on top of the flap. Style with the leather strap or optional brass chain for effortless crossbody-to-shoulder versatility.10cm (H), 20cm (L), 5cm (D)Strap length cross body: 126cmStrap length short: 42cmOpen flat pocket on the backCan fit classic credit cardsMaterial: SuedeStyle number: 5266733209","This Small Chelsea East West Bag is crafted from a tan suede leather with structure. There is a crystal encrusted antiqued brass oval trim with eagle head at the centre sat on top of the flap. Style with the leather strap or optional brass chain for effortless crossbody-to-shoulder versatility.10cm (H), 20cm (L), 5cm (D)Strap length cross body: 126cmStrap length short: 42cmOpen flat pocket on the backCan fit classic credit cardsMaterial: SuedeStyle number: 5266733209",269.00,269.00,https://kg-static-cache.s3.amazonaws.com/catalog/product/cache/thumbnail/2000x2000/5/2/5266733209_20.jpg?v=1&width=800,Women > Bags > Shoulder-bags,Women > Bags > Shoulder-bags,18/08/2026,,FALSE,,132,IN STOCK,,,Tan,,,73,TRUE,TRUE,FALSE
Kurt Geiger London,5586224319,5586224319,Kurt Geiger Women's shoulder Bag Blush Patent Leather Kurt,https://www.kurtgeiger.com/women/bags/shoulder-bags/kurt-soft-shoulder-bag-blush-patent-leather-kurt-geiger-london-5586224319?utm_source=display&utm_medium=programmatic&utm_campaign=performance&utm_content=rtg,"This Kurt Soft Shoulder Bag is crafted from a blush leather. There is both a pink leather shoulder strap as well as antiqued brass chain shoulder strap.&nbsp;14cm (H), 17cm (L), 10cm (D)Strap length: 45cmAntiqued brass branded plate on the backCan fit phones up to 8inchesMaterial: NylonStyle number: 5586224319","This Kurt Soft Shoulder Bag is crafted from a blush leather. There is both a pink leather shoulder strap as well as antiqued brass chain shoulder strap.&nbsp;14cm (H), 17cm (L), 10cm (D)Strap length: 45cmAntiqued brass branded plate on the backCan fit phones up to 8inchesMaterial: NylonStyle number: 5586224319",49.00,49.00,https://kg-static-cache.s3.amazonaws.com/catalog/product/cache/thumbnail/2000x2000/5/5/5586224319_20.jpg?v=1&width=800,Women > Bags > Shoulder-bags,Women > Bags > Shoulder-bags,18/08/2026,,FALSE,,50,IN STOCK,,,Blush,,,196,TRUE,TRUE,TRUE
Kurt Geiger London,5644635069,5644635069,Kurt Geiger Women's Shoulder Bag Dark Brown Combination Fabric Other Pimlico,https://www.kurtgeiger.com/women/bags/mini/mini-pimlico-flower-st-dark-brown-combination-fabric-other-kurt-geiger-london-5644635069?utm_source=display&utm_medium=programmatic&utm_campaign=performance&utm_content=rtg,"This Mini Pimlico Bag arrives in a black fabric with bone floral embroidery. There are also 3D raffia flowers across the front of the bag as well as an antiqued brass eagle head on the front flap.&nbsp;12cm (H), 21cm (L), 6cm (D)Strap length: 135cmAntiqued brass shoulder strapOptional brown cross body strapFlat open pocket on the backInterior zipped pocketCan fit phones up to 6inchesMaterial: FabricStyle number: 5644635069","This Mini Pimlico Bag arrives in a black fabric with bone floral embroidery. There are also 3D raffia flowers across the front of the bag as well as an antiqued brass eagle head on the front flap.&nbsp;12cm (H), 21cm (L), 6cm (D)Strap length: 135cmAntiqued brass shoulder strapOptional brown cross body strapFlat open pocket on the backInterior zipped pocketCan fit phones up to 6inchesMaterial: FabricStyle number: 5644635069",119.00,119.00,https://kg-static-cache.s3.amazonaws.com/catalog/product/cache/thumbnail/2000x2000/5/6/5644635069_20.jpg?v=1&width=800,Women > Bags > Mini,Women > Bags > Mini,18/08/2026,,FALSE,,66,IN STOCK,,,Dark Brown Combination,,,172,TRUE,TRUE,TRUE
Kurt Geiger London,5586657109,5586657109,Kurt Geiger Women's Shoulder Bag Pink Combination Kurt,https://www.kurtgeiger.com/women/bags/mini/kurt-mini-shoulder-bag-pink-combination-leather-kurt-geiger-london-5586657109?utm_source=display&utm_medium=programmatic&utm_campaign=performance&utm_content=rtg,"This Mini Kurt Shoulder Bag is crafted from a bright pink leather. There is a pink eagle head sat on the front of the bag above gold foil branding.&nbsp;12cm (H), 23cm (L), 8cm (D)Strap length: 43cmAntiqued brass Kurt branding on the top handle&nbsp;Can fit phones up to 6inchesMaterial: LeatherStyle number: 5586657109","This Mini Kurt Shoulder Bag is crafted from a bright pink leather. There is a pink eagle head sat on the front of the bag above gold foil branding.&nbsp;12cm (H), 23cm (L), 8cm (D)Strap length: 43cmAntiqued brass Kurt branding on the top handle&nbsp;Can fit phones up to 6inchesMaterial: LeatherStyle number: 5586657109",79.00,79.00,https://kg-static-cache.s3.amazonaws.com/catalog/product/cache/thumbnail/2000x2000/5/5/5586657109_20.jpg?v=1&width=800,Women > Bags > Mini,Women > Bags > Mini,18/08/2026,,FALSE,,58,IN STOCK,,,Pink,,,184,TRUE,TRUE,TRUE
Kurt Geiger London,5828869689,5828869689,Kurt Geiger Women's Shoulder Bag Multi Other Fabric Other Kensington,https://www.kurtgeiger.com/women/bags/crossbody-bags/kensington-bag-flower-multi-other-fabric-other-print-kurt-geiger-london-5828869689?utm_source=display&utm_medium=programmatic&utm_campaign=performance&utm_content=rtg,"The Extra Large Leather Kensington Bag is crafted from vibrant floral print with handdrawn design that is finished with 3D metal cut out flower pin studs. The gold eagle head features all over crystals on the front flap.24cm (H), 38cm (L), 14cm (D)Strap drop cross body: 106cmStrap drop shoulder: 65cmGold chain strap with two padded leather insertsDuo magnetic snap closure hidden under flapGold embellished metal plate on the backTwo interior compartments with small internal lining pocketMaterial: FabricStyle number: 5828869689","The Extra Large Leather Kensington Bag is crafted from vibrant floral print with handdrawn design that is finished with 3D metal cut out flower pin studs. The gold eagle head features all over crystals on the front flap.24cm (H), 38cm (L), 14cm (D)Strap drop cross body: 106cmStrap drop shoulder: 65cmGold chain strap with two padded leather insertsDuo magnetic snap closure hidden under flapGold embellished metal plate on the backTwo interior compartments with small internal lining pocketMaterial: FabricStyle number: 5828869689",239.00,239.00,https://kg-static-cache.s3.amazonaws.com/catalog/product/cache/thumbnail/2000x2000/5/8/5828869689_20.jpg?v=1&width=800,Women > Bags > Crossbody-bags,Women > Bags > Crossbody-bags,18/08/2026,,FALSE,,42,IN STOCK,,,Multi-Coloured,,,206,TRUE,TRUE,FALSE
Kurt Geiger London,5838800109,5838800109,Kurt Geiger Women's Shopper Bag Black Leather Sloane,https://www.kurtgeiger.com/women/bags/shoulder-bags/sloane-shopper-black-leather-kurt-geiger-london-5838800109?utm_source=display&utm_medium=programmatic&utm_campaign=performance&utm_content=rtg,"This Sloane Shopper Bag is crafted from a black leather with soft structure. There is a statement antiqued brass chain with cursive branding charm as well as a small champagne bottle charm.&nbsp;27cm (H), 36cm (L), 18cm (D)Strap length: 68cmCan fit phones up to 6inchesFour antiqued brass feetZip top closureMaterial: LeatherStyle number: 5838800109","This Sloane Shopper Bag is crafted from a black leather with soft structure. There is a statement antiqued brass chain with cursive branding charm as well as a small champagne bottle charm.&nbsp;27cm (H), 36cm (L), 18cm (D)Strap length: 68cmCan fit phones up to 6inchesFour antiqued brass feetZip top closureMaterial: LeatherStyle number: 5838800109",369.00,369.00,https://kg-static-cache.s3.amazonaws.com/catalog/product/cache/thumbnail/2000x2000/5/8/5838800109_20.jpg?v=1&width=800,Women > Bags > Shoulder-bags,Women > Bags > Shoulder-bags,18/08/2026,,FALSE,,77,IN STOCK,,,Black,,,146,TRUE,TRUE,FALSE
Kurt Geiger London,1470805109,1470805109,Kurt Geiger London Mini Leather Kensington Bag - Black Quilted Leather Mini Bag,https://www.kurtgeiger.com/women/bags/mini/mini-kensington-x-bag-black-combination-leather-kurt-geiger-london?utm_source=display&utm_medium=programmatic&utm_campaign=performance&utm_content=rtg,"The Mini Kensington Bag is crafted from a soft lambskin leather with overstitch quilting combining both weave and chevron patterns. The antiqued brass Eagle head features opaque brass crystals and black bead eyes on the front flap.&nbsp;14cm (H), 20cm (L), 6cm (D)Strap drop cross body: 120cmStrap drop shoulder: 70cmAntiqued brass chain strapDuo magnetic snap closure hidden under flapSilver foil embossed logo on the backCan fit phones up to 7 inchesSmall internal lining pocketOuter: Lambskin leatherInterior: Monogrammed interior liningStyle number:&nbsp;1470805109","The Mini Kensington Bag is crafted from a soft lambskin leather with overstitch quilting combining both weave and chevron patterns. The antiqued brass Eagle head features opaque brass crystals and black bead eyes on the front flap.&nbsp;14cm (H), 20cm (L), 6cm (D)Strap drop cross body: 120cmStrap drop shoulder: 70cmAntiqued brass chain strapDuo magnetic snap closure hidden under flapSilver foil embossed logo on the backCan fit phones up to 7 inchesSmall internal lining pocketOuter: Lambskin leatherInterior: Monogrammed interior liningStyle number:&nbsp;1470805109",189.00,189.00,https://kg-static-cache.s3.amazonaws.com/catalog/product/cache/thumbnail/2000x2000/1/4/1470805109_20.jpg?v=1&width=800,Women > Bags > Mini,Women > Bags > Mini,18/08/2026,,TRUE,,402,IN STOCK,,,Black,,,18,TRUE,TRUE,FALSE
Kurt Geiger London,5018119609,5018119609,Kurt Geiger London Mini Fabric Kensington Bag - White Floral Cross Body Bag,https://www.kurtgeiger.com/women/bags/mini/fabric-mini-kensington-white-other-fabric-kurt-geiger-london-5018119609?utm_source=display&utm_medium=programmatic&utm_campaign=performance&utm_content=rtg,"The Fabric Mini Kensington bag is crafted from a white satin fabric with floral design and iridescent crystal embellishment moon the front flap. The gold eagle head features crystals and black bead eyes on the front flap.&nbsp;14cm (H), 20cm (L), 6cm (D)Strap drop cross body: 120cmStrap drop shoulder: 70cmGold shiny chain strapDuo magnetic snap closure hidden under flapGold metal branded plate on the backCan fit phones up to 7 inchesSmall internal lining pocketPlease take extra care when styling this piece with delicate fabricsOuter: FabricInterior: Monogrammed interior liningStyle number: 5018119609","The Fabric Mini Kensington bag is crafted from a white satin fabric with floral design and iridescent crystal embellishment moon the front flap. The gold eagle head features crystals and black bead eyes on the front flap.&nbsp;14cm (H), 20cm (L), 6cm (D)Strap drop cross body: 120cmStrap drop shoulder: 70cmGold shiny chain strapDuo magnetic snap closure hidden under flapGold metal branded plate on the backCan fit phones up to 7 inchesSmall internal lining pocketPlease take extra care when styling this piece with delicate fabricsOuter: FabricInterior: Monogrammed interior liningStyle number: 5018119609",169.00,169.00,https://kg-static-cache.s3.amazonaws.com/catalog/product/cache/thumbnail/2000x2000/5/0/5018119609_20.jpg?v=1&width=800,Women > Bags > Mini,Women > Bags > Mini,18/08/2026,,TRUE,,12,IN STOCK,,,White,,,248,TRUE,TRUE,FALSE
Kurt Geiger London,5848231999,5848231999,Kurt Geiger Women's Cross Body Bag Dark Brown Other Kensington,https://www.kurtgeiger.com/women/bags/crossbody-bags/micro-kensington-dark-brown-others-kurt-geiger-london-5848231999?utm_source=display&utm_medium=programmatic&utm_campaign=performance&utm_content=rtg,"&nbsp;The Micro Kensington Bag is crafted from a dark brown fabric exterior with three rows of overstitch quilting. The antiqued brass micro eagle head features crystals on the front flap.&nbsp;7cm (H), 10cm (L), 2cm (D)Strap drop cross body: 123cmAntiqued brass chain strapTwo pop closures under flapAntiqued brass branded plate on the backCan fit classic credit cardsOuter: FabricInterior: Monogrammed interior liningStyle number:&nbsp;5848231999","&nbsp;The Micro Kensington Bag is crafted from a dark brown fabric exterior with three rows of overstitch quilting. The antiqued brass micro eagle head features crystals on the front flap.&nbsp;7cm (H), 10cm (L), 2cm (D)Strap drop cross body: 123cmAntiqued brass chain strapTwo pop closures under flapAntiqued brass branded plate on the backCan fit classic credit cardsOuter: FabricInterior: Monogrammed interior liningStyle number:&nbsp;5848231999",79.00,79.00,https://kg-static-cache.s3.amazonaws.com/catalog/product/cache/thumbnail/2000x2000/5/8/5848231999_20.jpg?v=1&width=800,Women > Bags > Crossbody-bags,Women > Bags > Crossbody-bags,18/08/2026,,FALSE,,31,IN STOCK,,,Brown,,,225,TRUE,TRUE,FALSE
Kurt Geiger London,6063861069,6063861069,Kurt Geiger London Chelsea Small Slouch Hobo Bag - Gold Fabric Mesh Fabric Chelsea Hobo Bag,https://www.kurtgeiger.com/women/bags/shoulder-bags/chelsea-sm-slouch-hobo-gold-fabric-other-kurt-geiger-london-6063861069?utm_source=display&utm_medium=programmatic&utm_campaign=performance&utm_content=rtg,"This Small Chelsea Slouch Hobo bag is crafted from a metallic gold fabric with crystal mesh over the top. The front of the bag is accented with an antiqued brass oval trimmed eagle head.19cm (H), 20cm (L), 9cm (D)Strap length: 25cmMagnetic snap closureCan fit phones up to 6inchesUnlined interior&nbsp;Material: FabricStyle number: 6063861069","This Small Chelsea Slouch Hobo bag is crafted from a metallic gold fabric with crystal mesh over the top. The front of the bag is accented with an antiqued brass oval trimmed eagle head.19cm (H), 20cm (L), 9cm (D)Strap length: 25cmMagnetic snap closureCan fit phones up to 6inchesUnlined interior&nbsp;Material: FabricStyle number: 6063861069",159.00,159.00,https://kg-static-cache.s3.amazonaws.com/catalog/product/cache/thumbnail/2000x2000/6/0/6063861069_20.jpg?v=1&width=800,Women > Bags > Shoulder-bags,Women > Bags > Shoulder-bags,18/08/2026,,FALSE,,283,IN STOCK,,,Metallic,,,31,TRUE,TRUE,FALSE
Kurt Geiger London,6220330999,6220330999,Kurt Geiger Women's Scarf Brown Other Check Fringe,https://www.kurtgeiger.com/women/bags/check-fringe-scarf-brown-others-kurt-geiger-london-6220330999?utm_source=display&utm_medium=programmatic&utm_campaign=performance&utm_content=rtg,"Introducing the Check Fringe Scarf. Crafted from a super soft fabric with tartan design, the edges are trimmed with fringe and a rainbow branded patch.Material: FabricStyle number: 6220330999","Introducing the Check Fringe Scarf. Crafted from a super soft fabric with tartan design, the edges are trimmed with fringe and a rainbow branded patch.Material: FabricStyle number: 6220330999",69.00,69.00,https://kg-static-cache.s3.amazonaws.com/catalog/product/cache/thumbnail/2000x2000/6/2/6220330999_20.jpg?v=1&width=800,Women > Bags,Women > Bags,18/08/2026,,FALSE,,103,IN STOCK,,,Brown,,,110,TRUE,TRUE,FALSE
Kurt Geiger London,6317950319,6317950319,Kurt Geiger London Multi Card Kensington - Red Patent Leather Purse,https://www.kurtgeiger.com/women/bags/wallets/multi-card-kensington-red-patent-leather-kurt-geiger-london-6317950319?utm_source=display&utm_medium=programmatic&utm_campaign=performance&utm_content=rtg,"The Multi Card Kensington is crafted from a deep red leather with shine and overstitch quilt. The antiqued silver eagle head features crystals.8cm (H), 10.5cm (L), 1cm (D)Single pop stud closureSilver foil embossed logo on the interiorCan fit up to eight classic cardsMaterial: LeatherStyle number: 6317950319","The Multi Card Kensington is crafted from a deep red leather with shine and overstitch quilt. The antiqued silver eagle head features crystals.8cm (H), 10.5cm (L), 1cm (D)Single pop stud closureSilver foil embossed logo on the interiorCan fit up to eight classic cardsMaterial: LeatherStyle number: 6317950319",69.00,69.00,https://kg-static-cache.s3.amazonaws.com/catalog/product/cache/thumbnail/2000x2000/6/3/6317950319_20.jpg?v=1&width=800,Women > Bags > Wallets,Women > Bags > Wallets,18/08/2026,,FALSE,,72,IN STOCK,,,Red,,,161,TRUE,TRUE,FALSE
Kurt Geiger London,6318158999,6318158999,Kurt Geiger Women's Cross Body Bag Fuchsia combination Other Micro Kensington,https://www.kurtgeiger.com/women/bags/micro/micro-kensington-eagle-fushia-combination-others-kurt-geiger-london-6318158999?utm_source=display&utm_medium=programmatic&utm_campaign=performance&utm_content=rtg,"The Micro Kensington Bag is crafted from a pink leather alternative. The front flap is encapsulated in a pink faux fur and finished with an antiqued brass eagle head.7cm (H), 10cm (L), 2cm (D)Strap drop cross body: 123cmTwo snap closures under front flapMagnetic snap closure hidden under flapAntiqued brass branded metal plate on the backCan fit classic credit cardsMaterial: FabricStyle number: 6318158999","The Micro Kensington Bag is crafted from a pink leather alternative. The front flap is encapsulated in a pink faux fur and finished with an antiqued brass eagle head.7cm (H), 10cm (L), 2cm (D)Strap drop cross body: 123cmTwo snap closures under front flapMagnetic snap closure hidden under flapAntiqued brass branded metal plate on the backCan fit classic credit cardsMaterial: FabricStyle number: 6318158999",89.00,89.00,https://kg-static-cache.s3.amazonaws.com/catalog/product/cache/thumbnail/2000x2000/6/3/6318158999_20.jpg?v=1&width=800,Women > Bags > Micro,Women > Bags > Micro,18/08/2026,,FALSE,,45,IN STOCK,,,Fushia Combination,,,202,TRUE,TRUE,FALSE
Kurt Geiger London,3592969999,3592969999,Kurt Geiger London Crystal Quilt Box Clutch Bag - Ombre Rainbow Clutch Bag,https://www.kurtgeiger.com/women/bags/clutches/crystal-quilt-box-clutch-multiother-others-kurt-geiger-london-3592969999?utm_source=display&utm_medium=programmatic&utm_campaign=performance&utm_content=rtg,"This Crystal Quilt Box Clutch features a stained glass effect acrylic shell reminiscent of the Kurt Geiger Oxford Street store. There are rainbow crystals across the exterior of the bag as well as an antiqued brass eagle head clasp closure.11cm (H), 18cm (L), 5cm (D)Strap length: 121cmOptional cross body chain strapInterior zipped pouch for important itemsCan fit phones up to 7inchesPlease take extra care when styling this piece with delicate fabricsMaterial: SyntheticStyle number: 3592969999","This Crystal Quilt Box Clutch features a stained glass effect acrylic shell reminiscent of the Kurt Geiger Oxford Street store. There are rainbow crystals across the exterior of the bag as well as an antiqued brass eagle head clasp closure.11cm (H), 18cm (L), 5cm (D)Strap length: 121cmOptional cross body chain strapInterior zipped pouch for important itemsCan fit phones up to 7inchesPlease take extra care when styling this piece with delicate fabricsMaterial: SyntheticStyle number: 3592969999",159.00,159.00,https://kg-static-cache.s3.amazonaws.com/catalog/product/cache/thumbnail/2000x2000/3/5/3592969999_20.jpg?v=1&width=800,Women > Bags > Clutches,Women > Bags > Clutches,18/08/2026,,FALSE,,272,IN STOCK,,,Multi-Coloured,,,33,TRUE,TRUE,FALSE
Kurt Geiger London,5031500109,5031500109,Kurt Geiger Women's Shoulder Bag Black Leather Macro Kensington,https://www.kurtgeiger.com/women/bags/shoulder-bags/macro-kensington-dr-black-leather-kurt-geiger-london-5031500109?utm_source=display&utm_medium=programmatic&utm_campaign=performance&utm_content=rtg,"The Macro Drench Kensington Bag is crafted from a soft lambskin leather with three rows of overstitch quilting. The black metal eagle head features crystals and black eyes on the front flap.&nbsp;32cm (H), 49cm (L), 14cm (D)Strap drop cross body: 103cmStrap drop shoulder: 65cmBlack shoulder strap with two padded leather insertsDuo magnetic snap closure hidden under flapBlack branded metal plate on the backTwo interior compartments with small internal lining pocketOuter: Lambskin leatherInterior: Monogrammed interior liningStyle number:&nbsp;5031500109","The Macro Drench Kensington Bag is crafted from a soft lambskin leather with three rows of overstitch quilting. The black metal eagle head features crystals and black eyes on the front flap.&nbsp;32cm (H), 49cm (L), 14cm (D)Strap drop cross body: 103cmStrap drop shoulder: 65cmBlack shoulder strap with two padded leather insertsDuo magnetic snap closure hidden under flapBlack branded metal plate on the backTwo interior compartments with small internal lining pocketOuter: Lambskin leatherInterior: Monogrammed interior liningStyle number:&nbsp;5031500109",399.00,399.00,https://kg-static-cache.s3.amazonaws.com/catalog/product/cache/thumbnail/2000x2000/5/0/5031500109_20.jpg?v=1&width=800,Women > Bags > Shoulder-bags,Women > Bags > Shoulder-bags,18/08/2026,,TRUE,,23,IN STOCK,,,Black,,,231,TRUE,TRUE,FALSE
Kurt Geiger London,5365405609,5365405609,Kurt Geiger Women's Tote Bag Black Combination Southbank,https://www.kurtgeiger.com/women/bags/tote-bags/xs-southbank-tote-black-combination-fabric-kurt-geiger-london-5365405609?utm_source=display&utm_medium=programmatic&utm_campaign=performance&utm_content=rtg,The Extra Small Southbank Tote is crafted from a floral printed canvas fabric. There are black trims as well as a metallic pink LOVE cut out tag on the top handles.16cm (H),The Extra Small Southbank Tote is crafted from a floral printed canvas fabric. There are black trims as well as a metallic pink LOVE cut out tag on the top handles.16cm (H),79.00,79.00,https://kg-static-cache.s3.amazonaws.com/catalog/product/cache/thumbnail/2000x2000/5/3/5365405609_20.jpg?v=1&width=800,Women > Bags > Tote-bags,Women > Bags > Tote-bags,18/08/2026,,FALSE,,40,IN STOCK,,,Black,,,210,TRUE,TRUE,TRUE
Kurt Geiger London,5383389609,5383389609,Kurt Geiger Women's Shoulder Bag Blue Other Fabric Kensington,https://www.kurtgeiger.com/women/bags/shoulder-bags/md-kensington-bows-blue-other-fabric-kurt-geiger-london-5383389609?utm_source=display&utm_medium=programmatic&utm_campaign=performance&utm_content=rtg,"The Medium Sequin Kensington Bag is crafted in a blue fabric which is embellished with blue crystals. There are pink fabric bows stitched across the front each with a silver crystal at the centre.15.5cm (H), 22cm (L), 7cm (D)&nbsp;Strap drop cross body: 120cmAntiqued silver metal chain strap with padded insertDuo magnetic snap closure hidden under flapAntiqued silver branded metal plate on the backCan fit phones up to 7 inchesSmall internal lining pocketOuter: FabricInterior: Monogrammed interior liningStyle number: 5383389609","The Medium Sequin Kensington Bag is crafted in a blue fabric which is embellished with blue crystals. There are pink fabric bows stitched across the front each with a silver crystal at the centre.15.5cm (H), 22cm (L), 7cm (D)&nbsp;Strap drop cross body: 120cmAntiqued silver metal chain strap with padded insertDuo magnetic snap closure hidden under flapAntiqued silver branded metal plate on the backCan fit phones up to 7 inchesSmall internal lining pocketOuter: FabricInterior: Monogrammed interior liningStyle number: 5383389609",89.00,89.00,https://kg-static-cache.s3.amazonaws.com/catalog/product/cache/thumbnail/2000x2000/5/3/5383389609_20.jpg?v=1&width=800,Women > Bags > Shoulder-bags,Women > Bags > Shoulder-bags,18/08/2026,,FALSE,,14,IN STOCK,,,Blue,,,247,TRUE,TRUE,TRUE
Kurt Geiger London,5602800109,5602800109,Kurt Geiger London Kensington 17 Drench Bag - Black Drench Cross Body Bag,https://www.kurtgeiger.com/women/bags/mini/kensington-dr-17-black-leather-kurt-geiger-london-5602800109?utm_source=display&utm_medium=programmatic&utm_campaign=performance&utm_content=rtg,"This drench edition of the Kensington 17 bag is crafted from a black leather with three rows of overstitch quilting. There is a black eagle head sat on the front flap.10cm (H), 17cm (L), 5cm (D)Strap length: 65cmBlack chain cross body strapTwo magnetic snap closures under front flapBlack branded plate on the backMaterial: LeatherStyle number: 5602800109","This drench edition of the Kensington 17 bag is crafted from a black leather with three rows of overstitch quilting. There is a black eagle head sat on the front flap.10cm (H), 17cm (L), 5cm (D)Strap length: 65cmBlack chain cross body strapTwo magnetic snap closures under front flapBlack branded plate on the backMaterial: LeatherStyle number: 5602800109",169.00,169.00,https://kg-static-cache.s3.amazonaws.com/catalog/product/cache/thumbnail/2000x2000/5/6/5602800109_20.jpg?v=1&width=800,Women > Bags > Mini,Women > Bags > Mini,18/08/2026,,TRUE,,573,IN STOCK,,,Black,,,8,TRUE,TRUE,FALSE
Kurt Geiger London,5579243609,5579243609,Kurt Geiger Women's Shoulder Bag Beige Combination Fabric Pickle,https://www.kurtgeiger.com/women/bags/shoulder-bags/pickle-shoulder-bag-beige-combination-fabric-kurt-geiger-london-5579243609?utm_source=display&utm_medium=programmatic&utm_campaign=performance&utm_content=rtg,"This Pickle Shoulder Bag is crafted from a beige houndstooth fabric with crystal embellishment. There is an antiqued brass metal eagle head with crystals sat on the front flap.10cm (H), 20cm (L), 6cm (D)Strap length cross body: 128cmStrap length shoulder: 55cmWith two removable straps, this bag can be worn in multiple ways including as a wristlet, across the body, on the shoulder and as a clutchMagnetic flap closure under the flapCan fit phones up to 7inchesMaterial: FabricStyle number: 5579243609","This Pickle Shoulder Bag is crafted from a beige houndstooth fabric with crystal embellishment. There is an antiqued brass metal eagle head with crystals sat on the front flap.10cm (H), 20cm (L), 6cm (D)Strap length cross body: 128cmStrap length shoulder: 55cmWith two removable straps, this bag can be worn in multiple ways including as a wristlet, across the body, on the shoulder and as a clutchMagnetic flap closure under the flapCan fit phones up to 7inchesMaterial: FabricStyle number: 5579243609",149.00,149.00,https://kg-static-cache.s3.amazonaws.com/catalog/product/cache/thumbnail/2000x2000/5/5/5579243609_20.jpg?v=1&width=800,Women > Bags > Shoulder-bags,Women > Bags > Shoulder-bags,18/08/2026,,FALSE,,100,IN STOCK,,,Nude,,,115,TRUE,TRUE,FALSE
Kurt Geiger London,5829198999,5829198999,Kurt Geiger Women's Shoulder Bag Pink Other Vinyl,https://www.kurtgeiger.com/women/bags/shoulder-bags/kc-sm-shoulder-bag-pink-others-kurt-geiger-london-5829198999?utm_source=display&utm_medium=programmatic&utm_campaign=performance&utm_content=rtg,"This Kurt's Cabana Small Pochette Bag arrives in a pink transparent vinyl with embossed branding on the front. There is a gold chain shoulder strap.&nbsp;Arrives with a free Kurt Geiger tote bag (pictured) for a limited time only.15cm (H), 22cm (L), 5cm (D)Strap length: 50cmCan fit phones up to 6inchesUnlined interiorMaterial: VinylStyle number: 5829198999","This Kurt's Cabana Small Pochette Bag arrives in a pink transparent vinyl with embossed branding on the front. There is a gold chain shoulder strap.&nbsp;Arrives with a free Kurt Geiger tote bag (pictured) for a limited time only.15cm (H), 22cm (L), 5cm (D)Strap length: 50cmCan fit phones up to 6inchesUnlined interiorMaterial: VinylStyle number: 5829198999",69.00,69.00,https://kg-static-cache.s3.amazonaws.com/catalog/product/cache/thumbnail/2000x2000/5/8/5829198999_20.jpg?v=1&width=800,Women > Bags > Shoulder-bags,Women > Bags > Shoulder-bags,18/08/2026,,FALSE,,11,IN STOCK,,,Pink,,,251,TRUE,TRUE,TRUE
Kurt Geiger London,9342486669,9342486669,Kurt Geiger Women's Purse Blue Denim Shoreditch,https://www.kurtgeiger.com/women/bags/wallets/shoreditch-card-holder-blue-pale-combination-denim-kurt-geiger-london-9342486669?utm_source=display&utm_medium=programmatic&utm_campaign=performance&utm_content=rtg,"The Multi Card Shoreditch is crafted from a blue denim fabric with watercolour style floral print. The gold eagle head with rainbow crystals sits on the closure.8cm (H), 10.5cm (L), 1cm (D)Single pop stud closureGold branded plate on the backCan fit up to eight classic cardsMaterial: DenimStyle number: 9342486669","The Multi Card Shoreditch is crafted from a blue denim fabric with watercolour style floral print. The gold eagle head with rainbow crystals sits on the closure.8cm (H), 10.5cm (L), 1cm (D)Single pop stud closureGold branded plate on the backCan fit up to eight classic cardsMaterial: DenimStyle number: 9342486669",59.00,59.00,https://kg-static-cache.s3.amazonaws.com/catalog/product/cache/thumbnail/2000x2000/9/3/9342486669_20.jpg?v=1&width=800,Women > Bags > Wallets,Women > Bags > Wallets,18/08/2026,,FALSE,,59,IN STOCK,,,Blue,,,182,TRUE,TRUE,FALSE
Kurt Geiger London,5851700019,5851700019,Kurt Geiger Women's Shoulder Bag Black Leather Other Celia,https://www.kurtgeiger.com/women/bags/crossbody-bags/kensington-xbody-black-leather-other-kurt-geiger-london-5851700019?utm_source=display&utm_medium=programmatic&utm_campaign=performance&utm_content=rtg,"This Celia Shoulder Bag is crafted from a soft black crinkled leather. There is a subtle overstitch quilting in both weave and chevron patterns across the bag and an antiqued brass eagle head on the front flap.&nbsp;17cm (H), 26cm (L), 8cm (D)Strap length: 53cmBlack leather shoulder strapAntiqued brass chain strap detailCan fit phones up to 6inchesGold foil embossed branding on the backMaterial: LeatherStyle number: 5851700019","This Celia Shoulder Bag is crafted from a soft black crinkled leather. There is a subtle overstitch quilting in both weave and chevron patterns across the bag and an antiqued brass eagle head on the front flap.&nbsp;17cm (H), 26cm (L), 8cm (D)Strap length: 53cmBlack leather shoulder strapAntiqued brass chain strap detailCan fit phones up to 6inchesGold foil embossed branding on the backMaterial: LeatherStyle number: 5851700019",299.00,299.00,https://kg-static-cache.s3.amazonaws.com/catalog/product/cache/thumbnail/2000x2000/5/8/5851700019_20.jpg?v=1&width=800,Women > Bags > Crossbody-bags,Women > Bags > Crossbody-bags,18/08/2026,,FALSE,,103,IN STOCK,,,Black,,,111,TRUE,TRUE,FALSE
Kurt Geiger London,5838381339,5838381339,Kurt Geiger Women's Tote Bag Blue Dark Canvas,https://www.kurtgeiger.com/women/bags/tote-bags/sloane-shopper-blue-dark-canvas-kurt-geiger-london-5838381339?utm_source=display&utm_medium=programmatic&utm_campaign=performance&utm_content=rtg,"This Sloane Shopper bag features a dark blue canvas body that is embroidered with micro Kurt Geiger designs including a telephone box, martini glass and rail card.30cm (H), 39cm (L), 17cm (D)Strap length: 71cmFour antiqued brass feetWinged sidesCan fit laptops up to 13inchesZip top closureInterior zipped pocketStyle number: 5838381339","This Sloane Shopper bag features a dark blue canvas body that is embroidered with micro Kurt Geiger designs including a telephone box, martini glass and rail card.30cm (H), 39cm (L), 17cm (D)Strap length: 71cmFour antiqued brass feetWinged sidesCan fit laptops up to 13inchesZip top closureInterior zipped pocketStyle number: 5838381339",249.00,249.00,https://kg-static-cache.s3.amazonaws.com/catalog/product/cache/thumbnail/2000x2000/5/8/5838381339_20.jpg?v=1&width=800,Women > Bags > Tote-bags,Women > Bags > Tote-bags,18/08/2026,,FALSE,,101,IN STOCK,,,Blue,,,114,TRUE,TRUE,FALSE
Kurt Geiger London,5374840209,5374840209,Kurt Geiger Women's Shoulder Bag Beige Suede Pimlico,https://www.kurtgeiger.com/women/bags/pimlico-bag-beige-suede-kurt-geiger-london-5374840209?utm_source=display&utm_medium=programmatic&utm_campaign=performance&utm_content=rtg,"This Pimlico Bag arrives in a textured beige suede leather. There is a large square plate with antiqued brass crystal trim and eagle head on the closure.14cm (H), 26cm (L), 8cm (D)Strap length: 66cmAntiqued brass shoulder strap with leather padded insertsFlat open pocket on the back&nbsp;Antiqued brass branded plate on the backCan fit phones up to 6inchesMaterial: Suede leatherStyle number: &nbsp;5374840209","This Pimlico Bag arrives in a textured beige suede leather. There is a large square plate with antiqued brass crystal trim and eagle head on the closure.14cm (H), 26cm (L), 8cm (D)Strap length: 66cmAntiqued brass shoulder strap with leather padded insertsFlat open pocket on the back&nbsp;Antiqued brass branded plate on the backCan fit phones up to 6inchesMaterial: Suede leatherStyle number: &nbsp;5374840209",299.00,299.00,https://kg-static-cache.s3.amazonaws.com/catalog/product/cache/thumbnail/2000x2000/5/3/5374840209_20.jpg?v=1&width=800,Women > Bags,Women > Bags,18/08/2026,,FALSE,,150,IN STOCK,,,Nude,,,68,TRUE,TRUE,FALSE
Kurt Geiger London,5049770209,5049770209,Kurt Geiger Women's Tote Bag Green Suede Chelsea,https://www.kurtgeiger.com/women/bags/shoulder-bags/chelsea-lg-slouch-hobo-green-suede-kurt-geiger-london-5049770209?utm_source=display&utm_medium=programmatic&utm_campaign=performance&utm_content=rtg,"This Large Chelsea Slouch Hobo bag is a slouchy oversized tote bag that sits on the shoulder. The bag is crafted from a green suede leather and there is an antiqued brass oval trim with crystal eagle head at the centre on the front of the bag.38cm (H), 50cm (L), 49cm (D)Strap length: 30cmCan fit laptops up to 14inchesUnlinedMaterial: Suede leatherStyle number: 5049770209","This Large Chelsea Slouch Hobo bag is a slouchy oversized tote bag that sits on the shoulder. The bag is crafted from a green suede leather and there is an antiqued brass oval trim with crystal eagle head at the centre on the front of the bag.38cm (H), 50cm (L), 49cm (D)Strap length: 30cmCan fit laptops up to 14inchesUnlinedMaterial: Suede leatherStyle number: 5049770209",249.00,249.00,https://kg-static-cache.s3.amazonaws.com/catalog/product/cache/thumbnail/2000x2000/5/0/5049770209_20.jpg?v=1&width=800,Women > Bags > Shoulder-bags,Women > Bags > Shoulder-bags,18/08/2026,,FALSE,,58,IN STOCK,,,Green,,,185,TRUE,TRUE,FALSE
Kurt Geiger London,6081531689,6081531689,Kurt Geiger Women's Cross Body Bag Dark Brown Fabric Other Kensington,https://www.kurtgeiger.com/women/bags/micro/micro-kensington-beads-dark-brown-fabric-other-print-kurt-geiger-london-6081531689?utm_source=display&utm_medium=programmatic&utm_campaign=performance&utm_content=rtg,"The Micro Kensington Bag is crafted from a dark brown croc embossed nylon fabric. The cross body strap is statement in a faux pearl string style.7cm (H), 10cm (L), 2cm (D)Strap drop cross body: 123cmGold chain strapMagnetic snap closure hidden under flapGold branded metal plate on the backCan fit classic credit cardsOuter: NylonInterior: Monogrammed interior liningStyle number: 6081531689","The Micro Kensington Bag is crafted from a dark brown croc embossed nylon fabric. The cross body strap is statement in a faux pearl string style.7cm (H), 10cm (L), 2cm (D)Strap drop cross body: 123cmGold chain strapMagnetic snap closure hidden under flapGold branded metal plate on the backCan fit classic credit cardsOuter: NylonInterior: Monogrammed interior liningStyle number: 6081531689",99.00,99.00,https://kg-static-cache.s3.amazonaws.com/catalog/product/cache/thumbnail/2000x2000/6/0/6081531689_20.jpg?v=1&width=800,Women > Bags > Micro,Women > Bags > Micro,18/08/2026,,FALSE,,74,IN STOCK,,,Brown,,,156,TRUE,TRUE,FALSE
Kurt Geiger London,6076500249,6076500249,Kurt Geiger London Kensington Frame Drench Bag - Black Suede Croc Embossed Bag,https://www.kurtgeiger.com/women/bags/shoulder-bags/kensington-frame-bag-dr-black-suede-croc-print-kurt-geiger-london-6076500249?utm_source=display&utm_medium=programmatic&utm_campaign=performance&utm_content=rtg,"This Kensington Drench Frame Bag is crafted from a soft black croc embossed suede leather. A large matte black eagle head sits on the front of the bag complimenting the gunmetal structured 'kiss lock' closure.13cm (H), 31cm (L), 10cm (D)Strap length: 59cmSingular suede shoulder strapTextured black fabric interior liningCan fit phones up to 6inchesBlack branded plate on the back of the bagMaterial: SuedeStyle number: 6076500249","This Kensington Drench Frame Bag is crafted from a soft black croc embossed suede leather. A large matte black eagle head sits on the front of the bag complimenting the gunmetal structured 'kiss lock' closure.13cm (H), 31cm (L), 10cm (D)Strap length: 59cmSingular suede shoulder strapTextured black fabric interior liningCan fit phones up to 6inchesBlack branded plate on the back of the bagMaterial: SuedeStyle number: 6076500249",229.00,229.00,https://kg-static-cache.s3.amazonaws.com/catalog/product/cache/thumbnail/2000x2000/6/0/6076500249_20.jpg?v=1&width=800,Women > Bags > Shoulder-bags,Women > Bags > Shoulder-bags,18/08/2026,,FALSE,,208,IN STOCK,,,Black,,,43,TRUE,TRUE,FALSE
Kurt Geiger London,5031689999,5031689999,Kurt Geiger London Macro Kensington F Fur - Red Blue Faux Fur Shoulder Bag,https://www.kurtgeiger.com/women/bags/crossbody-bags/macro-kensington-f-fur-blue-other-others-kurt-geiger-london-5031689999?utm_source=display&utm_medium=programmatic&utm_campaign=performance&utm_content=rtg,"Arriving in a statement blue faux fur with red tips, this Macro Kensington Faux Fur Bag sits on the shoulder. There is an XL antiqued brass eagle head placed on the front flap.30cm (H), 48cm (L), 20cm (D)Strap length: 75cmAntiqued brass shoulder straps with inserts&nbsp;Three magnetic snap closures under the front flapTwo interior compartmentsMaterial: SyntheticStyle number: 5031689999","Arriving in a statement blue faux fur with red tips, this Macro Kensington Faux Fur Bag sits on the shoulder. There is an XL antiqued brass eagle head placed on the front flap.30cm (H), 48cm (L), 20cm (D)Strap length: 75cmAntiqued brass shoulder straps with inserts&nbsp;Three magnetic snap closures under the front flapTwo interior compartmentsMaterial: SyntheticStyle number: 5031689999",349.00,349.00,https://kg-static-cache.s3.amazonaws.com/catalog/product/cache/thumbnail/2000x2000/5/0/5031689999_20.jpg?v=1&width=800,Women > Bags > Crossbody-bags,Women > Bags > Crossbody-bags,18/08/2026,,FALSE,,33,IN STOCK,,,Blue,,,222,TRUE,TRUE,FALSE
Kurt Geiger London,5049733209,5049733209,Kurt Geiger Women's Shoulder Bag Tan Leather Chelsea,https://www.kurtgeiger.com/women/bags/shoulder-bags/chelsea-lg-slouch-hobo-tan-suede-kurt-geiger-london-5049733209?utm_source=display&utm_medium=programmatic&utm_campaign=performance&utm_content=rtg,"This Large Chelsea Slouch Hobo bag is crafted from a slouchy tan suede. There is a large crystal embellished antiqued brass oval trim with eagle head at the centre on the front of the bag.37cm (H), 48cm (L), 10cm (D)Can fit laptops up to 12inchesInterior zipped pocketUnlinedMaterial: SuedeStyle number: 5049733209","This Large Chelsea Slouch Hobo bag is crafted from a slouchy tan suede. There is a large crystal embellished antiqued brass oval trim with eagle head at the centre on the front of the bag.37cm (H), 48cm (L), 10cm (D)Can fit laptops up to 12inchesInterior zipped pocketUnlinedMaterial: SuedeStyle number: 5049733209",249.00,249.00,https://kg-static-cache.s3.amazonaws.com/catalog/product/cache/thumbnail/2000x2000/5/0/5049733209_20.jpg?v=1&width=800,Women > Bags > Shoulder-bags,Women > Bags > Shoulder-bags,18/08/2026,,FALSE,,116,IN STOCK,,,Tan,,,92,TRUE,TRUE,FALSE
Kurt Geiger London,5376600109,5376600109,Kurt Geiger Women's Wallet Black Leather Kensington,https://www.kurtgeiger.com/women/bags/wallets/kensington-bifold-w-kurt-black-leather-kurt-geiger-london-5376600109?utm_source=display&utm_medium=programmatic&utm_campaign=performance&utm_content=rtg,"This Kensington Bifold Wallet is crafted from a black lambskin leather with overstitch quilting design. There is antiqued bras Kurt branding on the front and a zipped pocket at the top.&nbsp;2.7in (H), 5.5in (L), 0.3in (D)Gold foil branding on the insideClear ID slot on the insideMaterial: LeatherStyle number: 5376600109","This Kensington Bifold Wallet is crafted from a black lambskin leather with overstitch quilting design. There is antiqued bras Kurt branding on the front and a zipped pocket at the top.&nbsp;2.7in (H), 5.5in (L), 0.3in (D)Gold foil branding on the insideClear ID slot on the insideMaterial: LeatherStyle number: 5376600109",39.00,39.00,https://kg-static-cache.s3.amazonaws.com/catalog/product/cache/thumbnail/2000x2000/5/3/5376600109_20.jpg?v=1&width=800,Women > Bags > Wallets,Women > Bags > Wallets,18/08/2026,,FALSE,,15,IN STOCK,,,Black,,,243,TRUE,TRUE,TRUE
Kurt Geiger London,5012301609,5012301609,Kurt Geiger Women's Purse Black White Southbank,https://www.kurtgeiger.com/women/bags/wallets/southbank-zip-around-w-black-white-fabric-kurt-geiger-london-5012301609?utm_source=display&utm_medium=programmatic&utm_campaign=performance&utm_content=rtg,"This Southbank Zip Around Wallet is crafted from a zebra printed canvas fabric. There is a metallic orange wristlet handle.9cm (H), 19cm (L), 3cm (D)Can fit up to eight credit cardsMaterial: Canvas FabricStyle number: 5012301609","This Southbank Zip Around Wallet is crafted from a zebra printed canvas fabric. There is a metallic orange wristlet handle.9cm (H), 19cm (L), 3cm (D)Can fit up to eight credit cardsMaterial: Canvas FabricStyle number: 5012301609",39.00,39.00,https://kg-static-cache.s3.amazonaws.com/catalog/product/cache/thumbnail/2000x2000/5/0/5012301609_20.jpg?v=1&width=800,Women > Bags > Wallets,Women > Bags > Wallets,18/08/2026,,FALSE,,17,IN STOCK,,,Black,,,239,TRUE,TRUE,TRUE
Kurt Geiger London,5586688669,5586688669,Kurt Geiger London Kurt Sling Bag  - Denim Woven Shoulder Bag,https://www.kurtgeiger.com/women/bags/mini/kurt-mini-shoulder-bag-denim-denim-kurt-geiger-london-5586688669?utm_source=display&utm_medium=programmatic&utm_campaign=performance&utm_content=rtg,"This Mini Kurt Shoulder Bag is crafted from a bleached denim weave design. There is an antiqued brass eagle head sat on the front of the bag.12cm (H), 23cm (L), 8cm (D)Strap length: 43cmAntiqued brass Kurt branding on the top handle&nbsp;Can fit phones up to 6inchesMaterial: Denim&nbsp;Style number: 5586688669","This Mini Kurt Shoulder Bag is crafted from a bleached denim weave design. There is an antiqued brass eagle head sat on the front of the bag.12cm (H), 23cm (L), 8cm (D)Strap length: 43cmAntiqued brass Kurt branding on the top handle&nbsp;Can fit phones up to 6inchesMaterial: Denim&nbsp;Style number: 5586688669",129.00,129.00,https://kg-static-cache.s3.amazonaws.com/catalog/product/cache/thumbnail/2000x2000/5/5/5586688669_20.jpg?v=1&width=800,Women > Bags > Mini,Women > Bags > Mini,18/08/2026,,TRUE,,129,IN STOCK,,,Blue,,,82,TRUE,TRUE,FALSE
Kurt Geiger London,5605295019,5605295019,Kurt Geiger Women's Purse Lilac Leather Card Holder,https://www.kurtgeiger.com/women/bags/wallets/cc-holder-v-butterfly-lilac-leather-other-kurt-geiger-london-5605295019?utm_source=display&utm_medium=programmatic&utm_campaign=performance&utm_content=rtg,"This Butterfly Card Holder is crafted from both a pebble grain metallic pink and butterfly printed leather. There is a metallic purple 3D cut out butterfly on the front of the card holder.10cm (H), 7cm (L), 0.5cm (D)Material: LeatherStyle number: 5605295019","This Butterfly Card Holder is crafted from both a pebble grain metallic pink and butterfly printed leather. There is a metallic purple 3D cut out butterfly on the front of the card holder.10cm (H), 7cm (L), 0.5cm (D)Material: LeatherStyle number: 5605295019",39.00,39.00,https://kg-static-cache.s3.amazonaws.com/catalog/product/cache/thumbnail/2000x2000/5/6/5605295019_20.jpg?v=1&width=800,Women > Bags > Wallets,Women > Bags > Wallets,18/08/2026,,FALSE,,56,IN STOCK,,,Purple,,,189,TRUE,TRUE,TRUE
Kurt Geiger London,5826199689,5826199689,Kurt Geiger Women's Macro Bag Fabric Other Kensington,https://www.kurtgeiger.com/women/bags/crossbody-bags/kc-macro-kensington-other-fabric-other-print-kurt-geiger-london-5826199689?utm_source=display&utm_medium=programmatic&utm_campaign=performance&utm_content=rtg,"The Kurt's Cabana Macro Kensington Bag is crafted from a rainbow ombre fabric with bone rope detail and tassels around the flap. The extra large antiqued brass metal eagle head features crystals sat on the front flap.&nbsp;Arrives with a free Kurt Geiger tote bag (pictured) for a limited time only.32cm (H), 49cm (L), 14cm (D)Strap drop cross body: 103cmStrap drop shoulder: 65cmAntiqued brass shoulder strap with two padded leather insertsDuo magnetic snap closure hidden under flapAntiqued brass branded metal plate on the backTwo interior compartments with small internal lining pocketOuter: FabricInterior: Monogrammed interior liningStyle number: 5826199689","The Kurt's Cabana Macro Kensington Bag is crafted from a rainbow ombre fabric with bone rope detail and tassels around the flap. The extra large antiqued brass metal eagle head features crystals sat on the front flap.&nbsp;Arrives with a free Kurt Geiger tote bag (pictured) for a limited time only.32cm (H), 49cm (L), 14cm (D)Strap drop cross body: 103cmStrap drop shoulder: 65cmAntiqued brass shoulder strap with two padded leather insertsDuo magnetic snap closure hidden under flapAntiqued brass branded metal plate on the backTwo interior compartments with small internal lining pocketOuter: FabricInterior: Monogrammed interior liningStyle number: 5826199689",279.00,279.00,https://kg-static-cache.s3.amazonaws.com/catalog/product/cache/thumbnail/2000x2000/5/8/5826199689_20.jpg?v=1&width=800,Women > Bags > Crossbody-bags,Women > Bags > Crossbody-bags,18/08/2026,,FALSE,,16,IN STOCK,,,,,,242,TRUE,TRUE,TRUE
Kurt Geiger London,5828999339,5828999339,Kurt Geiger London Kurt's Cabana Kurt Tote Bag - Canvas Striped Tote Bag,https://www.kurtgeiger.com/women/bags/tote-bags/kc-kurt-tote-other-canvas-kurt-geiger-london-5828999339?utm_source=display&utm_medium=programmatic&utm_campaign=performance&utm_content=rtg,"This Kurt's Cabana Kurt Tote bag arrives in a blue and green striped canvas fabric. There is yellow cursive branding across the front of the open pocket on the front of the bag.&nbsp;Arrives with a free Kurt Geiger tote bag (pictured) for a limited time only.25cm (H), 33cm (L), 15cm (D)Strap length: 128cmOptional cross body strapBlue luggage style tab on the upper strapsZip closure&nbsp;Can fit phones up to 6inchesMaterial: Canvas fabricStyle number: 5828999339","This Kurt's Cabana Kurt Tote bag arrives in a blue and green striped canvas fabric. There is yellow cursive branding across the front of the open pocket on the front of the bag.&nbsp;Arrives with a free Kurt Geiger tote bag (pictured) for a limited time only.25cm (H), 33cm (L), 15cm (D)Strap length: 128cmOptional cross body strapBlue luggage style tab on the upper strapsZip closure&nbsp;Can fit phones up to 6inchesMaterial: Canvas fabricStyle number: 5828999339",109.00,109.00,https://kg-static-cache.s3.amazonaws.com/catalog/product/cache/thumbnail/2000x2000/5/8/5828999339_20.jpg?v=1&width=800,Women > Bags > Tote-bags,Women > Bags > Tote-bags,18/08/2026,,FALSE,,20,IN STOCK,,,,,,236,TRUE,TRUE,TRUE
Kurt Geiger London,5842916219,5842916219,Kurt Geiger Women's Camel Combination Suede Leather Glasto,https://www.kurtgeiger.com/women/bags/shoulder-bags/glasto-fringe-shoulder-camel-combination-suede-leather-kurt-geiger-london-5842916219?utm_source=display&utm_medium=programmatic&utm_campaign=performance&utm_content=rtg,"This Oxford Fringe Shoulder Bag is crafted from a soft camel leather with statement western pebble grained cut outs on the front alongside multi-colour crystal studs. The edges of the bag are lined with statement crystal embellished fringe.15cm (H), 23cm (L), 3cm (D)Strap length: 125cmStrap length shoulder: 51cm&nbsp;Antiqued brass eagle head on the front flapCan fit phones up to 6inchesMagnetic snap closures under front flapGold foil embossed branding on the backMaterial: Suede leatherStyle number: 5842916219","This Oxford Fringe Shoulder Bag is crafted from a soft camel leather with statement western pebble grained cut outs on the front alongside multi-colour crystal studs. The edges of the bag are lined with statement crystal embellished fringe.15cm (H), 23cm (L), 3cm (D)Strap length: 125cmStrap length shoulder: 51cm&nbsp;Antiqued brass eagle head on the front flapCan fit phones up to 6inchesMagnetic snap closures under front flapGold foil embossed branding on the backMaterial: Suede leatherStyle number: 5842916219",279.00,279.00,https://kg-static-cache.s3.amazonaws.com/catalog/product/cache/thumbnail/2000x2000/5/8/5842916219_20.jpg?v=1&width=800,Women > Bags > Shoulder-bags,Women > Bags > Shoulder-bags,18/08/2026,,TRUE,,104,IN STOCK,,,Tan,,,104,TRUE,TRUE,FALSE
Kurt Geiger London,5849733209,5849733209,Kurt Geiger Women's Shoulder Bag Tan Suede Sloane,https://www.kurtgeiger.com/women/bags/sloane-hobo-xbody-tan-suede-kurt-geiger-london-5849733209?utm_source=display&utm_medium=programmatic&utm_campaign=performance&utm_content=rtg,"This Sloane Hobo Cross Body Bag is crafted from a tan suede. There is an antiqued brass eagle head above embossed branding on the front.&nbsp;12cm (H), 23cm (L), 7cm (D)Strap length: 126cmStrap length shoulder: 45cmZip top closureRemovable satin scarf charmAntiqued brass chain strapCan fit phones up to 6inchesMaterial: SuedeStyle number: 5849733209","This Sloane Hobo Cross Body Bag is crafted from a tan suede. There is an antiqued brass eagle head above embossed branding on the front.&nbsp;12cm (H), 23cm (L), 7cm (D)Strap length: 126cmStrap length shoulder: 45cmZip top closureRemovable satin scarf charmAntiqued brass chain strapCan fit phones up to 6inchesMaterial: SuedeStyle number: 5849733209",239.00,239.00,https://kg-static-cache.s3.amazonaws.com/catalog/product/cache/thumbnail/2000x2000/5/8/5849733209_20.jpg?v=1&width=800,Women > Bags,Women > Bags,18/08/2026,,FALSE,,77,IN STOCK,,,Tan,,,147,TRUE,TRUE,FALSE
Kurt Geiger London,5021533209,5021533209,Kurt Geiger Women's Shoulder Bag Tan Suede Leather Kensington,https://www.kurtgeiger.com/women/bags/crossbody-bags/leather-kensington-bag-tan-suede-kurt-geiger-london-5021533209?utm_source=display&utm_medium=programmatic&utm_campaign=performance&utm_content=rtg,"The Leather Kensington Bag is crafted from a soft tan suede leather. The antiqued brass eagle head features crystals and black crystal eyes on the front flap.17cm (H), 26cm (L), 8cm (D)Strap drop cross body: 111cmStrap drop shoulder: 64cmAntiqued brass chain strap with two padded leather insertsDuo magnetic snap closure hidden under flapAntiqued brass branded metal plate on the backCan fit phones up to 7 inchesTwo interior compartments with small internal lining pocketMaterial: SuedeStyle number:&nbsp;5021530209","The Leather Kensington Bag is crafted from a soft tan suede leather. The antiqued brass eagle head features crystals and black crystal eyes on the front flap.17cm (H), 26cm (L), 8cm (D)Strap drop cross body: 111cmStrap drop shoulder: 64cmAntiqued brass chain strap with two padded leather insertsDuo magnetic snap closure hidden under flapAntiqued brass branded metal plate on the backCan fit phones up to 7 inchesTwo interior compartments with small internal lining pocketMaterial: SuedeStyle number:&nbsp;5021530209",259.00,259.00,https://kg-static-cache.s3.amazonaws.com/catalog/product/cache/thumbnail/2000x2000/5/0/5021533209_20.jpg?v=1&width=800,Women > Bags > Crossbody-bags,Women > Bags > Crossbody-bags,18/08/2026,,FALSE,,78,IN STOCK,,,Tan,,,142,TRUE,TRUE,FALSE
Kurt Geiger London,6153700019,6153700019,Kurt Geiger Women's Shoulder Bag Black Leather Other Celia,https://www.kurtgeiger.com/women/bags/shoulder-bags/celia-shoulder-bag-dr-black-leather-other-kurt-geiger-london-6153700019?utm_source=display&utm_medium=programmatic&utm_campaign=performance&utm_content=rtg,"This Celia Shoulder Bag is crafted from a black shiny croc embossed leather. There is a black eagle head on the front flap.17cm (H), 26cm (L), 8cm (D)Strap length: 53cmBlack leather shoulder strapAntiqued brass chain strap detailCan fit phones up to 6inchesBlack branded plate on the backMaterial: Leather&nbsp;Style number: 6153700019","This Celia Shoulder Bag is crafted from a black shiny croc embossed leather. There is a black eagle head on the front flap.17cm (H), 26cm (L), 8cm (D)Strap length: 53cmBlack leather shoulder strapAntiqued brass chain strap detailCan fit phones up to 6inchesBlack branded plate on the backMaterial: Leather&nbsp;Style number: 6153700019",299.00,299.00,https://kg-static-cache.s3.amazonaws.com/catalog/product/cache/thumbnail/2000x2000/6/1/6153700019_20.jpg?v=1&width=800,Women > Bags > Shoulder-bags,Women > Bags > Shoulder-bags,18/08/2026,,FALSE,,185,IN STOCK,,,Black,,,51,TRUE,TRUE,FALSE
Kurt Geiger London,6154033209,6154033209,Kurt Geiger Women's Shoulder Bag Tan Suede Chelsea,https://www.kurtgeiger.com/women/bags/shoulder-bags/chelsea-lg-slouch-flap-tan-suede-kurt-geiger-london-6154033209?utm_source=display&utm_medium=programmatic&utm_campaign=performance&utm_content=rtg,"Crafted from a super slouchy tan suede leather, this Large Chelsea Slouch Flap bag sits on the shoulder with the two tan pebble grained straps. The front flap is adorned with an antiqued brass eagle head.22cm (H), 34cm (L), 13cm (D)Strap length: 68cmAdjustable shoulder strapsCan fit phones up to 6inchesInterior zipped pocket&nbsp;Material: SuedeStyle number: 6154033209","Crafted from a super slouchy tan suede leather, this Large Chelsea Slouch Flap bag sits on the shoulder with the two tan pebble grained straps. The front flap is adorned with an antiqued brass eagle head.22cm (H), 34cm (L), 13cm (D)Strap length: 68cmAdjustable shoulder strapsCan fit phones up to 6inchesInterior zipped pocket&nbsp;Material: SuedeStyle number: 6154033209",289.00,289.00,https://kg-static-cache.s3.amazonaws.com/catalog/product/cache/thumbnail/2000x2000/6/1/6154033209_20.jpg?v=1&width=800,Women > Bags > Shoulder-bags,Women > Bags > Shoulder-bags,18/08/2026,,FALSE,,182,IN STOCK,,,Tan,,,54,TRUE,TRUE,FALSE
Kurt Geiger London,6154046189,6154046189,Kurt Geiger London Chelsea Large Slouch Flap Bag - Leopard Calfhair Leather Slouchy Flap Bag,https://www.kurtgeiger.com/women/bags/shoulder-bags/chelsea-lg-slouch-flap-camel-other-leather-other-print-kurt-geiger-london-6154046189?utm_source=display&utm_medium=programmatic&utm_campaign=performance&utm_content=rtg,"Crafted from a super slouchy leopard printed calfhair leather, this Large Chelsea Slouch Flap bag sits on the shoulder with the two dark brown straps. The front flap is adorned with an antiqued silver eagle head.22cm (H), 34cm (L), 13cm (D)Strap length: 68cmAdjustable shoulder strapsCan fit phones up to 6inchesInterior zipped pocket&nbsp;Material: Calfhair leatherStyle number: 6154046189","Crafted from a super slouchy leopard printed calfhair leather, this Large Chelsea Slouch Flap bag sits on the shoulder with the two dark brown straps. The front flap is adorned with an antiqued silver eagle head.22cm (H), 34cm (L), 13cm (D)Strap length: 68cmAdjustable shoulder strapsCan fit phones up to 6inchesInterior zipped pocket&nbsp;Material: Calfhair leatherStyle number: 6154046189",299.00,299.00,https://kg-static-cache.s3.amazonaws.com/catalog/product/cache/thumbnail/2000x2000/6/1/6154046189_20.jpg?v=1&width=800,Women > Bags > Shoulder-bags,Women > Bags > Shoulder-bags,18/08/2026,,FALSE,,159,IN STOCK,,,Tan,,,64,TRUE,TRUE,FALSE
Kurt Geiger London,5926269999,5926269999,Kurt Geiger London Celia Tote Bag - Multi-Colour Tote Bag,https://www.kurtgeiger.com/women/bags/tote-bags/celia-tote-bag-multi-other-others-kurt-geiger-london-5926269999?utm_source=display&utm_medium=programmatic&utm_campaign=performance&utm_content=rtg,"This Celia Tote Bag arrives in a panelled faux fur fabric. There is a gold eagle head sat on the front.30cm (H), 40cm (L), 13cm (D)Strap length: 77cmTwo pop closure pockets on each sideBlack branded patch on the back&nbsp;Can fit laptops up to 14inchesInterior zipped pocketInterior open pocket&nbsp;Material: FabricStyle number: 5926269999","This Celia Tote Bag arrives in a panelled faux fur fabric. There is a gold eagle head sat on the front.30cm (H), 40cm (L), 13cm (D)Strap length: 77cmTwo pop closure pockets on each sideBlack branded patch on the back&nbsp;Can fit laptops up to 14inchesInterior zipped pocketInterior open pocket&nbsp;Material: FabricStyle number: 5926269999",229.00,229.00,https://kg-static-cache.s3.amazonaws.com/catalog/product/cache/thumbnail/2000x2000/5/9/5926269999_20.jpg?v=1&width=800,Women > Bags > Tote-bags,Women > Bags > Tote-bags,18/08/2026,,FALSE,,292,IN STOCK,,,Multi-Coloured,,,28,TRUE,TRUE,FALSE
Kurt Geiger London,9546600609,9546600609,Kurt Geiger London Women's Cross Body Bag Black Fabric Mini Kensington,https://www.kurtgeiger.com/women/bags/mini/fabric-mini-kensington-black-fabric-kurt-geiger-london-9546600609?utm_source=display&utm_medium=programmatic&utm_campaign=performance&utm_content=rtg,"The Fabric Mini Kensington bag is crafted from a black fabric with crystal embellishment in the Kensington quilting pattern. The black Eagle head features crystals and black bead eyes on the front flap.&nbsp;14cm (H), 20cm (L), 6cm (D)Strap drop cross body: 120cmStrap drop shoulder: 70cmBlack chain strapDuo magnetic snap closure hidden under flapBlack metal branded plate on the backCan fit phones up to 7 inchesSmall internal lining pocketPlease take extra care when styling this piece with delicate fabricsOuter: FabricInterior: Monogrammed interior liningStyle number: 9546600609","The Fabric Mini Kensington bag is crafted from a black fabric with crystal embellishment in the Kensington quilting pattern. The black Eagle head features crystals and black bead eyes on the front flap.&nbsp;14cm (H), 20cm (L), 6cm (D)Strap drop cross body: 120cmStrap drop shoulder: 70cmBlack chain strapDuo magnetic snap closure hidden under flapBlack metal branded plate on the backCan fit phones up to 7 inchesSmall internal lining pocketPlease take extra care when styling this piece with delicate fabricsOuter: FabricInterior: Monogrammed interior liningStyle number: 9546600609",169.00,169.00,https://kg-static-cache.s3.amazonaws.com/catalog/product/cache/thumbnail/2000x2000/9/5/9546600609_20.jpg?v=1&width=800,Women > Bags > Mini,Women > Bags > Mini,18/08/2026,,TRUE,,2325,IN STOCK,,,Black,,,1,TRUE,TRUE,FALSE
Kurt Geiger London,2690540609,2690540609,Kurt Geiger London Women's Cross Body Bag Fabric Crystal Kensington,https://www.kurtgeiger.com/women/bags/shoulder-bags/fabric-kensington-bag-beige-fabric-kurt-geiger-london-2690540609?utm_source=display&utm_medium=programmatic&utm_campaign=performance&utm_content=rtg,"The Fabric Kensington is crafted from a houndstooth fabric topped with brass crystals. The antiqued brass Eagle head features opaque brass crystals and black bead eyes on the front flap.&nbsp;17cm (H), 26cm (L), 8cm (D)Strap drop cross body: 111cmStrap drop shoulder: 64cmAntiqued brass chain strap with padded insertsDuo magnetic snap closure hidden under flapAntiqued brass branded plate on the backCan fit phones up to 7 inchesTwo interior compartments with small internal lining pocketPlease take extra care when styling this piece with delicate fabricsOuter: Houndstooth fabricInterior: Monogrammed interior liningStyle number:&nbsp;2690540609","The Fabric Kensington is crafted from a houndstooth fabric topped with brass crystals. The antiqued brass Eagle head features opaque brass crystals and black bead eyes on the front flap.&nbsp;17cm (H), 26cm (L), 8cm (D)Strap drop cross body: 111cmStrap drop shoulder: 64cmAntiqued brass chain strap with padded insertsDuo magnetic snap closure hidden under flapAntiqued brass branded plate on the backCan fit phones up to 7 inchesTwo interior compartments with small internal lining pocketPlease take extra care when styling this piece with delicate fabricsOuter: Houndstooth fabricInterior: Monogrammed interior liningStyle number:&nbsp;2690540609",199.00,199.00,https://kg-static-cache.s3.amazonaws.com/catalog/product/cache/thumbnail/2000x2000/2/6/2690540609_20.jpg?v=1&width=800,Women > Bags > Shoulder-bags,Women > Bags > Shoulder-bags,18/08/2026,,FALSE,,260,IN STOCK,,,Nude,,,35,TRUE,TRUE,FALSE
Kurt Geiger London,5377800109,5377800109,Kurt Geiger Women's Cross Body Black Leather Mini Pimlico,https://www.kurtgeiger.com/women/bags/mini/mini-pimlico-bag-black-leather-kurt-geiger-london-5377800109?utm_source=display&utm_medium=programmatic&utm_campaign=performance&utm_content=rtg,"This Mini Pimlico Purse arrives in a black leather with two separate compartments. There is an antiqued brass eagle head sat on the front of the purse.4.7in (H), 8.2in (L), 2.3in (D)Strap length: 53.1inBranded fabric cross body strapFlat open pocket on the backInterior zipped pocketCan fit phones up to 6inchesMaterial: LeatherStyle number: 5377800109","This Mini Pimlico Purse arrives in a black leather with two separate compartments. There is an antiqued brass eagle head sat on the front of the purse.4.7in (H), 8.2in (L), 2.3in (D)Strap length: 53.1inBranded fabric cross body strapFlat open pocket on the backInterior zipped pocketCan fit phones up to 6inchesMaterial: LeatherStyle number: 5377800109",219.00,219.00,https://kg-static-cache.s3.amazonaws.com/catalog/product/cache/thumbnail/2000x2000/5/3/5377800109_20.jpg?v=1&width=800,Women > Bags > Mini,Women > Bags > Mini,18/08/2026,,FALSE,,28,IN STOCK,,,Black,,,227,TRUE,TRUE,FALSE
Kurt Geiger London,5377600109,5377600109,Kurt Geiger Women's Cross Body Bag Black Leather Pimlico,https://www.kurtgeiger.com/women/bags/shoulder-bags/long-nano-pimlico-bag-black-leather-kurt-geiger-london-5377600109?utm_source=display&utm_medium=programmatic&utm_campaign=performance&utm_content=rtg,"This Long Nano Pimlico Bag arrives in a black grained leather. There is an antiqued brass square plate on the front flap with eagle head at the centre.8cm (H), 14cm (L), 4cm (D)Strap length: 116cmAntiqued brass chain strapTwo magnetic snap closures under under flapAntiqued brass branded plate on the backCan fit classic credit cardsMaterial: SyntheticStyle number: 5377600109","This Long Nano Pimlico Bag arrives in a black grained leather. There is an antiqued brass square plate on the front flap with eagle head at the centre.8cm (H), 14cm (L), 4cm (D)Strap length: 116cmAntiqued brass chain strapTwo magnetic snap closures under under flapAntiqued brass branded plate on the backCan fit classic credit cardsMaterial: SyntheticStyle number: 5377600109",169.00,169.00,https://kg-static-cache.s3.amazonaws.com/catalog/product/cache/thumbnail/2000x2000/5/3/5377600109_20.jpg?v=1&width=800,Women > Bags > Shoulder-bags,Women > Bags > Shoulder-bags,18/08/2026,,FALSE,,144,IN STOCK,,,Black,,,70,TRUE,TRUE,FALSE
Kurt Geiger London,5574099999,5574099999,Kurt Geiger Women's Cross Body Bag Other Other Kensington,https://www.kurtgeiger.com/women/bags/crossbody-bags/micro-kensington-vinyl-other-others-kurt-geiger-london-5574099999?utm_source=display&utm_medium=programmatic&utm_campaign=performance&utm_content=rtg,"The Micro Kensington Bag is crafted from a clear vinyl exterior with overstitch quilting in a weave pattern. The clear eagle head features crystals on the front flap.&nbsp;7cm (H), 10cm (L), 2cm (D)Strap drop cross body: 123cmAntiqued brass chain strapTwo pop closures under flapAntiqued brass branded plate on the backCan fit classic credit cardsOuter: VinylInterior: Monogrammed interior liningStyle number:&nbsp;55740999999","The Micro Kensington Bag is crafted from a clear vinyl exterior with overstitch quilting in a weave pattern. The clear eagle head features crystals on the front flap.&nbsp;7cm (H), 10cm (L), 2cm (D)Strap drop cross body: 123cmAntiqued brass chain strapTwo pop closures under flapAntiqued brass branded plate on the backCan fit classic credit cardsOuter: VinylInterior: Monogrammed interior liningStyle number:&nbsp;55740999999",79.00,79.00,https://kg-static-cache.s3.amazonaws.com/catalog/product/cache/thumbnail/2000x2000/5/5/5574099999_20.jpg?v=1&width=800,Women > Bags > Crossbody-bags,Women > Bags > Crossbody-bags,18/08/2026,,FALSE,,43,IN STOCK,,,,,,204,TRUE,TRUE,FALSE
Kurt Geiger London,5579241109,5579241109,Kurt Geiger Women's Shoulder Bone Leather Pickle,https://www.kurtgeiger.com/women/bags/crossbody-bags/pickle-shoulder-bag-bone-leather-kurt-geiger-london-5579241109?utm_source=display&utm_medium=programmatic&utm_campaign=performance&utm_content=rtg,"This Pickle Shoulder Bag is crafted from a soft bone lambskin leather with three rows of overstitch quilting. There is an antiqued brass metal eagle head with crystals sat on the front flap.&nbsp;10cm (H), 20cm (L), 6cm (D)Strap length cross body: 128cmStrap length shoulder: 55cmWith two removable straps, this bag can be worn in multiple ways including as a wristlet, across the body, on the shoulder and as a clutchZip closureCan fit phones up to 7inchesMaterial: LeatherStyle number: 5579241109","This Pickle Shoulder Bag is crafted from a soft bone lambskin leather with three rows of overstitch quilting. There is an antiqued brass metal eagle head with crystals sat on the front flap.&nbsp;10cm (H), 20cm (L), 6cm (D)Strap length cross body: 128cmStrap length shoulder: 55cmWith two removable straps, this bag can be worn in multiple ways including as a wristlet, across the body, on the shoulder and as a clutchZip closureCan fit phones up to 7inchesMaterial: LeatherStyle number: 5579241109",159.00,159.00,https://kg-static-cache.s3.amazonaws.com/catalog/product/cache/thumbnail/2000x2000/5/5/5579241109_20.jpg?v=1&width=800,Women > Bags > Crossbody-bags,Women > Bags > Crossbody-bags,18/08/2026,,FALSE,,110,IN STOCK,,,White,,,99,TRUE,TRUE,FALSE
Kurt Geiger London,5586400109,5586400109,Kurt Geiger London Mini Oxford Bag - Mini Oxford Bag,https://www.kurtgeiger.com/women/bags/mini/leather-mini-oxford-black-leather-kurt-geiger-london-5586400109?utm_source=display&utm_medium=programmatic&utm_campaign=performance&utm_content=rtg,"This Leather Oxford Bag is crafted from a soft black lambskin leather. There is a black metal eagle head with crystals sat on the front flap.10cm (H), 20cm (L), 6cm (D)Strap length cross body: 128cmStrap length shoulder: 55cmOptional leather cross body strapMagnetic flap closure under the flapCan fit phones up to 7inchesMaterial: LeatherStyle number: 5586400109","This Leather Oxford Bag is crafted from a soft black lambskin leather. There is a black metal eagle head with crystals sat on the front flap.10cm (H), 20cm (L), 6cm (D)Strap length cross body: 128cmStrap length shoulder: 55cmOptional leather cross body strapMagnetic flap closure under the flapCan fit phones up to 7inchesMaterial: LeatherStyle number: 5586400109",129.00,129.00,https://kg-static-cache.s3.amazonaws.com/catalog/product/cache/thumbnail/2000x2000/5/5/5586400109_20.jpg?v=1&width=800,Women > Bags > Mini,Women > Bags > Mini,18/08/2026,,FALSE,,17,IN STOCK,,,Black,,,240,TRUE,TRUE,TRUE
Kurt Geiger London,5602799609,5602799609,Kurt Geiger Women's Shoulder Bag Other Fabric Kensington,https://www.kurtgeiger.com/women/bags/crossbody-bags/kensington-bag-crystals-other-fabric-kurt-geiger-london-5602799609?utm_source=display&utm_medium=programmatic&utm_campaign=performance&utm_content=rtg,"The fabric Kensington bag is crafted from a denim fabric with camouflage printed fabric on the flap. The front flap is embellished with silver crystals as well as an antiqued brass eagle head.17cm (H), 26cm (L), 8cm (D)Strap drop cross body: 111cmAntiqued brass chain strap with two padded insertsDuo magnetic snap closure hidden under flapAntiqued brass branded plate on the backTwo interior compartments with small internal lining pocketMaterial: Denim FabricStyle number: 5602799609","The fabric Kensington bag is crafted from a denim fabric with camouflage printed fabric on the flap. The front flap is embellished with silver crystals as well as an antiqued brass eagle head.17cm (H), 26cm (L), 8cm (D)Strap drop cross body: 111cmAntiqued brass chain strap with two padded insertsDuo magnetic snap closure hidden under flapAntiqued brass branded plate on the backTwo interior compartments with small internal lining pocketMaterial: Denim FabricStyle number: 5602799609",119.00,119.00,https://kg-static-cache.s3.amazonaws.com/catalog/product/cache/thumbnail/2000x2000/5/6/5602799609_20.jpg?v=1&width=800,Women > Bags > Crossbody-bags,Women > Bags > Crossbody-bags,18/08/2026,,FALSE,,50,IN STOCK,,,,,,197,TRUE,TRUE,TRUE
Kurt Geiger London,5626741109,5626741109,Kurt Geiger Women's Cross Body Bag Bone Leather Pimlico,https://www.kurtgeiger.com/women/bags/mini/mini-pimlico-bag-st-bone-leather-kurt-geiger-london-5626741109?utm_source=display&utm_medium=programmatic&utm_campaign=performance&utm_content=rtg,"This Mini Pimlico Bag arrives in a bone pebble grained leather with overstitch quilting detail. There is an antiqued brass eagle head sat on a crystal embellished plate on the front of the flap.12cm (H), 21cm (L), 6cm (D)Strap length: 135cmOptional leather cross body strapOptional antiqued brass shoulder strapFlat open pocket on the backInterior zipped pocketCan fit phones up to 6inchesMaterial: LeatherStyle number: 5626741109","This Mini Pimlico Bag arrives in a bone pebble grained leather with overstitch quilting detail. There is an antiqued brass eagle head sat on a crystal embellished plate on the front of the flap.12cm (H), 21cm (L), 6cm (D)Strap length: 135cmOptional leather cross body strapOptional antiqued brass shoulder strapFlat open pocket on the backInterior zipped pocketCan fit phones up to 6inchesMaterial: LeatherStyle number: 5626741109",229.00,229.00,https://kg-static-cache.s3.amazonaws.com/catalog/product/cache/thumbnail/2000x2000/5/6/5626741109_20.jpg?v=1&width=800,Women > Bags > Mini,Women > Bags > Mini,18/08/2026,,TRUE,,74,IN STOCK,,,White,,,157,TRUE,TRUE,FALSE
Kurt Geiger London,5579233209,5579233209,Kurt Geiger Women's Shoulder Bag Tan Suede Leather Pickle Shoulder,https://www.kurtgeiger.com/women/bags/crossbody-bags/pickle-shoulder-bag-tan-suede-kurt-geiger-london-5579233209?utm_source=display&utm_medium=programmatic&utm_campaign=performance&utm_content=rtg,"This Pickle Shoulder Bag is crafted from a tan suede leather with three rows of overstitch quilting. There is an antiqued brass metal eagle head with crystals sat on the front flap.10cm (H), 20cm (L), 6cm (D)Strap length cross body: 128cmStrap length shoulder: 55cmWith two removable straps, this bag can be worn in multiple ways including as a wristlet, across the body, on the shoulder and as a clutchMagnetic flap closure under the flapZip closureCan fit phones up to 7inchesMaterial: Suede leatherStyle number: 5579233209","This Pickle Shoulder Bag is crafted from a tan suede leather with three rows of overstitch quilting. There is an antiqued brass metal eagle head with crystals sat on the front flap.10cm (H), 20cm (L), 6cm (D)Strap length cross body: 128cmStrap length shoulder: 55cmWith two removable straps, this bag can be worn in multiple ways including as a wristlet, across the body, on the shoulder and as a clutchMagnetic flap closure under the flapZip closureCan fit phones up to 7inchesMaterial: Suede leatherStyle number: 5579233209",159.00,159.00,https://kg-static-cache.s3.amazonaws.com/catalog/product/cache/thumbnail/2000x2000/5/5/5579233209_20.jpg?v=1&width=800,Women > Bags > Crossbody-bags,Women > Bags > Crossbody-bags,18/08/2026,,FALSE,,115,IN STOCK,,,Tan,,,93,TRUE,TRUE,FALSE
Kurt Geiger London,5266841109,5266841109,Kurt Geiger Women's Cross Body Bag Bone Leather Chelsea,https://www.kurtgeiger.com/women/bags/crossbody-bags/chelsea-eastw-bag-bone-leather-kurt-geiger-london-5266841109?utm_source=display&utm_medium=programmatic&utm_campaign=performance&utm_content=rtg,"This Chelsea East West Bag is crafted from a bone leather. There is a crystal embellished antiqued brass oval trim with eagle head at the centre sat on the front flap. Style with the leather strap or optional brass chain for effortless crossbody-to-shoulder versatility.15cm (H), 26cm (L), 6cm (D)Strap length: 126cmStrap length short: 47cmCan fit phones up to 6inchesTwo magnetic snap pop closures under the flapOpen flat pocket on the backMaterial: LeatherStyle number: 5266841109","This Chelsea East West Bag is crafted from a bone leather. There is a crystal embellished antiqued brass oval trim with eagle head at the centre sat on the front flap. Style with the leather strap or optional brass chain for effortless crossbody-to-shoulder versatility.15cm (H), 26cm (L), 6cm (D)Strap length: 126cmStrap length short: 47cmCan fit phones up to 6inchesTwo magnetic snap pop closures under the flapOpen flat pocket on the backMaterial: LeatherStyle number: 5266841109",319.00,319.00,https://kg-static-cache.s3.amazonaws.com/catalog/product/cache/thumbnail/2000x2000/5/2/5266841109_20.jpg?v=1&width=800,Women > Bags > Crossbody-bags,Women > Bags > Crossbody-bags,18/08/2026,,FALSE,,98,IN STOCK,,,White,,,120,TRUE,TRUE,FALSE
Kurt Geiger London,5785833219,5785833219,Kurt Geiger Women's Shoulder Bag Tan Suede Leather Macro Kensington,https://www.kurtgeiger.com/women/bags/crossbody-bags/macro-kensington-tan-suede-leather-kurt-geiger-london-5785833219?utm_source=display&utm_medium=programmatic&utm_campaign=performance&utm_content=rtg,"The Macro Kensington Bag is crafted from a tan suede leather. There is an extra large antiqued brass eagle head sat on the front flap.32cm (H), 49cm (L), 14cm (D)Strap drop cross body: 103cmStrap drop shoulder: 65cmAntiqued brass shoulder strap with two padded leather insertsDuo magnetic snap closure hidden under flapAntiqued brass branded metal plate on the backTwo interior compartments with small internal lining pocketMaterial: SuedeStyle number:&nbsp;5785833219","The Macro Kensington Bag is crafted from a tan suede leather. There is an extra large antiqued brass eagle head sat on the front flap.32cm (H), 49cm (L), 14cm (D)Strap drop cross body: 103cmStrap drop shoulder: 65cmAntiqued brass shoulder strap with two padded leather insertsDuo magnetic snap closure hidden under flapAntiqued brass branded metal plate on the backTwo interior compartments with small internal lining pocketMaterial: SuedeStyle number:&nbsp;5785833219",399.00,399.00,https://kg-static-cache.s3.amazonaws.com/catalog/product/cache/thumbnail/2000x2000/5/7/5785833219_20.jpg?v=1&width=800,Women > Bags > Crossbody-bags,Women > Bags > Crossbody-bags,18/08/2026,,FALSE,,106,IN STOCK,,,Tan,,,102,TRUE,TRUE,FALSE
Kurt Geiger London,5825880109,5825880109,Kurt Geiger Women's Blue Leather Kensington Kurt Bag,https://www.kurtgeiger.com/women/bags/crossbody-bags/kc-kensington-flap-kurt-blue-leather-kurt-geiger-london-5825880109?utm_source=display&utm_medium=programmatic&utm_campaign=performance&utm_content=rtg,"This Kensington Flap is crafted from a blue leather with zigzag overstitch quilting detailing. There is an antiqued brass eagle head sat on the front of the flap.Arrives with a free Kurt Geiger tote bag (pictured) for a limited time only.16cm (H), 26cm (L), 9cm (D)Strap length: 67cmAntiqued brass shoulder chain strapInterior zipped pocketAntiqued brass KURT branding on the baseAntiqued brass branded plate on the backDuo magnetic snap closuresMaterial: LeatherStyle number: 5825880109","This Kensington Flap is crafted from a blue leather with zigzag overstitch quilting detailing. There is an antiqued brass eagle head sat on the front of the flap.Arrives with a free Kurt Geiger tote bag (pictured) for a limited time only.16cm (H), 26cm (L), 9cm (D)Strap length: 67cmAntiqued brass shoulder chain strapInterior zipped pocketAntiqued brass KURT branding on the baseAntiqued brass branded plate on the backDuo magnetic snap closuresMaterial: LeatherStyle number: 5825880109",209.00,209.00,https://kg-static-cache.s3.amazonaws.com/catalog/product/cache/thumbnail/2000x2000/5/8/5825880109_20.jpg?v=1&width=800,Women > Bags > Crossbody-bags,Women > Bags > Crossbody-bags,18/08/2026,,FALSE,,8,IN STOCK,,,Blue,,,259,TRUE,TRUE,TRUE
Kurt Geiger London,5827315069,5827315069,Kurt Geiger Women's Tote Bag White Combination Fabric Kurt Large Shopper,https://www.kurtgeiger.com/women/bags/tote-bags/kc-lg-shopper-white-comb-fabric-other-kurt-geiger-london-5827315069?utm_source=display&utm_medium=programmatic&utm_campaign=performance&utm_content=rtg,"This Kurt's Cabana Large Shopper bag arrives in a bone mesh fabric with soft structure. There are pale pink , blue and green trims across the bag.Arrives with a free Kurt Geiger tote bag (pictured) for a limited time only.40cm (H), 37cm (L), 20cm (D)Strap length: 66cmShoulder strapWhite cursive Kurt branded tabCan fit laptops up to 14inchesFabric luggage tag with antiqued brass eagle head&nbsp;Material: FabricStyle number: 5827315069","This Kurt's Cabana Large Shopper bag arrives in a bone mesh fabric with soft structure. There are pale pink , blue and green trims across the bag.Arrives with a free Kurt Geiger tote bag (pictured) for a limited time only.40cm (H), 37cm (L), 20cm (D)Strap length: 66cmShoulder strapWhite cursive Kurt branded tabCan fit laptops up to 14inchesFabric luggage tag with antiqued brass eagle head&nbsp;Material: FabricStyle number: 5827315069",139.00,139.00,https://kg-static-cache.s3.amazonaws.com/catalog/product/cache/thumbnail/2000x2000/5/8/5827315069_20.jpg?v=1&width=800,Women > Bags > Tote-bags,Women > Bags > Tote-bags,18/08/2026,,FALSE,,7,IN STOCK,,,White,,,261,TRUE,TRUE,TRUE
Kurt Geiger London,5829180999,5829180999,Kurt Geiger London Kurt's Cabana Small Pochette Bag - Blue Vinyl Shoulder Bag,https://www.kurtgeiger.com/women/bags/shoulder-bags/kc-sm-shoulder-bag-blue-others-kurt-geiger-london-5829180999?utm_source=display&utm_medium=programmatic&utm_campaign=performance&utm_content=rtg,"This Kurt's Cabana Small Pochette Bag arrives in a blue transparent vinyl with embossed branding on the front. There is a gold chain shoulder strap. Arrives with a free Kurt Geiger tote bag (pictured) for a limited time only.15cm (H), 22cm (L), 5cm (D)Strap length: 50cmCan fit phones up to 6inchesUnlined interiorMaterial: VinylStyle number: 5829180999","This Kurt's Cabana Small Pochette Bag arrives in a blue transparent vinyl with embossed branding on the front. There is a gold chain shoulder strap. Arrives with a free Kurt Geiger tote bag (pictured) for a limited time only.15cm (H), 22cm (L), 5cm (D)Strap length: 50cmCan fit phones up to 6inchesUnlined interiorMaterial: VinylStyle number: 5829180999",69.00,69.00,https://kg-static-cache.s3.amazonaws.com/catalog/product/cache/thumbnail/2000x2000/5/8/5829180999_20.jpg?v=1&width=800,Women > Bags > Shoulder-bags,Women > Bags > Shoulder-bags,18/08/2026,,FALSE,,12,IN STOCK,,,Blue,,,249,TRUE,TRUE,TRUE
Kurt Geiger London,5832045609,5832045609,Kurt Geiger Women's Cross Body Bag Cream Combination Fabric Macrame,https://www.kurtgeiger.com/women/bags/mini/mini-macrame-rope-bag-cream-combination-fabric-kurt-geiger-london-5832045609?utm_source=display&utm_medium=programmatic&utm_campaign=performance&utm_content=rtg,"This Mini Macrame rope bag is comprised of a silver and gold twisted style rope knotted exterior with stone stacked tassels off the bottom. There is a crystal embellished eagle head on the pebble grain luggage tag.15cm (H), 16cm (L), 6cm (D)Cross body strap: 121cmInterior &nbsp;cork style drawstring pouchLong cross body strapMaterial: SyntheticStyle number: 5822045609","This Mini Macrame rope bag is comprised of a silver and gold twisted style rope knotted exterior with stone stacked tassels off the bottom. There is a crystal embellished eagle head on the pebble grain luggage tag.15cm (H), 16cm (L), 6cm (D)Cross body strap: 121cmInterior &nbsp;cork style drawstring pouchLong cross body strapMaterial: SyntheticStyle number: 5822045609",199.00,199.00,https://kg-static-cache.s3.amazonaws.com/catalog/product/cache/thumbnail/2000x2000/5/8/5832045609_20.jpg?v=1&width=800,Women > Bags > Mini,Women > Bags > Mini,18/08/2026,,FALSE,,34,IN STOCK,,,Nude,,,220,TRUE,TRUE,FALSE
Kurt Geiger London,9342419119,9342419119,Kurt Geiger Women's Purse White Other Printed Leather,https://www.kurtgeiger.com/women/bags/wallets/shoreditch-card-holder-white-other-printed-leather-kurt-geiger-london-9342419119?utm_source=display&utm_medium=programmatic&utm_campaign=performance&utm_content=rtg,"The Multi Card Shoreditch is crafted from a white leather with floral embellishment. The gold eagle head sits on the closure.8cm (H), 10.5cm (L), 1cm (D)Single pop stud closureGold foil embossed logo on the frontCan fit up to eight classic cardsOuter: LeatherInterior: Faux leather liningStyle number: 9342419119","The Multi Card Shoreditch is crafted from a white leather with floral embellishment. The gold eagle head sits on the closure.8cm (H), 10.5cm (L), 1cm (D)Single pop stud closureGold foil embossed logo on the frontCan fit up to eight classic cardsOuter: LeatherInterior: Faux leather liningStyle number: 9342419119",59.00,59.00,https://kg-static-cache.s3.amazonaws.com/catalog/product/cache/thumbnail/2000x2000/9/3/9342419119_20.jpg?v=1&width=800,Women > Bags > Wallets,Women > Bags > Wallets,18/08/2026,,FALSE,,47,IN STOCK,,,White,,,200,TRUE,TRUE,FALSE
