prclient,prid,prid_filtered,pridfiltered,prname,prurl,prshortdescription,prdescription,prdisplayprice,prprice,primageurl,prcategory,prsubcategory,prcreatedon,pralternativeurl,prbestseller,prsku,pravailablequantity,pravailability,prquantitysold,prsize,prcolor,prcountry,prfromprice,prposition,isactive,isdefault,pronsale
Carvela,5898269449,5898269449,5898269449,Carvela Women's Heels Mult Other Raffia Sadie,https://www.shoeaholics.com/women/shoes/heels/low-mid-heels/sadie-embroidery-multi-other-raffia-carvela-5898269449?utm_source=display&utm_medium=programmatic&utm_campaign=performance&utm_content=rtg,Raffia Embroidered Block Heel,Raffia Embroidered Block Heel,99.00,139.00,https://kg-static-cache.s3.amazonaws.com/catalog/product/cache/thumbnail/1622x1622/5/8/5898269449.jpg?v=1&width=800,Women > Shoes > Heels > Low-mid-heels,Women > Shoes > Heels > Low-mid-heels,10/09/2026,,FALSE,,130,IN STOCK,,,,,,94,TRUE,TRUE,TRUE
Kg Kurt Geiger,6298400309,6298400309,6298400309,KG Kurt Geiger Women's Black patent Tilly Velvet,https://www.shoeaholics.com/women/shoes/heels/slingbacks/tilly-velvet-bow-black-patent-kg-kurt-geiger-6298400309?utm_source=display&utm_medium=programmatic&utm_campaign=performance&utm_content=rtg,"Womens Kg Kurt Geiger Tilly Velvet Bow """", 9 Uk, Black","Womens Kg Kurt Geiger Tilly Velvet Bow """", 9 Uk, Black",89.00,129.00,https://kg-static-cache.s3.amazonaws.com/catalog/product/cache/thumbnail/1622x1622/6/2/6298400309.jpg?v=1&width=800,Women > Shoes > Heels > Slingbacks,Women > Shoes > Heels > Slingbacks,10/09/2026,,FALSE,,285,IN STOCK,,,Black,,,14,TRUE,TRUE,TRUE
Kg Kurt Geiger,6321584789,6321584789,6321584789,KG Kurt Geiger Women's Heels NAvy Velvet Autumn,https://www.shoeaholics.com/women/shoes/heels/slingbacks/autumn-d-orsay-navy-velvet-kg-kurt-geiger-6321584789?utm_source=display&utm_medium=programmatic&utm_campaign=performance&utm_content=rtg,"Navy Velvet Heel, Navy","Navy Velvet Heel, Navy",89.00,129.00,https://kg-static-cache.s3.amazonaws.com/catalog/product/cache/thumbnail/1622x1622/6/3/6321584789.jpg?v=1&width=800,Women > Shoes > Heels > Slingbacks,Women > Shoes > Heels > Slingbacks,10/09/2026,,FALSE,,162,IN STOCK,,,Blue,,,69,TRUE,TRUE,TRUE
Carvela,5758861979,5758861979,5758861979,Carvela Women's Heels Gold Synthetic Motto Block,https://www.shoeaholics.com/women/shoes/heels/low-mid-heels/motto-block-wf-gold-synthetic-carvela-5758861979?utm_source=display&utm_medium=programmatic&utm_campaign=performance&utm_content=rtg,"Womens Carvela Motto Block Wide Fit Heel """", 3 Uk, Gold","Womens Carvela Motto Block Wide Fit Heel """", 3 Uk, Gold",89.00,119.00,https://kg-static-cache.s3.amazonaws.com/catalog/product/cache/thumbnail/1622x1622/5/7/5758861979.jpg?v=1&width=800,Women > Shoes > Heels > Low-mid-heels,Women > Shoes > Heels > Low-mid-heels,10/09/2026,,FALSE,,11,IN STOCK,,,Metallic,,,267,TRUE,TRUE,TRUE
Kg Kurt Geiger,5735444829,5735444829,5735444829,KG Kurt Geiger Women's Heels Bome Combination Sunnie,https://www.shoeaholics.com/women/shoes/heels/high-heels/sunnie-bone-combination-polyurethane-kg-kurt-geiger-5735444829?utm_source=display&utm_medium=programmatic&utm_campaign=performance&utm_content=rtg,"Striped Block Heel, Bone Combination","Striped Block Heel, Bone Combination",29.00,139.00,https://kg-static-cache.s3.amazonaws.com/catalog/product/cache/thumbnail/1622x1622/5/7/5735444829.jpg?v=1&width=800,Women > Shoes > Heels > High-heels,Women > Shoes > Heels > High-heels,10/09/2026,,FALSE,,19,IN STOCK,,,White,,,233,TRUE,TRUE,TRUE
Carvela,2411961979,2411961979,2411961979,Kurt Geiger Women's Heels Gold Synthetic Sadie,https://www.shoeaholics.com/women/shoes/heels/low-mid-heels/sadie-wedge-gold-synthetic-carvela-2411961979?utm_source=display&utm_medium=programmatic&utm_campaign=performance&utm_content=rtg,"Gold Metallic Upper, Gold","Gold Metallic Upper, Gold",69.00,129.00,https://kg-static-cache.s3.amazonaws.com/catalog/product/cache/thumbnail/1622x1622/2/4/2411961979.jpg?v=1&width=800,Women > Shoes > Heels > Low-mid-heels,Women > Shoes > Heels > Low-mid-heels,10/09/2026,,FALSE,,80,IN STOCK,,,Metallic,,,127,TRUE,TRUE,TRUE
Kg Kurt Geiger,3847862069,3847862069,3847862069,KG Kurt Geiger Women's Heels Peter Fabric Other Fleur,https://www.shoeaholics.com/women/shoes/heels/high-heels/fleur-platform-pewter-fabric-other-kg-kurt-geiger-3847862069?utm_source=display&utm_medium=programmatic&utm_campaign=performance&utm_content=rtg,"Gunmetal Metallic Platform Heel, Pewter","Gunmetal Metallic Platform Heel, Pewter",99.00,149.00,https://kg-static-cache.s3.amazonaws.com/catalog/product/cache/thumbnail/1622x1622/3/8/3847862069.jpg?v=1&width=800,Women > Shoes > Heels > High-heels,Women > Shoes > Heels > High-heels,10/09/2026,,FALSE,,298,IN STOCK,,,Metallic,,,10,TRUE,TRUE,TRUE
Carvela,2411998979,2411998979,2411998979,Carvela Women's Heels Wedge Pink Synthetic Sadie,https://www.shoeaholics.com/women/shoes/heels/low-mid-heels/sadie-wedge-pink-synthetic-carvela-2411998979?utm_source=display&utm_medium=programmatic&utm_campaign=performance&utm_content=rtg,"Pink Wedge Heel, Pink","Pink Wedge Heel, Pink",69.00,129.00,https://kg-static-cache.s3.amazonaws.com/catalog/product/cache/thumbnail/1622x1622/2/4/2411998979.jpg?v=1&width=800,Women > Shoes > Heels > Low-mid-heels,Women > Shoes > Heels > Low-mid-heels,10/09/2026,,FALSE,,27,IN STOCK,,,Pink,,,209,TRUE,TRUE,TRUE
Carvela,4529300609,4529300609,4529300609,Carvela Women's Coat Heel Black Fabric Corletta,https://www.shoeaholics.com/women/shoes/heels/slingbacks/corletta-sling-court-black-fabric-carvela-4529300609?utm_source=display&utm_medium=programmatic&utm_campaign=performance&utm_content=rtg,"Black Microsuede Heel, Black","Black Microsuede Heel, Black",79.00,119.00,https://kg-static-cache.s3.amazonaws.com/catalog/product/cache/thumbnail/1622x1622/4/5/4529300609.jpg?v=1&width=800,Women > Shoes > Heels > Slingbacks,Women > Shoes > Heels > Slingbacks,10/09/2026,,FALSE,,367,IN STOCK,,,Black,,,3,TRUE,TRUE,TRUE
Kurt Geiger London,5092669609,5092669609,5092669609,Kurt Geiger Women's Heels Multi Other Fabric Bloom,https://www.shoeaholics.com/women/shoes/heels/high-heels/bloom-mule-multi-other-fabric-kurt-geiger-london-5092669609?utm_source=display&utm_medium=programmatic&utm_campaign=performance&utm_content=rtg,"Womens Kurt Geiger London Bloom Mule """", 6 Uk","Womens Kurt Geiger London Bloom Mule """", 6 Uk",119.00,169.00,https://kg-static-cache.s3.amazonaws.com/catalog/product/cache/thumbnail/1622x1622/5/0/5092669609.jpg?v=1&width=800,Women > Shoes > Heels > High-heels,Women > Shoes > Heels > High-heels,10/09/2026,,FALSE,,147,IN STOCK,,,,,,78,TRUE,TRUE,TRUE
Kurt Geiger London,5393700309,5393700309,5393700309,Kurt Geiger London Crystal Strap Sandal 90 Black Patent High Heel,https://www.shoeaholics.com/women/shoes/heels/high-heels/crystal-strap-sandal-90-black-patent-kurt-geiger-london-5393700309?utm_source=display&utm_medium=programmatic&utm_campaign=performance&utm_content=rtg,"Black Patent High Heel, Black","Black Patent High Heel, Black",49.00,179.00,https://kg-static-cache.s3.amazonaws.com/catalog/product/cache/thumbnail/1622x1622/5/3/5393700309.jpg?v=1&width=800,Women > Shoes > Heels > High-heels,Women > Shoes > Heels > High-heels,10/09/2026,,FALSE,,10,IN STOCK,,,Black,,,273,TRUE,TRUE,TRUE
Carvela,5926733109,5926733109,5926733109,Carvela Women's Sandals Tan Leather Lava,https://www.shoeaholics.com/women/shoes/heels/high-heels/lava-sandal-tan-leather-carvela-5926733109?utm_source=display&utm_medium=programmatic&utm_campaign=performance&utm_content=rtg,"Womens Carvela Lava Sandal """", 7 Uk, Tan","Womens Carvela Lava Sandal """", 7 Uk, Tan",59.00,149.00,https://kg-static-cache.s3.amazonaws.com/catalog/product/cache/thumbnail/1622x1622/5/9/5926733109.jpg?v=1&width=800,Women > Shoes > Heels > High-heels,Women > Shoes > Heels > High-heels,10/09/2026,,FALSE,,114,IN STOCK,,,Tan,,,107,TRUE,TRUE,TRUE
Carvela,5724566609,5724566609,5724566609,Carvela Women's Heels Gold Combination Fabric Sorano,https://www.shoeaholics.com/women/shoes/heels/low-mid-heels/sorano-wedge-gold-combination-fabric-carvela-5724566609?utm_source=display&utm_medium=programmatic&utm_campaign=performance&utm_content=rtg,"Womens Carvela Sorano Wedge Heel """", 9 Uk, Gold Combination","Womens Carvela Sorano Wedge Heel """", 9 Uk, Gold Combination",79.00,159.00,https://kg-static-cache.s3.amazonaws.com/catalog/product/cache/thumbnail/1622x1622/5/7/5724566609.jpg?v=1&width=800,Women > Shoes > Heels > Low-mid-heels,Women > Shoes > Heels > Low-mid-heels,10/09/2026,,FALSE,,86,IN STOCK,,,Metallic,,,121,TRUE,TRUE,TRUE
Carvela,5898010979,5898010979,5898010979,Carvela Paparazza Heel,https://www.shoeaholics.com/women/shoes/heels/high-heels/paparazza-heel-white-synthetic-carvela-5898010979?utm_source=display&utm_medium=programmatic&utm_campaign=performance&utm_content=rtg,"Womens Carvela Paparazza Heel """", 6 Uk, White","Womens Carvela Paparazza Heel """", 6 Uk, White",79.00,139.00,https://kg-static-cache.s3.amazonaws.com/catalog/product/cache/thumbnail/1622x1622/5/8/5898010979.jpg?v=1&width=800,Women > Shoes > Heels > High-heels,Women > Shoes > Heels > High-heels,10/09/2026,,FALSE,,484,IN STOCK,,,White,,,1,TRUE,TRUE,TRUE
Carvela,5264400979,5264400979,5264400979,Carvela Women's Black Synthetic Refined Court,https://www.shoeaholics.com/women/shoes/heels/high-heels/refined-court-wide-fit-black-synthetic-carvela-5264400979?utm_source=display&utm_medium=programmatic&utm_campaign=performance&utm_content=rtg,"Wide Fit Black Court Heel, Black","Wide Fit Black Court Heel, Black",79.00,129.00,https://kg-static-cache.s3.amazonaws.com/catalog/product/cache/thumbnail/1622x1622/5/2/5264400979.jpg?v=1&width=800,Women > Shoes > Heels > High-heels,Women > Shoes > Heels > High-heels,10/09/2026,,FALSE,,78,IN STOCK,,,Black,,,128,TRUE,TRUE,TRUE
Kg Kurt Geiger,5749361829,5749361829,5749361829,KG Kurt Geiger Women's Heels Gold Synthetic Soraya,https://www.shoeaholics.com/women/shoes/heels/high-heels/soraya-gold-polyurethane-kg-kurt-geiger-5749361829?utm_source=display&utm_medium=programmatic&utm_campaign=performance&utm_content=rtg,"Metallic High Heel, Gold","Metallic High Heel, Gold",69.00,129.00,https://kg-static-cache.s3.amazonaws.com/catalog/product/cache/thumbnail/1622x1622/5/7/5749361829.jpg?v=1&width=800,Women > Shoes > Heels > High-heels,Women > Shoes > Heels > High-heels,10/09/2026,,FALSE,,40,IN STOCK,,,Metallic,,,173,TRUE,TRUE,TRUE
Carvela,5893510609,5893510609,5893510609,CORLETTA HEEL,https://www.shoeaholics.com/women/shoes/heels/low-mid-heels/corletta-sandal-white-fabric-carvela-5893510609?utm_source=display&utm_medium=programmatic&utm_campaign=performance&utm_content=rtg,"Silver Faux Pearl High Heel, White","Silver Faux Pearl High Heel, White",89.00,129.00,https://kg-static-cache.s3.amazonaws.com/catalog/product/cache/thumbnail/1622x1622/5/8/5893510609.jpg?v=1&width=800,Women > Shoes > Heels > Low-mid-heels,Women > Shoes > Heels > Low-mid-heels,10/09/2026,,FALSE,,295,IN STOCK,,,White,,,12,TRUE,TRUE,TRUE
Carvela,5823530209,5823530209,5823530209,Carvela Women's Sandals Brown Suede Novella,https://www.shoeaholics.com/women/shoes/heels/low-mid-heels/novella-mule-brown-suede-carvela-5823530209?utm_source=display&utm_medium=programmatic&utm_campaign=performance&utm_content=rtg,"Womens Carvela Novella Mule Heel """", 8 Uk, Brown","Womens Carvela Novella Mule Heel """", 8 Uk, Brown",99.00,149.00,https://kg-static-cache.s3.amazonaws.com/catalog/product/cache/thumbnail/1622x1622/5/8/5823530209.jpg?v=1&width=800,Women > Shoes > Heels > Low-mid-heels,Women > Shoes > Heels > Low-mid-heels,10/09/2026,,FALSE,,9,IN STOCK,,,Brown,,,277,TRUE,TRUE,TRUE
Carvela,5945010609,5945010609,5945010609,Carvela Women's Heels White Fabric Silvia,https://www.shoeaholics.com/women/shoes/heels/low-mid-heels/silvia-mule-white-fabric-carvela-5945010609?utm_source=display&utm_medium=programmatic&utm_campaign=performance&utm_content=rtg,"Womens Carvela Silvia Mule Heel """", 9 Uk, White","Womens Carvela Silvia Mule Heel """", 9 Uk, White",89.00,129.00,https://kg-static-cache.s3.amazonaws.com/catalog/product/cache/thumbnail/1622x1622/5/9/5945010609.jpg?v=1&width=800,Women > Shoes > Heels > Low-mid-heels,Women > Shoes > Heels > Low-mid-heels,10/09/2026,,FALSE,,159,IN STOCK,,,White,,,71,TRUE,TRUE,TRUE
Kurt Geiger London,5998061609,5998061609,5998061609,Kurt Geiger Women's Heels Gold Fabric Square Block Heel,https://www.shoeaholics.com/women/shoes/heels/low-mid-heels/square-block-heel-gold-fabric-kurt-geiger-london-5998061609?utm_source=display&utm_medium=programmatic&utm_campaign=performance&utm_content=rtg,"Gold Fabric Block Heel, Gold","Gold Fabric Block Heel, Gold",109.00,159.00,https://kg-static-cache.s3.amazonaws.com/catalog/product/cache/thumbnail/1622x1622/5/9/5998061609.jpg?v=1&width=800,Women > Shoes > Heels > Low-mid-heels,Women > Shoes > Heels > Low-mid-heels,10/09/2026,,FALSE,,223,IN STOCK,,,Metallic,,,24,TRUE,TRUE,TRUE
Kg Kurt Geiger,6320900069,6320900069,6320900069,Kg Kurt Geiger Autumn Mule Heel,https://www.shoeaholics.com/women/shoes/heels/low-mid-heels/autumn-mule-black-fabric-other-kg-kurt-geiger-6320900069?utm_source=display&utm_medium=programmatic&utm_campaign=performance&utm_content=rtg,"Womens Kg Kurt Geiger Autumn Mule Heel """", 5 Uk, Black","Womens Kg Kurt Geiger Autumn Mule Heel """", 5 Uk, Black",79.00,119.00,https://kg-static-cache.s3.amazonaws.com/catalog/product/cache/thumbnail/1622x1622/6/3/6320900069.jpg?v=1&width=800,Women > Shoes > Heels > Low-mid-heels,Women > Shoes > Heels > Low-mid-heels,10/09/2026,,FALSE,,164,IN STOCK,,,Black,,,68,TRUE,TRUE,TRUE
Steve Madden,5804500979,5804500979,5804500979,Steve Madden Fergie Black,https://www.shoeaholics.com/women/shoes/heels/low-mid-heels/fergie-238-black-synthetic-steve-madden-5804500979?utm_source=display&utm_medium=programmatic&utm_campaign=performance&utm_content=rtg,"Womens Steve Madden Fergie Black """", 4 Uk, Black","Womens Steve Madden Fergie Black """", 4 Uk, Black",39.00,100.00,https://kg-static-cache.s3.amazonaws.com/catalog/product/cache/thumbnail/1622x1622/5/8/5804500979.jpg?v=1&width=800,Women > Shoes > Heels > Low-mid-heels,Women > Shoes > Heels > Low-mid-heels,10/09/2026,,FALSE,,12,IN STOCK,,,Black,,,261,TRUE,TRUE,TRUE
Carvela,5709367609,5709367609,5709367609,Carvela Women's Heels Silver Combination Fabric Motto Block,https://www.shoeaholics.com/women/shoes/heels/low-mid-heels/motto-block-silver-combination-fabric-carvela-5709367609?utm_source=display&utm_medium=programmatic&utm_campaign=performance&utm_content=rtg,"Silver Crystal Block Heel, Silver Combination","Silver Crystal Block Heel, Silver Combination",79.00,129.00,https://kg-static-cache.s3.amazonaws.com/catalog/product/cache/thumbnail/1622x1622/5/7/5709367609.jpg?v=1&width=800,Women > Shoes > Heels > Low-mid-heels,Women > Shoes > Heels > Low-mid-heels,10/09/2026,,FALSE,,16,IN STOCK,,,Metallic,,,242,TRUE,TRUE,TRUE
Steve Madden,5871830209,5871830209,5871830209,Steve Madden Sunkissed Brown,https://www.shoeaholics.com/women/shoes/heels/low-mid-heels/sunkissed-perf-839-brown-suede-steve-madden-5871830209?utm_source=display&utm_medium=programmatic&utm_campaign=performance&utm_content=rtg,"Womens Steve Madden Sunkissed Brown """", 6 Uk, Brown","Womens Steve Madden Sunkissed Brown """", 6 Uk, Brown",59.00,140.00,https://kg-static-cache.s3.amazonaws.com/catalog/product/cache/thumbnail/1622x1622/5/8/5871830209.jpg?v=1&width=800,Women > Shoes > Heels > Low-mid-heels,Women > Shoes > Heels > Low-mid-heels,10/09/2026,,FALSE,,31,IN STOCK,,,Brown,,,198,TRUE,TRUE,TRUE
Carvela,5709400979,5709400979,5709400979,Carvela Women's Heels Black Synthetic Valentina,https://www.shoeaholics.com/women/shoes/heels/slingbacks/valentina-court-black-synthetic-carvela-5709400979?utm_source=display&utm_medium=programmatic&utm_campaign=performance&utm_content=rtg,"Black Slingback Heel, Black","Black Slingback Heel, Black",79.00,129.00,https://kg-static-cache.s3.amazonaws.com/catalog/product/cache/thumbnail/1622x1622/5/7/5709400979.jpg?v=1&width=800,Women > Shoes > Heels > Slingbacks,Women > Shoes > Heels > Slingbacks,10/09/2026,,FALSE,,133,IN STOCK,,,Black,,,88,TRUE,TRUE,TRUE
Carvela,5708461979,5708461979,5708461979,Carvela Women's Heels Gold Synthetic Lusso Wedge,https://www.shoeaholics.com/women/shoes/heels/high-heels/lusso-wedge-gold-synthetic-carvela-5708461979?utm_source=display&utm_medium=programmatic&utm_campaign=performance&utm_content=rtg,"Wedge Rope Heel, Gold","Wedge Rope Heel, Gold",49.00,159.00,https://kg-static-cache.s3.amazonaws.com/catalog/product/cache/thumbnail/1622x1622/5/7/5708461979.jpg?v=1&width=800,Women > Shoes > Heels > High-heels,Women > Shoes > Heels > High-heels,10/09/2026,,FALSE,,7,IN STOCK,,,Metallic,,,299,TRUE,TRUE,TRUE
Carvela,5938561069,5938561069,5938561069,Carvela Women's Heels Gold Fabric Other Fantastico Sling,https://www.shoeaholics.com/women/shoes/heels/slingbacks/fantastico-sling-gold-fabric-other-carvela-5938561069?utm_source=display&utm_medium=programmatic&utm_campaign=performance&utm_content=rtg,"Gold Crystal Slingback Heel, Gold","Gold Crystal Slingback Heel, Gold",99.00,149.00,https://kg-static-cache.s3.amazonaws.com/catalog/product/cache/thumbnail/1622x1622/5/9/5938561069.jpg?v=1&width=800,Women > Shoes > Heels > Slingbacks,Women > Shoes > Heels > Slingbacks,10/09/2026,,FALSE,,133,IN STOCK,,,Metallic,,,89,TRUE,TRUE,TRUE
Kg Kurt Geiger,6320961069,6320961069,6320961069,KG Kurt Geiger Women's Heels Gold Fabric Other Autumn,https://www.shoeaholics.com/women/shoes/heels/kitten-heels/autumn-mule-gold-fabric-other-kg-kurt-geiger-6320961069?utm_source=display&utm_medium=programmatic&utm_campaign=performance&utm_content=rtg,"Womens Kg Kurt Geiger Autumn Mule Heel """", 5 Uk, Gold","Womens Kg Kurt Geiger Autumn Mule Heel """", 5 Uk, Gold",79.00,119.00,https://kg-static-cache.s3.amazonaws.com/catalog/product/cache/thumbnail/1622x1622/6/3/6320961069.jpg?v=1&width=800,Women > Shoes > Heels > Kitten-heels,Women > Shoes > Heels > Kitten-heels,10/09/2026,,FALSE,,168,IN STOCK,,,Metallic,,,62,TRUE,TRUE,TRUE
Steve Madden,5804647759,5804647759,5804647759,Steve Madden Gabby Taupe,https://www.shoeaholics.com/women/shoes/heels/low-mid-heels/gabby-tus-taupe-satin-steve-madden-5804647759?utm_source=display&utm_medium=programmatic&utm_campaign=performance&utm_content=rtg,"Womens Steve Madden Gabby Taupe """", 6 Uk, Taupe","Womens Steve Madden Gabby Taupe """", 6 Uk, Taupe",39.00,130.00,https://kg-static-cache.s3.amazonaws.com/catalog/product/cache/thumbnail/1622x1622/5/8/5804647759.jpg?v=1&width=800,Women > Shoes > Heels > Low-mid-heels,Women > Shoes > Heels > Low-mid-heels,10/09/2026,,FALSE,,14,IN STOCK,,,Taupe,,,255,TRUE,TRUE,TRUE
Kg Kurt Geiger,5686666829,5686666829,5686666829,KG Kurt Geiger Women's Heels Gold Combination Swift,https://www.shoeaholics.com/women/shoes/heels/block-heels/swift-gold-combination-polyurethane-kg-kurt-geiger-5686666829?utm_source=display&utm_medium=programmatic&utm_campaign=performance&utm_content=rtg,"Metallic Gold Block Heel, Gold Combination","Metallic Gold Block Heel, Gold Combination",49.00,149.00,https://kg-static-cache.s3.amazonaws.com/catalog/product/cache/thumbnail/1622x1622/5/6/5686666829.jpg?v=1&width=800,Women > Shoes > Heels > Block-heels,Women > Shoes > Heels > Block-heels,10/09/2026,,FALSE,,12,IN STOCK,,,Metallic,,,262,TRUE,TRUE,TRUE
Kurt Geiger London,5382905209,5382905209,5382905209,Kurt Geiger Women's Heels Black Suede Combination Kurt,https://www.shoeaholics.com/women/shoes/heels/high-heels/kurt-crystal-point-black-combination-suede-kurt-geiger-london-5382905209?utm_source=display&utm_medium=programmatic&utm_campaign=performance&utm_content=rtg,"Womens Kurt Geiger London Kurt Crystal Point Heel """", 5 Uk, Black","Womens Kurt Geiger London Kurt Crystal Point Heel """", 5 Uk, Black",69.00,219.00,https://kg-static-cache.s3.amazonaws.com/catalog/product/cache/thumbnail/1622x1622/5/3/5382905209.jpg?v=1&width=800,Women > Shoes > Heels > High-heels,Women > Shoes > Heels > High-heels,10/09/2026,,FALSE,,9,IN STOCK,,,Black,,,278,TRUE,TRUE,TRUE
Kg Kurt Geiger,6298454789,6298454789,6298454789,Kg Kurt Geiger Tilly Velvet Bow,https://www.shoeaholics.com/women/shoes/heels/slingbacks/tilly-velvet-bow-wine-velvet-kg-kurt-geiger-6298454789?utm_source=display&utm_medium=programmatic&utm_campaign=performance&utm_content=rtg,"Womens Kg Kurt Geiger Tilly Velvet Bow """", 3 Uk, Wine","Womens Kg Kurt Geiger Tilly Velvet Bow """", 3 Uk, Wine",89.00,129.00,https://kg-static-cache.s3.amazonaws.com/catalog/product/cache/thumbnail/1622x1622/6/2/6298454789.jpg?v=1&width=800,Women > Shoes > Heels > Slingbacks,Women > Shoes > Heels > Slingbacks,10/09/2026,,FALSE,,198,IN STOCK,,,Red,,,36,TRUE,TRUE,TRUE
Carvela,5591463979,5591463979,5591463979,Carvela Women's Heel Silver Synthetic Positano,https://www.shoeaholics.com/women/shoes/heels/high-heels/positano-vinyl-sandal-silver-synthetic-carvela-5591463979?utm_source=display&utm_medium=programmatic&utm_campaign=performance&utm_content=rtg,"Crystal Silver High Heels, Silver","Crystal Silver High Heels, Silver",49.00,149.00,https://kg-static-cache.s3.amazonaws.com/catalog/product/cache/thumbnail/1622x1622/5/5/5591463979.jpg?v=1&width=800,Women > Shoes > Heels > High-heels,Women > Shoes > Heels > High-heels,10/09/2026,,FALSE,,7,IN STOCK,,,Metallic,,,300,TRUE,TRUE,TRUE
Carvela,5590091979,5590091979,5590091979,Carvela Marina High Tie Heel Orange Tie Up Heel,https://www.shoeaholics.com/women/shoes/heels/high-heels/marina-high-tie-orange-synthetic-carvela-5590091979?utm_source=display&utm_medium=programmatic&utm_campaign=performance&utm_content=rtg,"Orange Tie Up Heel, Orange","Orange Tie Up Heel, Orange",49.00,169.00,https://kg-static-cache.s3.amazonaws.com/catalog/product/cache/thumbnail/1622x1622/5/5/5590091979.jpg?v=1&width=800,Women > Shoes > Heels > High-heels,Women > Shoes > Heels > High-heels,10/09/2026,,FALSE,,38,IN STOCK,,,Orange,,,179,TRUE,TRUE,TRUE
Carvela,5769010609,5769010609,5769010609,Carvela Wide Fit Gala Block Heel White Pearl Block Heel,https://www.shoeaholics.com/women/shoes/heels/low-mid-heels/gala-block-jewel-wide-fit-white-fabric-carvela-5769010609?utm_source=display&utm_medium=programmatic&utm_campaign=performance&utm_content=rtg,"White Pearl Block Heel, White","White Pearl Block Heel, White",119.00,159.00,https://kg-static-cache.s3.amazonaws.com/catalog/product/cache/thumbnail/1622x1622/5/7/5769010609.jpg?v=1&width=800,Women > Shoes > Heels > Low-mid-heels,Women > Shoes > Heels > Low-mid-heels,10/09/2026,,FALSE,,29,IN STOCK,,,White,,,204,TRUE,TRUE,TRUE
Kurt Geiger London,5501800609,5501800609,5501800609,Kurt Geiger London Embellished Mule Heel,https://www.shoeaholics.com/women/shoes/heels/high-heels/kgl-embellished-mule-black-fabric-kurt-geiger-london-5501800609?utm_source=display&utm_medium=programmatic&utm_campaign=performance&utm_content=rtg,"Womens Kurt Geiger London Embellished Mule Heel """", 6 Uk, Black","Womens Kurt Geiger London Embellished Mule Heel """", 6 Uk, Black",99.00,179.00,https://kg-static-cache.s3.amazonaws.com/catalog/product/cache/thumbnail/1622x1622/5/5/5501800609.jpg?v=1&width=800,Women > Shoes > Heels > High-heels,Women > Shoes > Heels > High-heels,10/09/2026,,FALSE,,114,IN STOCK,,,Black,,,108,TRUE,TRUE,TRUE
Carvela,5938647209,5938647209,5938647209,Carvela Women's Wide Fit Heel Taupe Suede Corletta,https://www.shoeaholics.com/women/shoes/heels/low-mid-heels/corletta-sandal-wide-fit-taupe-suede-carvela-5938647209?utm_source=display&utm_medium=programmatic&utm_campaign=performance&utm_content=rtg,"Taupe Suede High Heel, Taupe","Taupe Suede High Heel, Taupe",89.00,129.00,https://kg-static-cache.s3.amazonaws.com/catalog/product/cache/thumbnail/1622x1622/5/9/5938647209.jpg?v=1&width=800,Women > Shoes > Heels > Low-mid-heels,Women > Shoes > Heels > Low-mid-heels,10/09/2026,,FALSE,,96,IN STOCK,,,Taupe,,,115,TRUE,TRUE,TRUE
Carvela,5306010979,5306010979,5306010979,Carvela Women's Heels Bone Synthetic Capo Stiletto,https://www.shoeaholics.com/women/shoes/heels/capo-stiletto-white-synthetic-carvela-5306010979?utm_source=display&utm_medium=programmatic&utm_campaign=performance&utm_content=rtg,"Womens Carvela Capo Stiletto Heel """", 9 Uk, White","Womens Carvela Capo Stiletto Heel """", 9 Uk, White",49.00,119.00,https://kg-static-cache.s3.amazonaws.com/catalog/product/cache/thumbnail/1622x1622/5/3/5306010979.jpg?v=1&width=800,Women > Shoes > Heels,Women > Shoes > Heels,10/09/2026,,FALSE,,54,IN STOCK,,,White,,,146,TRUE,TRUE,TRUE
Carvela,6319400609,6319400609,6319400609,Carvela Ravenna Heel,https://www.shoeaholics.com/women/shoes/heels/high-heels/ravenna-black-fabric-carvela-6319400609?utm_source=display&utm_medium=programmatic&utm_campaign=performance&utm_content=rtg,"Womens Carvela Ravenna Heel """", 6 Uk, Black","Womens Carvela Ravenna Heel """", 6 Uk, Black",79.00,129.00,https://kg-static-cache.s3.amazonaws.com/catalog/product/cache/thumbnail/1622x1622/6/3/6319400609.jpg?v=1&width=800,Women > Shoes > Heels > High-heels,Women > Shoes > Heels > High-heels,10/09/2026,,FALSE,,117,IN STOCK,,,Black,,,103,TRUE,TRUE,TRUE
Carvela,5758841979,5758841979,5758841979,Carvela Women's Block Heel Bone Synthetic Motto Block,https://www.shoeaholics.com/women/shoes/heels/low-mid-heels/motto-block-wf-bone-synthetic-carvela-5758841979?utm_source=display&utm_medium=programmatic&utm_campaign=performance&utm_content=rtg,"Bone Block Heel Wide Fit, Bone","Bone Block Heel Wide Fit, Bone",89.00,119.00,https://kg-static-cache.s3.amazonaws.com/catalog/product/cache/thumbnail/1622x1622/5/7/5758841979.jpg?v=1&width=800,Women > Shoes > Heels > Low-mid-heels,Women > Shoes > Heels > Low-mid-heels,10/09/2026,,FALSE,,21,IN STOCK,,,White,,,225,TRUE,TRUE,TRUE
Kurt Geiger London,5387252189,5387252189,5387252189,Kurt Geiger Women's Heels Leather Fuchsia Jewel Fringe,https://www.shoeaholics.com/women/shoes/heels/jewel-fringe-sandal-fushia-leather-other-print-kurt-geiger-london-5387252189?utm_source=display&utm_medium=programmatic&utm_campaign=performance&utm_content=rtg,"Womens Kurt Geiger London Jewel Fringe Heel """", 3 Uk, Fushia","Womens Kurt Geiger London Jewel Fringe Heel """", 3 Uk, Fushia",59.00,219.00,https://kg-static-cache.s3.amazonaws.com/catalog/product/cache/thumbnail/1622x1622/5/3/5387252189.jpg?v=1&width=800,Women > Shoes > Heels,Women > Shoes > Heels,10/09/2026,,FALSE,,8,IN STOCK,,,Pink,,,287,TRUE,TRUE,TRUE
Carvela,5727566609,5727566609,5727566609,Carvela Women's Heels Gold Combination Fabric SOrano,https://www.shoeaholics.com/women/shoes/heels/low-mid-heels/sorano-block-gold-combination-fabric-carvela-5727566609?utm_source=display&utm_medium=programmatic&utm_campaign=performance&utm_content=rtg,"Leopard Print Sandal Heel, Gold Combination","Leopard Print Sandal Heel, Gold Combination",69.00,129.00,https://kg-static-cache.s3.amazonaws.com/catalog/product/cache/thumbnail/1622x1622/5/7/5727566609.jpg?v=1&width=800,Women > Shoes > Heels > Low-mid-heels,Women > Shoes > Heels > Low-mid-heels,10/09/2026,,FALSE,,47,IN STOCK,,,Metallic,,,157,TRUE,TRUE,TRUE
Carvela,5708230609,5708230609,5708230609,Carvela Women's Heels Brown Fabric Lovebird Mesh,https://www.shoeaholics.com/women/shoes/heels/high-heels/lovebird-mesh-brown-fabric-carvela-5708230609?utm_source=display&utm_medium=programmatic&utm_campaign=performance&utm_content=rtg,"Womens Carvela Lovebird Mesh Heel """", 7 Uk, Brown","Womens Carvela Lovebird Mesh Heel """", 7 Uk, Brown",79.00,149.00,https://kg-static-cache.s3.amazonaws.com/catalog/product/cache/thumbnail/1622x1622/5/7/5708230609.jpg?v=1&width=800,Women > Shoes > Heels > High-heels,Women > Shoes > Heels > High-heels,10/09/2026,,FALSE,,114,IN STOCK,,,Brown,,,109,TRUE,TRUE,TRUE
Carvela,5709361979,5709361979,5709361979,Carvela Women's Block Heel Gold Synthetic Motto,https://www.shoeaholics.com/women/shoes/heels/low-mid-heels/motto-block-gold-synthetic-carvela-5709361979?utm_source=display&utm_medium=programmatic&utm_campaign=performance&utm_content=rtg,"Gold Synthetic Block Heel, Gold","Gold Synthetic Block Heel, Gold",79.00,119.00,https://kg-static-cache.s3.amazonaws.com/catalog/product/cache/thumbnail/1622x1622/5/7/5709361979.jpg?v=1&width=800,Women > Shoes > Heels > Low-mid-heels,Women > Shoes > Heels > Low-mid-heels,10/09/2026,,FALSE,,9,IN STOCK,,,Metallic,,,279,TRUE,TRUE,TRUE
Carvela,5441050209,5441050209,5441050209,Carvela Women's Heels Red Suede Corletta,https://www.shoeaholics.com/women/shoes/heels/corletta-d-orsay-red-suede-carvela-5441050209?utm_source=display&utm_medium=programmatic&utm_campaign=performance&utm_content=rtg,"Womens Carvela Corletta D'Orsay Heel """", 5 Uk, Red","Womens Carvela Corletta D'Orsay Heel """", 5 Uk, Red",129.00,129.00,https://kg-static-cache.s3.amazonaws.com/catalog/product/cache/thumbnail/1622x1622/5/4/5441050209.jpg?v=1&width=800,Women > Shoes > Heels,Women > Shoes > Heels,10/09/2026,,FALSE,,300,IN STOCK,,,Red,,,9,TRUE,TRUE,FALSE
Carvela,5305800979,5305800979,5305800979,Carvela Women's Heels Black Synthetic Capo,https://www.shoeaholics.com/women/shoes/heels/block-heels/capo-block-heel-black-synthetic-carvela-5305800979?utm_source=display&utm_medium=programmatic&utm_campaign=performance&utm_content=rtg,"Black Synthetic Block Heel, Black","Black Synthetic Block Heel, Black",29.00,119.00,https://kg-static-cache.s3.amazonaws.com/catalog/product/cache/thumbnail/1622x1622/5/3/5305800979.jpg?v=1&width=800,Women > Shoes > Heels > Block-heels,Women > Shoes > Heels > Block-heels,10/09/2026,,FALSE,,11,IN STOCK,,,Black,,,268,TRUE,TRUE,TRUE
Carvela,5938610609,5938610609,5938610609,Carvela Wide Fit Corletta Heel Faux Pearl Crystal Corletta Heel,https://www.shoeaholics.com/women/shoes/heels/low-mid-heels/corletta-sandal-wide-fit-white-fabric-carvela-5938610609?utm_source=display&utm_medium=programmatic&utm_campaign=performance&utm_content=rtg,"Faux Pearl Crystal Corletta Heel, White","Faux Pearl Crystal Corletta Heel, White",89.00,129.00,https://kg-static-cache.s3.amazonaws.com/catalog/product/cache/thumbnail/1622x1622/5/9/5938610609.jpg?v=1&width=800,Women > Shoes > Heels > Low-mid-heels,Women > Shoes > Heels > Low-mid-heels,10/09/2026,,FALSE,,31,IN STOCK,,,White,,,199,TRUE,TRUE,TRUE
Carvela,5898331209,5898331209,5898331209,Carvela Women's Sandals Dark Brown Suede Portofino,https://www.shoeaholics.com/women/shoes/heels/low-mid-heels/portofino-flatform-dark-brown-suede-carvela-5898331209?utm_source=display&utm_medium=programmatic&utm_campaign=performance&utm_content=rtg,"Dark Brown Suede Sandal, Dark Brown","Dark Brown Suede Sandal, Dark Brown",69.00,139.00,https://kg-static-cache.s3.amazonaws.com/catalog/product/cache/thumbnail/1622x1622/5/8/5898331209.jpg?v=1&width=800,Women > Shoes > Heels > Low-mid-heels,Women > Shoes > Heels > Low-mid-heels,10/09/2026,,FALSE,,25,IN STOCK,,,Brown,,,218,TRUE,TRUE,TRUE
Steve Madden,6454440449,6454440449,6454440449,Steve Madden Hadyn-raff 816,https://www.shoeaholics.com/women/shoes/heels/hadyn-raff-816-beige-raffia-steve-madden-6454440449?utm_source=display&utm_medium=programmatic&utm_campaign=performance&utm_content=rtg,"Womens Steve Madden Hadyn-Raff 816 """", 6.5 Uk, Beige","Womens Steve Madden Hadyn-Raff 816 """", 6.5 Uk, Beige",49.00,90.00,https://kg-static-cache.s3.amazonaws.com/catalog/product/cache/thumbnail/1622x1622/6/4/6454440449.jpg?v=1&width=800,Women > Shoes > Heels,Women > Shoes > Heels,10/09/2026,,FALSE,,15,IN STOCK,,,Nude,,,249,TRUE,TRUE,TRUE
Kg Kurt Geiger,5751400209,5751400209,5751400209,KG Kurt Geiger Women's Heels Black Suede Patsy,https://www.shoeaholics.com/women/shoes/heels/low-mid-heels/patsy-black-suede-kg-kurt-geiger-5751400209?utm_source=display&utm_medium=programmatic&utm_campaign=performance&utm_content=rtg,"Black Suede Wedge Heel, Black","Black Suede Wedge Heel, Black",59.00,139.00,https://kg-static-cache.s3.amazonaws.com/catalog/product/cache/thumbnail/1622x1622/5/7/5751400209.jpg?v=1&width=800,Women > Shoes > Heels > Low-mid-heels,Women > Shoes > Heels > Low-mid-heels,10/09/2026,,FALSE,,19,IN STOCK,,,Black,,,234,TRUE,TRUE,TRUE
Carvela,5898347209,5898347209,5898347209,Carvela Women's Sandals Taupe Suede Portofino,https://www.shoeaholics.com/women/shoes/heels/low-mid-heels/portofino-flatform-taupe-suede-carvela-5898347209?utm_source=display&utm_medium=programmatic&utm_campaign=performance&utm_content=rtg,"Taupe Suede Sandal, Taupe","Taupe Suede Sandal, Taupe",69.00,139.00,https://kg-static-cache.s3.amazonaws.com/catalog/product/cache/thumbnail/1622x1622/5/8/5898347209.jpg?v=1&width=800,Women > Shoes > Heels > Low-mid-heels,Women > Shoes > Heels > Low-mid-heels,10/09/2026,,FALSE,,125,IN STOCK,,,Taupe,,,97,TRUE,TRUE,TRUE
Carvela,5306061979,5306061979,5306061979,Carvela Women's Heels Gold Synthetic Capo Stiletto,https://www.shoeaholics.com/women/shoes/heels/high-heels/capo-stiletto-gold-synthetic-carvela-5306061979?utm_source=display&utm_medium=programmatic&utm_campaign=performance&utm_content=rtg,"Metallic Gold Stiletto Heel, Gold","Metallic Gold Stiletto Heel, Gold",49.00,119.00,https://kg-static-cache.s3.amazonaws.com/catalog/product/cache/thumbnail/1622x1622/5/3/5306061979.jpg?v=1&width=800,Women > Shoes > Heels > High-heels,Women > Shoes > Heels > High-heels,10/09/2026,,FALSE,,92,IN STOCK,,,Metallic,,,117,TRUE,TRUE,TRUE
Carvela,5736341569,5736341569,5736341569,Carvela Women's Heels Bone Snake Sorrento,https://www.shoeaholics.com/women/shoes/heels/high-heels/sorrento-scarf-wedge-bone-snake-carvela-5736341569?utm_source=display&utm_medium=programmatic&utm_campaign=performance&utm_content=rtg,"Metallic Snake Wedge Heel, Bone","Metallic Snake Wedge Heel, Bone",59.00,159.00,https://kg-static-cache.s3.amazonaws.com/catalog/product/cache/thumbnail/1622x1622/5/7/5736341569.jpg?v=1&width=800,Women > Shoes > Heels > High-heels,Women > Shoes > Heels > High-heels,10/09/2026,,FALSE,,211,IN STOCK,,,White,,,30,TRUE,TRUE,TRUE
Steve Madden,5806500109,5806500109,5806500109,Steve Madden Missty Black,https://www.shoeaholics.com/women/shoes/heels/block-heels/missty-017-black-leather-steve-madden-5806500109?utm_source=display&utm_medium=programmatic&utm_campaign=performance&utm_content=rtg,"Womens Steve Madden Missty Black """", 6 Uk, Black","Womens Steve Madden Missty Black """", 6 Uk, Black",39.00,120.00,https://kg-static-cache.s3.amazonaws.com/catalog/product/cache/thumbnail/1622x1622/5/8/5806500109.jpg?v=1&width=800,Women > Shoes > Heels > Block-heels,Women > Shoes > Heels > Block-heels,10/09/2026,,FALSE,,9,IN STOCK,,,Black,,,280,TRUE,TRUE,TRUE
Carvela,5305770069,5305770069,5305770069,Carvela Women's Heels Green Fabric Other Fantastico,https://www.shoeaholics.com/women/shoes/heels/high-heels/fantastico-court-green-fabric-other-carvela-5305770069?utm_source=display&utm_medium=programmatic&utm_campaign=performance&utm_content=rtg,"Womens Carvela Fantastico Court """", 3 Uk, Green","Womens Carvela Fantastico Court """", 3 Uk, Green",99.00,149.00,https://kg-static-cache.s3.amazonaws.com/catalog/product/cache/thumbnail/1622x1622/5/3/5305770069.jpg?v=1&width=800,Women > Shoes > Heels > High-heels,Women > Shoes > Heels > High-heels,10/09/2026,,FALSE,,53,IN STOCK,,,Green,,,148,TRUE,TRUE,TRUE
Carvela,5709633979,5709633979,5709633979,Carvela Women's Heels Cork Synthetic Sonata,https://www.shoeaholics.com/women/shoes/heels/high-heels/sonata-cork-tan-synthetic-carvela-5709633979?utm_source=display&utm_medium=programmatic&utm_campaign=performance&utm_content=rtg,"Brown Cork Platform Heel, Tan","Brown Cork Platform Heel, Tan",89.00,139.00,https://kg-static-cache.s3.amazonaws.com/catalog/product/cache/thumbnail/1622x1622/5/7/5709633979.jpg?v=1&width=800,Women > Shoes > Heels > High-heels,Women > Shoes > Heels > High-heels,10/09/2026,,FALSE,,17,IN STOCK,,,Tan,,,238,TRUE,TRUE,TRUE
Kurt Geiger London,5601410109,5601410109,5601410109,Kurt Geiger Women's Heels White Leather Multi Strap,https://www.shoeaholics.com/women/shoes/heels/kitten-heels/multi-strap-tie-sandal-white-leather-kurt-geiger-london-5601410109?utm_source=display&utm_medium=programmatic&utm_campaign=performance&utm_content=rtg,"Gold Strappy Heel, White","Gold Strappy Heel, White",89.00,179.00,https://kg-static-cache.s3.amazonaws.com/catalog/product/cache/thumbnail/1622x1622/5/6/5601410109.jpg?v=1&width=800,Women > Shoes > Heels > Kitten-heels,Women > Shoes > Heels > Kitten-heels,10/09/2026,,FALSE,,6,IN STOCK,,,White,,,304,TRUE,TRUE,TRUE
Carvela,5898061979,5898061979,5898061979,Carvela Paparazza Heel Gold Strappy Heel,https://www.shoeaholics.com/women/shoes/heels/high-heels/paparazza-heel-gold-synthetic-carvela-5898061979?utm_source=display&utm_medium=programmatic&utm_campaign=performance&utm_content=rtg,"Gold Strappy Heel, Gold","Gold Strappy Heel, Gold",79.00,139.00,https://kg-static-cache.s3.amazonaws.com/catalog/product/cache/thumbnail/1622x1622/5/8/5898061979.jpg?v=1&width=800,Women > Shoes > Heels > High-heels,Women > Shoes > Heels > High-heels,10/09/2026,,FALSE,,228,IN STOCK,,,Metallic,,,20,TRUE,TRUE,TRUE
Steve Madden,5950143449,5950143449,5950143449,Steve Madden Ajay Beige Raffia,https://www.shoeaholics.com/women/shoes/heels/ajay-380-beige-combination-raffia-steve-madden-5950143449?utm_source=display&utm_medium=programmatic&utm_campaign=performance&utm_content=rtg,"Womens Steve Madden Ajay Beige Raffia """", 5 Uk, Beige","Womens Steve Madden Ajay Beige Raffia """", 5 Uk, Beige",69.00,110.00,https://kg-static-cache.s3.amazonaws.com/catalog/product/cache/thumbnail/1622x1622/5/9/5950143449.jpg?v=1&width=800,Women > Shoes > Heels,Women > Shoes > Heels,10/09/2026,,FALSE,,25,IN STOCK,,,Nude,,,219,TRUE,TRUE,TRUE
Carvela,6030161609,6030161609,6030161609,Carvela Women's Heels Gold Fabric Loopi,https://www.shoeaholics.com/women/shoes/heels/loopi-sandal-gold-fabric-carvela-6030161609?utm_source=display&utm_medium=programmatic&utm_campaign=performance&utm_content=rtg,"Gold Fabric High Heel, Gold","Gold Fabric High Heel, Gold",89.00,129.00,https://kg-static-cache.s3.amazonaws.com/catalog/product/cache/thumbnail/1622x1622/6/0/6030161609.jpg?v=1&width=800,Women > Shoes > Heels,Women > Shoes > Heels,10/09/2026,,FALSE,,64,IN STOCK,,,Metallic,,,134,TRUE,TRUE,TRUE
Carvela,5305761069,5305761069,5305761069,Carvela Women's Heels Gold Fabric Other Fantastico,https://www.shoeaholics.com/women/shoes/heels/high-heels/fantastico-court-gold-fabric-other-carvela-5305761069?utm_source=display&utm_medium=programmatic&utm_campaign=performance&utm_content=rtg,"Gold Fabric Crystal Court Heel, Gold","Gold Fabric Crystal Court Heel, Gold",89.00,149.00,https://kg-static-cache.s3.amazonaws.com/catalog/product/cache/thumbnail/1622x1622/5/3/5305761069.jpg?v=1&width=800,Women > Shoes > Heels > High-heels,Women > Shoes > Heels > High-heels,10/09/2026,,FALSE,,16,IN STOCK,,,Metallic,,,243,TRUE,TRUE,TRUE
Kg Kurt Geiger,5704644069,5704644069,5704644069,KG Kurt Geiger Women's Heels Bone Combination Fabric Other,https://www.shoeaholics.com/women/shoes/heels/low-mid-heels/abra-heel-bone-combination-fabric-other-kg-kurt-geiger-5704644069?utm_source=display&utm_medium=programmatic&utm_campaign=performance&utm_content=rtg,"Womens Kg Kurt Geiger Abra Heel """", 8 Uk, Bone Combination","Womens Kg Kurt Geiger Abra Heel """", 8 Uk, Bone Combination",99.00,149.00,https://kg-static-cache.s3.amazonaws.com/catalog/product/cache/thumbnail/1622x1622/5/7/5704644069.jpg?v=1&width=800,Women > Shoes > Heels > Low-mid-heels,Women > Shoes > Heels > Low-mid-heels,10/09/2026,,FALSE,,81,IN STOCK,,,White,,,126,TRUE,TRUE,TRUE
Kg Kurt Geiger,5749341829,5749341829,5749341829,KG Kurt Geiger Women's Heels Bone Synthetic Soraya,https://www.shoeaholics.com/women/shoes/heels/high-heels/soraya-bone-polyurethane-kg-kurt-geiger-5749341829?utm_source=display&utm_medium=programmatic&utm_campaign=performance&utm_content=rtg,"Bone High Heel, Bone","Bone High Heel, Bone",79.00,129.00,https://kg-static-cache.s3.amazonaws.com/catalog/product/cache/thumbnail/1622x1622/5/7/5749341829.jpg?v=1&width=800,Women > Shoes > Heels > High-heels,Women > Shoes > Heels > High-heels,10/09/2026,,FALSE,,51,IN STOCK,,,White,,,153,TRUE,TRUE,TRUE
Carvela,6325800799,6325800799,6325800799,Carvela Women's Heels Black Microsuede Nica Platform,https://www.shoeaholics.com/women/shoes/heels/high-heels/nica-platform-black-suedette-carvela-6325800799?utm_source=display&utm_medium=programmatic&utm_campaign=performance&utm_content=rtg,"Womens Carvela Nica Platform """", 6 Uk, Black","Womens Carvela Nica Platform """", 6 Uk, Black",99.00,139.00,https://kg-static-cache.s3.amazonaws.com/catalog/product/cache/thumbnail/1622x1622/6/3/6325800799.jpg?v=1&width=800,Women > Shoes > Heels > High-heels,Women > Shoes > Heels > High-heels,10/09/2026,,FALSE,,191,IN STOCK,,,Black,,,43,TRUE,TRUE,TRUE
Carvela,5893541979,5893541979,5893541979,Carvela Women's Heels Bone Synthetic Corletta,https://www.shoeaholics.com/women/shoes/heels/low-mid-heels/corletta-sandal-bone-synthetic-carvela-5893541979?utm_source=display&utm_medium=programmatic&utm_campaign=performance&utm_content=rtg,"Womens Carvela Corletta Heel """", 5 Uk, Bone","Womens Carvela Corletta Heel """", 5 Uk, Bone",89.00,129.00,https://kg-static-cache.s3.amazonaws.com/catalog/product/cache/thumbnail/1622x1622/5/8/5893541979.jpg?v=1&width=800,Women > Shoes > Heels > Low-mid-heels,Women > Shoes > Heels > Low-mid-heels,10/09/2026,,FALSE,,201,IN STOCK,,,White,,,35,TRUE,TRUE,TRUE
Carvela,5708241609,5708241609,5708241609,Carvela Womens Court Heel Bone Fabric Lovebird,https://www.shoeaholics.com/women/shoes/heels/high-heels/lovebird-mesh-bone-fabric-carvela-5708241609?utm_source=display&utm_medium=programmatic&utm_campaign=performance&utm_content=rtg,"Bone Faux Pearl Court Heel, Bone","Bone Faux Pearl Court Heel, Bone",79.00,149.00,https://kg-static-cache.s3.amazonaws.com/catalog/product/cache/thumbnail/1622x1622/5/7/5708241609.jpg?v=1&width=800,Women > Shoes > Heels > High-heels,Women > Shoes > Heels > High-heels,10/09/2026,,FALSE,,185,IN STOCK,,,White,,,51,TRUE,TRUE,TRUE
Carvela,5306024979,5306024979,5306024979,Carvela Women's Heels Blush Synthetic Capo,https://www.shoeaholics.com/women/shoes/heels/high-heels/capo-stiletto-blush-synthetic-carvela-5306024979?utm_source=display&utm_medium=programmatic&utm_campaign=performance&utm_content=rtg,"Patent Blush Stiletto Heel, Blush","Patent Blush Stiletto Heel, Blush",49.00,119.00,https://kg-static-cache.s3.amazonaws.com/catalog/product/cache/thumbnail/1622x1622/5/3/5306024979.jpg?v=1&width=800,Women > Shoes > Heels > High-heels,Women > Shoes > Heels > High-heels,10/09/2026,,FALSE,,52,IN STOCK,,,Blush,,,152,TRUE,TRUE,TRUE
Kg Kurt Geiger,6321554309,6321554309,6321554309,Kg Kurt Geiger Autumn D'orsay Heel,https://www.shoeaholics.com/women/shoes/heels/high-heels/autumn-d-orsay-wine-patent-kg-kurt-geiger-6321554309?utm_source=display&utm_medium=programmatic&utm_campaign=performance&utm_content=rtg,"Womens Kg Kurt Geiger Autumn D'Orsay Heel """", 6 Uk, Wine","Womens Kg Kurt Geiger Autumn D'Orsay Heel """", 6 Uk, Wine",89.00,129.00,https://kg-static-cache.s3.amazonaws.com/catalog/product/cache/thumbnail/1622x1622/6/3/6321554309.jpg?v=1&width=800,Women > Shoes > Heels > High-heels,Women > Shoes > Heels > High-heels,10/09/2026,,FALSE,,214,IN STOCK,,,Red,,,28,TRUE,TRUE,TRUE
Carvela,5264500609,5264500609,5264500609,Carvela Women's Heels Black Court Synthetic Corletta,https://www.shoeaholics.com/women/shoes/heels/low-mid-heels/corletta-court-wide-fit-black-fabric-carvela-5264500609?utm_source=display&utm_medium=programmatic&utm_campaign=performance&utm_content=rtg,"Womens Carvela Corletta Wide Fit Court Heel """", 9 Uk, Black","Womens Carvela Corletta Wide Fit Court Heel """", 9 Uk, Black",79.00,119.00,https://kg-static-cache.s3.amazonaws.com/catalog/product/cache/thumbnail/1622x1622/5/2/5264500609.jpg?v=1&width=800,Women > Shoes > Heels > Low-mid-heels,Women > Shoes > Heels > Low-mid-heels,10/09/2026,,FALSE,,176,IN STOCK,,,Black,,,57,TRUE,TRUE,TRUE
Carvela,5758866609,5758866609,5758866609,Carvela Women's High Heel Gold Combination Motto Block,https://www.shoeaholics.com/women/shoes/heels/low-mid-heels/motto-block-wf-gold-combination-fabric-carvela-5758866609?utm_source=display&utm_medium=programmatic&utm_campaign=performance&utm_content=rtg,"Gold Crystal Block Heel, Gold Combination","Gold Crystal Block Heel, Gold Combination",89.00,119.00,https://kg-static-cache.s3.amazonaws.com/catalog/product/cache/thumbnail/1622x1622/5/7/5758866609.jpg?v=1&width=800,Women > Shoes > Heels > Low-mid-heels,Women > Shoes > Heels > Low-mid-heels,10/09/2026,,FALSE,,16,IN STOCK,,,Metallic,,,244,TRUE,TRUE,TRUE
Carvela,5896460979,5896460979,5896460979,Carvela Women's Heels Bronze Synthetic Positano,https://www.shoeaholics.com/women/shoes/heels/positano-flower-wedge-bronze-synthetic-carvela-5896460979?utm_source=display&utm_medium=programmatic&utm_campaign=performance&utm_content=rtg,"Bronze Synthetic Wedge Heel, Bronze","Bronze Synthetic Wedge Heel, Bronze",79.00,169.00,https://kg-static-cache.s3.amazonaws.com/catalog/product/cache/thumbnail/1622x1622/5/8/5896460979.jpg?v=1&width=800,Women > Shoes > Heels,Women > Shoes > Heels,10/09/2026,,FALSE,,186,IN STOCK,,,Metallic,,,47,TRUE,TRUE,TRUE
Kg Kurt Geiger,5751448209,5751448209,5751448209,KG Kurt Geiger Women's Heels Camel Suede Patsy,https://www.shoeaholics.com/women/shoes/heels/low-mid-heels/patsy-camel-suede-kg-kurt-geiger-5751448209?utm_source=display&utm_medium=programmatic&utm_campaign=performance&utm_content=rtg,"Camel Suede Patsy, Camel","Camel Suede Patsy, Camel",59.00,139.00,https://kg-static-cache.s3.amazonaws.com/catalog/product/cache/thumbnail/1622x1622/5/7/5751448209.jpg?v=1&width=800,Women > Shoes > Heels > Low-mid-heels,Women > Shoes > Heels > Low-mid-heels,10/09/2026,,FALSE,,26,IN STOCK,,,Tan,,,215,TRUE,TRUE,TRUE
Carvela,5799661979,5799661979,5799661979,Carvela Women's Heels Gold Synthetic Selene,https://www.shoeaholics.com/women/shoes/heels/block-heels/selene-gold-synthetic-carvela-5799661979?utm_source=display&utm_medium=programmatic&utm_campaign=performance&utm_content=rtg,"Metallic Gold Block Heel, Gold","Metallic Gold Block Heel, Gold",79.00,129.00,https://kg-static-cache.s3.amazonaws.com/catalog/product/cache/thumbnail/1622x1622/5/7/5799661979.jpg?v=1&width=800,Women > Shoes > Heels > Block-heels,Women > Shoes > Heels > Block-heels,10/09/2026,,FALSE,,92,IN STOCK,,,Metallic,,,118,TRUE,TRUE,TRUE
Carvela,5823500209,5823500209,5823500209,Carvela Women's Heels Black Suede Novella,https://www.shoeaholics.com/women/shoes/heels/low-mid-heels/novella-mule-black-suede-carvela-5823500209?utm_source=display&utm_medium=programmatic&utm_campaign=performance&utm_content=rtg,"Black Suede Mule Heel, Black","Black Suede Mule Heel, Black",79.00,149.00,https://kg-static-cache.s3.amazonaws.com/catalog/product/cache/thumbnail/1622x1622/5/8/5823500209.jpg?v=1&width=800,Women > Shoes > Heels > Low-mid-heels,Women > Shoes > Heels > Low-mid-heels,10/09/2026,,FALSE,,47,IN STOCK,,,Black,,,158,TRUE,TRUE,TRUE
Kg Kurt Geiger,6431354979,6431354979,6431354979,KG Kurt Geiger Women's Heels Wine Synthetic Aero Mule,https://www.shoeaholics.com/women/shoes/heels/low-mid-heels/aero-mule-wine-synthetic-kg-kurt-geiger-6431354979?utm_source=display&utm_medium=programmatic&utm_campaign=performance&utm_content=rtg,"Womens Kg Kurt Geiger Aero Mule Heel """", 5 Uk, Wine","Womens Kg Kurt Geiger Aero Mule Heel """", 5 Uk, Wine",79.00,119.00,https://kg-static-cache.s3.amazonaws.com/catalog/product/cache/thumbnail/1622x1622/6/4/6431354979.jpg?v=1&width=800,Women > Shoes > Heels > Low-mid-heels,Women > Shoes > Heels > Low-mid-heels,10/09/2026,,FALSE,,142,IN STOCK,,,Red,,,83,TRUE,TRUE,TRUE
Kg Kurt Geiger,5708015069,5708015069,5708015069,KG Kurt Geiger Women's Heels White Combination Fabric Other Sweetie,https://www.shoeaholics.com/women/shoes/heels/sweetie-pearl-white-comb-fabric-other-kg-kurt-geiger-5708015069?utm_source=display&utm_medium=programmatic&utm_campaign=performance&utm_content=rtg,"White High Heel, White Comb","White High Heel, White Comb",39.00,149.00,https://kg-static-cache.s3.amazonaws.com/catalog/product/cache/thumbnail/1622x1622/5/7/5708015069.jpg?v=1&width=800,Women > Shoes > Heels,Women > Shoes > Heels,10/09/2026,,FALSE,,29,IN STOCK,,,White,,,205,TRUE,TRUE,TRUE
Carvela,5709424979,5709424979,5709424979,Carvela Women's Court Heel Blush Synthetic Valentina,https://www.shoeaholics.com/women/shoes/heels/slingbacks/valentina-court-blush-synthetic-carvela-5709424979?utm_source=display&utm_medium=programmatic&utm_campaign=performance&utm_content=rtg,"Patent Court Slingback Heel, Blush","Patent Court Slingback Heel, Blush",89.00,129.00,https://kg-static-cache.s3.amazonaws.com/catalog/product/cache/thumbnail/1622x1622/5/7/5709424979.jpg?v=1&width=800,Women > Shoes > Heels > Slingbacks,Women > Shoes > Heels > Slingbacks,10/09/2026,,FALSE,,140,IN STOCK,,,Blush,,,84,TRUE,TRUE,TRUE
Carvela,5758963979,5758963979,5758963979,Carvela Women's Heels Silver Synthetic Divine,https://www.shoeaholics.com/women/shoes/heels/low-mid-heels/divine-block-wf-silver-synthetic-carvela-5758963979?utm_source=display&utm_medium=programmatic&utm_campaign=performance&utm_content=rtg,"Womens Carvela Divine Block Wf """", 3 Uk, Silver","Womens Carvela Divine Block Wf """", 3 Uk, Silver",89.00,129.00,https://kg-static-cache.s3.amazonaws.com/catalog/product/cache/thumbnail/1622x1622/5/7/5758963979.jpg?v=1&width=800,Women > Shoes > Heels > Low-mid-heels,Women > Shoes > Heels > Low-mid-heels,10/09/2026,,FALSE,,8,IN STOCK,,,Metallic,,,288,TRUE,TRUE,TRUE
Carvela,5944730209,5944730209,5944730209,Carvela Women's Heels Brown Suede Leather Letizia Mule,https://www.shoeaholics.com/women/shoes/heels/low-mid-heels/letizia-mule-brown-suede-carvela-5944730209?utm_source=display&utm_medium=programmatic&utm_campaign=performance&utm_content=rtg,"Brown Suede Heels, Brown","Brown Suede Heels, Brown",69.00,149.00,https://kg-static-cache.s3.amazonaws.com/catalog/product/cache/thumbnail/1622x1622/5/9/5944730209.jpg?v=1&width=800,Women > Shoes > Heels > Low-mid-heels,Women > Shoes > Heels > Low-mid-heels,10/09/2026,,FALSE,,63,IN STOCK,,,Brown,,,136,TRUE,TRUE,TRUE
Carvela,5305824979,5305824979,5305824979,Carvela Capo Block Heel Blush Block Heel,https://www.shoeaholics.com/women/shoes/heels/high-heels/capo-block-heel-blush-synthetic-carvela-5305824979?utm_source=display&utm_medium=programmatic&utm_campaign=performance&utm_content=rtg,"Blush Block Heel, Blush","Blush Block Heel, Blush",29.00,119.00,https://kg-static-cache.s3.amazonaws.com/catalog/product/cache/thumbnail/1622x1622/5/3/5305824979.jpg?v=1&width=800,Women > Shoes > Heels > High-heels,Women > Shoes > Heels > High-heels,10/09/2026,,FALSE,,8,IN STOCK,,,Blush,,,289,TRUE,TRUE,TRUE
Steve Madden,5808610109,5808610109,5808610109,Steve Madden Tecy White Leather,https://www.shoeaholics.com/women/shoes/heels/high-heels/tecy-1bw-white-leather-steve-madden-5808610109?utm_source=display&utm_medium=programmatic&utm_campaign=performance&utm_content=rtg,"Womens Steve Madden Tecy White Leather """", 6 Uk, White","Womens Steve Madden Tecy White Leather """", 6 Uk, White",29.00,100.00,https://kg-static-cache.s3.amazonaws.com/catalog/product/cache/thumbnail/1622x1622/5/8/5808610109.jpg?v=1&width=800,Women > Shoes > Heels > High-heels,Women > Shoes > Heels > High-heels,10/09/2026,,FALSE,,6,IN STOCK,,,White,,,305,TRUE,TRUE,TRUE
Steve Madden,5808691109,5808691109,5808691109,Steve Madden Tecy Orange Leather,https://www.shoeaholics.com/women/shoes/heels/high-heels/tecy-8rl-orange-leather-steve-madden-5808691109?utm_source=display&utm_medium=programmatic&utm_campaign=performance&utm_content=rtg,"Womens Steve Madden Tecy Orange Leather """", 5 Uk, Orange","Womens Steve Madden Tecy Orange Leather """", 5 Uk, Orange",29.00,100.00,https://kg-static-cache.s3.amazonaws.com/catalog/product/cache/thumbnail/1622x1622/5/8/5808691109.jpg?v=1&width=800,Women > Shoes > Heels > High-heels,Women > Shoes > Heels > High-heels,10/09/2026,,FALSE,,8,IN STOCK,,,Orange,,,290,TRUE,TRUE,TRUE
Carvela,5938584069,5938584069,5938584069,Carvela Fantastico Sling,https://www.shoeaholics.com/women/shoes/heels/slingbacks/fantastico-sling-navy-fabric-other-carvela-5938584069?utm_source=display&utm_medium=programmatic&utm_campaign=performance&utm_content=rtg,"Womens Carvela Fantastico Sling """", 3 Uk, Navy","Womens Carvela Fantastico Sling """", 3 Uk, Navy",99.00,149.00,https://kg-static-cache.s3.amazonaws.com/catalog/product/cache/thumbnail/1622x1622/5/9/5938584069.jpg?v=1&width=800,Women > Shoes > Heels > Slingbacks,Women > Shoes > Heels > Slingbacks,10/09/2026,,FALSE,,10,IN STOCK,,,Blue,,,274,TRUE,TRUE,TRUE
Kurt Geiger London,5501861609,5501861609,5501861609,Kurt Geiger London Embellished Mule Heel,https://www.shoeaholics.com/women/shoes/heels/high-heels/kgl-embellished-mule-gold-fabric-kurt-geiger-london-5501861609?utm_source=display&utm_medium=programmatic&utm_campaign=performance&utm_content=rtg,"Womens Kurt Geiger London Embellished Mule Heel """", 5 Uk, Gold","Womens Kurt Geiger London Embellished Mule Heel """", 5 Uk, Gold",99.00,179.00,https://kg-static-cache.s3.amazonaws.com/catalog/product/cache/thumbnail/1622x1622/5/5/5501861609.jpg?v=1&width=800,Women > Shoes > Heels > High-heels,Women > Shoes > Heels > High-heels,10/09/2026,,FALSE,,63,IN STOCK,,,Metallic,,,137,TRUE,TRUE,TRUE
Carvela,6030163609,6030163609,6030163609,Carvela Women's Heels Silver Fabric Loopi,https://www.shoeaholics.com/women/shoes/heels/loopi-sandal-silver-fabric-carvela-6030163609?utm_source=display&utm_medium=programmatic&utm_campaign=performance&utm_content=rtg,"Silver Crystal Heels, Silver","Silver Crystal Heels, Silver",89.00,129.00,https://kg-static-cache.s3.amazonaws.com/catalog/product/cache/thumbnail/1622x1622/6/0/6030163609.jpg?v=1&width=800,Women > Shoes > Heels,Women > Shoes > Heels,10/09/2026,,FALSE,,84,IN STOCK,,,Metallic,,,122,TRUE,TRUE,TRUE
Carvela,5265241979,5265241979,5265241979,Carvela Women's Slingback Court Heel Bone Synthetic Corletta,https://www.shoeaholics.com/women/shoes/heels/slingbacks/corletta-sling-wide-fit-bone-synthetic-carvela-5265241979?utm_source=display&utm_medium=programmatic&utm_campaign=performance&utm_content=rtg,"Bone Court Heel, Bone","Bone Court Heel, Bone",119.00,119.00,https://kg-static-cache.s3.amazonaws.com/catalog/product/cache/thumbnail/1622x1622/5/2/5265241979.jpg?v=1&width=800,Women > Shoes > Heels > Slingbacks,Women > Shoes > Heels > Slingbacks,10/09/2026,,FALSE,,166,IN STOCK,,,White,,,63,TRUE,TRUE,FALSE
Kg Kurt Geiger,5734141829,5734141829,5734141829,KG Kurt Geiger Women's Heels Bone Synthetic Sabrina,https://www.shoeaholics.com/women/shoes/heels/sabrina-bone-polyurethane-kg-kurt-geiger-5734141829?utm_source=display&utm_medium=programmatic&utm_campaign=performance&utm_content=rtg,"Womens Kg Kurt Geiger Sabrina Heel """", 7 Uk, Bone","Womens Kg Kurt Geiger Sabrina Heel """", 7 Uk, Bone",59.00,129.00,https://kg-static-cache.s3.amazonaws.com/catalog/product/cache/thumbnail/1622x1622/5/7/5734141829.jpg?v=1&width=800,Women > Shoes > Heels,Women > Shoes > Heels,10/09/2026,,FALSE,,27,IN STOCK,,,White,,,210,TRUE,TRUE,TRUE
Carvela,5708361979,5708361979,5708361979,Carvela Women's Heels Gold Synthetic Lovebird,https://www.shoeaholics.com/women/shoes/heels/slingbacks/lovebird-sling-gold-synthetic-carvela-5708361979?utm_source=display&utm_medium=programmatic&utm_campaign=performance&utm_content=rtg,"Gold Crystal High Heel, Gold","Gold Crystal High Heel, Gold",39.00,139.00,https://kg-static-cache.s3.amazonaws.com/catalog/product/cache/thumbnail/1622x1622/5/7/5708361979.jpg?v=1&width=800,Women > Shoes > Heels > Slingbacks,Women > Shoes > Heels > Slingbacks,10/09/2026,,FALSE,,6,IN STOCK,,,Metallic,,,306,TRUE,TRUE,TRUE
Steve Madden,5750114759,5750114759,5750114759,Steve Madden Atheria Champagne Satin,https://www.shoeaholics.com/women/shoes/heels/high-heels/atheria-856-champagne-satin-steve-madden-5750114759?utm_source=display&utm_medium=programmatic&utm_campaign=performance&utm_content=rtg,"Womens Steve Madden Atheria Champagne Satin """", 7 Uk, Champagne","Womens Steve Madden Atheria Champagne Satin """", 7 Uk, Champagne",39.00,140.00,https://kg-static-cache.s3.amazonaws.com/catalog/product/cache/thumbnail/1622x1622/5/7/5750114759.jpg?v=1&width=800,Women > Shoes > Heels > High-heels,Women > Shoes > Heels > High-heels,10/09/2026,,FALSE,,7,IN STOCK,,,Champagne,,,301,TRUE,TRUE,TRUE
Kurt Geiger London,6310300609,6310300609,6310300609,Kurt Geiger London Eagle Platform,https://www.shoeaholics.com/women/shoes/heels/high-heels/eagle-platform-black-fabric-kurt-geiger-london-6310300609?utm_source=display&utm_medium=programmatic&utm_campaign=performance&utm_content=rtg,"Womens Kurt Geiger London Eagle Platform """", 6 Uk, Black","Womens Kurt Geiger London Eagle Platform """", 6 Uk, Black",119.00,189.00,https://kg-static-cache.s3.amazonaws.com/catalog/product/cache/thumbnail/1622x1622/6/3/6310300609.jpg?v=1&width=800,Women > Shoes > Heels > High-heels,Women > Shoes > Heels > High-heels,10/09/2026,,FALSE,,191,IN STOCK,,,Black,,,44,TRUE,TRUE,TRUE
Kg Kurt Geiger,6285700309,6285700309,6285700309,KG Kurt Geiger Women's Flats Patent Aura,https://www.shoeaholics.com/women/shoes/heels/kitten-heels/aura-bow-flat-black-patent-kg-kurt-geiger-6285700309?utm_source=display&utm_medium=programmatic&utm_campaign=performance&utm_content=rtg,"Bow Slip On Slingback Flat, Black","Bow Slip On Slingback Flat, Black",69.00,99.00,https://kg-static-cache.s3.amazonaws.com/catalog/product/cache/thumbnail/1622x1622/6/2/6285700309.jpg?v=1&width=800,Women > Shoes > Heels > Kitten-heels,Women > Shoes > Heels > Kitten-heels,10/09/2026,,FALSE,,130,IN STOCK,,,Black,,,95,TRUE,TRUE,TRUE
Carvela,5945061609,5945061609,5945061609,Carvela Women's Mule Heel Gold Fabric Silvia Mule,https://www.shoeaholics.com/women/shoes/heels/low-mid-heels/silvia-mule-gold-fabric-carvela-5945061609?utm_source=display&utm_medium=programmatic&utm_campaign=performance&utm_content=rtg,"Gold Mule Crystal Heel, Gold","Gold Mule Crystal Heel, Gold",89.00,129.00,https://kg-static-cache.s3.amazonaws.com/catalog/product/cache/thumbnail/1622x1622/5/9/5945061609.jpg?v=1&width=800,Women > Shoes > Heels > Low-mid-heels,Women > Shoes > Heels > Low-mid-heels,10/09/2026,,FALSE,,116,IN STOCK,,,Metallic,,,104,TRUE,TRUE,TRUE
Carvela,5306000609,5306000609,5306000609,Carvela Women's Heels Black Microsuede Capo,https://www.shoeaholics.com/women/shoes/heels/high-heels/capo-stiletto-black-fabric-carvela-5306000609?utm_source=display&utm_medium=programmatic&utm_campaign=performance&utm_content=rtg,"Black Microsuede High Heel, Black","Black Microsuede High Heel, Black",49.00,119.00,https://kg-static-cache.s3.amazonaws.com/catalog/product/cache/thumbnail/1622x1622/5/3/5306000609.jpg?v=1&width=800,Women > Shoes > Heels > High-heels,Women > Shoes > Heels > High-heels,10/09/2026,,FALSE,,17,IN STOCK,,,Black,,,239,TRUE,TRUE,TRUE
Kg Kurt Geiger,6321500309,6321500309,6321500309,KG Kurt Geiger Women's Heels Black Patent Autumn,https://www.shoeaholics.com/women/shoes/heels/slingbacks/autumn-d-orsay-black-patent-kg-kurt-geiger-6321500309?utm_source=display&utm_medium=programmatic&utm_campaign=performance&utm_content=rtg,"Black Patent High Heel, Black","Black Patent High Heel, Black",89.00,129.00,https://kg-static-cache.s3.amazonaws.com/catalog/product/cache/thumbnail/1622x1622/6/3/6321500309.jpg?v=1&width=800,Women > Shoes > Heels > Slingbacks,Women > Shoes > Heels > Slingbacks,10/09/2026,,FALSE,,268,IN STOCK,,,Black,,,15,TRUE,TRUE,TRUE
Kurt Geiger London,6308700139,6308700139,6308700139,Kurt Geiger London Soho Sling,https://www.shoeaholics.com/women/shoes/heels/slingbacks/kensington-sling-black-leather-patent-kurt-geiger-london-6308700139?utm_source=display&utm_medium=programmatic&utm_campaign=performance&utm_content=rtg,"Womens Kurt Geiger London Soho Sling """", 6 Uk, Black","Womens Kurt Geiger London Soho Sling """", 6 Uk, Black",119.00,179.00,https://kg-static-cache.s3.amazonaws.com/catalog/product/cache/thumbnail/1622x1622/6/3/6308700139.jpg?v=1&width=800,Women > Shoes > Heels > Slingbacks,Women > Shoes > Heels > Slingbacks,10/09/2026,,FALSE,,43,IN STOCK,,,Black,,,163,TRUE,TRUE,TRUE
Steve Madden,6454243609,6454243609,6454243609,Steve Madden Trippy Fruit Multi,https://www.shoeaholics.com/women/shoes/heels/low-mid-heels/trippy-emb-75h-beige-combination-fabric-steve-madden-6454243609?utm_source=display&utm_medium=programmatic&utm_campaign=performance&utm_content=rtg,"Womens Steve Madden Trippy Fruit Multi """", 5.5 Uk, Beige","Womens Steve Madden Trippy Fruit Multi """", 5.5 Uk, Beige",79.00,130.00,https://kg-static-cache.s3.amazonaws.com/catalog/product/cache/thumbnail/1622x1622/6/4/6454243609.jpg?v=1&width=800,Women > Shoes > Heels > Low-mid-heels,Women > Shoes > Heels > Low-mid-heels,10/09/2026,,FALSE,,16,IN STOCK,,,Nude,,,245,TRUE,TRUE,TRUE
Carvela,5896260979,5896260979,5896260979,Carvela Women's Heels Bronze Synthetic Positano,https://www.shoeaholics.com/women/shoes/heels/high-heels/positano-vinyl-flower-bronze-synthetic-carvela-5896260979?utm_source=display&utm_medium=programmatic&utm_campaign=performance&utm_content=rtg,"Blush Crystal Slingback Flower Heel, Bronze","Blush Crystal Slingback Flower Heel, Bronze",99.00,159.00,https://kg-static-cache.s3.amazonaws.com/catalog/product/cache/thumbnail/1622x1622/5/8/5896260979.jpg?v=1&width=800,Women > Shoes > Heels > High-heels,Women > Shoes > Heels > High-heels,10/09/2026,,FALSE,,165,IN STOCK,,,Metallic,,,64,TRUE,TRUE,TRUE
Kurt Geiger London,6269400609,6269400609,6269400609,Kurt Geiger Women's Heels Black Fabric Kingsley,https://www.shoeaholics.com/women/shoes/heels/high-heels/kingsley-block-heel-black-fabric-kurt-geiger-london-6269400609?utm_source=display&utm_medium=programmatic&utm_campaign=performance&utm_content=rtg,"Womens Kurt Geiger London Kingsley Block Heel """", 4 Uk, Black","Womens Kurt Geiger London Kingsley Block Heel """", 4 Uk, Black",119.00,169.00,https://kg-static-cache.s3.amazonaws.com/catalog/product/cache/thumbnail/1622x1622/6/2/6269400609.jpg?v=1&width=800,Women > Shoes > Heels > High-heels,Women > Shoes > Heels > High-heels,10/09/2026,,FALSE,,54,IN STOCK,,,Black,,,147,TRUE,TRUE,TRUE
Carvela,5305767069,5305767069,5305767069,Carvela Women's Heels Silver Combination Fabric Fantastico,https://www.shoeaholics.com/women/shoes/heels/high-heels/fantastico-court-silver-combination-fabric-other-carvela-5305767069?utm_source=display&utm_medium=programmatic&utm_campaign=performance&utm_content=rtg,"Silver Court Heel, Silver Combination","Silver Court Heel, Silver Combination",89.00,149.00,https://kg-static-cache.s3.amazonaws.com/catalog/product/cache/thumbnail/1622x1622/5/3/5305767069.jpg?v=1&width=800,Women > Shoes > Heels > High-heels,Women > Shoes > Heels > High-heels,10/09/2026,,FALSE,,32,IN STOCK,,,Metallic,,,196,TRUE,TRUE,TRUE
Kurt Geiger London,6310339609,6310339609,6310339609,Kurt Geiger London Eagle Platform,https://www.shoeaholics.com/women/shoes/heels/high-heels/eagle-platform-brown-other-fabric-kurt-geiger-london-6310339609?utm_source=display&utm_medium=programmatic&utm_campaign=performance&utm_content=rtg,"Womens Kurt Geiger London Eagle Platform """", 6 Uk","Womens Kurt Geiger London Eagle Platform """", 6 Uk",119.00,189.00,https://kg-static-cache.s3.amazonaws.com/catalog/product/cache/thumbnail/1622x1622/6/3/6310339609.jpg?v=1&width=800,Women > Shoes > Heels > High-heels,Women > Shoes > Heels > High-heels,10/09/2026,,FALSE,,137,IN STOCK,,,,,,87,TRUE,TRUE,TRUE
Carvela,5709133979,5709133979,5709133979,Carvela Women's Heels Tan Synthetic Verona,https://www.shoeaholics.com/women/shoes/heels/high-heels/verona-wedge-tan-synthetic-carvela-5709133979?utm_source=display&utm_medium=programmatic&utm_campaign=performance&utm_content=rtg,"Tan Microsuede Wedge Heel, Tan","Tan Microsuede Wedge Heel, Tan",89.00,139.00,https://kg-static-cache.s3.amazonaws.com/catalog/product/cache/thumbnail/1622x1622/5/7/5709133979.jpg?v=1&width=800,Women > Shoes > Heels > High-heels,Women > Shoes > Heels > High-heels,10/09/2026,,FALSE,,40,IN STOCK,,,Tan,,,174,TRUE,TRUE,TRUE
Steve Madden,6121015609,6121015609,6121015609,Steve Madden Thrive Ip3,https://www.shoeaholics.com/women/shoes/heels/high-heels/thrive-ip3-white-comb-fabric-steve-madden-6121015609?utm_source=display&utm_medium=programmatic&utm_campaign=performance&utm_content=rtg,"Womens Steve Madden Thrive Ip3 """", 7 Uk, White Comb","Womens Steve Madden Thrive Ip3 """", 7 Uk, White Comb",39.00,120.00,https://kg-static-cache.s3.amazonaws.com/catalog/product/cache/thumbnail/1622x1622/6/1/6121015609.jpg?v=1&width=800,Women > Shoes > Heels > High-heels,Women > Shoes > Heels > High-heels,10/09/2026,,FALSE,,8,IN STOCK,,,White,,,291,TRUE,TRUE,TRUE
Kurt Geiger London,6269466609,6269466609,6269466609,Kurt Geiger women's Heel Gold Combination Fabric Kingsley,https://www.shoeaholics.com/women/shoes/heels/high-heels/kingsley-block-heel-gold-combination-fabric-kurt-geiger-london-6269466609?utm_source=display&utm_medium=programmatic&utm_campaign=performance&utm_content=rtg,"Metallic Gold Crystal Block Heel, Gold Combination","Metallic Gold Crystal Block Heel, Gold Combination",119.00,169.00,https://kg-static-cache.s3.amazonaws.com/catalog/product/cache/thumbnail/1622x1622/6/2/6269466609.jpg?v=1&width=800,Women > Shoes > Heels > High-heels,Women > Shoes > Heels > High-heels,10/09/2026,,FALSE,,53,IN STOCK,,,Metallic,,,149,TRUE,TRUE,TRUE
Carvela,5898361979,5898361979,5898361979,Carvela Women's Sandals Gold Synthetic Portofino,https://www.shoeaholics.com/women/shoes/heels/low-mid-heels/portofino-flatform-gold-synthetic-carvela-5898361979?utm_source=display&utm_medium=programmatic&utm_campaign=performance&utm_content=rtg,"Metallic Gold Flatform Sandal, Gold","Metallic Gold Flatform Sandal, Gold",69.00,139.00,https://kg-static-cache.s3.amazonaws.com/catalog/product/cache/thumbnail/1622x1622/5/8/5898361979.jpg?v=1&width=800,Women > Shoes > Heels > Low-mid-heels,Women > Shoes > Heels > Low-mid-heels,10/09/2026,,FALSE,,26,IN STOCK,,,Metallic,,,216,TRUE,TRUE,TRUE
Carvela,5592061979,5592061979,5592061979,Carvela Women's Block Heel Gold Synthetic Sorrento,https://www.shoeaholics.com/women/shoes/heels/low-mid-heels/sorrento-flower-block-gold-synthetic-carvela-5592061979?utm_source=display&utm_medium=programmatic&utm_campaign=performance&utm_content=rtg,"3D Raffia Block Heel, Gold","3D Raffia Block Heel, Gold",69.00,139.00,https://kg-static-cache.s3.amazonaws.com/catalog/product/cache/thumbnail/1622x1622/5/5/5592061979.jpg?v=1&width=800,Women > Shoes > Heels > Low-mid-heels,Women > Shoes > Heels > Low-mid-heels,10/09/2026,,FALSE,,25,IN STOCK,,,Metallic,,,220,TRUE,TRUE,TRUE
Kg Kurt Geiger,5823331069,5823331069,5823331069,Kg Kurt Geiger Marcy,https://www.shoeaholics.com/women/shoes/heels/low-mid-heels/marcy-dark-brown-fabric-other-kg-kurt-geiger-5823331069?utm_source=display&utm_medium=programmatic&utm_campaign=performance&utm_content=rtg,"Womens Kg Kurt Geiger Marcy """", 4 Uk, Dark Brown","Womens Kg Kurt Geiger Marcy """", 4 Uk, Dark Brown",29.00,129.00,https://kg-static-cache.s3.amazonaws.com/catalog/product/cache/thumbnail/1622x1622/5/8/5823331069.jpg?v=1&width=800,Women > Shoes > Heels > Low-mid-heels,Women > Shoes > Heels > Low-mid-heels,10/09/2026,,FALSE,,6,IN STOCK,,,Brown,,,307,TRUE,TRUE,TRUE
Carvela,5705100209,5705100209,5705100209,Carvela Women's Heels Black Suede Regatta Heel,https://www.shoeaholics.com/women/shoes/heels/block-heels/regatta-heel-black-suede-carvela-5705100209?utm_source=display&utm_medium=programmatic&utm_campaign=performance&utm_content=rtg,"Black Suede Block Heel, Black","Black Suede Block Heel, Black",79.00,139.00,https://kg-static-cache.s3.amazonaws.com/catalog/product/cache/thumbnail/1622x1622/5/7/5705100209.jpg?v=1&width=800,Women > Shoes > Heels > Block-heels,Women > Shoes > Heels > Block-heels,10/09/2026,,FALSE,,95,IN STOCK,,,Black,,,116,TRUE,TRUE,TRUE
Carvela,5708224609,5708224609,5708224609,Carvela Women's Court Heel Blush Fabric Lovebird,https://www.shoeaholics.com/women/shoes/heels/high-heels/lovebird-mesh-blush-fabric-carvela-5708224609?utm_source=display&utm_medium=programmatic&utm_campaign=performance&utm_content=rtg,"Womens Carvela Lovebird Mesh Heel """", 5 Uk, Blush","Womens Carvela Lovebird Mesh Heel """", 5 Uk, Blush",79.00,149.00,https://kg-static-cache.s3.amazonaws.com/catalog/product/cache/thumbnail/1622x1622/5/7/5708224609.jpg?v=1&width=800,Women > Shoes > Heels > High-heels,Women > Shoes > Heels > High-heels,10/09/2026,,FALSE,,171,IN STOCK,,,Blush,,,59,TRUE,TRUE,TRUE
Steve Madden,6172900609,6172900609,6172900609,Steve Madden Thrive-r 001,https://www.shoeaholics.com/women/shoes/heels/high-heels/thrive-r-001-black-fabric-steve-madden-6172900609?utm_source=display&utm_medium=programmatic&utm_campaign=performance&utm_content=rtg,"Womens Steve Madden Thrive-R 001 """", 4 Uk, Black","Womens Steve Madden Thrive-R 001 """", 4 Uk, Black",39.00,140.00,https://kg-static-cache.s3.amazonaws.com/catalog/product/cache/thumbnail/1622x1622/6/1/6172900609.jpg?v=1&width=800,Women > Shoes > Heels > High-heels,Women > Shoes > Heels > High-heels,10/09/2026,,FALSE,,8,IN STOCK,,,Black,,,292,TRUE,TRUE,TRUE
Kg Kurt Geiger,5751300829,5751300829,5751300829,KG Kurt Geiger Women's Heels Black Synthetic Salome,https://www.shoeaholics.com/women/shoes/heels/high-heels/salome-black-polyurethane-kg-kurt-geiger-5751300829?utm_source=display&utm_medium=programmatic&utm_campaign=performance&utm_content=rtg,"Black Lizard Heel, Black","Black Lizard Heel, Black",39.00,129.00,https://kg-static-cache.s3.amazonaws.com/catalog/product/cache/thumbnail/1622x1622/5/7/5751300829.jpg?v=1&width=800,Women > Shoes > Heels > High-heels,Women > Shoes > Heels > High-heels,10/09/2026,,FALSE,,31,IN STOCK,,,Black,,,200,TRUE,TRUE,TRUE
Carvela,6293961979,6293961979,6293961979,Carvela Women's Heels Gold Synthetic Fabrizia,https://www.shoeaholics.com/women/shoes/heels/high-heels/fabrizia-gold-synthetic-carvela-6293961979?utm_source=display&utm_medium=programmatic&utm_campaign=performance&utm_content=rtg,"Womens Carvela Fabrizia Heel """", 5 Uk, Gold","Womens Carvela Fabrizia Heel """", 5 Uk, Gold",99.00,139.00,https://kg-static-cache.s3.amazonaws.com/catalog/product/cache/thumbnail/1622x1622/6/2/6293961979.jpg?v=1&width=800,Women > Shoes > Heels > High-heels,Women > Shoes > Heels > High-heels,10/09/2026,,FALSE,,146,IN STOCK,,,Metallic,,,81,TRUE,TRUE,TRUE
Carvela,6009463979,6009463979,6009463979,Carvela Shinier Court Heel,https://www.shoeaholics.com/women/shoes/heels/low-mid-heels/shinier-court-silver-synthetic-carvela-6009463979?utm_source=display&utm_medium=programmatic&utm_campaign=performance&utm_content=rtg,"Womens Carvela Shinier Court Heel """", 7 Uk, Silver","Womens Carvela Shinier Court Heel """", 7 Uk, Silver",79.00,129.00,https://kg-static-cache.s3.amazonaws.com/catalog/product/cache/thumbnail/1622x1622/6/0/6009463979.jpg?v=1&width=800,Women > Shoes > Heels > Low-mid-heels,Women > Shoes > Heels > Low-mid-heels,10/09/2026,,FALSE,,34,IN STOCK,,,Metallic,,,190,TRUE,TRUE,TRUE
Kurt Geiger London,6310267609,6310267609,6310267609,Kurt Geiger Women's Heel Silver Combination Fabric Brixton,https://www.shoeaholics.com/women/shoes/heels/high-heels/brixton-platform-silver-combination-fabric-kurt-geiger-london-6310267609?utm_source=display&utm_medium=programmatic&utm_campaign=performance&utm_content=rtg,"Womens Kurt Geiger London Brixton Platform Heel """", 6 Uk, Silver Combination","Womens Kurt Geiger London Brixton Platform Heel """", 6 Uk, Silver Combination",119.00,199.00,https://kg-static-cache.s3.amazonaws.com/catalog/product/cache/thumbnail/1622x1622/6/3/6310267609.jpg?v=1&width=800,Women > Shoes > Heels > High-heels,Women > Shoes > Heels > High-heels,10/09/2026,,FALSE,,195,IN STOCK,,,Metallic,,,38,TRUE,TRUE,TRUE
Kg Kurt Geiger,6320763069,6320763069,6320763069,KG Kurt Geiger Women's Heels Silver Fabric Other Allegra,https://www.shoeaholics.com/women/shoes/heels/low-mid-heels/allegra-block-silver-fabric-other-kg-kurt-geiger-6320763069?utm_source=display&utm_medium=programmatic&utm_campaign=performance&utm_content=rtg,"Womens Kg Kurt Geiger Allegra Block Heel """", 9 Uk, Silver","Womens Kg Kurt Geiger Allegra Block Heel """", 9 Uk, Silver",99.00,139.00,https://kg-static-cache.s3.amazonaws.com/catalog/product/cache/thumbnail/1622x1622/6/3/6320763069.jpg?v=1&width=800,Women > Shoes > Heels > Low-mid-heels,Women > Shoes > Heels > Low-mid-heels,10/09/2026,,FALSE,,186,IN STOCK,,,Metallic,,,48,TRUE,TRUE,TRUE
Kg Kurt Geiger,6320861069,6320861069,6320861069,KG Kurt Geiger Women's Heels Gold Fabric Other Tilly Jewel,https://www.shoeaholics.com/women/shoes/heels/slingbacks/tilly-jewel-bow-gold-fabric-other-kg-kurt-geiger-6320861069?utm_source=display&utm_medium=programmatic&utm_campaign=performance&utm_content=rtg,"Womens Kg Kurt Geiger Tilly Jewel Bow Heel """", 4 Uk, Gold","Womens Kg Kurt Geiger Tilly Jewel Bow Heel """", 4 Uk, Gold",99.00,139.00,https://kg-static-cache.s3.amazonaws.com/catalog/product/cache/thumbnail/1622x1622/6/3/6320861069.jpg?v=1&width=800,Women > Shoes > Heels > Slingbacks,Women > Shoes > Heels > Slingbacks,10/09/2026,,FALSE,,186,IN STOCK,,,Metallic,,,49,TRUE,TRUE,TRUE
Carvela,5441000609,5441000609,5441000609,Carvela Women's Heels Black Synthetic Carlotta,https://www.shoeaholics.com/women/shoes/heels/low-mid-heels/corletta-d-orsay-black-fabric-carvela-5441000609?utm_source=display&utm_medium=programmatic&utm_campaign=performance&utm_content=rtg,"Black Microsuede Court Heel, Black","Black Microsuede Court Heel, Black",79.00,119.00,https://kg-static-cache.s3.amazonaws.com/catalog/product/cache/thumbnail/1622x1622/5/4/5441000609.jpg?v=1&width=800,Women > Shoes > Heels > Low-mid-heels,Women > Shoes > Heels > Low-mid-heels,10/09/2026,,FALSE,,451,IN STOCK,,,Black,,,2,TRUE,TRUE,TRUE
Carvela,5305903609,5305903609,5305903609,Carvela Women's Block Heel Brown Other Fabric Capo,https://www.shoeaholics.com/women/shoes/heels/block-heels/capo-block-heel-black-brown-fabric-carvela-5305903609?utm_source=display&utm_medium=programmatic&utm_campaign=performance&utm_content=rtg,"Womens Carvela Capo Block Heel """", 3 Uk, Black Brown","Womens Carvela Capo Block Heel """", 3 Uk, Black Brown",39.00,119.00,https://kg-static-cache.s3.amazonaws.com/catalog/product/cache/thumbnail/1622x1622/5/3/5305903609.jpg?v=1&width=800,Women > Shoes > Heels > Block-heels,Women > Shoes > Heels > Block-heels,10/09/2026,,FALSE,,15,IN STOCK,,,Black,,,250,TRUE,TRUE,TRUE
Carvela,5995210606,5995210606,5995210606,Carvela Women's Heels White Fabric Kianni,https://www.shoeaholics.com/women/shoes/heels/low-mid-heels/kianni-white-fabric-carvela-5995210606?utm_source=display&utm_medium=programmatic&utm_campaign=performance&utm_content=rtg,"Faux Pearl Crystal Block Heel, White","Faux Pearl Crystal Block Heel, White",89.00,129.00,https://kg-static-cache.s3.amazonaws.com/catalog/product/cache/thumbnail/1622x1622/5/9/5995210606.jpg?v=1&width=800,Women > Shoes > Heels > Low-mid-heels,Women > Shoes > Heels > Low-mid-heels,10/09/2026,,FALSE,,194,IN STOCK,,,White,,,40,TRUE,TRUE,TRUE
Carvela,5823533209,5823533209,5823533209,Carvela Women's Heels Tan Suede Leather Novella,https://www.shoeaholics.com/women/shoes/heels/low-mid-heels/novella-mule-tan-suede-carvela-5823533209?utm_source=display&utm_medium=programmatic&utm_campaign=performance&utm_content=rtg,"Tan Suede Novella, Tan","Tan Suede Novella, Tan",79.00,149.00,https://kg-static-cache.s3.amazonaws.com/catalog/product/cache/thumbnail/1622x1622/5/8/5823533209.jpg?v=1&width=800,Women > Shoes > Heels > Low-mid-heels,Women > Shoes > Heels > Low-mid-heels,10/09/2026,,FALSE,,27,IN STOCK,,,Tan,,,211,TRUE,TRUE,TRUE
Steve Madden,5950130209,5950130209,5950130209,Steve Madden Ajay Brown Suede,https://www.shoeaholics.com/women/shoes/heels/ajay-205-brown-suede-steve-madden-5950130209?utm_source=display&utm_medium=programmatic&utm_campaign=performance&utm_content=rtg,"Womens Steve Madden Ajay Brown Suede """", 5 Uk, Brown","Womens Steve Madden Ajay Brown Suede """", 5 Uk, Brown",69.00,110.00,https://kg-static-cache.s3.amazonaws.com/catalog/product/cache/thumbnail/1622x1622/5/9/5950130209.jpg?v=1&width=800,Women > Shoes > Heels,Women > Shoes > Heels,10/09/2026,,FALSE,,23,IN STOCK,,,Brown,,,221,TRUE,TRUE,TRUE
Carvela,5799641979,5799641979,5799641979,Carvela Women's Heels Bone Synthetic Selene,https://www.shoeaholics.com/women/shoes/heels/low-mid-heels/selene-bone-synthetic-carvela-5799641979?utm_source=display&utm_medium=programmatic&utm_campaign=performance&utm_content=rtg,"Bone Knotted Block Heel, Bone","Bone Knotted Block Heel, Bone",79.00,129.00,https://kg-static-cache.s3.amazonaws.com/catalog/product/cache/thumbnail/1622x1622/5/7/5799641979.jpg?v=1&width=800,Women > Shoes > Heels > Low-mid-heels,Women > Shoes > Heels > Low-mid-heels,10/09/2026,,FALSE,,61,IN STOCK,,,White,,,140,TRUE,TRUE,TRUE
Carvela,5893561979,5893561979,5893561979,Carvela Women's Heels Gold Synthetic Corletta,https://www.shoeaholics.com/women/shoes/heels/corletta-sandal-gold-synthetic-carvela-5893561979?utm_source=display&utm_medium=programmatic&utm_campaign=performance&utm_content=rtg,"Metallic Gold High Heel, Gold","Metallic Gold High Heel, Gold",89.00,129.00,https://kg-static-cache.s3.amazonaws.com/catalog/product/cache/thumbnail/1622x1622/5/8/5893561979.jpg?v=1&width=800,Women > Shoes > Heels,Women > Shoes > Heels,10/09/2026,,FALSE,,147,IN STOCK,,,Metallic,,,79,TRUE,TRUE,TRUE
Kg Kurt Geiger,6321561069,6321561069,6321561069,KG Kurt Geiger Women's Heels Gold Fabric Other Autumn,https://www.shoeaholics.com/women/shoes/heels/slingbacks/autumn-d-orsay-gold-fabric-other-kg-kurt-geiger-6321561069?utm_source=display&utm_medium=programmatic&utm_campaign=performance&utm_content=rtg,"Womens Kg Kurt Geiger Autumn D Orsay """", 9 Uk, Gold","Womens Kg Kurt Geiger Autumn D Orsay """", 9 Uk, Gold",99.00,139.00,https://kg-static-cache.s3.amazonaws.com/catalog/product/cache/thumbnail/1622x1622/6/3/6321561069.jpg?v=1&width=800,Women > Shoes > Heels > Slingbacks,Women > Shoes > Heels > Slingbacks,10/09/2026,,FALSE,,335,IN STOCK,,,Metallic,,,4,TRUE,TRUE,TRUE
Kurt Geiger London,5501839609,5501839609,5501839609,Kurt Geiger Women's Heels Brown Other Fabric Embellished,https://www.shoeaholics.com/women/shoes/heels/high-heels/kgl-embellished-mule-brown-other-fabric-kurt-geiger-london-5501839609?utm_source=display&utm_medium=programmatic&utm_campaign=performance&utm_content=rtg,"Womens Kurt Geiger London Embellished Mule Heel """", 6 Uk","Womens Kurt Geiger London Embellished Mule Heel """", 6 Uk",99.00,179.00,https://kg-static-cache.s3.amazonaws.com/catalog/product/cache/thumbnail/1622x1622/5/5/5501839609.jpg?v=1&width=800,Women > Shoes > Heels > High-heels,Women > Shoes > Heels > High-heels,10/09/2026,,FALSE,,133,IN STOCK,,,,,,90,TRUE,TRUE,TRUE
Carvela,6319454609,6319454609,6319454609,Carvela Women's Heels Wine Fabric Ravenna,https://www.shoeaholics.com/women/shoes/heels/high-heels/ravenna-wine-fabric-carvela-6319454609?utm_source=display&utm_medium=programmatic&utm_campaign=performance&utm_content=rtg,"Womens Carvela Ravenna Heel """", 4 Uk, Wine","Womens Carvela Ravenna Heel """", 4 Uk, Wine",79.00,129.00,https://kg-static-cache.s3.amazonaws.com/catalog/product/cache/thumbnail/1622x1622/6/3/6319454609.jpg?v=1&width=800,Women > Shoes > Heels > High-heels,Women > Shoes > Heels > High-heels,10/09/2026,,FALSE,,34,IN STOCK,,,Red,,,191,TRUE,TRUE,TRUE
Kurt Geiger London,6310266609,6310266609,6310266609,Kurt Geiger Women's Heels Gold Combination Fabric Brixton,https://www.shoeaholics.com/women/shoes/heels/high-heels/brixton-platform-gold-combination-fabric-kurt-geiger-london-6310266609?utm_source=display&utm_medium=programmatic&utm_campaign=performance&utm_content=rtg,"Womens Kurt Geiger London Brixton Platform Heel """", 6 Uk, Gold Combination","Womens Kurt Geiger London Brixton Platform Heel """", 6 Uk, Gold Combination",119.00,199.00,https://kg-static-cache.s3.amazonaws.com/catalog/product/cache/thumbnail/1622x1622/6/3/6310266609.jpg?v=1&width=800,Women > Shoes > Heels > High-heels,Women > Shoes > Heels > High-heels,10/09/2026,,FALSE,,183,IN STOCK,,,Metallic,,,53,TRUE,TRUE,TRUE
Kg Kurt Geiger,5508961069,5508961069,5508961069,Kurt Geiger Women's Heels Gold Synthetic Allegra,https://www.shoeaholics.com/women/shoes/heels/high-heels/allegra-court-gold-fabric-other-kg-kurt-geiger-5508961069?utm_source=display&utm_medium=programmatic&utm_campaign=performance&utm_content=rtg,"Gold Fabric Crystal Heel, Gold","Gold Fabric Crystal Heel, Gold",89.00,139.00,https://kg-static-cache.s3.amazonaws.com/catalog/product/cache/thumbnail/1622x1622/5/5/5508961069.jpg?v=1&width=800,Women > Shoes > Heels > High-heels,Women > Shoes > Heels > High-heels,10/09/2026,,FALSE,,17,IN STOCK,,,Metallic,,,240,TRUE,TRUE,TRUE
Carvela,5305705609,5305705609,5305705609,Carvela Fantastico Court,https://www.shoeaholics.com/women/shoes/heels/high-heels/fantastico-court-black-combination-fabric-carvela-5305705609?utm_source=display&utm_medium=programmatic&utm_campaign=performance&utm_content=rtg,"Womens Carvela Fantastico Court """", 5 Uk, Black","Womens Carvela Fantastico Court """", 5 Uk, Black",89.00,149.00,https://kg-static-cache.s3.amazonaws.com/catalog/product/cache/thumbnail/1622x1622/5/3/5305705609.jpg?v=1&width=800,Women > Shoes > Heels > High-heels,Women > Shoes > Heels > High-heels,10/09/2026,,FALSE,,159,IN STOCK,,,Black,,,72,TRUE,TRUE,TRUE
Kurt Geiger London,6001561069,6001561069,6001561069,Kurt Geiger Women's Heel Fabric Other Octavia,https://www.shoeaholics.com/women/shoes/heels/high-heels/octavia-gladiator-sandal-gold-fabric-other-kurt-geiger-london-6001561069?utm_source=display&utm_medium=programmatic&utm_campaign=performance&utm_content=rtg,"Bronze Crystal High Heel, Gold","Bronze Crystal High Heel, Gold",139.00,199.00,https://kg-static-cache.s3.amazonaws.com/catalog/product/cache/thumbnail/1622x1622/6/0/6001561069.jpg?v=1&width=800,Women > Shoes > Heels > High-heels,Women > Shoes > Heels > High-heels,10/09/2026,,FALSE,,12,IN STOCK,,,Metallic,,,263,TRUE,TRUE,TRUE
Kg Kurt Geiger,6364161979,6364161979,6364161979,Kg Kurt Geiger Signal Platform,https://www.shoeaholics.com/women/shoes/heels/low-mid-heels/signal-platform-gold-synthetic-kg-kurt-geiger-6364161979?utm_source=display&utm_medium=programmatic&utm_campaign=performance&utm_content=rtg,"Womens Kg Kurt Geiger Signal Platform """", 9 Uk, Gold","Womens Kg Kurt Geiger Signal Platform """", 9 Uk, Gold",99.00,139.00,https://kg-static-cache.s3.amazonaws.com/catalog/product/cache/thumbnail/1622x1622/6/3/6364161979.jpg?v=1&width=800,Women > Shoes > Heels > Low-mid-heels,Women > Shoes > Heels > Low-mid-heels,10/09/2026,,FALSE,,111,IN STOCK,,,Metallic,,,110,TRUE,TRUE,TRUE
Steve Madden,6117405979,6117405979,6117405979,Steve Madden Saxxon Heel Black,https://www.shoeaholics.com/women/shoes/heels/high-heels/saxxon-018-black-combination-synthetic-steve-madden-6117405979?utm_source=display&utm_medium=programmatic&utm_campaign=performance&utm_content=rtg,"Womens Steve Madden Saxxon Heel Black """", 6 Uk, Black","Womens Steve Madden Saxxon Heel Black """", 6 Uk, Black",49.00,140.00,https://kg-static-cache.s3.amazonaws.com/catalog/product/cache/thumbnail/1622x1622/6/1/6117405979.jpg?v=1&width=800,Women > Shoes > Heels > High-heels,Women > Shoes > Heels > High-heels,10/09/2026,,FALSE,,7,IN STOCK,,,Black,,,302,TRUE,TRUE,TRUE
Carvela,5893547209,5893547209,5893547209,Carvela Women's Taupe Suede Corletta Sandal,https://www.shoeaholics.com/women/shoes/heels/high-heels/corletta-sandal-taupe-suede-carvela-5893547209?utm_source=display&utm_medium=programmatic&utm_campaign=performance&utm_content=rtg,"Womens Carvela Corletta Heel """", 7 Uk, Taupe","Womens Carvela Corletta Heel """", 7 Uk, Taupe",89.00,129.00,https://kg-static-cache.s3.amazonaws.com/catalog/product/cache/thumbnail/1622x1622/5/8/5893547209.jpg?v=1&width=800,Women > Shoes > Heels > High-heels,Women > Shoes > Heels > High-heels,10/09/2026,,FALSE,,237,IN STOCK,,,Taupe,,,19,TRUE,TRUE,TRUE
Carvela,5926630109,5926630109,5926630109,Carvela Women's Heels Brown Leather Lava Mule,https://www.shoeaholics.com/women/shoes/heels/high-heels/lava-h-mule-brown-leather-carvela-5926630109?utm_source=display&utm_medium=programmatic&utm_campaign=performance&utm_content=rtg,"Dark Brown Clog Mule Heels, Brown","Dark Brown Clog Mule Heels, Brown",89.00,149.00,https://kg-static-cache.s3.amazonaws.com/catalog/product/cache/thumbnail/1622x1622/5/9/5926630109.jpg?v=1&width=800,Women > Shoes > Heels > High-heels,Women > Shoes > Heels > High-heels,10/09/2026,,FALSE,,98,IN STOCK,,,Brown,,,114,TRUE,TRUE,TRUE
Steve Madden,5809021979,5809021979,5809021979,Steve Madden Tracie Jelly Grey,https://www.shoeaholics.com/women/shoes/heels/low-mid-heels/tracie-j-095-grey-dark-synthetic-steve-madden-5809021979?utm_source=display&utm_medium=programmatic&utm_campaign=performance&utm_content=rtg,"Womens Steve Madden Tracie Jelly Grey """", 6 Uk, Grey Dark","Womens Steve Madden Tracie Jelly Grey """", 6 Uk, Grey Dark",59.00,100.00,https://kg-static-cache.s3.amazonaws.com/catalog/product/cache/thumbnail/1622x1622/5/8/5809021979.jpg?v=1&width=800,Women > Shoes > Heels > Low-mid-heels,Women > Shoes > Heels > Low-mid-heels,10/09/2026,,FALSE,,41,IN STOCK,,,Grey,,,169,TRUE,TRUE,TRUE
Carvela,4529284609,4529284609,4529284609,Carvela Women's Navy Fabric Corletta,https://www.shoeaholics.com/women/shoes/heels/high-heels/corletta-court-navy-fabric-carvela-4529284609?utm_source=display&utm_medium=programmatic&utm_campaign=performance&utm_content=rtg,"Navy Microsuede Court Heel, Navy","Navy Microsuede Court Heel, Navy",79.00,119.00,https://kg-static-cache.s3.amazonaws.com/catalog/product/cache/thumbnail/1622x1622/4/5/4529284609.jpg?v=1&width=800,Women > Shoes > Heels > High-heels,Women > Shoes > Heels > High-heels,10/09/2026,,FALSE,,14,IN STOCK,,,Blue,,,256,TRUE,TRUE,TRUE
Steve Madden,5147050109,5147050109,5147050109,Steve Madden Thrive Red,https://www.shoeaholics.com/women/shoes/heels/high-heels/thrive-1bw-red-leather-steve-madden-5147050109?utm_source=display&utm_medium=programmatic&utm_campaign=performance&utm_content=rtg,"Womens Steve Madden Thrive Red """", 6 Uk, Red","Womens Steve Madden Thrive Red """", 6 Uk, Red",39.00,120.00,https://kg-static-cache.s3.amazonaws.com/catalog/product/cache/thumbnail/1622x1622/5/1/5147050109.jpg?v=1&width=800,Women > Shoes > Heels > High-heels,Women > Shoes > Heels > High-heels,10/09/2026,,FALSE,,11,IN STOCK,,,Red,,,269,TRUE,TRUE,TRUE
Kg Kurt Geiger,4469198979,4469198979,4469198979,KG Kurt Geiger Women's Heels Pink Synthetic Sweetie,https://www.shoeaholics.com/women/shoes/heels/sweetie-sandal-pink-synthetic-kg-kurt-geiger-4469198979?utm_source=display&utm_medium=programmatic&utm_campaign=performance&utm_content=rtg,"Pink Strappy Heel, Pink","Pink Strappy Heel, Pink",39.00,129.00,https://kg-static-cache.s3.amazonaws.com/catalog/product/cache/thumbnail/1622x1622/4/4/4469198979.jpg?v=1&width=800,Women > Shoes > Heels,Women > Shoes > Heels,10/09/2026,,FALSE,,35,IN STOCK,,,Pink,,,187,TRUE,TRUE,TRUE
Carvela,4529344069,4529344069,4529344069,Carvela Women's Court Heel Bone Combination Corletta,https://www.shoeaholics.com/women/shoes/heels/slingbacks/corletta-sling-court-bone-combination-fabric-other-carvela-4529344069?utm_source=display&utm_medium=programmatic&utm_campaign=performance&utm_content=rtg,"Faux Pearl Court Sling Heel, Bone Combination","Faux Pearl Court Sling Heel, Bone Combination",99.00,129.00,https://kg-static-cache.s3.amazonaws.com/catalog/product/cache/thumbnail/1622x1622/4/5/4529344069.jpg?v=1&width=800,Women > Shoes > Heels > Slingbacks,Women > Shoes > Heels > Slingbacks,10/09/2026,,FALSE,,29,IN STOCK,,,White,,,206,TRUE,TRUE,TRUE
Kg Kurt Geiger,5138800829,5138800829,5138800829,KG Kurt Geiger Women's Heels Black Synthetic Tilly,https://www.shoeaholics.com/women/shoes/heels/slingbacks/tilly-black-polyurethane-kg-kurt-geiger-5138800829?utm_source=display&utm_medium=programmatic&utm_campaign=performance&utm_content=rtg,"Black Slingback Heel, Black","Black Slingback Heel, Black",79.00,119.00,https://kg-static-cache.s3.amazonaws.com/catalog/product/cache/thumbnail/1622x1622/5/1/5138800829.jpg?v=1&width=800,Women > Shoes > Heels > Slingbacks,Women > Shoes > Heels > Slingbacks,10/09/2026,,FALSE,,181,IN STOCK,,,Black,,,55,TRUE,TRUE,TRUE
Carvela,4529337069,4529337069,4529337069,Carvela Women's Heels Taupe Combination Fabric Other,https://www.shoeaholics.com/women/shoes/heels/slingbacks/corletta-sling-court-taupe-combination-fabric-other-carvela-4529337069?utm_source=display&utm_medium=programmatic&utm_campaign=performance&utm_content=rtg,"Womens Carvela Corletta Sling Court """", 5 Uk, Taupe","Womens Carvela Corletta Sling Court """", 5 Uk, Taupe",89.00,129.00,https://kg-static-cache.s3.amazonaws.com/catalog/product/cache/thumbnail/1622x1622/4/5/4529337069.jpg?v=1&width=800,Women > Shoes > Heels > Slingbacks,Women > Shoes > Heels > Slingbacks,10/09/2026,,FALSE,,180,IN STOCK,,,Taupe,,,56,TRUE,TRUE,TRUE
Kg Kurt Geiger,4480642069,4480642069,4480642069,KG Kurt Geiger Women's Heels Cream Fabric Other Athena,https://www.shoeaholics.com/women/shoes/heels/athena-cream-fabric-other-kg-kurt-geiger-4480642069?utm_source=display&utm_medium=programmatic&utm_campaign=performance&utm_content=rtg,"Womens Kg Kurt Geiger Athena Heel """", 7 Uk, Cream","Womens Kg Kurt Geiger Athena Heel """", 7 Uk, Cream",59.00,149.00,https://kg-static-cache.s3.amazonaws.com/catalog/product/cache/thumbnail/1622x1622/4/4/4480642069.jpg?v=1&width=800,Women > Shoes > Heels,Women > Shoes > Heels,10/09/2026,,FALSE,,20,IN STOCK,,,Nude,,,230,TRUE,TRUE,TRUE
Carvela,4017710609,4017710609,4017710609,Carvela Gala Wedge Heel Crystal And Pearl Wedge Heel,https://www.shoeaholics.com/women/shoes/heels/low-mid-heels/gala-wedge-jewel-70-white-fabric-carvela-4017710609?utm_source=display&utm_medium=programmatic&utm_campaign=performance&utm_content=rtg,"Crystal And Pearl Wedge Heel, White","Crystal And Pearl Wedge Heel, White",99.00,169.00,https://kg-static-cache.s3.amazonaws.com/catalog/product/cache/thumbnail/1622x1622/4/0/4017710609.jpg?v=1&width=800,Women > Shoes > Heels > Low-mid-heels,Women > Shoes > Heels > Low-mid-heels,10/09/2026,,FALSE,,225,IN STOCK,,,White,,,22,TRUE,TRUE,TRUE
Carvela,4529200609,4529200609,4529200609,Carvela Women's Court Heel Black Fabric Carlotta,https://www.shoeaholics.com/women/shoes/heels/low-mid-heels/corletta-court-black-fabric-carvela-4529200609?utm_source=display&utm_medium=programmatic&utm_campaign=performance&utm_content=rtg,"Womens Carvela Corletta Court Heel """", 6 Uk, Black","Womens Carvela Corletta Court Heel """", 6 Uk, Black",79.00,119.00,https://kg-static-cache.s3.amazonaws.com/catalog/product/cache/thumbnail/1622x1622/4/5/4529200609.jpg?v=1&width=800,Women > Shoes > Heels > Low-mid-heels,Women > Shoes > Heels > Low-mid-heels,10/09/2026,,FALSE,,335,IN STOCK,,,Black,,,5,TRUE,TRUE,TRUE
Carvela,4529210759,4529210759,4529210759,Carvela Women's Heels Bone Synthetic Corletta,https://www.shoeaholics.com/women/shoes/heels/low-mid-heels/corletta-court-white-satin-carvela-4529210759?utm_source=display&utm_medium=programmatic&utm_campaign=performance&utm_content=rtg,"White Satin Court Heel, White","White Satin Court Heel, White",79.00,119.00,https://kg-static-cache.s3.amazonaws.com/catalog/product/cache/thumbnail/1622x1622/4/5/4529210759.jpg?v=1&width=800,Women > Shoes > Heels > Low-mid-heels,Women > Shoes > Heels > Low-mid-heels,10/09/2026,,FALSE,,289,IN STOCK,,,White,,,13,TRUE,TRUE,TRUE
Carvela,4505010979,4505010979,4505010979,Carvela Women's Heels White Synthetic Paparazzi Block,https://www.shoeaholics.com/women/shoes/heels/low-mid-heels/paparazzi-pearl-block-white-synthetic-carvela-4505010979?utm_source=display&utm_medium=programmatic&utm_campaign=performance&utm_content=rtg,"Womens Carvela Paparazzi Pearl Block Heel """", 5 Uk, White","Womens Carvela Paparazzi Pearl Block Heel """", 5 Uk, White",119.00,139.00,https://kg-static-cache.s3.amazonaws.com/catalog/product/cache/thumbnail/1622x1622/4/5/4505010979.jpg?v=1&width=800,Women > Shoes > Heels > Low-mid-heels,Women > Shoes > Heels > Low-mid-heels,10/09/2026,,FALSE,,303,IN STOCK,,,White,,,8,TRUE,TRUE,TRUE
Carvela,4270410609,4270410609,4270410609,Carvela Women's Heels White Fabric Synthetic Gala Platform,https://www.shoeaholics.com/women/shoes/heels/high-heels/gala-platform-jewel-white-fabric-carvela-4270410609?utm_source=display&utm_medium=programmatic&utm_campaign=performance&utm_content=rtg,"Faux Pearl Crystal Platform Heel, White","Faux Pearl Crystal Platform Heel, White",119.00,169.00,https://kg-static-cache.s3.amazonaws.com/catalog/product/cache/thumbnail/1622x1622/4/2/4270410609.jpg?v=1&width=800,Women > Shoes > Heels > High-heels,Women > Shoes > Heels > High-heels,10/09/2026,,FALSE,,39,IN STOCK,,,White,,,177,TRUE,TRUE,TRUE
Carvela,4529351979,4529351979,4529351979,Carvela Women's Heel Red Dark Synthetic Carlotta,https://www.shoeaholics.com/women/shoes/heels/slingbacks/corletta-sling-court-red-dark-synthetic-carvela-4529351979?utm_source=display&utm_medium=programmatic&utm_campaign=performance&utm_content=rtg,"Dark Red Lizard Heel, Red Dark","Dark Red Lizard Heel, Red Dark",99.00,119.00,https://kg-static-cache.s3.amazonaws.com/catalog/product/cache/thumbnail/1622x1622/4/5/4529351979.jpg?v=1&width=800,Women > Shoes > Heels > Slingbacks,Women > Shoes > Heels > Slingbacks,10/09/2026,,FALSE,,103,IN STOCK,,,Red,,,112,TRUE,TRUE,TRUE
Kg Kurt Geiger,5138841979,5138841979,5138841979,Kg Kurt Geiger Tilly Heel,https://www.shoeaholics.com/women/shoes/heels/slingbacks/tilly-bone-synthetic-kg-kurt-geiger-5138841979?utm_source=display&utm_medium=programmatic&utm_campaign=performance&utm_content=rtg,"Womens Kg Kurt Geiger Tilly Heel """", 9 Uk, Bone","Womens Kg Kurt Geiger Tilly Heel """", 9 Uk, Bone",79.00,119.00,https://kg-static-cache.s3.amazonaws.com/catalog/product/cache/thumbnail/1622x1622/5/1/5138841979.jpg?v=1&width=800,Women > Shoes > Heels > Slingbacks,Women > Shoes > Heels > Slingbacks,10/09/2026,,FALSE,,211,IN STOCK,,,White,,,31,TRUE,TRUE,TRUE
Carvela,4400861979,4400861979,4400861979,Carvela Women's Heels Gold Synthetic Paparazzi,https://www.shoeaholics.com/women/shoes/heels/paparazzi-tie-gold-synthetic-carvela-4400861979?utm_source=display&utm_medium=programmatic&utm_campaign=performance&utm_content=rtg,"Womens Carvela Paparazzi Tie Heel """", 9 Uk, Gold","Womens Carvela Paparazzi Tie Heel """", 9 Uk, Gold",79.00,149.00,https://kg-static-cache.s3.amazonaws.com/catalog/product/cache/thumbnail/1622x1622/4/4/4400861979.jpg?v=1&width=800,Women > Shoes > Heels,Women > Shoes > Heels,10/09/2026,,FALSE,,34,IN STOCK,,,Metallic,,,192,TRUE,TRUE,TRUE
Kg Kurt Geiger,4477430209,4477430209,4477430209,KG Kurt Geiger Women's Heels Brown Suede Signet,https://www.shoeaholics.com/women/shoes/heels/block-heels/signet-brown-suede-kg-kurt-geiger-4477430209?utm_source=display&utm_medium=programmatic&utm_campaign=performance&utm_content=rtg,"Brown Suede Block Heel, Brown","Brown Suede Block Heel, Brown",59.00,139.00,https://kg-static-cache.s3.amazonaws.com/catalog/product/cache/thumbnail/1622x1622/4/4/4477430209.jpg?v=1&width=800,Women > Shoes > Heels > Block-heels,Women > Shoes > Heels > Block-heels,10/09/2026,,FALSE,,7,IN STOCK,,,Brown,,,303,TRUE,TRUE,TRUE
Kg Kurt Geiger,4469100829,4469100829,4469100829,KG Kurt Geiger Women's Heels Black Syntehtic Sweetie,https://www.shoeaholics.com/women/shoes/heels/sweetie-sandal-black-polyurethane-kg-kurt-geiger-4469100829?utm_source=display&utm_medium=programmatic&utm_campaign=performance&utm_content=rtg,"Womens Kg Kurt Geiger Sweetie Heeled Sandal """", 7 Uk, Black","Womens Kg Kurt Geiger Sweetie Heeled Sandal """", 7 Uk, Black",39.00,119.00,https://kg-static-cache.s3.amazonaws.com/catalog/product/cache/thumbnail/1622x1622/4/4/4469100829.jpg?v=1&width=800,Women > Shoes > Heels,Women > Shoes > Heels,10/09/2026,,FALSE,,37,IN STOCK,,,Black,,,181,TRUE,TRUE,TRUE
Carvela,4529310609,4529310609,4529310609,Carvela Corletta Sling Court Heel,https://www.shoeaholics.com/women/shoes/heels/slingbacks/corletta-sling-court-white-fabric-carvela-4529310609?utm_source=display&utm_medium=programmatic&utm_campaign=performance&utm_content=rtg,"Womens Carvela Corletta Sling Court Heel """", 8 Uk, White","Womens Carvela Corletta Sling Court Heel """", 8 Uk, White",89.00,129.00,https://kg-static-cache.s3.amazonaws.com/catalog/product/cache/thumbnail/1622x1622/4/5/4529310609.jpg?v=1&width=800,Women > Shoes > Heels > Slingbacks,Women > Shoes > Heels > Slingbacks,10/09/2026,,FALSE,,138,IN STOCK,,,White,,,86,TRUE,TRUE,TRUE
Kg Kurt Geiger,4487161069,4487161069,4487161069,KG Kurt Geiger Women's Heels Gold Synthetic Allegra,https://www.shoeaholics.com/women/shoes/heels/high-heels/allegra-gold-fabric-other-kg-kurt-geiger-4487161069?utm_source=display&utm_medium=programmatic&utm_campaign=performance&utm_content=rtg,"Gold Crystal Embellished High Heel, Gold","Gold Crystal Embellished High Heel, Gold",99.00,129.00,https://kg-static-cache.s3.amazonaws.com/catalog/product/cache/thumbnail/1622x1622/4/4/4487161069.jpg?v=1&width=800,Women > Shoes > Heels > High-heels,Women > Shoes > Heels > High-heels,10/09/2026,,FALSE,,217,IN STOCK,,,Metallic,,,27,TRUE,TRUE,TRUE
Kg Kurt Geiger,4477461829,4477461829,4477461829,KG Kurt Geiger Women's Heels Gold Synthetic Signet,https://www.shoeaholics.com/women/shoes/heels/low-mid-heels/signet-gold-polyurethane-kg-kurt-geiger-4477461829?utm_source=display&utm_medium=programmatic&utm_campaign=performance&utm_content=rtg,"Womens Kg Kurt Geiger Signet Heel """", 4 Uk, Gold","Womens Kg Kurt Geiger Signet Heel """", 4 Uk, Gold",59.00,129.00,https://kg-static-cache.s3.amazonaws.com/catalog/product/cache/thumbnail/1622x1622/4/4/4477461829.jpg?v=1&width=800,Women > Shoes > Heels > Low-mid-heels,Women > Shoes > Heels > Low-mid-heels,10/09/2026,,FALSE,,67,IN STOCK,,,Metallic,,,133,TRUE,TRUE,TRUE
Carvela,4439710609,4439710609,4439710609,Carvela Women's Heels White Other Synthetic Kianni,https://www.shoeaholics.com/women/shoes/heels/low-mid-heels/kianni-white-fabric-carvela-4439710609?utm_source=display&utm_medium=programmatic&utm_campaign=performance&utm_content=rtg,"White Fabric Heels, White","White Fabric Heels, White",89.00,129.00,https://kg-static-cache.s3.amazonaws.com/catalog/product/cache/thumbnail/1622x1622/4/4/4439710609.jpg?v=1&width=800,Women > Shoes > Heels > Low-mid-heels,Women > Shoes > Heels > Low-mid-heels,10/09/2026,,FALSE,,298,IN STOCK,,,White,,,11,TRUE,TRUE,TRUE
Carvela,2411947209,2411947209,2411947209,Carvela Women's Heels Taupe Suede Leather Sadie,https://www.shoeaholics.com/women/shoes/heels/low-mid-heels/sadie-wedge-taupe-suede-carvela-2411947209?utm_source=display&utm_medium=programmatic&utm_campaign=performance&utm_content=rtg,"Taupe Suede Wedge Heel, Taupe","Taupe Suede Wedge Heel, Taupe",69.00,129.00,https://kg-static-cache.s3.amazonaws.com/catalog/product/cache/thumbnail/1622x1622/2/4/2411947209.jpg?v=1&width=800,Women > Shoes > Heels > Low-mid-heels,Women > Shoes > Heels > Low-mid-heels,10/09/2026,,FALSE,,26,IN STOCK,,,Taupe,,,217,TRUE,TRUE,TRUE
Kg Kurt Geiger,5138850309,5138850309,5138850309,KG Kurt Geiger Women's Red Patent Tilly,https://www.shoeaholics.com/women/shoes/heels/slingbacks/tilly-red-patent-kg-kurt-geiger-5138850309?utm_source=display&utm_medium=programmatic&utm_campaign=performance&utm_content=rtg,"Womens Kg Kurt Geiger Tilly Heel """", 5 Uk, Red","Womens Kg Kurt Geiger Tilly Heel """", 5 Uk, Red",79.00,119.00,https://kg-static-cache.s3.amazonaws.com/catalog/product/cache/thumbnail/1622x1622/5/1/5138850309.jpg?v=1&width=800,Women > Shoes > Heels > Slingbacks,Women > Shoes > Heels > Slingbacks,10/09/2026,,FALSE,,241,IN STOCK,,,Red,,,18,TRUE,TRUE,TRUE
Kg Kurt Geiger,4482448309,4482448309,4482448309,KG Kurt Geiger Women's Heels Camel Patent Synthetic Adina,https://www.shoeaholics.com/women/shoes/heels/high-heels/adina-camel-patent-kg-kurt-geiger-4482448309?utm_source=display&utm_medium=programmatic&utm_campaign=performance&utm_content=rtg,"Womens Kg Kurt Geiger Adina """", 9 Uk, Camel","Womens Kg Kurt Geiger Adina """", 9 Uk, Camel",79.00,119.00,https://kg-static-cache.s3.amazonaws.com/catalog/product/cache/thumbnail/1622x1622/4/4/4482448309.jpg?v=1&width=800,Women > Shoes > Heels > High-heels,Women > Shoes > Heels > High-heels,10/09/2026,,FALSE,,221,IN STOCK,,,Tan,,,25,TRUE,TRUE,TRUE
Kg Kurt Geiger,5213600069,5213600069,5213600069,KG Kurt Geiger Women's Heels Black Synthetic Fabric Sweetie,https://www.shoeaholics.com/women/shoes/heels/low-mid-heels/sweetie-sandal-gem-black-fabric-other-kg-kurt-geiger-5213600069?utm_source=display&utm_medium=programmatic&utm_campaign=performance&utm_content=rtg,"Womens Kg Kurt Geiger Sweetie Sandal Gem """", 8 Uk, Black","Womens Kg Kurt Geiger Sweetie Sandal Gem """", 8 Uk, Black",49.00,139.00,https://kg-static-cache.s3.amazonaws.com/catalog/product/cache/thumbnail/1622x1622/5/2/5213600069.jpg?v=1&width=800,Women > Shoes > Heels > Low-mid-heels,Women > Shoes > Heels > Low-mid-heels,10/09/2026,,FALSE,,6,IN STOCK,,,Black,,,308,TRUE,TRUE,TRUE
Carvela,4418510609,4418510609,4418510609,Carvela Women's Heels White Fabric Alina Sling,https://www.shoeaholics.com/women/shoes/heels/slingbacks/alina-sling-white-fabric-carvela-4418510609?utm_source=display&utm_medium=programmatic&utm_campaign=performance&utm_content=rtg,"Pearl Crystal Slingback Heel, White","Pearl Crystal Slingback Heel, White",99.00,129.00,https://kg-static-cache.s3.amazonaws.com/catalog/product/cache/thumbnail/1622x1622/4/4/4418510609.jpg?v=1&width=800,Women > Shoes > Heels > Slingbacks,Women > Shoes > Heels > Slingbacks,10/09/2026,,FALSE,,42,IN STOCK,,,White,,,167,TRUE,TRUE,TRUE
Kurt Geiger London,3972535209,3972535209,3972535209,Kurt Geiger London Shoreditch Platform Court,https://www.shoeaholics.com/women/shoes/heels/high-heels/shoreditch-platform-court-dark-brown-combination-suede-kurt-geiger-london-3972535209?utm_source=display&utm_medium=programmatic&utm_campaign=performance&utm_content=rtg,"Womens Kurt Geiger London Shoreditch Platform Court """", 8 Uk, Dark Brown Combination","Womens Kurt Geiger London Shoreditch Platform Court """", 8 Uk, Dark Brown Combination",59.00,199.00,https://kg-static-cache.s3.amazonaws.com/catalog/product/cache/thumbnail/1622x1622/3/9/3972535209.jpg?v=1&width=800,Women > Shoes > Heels > High-heels,Women > Shoes > Heels > High-heels,10/09/2026,,FALSE,,21,IN STOCK,,,Brown,,,226,TRUE,TRUE,TRUE
Kurt Geiger London,3871730419,3871730419,3871730419,Kurt Geiger Women's Heels Brown Croc Leather Mayfair,https://www.shoeaholics.com/women/shoes/heels/high-heels/kgl-mayfair-sling-sm-egl-brown-croc-print-leather-kurt-geiger-london-3871730419?utm_source=display&utm_medium=programmatic&utm_campaign=performance&utm_content=rtg,"Croc Brown Slingback Heel, Brown","Croc Brown Slingback Heel, Brown",129.00,199.00,https://kg-static-cache.s3.amazonaws.com/catalog/product/cache/thumbnail/1622x1622/3/8/3871730419.jpg?v=1&width=800,Women > Shoes > Heels > High-heels,Women > Shoes > Heels > High-heels,10/09/2026,,FALSE,,53,IN STOCK,,,Brown,,,150,TRUE,TRUE,TRUE
Carvela,4524330609,4524330609,4524330609,Carvela Women's Block Heel Brown Fabric Other Divine,https://www.shoeaholics.com/women/shoes/heels/low-mid-heels/divine-block-brown-fabric-carvela-4524330609?utm_source=display&utm_medium=programmatic&utm_campaign=performance&utm_content=rtg,"Womens Carvela Divine Block Heel """", 4 Uk, Brown","Womens Carvela Divine Block Heel """", 4 Uk, Brown",39.00,139.00,https://kg-static-cache.s3.amazonaws.com/catalog/product/cache/thumbnail/1622x1622/4/5/4524330609.jpg?v=1&width=800,Women > Shoes > Heels > Low-mid-heels,Women > Shoes > Heels > Low-mid-heels,10/09/2026,,FALSE,,6,IN STOCK,,,Brown,,,309,TRUE,TRUE,TRUE
Kg Kurt Geiger,5137805069,5137805069,5137805069,Kurt Geiger Women's Heels Black Combination Synthetic Adina Gem*,https://www.shoeaholics.com/women/shoes/heels/high-heels/adina-gem-black-combination-fabric-other-kg-kurt-geiger-5137805069?utm_source=display&utm_medium=programmatic&utm_campaign=performance&utm_content=rtg,"Black Crystal Court Heel, Black","Black Crystal Court Heel, Black",99.00,129.00,https://kg-static-cache.s3.amazonaws.com/catalog/product/cache/thumbnail/1622x1622/5/1/5137805069.jpg?v=1&width=800,Women > Shoes > Heels > High-heels,Women > Shoes > Heels > High-heels,10/09/2026,,FALSE,,169,IN STOCK,,,Black,,,61,TRUE,TRUE,TRUE
Kg Kurt Geiger,4229315609,4229315609,4229315609,KG Kurt Geiger Women's Heels White Combination Aria Low,https://www.shoeaholics.com/women/shoes/heels/slingbacks/aria-low2-white-comb-fabric-kg-kurt-geiger-4229315609?utm_source=display&utm_medium=programmatic&utm_campaign=performance&utm_content=rtg,"Womens Kg Kurt Geiger Aria Low Heel """", 4 Uk, White Comb","Womens Kg Kurt Geiger Aria Low Heel """", 4 Uk, White Comb",99.00,129.00,https://kg-static-cache.s3.amazonaws.com/catalog/product/cache/thumbnail/1622x1622/4/2/4229315609.jpg?v=1&width=800,Women > Shoes > Heels > Slingbacks,Women > Shoes > Heels > Slingbacks,10/09/2026,,FALSE,,33,IN STOCK,,,White,,,194,TRUE,TRUE,TRUE
Carvela,4529330609,4529330609,4529330609,Carvela Women's Heels Brown Fabric Carlotta,https://www.shoeaholics.com/women/shoes/heels/slingbacks/corletta-sling-court-brown-fabric-carvela-4529330609?utm_source=display&utm_medium=programmatic&utm_campaign=performance&utm_content=rtg,"Brown Microsuede Slingback Heel, Brown","Brown Microsuede Slingback Heel, Brown",99.00,129.00,https://kg-static-cache.s3.amazonaws.com/catalog/product/cache/thumbnail/1622x1622/4/5/4529330609.jpg?v=1&width=800,Women > Shoes > Heels > Slingbacks,Women > Shoes > Heels > Slingbacks,10/09/2026,,FALSE,,147,IN STOCK,,,Brown,,,80,TRUE,TRUE,TRUE
Kurt Geiger London,5087041609,5087041609,5087041609,Kurt Geiger Women's Heels Bone Fabric Park Lane,https://www.shoeaholics.com/women/shoes/heels/high-heels/park-lane-bone-fabric-kurt-geiger-london-5087041609?utm_source=display&utm_medium=programmatic&utm_campaign=performance&utm_content=rtg,"Silver High Heel, Bone","Silver High Heel, Bone",39.00,159.00,https://kg-static-cache.s3.amazonaws.com/catalog/product/cache/thumbnail/1622x1622/5/0/5087041609.jpg?v=1&width=800,Women > Shoes > Heels > High-heels,Women > Shoes > Heels > High-heels,10/09/2026,,FALSE,,40,IN STOCK,,,White,,,175,TRUE,TRUE,TRUE
Carvela,5134600069,5134600069,5134600069,Carvela Women's Heels Black Synthetic Occasion Sonata,https://www.shoeaholics.com/women/shoes/heels/block-heels/sonata-platform-black-fabric-other-carvela-5134600069?utm_source=display&utm_medium=programmatic&utm_campaign=performance&utm_content=rtg,"Black Crystal Platform Heel, Black","Black Crystal Platform Heel, Black",69.00,149.00,https://kg-static-cache.s3.amazonaws.com/catalog/product/cache/thumbnail/1622x1622/5/1/5134600069.jpg?v=1&width=800,Women > Shoes > Heels > Block-heels,Women > Shoes > Heels > Block-heels,10/09/2026,,FALSE,,132,IN STOCK,,,Black,,,91,TRUE,TRUE,TRUE
Carvela,4524310609,4524310609,4524310609,Carvela Women's Block Heel Fabric Divine Block,https://www.shoeaholics.com/women/shoes/heels/low-mid-heels/divine-block-white-fabric-carvela-4524310609?utm_source=display&utm_medium=programmatic&utm_campaign=performance&utm_content=rtg,"White Pearl Fabric Block Heel, White","White Pearl Fabric Block Heel, White",89.00,139.00,https://kg-static-cache.s3.amazonaws.com/catalog/product/cache/thumbnail/1622x1622/4/5/4524310609.jpg?v=1&width=800,Women > Shoes > Heels > Low-mid-heels,Women > Shoes > Heels > Low-mid-heels,10/09/2026,,FALSE,,129,IN STOCK,,,White,,,96,TRUE,TRUE,TRUE
Carvela,5214361979,5214361979,5214361979,Carvela Women's Heels Gold Wide Fit Synthetic Paparazzi,https://www.shoeaholics.com/women/shoes/heels/paparazzi-wide-fit-gold-synthetic-carvela-5214361979?utm_source=display&utm_medium=programmatic&utm_campaign=performance&utm_content=rtg,"Womens Carvela Paparazzi Wide Fit Heel """", 9 Uk, Gold","Womens Carvela Paparazzi Wide Fit Heel """", 9 Uk, Gold",39.00,139.00,https://kg-static-cache.s3.amazonaws.com/catalog/product/cache/thumbnail/1622x1622/5/2/5214361979.jpg?v=1&width=800,Women > Shoes > Heels,Women > Shoes > Heels,10/09/2026,,FALSE,,37,IN STOCK,,,Metallic,,,182,TRUE,TRUE,TRUE
Kg Kurt Geiger,5135662069,5135662069,5135662069,KG Kurt Geiger Women's Heels Pewter Fabric Other Synthetic Fleur,https://www.shoeaholics.com/women/shoes/heels/high-heels/fleur-court-pewter-fabric-other-kg-kurt-geiger-5135662069?utm_source=display&utm_medium=programmatic&utm_campaign=performance&utm_content=rtg,"Metallic Grey Heel, Pewter","Metallic Grey Heel, Pewter",79.00,139.00,https://kg-static-cache.s3.amazonaws.com/catalog/product/cache/thumbnail/1622x1622/5/1/5135662069.jpg?v=1&width=800,Women > Shoes > Heels > High-heels,Women > Shoes > Heels > High-heels,10/09/2026,,FALSE,,62,IN STOCK,,,Metallic,,,138,TRUE,TRUE,TRUE
Kg Kurt Geiger,5138844069,5138844069,5138844069,KG Kurt Geiger Women's Bone Combination Fabric Other Tilly,https://www.shoeaholics.com/women/shoes/heels/low-mid-heels/tilly-bone-combination-fabric-other-kg-kurt-geiger-5138844069?utm_source=display&utm_medium=programmatic&utm_campaign=performance&utm_content=rtg,"Faux Pearl Bone Fabric Slingback Heel, Bone Combination","Faux Pearl Bone Fabric Slingback Heel, Bone Combination",79.00,119.00,https://kg-static-cache.s3.amazonaws.com/catalog/product/cache/thumbnail/1622x1622/5/1/5138844069.jpg?v=1&width=800,Women > Shoes > Heels > Low-mid-heels,Women > Shoes > Heels > Low-mid-heels,10/09/2026,,FALSE,,139,IN STOCK,,,White,,,85,TRUE,TRUE,TRUE
Carvela,5134300069,5134300069,5134300069,Carvela Women's Heels Black Fabric Synthetic Venezia,https://www.shoeaholics.com/women/shoes/heels/high-heels/venezia-sandal-black-fabric-other-carvela-5134300069?utm_source=display&utm_medium=programmatic&utm_campaign=performance&utm_content=rtg,"Black Crystal Fabric Sandal, Black","Black Crystal Fabric Sandal, Black",29.00,129.00,https://kg-static-cache.s3.amazonaws.com/catalog/product/cache/thumbnail/1622x1622/5/1/5134300069.jpg?v=1&width=800,Women > Shoes > Heels > High-heels,Women > Shoes > Heels > High-heels,10/09/2026,,FALSE,,15,IN STOCK,,,Black,,,251,TRUE,TRUE,TRUE
Kg Kurt Geiger,4480631069,4480631069,4480631069,Kurt Geiger Women's Heels Dark Brown Fabric Athena,https://www.shoeaholics.com/women/shoes/heels/high-heels/athena-dark-brown-fabric-other-kg-kurt-geiger-4480631069?utm_source=display&utm_medium=programmatic&utm_campaign=performance&utm_content=rtg,"Womens Kg Kurt Geiger Athena Heel """", 5 Uk, Dark Brown","Womens Kg Kurt Geiger Athena Heel """", 5 Uk, Dark Brown",99.00,149.00,https://kg-static-cache.s3.amazonaws.com/catalog/product/cache/thumbnail/1622x1622/4/4/4480631069.jpg?v=1&width=800,Women > Shoes > Heels > High-heels,Women > Shoes > Heels > High-heels,10/09/2026,,FALSE,,159,IN STOCK,,,Brown,,,73,TRUE,TRUE,TRUE
Carvela,4529369589,4529369589,4529369589,Carvela Women's Heels Multi Other Pony Corletta Sling,https://www.shoeaholics.com/women/shoes/heels/slingbacks/corletta-sling-court-multi-other-pony-carvela-4529369589?utm_source=display&utm_medium=programmatic&utm_campaign=performance&utm_content=rtg,"Womens Carvela Corletta Sling Court Heel """", 6 Uk","Womens Carvela Corletta Sling Court Heel """", 6 Uk",99.00,139.00,https://kg-static-cache.s3.amazonaws.com/catalog/product/cache/thumbnail/1622x1622/4/5/4529369589.jpg?v=1&width=800,Women > Shoes > Heels > Slingbacks,Women > Shoes > Heels > Slingbacks,10/09/2026,,FALSE,,99,IN STOCK,,,,,,113,TRUE,TRUE,TRUE
Carvela,5199830609,5199830609,5199830609,Carvela Women's Heels Brown Synthetic Corletta,https://www.shoeaholics.com/women/shoes/heels/slingbacks/corletta-sling-jewel-brown-fabric-carvela-5199830609?utm_source=display&utm_medium=programmatic&utm_campaign=performance&utm_content=rtg,"Womens Carvela Corletta Sling Back Heel """", 6 Uk, Brown","Womens Carvela Corletta Sling Back Heel """", 6 Uk, Brown",89.00,129.00,https://kg-static-cache.s3.amazonaws.com/catalog/product/cache/thumbnail/1622x1622/5/1/5199830609.jpg?v=1&width=800,Women > Shoes > Heels > Slingbacks,Women > Shoes > Heels > Slingbacks,10/09/2026,,FALSE,,132,IN STOCK,,,Brown,,,92,TRUE,TRUE,TRUE
Kg Kurt Geiger,5135666069,5135666069,5135666069,KG Kurt Geiger Women's Heels Gold Combination Fleur Court,https://www.shoeaholics.com/women/shoes/heels/high-heels/fleur-court-gold-combination-fabric-other-kg-kurt-geiger-5135666069?utm_source=display&utm_medium=programmatic&utm_campaign=performance&utm_content=rtg,"Gold Metallic Fabric Heel, Gold Combination","Gold Metallic Fabric Heel, Gold Combination",139.00,139.00,https://kg-static-cache.s3.amazonaws.com/catalog/product/cache/thumbnail/1622x1622/5/1/5135666069.jpg?v=1&width=800,Women > Shoes > Heels > High-heels,Women > Shoes > Heels > High-heels,10/09/2026,,FALSE,,119,IN STOCK,,,Metallic,,,100,TRUE,TRUE,FALSE
Kg Kurt Geiger,4482498829,4482498829,4482498829,KG Kurt Geiger Women's Heels Pink Synthetic Adina,https://www.shoeaholics.com/women/shoes/heels/slingbacks/adina-pink-polyurethane-kg-kurt-geiger-4482498829?utm_source=display&utm_medium=programmatic&utm_campaign=performance&utm_content=rtg,"Salmon Patent Slingback Heel, Pink","Salmon Patent Slingback Heel, Pink",49.00,119.00,https://kg-static-cache.s3.amazonaws.com/catalog/product/cache/thumbnail/1622x1622/4/4/4482498829.jpg?v=1&width=800,Women > Shoes > Heels > Slingbacks,Women > Shoes > Heels > Slingbacks,10/09/2026,,FALSE,,21,IN STOCK,,,Pink,,,227,TRUE,TRUE,TRUE
Kg Kurt Geiger,4482454829,4482454829,4482454829,KG Kurt Geiger Women's Heels Purple Patent Synthetic Adina,https://www.shoeaholics.com/women/shoes/heels/high-heels/adina-wine-polyurethane-kg-kurt-geiger-4482454829?utm_source=display&utm_medium=programmatic&utm_campaign=performance&utm_content=rtg,"Wine Patent Slingback Heel, Wine","Wine Patent Slingback Heel, Wine",89.00,119.00,https://kg-static-cache.s3.amazonaws.com/catalog/product/cache/thumbnail/1622x1622/4/4/4482454829.jpg?v=1&width=800,Women > Shoes > Heels > High-heels,Women > Shoes > Heels > High-heels,10/09/2026,,FALSE,,40,IN STOCK,,,Red,,,176,TRUE,TRUE,TRUE
Kg Kurt Geiger,4480662069,4480662069,4480662069,Kg Kurt Geiger Athena,https://www.shoeaholics.com/women/shoes/heels/high-heels/athena-pewter-fabric-other-kg-kurt-geiger-4480662069?utm_source=display&utm_medium=programmatic&utm_campaign=performance&utm_content=rtg,"Womens Kg Kurt Geiger Athena """", 5 Uk, Pewter","Womens Kg Kurt Geiger Athena """", 5 Uk, Pewter",99.00,139.00,https://kg-static-cache.s3.amazonaws.com/catalog/product/cache/thumbnail/1622x1622/4/4/4480662069.jpg?v=1&width=800,Women > Shoes > Heels > High-heels,Women > Shoes > Heels > High-heels,10/09/2026,,FALSE,,318,IN STOCK,,,Metallic,,,7,TRUE,TRUE,TRUE
Kg Kurt Geiger,5135644069,5135644069,5135644069,KG Kurt Geiger Women's Heels Bone Combination Fabric Other Fleur,https://www.shoeaholics.com/women/shoes/heels/high-heels/fleur-court-bone-combination-fabric-other-kg-kurt-geiger-5135644069?utm_source=display&utm_medium=programmatic&utm_campaign=performance&utm_content=rtg,"Pearl High Heels, Bone Combination","Pearl High Heels, Bone Combination",99.00,139.00,https://kg-static-cache.s3.amazonaws.com/catalog/product/cache/thumbnail/1622x1622/5/1/5135644069.jpg?v=1&width=800,Women > Shoes > Heels > High-heels,Women > Shoes > Heels > High-heels,10/09/2026,,FALSE,,14,IN STOCK,,,White,,,257,TRUE,TRUE,TRUE
Carvela,5134661069,5134661069,5134661069,Carvela Women's Heels Bone Synthetic Sonata,https://www.shoeaholics.com/women/shoes/heels/block-heels/sonata-platform-gold-fabric-other-carvela-5134661069?utm_source=display&utm_medium=programmatic&utm_campaign=performance&utm_content=rtg,"Gold Crystal Platform Heel, Gold","Gold Crystal Platform Heel, Gold",69.00,149.00,https://kg-static-cache.s3.amazonaws.com/catalog/product/cache/thumbnail/1622x1622/5/1/5134661069.jpg?v=1&width=800,Women > Shoes > Heels > Block-heels,Women > Shoes > Heels > Block-heels,10/09/2026,,FALSE,,62,IN STOCK,,,Metallic,,,139,TRUE,TRUE,TRUE
Carvela,4400810979,4400810979,4400810979,Carvela Women's Heels White Synthetic Paparazzi,https://www.shoeaholics.com/women/shoes/heels/paparazzi-tie-white-synthetic-carvela-4400810979?utm_source=display&utm_medium=programmatic&utm_campaign=performance&utm_content=rtg,"Pearl Crystal Tie Heel, White","Pearl Crystal Tie Heel, White",39.00,149.00,https://kg-static-cache.s3.amazonaws.com/catalog/product/cache/thumbnail/1622x1622/4/4/4400810979.jpg?v=1&width=800,Women > Shoes > Heels,Women > Shoes > Heels,10/09/2026,,FALSE,,19,IN STOCK,,,White,,,235,TRUE,TRUE,TRUE
Kg Kurt Geiger,5135300789,5135300789,5135300789,KG Kurt Geiger Women's Heels Velvet Synthetic Tilly Bow,https://www.shoeaholics.com/women/shoes/heels/slingbacks/tilly-bow-black-velvet-kg-kurt-geiger-5135300789?utm_source=display&utm_medium=programmatic&utm_campaign=performance&utm_content=rtg,"Black Velvet Slingback Heel, Black","Black Velvet Slingback Heel, Black",49.00,129.00,https://kg-static-cache.s3.amazonaws.com/catalog/product/cache/thumbnail/1622x1622/5/1/5135300789.jpg?v=1&width=800,Women > Shoes > Heels > Slingbacks,Women > Shoes > Heels > Slingbacks,10/09/2026,,FALSE,,17,IN STOCK,,,Black,,,241,TRUE,TRUE,TRUE
Carvela,4400800979,4400800979,4400800979,Carvela Women's Tie Heel Black Synthetic Paparazzi Tie,https://www.shoeaholics.com/women/shoes/heels/paparazzi-tie-black-synthetic-carvela-4400800979?utm_source=display&utm_medium=programmatic&utm_campaign=performance&utm_content=rtg,"Womens Carvela Paparazzi Tie Heel """", 9 Uk, Black","Womens Carvela Paparazzi Tie Heel """", 9 Uk, Black",39.00,149.00,https://kg-static-cache.s3.amazonaws.com/catalog/product/cache/thumbnail/1622x1622/4/4/4400800979.jpg?v=1&width=800,Women > Shoes > Heels,Women > Shoes > Heels,10/09/2026,,FALSE,,9,IN STOCK,,,Black,,,281,TRUE,TRUE,TRUE
Carvela,4529209609,4529209609,4529209609,Carvela women's Court Heel Black Other Fabric Corletta,https://www.shoeaholics.com/women/shoes/heels/high-heels/corletta-court-black-other-fabric-carvela-4529209609?utm_source=display&utm_medium=programmatic&utm_campaign=performance&utm_content=rtg,"Womens Carvela Corletta Court """", 5 Uk","Womens Carvela Corletta Court """", 5 Uk",89.00,119.00,https://kg-static-cache.s3.amazonaws.com/catalog/product/cache/thumbnail/1622x1622/4/5/4529209609.jpg?v=1&width=800,Women > Shoes > Heels > High-heels,Women > Shoes > Heels > High-heels,10/09/2026,,FALSE,,156,IN STOCK,,,,,,74,TRUE,TRUE,TRUE
Kurt Geiger London,5092669789,5092669789,5092669789,Kurt Geiger Women's Heels Multi Other Synthetic Bloom Mule,https://www.shoeaholics.com/women/shoes/heels/high-heels/bloom-mule-multiother-velvet-kurt-geiger-london-5092669789?utm_source=display&utm_medium=programmatic&utm_campaign=performance&utm_content=rtg,Velvet Rainbow Mule Heel,Velvet Rainbow Mule Heel,49.00,189.00,https://kg-static-cache.s3.amazonaws.com/catalog/product/cache/thumbnail/1622x1622/5/0/5092669789.jpg?v=1&width=800,Women > Shoes > Heels > High-heels,Women > Shoes > Heels > High-heels,10/09/2026,,FALSE,,39,IN STOCK,,,,,,178,TRUE,TRUE,TRUE
Kurt Geiger London,3871700139,3871700139,3871700139,Kurt Geiger Women's Heels Black Leather Mayfair,https://www.shoeaholics.com/women/shoes/heels/high-heels/kgl-mayfair-sling-sm-egl-black-leather-patent-kurt-geiger-london-3871700139?utm_source=display&utm_medium=programmatic&utm_campaign=performance&utm_content=rtg,"Womens Kurt Geiger London Kgl Mayfair Sling Sm Egl """", 5 Uk, Black","Womens Kurt Geiger London Kgl Mayfair Sling Sm Egl """", 5 Uk, Black",129.00,199.00,https://kg-static-cache.s3.amazonaws.com/catalog/product/cache/thumbnail/1622x1622/3/8/3871700139.jpg?v=1&width=800,Women > Shoes > Heels > High-heels,Women > Shoes > Heels > High-heels,10/09/2026,,FALSE,,123,IN STOCK,,,Black,,,98,TRUE,TRUE,TRUE
Carvela,2643900979,2643900979,2643900979,Carvela Women's Heel Black Synthetic Sadie 2,https://www.shoeaholics.com/women/shoes/heels/block-heels/sadie-2-black-synthetic-carvela-2643900979?utm_source=display&utm_medium=programmatic&utm_campaign=performance&utm_content=rtg,"Black Block Heel, Black","Black Block Heel, Black",99.00,129.00,https://kg-static-cache.s3.amazonaws.com/catalog/product/cache/thumbnail/1622x1622/2/6/2643900979.jpg?v=1&width=800,Women > Shoes > Heels > Block-heels,Women > Shoes > Heels > Block-heels,10/09/2026,,FALSE,,56,IN STOCK,,,Black,,,144,TRUE,TRUE,TRUE
Carvela,2424763979,2424763979,2424763979,Carvela Women's Heels Silver Synthetic Gala Block Jewel,https://www.shoeaholics.com/women/shoes/heels/low-mid-heels/gala-block-jewel-60-silver-synthetic-carvela-2424763979?utm_source=display&utm_medium=programmatic&utm_campaign=performance&utm_content=rtg,"Silver Slingback Heel, Silver","Silver Slingback Heel, Silver",49.00,159.00,https://kg-static-cache.s3.amazonaws.com/catalog/product/cache/thumbnail/1622x1622/2/4/2424763979.jpg?v=1&width=800,Women > Shoes > Heels > Low-mid-heels,Women > Shoes > Heels > Low-mid-heels,10/09/2026,,FALSE,,35,IN STOCK,,,Metallic,,,188,TRUE,TRUE,TRUE
Kg Kurt Geiger,3842530979,3842530979,3842530979,KG Kurt Geiger Women's Heels Brown Synthetic Fancy,https://www.shoeaholics.com/women/shoes/heels/fancy-brown-synthetic-kg-kurt-geiger-3842530979?utm_source=display&utm_medium=programmatic&utm_campaign=performance&utm_content=rtg,"Brown Crystal High Heel, Brown","Brown Crystal High Heel, Brown",79.00,139.00,https://kg-static-cache.s3.amazonaws.com/catalog/product/cache/thumbnail/1622x1622/3/8/3842530979.jpg?v=1&width=800,Women > Shoes > Heels,Women > Shoes > Heels,10/09/2026,,FALSE,,21,IN STOCK,,,Brown,,,228,TRUE,TRUE,TRUE
Kg Kurt Geiger,3842541979,3842541979,3842541979,KG Kurt Geiger Women's Heels Bone Synthetic Fancy,https://www.shoeaholics.com/women/shoes/heels/fancy-bone-synthetic-kg-kurt-geiger-3842541979?utm_source=display&utm_medium=programmatic&utm_campaign=performance&utm_content=rtg,"Bone High Heel, Bone","Bone High Heel, Bone",69.00,139.00,https://kg-static-cache.s3.amazonaws.com/catalog/product/cache/thumbnail/1622x1622/3/8/3842541979.jpg?v=1&width=800,Women > Shoes > Heels,Women > Shoes > Heels,10/09/2026,,FALSE,,15,IN STOCK,,,White,,,252,TRUE,TRUE,TRUE
Carvela,2643663979,2643663979,2643663979,Carvela Women's Heels Silver Synthetic Shine Court,https://www.shoeaholics.com/women/shoes/heels/low-mid-heels/shine-court-silver-synthetic-carvela-2643663979?utm_source=display&utm_medium=programmatic&utm_campaign=performance&utm_content=rtg,"Silver Crystal Heels, Silver","Silver Crystal Heels, Silver",79.00,129.00,https://kg-static-cache.s3.amazonaws.com/catalog/product/cache/thumbnail/1622x1622/2/6/2643663979.jpg?v=1&width=800,Women > Shoes > Heels > Low-mid-heels,Women > Shoes > Heels > Low-mid-heels,10/09/2026,,FALSE,,83,IN STOCK,,,Metallic,,,124,TRUE,TRUE,TRUE
Carvela,9297400979,9297400979,9297400979,Kurt Geiger Women's Heels Black Synthetic Refined Court,https://www.shoeaholics.com/women/shoes/heels/high-heels/refined-court-black-synthetic-carvela-9297400979?utm_source=display&utm_medium=programmatic&utm_campaign=performance&utm_content=rtg,"Womens Carvela Refined Court Heel """", 5 Uk, Black","Womens Carvela Refined Court Heel """", 5 Uk, Black",79.00,99.00,https://kg-static-cache.s3.amazonaws.com/catalog/product/cache/thumbnail/1622x1622/9/2/9297400979.jpg?v=1&width=800,Women > Shoes > Heels > High-heels,Women > Shoes > Heels > High-heels,10/09/2026,,FALSE,,119,IN STOCK,,,Black,,,101,TRUE,TRUE,TRUE
Carvela,3729230609,3729230609,3729230609,Carvela Kianni Heel Brown Satin Crystal Block Heel,https://www.shoeaholics.com/women/shoes/heels/low-mid-heels/kianni-brown-fabric-carvela-3729230609?utm_source=display&utm_medium=programmatic&utm_campaign=performance&utm_content=rtg,"Brown Satin Crystal Block Heel, Brown","Brown Satin Crystal Block Heel, Brown",39.00,129.00,https://kg-static-cache.s3.amazonaws.com/catalog/product/cache/thumbnail/1622x1622/3/7/3729230609.jpg?v=1&width=800,Women > Shoes > Heels > Low-mid-heels,Women > Shoes > Heels > Low-mid-heels,10/09/2026,,FALSE,,16,IN STOCK,,,Brown,,,246,TRUE,TRUE,TRUE
Carvela,2424754979,2424754979,2424754979,Carvela Gala 60 Jewel Block Heel Wine Crystal Slingback Heel,https://www.shoeaholics.com/women/shoes/heels/low-mid-heels/gala-block-jewel-60-wine-synthetic-carvela-2424754979?utm_source=display&utm_medium=programmatic&utm_campaign=performance&utm_content=rtg,"Wine Crystal Slingback Heel, Wine","Wine Crystal Slingback Heel, Wine",39.00,159.00,https://kg-static-cache.s3.amazonaws.com/catalog/product/cache/thumbnail/1622x1622/2/4/2424754979.jpg?v=1&width=800,Women > Shoes > Heels > Low-mid-heels,Women > Shoes > Heels > Low-mid-heels,10/09/2026,,FALSE,,9,IN STOCK,,,Red,,,282,TRUE,TRUE,TRUE
Carvela,2425810609,2425810609,2425810609,Carvela Women's Heel White Fabric Synthetic Gala,https://www.shoeaholics.com/women/shoes/heels/high-heels/gala-wedge-jewel-110-white-fabric-carvela-2425810609?utm_source=display&utm_medium=programmatic&utm_campaign=performance&utm_content=rtg,"Gala Wedge Heel, White","Gala Wedge Heel, White",99.00,169.00,https://kg-static-cache.s3.amazonaws.com/catalog/product/cache/thumbnail/1622x1622/2/4/2425810609.jpg?v=1&width=800,Women > Shoes > Heels > High-heels,Women > Shoes > Heels > High-heels,10/09/2026,,FALSE,,154,IN STOCK,,,White,,,75,TRUE,TRUE,TRUE
Carvela,2643961979,2643961979,2643961979,Carvela Women's Heels Gold Synthetic Sadie,https://www.shoeaholics.com/women/shoes/heels/low-mid-heels/sadie-2-gold-synthetic-carvela-2643961979?utm_source=display&utm_medium=programmatic&utm_campaign=performance&utm_content=rtg,"Gold Block Heel, Gold","Gold Block Heel, Gold",89.00,129.00,https://kg-static-cache.s3.amazonaws.com/catalog/product/cache/thumbnail/1622x1622/2/6/2643961979.jpg?v=1&width=800,Women > Shoes > Heels > Low-mid-heels,Women > Shoes > Heels > Low-mid-heels,10/09/2026,,FALSE,,90,IN STOCK,,,Metallic,,,119,TRUE,TRUE,TRUE
Carvela,2360680609,2360680609,2360680609,Carvela Women's Heels Blue Syntethic Spiral,https://www.shoeaholics.com/women/shoes/heels/spiral-105-blue-fabric-carvela-2360680609?utm_source=display&utm_medium=programmatic&utm_campaign=performance&utm_content=rtg,"Blue Crystal Spiral Heel, Blue","Blue Crystal Spiral Heel, Blue",69.00,149.00,https://kg-static-cache.s3.amazonaws.com/catalog/product/cache/thumbnail/1622x1622/2/3/2360680609.jpg?v=1&width=800,Women > Shoes > Heels,Women > Shoes > Heels,10/09/2026,,FALSE,,15,IN STOCK,,,Blue,,,253,TRUE,TRUE,TRUE
Carvela,2424710609,2424710609,2424710609,Carvela Women's Heels White Fabric Synthetic Gala,https://www.shoeaholics.com/women/shoes/heels/low-mid-heels/gala-block-jewel-60-white-fabric-carvela-2424710609?utm_source=display&utm_medium=programmatic&utm_campaign=performance&utm_content=rtg,"Womens Carvela Gala 60 Block Jewel Heel """", 3 Uk, White","Womens Carvela Gala 60 Block Jewel Heel """", 3 Uk, White",99.00,159.00,https://kg-static-cache.s3.amazonaws.com/catalog/product/cache/thumbnail/1622x1622/2/4/2424710609.jpg?v=1&width=800,Women > Shoes > Heels > Low-mid-heels,Women > Shoes > Heels > Low-mid-heels,10/09/2026,,FALSE,,55,IN STOCK,,,White,,,145,TRUE,TRUE,TRUE
Carvela,9297450409,9297450409,9297450409,Carvela Women's Heels Red Croc Synthetic Refined,https://www.shoeaholics.com/women/shoes/heels/high-heels/refined-court-red-croc-print-carvela-9297450409?utm_source=display&utm_medium=programmatic&utm_campaign=performance&utm_content=rtg,"Dark Red Croc Embossed Heel, Red","Dark Red Croc Embossed Heel, Red",89.00,99.00,https://kg-static-cache.s3.amazonaws.com/catalog/product/cache/thumbnail/1622x1622/9/2/9297450409.jpg?v=1&width=800,Women > Shoes > Heels > High-heels,Women > Shoes > Heels > High-heels,10/09/2026,,FALSE,,193,IN STOCK,,,Red,,,41,TRUE,TRUE,TRUE
Carvela,9843747609,9843747609,9843747609,Carvela Women's Heels Taupe Fabric Synthetic Symmetry,https://www.shoeaholics.com/women/shoes/heels/low-mid-heels/symmetry-court-taupe-fabric-carvela-9843747609?utm_source=display&utm_medium=programmatic&utm_campaign=performance&utm_content=rtg,"Womens Carvela Symmetry Court Heel """", 8 Uk, Taupe","Womens Carvela Symmetry Court Heel """", 8 Uk, Taupe",39.00,119.00,https://kg-static-cache.s3.amazonaws.com/catalog/product/cache/thumbnail/1622x1622/9/8/9843747609.jpg?v=1&width=800,Women > Shoes > Heels > Low-mid-heels,Women > Shoes > Heels > Low-mid-heels,10/09/2026,,FALSE,,11,IN STOCK,,,Taupe,,,270,TRUE,TRUE,TRUE
Carvela,9297400409,9297400409,9297400409,Carvela Women's Heels Black Synthetic Refined,https://www.shoeaholics.com/women/shoes/heels/low-mid-heels/refined-court-black-croc-print-carvela-9297400409?utm_source=display&utm_medium=programmatic&utm_campaign=performance&utm_content=rtg,"Black Croc Block Heels, Black","Black Croc Block Heels, Black",79.00,99.00,https://kg-static-cache.s3.amazonaws.com/catalog/product/cache/thumbnail/1622x1622/9/2/9297400409.jpg?v=1&width=800,Women > Shoes > Heels > Low-mid-heels,Women > Shoes > Heels > Low-mid-heels,10/09/2026,,FALSE,,148,IN STOCK,,,Black,,,77,TRUE,TRUE,TRUE
Carvela,5265200609,5265200609,5265200609,Carvela Corletta Wide Fit Sling Back Heel Black Microsuede Heel,https://www.shoeaholics.com/women/shoes/heels/slingbacks/corletta-sling-wide-fit-black-fabric-carvela-5265200609?utm_source=display&utm_medium=programmatic&utm_campaign=performance&utm_content=rtg,"Black Microsuede Heel, Black","Black Microsuede Heel, Black",119.00,119.00,https://kg-static-cache.s3.amazonaws.com/catalog/product/cache/thumbnail/1622x1622/5/2/5265200609.jpg?v=1&width=800,Women > Shoes > Heels > Slingbacks,Women > Shoes > Heels > Slingbacks,10/09/2026,,FALSE,,193,IN STOCK,,,Black,,,42,TRUE,TRUE,FALSE
Carvela,5305754069,5305754069,5305754069,Carvela Fantastico Court Heel Wine Fabric Court Heel,https://www.shoeaholics.com/women/shoes/heels/high-heels/fantastico-court-wine-fabric-other-carvela-5305754069?utm_source=display&utm_medium=programmatic&utm_campaign=performance&utm_content=rtg,"Wine Fabric Court Heel, Wine","Wine Fabric Court Heel, Wine",99.00,149.00,https://kg-static-cache.s3.amazonaws.com/catalog/product/cache/thumbnail/1622x1622/5/3/5305754069.jpg?v=1&width=800,Women > Shoes > Heels > High-heels,Women > Shoes > Heels > High-heels,10/09/2026,,FALSE,,205,IN STOCK,,,Red,,,33,TRUE,TRUE,TRUE
Carvela,2411910979,2411910979,2411910979,Carvela Women's Heels White Fabric Synthetic Sadie,https://www.shoeaholics.com/women/shoes/heels/low-mid-heels/sadie-wedge-white-synthetic-carvela-2411910979?utm_source=display&utm_medium=programmatic&utm_campaign=performance&utm_content=rtg,"White Wedge Cork Heel, White","White Wedge Cork Heel, White",69.00,129.00,https://kg-static-cache.s3.amazonaws.com/catalog/product/cache/thumbnail/1622x1622/2/4/2411910979.jpg?v=1&width=800,Women > Shoes > Heels > Low-mid-heels,Women > Shoes > Heels > Low-mid-heels,10/09/2026,,FALSE,,37,IN STOCK,,,White,,,183,TRUE,TRUE,TRUE
Kg Kurt Geiger,5138861829,5138861829,5138861829,KG Kurt Geiger Women's Slingback Heel Gold Synthetic Tilly,https://www.shoeaholics.com/women/shoes/heels/high-heels/tilly-gold-polyurethane-kg-kurt-geiger-5138861829?utm_source=display&utm_medium=programmatic&utm_campaign=performance&utm_content=rtg,"Gold Metallic Slingback Heel, Gold","Gold Metallic Slingback Heel, Gold",79.00,119.00,https://kg-static-cache.s3.amazonaws.com/catalog/product/cache/thumbnail/1622x1622/5/1/5138861829.jpg?v=1&width=800,Women > Shoes > Heels > High-heels,Women > Shoes > Heels > High-heels,10/09/2026,,FALSE,,225,IN STOCK,,,Metallic,,,23,TRUE,TRUE,TRUE
Kurt Geiger London,6310171719,6310171719,6310171719,Kurt Geiger Women's Heels Dark Green Snake Print Mayfair,https://www.shoeaholics.com/women/shoes/heels/high-heels/mayfair-closed-toe-sandal-dark-green-snake-print-kurt-geiger-london-6310171719?utm_source=display&utm_medium=programmatic&utm_campaign=performance&utm_content=rtg,"Dark Green Snake Leather Heel, Dark Green","Dark Green Snake Leather Heel, Dark Green",129.00,199.00,https://kg-static-cache.s3.amazonaws.com/catalog/product/cache/thumbnail/1622x1622/6/3/6310171719.jpg?v=1&width=800,Women > Shoes > Heels > High-heels,Women > Shoes > Heels > High-heels,10/09/2026,,FALSE,,165,IN STOCK,,,Green,,,65,TRUE,TRUE,TRUE
Kg Kurt Geiger,6320800069,6320800069,6320800069,Kg Kurt Geiger Tilly Jewel Bow Heel,https://www.shoeaholics.com/women/shoes/heels/slingbacks/tilly-jewel-bow-black-fabric-other-kg-kurt-geiger-6320800069?utm_source=display&utm_medium=programmatic&utm_campaign=performance&utm_content=rtg,"Womens Kg Kurt Geiger Tilly Jewel Bow Heel """", 5 Uk, Black","Womens Kg Kurt Geiger Tilly Jewel Bow Heel """", 5 Uk, Black",99.00,139.00,https://kg-static-cache.s3.amazonaws.com/catalog/product/cache/thumbnail/1622x1622/6/3/6320800069.jpg?v=1&width=800,Women > Shoes > Heels > Slingbacks,Women > Shoes > Heels > Slingbacks,10/09/2026,,FALSE,,251,IN STOCK,,,Black,,,16,TRUE,TRUE,TRUE
Steve Madden,6231061019,6231061019,6231061019,Steve Madden Montage Gold Leather,https://www.shoeaholics.com/women/shoes/heels/low-mid-heels/montage-977-gold-leather-other-steve-madden-6231061019?utm_source=display&utm_medium=programmatic&utm_campaign=performance&utm_content=rtg,"Womens Steve Madden Montage Gold Leather """", 7 Uk, Gold","Womens Steve Madden Montage Gold Leather """", 7 Uk, Gold",79.00,130.00,https://kg-static-cache.s3.amazonaws.com/catalog/product/cache/thumbnail/1622x1622/6/2/6231061019.jpg?v=1&width=800,Women > Shoes > Heels > Low-mid-heels,Women > Shoes > Heels > Low-mid-heels,10/09/2026,,FALSE,,43,IN STOCK,,,Metallic,,,164,TRUE,TRUE,TRUE
Carvela Comfort,2761341109,2761341109,2761341109,Carvela Women's Heels Bone Leather Krill,https://www.shoeaholics.com/women/shoes/heels/high-heels/krill-bone-leather-carvela-comfort-2761341109?utm_source=display&utm_medium=programmatic&utm_campaign=performance&utm_content=rtg,"White Leather Block Heels, Bone","White Leather Block Heels, Bone",79.00,149.00,https://kg-static-cache.s3.amazonaws.com/catalog/product/cache/thumbnail/1622x1622/2/7/2761341109.jpg?v=1&width=800,Women > Shoes > Heels > High-heels,Women > Shoes > Heels > High-heels,10/09/2026,,FALSE,,37,IN STOCK,,,White,,,184,TRUE,TRUE,TRUE
Steve Madden,5863000609,5863000609,5863000609,Steve Madden Osborn Black,https://www.shoeaholics.com/women/shoes/heels/high-heels/osborn-1-black-fabric-steve-madden-5863000609?utm_source=display&utm_medium=programmatic&utm_campaign=performance&utm_content=rtg,"Womens Steve Madden Osborn Black """", 7 Uk, Black","Womens Steve Madden Osborn Black """", 7 Uk, Black",39.00,140.00,https://kg-static-cache.s3.amazonaws.com/catalog/product/cache/thumbnail/1622x1622/5/8/5863000609.jpg?v=1&width=800,Women > Shoes > Heels > High-heels,Women > Shoes > Heels > High-heels,10/09/2026,,FALSE,,8,IN STOCK,,,Black,,,293,TRUE,TRUE,TRUE
Kurt Geiger London,5997795609,5997795609,5997795609,Kurt Geiger Women's Heels Lilac Fabric Brixton,https://www.shoeaholics.com/women/shoes/heels/high-heels/brixton-platform-lilac-fabric-kurt-geiger-london-5997795609?utm_source=display&utm_medium=programmatic&utm_campaign=performance&utm_content=rtg,"Lilac Fabric Block Heel, Lilac","Lilac Fabric Block Heel, Lilac",119.00,179.00,https://kg-static-cache.s3.amazonaws.com/catalog/product/cache/thumbnail/1622x1622/5/9/5997795609.jpg?v=1&width=800,Women > Shoes > Heels > High-heels,Women > Shoes > Heels > High-heels,10/09/2026,,FALSE,,30,IN STOCK,,,Purple,,,202,TRUE,TRUE,TRUE
Kurt Geiger London,5393754309,5393754309,5393754309,Kurt Geiger Women's Sandals Wine Synthetic Crystal,https://www.shoeaholics.com/women/shoes/heels/crystal-strap-sandal-90-wine-patent-kurt-geiger-london-5393754309?utm_source=display&utm_medium=programmatic&utm_campaign=performance&utm_content=rtg,"Wine Metallic High Heel, Wine","Wine Metallic High Heel, Wine",59.00,179.00,https://kg-static-cache.s3.amazonaws.com/catalog/product/cache/thumbnail/1622x1622/5/3/5393754309.jpg?v=1&width=800,Women > Shoes > Heels,Women > Shoes > Heels,10/09/2026,,FALSE,,8,IN STOCK,,,Red,,,294,TRUE,TRUE,TRUE
Steve Madden,5836930109,5836930109,5836930109,Steve Madden Aztec Brown,https://www.shoeaholics.com/women/shoes/heels/high-heels/aztec-333-brown-leather-steve-madden-5836930109?utm_source=display&utm_medium=programmatic&utm_campaign=performance&utm_content=rtg,"Womens Steve Madden Aztec Brown """", 7 Uk, Brown","Womens Steve Madden Aztec Brown """", 7 Uk, Brown",59.00,140.00,https://kg-static-cache.s3.amazonaws.com/catalog/product/cache/thumbnail/1622x1622/5/8/5836930109.jpg?v=1&width=800,Women > Shoes > Heels > High-heels,Women > Shoes > Heels > High-heels,10/09/2026,,FALSE,,41,IN STOCK,,,Brown,,,170,TRUE,TRUE,TRUE
Carvela,6325400069,6325400069,6325400069,Carvela Women's Heels Black Fabric Other Fantastico,https://www.shoeaholics.com/women/shoes/heels/high-heels/fantastico-platform-black-fabric-other-carvela-6325400069?utm_source=display&utm_medium=programmatic&utm_campaign=performance&utm_content=rtg,"Womens Carvela Fantastico Platform """", 6 Uk, Black","Womens Carvela Fantastico Platform """", 6 Uk, Black",99.00,149.00,https://kg-static-cache.s3.amazonaws.com/catalog/product/cache/thumbnail/1622x1622/6/3/6325400069.jpg?v=1&width=800,Women > Shoes > Heels > High-heels,Women > Shoes > Heels > High-heels,10/09/2026,,FALSE,,120,IN STOCK,,,Black,,,99,TRUE,TRUE,TRUE
Carvela,5758961979,5758961979,5758961979,Carvela Wide Fit Divine Block Heel,https://www.shoeaholics.com/women/shoes/heels/low-mid-heels/divine-block-wf-gold-synthetic-carvela-5758961979?utm_source=display&utm_medium=programmatic&utm_campaign=performance&utm_content=rtg,"Womens Carvela Wide Fit Divine Block Heel """", 3 Uk, Gold","Womens Carvela Wide Fit Divine Block Heel """", 3 Uk, Gold",89.00,129.00,https://kg-static-cache.s3.amazonaws.com/catalog/product/cache/thumbnail/1622x1622/5/7/5758961979.jpg?v=1&width=800,Women > Shoes > Heels > Low-mid-heels,Women > Shoes > Heels > Low-mid-heels,10/09/2026,,FALSE,,12,IN STOCK,,,Metallic,,,264,TRUE,TRUE,TRUE
Kurt Geiger London,6269467609,6269467609,6269467609,Kurt Geiger Women's Heels Silver Combination Fabric Kingsley,https://www.shoeaholics.com/women/shoes/heels/slingbacks/kingsley-block-heel-silver-combination-fabric-kurt-geiger-london-6269467609?utm_source=display&utm_medium=programmatic&utm_campaign=performance&utm_content=rtg,"Houndstooth Block Heel, Silver Combination","Houndstooth Block Heel, Silver Combination",119.00,169.00,https://kg-static-cache.s3.amazonaws.com/catalog/product/cache/thumbnail/1622x1622/6/2/6269467609.jpg?v=1&width=800,Women > Shoes > Heels > Slingbacks,Women > Shoes > Heels > Slingbacks,10/09/2026,,FALSE,,78,IN STOCK,,,Metallic,,,129,TRUE,TRUE,TRUE
Steve Madden,6361293109,6361293109,6361293109,Steve Madden Tracie Yellow,https://www.shoeaholics.com/women/shoes/heels/kitten-heels/tracie-705-yellow-leather-steve-madden-6361293109?utm_source=display&utm_medium=programmatic&utm_campaign=performance&utm_content=rtg,"Womens Steve Madden Tracie Yellow """", 7 Uk, Yellow","Womens Steve Madden Tracie Yellow """", 7 Uk, Yellow",69.00,100.00,https://kg-static-cache.s3.amazonaws.com/catalog/product/cache/thumbnail/1622x1622/6/3/6361293109.jpg?v=1&width=800,Women > Shoes > Heels > Kitten-heels,Women > Shoes > Heels > Kitten-heels,10/09/2026,,FALSE,,57,IN STOCK,,,Yellow,,,142,TRUE,TRUE,TRUE
Carvela,5944700209,5944700209,5944700209,Carvela Women's Heels Black Suede Letizia Mule,https://www.shoeaholics.com/women/shoes/heels/low-mid-heels/letizia-mule-black-suede-carvela-5944700209?utm_source=display&utm_medium=programmatic&utm_campaign=performance&utm_content=rtg,"Black Suede Mule Heel, Black","Black Suede Mule Heel, Black",69.00,149.00,https://kg-static-cache.s3.amazonaws.com/catalog/product/cache/thumbnail/1622x1622/5/9/5944700209.jpg?v=1&width=800,Women > Shoes > Heels > Low-mid-heels,Women > Shoes > Heels > Low-mid-heels,10/09/2026,,FALSE,,42,IN STOCK,,,Black,,,168,TRUE,TRUE,TRUE
Carvela,6325824309,6325824309,6325824309,Carvela Nica Platform,https://www.shoeaholics.com/women/shoes/heels/high-heels/nica-platform-blush-patent-carvela-6325824309?utm_source=display&utm_medium=programmatic&utm_campaign=performance&utm_content=rtg,"Womens Carvela Nica Platform """", 6 Uk, Blush","Womens Carvela Nica Platform """", 6 Uk, Blush",99.00,139.00,https://kg-static-cache.s3.amazonaws.com/catalog/product/cache/thumbnail/1622x1622/6/3/6325824309.jpg?v=1&width=800,Women > Shoes > Heels > High-heels,Women > Shoes > Heels > High-heels,10/09/2026,,FALSE,,190,IN STOCK,,,Blush,,,45,TRUE,TRUE,TRUE
Kurt Geiger London,6269400139,6269400139,6269400139,Kurt Geiger London Kingsley Block Heel,https://www.shoeaholics.com/women/shoes/heels/high-heels/kingsley-block-heel-black-leather-patent-kurt-geiger-london-6269400139?utm_source=display&utm_medium=programmatic&utm_campaign=performance&utm_content=rtg,"Womens Kurt Geiger London Kingsley Block Heel """", 6 Uk, Black","Womens Kurt Geiger London Kingsley Block Heel """", 6 Uk, Black",119.00,169.00,https://kg-static-cache.s3.amazonaws.com/catalog/product/cache/thumbnail/1622x1622/6/2/6269400139.jpg?v=1&width=800,Women > Shoes > Heels > High-heels,Women > Shoes > Heels > High-heels,10/09/2026,,FALSE,,82,IN STOCK,,,Black,,,125,TRUE,TRUE,TRUE
Carvela,5709161979,5709161979,5709161979,Carvela Verona Wedge,https://www.shoeaholics.com/women/shoes/heels/low-mid-heels/verona-wedge-gold-synthetic-carvela-5709161979?utm_source=display&utm_medium=programmatic&utm_campaign=performance&utm_content=rtg,"Womens Carvela Verona Wedge """", 7 Uk, Gold","Womens Carvela Verona Wedge """", 7 Uk, Gold",89.00,139.00,https://kg-static-cache.s3.amazonaws.com/catalog/product/cache/thumbnail/1622x1622/5/7/5709161979.jpg?v=1&width=800,Women > Shoes > Heels > Low-mid-heels,Women > Shoes > Heels > Low-mid-heels,10/09/2026,,FALSE,,31,IN STOCK,,,Metallic,,,201,TRUE,TRUE,TRUE
Carvela,5327100979,5327100979,5327100979,Carvela Women's Heels Black Synthetic Blanca,https://www.shoeaholics.com/women/shoes/heels/high-heels/blanca-slingback-black-synthetic-carvela-5327100979?utm_source=display&utm_medium=programmatic&utm_campaign=performance&utm_content=rtg,"Patent Black Slingback Heel, Black","Patent Black Slingback Heel, Black",79.00,139.00,https://kg-static-cache.s3.amazonaws.com/catalog/product/cache/thumbnail/1622x1622/5/3/5327100979.jpg?v=1&width=800,Women > Shoes > Heels > High-heels,Women > Shoes > Heels > High-heels,10/09/2026,,FALSE,,132,IN STOCK,,,Black,,,93,TRUE,TRUE,TRUE
Kg Kurt Geiger,5751441829,5751441829,5751441829,KG Kurt Geiger Women's Heels Bone Synthetic Patsy,https://www.shoeaholics.com/women/shoes/heels/high-heels/patsy-bone-polyurethane-kg-kurt-geiger-5751441829?utm_source=display&utm_medium=programmatic&utm_campaign=performance&utm_content=rtg,"Bone Synthetic Wedge Heel, Bone","Bone Synthetic Wedge Heel, Bone",59.00,129.00,https://kg-static-cache.s3.amazonaws.com/catalog/product/cache/thumbnail/1622x1622/5/7/5751441829.jpg?v=1&width=800,Women > Shoes > Heels > High-heels,Women > Shoes > Heels > High-heels,10/09/2026,,FALSE,,50,IN STOCK,,,White,,,155,TRUE,TRUE,TRUE
Carvela,5938641979,5938641979,5938641979,Carvela Wide Fit Corletta Heel,https://www.shoeaholics.com/women/shoes/heels/low-mid-heels/corletta-sandal-wide-fit-bone-synthetic-carvela-5938641979?utm_source=display&utm_medium=programmatic&utm_campaign=performance&utm_content=rtg,"Womens Carvela Wide Fit Corletta Heel """", 9 Uk, Bone","Womens Carvela Wide Fit Corletta Heel """", 9 Uk, Bone",89.00,129.00,https://kg-static-cache.s3.amazonaws.com/catalog/product/cache/thumbnail/1622x1622/5/9/5938641979.jpg?v=1&width=800,Women > Shoes > Heels > Low-mid-heels,Women > Shoes > Heels > Low-mid-heels,10/09/2026,,FALSE,,43,IN STOCK,,,White,,,165,TRUE,TRUE,TRUE
Kurt Geiger London,6310639609,6310639609,6310639609,Kurt Geiger Women's Heels Brown Other Fabric Square Block Heel,https://www.shoeaholics.com/women/shoes/heels/slingbacks/square-block-heel-brown-other-fabric-kurt-geiger-london-6310639609?utm_source=display&utm_medium=programmatic&utm_campaign=performance&utm_content=rtg,"Womens Kurt Geiger London Square Block Heel """", 6 Uk","Womens Kurt Geiger London Square Block Heel """", 6 Uk",89.00,159.00,https://kg-static-cache.s3.amazonaws.com/catalog/product/cache/thumbnail/1622x1622/6/3/6310639609.jpg?v=1&width=800,Women > Shoes > Heels > Slingbacks,Women > Shoes > Heels > Slingbacks,10/09/2026,,FALSE,,118,IN STOCK,,,,,,102,TRUE,TRUE,TRUE
Kg Kurt Geiger,5763643069,5763643069,5763643069,KG Kurt Geiger Women's Heels Beige Combination Muna,https://www.shoeaholics.com/women/shoes/heels/low-mid-heels/muna-beige-combination-fabric-other-kg-kurt-geiger-5763643069?utm_source=display&utm_medium=programmatic&utm_campaign=performance&utm_content=rtg,"Beige Block Heel, Beige","Beige Block Heel, Beige",79.00,119.00,https://kg-static-cache.s3.amazonaws.com/catalog/product/cache/thumbnail/1622x1622/5/7/5763643069.jpg?v=1&width=800,Women > Shoes > Heels > Low-mid-heels,Women > Shoes > Heels > Low-mid-heels,10/09/2026,,FALSE,,11,IN STOCK,,,Nude,,,271,TRUE,TRUE,TRUE
Carvela,6293900799,6293900799,6293900799,Carvela Women's Heels Black Suedette Fabrizia,https://www.shoeaholics.com/women/shoes/heels/high-heels/fabrizia-black-suedette-carvela-6293900799?utm_source=display&utm_medium=programmatic&utm_campaign=performance&utm_content=rtg,"Womens Carvela Fabrizia Heel """", 6 Uk, Black","Womens Carvela Fabrizia Heel """", 6 Uk, Black",99.00,139.00,https://kg-static-cache.s3.amazonaws.com/catalog/product/cache/thumbnail/1622x1622/6/2/6293900799.jpg?v=1&width=800,Women > Shoes > Heels > High-heels,Women > Shoes > Heels > High-heels,10/09/2026,,FALSE,,165,IN STOCK,,,Black,,,66,TRUE,TRUE,TRUE
Carvela,5590061979,5590061979,5590061979,Carvela Women's Gold Synthetic Marina High Tie,https://www.shoeaholics.com/women/shoes/heels/high-heels/marina-high-tie-gold-synthetic-carvela-5590061979?utm_source=display&utm_medium=programmatic&utm_campaign=performance&utm_content=rtg,"Gold Braided High Heel, Gold","Gold Braided High Heel, Gold",49.00,169.00,https://kg-static-cache.s3.amazonaws.com/catalog/product/cache/thumbnail/1622x1622/5/5/5590061979.jpg?v=1&width=800,Women > Shoes > Heels > High-heels,Women > Shoes > Heels > High-heels,10/09/2026,,FALSE,,41,IN STOCK,,,Metallic,,,171,TRUE,TRUE,TRUE
Carvela,5769510979,5769510979,5769510979,Carvela Women's Heels White Synthetic Sadie Wedge,https://www.shoeaholics.com/women/shoes/heels/low-mid-heels/sadie-wedge-wide-fit-white-synthetic-carvela-5769510979?utm_source=display&utm_medium=programmatic&utm_campaign=performance&utm_content=rtg,"White Wedge Heel, White","White Wedge Heel, White",69.00,129.00,https://kg-static-cache.s3.amazonaws.com/catalog/product/cache/thumbnail/1622x1622/5/7/5769510979.jpg?v=1&width=800,Women > Shoes > Heels > Low-mid-heels,Women > Shoes > Heels > Low-mid-heels,10/09/2026,,FALSE,,37,IN STOCK,,,White,,,185,TRUE,TRUE,TRUE
Kurt Geiger London,6308754139,6308754139,6308754139,Kurt Geiger Women's Heels Wine Leather Patent Soho,https://www.shoeaholics.com/women/shoes/heels/slingbacks/soho-sling-wine-leather-patent-kurt-geiger-london-6308754139?utm_source=display&utm_medium=programmatic&utm_campaign=performance&utm_content=rtg,"Womens Kurt Geiger London Soho Sling """", 6 Uk, Wine","Womens Kurt Geiger London Soho Sling """", 6 Uk, Wine",119.00,179.00,https://kg-static-cache.s3.amazonaws.com/catalog/product/cache/thumbnail/1622x1622/6/3/6308754139.jpg?v=1&width=800,Women > Shoes > Heels > Slingbacks,Women > Shoes > Heels > Slingbacks,10/09/2026,,FALSE,,30,IN STOCK,,,Red,,,203,TRUE,TRUE,TRUE
Carvela,5813844609,5813844609,5813844609,Carvela Women's Heels Bone Combination Soprano,https://www.shoeaholics.com/women/shoes/heels/low-mid-heels/soprano-heel-bone-combination-fabric-carvela-5813844609?utm_source=display&utm_medium=programmatic&utm_campaign=performance&utm_content=rtg,"Bone Gold Block Heel, Bone Combination","Bone Gold Block Heel, Bone Combination",59.00,139.00,https://kg-static-cache.s3.amazonaws.com/catalog/product/cache/thumbnail/1622x1622/5/8/5813844609.jpg?v=1&width=800,Women > Shoes > Heels > Low-mid-heels,Women > Shoes > Heels > Low-mid-heels,10/09/2026,,FALSE,,20,IN STOCK,,,White,,,231,TRUE,TRUE,TRUE
Kg Kurt Geiger,5508900069,5508900069,5508900069,KG Kurt Geiger Women's Heels Fabric Allegra,https://www.shoeaholics.com/women/shoes/heels/high-heels/allegra-court-black-fabric-other-kg-kurt-geiger-5508900069?utm_source=display&utm_medium=programmatic&utm_campaign=performance&utm_content=rtg,"Black Fabric Frill High Heel, Black","Black Fabric Frill High Heel, Black",89.00,139.00,https://kg-static-cache.s3.amazonaws.com/catalog/product/cache/thumbnail/1622x1622/5/5/5508900069.jpg?v=1&width=800,Women > Shoes > Heels > High-heels,Women > Shoes > Heels > High-heels,10/09/2026,,FALSE,,70,IN STOCK,,,Black,,,132,TRUE,TRUE,TRUE
Carvela,5264441979,5264441979,5264441979,Carvela Women's Heels Bone Synthetic Refined Court,https://www.shoeaholics.com/women/shoes/heels/high-heels/refined-court-wide-fit-bone-synthetic-carvela-5264441979?utm_source=display&utm_medium=programmatic&utm_campaign=performance&utm_content=rtg,"Womens Carvela Refined Wide Fit Court Heel """", 9 Uk, Bone","Womens Carvela Refined Wide Fit Court Heel """", 9 Uk, Bone",79.00,129.00,https://kg-static-cache.s3.amazonaws.com/catalog/product/cache/thumbnail/1622x1622/5/2/5264441979.jpg?v=1&width=800,Women > Shoes > Heels > High-heels,Women > Shoes > Heels > High-heels,10/09/2026,,FALSE,,45,IN STOCK,,,White,,,160,TRUE,TRUE,TRUE
Steve Madden,5841700109,5841700109,5841700109,Steve Madden Cylo Black,https://www.shoeaholics.com/women/shoes/heels/high-heels/cylo-17-black-leather-steve-madden-5841700109?utm_source=display&utm_medium=programmatic&utm_campaign=performance&utm_content=rtg,"Womens Steve Madden Cylo Black """", 7 Uk, Black","Womens Steve Madden Cylo Black """", 7 Uk, Black",59.00,130.00,https://kg-static-cache.s3.amazonaws.com/catalog/product/cache/thumbnail/1622x1622/5/8/5841700109.jpg?v=1&width=800,Women > Shoes > Heels > High-heels,Women > Shoes > Heels > High-heels,10/09/2026,,FALSE,,32,IN STOCK,,,Black,,,197,TRUE,TRUE,TRUE
Carvela,6018680209,6018680209,6018680209,Carvela Regatta Heel Blue Suede High Heel,https://www.shoeaholics.com/women/shoes/heels/block-heels/regatta-heel-blue-suede-carvela-6018680209?utm_source=display&utm_medium=programmatic&utm_campaign=performance&utm_content=rtg,"Blue Suede High Heel, Blue","Blue Suede High Heel, Blue",69.00,129.00,https://kg-static-cache.s3.amazonaws.com/catalog/product/cache/thumbnail/1622x1622/6/0/6018680209.jpg?v=1&width=800,Women > Shoes > Heels > Block-heels,Women > Shoes > Heels > Block-heels,10/09/2026,,FALSE,,49,IN STOCK,,,Blue,,,156,TRUE,TRUE,TRUE
Carvela,5898000979,5898000979,5898000979,Carvela women's Heels Black Synthetic Paparazza,https://www.shoeaholics.com/women/shoes/heels/high-heels/paparazza-heel-black-synthetic-carvela-5898000979?utm_source=display&utm_medium=programmatic&utm_campaign=performance&utm_content=rtg,"Black Lizard High Heel, Black","Black Lizard High Heel, Black",79.00,139.00,https://kg-static-cache.s3.amazonaws.com/catalog/product/cache/thumbnail/1622x1622/5/8/5898000979.jpg?v=1&width=800,Women > Shoes > Heels > High-heels,Women > Shoes > Heels > High-heels,10/09/2026,,FALSE,,57,IN STOCK,,,Black,,,143,TRUE,TRUE,TRUE
Kurt Geiger London,6309200149,6309200149,6309200149,Kurt Geiger Women's Black Leather Croc Kingsley,https://www.shoeaholics.com/women/shoes/heels/high-heels/kingsley-slingback-heel-black-leather-croc-print-kurt-geiger-london-6309200149?utm_source=display&utm_medium=programmatic&utm_campaign=performance&utm_content=rtg,"Black Leather Slingback Heel, Black","Black Leather Slingback Heel, Black",119.00,179.00,https://kg-static-cache.s3.amazonaws.com/catalog/product/cache/thumbnail/1622x1622/6/3/6309200149.jpg?v=1&width=800,Women > Shoes > Heels > High-heels,Women > Shoes > Heels > High-heels,10/09/2026,,FALSE,,176,IN STOCK,,,Black,,,58,TRUE,TRUE,TRUE
Kurt Geiger London,5092639609,5092639609,5092639609,Kurt Geiger Women's Heels Brown Other Fabric Bloom,https://www.shoeaholics.com/women/shoes/heels/high-heels/bloom-mule-brown-other-fabric-kurt-geiger-london-5092639609?utm_source=display&utm_medium=programmatic&utm_campaign=performance&utm_content=rtg,"Womens Kurt Geiger London Bloom Mule """", 6 Uk","Womens Kurt Geiger London Bloom Mule """", 6 Uk",119.00,169.00,https://kg-static-cache.s3.amazonaws.com/catalog/product/cache/thumbnail/1622x1622/5/0/5092639609.jpg?v=1&width=800,Women > Shoes > Heels > High-heels,Women > Shoes > Heels > High-heels,10/09/2026,,FALSE,,219,IN STOCK,,,,,,26,TRUE,TRUE,TRUE
Carvela,4529341979,4529341979,4529341979,Carvela Women's Heels Court Bone Synthetic Corletta Sling,https://www.shoeaholics.com/women/shoes/heels/slingbacks/corletta-sling-court-bone-synthetic-carvela-4529341979?utm_source=display&utm_medium=programmatic&utm_campaign=performance&utm_content=rtg,"Bone Leather Alternative Sling Back Heel, Bone","Bone Leather Alternative Sling Back Heel, Bone",79.00,119.00,https://kg-static-cache.s3.amazonaws.com/catalog/product/cache/thumbnail/1622x1622/4/5/4529341979.jpg?v=1&width=800,Women > Shoes > Heels > Slingbacks,Women > Shoes > Heels > Slingbacks,10/09/2026,,FALSE,,105,IN STOCK,,,White,,,111,TRUE,TRUE,TRUE
Kurt Geiger London,3871761179,3871761179,3871761179,Kurt Geiger Women's Heels Gold Leather Mayfair,https://www.shoeaholics.com/women/shoes/heels/high-heels/kgl-mayfair-sling-sm-egl-gold-leather-lizard-print-kurt-geiger-london-3871761179?utm_source=display&utm_medium=programmatic&utm_campaign=performance&utm_content=rtg,"Gold Lizard Slingback Heel, Gold","Gold Lizard Slingback Heel, Gold",129.00,199.00,https://kg-static-cache.s3.amazonaws.com/catalog/product/cache/thumbnail/1622x1622/3/8/3871761179.jpg?v=1&width=800,Women > Shoes > Heels > High-heels,Women > Shoes > Heels > High-heels,10/09/2026,,FALSE,,74,IN STOCK,,,Metallic,,,130,TRUE,TRUE,TRUE
Carvela,5235710609,5235710609,5235710609,Carvela Women's Heels White Other Synthetic Kianni,https://www.shoeaholics.com/women/shoes/heels/low-mid-heels/kianni-wide-fit-white-fabric-carvela-5235710609?utm_source=display&utm_medium=programmatic&utm_campaign=performance&utm_content=rtg,"Womens Carvela Kianni Wide Fit Heel """", 9 Uk, White","Womens Carvela Kianni Wide Fit Heel """", 9 Uk, White",89.00,129.00,https://kg-static-cache.s3.amazonaws.com/catalog/product/cache/thumbnail/1622x1622/5/2/5235710609.jpg?v=1&width=800,Women > Shoes > Heels > Low-mid-heels,Women > Shoes > Heels > Low-mid-heels,10/09/2026,,FALSE,,89,IN STOCK,,,White,,,120,TRUE,TRUE,TRUE
Kurt Geiger London,3871354039,3871354039,3871354039,Kurt Geiger Women's Heels Wine Patent Other Mayfair,https://www.shoeaholics.com/women/shoes/heels/high-heels/kgl-mayfair-court-sm-egl-wine-patent-other-kurt-geiger-london-3871354039?utm_source=display&utm_medium=programmatic&utm_campaign=performance&utm_content=rtg,"Wine Patent Court Heel, Wine","Wine Patent Court Heel, Wine",129.00,199.00,https://kg-static-cache.s3.amazonaws.com/catalog/product/cache/thumbnail/1622x1622/3/8/3871354039.jpg?v=1&width=800,Women > Shoes > Heels > High-heels,Women > Shoes > Heels > High-heels,10/09/2026,,FALSE,,165,IN STOCK,,,Red,,,67,TRUE,TRUE,TRUE
Carvela,5214363979,5214363979,5214363979,Carvela Women's Heels Silver Synthetic Paparazzi,https://www.shoeaholics.com/women/shoes/heels/paparazzi-wide-fit-silver-synthetic-carvela-5214363979?utm_source=display&utm_medium=programmatic&utm_campaign=performance&utm_content=rtg,"Womens Carvela Paparazzi Wide Fit Heel """", 9 Uk, Silver","Womens Carvela Paparazzi Wide Fit Heel """", 9 Uk, Silver",39.00,139.00,https://kg-static-cache.s3.amazonaws.com/catalog/product/cache/thumbnail/1622x1622/5/2/5214363979.jpg?v=1&width=800,Women > Shoes > Heels,Women > Shoes > Heels,10/09/2026,,FALSE,,35,IN STOCK,,,Metallic,,,189,TRUE,TRUE,TRUE
Carvela,4418556979,4418556979,4418556979,Carvela Alina Sling Heel Dark Red Patent Croc Slingback Heel,https://www.shoeaholics.com/women/shoes/heels/slingbacks/alina-sling-wine-combination-synthetic-carvela-4418556979?utm_source=display&utm_medium=programmatic&utm_campaign=performance&utm_content=rtg,"Dark Red Patent Croc Slingback Heel, Wine","Dark Red Patent Croc Slingback Heel, Wine",79.00,129.00,https://kg-static-cache.s3.amazonaws.com/catalog/product/cache/thumbnail/1622x1622/4/4/4418556979.jpg?v=1&width=800,Women > Shoes > Heels > Slingbacks,Women > Shoes > Heels > Slingbacks,10/09/2026,,FALSE,,247,IN STOCK,,,Red,,,17,TRUE,TRUE,TRUE
Carvela,9843741979,9843741979,9843741979,Carvela Women's Heels Bone Synthetic Symmetry,https://www.shoeaholics.com/women/shoes/heels/low-mid-heels/symmetry-court-bone-synthetic-carvela-9843741979?utm_source=display&utm_medium=programmatic&utm_campaign=performance&utm_content=rtg,"Bone Pointed Toe Heel, Bone","Bone Pointed Toe Heel, Bone",69.00,119.00,https://kg-static-cache.s3.amazonaws.com/catalog/product/cache/thumbnail/1622x1622/9/8/9843741979.jpg?v=1&width=800,Women > Shoes > Heels > Low-mid-heels,Women > Shoes > Heels > Low-mid-heels,10/09/2026,,FALSE,,8,IN STOCK,,,White,,,295,TRUE,TRUE,TRUE
Carvela,6325630069,6325630069,6325630069,Carvela Women's Heels Divine High Sandal,https://www.shoeaholics.com/women/shoes/heels/high-heels/divine-high-sandal-brown-fabric-other-carvela-6325630069?utm_source=display&utm_medium=programmatic&utm_campaign=performance&utm_content=rtg,"Womens Carvela Divine High Sandal """", 7 Uk, Brown","Womens Carvela Divine High Sandal """", 7 Uk, Brown",89.00,129.00,https://kg-static-cache.s3.amazonaws.com/catalog/product/cache/thumbnail/1622x1622/6/3/6325630069.jpg?v=1&width=800,Women > Shoes > Heels > High-heels,Women > Shoes > Heels > High-heels,10/09/2026,,FALSE,,44,IN STOCK,,,Brown,,,162,TRUE,TRUE,TRUE
Kg Kurt Geiger,5763632069,5763632069,5763632069,KG Kurt Geiger Women's Heels Mid Brown Fabric Muna,https://www.shoeaholics.com/women/shoes/heels/low-mid-heels/muna-mid-brown-fabric-other-kg-kurt-geiger-5763632069?utm_source=display&utm_medium=programmatic&utm_campaign=performance&utm_content=rtg,"Mid Brown Fabric Muna, Mid Brown","Mid Brown Fabric Muna, Mid Brown",79.00,119.00,https://kg-static-cache.s3.amazonaws.com/catalog/product/cache/thumbnail/1622x1622/5/7/5763632069.jpg?v=1&width=800,Women > Shoes > Heels > Low-mid-heels,Women > Shoes > Heels > Low-mid-heels,10/09/2026,,FALSE,,27,IN STOCK,,,Brown,,,212,TRUE,TRUE,TRUE
Kurt Geiger London,5087063609,5087063609,5087063609,Kurt Geiger London Park Lane,https://www.shoeaholics.com/women/shoes/heels/high-heels/park-lane-silver-fabric-kurt-geiger-london-5087063609?utm_source=display&utm_medium=programmatic&utm_campaign=performance&utm_content=rtg,"Womens Kurt Geiger London Park Lane """", 8 Uk, Silver","Womens Kurt Geiger London Park Lane """", 8 Uk, Silver",29.00,129.00,https://kg-static-cache.s3.amazonaws.com/catalog/product/cache/thumbnail/1622x1622/5/0/5087063609.jpg?v=1&width=800,Women > Shoes > Heels > High-heels,Women > Shoes > Heels > High-heels,10/09/2026,,FALSE,,53,IN STOCK,,,Metallic,,,151,TRUE,TRUE,TRUE
Kurt Geiger London,6310461179,6310461179,6310461179,Kurt Geiger Women's Heels Gold Leather Lizard Mayfair,https://www.shoeaholics.com/women/shoes/heels/low-mid-heels/mayfair-block-platform-gold-leather-lizard-print-kurt-geiger-london-6310461179?utm_source=display&utm_medium=programmatic&utm_campaign=performance&utm_content=rtg,"Womens Kurt Geiger London Mayfair Block Platform """", 5 Uk, Gold","Womens Kurt Geiger London Mayfair Block Platform """", 5 Uk, Gold",119.00,189.00,https://kg-static-cache.s3.amazonaws.com/catalog/product/cache/thumbnail/1622x1622/6/3/6310461179.jpg?v=1&width=800,Women > Shoes > Heels > Low-mid-heels,Women > Shoes > Heels > Low-mid-heels,10/09/2026,,FALSE,,64,IN STOCK,,,Metallic,,,135,TRUE,TRUE,TRUE
Carvela,5327100799,5327100799,5327100799,Kurt Geiger Women's Heels Black Suedette Blanca,https://www.shoeaholics.com/women/shoes/heels/high-heels/blanca-slingback-black-suedette-carvela-5327100799?utm_source=display&utm_medium=programmatic&utm_campaign=performance&utm_content=rtg,"Black Microsuede Sling Back Heel, Black","Black Microsuede Sling Back Heel, Black",79.00,139.00,https://kg-static-cache.s3.amazonaws.com/catalog/product/cache/thumbnail/1622x1622/5/3/5327100799.jpg?v=1&width=800,Women > Shoes > Heels > High-heels,Women > Shoes > Heels > High-heels,10/09/2026,,FALSE,,190,IN STOCK,,,Black,,,46,TRUE,TRUE,TRUE
Kurt Geiger London,3871771719,3871771719,3871771719,Kurt Geiger Women's Heels Dark Green Mayfair,https://www.shoeaholics.com/women/shoes/heels/slingbacks/kgl-mayfair-sling-sm-egl-dark-green-snake-print-kurt-geiger-london-3871771719?utm_source=display&utm_medium=programmatic&utm_campaign=performance&utm_content=rtg,"Dark Green Embossed Slingback Heel, Dark Green","Dark Green Embossed Slingback Heel, Dark Green",129.00,199.00,https://kg-static-cache.s3.amazonaws.com/catalog/product/cache/thumbnail/1622x1622/3/8/3871771719.jpg?v=1&width=800,Women > Shoes > Heels > Slingbacks,Women > Shoes > Heels > Slingbacks,10/09/2026,,FALSE,,71,IN STOCK,,,Green,,,131,TRUE,TRUE,TRUE
Kurt Geiger London,3871371719,3871371719,3871371719,Kurt Geiger Women's Court Heel Dark Green Mayfair,https://www.shoeaholics.com/women/shoes/heels/high-heels/kgl-mayfair-court-sm-egl-dark-green-snake-print-kurt-geiger-london-3871371719?utm_source=display&utm_medium=programmatic&utm_campaign=performance&utm_content=rtg,"Dark Green Court Heel, Dark Green","Dark Green Court Heel, Dark Green",129.00,199.00,https://kg-static-cache.s3.amazonaws.com/catalog/product/cache/thumbnail/1622x1622/3/8/3871371719.jpg?v=1&width=800,Women > Shoes > Heels > High-heels,Women > Shoes > Heels > High-heels,10/09/2026,,FALSE,,204,IN STOCK,,,Green,,,34,TRUE,TRUE,TRUE
Kurt Geiger London,4588999069,4588999069,4588999069,Kurt Geiger Women's Heels Platform Synthetic Brixton,https://www.shoeaholics.com/women/shoes/heels/high-heels/brixton-platform-other-fabric-other-kurt-geiger-london-4588999069?utm_source=display&utm_medium=programmatic&utm_campaign=performance&utm_content=rtg,Metallic Gold Platform Heel,Metallic Gold Platform Heel,119.00,179.00,https://kg-static-cache.s3.amazonaws.com/catalog/product/cache/thumbnail/1622x1622/4/5/4588999069.jpg?v=1&width=800,Women > Shoes > Heels > High-heels,Women > Shoes > Heels > High-heels,10/09/2026,,FALSE,,330,IN STOCK,,,,,,6,TRUE,TRUE,TRUE
Carvela,4529347609,4529347609,4529347609,Carvela Corletta Sling Back Heel Taupe Microsuede Slingback Heel,https://www.shoeaholics.com/women/shoes/heels/high-heels/corletta-sling-court-taupe-fabric-carvela-4529347609?utm_source=display&utm_medium=programmatic&utm_campaign=performance&utm_content=rtg,"Taupe Microsuede Slingback Heel, Taupe","Taupe Microsuede Slingback Heel, Taupe",99.00,129.00,https://kg-static-cache.s3.amazonaws.com/catalog/product/cache/thumbnail/1622x1622/4/5/4529347609.jpg?v=1&width=800,Women > Shoes > Heels > High-heels,Women > Shoes > Heels > High-heels,10/09/2026,,FALSE,,21,IN STOCK,,,Taupe,,,229,TRUE,TRUE,TRUE
Kg Kurt Geiger,4482400309,4482400309,4482400309,Kg Kurt Geiger Adina Boot,https://www.shoeaholics.com/women/shoes/heels/slingbacks/adina-black-patent-kg-kurt-geiger-4482400309?utm_source=display&utm_medium=programmatic&utm_campaign=performance&utm_content=rtg,"Womens Kg Kurt Geiger Adina Boot """", 9 Uk, Black","Womens Kg Kurt Geiger Adina Boot """", 9 Uk, Black",79.00,119.00,https://kg-static-cache.s3.amazonaws.com/catalog/product/cache/thumbnail/1622x1622/4/4/4482400309.jpg?v=1&width=800,Women > Shoes > Heels > Slingbacks,Women > Shoes > Heels > Slingbacks,10/09/2026,,FALSE,,209,IN STOCK,,,Black,,,32,TRUE,TRUE,TRUE
Kg Kurt Geiger,5137830069,5137830069,5137830069,KG Kurt Geiger Women's Heels Brown Fabric Other Adina,https://www.shoeaholics.com/women/shoes/heels/slingbacks/adina-gem-brown-fabric-other-kg-kurt-geiger-5137830069?utm_source=display&utm_medium=programmatic&utm_campaign=performance&utm_content=rtg,"Brown Crystal Fabric High Heel, Brown","Brown Crystal Fabric High Heel, Brown",89.00,129.00,https://kg-static-cache.s3.amazonaws.com/catalog/product/cache/thumbnail/1622x1622/5/1/5137830069.jpg?v=1&width=800,Women > Shoes > Heels > Slingbacks,Women > Shoes > Heels > Slingbacks,10/09/2026,,FALSE,,15,IN STOCK,,,Brown,,,254,TRUE,TRUE,TRUE
Kg Kurt Geiger,4487162069,4487162069,4487162069,KG Kurt Geiger Women's Heels Pewter Fabric Other Allegra,https://www.shoeaholics.com/women/shoes/heels/high-heels/allegra-pewter-fabric-other-kg-kurt-geiger-4487162069?utm_source=display&utm_medium=programmatic&utm_campaign=performance&utm_content=rtg,"Womens Kg Kurt Geiger Allegra """", 5 Uk, Pewter","Womens Kg Kurt Geiger Allegra """", 5 Uk, Pewter",99.00,139.00,https://kg-static-cache.s3.amazonaws.com/catalog/product/cache/thumbnail/1622x1622/4/4/4487162069.jpg?v=1&width=800,Women > Shoes > Heels > High-heels,Women > Shoes > Heels > High-heels,10/09/2026,,FALSE,,212,IN STOCK,,,Metallic,,,29,TRUE,TRUE,TRUE
Steve Madden,5343891979,5343891979,5343891979,Steve Madden Tracie-j 575,https://www.shoeaholics.com/women/shoes/heels/low-mid-heels/tracie-j-575-orange-synthetic-steve-madden-5343891979?utm_source=display&utm_medium=programmatic&utm_campaign=performance&utm_content=rtg,"Womens Steve Madden Tracie-J 575 """", 6 Uk, Orange","Womens Steve Madden Tracie-J 575 """", 6 Uk, Orange",59.00,100.00,https://kg-static-cache.s3.amazonaws.com/catalog/product/cache/thumbnail/1622x1622/5/3/5343891979.jpg?v=1&width=800,Women > Shoes > Heels > Low-mid-heels,Women > Shoes > Heels > Low-mid-heels,10/09/2026,,FALSE,,6,IN STOCK,,,Orange,,,310,TRUE,TRUE,TRUE
Kurt Geiger London,5998000609,5998000609,5998000609,Kurt Geiger London Square Block Heel,https://www.shoeaholics.com/women/shoes/heels/block-heels/square-block-heel-black-fabric-kurt-geiger-london-5998000609?utm_source=display&utm_medium=programmatic&utm_campaign=performance&utm_content=rtg,"Womens Kurt Geiger London Square Block Heel """", 5 Uk, Black","Womens Kurt Geiger London Square Block Heel """", 5 Uk, Black",99.00,159.00,https://kg-static-cache.s3.amazonaws.com/catalog/product/cache/thumbnail/1622x1622/5/9/5998000609.jpg?v=1&width=800,Women > Shoes > Heels > Block-heels,Women > Shoes > Heels > Block-heels,10/09/2026,,FALSE,,38,IN STOCK,,,Black,,,180,TRUE,TRUE,TRUE
Carvela,5327154979,5327154979,5327154979,Carvela Women's Heel Wine Synthetic Blanca,https://www.shoeaholics.com/women/shoes/heels/high-heels/blanca-slingback-wine-synthetic-carvela-5327154979?utm_source=display&utm_medium=programmatic&utm_campaign=performance&utm_content=rtg,"Wine Slingback Heel, Wine","Wine Slingback Heel, Wine",79.00,139.00,https://kg-static-cache.s3.amazonaws.com/catalog/product/cache/thumbnail/1622x1622/5/3/5327154979.jpg?v=1&width=800,Women > Shoes > Heels > High-heels,Women > Shoes > Heels > High-heels,10/09/2026,,FALSE,,186,IN STOCK,,,Red,,,50,TRUE,TRUE,TRUE
Carvela,2643966979,2643966979,2643966979,Carvela Women's Heels Metallic Gold Synthetic Sadie2,https://www.shoeaholics.com/women/shoes/heels/block-heels/sadie-2-gold-combination-synthetic-carvela-2643966979?utm_source=display&utm_medium=programmatic&utm_campaign=performance&utm_content=rtg,"Gold Metallic Block Heel, Gold Combination","Gold Metallic Block Heel, Gold Combination",89.00,129.00,https://kg-static-cache.s3.amazonaws.com/catalog/product/cache/thumbnail/1622x1622/2/6/2643966979.jpg?v=1&width=800,Women > Shoes > Heels > Block-heels,Women > Shoes > Heels > Block-heels,10/09/2026,,FALSE,,11,IN STOCK,,,Metallic,,,272,TRUE,TRUE,TRUE
Kurt Geiger London,6310565609,6310565609,6310565609,Kurt Geiger Women's Heels Metal Combination Fabric Square Block,https://www.shoeaholics.com/women/shoes/heels/slingbacks/square-block-heel-metal-combination-fabric-kurt-geiger-london-6310565609?utm_source=display&utm_medium=programmatic&utm_campaign=performance&utm_content=rtg,"Womens Kurt Geiger London Square Block Heel """", 5 Uk, Metal Combination","Womens Kurt Geiger London Square Block Heel """", 5 Uk, Metal Combination",89.00,159.00,https://kg-static-cache.s3.amazonaws.com/catalog/product/cache/thumbnail/1622x1622/6/3/6310565609.jpg?v=1&width=800,Women > Shoes > Heels > Slingbacks,Women > Shoes > Heels > Slingbacks,10/09/2026,,FALSE,,116,IN STOCK,,,Metallic,,,105,TRUE,TRUE,TRUE
Steve Madden,5950143109,5950143109,5950143109,Steve Madden Ajay Snakeprint,https://www.shoeaholics.com/women/shoes/heels/ajay-236-beige-combination-leather-steve-madden-5950143109?utm_source=display&utm_medium=programmatic&utm_campaign=performance&utm_content=rtg,"Womens Steve Madden Ajay Snakeprint """", 6 Uk, Beige","Womens Steve Madden Ajay Snakeprint """", 6 Uk, Beige",69.00,110.00,https://kg-static-cache.s3.amazonaws.com/catalog/product/cache/thumbnail/1622x1622/5/9/5950143109.jpg?v=1&width=800,Women > Shoes > Heels,Women > Shoes > Heels,10/09/2026,,FALSE,,51,IN STOCK,,,Nude,,,154,TRUE,TRUE,TRUE
Kurt Geiger London,6310100719,6310100719,6310100719,Kurt Geiger Women's Heels Black Snake Print Mayfair,https://www.shoeaholics.com/women/shoes/heels/high-heels/mayfair-closed-toe-sandal-black-snake-print-kurt-geiger-london-6310100719?utm_source=display&utm_medium=programmatic&utm_campaign=performance&utm_content=rtg,"Black Lizard High Heel, Black","Black Lizard High Heel, Black",129.00,199.00,https://kg-static-cache.s3.amazonaws.com/catalog/product/cache/thumbnail/1622x1622/6/3/6310100719.jpg?v=1&width=800,Women > Shoes > Heels > High-heels,Women > Shoes > Heels > High-heels,10/09/2026,,FALSE,,162,IN STOCK,,,Black,,,70,TRUE,TRUE,TRUE
Carvela,6325461069,6325461069,6325461069,Carvela Women's Heels Gold Fabric Other Fantastico,https://www.shoeaholics.com/women/shoes/heels/high-heels/fantastico-platform-gold-fabric-other-carvela-6325461069?utm_source=display&utm_medium=programmatic&utm_campaign=performance&utm_content=rtg,"Womens Carvela Fantastico Platform """", 5 Uk, Gold","Womens Carvela Fantastico Platform """", 5 Uk, Gold",99.00,149.00,https://kg-static-cache.s3.amazonaws.com/catalog/product/cache/thumbnail/1622x1622/6/3/6325461069.jpg?v=1&width=800,Women > Shoes > Heels > High-heels,Women > Shoes > Heels > High-heels,10/09/2026,,FALSE,,153,IN STOCK,,,Metallic,,,76,TRUE,TRUE,TRUE
Steve Madden,5841761109,5841761109,5841761109,Steve Madden Cylo Gold,https://www.shoeaholics.com/women/shoes/heels/high-heels/cylo-977-gold-leather-steve-madden-5841761109?utm_source=display&utm_medium=programmatic&utm_campaign=performance&utm_content=rtg,"Womens Steve Madden Cylo Gold """", 7 Uk, Gold","Womens Steve Madden Cylo Gold """", 7 Uk, Gold",59.00,130.00,https://kg-static-cache.s3.amazonaws.com/catalog/product/cache/thumbnail/1622x1622/5/8/5841761109.jpg?v=1&width=800,Women > Shoes > Heels > High-heels,Women > Shoes > Heels > High-heels,10/09/2026,,FALSE,,61,IN STOCK,,,Metallic,,,141,TRUE,TRUE,TRUE
Kg Kurt Geiger,5704661069,5704661069,5704661069,KG Kurt Geiger Women's Heels Gold Fabric Abra Heel,https://www.shoeaholics.com/women/shoes/heels/abra-heel-gold-fabric-other-kg-kurt-geiger-5704661069?utm_source=display&utm_medium=programmatic&utm_campaign=performance&utm_content=rtg,"Womens Kg Kurt Geiger Abra Heel """", 3 Uk, Gold","Womens Kg Kurt Geiger Abra Heel """", 3 Uk, Gold",99.00,149.00,https://kg-static-cache.s3.amazonaws.com/catalog/product/cache/thumbnail/1622x1622/5/7/5704661069.jpg?v=1&width=800,Women > Shoes > Heels,Women > Shoes > Heels,10/09/2026,,FALSE,,37,IN STOCK,,,Metallic,,,186,TRUE,TRUE,TRUE
Kg Kurt Geiger,5751361829,5751361829,5751361829,KG Kurt Geiger Women's Heel Gold Synthetic Salome,https://www.shoeaholics.com/women/shoes/heels/high-heels/salome-gold-polyurethane-kg-kurt-geiger-5751361829?utm_source=display&utm_medium=programmatic&utm_campaign=performance&utm_content=rtg,"Gold High Heel, Gold","Gold High Heel, Gold",39.00,129.00,https://kg-static-cache.s3.amazonaws.com/catalog/product/cache/thumbnail/1622x1622/5/7/5751361829.jpg?v=1&width=800,Women > Shoes > Heels > High-heels,Women > Shoes > Heels > High-heels,10/09/2026,,FALSE,,23,IN STOCK,,,Metallic,,,222,TRUE,TRUE,TRUE
Kg Kurt Geiger,5786443449,5786443449,5786443449,Kg Kurt Geiger Prairie Block,https://www.shoeaholics.com/women/shoes/heels/low-mid-heels/prairie-block-beige-combination-raffia-kg-kurt-geiger-5786443449?utm_source=display&utm_medium=programmatic&utm_campaign=performance&utm_content=rtg,"Womens Kg Kurt Geiger Prairie Block """", 3 Uk, Beige","Womens Kg Kurt Geiger Prairie Block """", 3 Uk, Beige",69.00,139.00,https://kg-static-cache.s3.amazonaws.com/catalog/product/cache/thumbnail/1622x1622/5/7/5786443449.jpg?v=1&width=800,Women > Shoes > Heels > Low-mid-heels,Women > Shoes > Heels > Low-mid-heels,10/09/2026,,FALSE,,33,IN STOCK,,,Nude,,,195,TRUE,TRUE,TRUE
Kg Kurt Geiger,6365500309,6365500309,6365500309,Kg Kurt Geiger Sidney,https://www.shoeaholics.com/women/shoes/heels/low-mid-heels/sidney-black-patent-kg-kurt-geiger-6365500309?utm_source=display&utm_medium=programmatic&utm_campaign=performance&utm_content=rtg,"Womens Kg Kurt Geiger Sidney """", 6 Uk, Black","Womens Kg Kurt Geiger Sidney """", 6 Uk, Black",99.00,139.00,https://kg-static-cache.s3.amazonaws.com/catalog/product/cache/thumbnail/1622x1622/6/3/6365500309.jpg?v=1&width=800,Women > Shoes > Heels > Low-mid-heels,Women > Shoes > Heels > Low-mid-heels,10/09/2026,,FALSE,,196,IN STOCK,,,Black,,,37,TRUE,TRUE,TRUE
Kurt Geiger London,4588966609,4588966609,4588966609,Kurt Geiger Women's Heels Gold Combination Brixton Platform,https://www.shoeaholics.com/women/shoes/heels/high-heels/brixton-platform-gold-combination-fabric-kurt-geiger-london-4588966609?utm_source=display&utm_medium=programmatic&utm_campaign=performance&utm_content=rtg,"Gold Crystal Block Heel, Gold Combination","Gold Crystal Block Heel, Gold Combination",129.00,179.00,https://kg-static-cache.s3.amazonaws.com/catalog/product/cache/thumbnail/1622x1622/4/5/4588966609.jpg?v=1&width=800,Women > Shoes > Heels > High-heels,Women > Shoes > Heels > High-heels,10/09/2026,,FALSE,,143,IN STOCK,,,Metallic,,,82,TRUE,TRUE,TRUE
Kg Kurt Geiger,5138869589,5138869589,5138869589,KG Kurt Geiger Women's Heels Multi Other Pony Tilly,https://www.shoeaholics.com/women/shoes/heels/slingbacks/tilly-multi-other-pony-kg-kurt-geiger-5138869589?utm_source=display&utm_medium=programmatic&utm_campaign=performance&utm_content=rtg,"Womens Kg Kurt Geiger Tilly Heel """", 9 Uk","Womens Kg Kurt Geiger Tilly Heel """", 9 Uk",89.00,129.00,https://kg-static-cache.s3.amazonaws.com/catalog/product/cache/thumbnail/1622x1622/5/1/5138869589.jpg?v=1&width=800,Women > Shoes > Heels > Slingbacks,Women > Shoes > Heels > Slingbacks,10/09/2026,,FALSE,,195,IN STOCK,,,,,,39,TRUE,TRUE,TRUE
Steve Madden,0994463209,0994463209,0994463209,Steve Madden Bryanna Heel Silver,https://www.shoeaholics.com/women/shoes/heels/bryanna-751-silver-silver-suede-steve-madden-0994463209?utm_source=display&utm_medium=programmatic&utm_campaign=performance&utm_content=rtg,"Womens Steve Madden Bryanna Heel Silver """", 7 Uk, Silver","Womens Steve Madden Bryanna Heel Silver """", 7 Uk, Silver",39.00,120.00,https://kg-static-cache.s3.amazonaws.com/catalog/product/cache/thumbnail/1622x1622/0/9/0994463209.jpg?v=1&width=800,Women > Shoes > Heels,Women > Shoes > Heels,10/09/2026,,FALSE,,8,IN STOCK,,,Metallic,,,296,TRUE,TRUE,TRUE
Dolce Vita,5929800109,5929800109,5929800109,Dolce Vita Birdie 001,https://www.shoeaholics.com/women/shoes/heels/slingbacks/birdie-001-black-leather-dolce-vita-5929800109?utm_source=display&utm_medium=programmatic&utm_campaign=performance&utm_content=rtg,"Womens Dolce Vita Birdie 001 """", 6 Uk, Black","Womens Dolce Vita Birdie 001 """", 6 Uk, Black",99.00,160.00,https://kg-static-cache.s3.amazonaws.com/catalog/product/cache/thumbnail/1622x1622/5/9/5929800109.jpg?v=1&width=800,Women > Shoes > Heels > Slingbacks,Women > Shoes > Heels > Slingbacks,10/09/2026,,FALSE,,45,IN STOCK,,,Black,,,161,TRUE,TRUE,TRUE
Kg Kurt Geiger,5735469829,5735469829,5735469829,KG Kurt Geiger Women's Heels Mult Other Synthetic Sunnie,https://www.shoeaholics.com/women/shoes/heels/block-heels/sunnie-multi-other-polyurethane-kg-kurt-geiger-5735469829?utm_source=display&utm_medium=programmatic&utm_campaign=performance&utm_content=rtg,Bone Gold Block Heel,Bone Gold Block Heel,29.00,139.00,https://kg-static-cache.s3.amazonaws.com/catalog/product/cache/thumbnail/1622x1622/5/7/5735469829.jpg?v=1&width=800,Women > Shoes > Heels > Block-heels,Women > Shoes > Heels > Block-heels,10/09/2026,,FALSE,,10,IN STOCK,,,,,,275,TRUE,TRUE,TRUE
Carvela,4529300789,4529300789,4529300789,Carvela,https://www.shoeaholics.com/women/shoes/heels/slingbacks/corletta-sling-court-black-velvet-carvela-4529300789?utm_source=display&utm_medium=programmatic&utm_campaign=performance&utm_content=rtg,"Womens Carvela Corletta Sling Court Heel """", 6 Uk, Black","Womens Carvela Corletta Sling Court Heel """", 6 Uk, Black",79.00,119.00,https://kg-static-cache.s3.amazonaws.com/catalog/product/cache/thumbnail/1622x1622/4/5/4529300789.jpg?v=1&width=800,Women > Shoes > Heels > Slingbacks,Women > Shoes > Heels > Slingbacks,10/09/2026,,FALSE,,184,IN STOCK,,,Black,,,52,TRUE,TRUE,TRUE
Carvela,5705361979,5705361979,5705361979,Carvela Women's Wedge Heel Gold Synthetic Portofino,https://www.shoeaholics.com/women/shoes/heels/low-mid-heels/portofino-wedge-gold-synthetic-carvela-5705361979?utm_source=display&utm_medium=programmatic&utm_campaign=performance&utm_content=rtg,"Gold Braided Wedge Heel, Gold","Gold Braided Wedge Heel, Gold",79.00,139.00,https://kg-static-cache.s3.amazonaws.com/catalog/product/cache/thumbnail/1622x1622/5/7/5705361979.jpg?v=1&width=800,Women > Shoes > Heels > Low-mid-heels,Women > Shoes > Heels > Low-mid-heels,10/09/2026,,FALSE,,43,IN STOCK,,,Metallic,,,166,TRUE,TRUE,TRUE
Kurt Geiger London,5501600609,5501600609,5501600609,Kurt Geiger Women's Heels Black Fabric Brixton,https://www.shoeaholics.com/women/shoes/heels/high-heels/brixton-ankle-strap-black-fabric-kurt-geiger-london-5501600609?utm_source=display&utm_medium=programmatic&utm_campaign=performance&utm_content=rtg,"Womens Kurt Geiger London Brixton Ankle Strap Heel """", 6 Uk, Black","Womens Kurt Geiger London Brixton Ankle Strap Heel """", 6 Uk, Black",139.00,199.00,https://kg-static-cache.s3.amazonaws.com/catalog/product/cache/thumbnail/1622x1622/5/5/5501600609.jpg?v=1&width=800,Women > Shoes > Heels > High-heels,Women > Shoes > Heels > High-heels,10/09/2026,,FALSE,,171,IN STOCK,,,Black,,,60,TRUE,TRUE,TRUE
Kurt Geiger London,5997764609,5997764609,5997764609,Kurt Geiger Women's Heels Gunmetal Fabric Brixton,https://www.shoeaholics.com/women/shoes/heels/high-heels/brixton-platform-gunmetal-fabric-kurt-geiger-london-5997764609?utm_source=display&utm_medium=programmatic&utm_campaign=performance&utm_content=rtg,"Black Crystal High Platform Heel, Gunmetal","Black Crystal High Platform Heel, Gunmetal",119.00,179.00,https://kg-static-cache.s3.amazonaws.com/catalog/product/cache/thumbnail/1622x1622/5/9/5997764609.jpg?v=1&width=800,Women > Shoes > Heels > High-heels,Women > Shoes > Heels > High-heels,10/09/2026,,FALSE,,227,IN STOCK,,,Metallic,,,21,TRUE,TRUE,TRUE
Kg Kurt Geiger,5704663069,5704663069,5704663069,KG Kurt Geiger Women's Heel Silver Fabric Abra,https://www.shoeaholics.com/women/shoes/heels/abra-heel-silver-fabric-other-kg-kurt-geiger-5704663069?utm_source=display&utm_medium=programmatic&utm_campaign=performance&utm_content=rtg,"Womens Kg Kurt Geiger Abra Heel """", 6 Uk, Silver","Womens Kg Kurt Geiger Abra Heel """", 6 Uk, Silver",79.00,149.00,https://kg-static-cache.s3.amazonaws.com/catalog/product/cache/thumbnail/1622x1622/5/7/5704663069.jpg?v=1&width=800,Women > Shoes > Heels,Women > Shoes > Heels,10/09/2026,,FALSE,,8,IN STOCK,,,Metallic,,,297,TRUE,TRUE,TRUE
Kg Kurt Geiger,2580500069,2580500069,2580500069,KG Kurt Geiger Women's Heels Black Synthetic Fleur Bling,https://www.shoeaholics.com/women/shoes/heels/high-heels/fleur-bling-black-fabric-other-kg-kurt-geiger-2580500069?utm_source=display&utm_medium=programmatic&utm_campaign=performance&utm_content=rtg,"Black Crystal Block Heel, Black","Black Crystal Block Heel, Black",79.00,139.00,https://kg-static-cache.s3.amazonaws.com/catalog/product/cache/thumbnail/1622x1622/2/5/2580500069.jpg?v=1&width=800,Women > Shoes > Heels > High-heels,Women > Shoes > Heels > High-heels,10/09/2026,,FALSE,,9,IN STOCK,,,Black,,,283,TRUE,TRUE,TRUE
Carvela,6325663069,6325663069,6325663069,Carvela Women's Heels Silver Divine High Sandal,https://www.shoeaholics.com/women/shoes/heels/high-heels/divine-high-sandal-silver-fabric-other-carvela-6325663069?utm_source=display&utm_medium=programmatic&utm_campaign=performance&utm_content=rtg,"Womens Carvela Divine High Sandal """", 7 Uk, Silver","Womens Carvela Divine High Sandal """", 7 Uk, Silver",89.00,129.00,https://kg-static-cache.s3.amazonaws.com/catalog/product/cache/thumbnail/1622x1622/6/3/6325663069.jpg?v=1&width=800,Women > Shoes > Heels > High-heels,Women > Shoes > Heels > High-heels,10/09/2026,,FALSE,,47,IN STOCK,,,Metallic,,,159,TRUE,TRUE,TRUE
Kg Kurt Geiger,5734761069,5734761069,5734761069,KG Kurt Geiger Women's Heels Gold Fabric Other Soraya,https://www.shoeaholics.com/women/shoes/heels/high-heels/soraya-bling-gold-fabric-other-kg-kurt-geiger-5734761069?utm_source=display&utm_medium=programmatic&utm_campaign=performance&utm_content=rtg,"Gold Crystal High Heel, Gold","Gold Crystal High Heel, Gold",99.00,139.00,https://kg-static-cache.s3.amazonaws.com/catalog/product/cache/thumbnail/1622x1622/5/7/5734761069.jpg?v=1&width=800,Women > Shoes > Heels > High-heels,Women > Shoes > Heels > High-heels,10/09/2026,,FALSE,,41,IN STOCK,,,Metallic,,,172,TRUE,TRUE,TRUE
Dolce Vita,5929833109,5929833109,5929833109,Dolce Vita Birdie 232,https://www.shoeaholics.com/women/shoes/heels/slingbacks/birdie-232-tan-leather-dolce-vita-5929833109?utm_source=display&utm_medium=programmatic&utm_campaign=performance&utm_content=rtg,"Womens Dolce Vita Birdie 232 """", 6 Uk, Tan","Womens Dolce Vita Birdie 232 """", 6 Uk, Tan",99.00,160.00,https://kg-static-cache.s3.amazonaws.com/catalog/product/cache/thumbnail/1622x1622/5/9/5929833109.jpg?v=1&width=800,Women > Shoes > Heels > Slingbacks,Women > Shoes > Heels > Slingbacks,10/09/2026,,FALSE,,13,IN STOCK,,,Tan,,,260,TRUE,TRUE,TRUE
Carvela,5708661979,5708661979,5708661979,Kurt Geiger Women's Heels Gold Synthetic Ravello,https://www.shoeaholics.com/women/shoes/heels/high-heels/ravello-wedge-gold-synthetic-carvela-5708661979?utm_source=display&utm_medium=programmatic&utm_campaign=performance&utm_content=rtg,"Gold Wedge Heel, Gold","Gold Wedge Heel, Gold",79.00,139.00,https://kg-static-cache.s3.amazonaws.com/catalog/product/cache/thumbnail/1622x1622/5/7/5708661979.jpg?v=1&width=800,Women > Shoes > Heels > High-heels,Women > Shoes > Heels > High-heels,10/09/2026,,FALSE,,27,IN STOCK,,,Metallic,,,213,TRUE,TRUE,TRUE
Kg Kurt Geiger,5786343449,5786343449,5786343449,KG Kurt Geiger Women's Wedge Heel Beige Combination Raffia Prairie,https://www.shoeaholics.com/women/shoes/heels/high-heels/prairie-wedge-beige-combination-raffia-kg-kurt-geiger-5786343449?utm_source=display&utm_medium=programmatic&utm_campaign=performance&utm_content=rtg,"Beige Faux Pearl Wedge Heel, Beige","Beige Faux Pearl Wedge Heel, Beige",69.00,149.00,https://kg-static-cache.s3.amazonaws.com/catalog/product/cache/thumbnail/1622x1622/5/7/5786343449.jpg?v=1&width=800,Women > Shoes > Heels > High-heels,Women > Shoes > Heels > High-heels,10/09/2026,,FALSE,,22,IN STOCK,,,Nude,,,224,TRUE,TRUE,TRUE
Carvela,5255048209,5255048209,5255048209,Carvela Women's Heels Camel Suede Pompeii,https://www.shoeaholics.com/women/shoes/heels/low-mid-heels/pompeii-court-camel-suede-carvela-5255048209?utm_source=display&utm_medium=programmatic&utm_campaign=performance&utm_content=rtg,"Camel Suede Court Heel, Camel","Camel Suede Court Heel, Camel",39.00,139.00,https://kg-static-cache.s3.amazonaws.com/catalog/product/cache/thumbnail/1622x1622/5/2/5255048209.jpg?v=1&width=800,Women > Shoes > Heels > Low-mid-heels,Women > Shoes > Heels > Low-mid-heels,10/09/2026,,FALSE,,34,IN STOCK,,,Tan,,,193,TRUE,TRUE,TRUE
Kurt Geiger London,5997661609,5997661609,5997661609,Kurt Geiger Women's Heels Gold Fabric Kingsley,https://www.shoeaholics.com/women/shoes/heels/high-heels/kingsley-platform-gold-fabric-kurt-geiger-london-5997661609?utm_source=display&utm_medium=programmatic&utm_campaign=performance&utm_content=rtg,"Gold Fabric Kingsley Platform Heel, Gold","Gold Fabric Kingsley Platform Heel, Gold",129.00,199.00,https://kg-static-cache.s3.amazonaws.com/catalog/product/cache/thumbnail/1622x1622/5/9/5997661609.jpg?v=1&width=800,Women > Shoes > Heels > High-heels,Women > Shoes > Heels > High-heels,10/09/2026,,FALSE,,182,IN STOCK,,,Metallic,,,54,TRUE,TRUE,TRUE
Carvela,5516361979,5516361979,5516361979,Carvela Women's Heels Gold Synthetic Paparazzi,https://www.shoeaholics.com/women/shoes/heels/block-heels/paparazzi-block-gold-synthetic-carvela-5516361979?utm_source=display&utm_medium=programmatic&utm_campaign=performance&utm_content=rtg,"Womens Carvela Paparazzi Block Heel """", 9 Uk, Gold","Womens Carvela Paparazzi Block Heel """", 9 Uk, Gold",39.00,139.00,https://kg-static-cache.s3.amazonaws.com/catalog/product/cache/thumbnail/1622x1622/5/5/5516361979.jpg?v=1&width=800,Women > Shoes > Heels > Block-heels,Women > Shoes > Heels > Block-heels,10/09/2026,,FALSE,,6,IN STOCK,,,Metallic,,,311,TRUE,TRUE,TRUE
Steve Madden,5343899979,5343899979,5343899979,Steve Madden Tracie Jelly Clear,https://www.shoeaholics.com/women/shoes/heels/low-mid-heels/tracie-j-14i-other-synthetic-steve-madden-5343899979?utm_source=display&utm_medium=programmatic&utm_campaign=performance&utm_content=rtg,"Womens Steve Madden Tracie Jelly Clear """", 8 Uk","Womens Steve Madden Tracie Jelly Clear """", 8 Uk",59.00,100.00,https://kg-static-cache.s3.amazonaws.com/catalog/product/cache/thumbnail/1622x1622/5/3/5343899979.jpg?v=1&width=800,Women > Shoes > Heels > Low-mid-heels,Women > Shoes > Heels > Low-mid-heels,10/09/2026,,FALSE,,9,IN STOCK,,,,,,284,TRUE,TRUE,TRUE
Kurt Geiger London,6269439209,6269439209,6269439209,Kurt Geiger Women's Heels Brown Other Suede Kingsley,https://www.shoeaholics.com/women/shoes/heels/slingbacks/kingsley-block-heel-brown-other-suede-kurt-geiger-london-6269439209?utm_source=display&utm_medium=programmatic&utm_campaign=performance&utm_content=rtg,Brown Leopard Suede Kingsley,Brown Leopard Suede Kingsley,119.00,169.00,https://kg-static-cache.s3.amazonaws.com/catalog/product/cache/thumbnail/1622x1622/6/2/6269439209.jpg?v=1&width=800,Women > Shoes > Heels > Slingbacks,Women > Shoes > Heels > Slingbacks,10/09/2026,,FALSE,,115,IN STOCK,,,,,,106,TRUE,TRUE,TRUE
Kurt Geiger London,6269450209,6269450209,6269450209,Kurt Geiger Women's Heels Red Suede Kingsley,https://www.shoeaholics.com/women/shoes/heels/slingbacks/kingsley-block-heel-red-suede-kurt-geiger-london-6269450209?utm_source=display&utm_medium=programmatic&utm_campaign=performance&utm_content=rtg,"Red Suede Block Heel, Red","Red Suede Block Heel, Red",119.00,169.00,https://kg-static-cache.s3.amazonaws.com/catalog/product/cache/thumbnail/1622x1622/6/2/6269450209.jpg?v=1&width=800,Women > Shoes > Heels > Slingbacks,Women > Shoes > Heels > Slingbacks,10/09/2026,,FALSE,,84,IN STOCK,,,Red,,,123,TRUE,TRUE,TRUE
Carvela,5709630609,5709630609,5709630609,Carvela Women's Heels Brown Fabric Sonata Cork,https://www.shoeaholics.com/women/shoes/heels/high-heels/sonata-cork-brown-fabric-carvela-5709630609?utm_source=display&utm_medium=programmatic&utm_campaign=performance&utm_content=rtg,"Cork Platform Heel, Brown","Cork Platform Heel, Brown",79.00,139.00,https://kg-static-cache.s3.amazonaws.com/catalog/product/cache/thumbnail/1622x1622/5/7/5709630609.jpg?v=1&width=800,Women > Shoes > Heels > High-heels,Women > Shoes > Heels > High-heels,10/09/2026,,FALSE,,29,IN STOCK,,,Brown,,,207,TRUE,TRUE,TRUE
Carvela,9297441979,9297441979,9297441979,Carvela Women's Court Heel Bone Synthetic Refined,https://www.shoeaholics.com/women/shoes/heels/low-mid-heels/refined-court-bone-synthetic-carvela-9297441979?utm_source=display&utm_medium=programmatic&utm_campaign=performance&utm_content=rtg,"Bone Block Heel, Bone","Bone Block Heel, Bone",79.00,129.00,https://kg-static-cache.s3.amazonaws.com/catalog/product/cache/thumbnail/1622x1622/9/2/9297441979.jpg?v=1&width=800,Women > Shoes > Heels > Low-mid-heels,Women > Shoes > Heels > Low-mid-heels,10/09/2026,,FALSE,,27,IN STOCK,,,White,,,214,TRUE,TRUE,TRUE
Kg Kurt Geiger,5760143069,5760143069,5760143069,KG Kurt Geiger Women's Heels Beige Combination Fabric Other Adina,https://www.shoeaholics.com/women/shoes/heels/high-heels/adina-embroidery-beige-combination-fabric-other-kg-kurt-geiger-5760143069?utm_source=display&utm_medium=programmatic&utm_campaign=performance&utm_content=rtg,"Cherry Embroidered High Heel, Beige","Cherry Embroidered High Heel, Beige",49.00,119.00,https://kg-static-cache.s3.amazonaws.com/catalog/product/cache/thumbnail/1622x1622/5/7/5760143069.jpg?v=1&width=800,Women > Shoes > Heels > High-heels,Women > Shoes > Heels > High-heels,10/09/2026,,FALSE,,14,IN STOCK,,,Nude,,,258,TRUE,TRUE,TRUE
Carvela,9297461979,9297461979,9297461979,Carvela Women's Heels Gold Synthetic Refined,https://www.shoeaholics.com/women/shoes/heels/low-mid-heels/refined-court-gold-synthetic-carvela-9297461979?utm_source=display&utm_medium=programmatic&utm_campaign=performance&utm_content=rtg,"Gold Heels, Gold","Gold Heels, Gold",39.00,129.00,https://kg-static-cache.s3.amazonaws.com/catalog/product/cache/thumbnail/1622x1622/9/2/9297461979.jpg?v=1&width=800,Women > Shoes > Heels > Low-mid-heels,Women > Shoes > Heels > Low-mid-heels,10/09/2026,,FALSE,,19,IN STOCK,,,Metallic,,,236,TRUE,TRUE,TRUE
Kurt Geiger London,5998089019,5998089019,5998089019,Kurt Geiger London Square Block Heel Blue Sequin Block Heel,https://www.shoeaholics.com/women/shoes/heels/low-mid-heels/square-block-heel-blue-other-leather-other-kurt-geiger-london-5998089019?utm_source=display&utm_medium=programmatic&utm_campaign=performance&utm_content=rtg,Blue Sequin Block Heel,Blue Sequin Block Heel,109.00,159.00,https://kg-static-cache.s3.amazonaws.com/catalog/product/cache/thumbnail/1622x1622/5/9/5998089019.jpg?v=1&width=800,Women > Shoes > Heels > Low-mid-heels,Women > Shoes > Heels > Low-mid-heels,10/09/2026,,FALSE,,23,IN STOCK,,,,,,223,TRUE,TRUE,TRUE
Carvela,5813869609,5813869609,5813869609,Carvela Women's Heels Multi Other Fabric Soprano,https://www.shoeaholics.com/women/shoes/heels/low-mid-heels/soprano-heel-multi-other-fabric-carvela-5813869609?utm_source=display&utm_medium=programmatic&utm_campaign=performance&utm_content=rtg,Orange Pink Block Heel,Orange Pink Block Heel,59.00,139.00,https://kg-static-cache.s3.amazonaws.com/catalog/product/cache/thumbnail/1622x1622/5/8/5813869609.jpg?v=1&width=800,Women > Shoes > Heels > Low-mid-heels,Women > Shoes > Heels > Low-mid-heels,10/09/2026,,FALSE,,8,IN STOCK,,,,,,298,TRUE,TRUE,TRUE
Carvela,5305861979,5305861979,5305861979,Carvela Capo Block Heel Block Gold Heel,https://www.shoeaholics.com/women/shoes/heels/high-heels/capo-block-heel-gold-synthetic-carvela-5305861979?utm_source=display&utm_medium=programmatic&utm_campaign=performance&utm_content=rtg,"Block Gold Heel, Gold","Block Gold Heel, Gold",29.00,119.00,https://kg-static-cache.s3.amazonaws.com/catalog/product/cache/thumbnail/1622x1622/5/3/5305861979.jpg?v=1&width=800,Women > Shoes > Heels > High-heels,Women > Shoes > Heels > High-heels,10/09/2026,,FALSE,,20,IN STOCK,,,Metallic,,,232,TRUE,TRUE,TRUE
Kurt Geiger London,5997685669,5997685669,5997685669,Kurt Geiger Women's Heels Blue Dark Combination Kingsley,https://www.shoeaholics.com/women/shoes/heels/high-heels/kingsley-platform-blue-dark-combination-denim-kurt-geiger-london-5997685669?utm_source=display&utm_medium=programmatic&utm_campaign=performance&utm_content=rtg,"Dark Blue Denim Platform Heel, Blue Dark Combination","Dark Blue Denim Platform Heel, Blue Dark Combination",139.00,199.00,https://kg-static-cache.s3.amazonaws.com/catalog/product/cache/thumbnail/1622x1622/5/9/5997685669.jpg?v=1&width=800,Women > Shoes > Heels > High-heels,Women > Shoes > Heels > High-heels,10/09/2026,,FALSE,,19,IN STOCK,,,Blue,,,237,TRUE,TRUE,TRUE
Carvela,5134500069,5134500069,5134500069,Carvela Venezia Court Heel Black Satin Court Heel,https://www.shoeaholics.com/women/shoes/heels/high-heels/venezia-court-black-fabric-other-carvela-5134500069?utm_source=display&utm_medium=programmatic&utm_campaign=performance&utm_content=rtg,"Black Satin Court Heel, Black","Black Satin Court Heel, Black",39.00,139.00,https://kg-static-cache.s3.amazonaws.com/catalog/product/cache/thumbnail/1622x1622/5/1/5134500069.jpg?v=1&width=800,Women > Shoes > Heels > High-heels,Women > Shoes > Heels > High-heels,10/09/2026,,FALSE,,16,IN STOCK,,,Black,,,247,TRUE,TRUE,TRUE
Steve Madden,6231000019,6231000019,6231000019,Steve Madden Montage Black Leather,https://www.shoeaholics.com/women/shoes/heels/low-mid-heels/montage-977-black-leather-other-steve-madden-6231000019?utm_source=display&utm_medium=programmatic&utm_campaign=performance&utm_content=rtg,"Womens Steve Madden Montage Black Leather """", 7 Uk, Black","Womens Steve Madden Montage Black Leather """", 7 Uk, Black",79.00,130.00,https://kg-static-cache.s3.amazonaws.com/catalog/product/cache/thumbnail/1622x1622/6/2/6231000019.jpg?v=1&width=800,Women > Shoes > Heels > Low-mid-heels,Women > Shoes > Heels > Low-mid-heels,10/09/2026,,FALSE,,10,IN STOCK,,,Black,,,276,TRUE,TRUE,TRUE
Carvela,5255000209,5255000209,5255000209,Carvela Women's Heels Black Suede Pompeii,https://www.shoeaholics.com/women/shoes/heels/low-mid-heels/pompeii-court-black-suede-carvela-5255000209?utm_source=display&utm_medium=programmatic&utm_campaign=performance&utm_content=rtg,"Womens Carvela Pompeii Court Heel """", 9 Uk, Black","Womens Carvela Pompeii Court Heel """", 9 Uk, Black",49.00,139.00,https://kg-static-cache.s3.amazonaws.com/catalog/product/cache/thumbnail/1622x1622/5/2/5255000209.jpg?v=1&width=800,Women > Shoes > Heels > Low-mid-heels,Women > Shoes > Heels > Low-mid-heels,10/09/2026,,FALSE,,12,IN STOCK,,,Black,,,265,TRUE,TRUE,TRUE
Kg Kurt Geiger,5735361829,5735361829,5735361829,KG Kurt Geiger Women's Heels Gold Synthetic Abra Platform,https://www.shoeaholics.com/women/shoes/heels/block-heels/abra-platform-gold-polyurethane-kg-kurt-geiger-5735361829?utm_source=display&utm_medium=programmatic&utm_campaign=performance&utm_content=rtg,"Gold Crystal Platform Heel, Gold","Gold Crystal Platform Heel, Gold",59.00,149.00,https://kg-static-cache.s3.amazonaws.com/catalog/product/cache/thumbnail/1622x1622/5/7/5735361829.jpg?v=1&width=800,Women > Shoes > Heels > Block-heels,Women > Shoes > Heels > Block-heels,10/09/2026,,FALSE,,16,IN STOCK,,,Metallic,,,248,TRUE,TRUE,TRUE
Kg Kurt Geiger,2578541829,2578541829,2578541829,KG Kurt Geiger Women's Heels Bone Synthetic Fleur,https://www.shoeaholics.com/women/shoes/heels/block-heels/fleur-bone-polyurethane-kg-kurt-geiger-2578541829?utm_source=display&utm_medium=programmatic&utm_campaign=performance&utm_content=rtg,"Bone Heel, Bone","Bone Heel, Bone",29.00,119.00,https://kg-static-cache.s3.amazonaws.com/catalog/product/cache/thumbnail/1622x1622/2/5/2578541829.jpg?v=1&width=800,Women > Shoes > Heels > Block-heels,Women > Shoes > Heels > Block-heels,10/09/2026,,FALSE,,12,IN STOCK,,,White,,,266,TRUE,TRUE,TRUE
Carvela,5709515609,5709515609,5709515609,Carvela Women's Heels White Combination Fabric Sonata,https://www.shoeaholics.com/women/shoes/heels/low-mid-heels/sonata-white-comb-fabric-carvela-5709515609?utm_source=display&utm_medium=programmatic&utm_campaign=performance&utm_content=rtg,"Pearl White High Heel, White Comb","Pearl White High Heel, White Comb",109.00,149.00,https://kg-static-cache.s3.amazonaws.com/catalog/product/cache/thumbnail/1622x1622/5/7/5709515609.jpg?v=1&width=800,Women > Shoes > Heels > Low-mid-heels,Women > Shoes > Heels > Low-mid-heels,10/09/2026,,FALSE,,9,IN STOCK,,,White,,,285,TRUE,TRUE,TRUE
Kurt Geiger London,5501698419,5501698419,5501698419,Kurt Geiger Women's Heels Pink Croc Embossed Brixton,https://www.shoeaholics.com/women/shoes/heels/high-heels/brixton-ankle-strap-pink-croc-print-leather-kurt-geiger-london-5501698419?utm_source=display&utm_medium=programmatic&utm_campaign=performance&utm_content=rtg,"Pink Croc Embossed Leather High Heel, Pink","Pink Croc Embossed Leather High Heel, Pink",129.00,199.00,https://kg-static-cache.s3.amazonaws.com/catalog/product/cache/thumbnail/1622x1622/5/5/5501698419.jpg?v=1&width=800,Women > Shoes > Heels > High-heels,Women > Shoes > Heels > High-heels,10/09/2026,,FALSE,,29,IN STOCK,,,Pink,,,208,TRUE,TRUE,TRUE
Carvela,5255003589,5255003589,5255003589,Carvela Women's Heels Black Brown Pony Leather Pompeii,https://www.shoeaholics.com/women/shoes/heels/low-mid-heels/pompeii-court-black-brown-pony-carvela-5255003589?utm_source=display&utm_medium=programmatic&utm_campaign=performance&utm_content=rtg,"Womens Carvela Pompeii Court Heel """", 3 Uk, Black Brown","Womens Carvela Pompeii Court Heel """", 3 Uk, Black Brown",49.00,139.00,https://kg-static-cache.s3.amazonaws.com/catalog/product/cache/thumbnail/1622x1622/5/2/5255003589.jpg?v=1&width=800,Women > Shoes > Heels > Low-mid-heels,Women > Shoes > Heels > Low-mid-heels,10/09/2026,,FALSE,,14,IN STOCK,,,Black,,,259,TRUE,TRUE,TRUE
Kg Kurt Geiger,4809630069,4809630069,4809630069,KG Kurt Geiger Women's Heels Brown Fabric Fleur Platform,https://www.shoeaholics.com/women/shoes/heels/high-heels/fleur-platform-brown-fabric-other-kg-kurt-geiger-4809630069?utm_source=display&utm_medium=programmatic&utm_campaign=performance&utm_content=rtg,"Brown Satin Fabric Platform Heel, Brown","Brown Satin Fabric Platform Heel, Brown",89.00,149.00,https://kg-static-cache.s3.amazonaws.com/catalog/product/cache/thumbnail/1622x1622/4/8/4809630069.jpg?v=1&width=800,Women > Shoes > Heels > High-heels,Women > Shoes > Heels > High-heels,10/09/2026,,FALSE,,6,IN STOCK,,,Brown,,,312,TRUE,TRUE,TRUE
Steve Madden,6346100609,6346100609,6346100609,Steve Madden Bri-l 169,https://www.shoeaholics.com/women/shoes/heels/bri-l-169-black-fabric-steve-madden-6346100609?utm_source=display&utm_medium=programmatic&utm_campaign=performance&utm_content=rtg,"Womens Steve Madden Bri-L 169 """", 7 Uk, Black","Womens Steve Madden Bri-L 169 """", 7 Uk, Black",140.00,140.00,https://kg-static-cache.s3.amazonaws.com/catalog/product/cache/thumbnail/1622x1622/6/3/6346100609.jpg?v=1&width=800,Women > Shoes > Heels,Women > Shoes > Heels,10/09/2026,,FALSE,,9,IN STOCK,,,Black,,,286,TRUE,TRUE,FALSE
Carvela,5350000109,5350000109,5350000109,Carvela Womens' Heels Black Leather Eterno,https://www.shoeaholics.com/women/shoes/heels/high-heels/eterno-strappy-court-black-leather-carvela-5350000109?utm_source=display&utm_medium=programmatic&utm_campaign=performance&utm_content=rtg,"Womens Carvela Eterno Court Heel """", 9 Uk, Black","Womens Carvela Eterno Court Heel """", 9 Uk, Black",49.00,149.00,https://kg-static-cache.s3.amazonaws.com/catalog/product/cache/thumbnail/1622x1622/5/3/5350000109.jpg?v=1&width=800,Women > Shoes > Heels > High-heels,Women > Shoes > Heels > High-heels,10/09/2026,,FALSE,,6,IN STOCK,,,Black,,,313,TRUE,TRUE,TRUE
