prclient,prid,pridfiltered,prid_filtered,prname,prurl,prshortdescription,prdescription,prdisplayprice,prprice,primageurl,prcategory,prsubcategory,prcreatedon,pralternativeurl,prbestseller,prsku,pravailablequantity,pravailability,prquantitysold,prsize,prcolor,prcountry,prfromprice,prposition,isactive,isdefault,pronsale
Steve Madden,1353521561690,1353521561690,1353521561690,Steve Madden Women's Luca Cuffed Boots - Black - Size 7 - Leather,https://www.stevemadden.com/products/luca-black-leather?utm_source=display&utm_medium=programmatic&utm_campaign=performance&utm_content=rtg,"The LUCA boot features a sleek pointed-toe and a comfortable kitten heel, expertly crafted from high-quality materials. This design offers a sophisticated, streamlined look that enhances any outfit, providing subtle elevation without sacrificing comfort. Ideal for professional settings or stylish everyday wear, this boot combines timeless elegance with practical wearability. 2 inch heel height 15.5 inch shaft circumference 15.5 inch shaft height Leather upper material Synthetic lining Synthetic sock Synthetic sole Imported Steve Madden LUCA BLACK LEATHER | 7 | Steve Madden Women's Luca Cuffed Boots - Black - Size 7 - Leather","The LUCA boot features a sleek pointed-toe and a comfortable kitten heel, expertly crafted from high-quality materials. This design offers a sophisticated, streamlined look that enhances any outfit, providing subtle elevation without sacrificing comfort. Ideal for professional settings or stylish everyday wear, this boot combines timeless elegance with practical wearability. 2 inch heel height 15.5 inch shaft circumference 15.5 inch shaft height Leather upper material Synthetic lining Synthetic sock Synthetic sole Imported Steve Madden LUCA BLACK LEATHER | 7 | Steve Madden Women's Luca Cuffed Boots - Black - Size 7 - Leather",149.99,199.95,https://cdn.shopify.com/s/files/1/2170/8465/files/STEVEMADDEN_SHOES_LUCA_BLACK-LEATHER_01.jpg,Women's Shoes > Boots,Women's Shoes > Boots,03/10/2026,,FALSE,12365616840794,,IN STOCK,,"12, 6.5, 7, 9.5",Black,,,1,TRUE,TRUE,TRUE
Steve Madden,6624716226693,6624716226693,6624716226693,Steve Madden Women's Aria Knee High Boots - Black - Size 9.5 - Leather,https://www.stevemadden.com/products/aria-black?utm_source=display&utm_medium=programmatic&utm_campaign=performance&utm_content=rtg,"Elevate your style with our ARIA knee-high heeled boot. Crafted with a sleek design, these boots will add a touch of sophistication to any outfit. You can confidently step out in style with a comfortable heel height and secure fit. Perfect for any fashion-forward individual. 4 inch heel height Size 6 measurements: 12.80 inch shaft circumference, 14.5 inch shaft height Size 8 measurements: 13.58 inch shaft circumference, 15.75 inch shaft height Size 10 measurements: 14.37 inch shaft circumference, 16.5 inch shaft height For correct calf measurements, measure your bare calf at its widest circumference with your foot flat on the ground Features stretch material for a flexible fit - may allow for additional calf circumference beyond listed measurements Vegan leather upper material Textile lining Vegan leather sock Synthetic sole Imported Steve Madden ARIA BLACK | 9.5 | Steve Madden Women's Aria Knee High Boots - Black - Size 9.5 - Leather","Elevate your style with our ARIA knee-high heeled boot. Crafted with a sleek design, these boots will add a touch of sophistication to any outfit. You can confidently step out in style with a comfortable heel height and secure fit. Perfect for any fashion-forward individual. 4 inch heel height Size 6 measurements: 12.80 inch shaft circumference, 14.5 inch shaft height Size 8 measurements: 13.58 inch shaft circumference, 15.75 inch shaft height Size 10 measurements: 14.37 inch shaft circumference, 16.5 inch shaft height For correct calf measurements, measure your bare calf at its widest circumference with your foot flat on the ground Features stretch material for a flexible fit - may allow for additional calf circumference beyond listed measurements Vegan leather upper material Textile lining Vegan leather sock Synthetic sole Imported Steve Madden ARIA BLACK | 9.5 | Steve Madden Women's Aria Knee High Boots - Black - Size 9.5 - Leather",49.99,139.95,https://cdn.shopify.com/s/files/1/2170/8465/files/STEVEMADDEN_SHOES_ARIA_BLACK_01.jpg,Women's Shoes > Boots,Women's Shoes > Boots,03/10/2026,,FALSE,39592062582917,,IN STOCK,,"10, 11, 12, 9.5",Black,,,2,TRUE,TRUE,TRUE
Steve Madden,6734485717125,6734485717125,6734485717125,Steve Madden Women's Rocky Knee High Boots - Brown Distressed - Size 5 - Leather,https://www.stevemadden.com/products/rocky-brown-distressed?utm_source=display&utm_medium=programmatic&utm_campaign=performance&utm_content=rtg,"The ROCKY knee boot features the wide profile of an engineer boot with harness and buckle hardware adding an industrial edge and giving the design an adjustable fit. Block heel engineer boot Slip-on style Top gore with 4 adjustable buckle straps 2 inch heel height Size 6 measurements: 14.57 inch shaft circumference, 12.5 inch shaft height Size 8 measurements: 15.50 inch shaft circumference, 13 inch shaft height Size 10 measurements: 16.44 inch shaft circumference, 13.5 inch shaft height For correct calf measurements, measure your bare calf at its widest circumference with your foot flat on the ground Leather upper material Textile and synthetic lining Synthetic sock Synthetic sole This product is made with premium leather and is individually hand finished. As a result, the product can vary slightly from the pictures. Fit tip: If you are in between sizes, size up a half-size Imported Steve Madden ROCKY BROWN DISTRESSED | Brn Distressed | 5 | Steve Madden Women's Rocky Knee High Boots - Brown Distressed - Size 5 - Leather","The ROCKY knee boot features the wide profile of an engineer boot with harness and buckle hardware adding an industrial edge and giving the design an adjustable fit. Block heel engineer boot Slip-on style Top gore with 4 adjustable buckle straps 2 inch heel height Size 6 measurements: 14.57 inch shaft circumference, 12.5 inch shaft height Size 8 measurements: 15.50 inch shaft circumference, 13 inch shaft height Size 10 measurements: 16.44 inch shaft circumference, 13.5 inch shaft height For correct calf measurements, measure your bare calf at its widest circumference with your foot flat on the ground Leather upper material Textile and synthetic lining Synthetic sock Synthetic sole This product is made with premium leather and is individually hand finished. As a result, the product can vary slightly from the pictures. Fit tip: If you are in between sizes, size up a half-size Imported Steve Madden ROCKY BROWN DISTRESSED | Brn Distressed | 5 | Steve Madden Women's Rocky Knee High Boots - Brown Distressed - Size 5 - Leather",159.95,159.95,https://cdn.shopify.com/s/files/1/2170/8465/files/STEVEMADDEN_SHOES_ROCKY_BROWN-DISTRESSED_01.jpg,Women's Shoes > Boots,Women's Shoes > Boots,03/10/2026,,FALSE,39956363903109,,IN STOCK,,"10, 11, 12, 13, 14, 5, 5.5, 6, 6.5, 7, 7.5, 8, 8.5, 9, 9.5",Brown Distressed,,,3,TRUE,TRUE,FALSE
Steve Madden,6808659525765,6808659525765,6808659525765,Steve Madden Women's Astor Knee High Boots - Black - Size 5 - Leather,https://www.stevemadden.com/products/astor-black-leather?utm_source=display&utm_medium=programmatic&utm_campaign=performance&utm_content=rtg,"The ASTOR square toe boot features a slouchy mid-calf silhouette reinforced with strap accents and substantial buckle hardware. A wide sole with a block heel provides a solid foundation for this engineer-inspired design. Square toe block heel engineer boot Slip-on style Heel harness strap with hardware Top gore with 2 buckle straps for adjustable fit 2 inch heel height Size 6 measurements: 14.57 inch shaft circumference, 11.5 inch shaft height Size 8 measurements: 15.50 inch shaft circumference, 12 inch shaft height Size 10 measurements: 16.44 inch shaft circumference, 12.5 inch shaft height For correct calf measurements, measure your bare calf at its widest circumference with your foot flat on the ground Leather upper material Leather lining Leather sock Synthetic sole Fit tip: if you are in between sizes, size up a half size Imported Steve Madden ASTOR BLACK LEATHER | 5 | Steve Madden Women's Astor Knee High Boots - Black - Size 5 - Leather","The ASTOR square toe boot features a slouchy mid-calf silhouette reinforced with strap accents and substantial buckle hardware. A wide sole with a block heel provides a solid foundation for this engineer-inspired design. Square toe block heel engineer boot Slip-on style Heel harness strap with hardware Top gore with 2 buckle straps for adjustable fit 2 inch heel height Size 6 measurements: 14.57 inch shaft circumference, 11.5 inch shaft height Size 8 measurements: 15.50 inch shaft circumference, 12 inch shaft height Size 10 measurements: 16.44 inch shaft circumference, 12.5 inch shaft height For correct calf measurements, measure your bare calf at its widest circumference with your foot flat on the ground Leather upper material Leather lining Leather sock Synthetic sole Fit tip: if you are in between sizes, size up a half size Imported Steve Madden ASTOR BLACK LEATHER | 5 | Steve Madden Women's Astor Knee High Boots - Black - Size 5 - Leather",159.95,159.95,https://cdn.shopify.com/s/files/1/2170/8465/files/STEVEMADDEN_SHOES_ASTOR_BLACK-LEATHER_01.jpg,Women's Shoes > Boots,Women's Shoes > Boots,03/10/2026,,FALSE,40175287042181,,IN STOCK,,"10, 11, 12, 13, 14, 5, 5.5, 6, 6.5, 7, 7.5, 8, 8.5, 9, 9.5",Black,,,4,TRUE,TRUE,FALSE
Steve Madden,6808659722373,6808659722373,6808659722373,Steve Madden Women's Astor Knee High Boots - Brown - Size 5 - Leather,https://www.stevemadden.com/products/astor-brown-leather?utm_source=display&utm_medium=programmatic&utm_campaign=performance&utm_content=rtg,"The ASTOR square toe boot features a slouchy mid-calf silhouette reinforced with strap accents and substantial buckle hardware. A wide sole with a block heel provides a solid foundation for this engineer-inspired design. Square toe block heel engineer boot Slip-on style Heel harness strap with hardware Top gore with 2 buckle straps for adjustable fit 2 inch heel height Size 6 measurements: 14.57 inch shaft circumference, 11.5 inch shaft height Size 8 measurements: 15.50 inch shaft circumference, 12 inch shaft height Size 10 measurements: 16.44 inch shaft circumference, 12.5 inch shaft height For correct calf measurements, measure your bare calf at its widest circumference with your foot flat on the ground Leather upper material Leather lining Leather sock Synthetic sole This product is made with premium leather and is individually hand finished. As a result, the product can vary slightly from the pictures. Fit tip: if you are in between sizes, size up a half size Imported Steve Madden ASTOR BROWN LEATHER | 5 | Steve Madden Women's Astor Knee High Boots - Brown - Size 5 - Leather","The ASTOR square toe boot features a slouchy mid-calf silhouette reinforced with strap accents and substantial buckle hardware. A wide sole with a block heel provides a solid foundation for this engineer-inspired design. Square toe block heel engineer boot Slip-on style Heel harness strap with hardware Top gore with 2 buckle straps for adjustable fit 2 inch heel height Size 6 measurements: 14.57 inch shaft circumference, 11.5 inch shaft height Size 8 measurements: 15.50 inch shaft circumference, 12 inch shaft height Size 10 measurements: 16.44 inch shaft circumference, 12.5 inch shaft height For correct calf measurements, measure your bare calf at its widest circumference with your foot flat on the ground Leather upper material Leather lining Leather sock Synthetic sole This product is made with premium leather and is individually hand finished. As a result, the product can vary slightly from the pictures. Fit tip: if you are in between sizes, size up a half size Imported Steve Madden ASTOR BROWN LEATHER | 5 | Steve Madden Women's Astor Knee High Boots - Brown - Size 5 - Leather",159.95,159.95,https://cdn.shopify.com/s/files/1/2170/8465/files/STEVEMADDEN_SHOES_ASTOR_BROWN-LEATHER_01.jpg,Women's Shoes > Boots,Women's Shoes > Boots,03/10/2026,,FALSE,40175289892997,,IN STOCK,,"10, 11, 12, 13, 5, 5.5, 6, 6.5, 7, 7.5, 8, 8.5, 9, 9.5",Brown,,,5,TRUE,TRUE,FALSE
Steve Madden,6817460781189,6817460781189,6817460781189,Steve Madden Women's Berkleigh Knee High Boots - Black - Size 5 - Leather,https://www.stevemadden.com/products/berkleigh-black?utm_source=display&utm_medium=programmatic&utm_campaign=performance&utm_content=rtg,"The BERKLEIGH square toe knee boot gives you a sleek and defined silhouette with a stretch fabric construction and platform sole with a block heel. Square toe platform block heel knee boot Side zipper closure 3.25 inch heel height 1 inch platform Size 6 measurements: 13.39 inch top-shaft circumference, 11.9 inch mid-shaft circumference, 15 inch shaft height Size 8 measurements: 14.17 inch top-shaft circumference, 12.3 inch mid-shaft circumference, 16 inch shaft height Size 10 measurements: 14.96 inch top-shaft circumference, 12.6 inch mid-shaft circumference, 16.5 inch shaft height For correct calf measurements, measure your bare calf at its widest circumference with your foot flat on the ground Features stretch material for a flexible fit - may allow for additional calf circumference beyond listed measurements Vegan leather upper material Textile lining Vegan leather sock Synthetic sole Imported Steve Madden BERKLEIGH BLACK | 5 | Steve Madden Women's Berkleigh Knee High Boots - Black - Size 5 - Leather","The BERKLEIGH square toe knee boot gives you a sleek and defined silhouette with a stretch fabric construction and platform sole with a block heel. Square toe platform block heel knee boot Side zipper closure 3.25 inch heel height 1 inch platform Size 6 measurements: 13.39 inch top-shaft circumference, 11.9 inch mid-shaft circumference, 15 inch shaft height Size 8 measurements: 14.17 inch top-shaft circumference, 12.3 inch mid-shaft circumference, 16 inch shaft height Size 10 measurements: 14.96 inch top-shaft circumference, 12.6 inch mid-shaft circumference, 16.5 inch shaft height For correct calf measurements, measure your bare calf at its widest circumference with your foot flat on the ground Features stretch material for a flexible fit - may allow for additional calf circumference beyond listed measurements Vegan leather upper material Textile lining Vegan leather sock Synthetic sole Imported Steve Madden BERKLEIGH BLACK | 5 | Steve Madden Women's Berkleigh Knee High Boots - Black - Size 5 - Leather",129.95,129.95,https://cdn.shopify.com/s/files/1/2170/8465/files/STEVEMADDEN_SHOES_BERKLIEGH_BLACK_01_8f2c55e6-4341-42d7-bf91-8cc307e4e59f.jpg,Women's Shoes > Boots,Women's Shoes > Boots,03/10/2026,,FALSE,40197054201989,,IN STOCK,,"10, 11, 12, 13, 14, 5, 5.5, 6, 6.5, 7, 7.5, 8, 8.5, 9, 9.5",Black,,,6,TRUE,TRUE,FALSE
Steve Madden,6822579142789,6822579142789,6822579142789,Steve Madden Women's Berkleigh Wide Calf Block Heel Boots - Black - Size 5.0W - Leather,https://www.stevemadden.com/products/berkleighw-black?utm_source=display&utm_medium=programmatic&utm_campaign=performance&utm_content=rtg,"The BERKLEIGH BLACK WIDE CALF square toe knee boot gives you a sleek and defined silhouette with a stretch fabric construction and platform sole with a block heel. Square toe platform block heel knee boot Side zipper closure Extended shaft circumference for wider fit 3.25 inch heel height 1 inch platform Size 6 measurements: 13.46 inch top-shaft circumference, 13.1 inch mid-shaft circumference, 15 inch shaft height Size 8 measurements: 14.33 inch top-shaft circumference, 13.5 inch mid-shaft circumference, 16 inch shaft height Size 10 measurements: 15.20 inch top-shaft circumference, 13.9 inch mid-shaft circumference, 16.5 inch shaft height For correct calf measurements, measure your bare calf at its widest circumference with your foot flat on the ground Features stretch material for a flexible fit - may allow for additional calf circumference beyond listed measurements Vegan leather upper material Textile lining Vegan leather sock Synthetic sole Imported Steve Madden BERKLEIGH BLACK WIDE CALF | 5.0W | Steve Madden Women's Berkleigh Wide Calf Block Heel Boots - Black - Size 5.0W - Leather","The BERKLEIGH BLACK WIDE CALF square toe knee boot gives you a sleek and defined silhouette with a stretch fabric construction and platform sole with a block heel. Square toe platform block heel knee boot Side zipper closure Extended shaft circumference for wider fit 3.25 inch heel height 1 inch platform Size 6 measurements: 13.46 inch top-shaft circumference, 13.1 inch mid-shaft circumference, 15 inch shaft height Size 8 measurements: 14.33 inch top-shaft circumference, 13.5 inch mid-shaft circumference, 16 inch shaft height Size 10 measurements: 15.20 inch top-shaft circumference, 13.9 inch mid-shaft circumference, 16.5 inch shaft height For correct calf measurements, measure your bare calf at its widest circumference with your foot flat on the ground Features stretch material for a flexible fit - may allow for additional calf circumference beyond listed measurements Vegan leather upper material Textile lining Vegan leather sock Synthetic sole Imported Steve Madden BERKLEIGH BLACK WIDE CALF | 5.0W | Steve Madden Women's Berkleigh Wide Calf Block Heel Boots - Black - Size 5.0W - Leather",129.95,129.95,https://cdn.shopify.com/s/files/1/2170/8465/files/STEVEMADDEN_SHOES_BERKLEIGH-W_BLACK_4086fdc2-3b45-4a19-83e7-e9909bd4a8c9.jpg,Women's Shoes > Boots,Women's Shoes > Boots,03/10/2026,,FALSE,40212337426565,,IN STOCK,,"10.0W, 11.0W, 12.0W, 13.0W, 14.0W, 5.0W, 5.5W, 6.0W, 6.5W, 7.0W, 7.5W, 8.0W, 8.5W, 9.0W, 9.5W",Black,,,7,TRUE,TRUE,FALSE
Steve Madden,6884004003973,6884004003973,6884004003973,Steve Madden Women's Jones Ankle Booties - Black - Size 5 - Leather,https://www.stevemadden.com/products/jones-black-leather?utm_source=display&utm_medium=programmatic&utm_campaign=performance&utm_content=rtg,"Experience style and comfort with the JONES ankle boot. The sleek design and front zipper detail add a touch of modernity to any outfit. Made with durable leather, these ankle booties are perfect for everyday wear. 2 inch heel height 10.25 inch shaft circumference 6.5 inch shaft height Leather upper material Synthetic lining Synthetic sock Synthetic sole Imported Steve Madden JONES BLACK LEATHER | 5 | Steve Madden Women's Jones Ankle Booties - Black - Size 5 - Leather","Experience style and comfort with the JONES ankle boot. The sleek design and front zipper detail add a touch of modernity to any outfit. Made with durable leather, these ankle booties are perfect for everyday wear. 2 inch heel height 10.25 inch shaft circumference 6.5 inch shaft height Leather upper material Synthetic lining Synthetic sock Synthetic sole Imported Steve Madden JONES BLACK LEATHER | 5 | Steve Madden Women's Jones Ankle Booties - Black - Size 5 - Leather",129.95,129.95,https://cdn.shopify.com/s/files/1/2170/8465/files/STEVEMADDEN_SHOES_JONES_BLACK-LEATHER_01.jpg,Women's Shoes > Booties,Women's Shoes > Booties,03/10/2026,,FALSE,40403202277509,,IN STOCK,,"10, 11, 12, 13, 14, 5, 5.5, 6, 6.5, 7, 7.5, 8, 8.5, 9, 9.5",Black,,,8,TRUE,TRUE,FALSE
Steve Madden,6911907135621,6911907135621,6911907135621,Steve Madden Women's Dusty Ankle Booties - Black - Size 5 - Leather,https://www.stevemadden.com/products/dusty-black-leather?utm_source=display&utm_medium=programmatic&utm_campaign=performance&utm_content=rtg,"The DUSTY ankle bootie features a sleek square-toe design. Its timeless style and sturdy construction make it the perfect addition to any wardrobe. Step out in style and comfort with these expertly crafted boots. 1.5 inch heel height 10 inch shaft circumference 6.25 inch shaft height Leather upper material Textile and synthetic lining Synthetic sock Synthetic sole Fit tip: If you are in between sizes, size down a half-size Imported Steve Madden DUSTY BLACK LEATHER | 5 | Steve Madden Women's Dusty Ankle Booties - Black - Size 5 - Leather","The DUSTY ankle bootie features a sleek square-toe design. Its timeless style and sturdy construction make it the perfect addition to any wardrobe. Step out in style and comfort with these expertly crafted boots. 1.5 inch heel height 10 inch shaft circumference 6.25 inch shaft height Leather upper material Textile and synthetic lining Synthetic sock Synthetic sole Fit tip: If you are in between sizes, size down a half-size Imported Steve Madden DUSTY BLACK LEATHER | 5 | Steve Madden Women's Dusty Ankle Booties - Black - Size 5 - Leather",159.95,159.95,https://cdn.shopify.com/s/files/1/2170/8465/files/STEVEMADDEN_SHOES_DUSTY_BLACK-LEATHER.jpg,Women's Shoes > Booties,Women's Shoes > Booties,03/10/2026,,FALSE,40493906559109,,IN STOCK,,"10, 11, 12, 13, 14, 5, 5.5, 6, 6.5, 7, 7.5, 8, 8.5, 9, 9.5",Black,,,9,TRUE,TRUE,FALSE
Steve Madden,6915436380293,6915436380293,6915436380293,Steve Madden Women's Delvie Ankle Booties - Silver - Size 6 - Leather,https://www.stevemadden.com/products/delvie-silver-leather?utm_source=display&utm_medium=programmatic&utm_campaign=performance&utm_content=rtg,"Expertly crafted with a pointed toe and kitten heel, the DELVIE ankle bootie offers both style and comfort. Perfect for any occasion, this bootie adds a touch of sophistication to any outfit. 2 inch heel height 10 inch shaft circumference 5.5 inch shaft height Leather upper material Textile and synthetic lining Synthetic sock Synthetic sole Imported Steve Madden DELVIE SILVER LEATHER | 6 | Steve Madden Women's Delvie Ankle Booties - Silver - Size 6 - Leather","Expertly crafted with a pointed toe and kitten heel, the DELVIE ankle bootie offers both style and comfort. Perfect for any occasion, this bootie adds a touch of sophistication to any outfit. 2 inch heel height 10 inch shaft circumference 5.5 inch shaft height Leather upper material Textile and synthetic lining Synthetic sock Synthetic sole Imported Steve Madden DELVIE SILVER LEATHER | 6 | Steve Madden Women's Delvie Ankle Booties - Silver - Size 6 - Leather",69.99,129.95,https://cdn.shopify.com/s/files/1/2170/8465/files/STEVEMADDEN_SHOES_DELVIE_SILVER-LEATHER_01_56653278-afb7-48fb-9cbf-b69e54da07d4.jpg,Women's Shoes > Booties,Women's Shoes > Booties,03/10/2026,,FALSE,40503290396805,,IN STOCK,,"10, 6, 6.5, 7, 7.5, 8, 8.5, 9, 9.5",Silver,,,10,TRUE,TRUE,TRUE
Steve Madden,6928214196357,6928214196357,6928214196357,Steve Madden Women's Jones Ankle Booties - Chocolate Brown Suede - Size 5,https://www.stevemadden.com/products/jones-chocolate-brown-suede?utm_source=display&utm_medium=programmatic&utm_campaign=performance&utm_content=rtg,"Experience style and comfort with the JONES ankle boot. The sleek design and front zipper detail add a touch of modernity to any outfit. Made with durable suede, these ankle booties are perfect for everyday wear. 2 inch heel height 10.25 inch shaft circumference 6.5 inch shaft height Suede upper material Synthetic lining Synthetic sock Synthetic sole Imported Steve Madden JONES CHOCOLATE BROWN SUEDE | 5 | Steve Madden Women's Jones Ankle Booties - Chocolate Brown Suede - Size 5","Experience style and comfort with the JONES ankle boot. The sleek design and front zipper detail add a touch of modernity to any outfit. Made with durable suede, these ankle booties are perfect for everyday wear. 2 inch heel height 10.25 inch shaft circumference 6.5 inch shaft height Suede upper material Synthetic lining Synthetic sock Synthetic sole Imported Steve Madden JONES CHOCOLATE BROWN SUEDE | 5 | Steve Madden Women's Jones Ankle Booties - Chocolate Brown Suede - Size 5",129.95,129.95,https://cdn.shopify.com/s/files/1/2170/8465/files/STEVEMADDEN_SHOES_JONES_CHOCOLATE-BROWN-SUEDE_01.jpg,Women's Shoes > Booties,Women's Shoes > Booties,03/10/2026,,FALSE,40547262693509,,IN STOCK,,"10, 11, 12, 13, 14, 5, 5.5, 6, 6.5, 7, 7.5, 8, 8.5, 9, 9.5",Chocolate Brown Suede,,,11,TRUE,TRUE,FALSE
Steve Madden,6928214524037,6928214524037,6928214524037,Steve Madden Women's Dusty Ankle Booties - Chocolate Brown Suede - Size 5,https://www.stevemadden.com/products/dusty-chocolate-brown-suede?utm_source=display&utm_medium=programmatic&utm_campaign=performance&utm_content=rtg,"The DUSTY ankle bootie features a sleek square-toe design. Its timeless style and sturdy construction make it the perfect addition to any wardrobe. Step out in style and comfort with these expertly crafted boots. 1.5 inch heel height 10 inch shaft circumference 6.25 inch shaft height Suede upper material Textile and synthetic lining Synthetic sock Synthetic sole Fit tip: If you are in between sizes, size down a half-size Imported Steve Madden DUSTY CHOCOLATE BROWN SUEDE | 5 | Steve Madden Women's Dusty Ankle Booties - Chocolate Brown Suede - Size 5","The DUSTY ankle bootie features a sleek square-toe design. Its timeless style and sturdy construction make it the perfect addition to any wardrobe. Step out in style and comfort with these expertly crafted boots. 1.5 inch heel height 10 inch shaft circumference 6.25 inch shaft height Suede upper material Textile and synthetic lining Synthetic sock Synthetic sole Fit tip: If you are in between sizes, size down a half-size Imported Steve Madden DUSTY CHOCOLATE BROWN SUEDE | 5 | Steve Madden Women's Dusty Ankle Booties - Chocolate Brown Suede - Size 5",159.95,159.95,https://cdn.shopify.com/s/files/1/2170/8465/files/STEVEMADDEN_SHOES_DUSTY_CHOCOLATE-BROWN-SUEDE.jpg,Women's Shoes > Booties,Women's Shoes > Booties,03/10/2026,,FALSE,40547264561285,,IN STOCK,,"10, 11, 12, 13, 14, 5, 5.5, 6, 6.5, 7, 7.5, 8, 8.5, 9, 9.5",Chocolate Brown Suede,,,12,TRUE,TRUE,FALSE
Steve Madden,6952656699525,6952656699525,6952656699525,Steve Madden Women's Hutchh20 Ankle Booties - Black - Size 7.5 - Leather,https://www.stevemadden.com/products/hutchh20-black?utm_source=display&utm_medium=programmatic&utm_campaign=performance&utm_content=rtg,"Introducing the HUTCHH20, a sleek and stylish chelsea lug ankle bootie. With its sturdy lug sole, this bootie is perfect for any outfit. Crafted for both fashion and function, it offers a comfortable fit and a durable water-resistant design for any occasion. Elevate your style with this versatile bootie. 2.5 inch heel height 9.75 inch shaft circumference 5.5 inch shaft height Textile and vegan leather water-resistant upper material Textile and vegan leather lining Vegan leather sock Synthetic sole Imported Steve Madden HUTCHH20 BLACK | 7.5 | Steve Madden Women's Hutchh20 Ankle Booties - Black - Size 7.5 - Leather","Introducing the HUTCHH20, a sleek and stylish chelsea lug ankle bootie. With its sturdy lug sole, this bootie is perfect for any outfit. Crafted for both fashion and function, it offers a comfortable fit and a durable water-resistant design for any occasion. Elevate your style with this versatile bootie. 2.5 inch heel height 9.75 inch shaft circumference 5.5 inch shaft height Textile and vegan leather water-resistant upper material Textile and vegan leather lining Vegan leather sock Synthetic sole Imported Steve Madden HUTCHH20 BLACK | 7.5 | Steve Madden Women's Hutchh20 Ankle Booties - Black - Size 7.5 - Leather",79.99,109.95,https://cdn.shopify.com/s/files/1/2170/8465/files/STEVEMADDEN_SHOES_HUTCHH20_BLACK.jpg,Women's Shoes > Booties,Women's Shoes > Booties,03/10/2026,,FALSE,40614348193925,,IN STOCK,,"10, 11, 7.5",Black,,,13,TRUE,TRUE,TRUE
Steve Madden,7030281044101,7030281044101,7030281044101,Steve Madden Women's Comfy Ankle Booties - Chestnut Suede - Size 7.5 - Faux Fur,https://www.stevemadden.com/products/comfy-chestnut-suede?utm_source=display&utm_medium=programmatic&utm_campaign=performance&utm_content=rtg,"Elevate your style with our COMFY bootie, featuring a platform ankle boot design. The luxurious faux fur adds a touch of elegance to any outfit. Step out in comfort and style with these statement-making boots. 1.5 inch heel height 13.5 inch shaft circumference 4.25 inch shaft height Suede upper material Faux fur lining Faux fur sock Synthetic sole Fit tip: If you are in between sizes, size up a half-size Imported Steve Madden COMFY CHESTNUT SUEDE | 7.5 | Steve Madden Women's Comfy Ankle Booties - Chestnut Suede - Size 7.5 - Faux Fur","Elevate your style with our COMFY bootie, featuring a platform ankle boot design. The luxurious faux fur adds a touch of elegance to any outfit. Step out in comfort and style with these statement-making boots. 1.5 inch heel height 13.5 inch shaft circumference 4.25 inch shaft height Suede upper material Faux fur lining Faux fur sock Synthetic sole Fit tip: If you are in between sizes, size up a half-size Imported Steve Madden COMFY CHESTNUT SUEDE | 7.5 | Steve Madden Women's Comfy Ankle Booties - Chestnut Suede - Size 7.5 - Faux Fur",79.95,79.95,https://cdn.shopify.com/s/files/1/2170/8465/files/STEVEMADDEN_SHOES_COMFY_CHESTNUT-SUEDE_01.jpg,Women's Shoes > Booties,Women's Shoes > Booties,03/10/2026,,FALSE,40783885336709,,IN STOCK,,"10, 11, 12, 6, 6.5, 7, 7.5, 8, 8.5, 9, 9.5",Chestnut Suede,,,14,TRUE,TRUE,FALSE
Steve Madden,7050161193093,7050161193093,7050161193093,Steve Madden Women's Riggs Knee High Boots - Banana - Size 11 - Leather,https://www.stevemadden.com/products/riggs-banana-leather?utm_source=display&utm_medium=programmatic&utm_campaign=performance&utm_content=rtg,"Effortlessly elevate your style with the RIGGS BANANA LEATHER boot. With its square-toe and sleek design, this just-under-the-knee boot is a must-have for any fashion-conscious individual. This timeless boot provides both comfort and sophistication, making it the perfect addition to any outfit. 1.75 inch heel height Size 6 measurements: 14.57 inch shaft circumference, 13.25 inch shaft height Size 8 measurements: 15.51 inch shaft circumference, 14 inch shaft height Size 10 measurements: 16.44 inch shaft circumference, 14.75 inch shaft height For correct calf measurements, measure your bare calf at its widest circumference with your foot flat on the ground Leather upper material Vegan leather lining Vegan leather sock Synthetic sole Fit tip: If you are in between sizes, size up a half-size Imported Steve Madden RIGGS BANANA LEATHER | 11 | Steve Madden Women's Riggs Knee High Boots - Banana - Size 11 - Leather","Effortlessly elevate your style with the RIGGS BANANA LEATHER boot. With its square-toe and sleek design, this just-under-the-knee boot is a must-have for any fashion-conscious individual. This timeless boot provides both comfort and sophistication, making it the perfect addition to any outfit. 1.75 inch heel height Size 6 measurements: 14.57 inch shaft circumference, 13.25 inch shaft height Size 8 measurements: 15.51 inch shaft circumference, 14 inch shaft height Size 10 measurements: 16.44 inch shaft circumference, 14.75 inch shaft height For correct calf measurements, measure your bare calf at its widest circumference with your foot flat on the ground Leather upper material Vegan leather lining Vegan leather sock Synthetic sole Fit tip: If you are in between sizes, size up a half-size Imported Steve Madden RIGGS BANANA LEATHER | 11 | Steve Madden Women's Riggs Knee High Boots - Banana - Size 11 - Leather",199.95,199.95,https://cdn.shopify.com/s/files/1/2170/8465/files/STEVEMADDEN_SHOES_RIGGS_BANANA-LEATHER.jpg,Women's Shoes > Boots,Women's Shoes > Boots,03/10/2026,,FALSE,40849682563205,,IN STOCK,,"10, 11, 12, 5, 5.5, 6, 6.5, 7, 7.5, 8, 8.5, 9, 9.5",Banana,,,15,TRUE,TRUE,FALSE
Steve Madden,7050161324165,7050161324165,7050161324165,Steve Madden Women's Riggs Knee High Boots - Rust - Size 5 - Leather,https://www.stevemadden.com/products/riggs-rust-leather?utm_source=display&utm_medium=programmatic&utm_campaign=performance&utm_content=rtg,"Effortlessly elevate your style with the RIGGS boot. With its square-toe and sleek design, this just-under-the-knee boot is a must-have for any fashion-conscious individual. This timeless boot provides both comfort and sophistication, making it the perfect addition to any outfit. 1.75 inch heel height Size 6 measurements: 14.57 inch shaft circumference, 13.25 inch shaft height Size 8 measurements: 15.51 inch shaft circumference, 14 inch shaft height Size 10 measurements: 16.44 inch shaft circumference, 14.75 inch shaft height For correct calf measurements, measure your bare calf at its widest circumference with your foot flat on the ground Leather upper material Vegan leather lining Vegan leather sock Synthetic sole Imported Steve Madden RIGGS RUST LEATHER | 5 | Steve Madden Women's Riggs Knee High Boots - Rust - Size 5 - Leather","Effortlessly elevate your style with the RIGGS boot. With its square-toe and sleek design, this just-under-the-knee boot is a must-have for any fashion-conscious individual. This timeless boot provides both comfort and sophistication, making it the perfect addition to any outfit. 1.75 inch heel height Size 6 measurements: 14.57 inch shaft circumference, 13.25 inch shaft height Size 8 measurements: 15.51 inch shaft circumference, 14 inch shaft height Size 10 measurements: 16.44 inch shaft circumference, 14.75 inch shaft height For correct calf measurements, measure your bare calf at its widest circumference with your foot flat on the ground Leather upper material Vegan leather lining Vegan leather sock Synthetic sole Imported Steve Madden RIGGS RUST LEATHER | 5 | Steve Madden Women's Riggs Knee High Boots - Rust - Size 5 - Leather",199.95,199.95,https://cdn.shopify.com/s/files/1/2170/8465/files/STEVEMADDEN_SHOES_RIGGS_RUST-LEATHER_01.jpg,Women's Shoes > Boots,Women's Shoes > Boots,03/10/2026,,FALSE,40849682628741,,IN STOCK,,"10, 11, 5, 6, 7, 7.5, 8, 8.5, 9, 9.5",Rust,,,16,TRUE,TRUE,FALSE
Steve Madden,7050162339973,7050162339973,7050162339973,Steve Madden Women's Riggs Knee High Boots - Black - Size 5 - Leather,https://www.stevemadden.com/products/riggs-black-leather?utm_source=display&utm_medium=programmatic&utm_campaign=performance&utm_content=rtg,"Effortlessly elevate your style with the RIGGS boot. With its square-toe and sleek design, this just-under-the-knee boot is a must-have for any fashion-conscious individual. This timeless boot provides both comfort and sophistication, making it the perfect addition to any outfit. 1.75 inch heel height Size 6 measurements: 14.57 inch shaft circumference, 13.25 inch shaft height Size 8 measurements: 15.51 inch shaft circumference, 14 inch shaft height Size 10 measurements: 16.44 inch shaft circumference, 14.75 inch shaft height For correct calf measurements, measure your bare calf at its widest circumference with your foot flat on the ground Leather upper material Vegan leather lining Vegan leather sock Synthetic sole Fit tip: If you are in between sizes, size up a half-size Imported Steve Madden RIGGS BLACK LEATHER | 5 | Steve Madden Women's Riggs Knee High Boots - Black - Size 5 - Leather","Effortlessly elevate your style with the RIGGS boot. With its square-toe and sleek design, this just-under-the-knee boot is a must-have for any fashion-conscious individual. This timeless boot provides both comfort and sophistication, making it the perfect addition to any outfit. 1.75 inch heel height Size 6 measurements: 14.57 inch shaft circumference, 13.25 inch shaft height Size 8 measurements: 15.51 inch shaft circumference, 14 inch shaft height Size 10 measurements: 16.44 inch shaft circumference, 14.75 inch shaft height For correct calf measurements, measure your bare calf at its widest circumference with your foot flat on the ground Leather upper material Vegan leather lining Vegan leather sock Synthetic sole Fit tip: If you are in between sizes, size up a half-size Imported Steve Madden RIGGS BLACK LEATHER | 5 | Steve Madden Women's Riggs Knee High Boots - Black - Size 5 - Leather",199.95,199.95,https://cdn.shopify.com/s/files/1/2170/8465/files/STEVEMADDEN_SHOES_RIGGS_BLACK-LEATHER_01.jpg,Women's Shoes > Boots,Women's Shoes > Boots,03/10/2026,,FALSE,40849694589061,,IN STOCK,,"10, 11, 12, 5, 5.5, 6, 6.5, 7, 7.5, 8, 8.5, 9, 9.5",Black,,,17,TRUE,TRUE,FALSE
Steve Madden,7062238756997,7062238756997,7062238756997,Steve Madden Women's Downtown Block Heel Booties - Black - Size 10 - Leather,https://www.stevemadden.com/products/downtown-black-leather?utm_source=display&utm_medium=programmatic&utm_campaign=performance&utm_content=rtg,"Expertly crafted, the DOWNTOWN Chelsea ankle boot exudes both style and comfort. The stacked wood block heel provides stability and elevation, making it the perfect bootie for any occasion. Elevate your wardrobe with this versatile and timeless piece. 2.75 inch heel height 9.25 inch shaft circumference 6.75 inch shaft height Leather upper material Textile and synthetic lining Synthetic sock Synthetic sole Fit tip: If you are in between sizes, size up a half-size Imported Steve Madden DOWNTOWN BLACK LEATHER | 10 | Steve Madden Women's Downtown Block Heel Booties - Black - Size 10 - Leather","Expertly crafted, the DOWNTOWN Chelsea ankle boot exudes both style and comfort. The stacked wood block heel provides stability and elevation, making it the perfect bootie for any occasion. Elevate your wardrobe with this versatile and timeless piece. 2.75 inch heel height 9.25 inch shaft circumference 6.75 inch shaft height Leather upper material Textile and synthetic lining Synthetic sock Synthetic sole Fit tip: If you are in between sizes, size up a half-size Imported Steve Madden DOWNTOWN BLACK LEATHER | 10 | Steve Madden Women's Downtown Block Heel Booties - Black - Size 10 - Leather",179.95,179.95,https://cdn.shopify.com/s/files/1/2170/8465/files/STEVEMADDEN_SHOES_DOWNTOWN_BLACK-LEATHER_01.jpg,Women's Shoes > Booties,Women's Shoes > Booties,03/10/2026,,FALSE,40905110421637,,IN STOCK,,"10, 11, 12, 5.5, 6.5, 9.5",Black,,,18,TRUE,TRUE,FALSE
Steve Madden,7073132052613,7073132052613,7073132052613,Steve Madden Women's Riggs Leather Wide Calf Knee High Boots - Banana - Size 6.0W,https://www.stevemadden.com/products/riggs-w-banana-leather?utm_source=display&utm_medium=programmatic&utm_campaign=performance&utm_content=rtg,"Effortlessly elevate your style with the RIGGS BANANA LEATHER WIDE CALF boot. With its square-toe and sleek design, this just-under-the-knee boot is a must-have for any fashion-conscious individual. This timeless boot provides both comfort and sophistication, making it the perfect addition to any outfit. 1.75 inch heel height Size 6 measurements: 15.16 inch shaft circumference, 13.25 inch shaft height Size 8 measurements: 16.10 inch shaft circumference, 14 inch shaft height Size 10 measurements: 17.03 inch shaft circumference, 14.75 inch shaft height For correct calf measurements, measure your bare calf at its widest circumference with your foot flat on the ground Leather upper material Synthetic lining Synthetic sock Synthetic sole Fit tip: If you are in between sizes, size up a half-size Imported Steve Madden RIGGS BANANA LEATHER WIDE CALF | 6.0W | Steve Madden Women's Riggs Leather Wide Calf Knee High Boots - Banana - Size 6.0W","Effortlessly elevate your style with the RIGGS BANANA LEATHER WIDE CALF boot. With its square-toe and sleek design, this just-under-the-knee boot is a must-have for any fashion-conscious individual. This timeless boot provides both comfort and sophistication, making it the perfect addition to any outfit. 1.75 inch heel height Size 6 measurements: 15.16 inch shaft circumference, 13.25 inch shaft height Size 8 measurements: 16.10 inch shaft circumference, 14 inch shaft height Size 10 measurements: 17.03 inch shaft circumference, 14.75 inch shaft height For correct calf measurements, measure your bare calf at its widest circumference with your foot flat on the ground Leather upper material Synthetic lining Synthetic sock Synthetic sole Fit tip: If you are in between sizes, size up a half-size Imported Steve Madden RIGGS BANANA LEATHER WIDE CALF | 6.0W | Steve Madden Women's Riggs Leather Wide Calf Knee High Boots - Banana - Size 6.0W",199.95,199.95,https://cdn.shopify.com/s/files/1/2170/8465/files/STEVEMADDEN_SHOES_RIGGS-W_BANANA-LEATHER_a314e097-b815-4a73-99c9-8b779167d7f0.jpg,Women's Shoes > Boots,Women's Shoes > Boots,03/10/2026,,FALSE,40972771786885,,IN STOCK,,"10.0W, 11.0W, 6.0W, 6.5W, 7.0W, 7.5W, 8.0W, 8.5W, 9.0W, 9.5W",Banana,,,19,TRUE,TRUE,FALSE
Steve Madden,7076557324421,7076557324421,7076557324421,Steve Madden Women's Jones Ankle Booties - Tan Suede - Size 6,https://www.stevemadden.com/products/jones-tan-suede?utm_source=display&utm_medium=programmatic&utm_campaign=performance&utm_content=rtg,"Experience style and comfort with the JONES ankle boot. The sleek design and front zipper detail add a touch of modernity to any outfit. Made with durable suede, these ankle booties are perfect for everyday wear. 2 inch heel height 10.25 inch shaft circumference 6.5 inch shaft height Suede upper material Synthetic lining Synthetic sock Synthetic sole Imported Steve Madden JONES TAN SUEDE | 6 | Steve Madden Women's Jones Ankle Booties - Tan Suede - Size 6","Experience style and comfort with the JONES ankle boot. The sleek design and front zipper detail add a touch of modernity to any outfit. Made with durable suede, these ankle booties are perfect for everyday wear. 2 inch heel height 10.25 inch shaft circumference 6.5 inch shaft height Suede upper material Synthetic lining Synthetic sock Synthetic sole Imported Steve Madden JONES TAN SUEDE | 6 | Steve Madden Women's Jones Ankle Booties - Tan Suede - Size 6",99.99,129.95,https://cdn.shopify.com/s/files/1/2170/8465/files/STEVEMADDEN_SHOES_JONES_TAN-SUEDE_01_3ee3f10f-9007-45a3-9687-469f12c872c6.jpg,Women's Shoes > Booties,Women's Shoes > Booties,03/10/2026,,FALSE,40987207794821,,IN STOCK,,"10, 11, 6, 6.5, 9.5",Tan Suede,,,20,TRUE,TRUE,TRUE
Steve Madden,7087967305861,7087967305861,7087967305861,Steve Madden Women's Ravine Distressed Cuffed Boots - Grey - Size 5 - Synthetic,https://www.stevemadden.com/products/ravine-grey-distr?utm_source=display&utm_medium=programmatic&utm_campaign=performance&utm_content=rtg,"Expertly crafted and designed, the RAVINE cuffed knee-high boot features an open toe and stiletto heel for a stylish touch. The rounded toe provides comfort while the sleek design adds a touch of sophistication. Elevate your look with this must-have boot. 4 inch heel height 15.25 inch shaft circumference 11.25 inch shaft height Synthetic upper material Synthetic lining Synthetic sock Synthetic sole Imported Steve Madden RAVINE GREY DISTRESSED | 5 | Steve Madden Women's Ravine Distressed Cuffed Boots - Grey - Size 5 - Synthetic","Expertly crafted and designed, the RAVINE cuffed knee-high boot features an open toe and stiletto heel for a stylish touch. The rounded toe provides comfort while the sleek design adds a touch of sophistication. Elevate your look with this must-have boot. 4 inch heel height 15.25 inch shaft circumference 11.25 inch shaft height Synthetic upper material Synthetic lining Synthetic sock Synthetic sole Imported Steve Madden RAVINE GREY DISTRESSED | 5 | Steve Madden Women's Ravine Distressed Cuffed Boots - Grey - Size 5 - Synthetic",99.99,199.95,https://cdn.shopify.com/s/files/1/2170/8465/files/STEVEMADDEN_SHOES_RAVINE_GREY-DISTRESSED_01_d0a52ebf-61d6-45c6-bb59-4f3357b8575c.jpg,Women's Shoes > Boots,Women's Shoes > Boots,03/10/2026,,FALSE,41024964952197,,IN STOCK,,"11, 5, 5.5, 9.5",Grey,,,21,TRUE,TRUE,TRUE
Steve Madden,7099503771781,7099503771781,7099503771781,Steve Madden Women's Pammy Block Heel Booties - Black - Size 11 - Leather,https://www.stevemadden.com/products/pammy-black?utm_source=display&utm_medium=programmatic&utm_campaign=performance&utm_content=rtg,"The PAMMY ankle boot offers both style and comfort with its square-toe design and block heel. The perfect bootie for any occasion, it will elevate any outfit while providing all-day support. A must-have for any fashionable wardrobe. 2.25 inch heel height 9 inch shaft circumference 6.25 inch shaft height Vegan leather upper material Textile lining Vegan leather sock Synthetic sole Imported Steve Madden PAMMY BLACK | 11 | Steve Madden Women's Pammy Block Heel Booties - Black - Size 11 - Leather","The PAMMY ankle boot offers both style and comfort with its square-toe design and block heel. The perfect bootie for any occasion, it will elevate any outfit while providing all-day support. A must-have for any fashionable wardrobe. 2.25 inch heel height 9 inch shaft circumference 6.25 inch shaft height Vegan leather upper material Textile lining Vegan leather sock Synthetic sole Imported Steve Madden PAMMY BLACK | 11 | Steve Madden Women's Pammy Block Heel Booties - Black - Size 11 - Leather",39.99,109.95,https://cdn.shopify.com/s/files/1/2170/8465/files/STEVEMADDEN_SHOES_PAMMY_BLACK_01.jpg,Women's Shoes > Booties,Women's Shoes > Booties,03/10/2026,,FALSE,41063017578629,,IN STOCK,,"11, 12",Black,,,22,TRUE,TRUE,TRUE
Steve Madden,7101310402693,7101310402693,7101310402693,Steve Madden Women's Albany Block Heel Boots - Brown Distressed - Size 5 - Leather,https://www.stevemadden.com/products/albany-brn-distressed?utm_source=display&utm_medium=programmatic&utm_campaign=performance&utm_content=rtg,"Expertly crafted, these ALBANY boots boast a pointed-toe design and traditional Western style. Made from quality materials, these boots are both stylish and durable. Perfect for any occasion, these boots will elevate any outfit. 2.25 inch heel height Size 6 measurements: 13.78 inch shaft circumference, 9.5 inch shaft height Size 8 measurements: 14.72 inch shaft circumference, 9.75 inch shaft height Size 10 measurements: 15.65 inch shaft circumference, 10 inch shaft height For correct calf measurements, measure your bare calf at its widest circumference with your foot flat on the ground Leather upper material Leather lining Leather sock Leather and synthetic sole Imported Steve Madden ALBANY BROWN DISTRESSED | Brn Distressed | 5 | Steve Madden Women's Albany Block Heel Boots - Brown Distressed - Size 5 - Leather","Expertly crafted, these ALBANY boots boast a pointed-toe design and traditional Western style. Made from quality materials, these boots are both stylish and durable. Perfect for any occasion, these boots will elevate any outfit. 2.25 inch heel height Size 6 measurements: 13.78 inch shaft circumference, 9.5 inch shaft height Size 8 measurements: 14.72 inch shaft circumference, 9.75 inch shaft height Size 10 measurements: 15.65 inch shaft circumference, 10 inch shaft height For correct calf measurements, measure your bare calf at its widest circumference with your foot flat on the ground Leather upper material Leather lining Leather sock Leather and synthetic sole Imported Steve Madden ALBANY BROWN DISTRESSED | Brn Distressed | 5 | Steve Madden Women's Albany Block Heel Boots - Brown Distressed - Size 5 - Leather",79.99,159.95,https://cdn.shopify.com/s/files/1/2170/8465/files/STEVEMADDEN_SHOES_ALBANY_BROWN-DISTRESSED_01.jpg,Women's Shoes > Boots,Women's Shoes > Boots,03/10/2026,,FALSE,41066962583685,,IN STOCK,,"10, 11, 5, 5.5, 6, 6.5, 7, 7.5, 8, 8.5, 9",Brown Distressed,,,23,TRUE,TRUE,TRUE
Steve Madden,7101731963013,7101731963013,7101731963013,Steve Madden Women's Beren Knee High Boots - Black - Size 5 - Leather,https://www.stevemadden.com/products/beren-black-leather?utm_source=display&utm_medium=programmatic&utm_campaign=performance&utm_content=rtg,"Expertly crafted, the BEREN BLACK LEATHER knee-high riding boot features a convenient back zipper for easy on and off. Made with high-quality materials, this boot is both stylish and functional, providing support and comfort for all-day wear. Perfect for any wardrobe, this boot is a must-have for any fashion-forward individual. 1.25 inch heel height 14 inch shaft circumference 16 inch shaft height Leather upper material Textile and synthetic lining Synthetic sock Synthetic sole Fit tip: If you are in between sizes, size up a half-size Imported Steve Madden BEREN BLACK LEATHER | 5 | Steve Madden Women's Beren Knee High Boots - Black - Size 5 - Leather","Expertly crafted, the BEREN BLACK LEATHER knee-high riding boot features a convenient back zipper for easy on and off. Made with high-quality materials, this boot is both stylish and functional, providing support and comfort for all-day wear. Perfect for any wardrobe, this boot is a must-have for any fashion-forward individual. 1.25 inch heel height 14 inch shaft circumference 16 inch shaft height Leather upper material Textile and synthetic lining Synthetic sock Synthetic sole Fit tip: If you are in between sizes, size up a half-size Imported Steve Madden BEREN BLACK LEATHER | 5 | Steve Madden Women's Beren Knee High Boots - Black - Size 5 - Leather",199.95,199.95,https://cdn.shopify.com/s/files/1/2170/8465/files/STEVEMADDEN_SHOES_BEREN_BLACK-LEATHER_01.jpg,Women's Shoes > Boots,Women's Shoes > Boots,03/10/2026,,FALSE,41068342280325,,IN STOCK,,"10, 11, 5, 6, 7",Black,,,24,TRUE,TRUE,TRUE
Steve Madden,7126051848325,7126051848325,7126051848325,Steve Madden Women's Twain Block Heel Boots - Black - Size 10 - Microsuede,https://www.stevemadden.com/products/twain-black?utm_source=display&utm_medium=programmatic&utm_campaign=performance&utm_content=rtg,"Step into sophistication with TWAIN, a versatile knee-high boot featuring a stable block heel for all-day comfort. The convenient inside zipper ensures effortless wear, while the rounded toe provides a classic silhouette that complements any outfit. Expertly crafted for both style and function, these boots transition seamlessly from office to evening. 4 inch heel height Size 6 measurements: 12.80 inch shaft circumference, 15 inch shaft height Size 8 measurements: 13.74 inch shaft circumference, 16.14 inch shaft height Size 10 measurements: 14.69 inch shaft circumference, 16.92 inch shaft height For correct calf measurements, measure your bare calf at its widest circumference with your foot flat on the ground Features stretch material for a flexible fit - may allow for additional calf circumference beyond listed measurements Microsuede upper material Textile lining Synthetic sock Synthetic sole Imported Steve Madden TWAIN BLACK | 10 | Steve Madden Women's Twain Block Heel Boots - Black - Size 10 - Microsuede","Step into sophistication with TWAIN, a versatile knee-high boot featuring a stable block heel for all-day comfort. The convenient inside zipper ensures effortless wear, while the rounded toe provides a classic silhouette that complements any outfit. Expertly crafted for both style and function, these boots transition seamlessly from office to evening. 4 inch heel height Size 6 measurements: 12.80 inch shaft circumference, 15 inch shaft height Size 8 measurements: 13.74 inch shaft circumference, 16.14 inch shaft height Size 10 measurements: 14.69 inch shaft circumference, 16.92 inch shaft height For correct calf measurements, measure your bare calf at its widest circumference with your foot flat on the ground Features stretch material for a flexible fit - may allow for additional calf circumference beyond listed measurements Microsuede upper material Textile lining Synthetic sock Synthetic sole Imported Steve Madden TWAIN BLACK | 10 | Steve Madden Women's Twain Block Heel Boots - Black - Size 10 - Microsuede",69.99,139.95,https://cdn.shopify.com/s/files/1/2170/8465/files/STEVEMADDEN_SHOES_TWAIN_BLACK.jpg,Women's Shoes > Boots,Women's Shoes > Boots,03/10/2026,,FALSE,41133461635205,,IN STOCK,,"10, 11, 12",Black,,,25,TRUE,TRUE,TRUE
Steve Madden,7126248390789,7126248390789,7126248390789,Steve Madden Women's Pammy Block Heel Booties - Taupe - Size 5.5 - Suede,https://www.stevemadden.com/products/pammy-taupe?utm_source=display&utm_medium=programmatic&utm_campaign=performance&utm_content=rtg,"The PAMMY ankle boot offers both style and comfort with its square-toe design and block heel. The perfect bootie for any occasion, it will elevate any outfit while providing all-day support. A must-have for any fashionable wardrobe. 2.25 inch heel height 9 inch shaft circumference 6.25 inch shaft height Micro suede upper material Textile lining Synthetic sock Synthetic sole Imported Steve Madden PAMMY TAUPE | 5.5 | Steve Madden Women's Pammy Block Heel Booties - Taupe - Size 5.5 - Suede","The PAMMY ankle boot offers both style and comfort with its square-toe design and block heel. The perfect bootie for any occasion, it will elevate any outfit while providing all-day support. A must-have for any fashionable wardrobe. 2.25 inch heel height 9 inch shaft circumference 6.25 inch shaft height Micro suede upper material Textile lining Synthetic sock Synthetic sole Imported Steve Madden PAMMY TAUPE | 5.5 | Steve Madden Women's Pammy Block Heel Booties - Taupe - Size 5.5 - Suede",49.99,109.95,https://cdn.shopify.com/s/files/1/2170/8465/files/STEVEMADDEN_SHOES_PAMMY_TAUPE_01.jpg,Women's Shoes > Booties,Women's Shoes > Booties,03/10/2026,,FALSE,41134376386693,,IN STOCK,,"10, 11, 5.5, 6, 6.5, 7, 7.5, 8, 8.5, 9, 9.5",Taupe,,,26,TRUE,TRUE,TRUE
Steve Madden,7133050142853,7133050142853,7133050142853,Steve Madden Women's Stasia Ankle Booties - Taupe - Size 5 - Microsuede,https://www.stevemadden.com/products/stasia-taupe?utm_source=display&utm_medium=programmatic&utm_campaign=performance&utm_content=rtg,"Complete your outfit with the STASIA ankle bootie. This versatile bootie features a trendy kitten heel and pointed-toe, providing style and comfort. This shoe is the perfect addition to your wardrobe for any occasion. Elevate any look with these must-have booties. 2.5 inch heel height 9 inch shaft circumference 6.5 inch shaft height Microsuede upper material Textile lining Synthetic sock Synthetic sole Imported Steve Madden STASIA TAUPE | 5 | Steve Madden Women's Stasia Ankle Booties - Taupe - Size 5 - Microsuede","Complete your outfit with the STASIA ankle bootie. This versatile bootie features a trendy kitten heel and pointed-toe, providing style and comfort. This shoe is the perfect addition to your wardrobe for any occasion. Elevate any look with these must-have booties. 2.5 inch heel height 9 inch shaft circumference 6.5 inch shaft height Microsuede upper material Textile lining Synthetic sock Synthetic sole Imported Steve Madden STASIA TAUPE | 5 | Steve Madden Women's Stasia Ankle Booties - Taupe - Size 5 - Microsuede",69.99,129.95,https://cdn.shopify.com/s/files/1/2170/8465/files/STEVEMADDEN_SHOES_STASIA_TAUPE_01.jpg,Women's Shoes > Booties,Women's Shoes > Booties,03/10/2026,,FALSE,41155001385093,,IN STOCK,,"11, 12, 5",Taupe,,,27,TRUE,TRUE,TRUE
Steve Madden,7137281245317,7137281245317,7137281245317,Steve Madden Women's Harden Block Heel Booties - Black - Size 7.5 - Leather,https://www.stevemadden.com/products/harden-black-leather?utm_source=display&utm_medium=programmatic&utm_campaign=performance&utm_content=rtg,"Introducing our HARDEN ankle bootie. Expertly crafted with a pointed toe, this bootie offers a sleek and stylish look. The block heel provides comfortable support for all-day wear, while the inside zipper allows for easy on and off. Step out in style with these must-have booties. 3.75 inch heel height Size 6 measurements: 10 inch shaft circumference, 5 inch shaft height Size 8 measurements: 10.75 inch shaft circumference, 5.25 inch shaft height Size 10 measurements: 11.5 inch shaft circumference, 5.5 inch shaft height Leather upper material Textile and synthetic lining Synthetic sock Synthetic sole Imported Steve Madden HARDEN BLACK LEATHER | 7.5 | Steve Madden Women's Harden Block Heel Booties - Black - Size 7.5 - Leather","Introducing our HARDEN ankle bootie. Expertly crafted with a pointed toe, this bootie offers a sleek and stylish look. The block heel provides comfortable support for all-day wear, while the inside zipper allows for easy on and off. Step out in style with these must-have booties. 3.75 inch heel height Size 6 measurements: 10 inch shaft circumference, 5 inch shaft height Size 8 measurements: 10.75 inch shaft circumference, 5.25 inch shaft height Size 10 measurements: 11.5 inch shaft circumference, 5.5 inch shaft height Leather upper material Textile and synthetic lining Synthetic sock Synthetic sole Imported Steve Madden HARDEN BLACK LEATHER | 7.5 | Steve Madden Women's Harden Block Heel Booties - Black - Size 7.5 - Leather",169.95,169.95,https://cdn.shopify.com/s/files/1/2170/8465/files/STEVEMADDEN_SHOES_HARDEN_BLACK-LEATHER_01_64be5c9a-8a35-4e8e-9fa2-bf5959b8d69d.jpg,Women's Shoes > Booties,Women's Shoes > Booties,03/10/2026,,FALSE,41168148070533,,IN STOCK,,"10, 11, 13, 14, 5, 5.5, 6, 6.5, 7, 7.5, 8, 8.5, 9, 9.5",Black,,,28,TRUE,TRUE,FALSE
Steve Madden,7137879916677,7137879916677,7137879916677,Steve Madden Women's Luca Cuffed Boots - Brown Suede - Size 5,https://www.stevemadden.com/products/luca-brown-suede?utm_source=display&utm_medium=programmatic&utm_campaign=performance&utm_content=rtg,"The LUCA boot features a sleek pointed-toe and a comfortable kitten heel, expertly crafted from high-quality materials. This design offers a sophisticated, streamlined look that enhances any outfit, providing subtle elevation without sacrificing comfort. Ideal for professional settings or stylish everyday wear, this boot combines timeless elegance with practical wearability. 2 inch heel height 15.5 inch shaft circumference 15.5 inch shaft height Suede upper material Synthetic lining Synthetic sock Synthetic sole Imported Steve Madden LUCA BROWN SUEDE | 5 | Steve Madden Women's Luca Cuffed Boots - Brown Suede - Size 5","The LUCA boot features a sleek pointed-toe and a comfortable kitten heel, expertly crafted from high-quality materials. This design offers a sophisticated, streamlined look that enhances any outfit, providing subtle elevation without sacrificing comfort. Ideal for professional settings or stylish everyday wear, this boot combines timeless elegance with practical wearability. 2 inch heel height 15.5 inch shaft circumference 15.5 inch shaft height Suede upper material Synthetic lining Synthetic sock Synthetic sole Imported Steve Madden LUCA BROWN SUEDE | 5 | Steve Madden Women's Luca Cuffed Boots - Brown Suede - Size 5",149.99,199.95,https://cdn.shopify.com/s/files/1/2170/8465/files/STEVEMADDEN_SHOES_LUCA_BROWN-SUEDE_01_8e8d5327-6488-42f4-bbdb-441b2bacf041.jpg,Women's Shoes > Boots,Women's Shoes > Boots,03/10/2026,,FALSE,41170382225541,,IN STOCK,,"5, 5.5, 6, 6.5, 7.5, 8",Brown Suede,,,29,TRUE,TRUE,TRUE
Steve Madden,7144839938181,7144839938181,7144839938181,Steve Madden Women's Bozeman Brown Suede Block Heel Boots - Taupe - Size 10,https://www.stevemadden.com/products/bozeman-taupe?utm_source=display&utm_medium=programmatic&utm_campaign=performance&utm_content=rtg,"Expertly crafted, this knee-high boot has a versatile fold-over cuffed design. The BOZEMAN features an adjustable buckle detail that adds functionality and sophisticated style. Perfect for creating a statement look while providing all-day comfort and support. 2.5 inch heel height 14.5 inch shaft circumference 14.25 inch shaft height Suede upper material Textile and synthetic lining Synthetic sock Synthetic sole Fit tip: If you are in between sizes, size up a half-size Imported Steve Madden BOZEMAN BROWN SUEDE | Taupe | 10 | Steve Madden Women's Bozeman Brown Suede Block Heel Boots - Taupe - Size 10","Expertly crafted, this knee-high boot has a versatile fold-over cuffed design. The BOZEMAN features an adjustable buckle detail that adds functionality and sophisticated style. Perfect for creating a statement look while providing all-day comfort and support. 2.5 inch heel height 14.5 inch shaft circumference 14.25 inch shaft height Suede upper material Textile and synthetic lining Synthetic sock Synthetic sole Fit tip: If you are in between sizes, size up a half-size Imported Steve Madden BOZEMAN BROWN SUEDE | Taupe | 10 | Steve Madden Women's Bozeman Brown Suede Block Heel Boots - Taupe - Size 10",199.95,199.95,https://cdn.shopify.com/s/files/1/2170/8465/files/STEVEMADDEN_SHOES_BOZEMAN_TAUPE.jpg,Women's Shoes > Boots,Women's Shoes > Boots,03/10/2026,,FALSE,41193620701317,,IN STOCK,,"10, 11, 5",Taupe,,,30,TRUE,TRUE,FALSE
Steve Madden,7144840003717,7144840003717,7144840003717,Steve Madden Women's Bozeman Block Heel Boots - Red Suede - Size 5,https://www.stevemadden.com/products/bozeman-red-suede?utm_source=display&utm_medium=programmatic&utm_campaign=performance&utm_content=rtg,"Expertly crafted, this knee-high boot has a versatile fold-over cuffed design. The BOZEMAN features an adjustable buckle detail that adds functionality and sophisticated style. Perfect for creating a statement look while providing all-day comfort and support. 2.5 inch heel height 14.5 inch shaft circumference 14.25 inch shaft height Suede upper material Textile and synthetic lining Synthetic sock Synthetic sole Fit tip: If you are in between sizes, size up a half-size Imported Steve Madden BOZEMAN RED SUEDE | 5 | Steve Madden Women's Bozeman Block Heel Boots - Red Suede - Size 5","Expertly crafted, this knee-high boot has a versatile fold-over cuffed design. The BOZEMAN features an adjustable buckle detail that adds functionality and sophisticated style. Perfect for creating a statement look while providing all-day comfort and support. 2.5 inch heel height 14.5 inch shaft circumference 14.25 inch shaft height Suede upper material Textile and synthetic lining Synthetic sock Synthetic sole Fit tip: If you are in between sizes, size up a half-size Imported Steve Madden BOZEMAN RED SUEDE | 5 | Steve Madden Women's Bozeman Block Heel Boots - Red Suede - Size 5",69.99,199.95,https://cdn.shopify.com/s/files/1/2170/8465/files/STEVEMADDEN_SHOES_BOZEMAN_RED-SUEDE01.jpg,Women's Shoes > Boots,Women's Shoes > Boots,03/10/2026,,FALSE,41193621389445,,IN STOCK,,"5, 6",Red Suede,,,31,TRUE,TRUE,TRUE
Steve Madden,7148436881541,7148436881541,7148436881541,Steve Madden Women's Icon Cuffed Boots - Red - Size 9 - Faux Fur,https://www.stevemadden.com/products/icon-red?utm_source=display&utm_medium=programmatic&utm_campaign=performance&utm_content=rtg,"Experience sleek and edgy style with ICON. With a heeled stiletto and fold-over faux fur cuff, these knee-high boots are perfect for adding a touch of glam to any outfit. The pointed-toe design adds a chic touch, making these boots a must-have for any fashion-forward shoe lover. 3.75 inch heel height 16 inch shaft circumference 16 inch shaft height Faux fur upper material Faux fur lining Synthetic sock Synthetic sole Imported Steve Madden ICON RED | 9 | Steve Madden Women's Icon Cuffed Boots - Red - Size 9 - Faux Fur","Experience sleek and edgy style with ICON. With a heeled stiletto and fold-over faux fur cuff, these knee-high boots are perfect for adding a touch of glam to any outfit. The pointed-toe design adds a chic touch, making these boots a must-have for any fashion-forward shoe lover. 3.75 inch heel height 16 inch shaft circumference 16 inch shaft height Faux fur upper material Faux fur lining Synthetic sock Synthetic sole Imported Steve Madden ICON RED | 9 | Steve Madden Women's Icon Cuffed Boots - Red - Size 9 - Faux Fur",79.99,199.95,https://cdn.shopify.com/s/files/1/2170/8465/files/STEVEMADDEN_SHOES_ICON_RED_6ee86289-4a60-4082-9903-f999cee03341.jpg,Women's Shoes > Boots,Women's Shoes > Boots,03/10/2026,,FALSE,41204985528453,,IN STOCK,,"5, 5.5, 9, 9.5",Red,,,32,TRUE,TRUE,TRUE
Steve Madden,7148437012613,7148437012613,7148437012613,Steve Madden Women's Lingo Knee High Boots - Grey - Size 6.5 - Leather,https://www.stevemadden.com/products/lingo-grey-leather?utm_source=display&utm_medium=programmatic&utm_campaign=performance&utm_content=rtg,"Elevate your wardrobe with the LINGO pointed-toe knee-high boot. Crafted from premium materials, this boot offers a sleek silhouette that enhances both style and sophistication. The pointed-toe elongates the leg, while the knee-high design provides versatile coverage perfect for transitional seasons. Expertly constructed for durability and comfort, it pairs seamlessly with dresses, skirts, or tailored pants for a polished, refined look. 3 inch heel height 14.25 inch shaft circumference 15.25 inch shaft height Leather and synthetic upper material Textile and synthetic lining Synthetic sock Synthetic sole Imported Steve Madden LINGO GREY LEATHER | 6.5 | Steve Madden Women's Lingo Knee High Boots - Grey - Size 6.5 - Leather","Elevate your wardrobe with the LINGO pointed-toe knee-high boot. Crafted from premium materials, this boot offers a sleek silhouette that enhances both style and sophistication. The pointed-toe elongates the leg, while the knee-high design provides versatile coverage perfect for transitional seasons. Expertly constructed for durability and comfort, it pairs seamlessly with dresses, skirts, or tailored pants for a polished, refined look. 3 inch heel height 14.25 inch shaft circumference 15.25 inch shaft height Leather and synthetic upper material Textile and synthetic lining Synthetic sock Synthetic sole Imported Steve Madden LINGO GREY LEATHER | 6.5 | Steve Madden Women's Lingo Knee High Boots - Grey - Size 6.5 - Leather",79.99,209.95,https://cdn.shopify.com/s/files/1/2170/8465/files/STEVEMADDEN_SHOES_LINGO_GREY-LEATHER_abc1735f-c38f-43d9-acb0-662c68b9174f.jpg,Women's Shoes > Boots,Women's Shoes > Boots,03/10/2026,,FALSE,41204987592837,,IN STOCK,,"5, 5.5, 6, 6.5, 7, 8",Grey,,,33,TRUE,TRUE,TRUE
Steve Madden,7150085275781,7150085275781,7150085275781,Steve Madden Women's Kaplan Block Heel Booties - Black - Size 8 - Leather,https://www.stevemadden.com/products/kaplan-black-leather?utm_source=display&utm_medium=programmatic&utm_campaign=performance&utm_content=rtg,"The KAPLAN BLACK LEATHER Chelsea ankle bootie combines classic design with premium craftsmanship. Featuring elastic side panels, it offers a sleek silhouette and easy slip-on wear. Its low heel and cushioned insole provide all-day comfort, making it a versatile choice for both professional and casual settings. Durable construction ensures lasting wear, while the timeless style complements a variety of outfits with understated sophistication. 2.25 inch heel height 11.5 inch shaft circumference 14.5 inch shaft height Leather and textile upper material Textile and synthetic lining Synthetic sock Synthetic sole Imported Steve Madden KAPLAN BLACK LEATHER | 8 | Steve Madden Women's Kaplan Block Heel Booties - Black - Size 8 - Leather","The KAPLAN BLACK LEATHER Chelsea ankle bootie combines classic design with premium craftsmanship. Featuring elastic side panels, it offers a sleek silhouette and easy slip-on wear. Its low heel and cushioned insole provide all-day comfort, making it a versatile choice for both professional and casual settings. Durable construction ensures lasting wear, while the timeless style complements a variety of outfits with understated sophistication. 2.25 inch heel height 11.5 inch shaft circumference 14.5 inch shaft height Leather and textile upper material Textile and synthetic lining Synthetic sock Synthetic sole Imported Steve Madden KAPLAN BLACK LEATHER | 8 | Steve Madden Women's Kaplan Block Heel Booties - Black - Size 8 - Leather",69.99,119.95,https://cdn.shopify.com/s/files/1/2170/8465/files/STEVEMADDEN_SHOES_KAPLAN_BLACK-LEATHER_01.jpg,Women's Shoes > Booties,Women's Shoes > Booties,03/10/2026,,FALSE,41209326239877,,IN STOCK,,"10, 11, 5, 5.5, 6, 6.5, 7, 7.5, 8, 8.5, 9, 9.5",Black,,,34,TRUE,TRUE,TRUE
Steve Madden,7150085341317,7150085341317,7150085341317,Steve Madden Women's Kaplan Block Heel Booties - Camel Suede - Size 5 - Elastic,https://www.stevemadden.com/products/kaplan-camel-suede?utm_source=display&utm_medium=programmatic&utm_campaign=performance&utm_content=rtg,"The KAPLAN CAMEL SUEDE Chelsea ankle bootie combines classic design with premium craftsmanship. Featuring elastic side panels, it offers a sleek silhouette and easy slip-on wear. Its low heel and cushioned insole provide all-day comfort, making it a versatile choice for both professional and casual settings. Durable construction ensures lasting wear, while the timeless style complements a variety of outfits with understated sophistication. 2.25 inch heel height 11.5 inch shaft circumference 14.5 inch shaft height Suede and textile upper material Textile and synthetic lining Synthetic sock Synthetic sole Imported Steve Madden KAPLAN CAMEL SUEDE | 5 | Steve Madden Women's Kaplan Block Heel Booties - Camel Suede - Size 5 - Elastic","The KAPLAN CAMEL SUEDE Chelsea ankle bootie combines classic design with premium craftsmanship. Featuring elastic side panels, it offers a sleek silhouette and easy slip-on wear. Its low heel and cushioned insole provide all-day comfort, making it a versatile choice for both professional and casual settings. Durable construction ensures lasting wear, while the timeless style complements a variety of outfits with understated sophistication. 2.25 inch heel height 11.5 inch shaft circumference 14.5 inch shaft height Suede and textile upper material Textile and synthetic lining Synthetic sock Synthetic sole Imported Steve Madden KAPLAN CAMEL SUEDE | 5 | Steve Madden Women's Kaplan Block Heel Booties - Camel Suede - Size 5 - Elastic",49.99,119.95,https://cdn.shopify.com/s/files/1/2170/8465/files/STEVEMADDEN_SHOES_KAPLAN_CAMEL-SUEDE_01.jpg,Women's Shoes > Booties,Women's Shoes > Booties,03/10/2026,,FALSE,41209327091845,,IN STOCK,,"10, 11, 5, 5.5, 6, 6.5, 7, 7.5, 8, 8.5, 9, 9.5",Camel Suede,,,35,TRUE,TRUE,TRUE
Steve Madden,7150249410693,7150249410693,7150249410693,Steve Madden Women's Distortion Knee High Boots - Gold Glitter - Size 6.5 - Synthetic,https://www.stevemadden.com/products/distortion-gold-glitter?utm_source=display&utm_medium=programmatic&utm_campaign=performance&utm_content=rtg,"The DISTORTION GOLD GLITTER boot features a scrunched design, wedge heel, and a pointed-toe, extending to knee height for a bold, fashion-forward silhouette. Crafted to combine edgy style with comfortable wear, this boot elevates any outfit with its sleek design and distinctive wedge support. Ideal for those seeking a statement piece that balances trend and practicality. 3.25 inch heel height 15 inch shaft circumference 16 inch shaft height Textile upper material Textile and synthetic lining Synthetic sock Synthetic sole Imported Steve Madden DISTORTION GOLD GLITTER | 6.5 | Steve Madden Women's Distortion Knee High Boots - Gold Glitter - Size 6.5 - Synthetic","The DISTORTION GOLD GLITTER boot features a scrunched design, wedge heel, and a pointed-toe, extending to knee height for a bold, fashion-forward silhouette. Crafted to combine edgy style with comfortable wear, this boot elevates any outfit with its sleek design and distinctive wedge support. Ideal for those seeking a statement piece that balances trend and practicality. 3.25 inch heel height 15 inch shaft circumference 16 inch shaft height Textile upper material Textile and synthetic lining Synthetic sock Synthetic sole Imported Steve Madden DISTORTION GOLD GLITTER | 6.5 | Steve Madden Women's Distortion Knee High Boots - Gold Glitter - Size 6.5 - Synthetic",39.99,199.95,https://cdn.shopify.com/s/files/1/2170/8465/files/STEVEMADDEN_SHOES_DISTORTION_GOLD-GLITTER.jpg,Women's Shoes > Boots,Women's Shoes > Boots,03/10/2026,,FALSE,41209776472197,,IN STOCK,,"6, 6.5, 7",Gold Glitter,,,36,TRUE,TRUE,TRUE
Steve Madden,7152231743621,7152231743621,7152231743621,Steve Madden Women's Obsession Block Heel Booties - Taupe Suede - Size 8,https://www.stevemadden.com/products/obsession-taupe-suede?utm_source=display&utm_medium=programmatic&utm_campaign=performance&utm_content=rtg,"Elevate your footwear collection with the OBSESSION bootie. Featuring a block heel and rounded toe, this ankle boot offers both stability and timeless style. Crafted from quality materials, it combines comfort with a sophisticated silhouette, making it an essential piece for versatile, expert-level styling. 3.5 inch heel height 9 inch shaft circumference 5.5 inch shaft height Suede upper material Unlined Synthetic sock Synthetic sole Imported Steve Madden OBSESSION TAUPE SUEDE | 8 | Steve Madden Women's Obsession Block Heel Booties - Taupe Suede - Size 8","Elevate your footwear collection with the OBSESSION bootie. Featuring a block heel and rounded toe, this ankle boot offers both stability and timeless style. Crafted from quality materials, it combines comfort with a sophisticated silhouette, making it an essential piece for versatile, expert-level styling. 3.5 inch heel height 9 inch shaft circumference 5.5 inch shaft height Suede upper material Unlined Synthetic sock Synthetic sole Imported Steve Madden OBSESSION TAUPE SUEDE | 8 | Steve Madden Women's Obsession Block Heel Booties - Taupe Suede - Size 8",69.99,149.95,https://cdn.shopify.com/s/files/1/2170/8465/files/STEVEMADDEN_SHOES_OBSESSION_TAUPE-SUEDE.jpg,Women's Shoes > Booties,Women's Shoes > Booties,03/10/2026,,FALSE,41214730305669,,IN STOCK,,"10, 11, 6, 8, 8.5, 9, 9.5",Taupe Suede,,,37,TRUE,TRUE,TRUE
Steve Madden,7152232792197,7152232792197,7152232792197,Steve Madden Women's Lami Ankle Booties - Dark Taupe Suede - Size 6,https://www.stevemadden.com/products/lami-dark-taupe-suede?utm_source=display&utm_medium=programmatic&utm_campaign=performance&utm_content=rtg,"The LAMI DARK TAUPE SUEDE ankle boot combines rugged style with refined details. Featuring a sturdy lug sole for enhanced traction and durability, this bootie also includes a convenient back zipper for easy on and off. Crafted from quality materials, it offers both comfort and a contemporary edge suitable for versatile wear in cooler seasons. 1.75 inch heel height 11.5 inch shaft circumference 7.5 inch shaft height Suede upper material Textile and synthetic lining Synthetic sock Synthetic sole Fit tip: If you are in between sizes, size up a half-size Imported Steve Madden LAMI DARK TAUPE SUEDE | 6 | Steve Madden Women's Lami Ankle Booties - Dark Taupe Suede - Size 6","The LAMI DARK TAUPE SUEDE ankle boot combines rugged style with refined details. Featuring a sturdy lug sole for enhanced traction and durability, this bootie also includes a convenient back zipper for easy on and off. Crafted from quality materials, it offers both comfort and a contemporary edge suitable for versatile wear in cooler seasons. 1.75 inch heel height 11.5 inch shaft circumference 7.5 inch shaft height Suede upper material Textile and synthetic lining Synthetic sock Synthetic sole Fit tip: If you are in between sizes, size up a half-size Imported Steve Madden LAMI DARK TAUPE SUEDE | 6 | Steve Madden Women's Lami Ankle Booties - Dark Taupe Suede - Size 6",69.99,169.95,https://cdn.shopify.com/s/files/1/2170/8465/files/STEVEMADDEN_SHOES_LAMI_DARK-TAUPE-SUEDE.jpg,Women's Shoes > Booties,Women's Shoes > Booties,03/10/2026,,FALSE,41214738464901,,IN STOCK,,"10, 11, 5, 6, 7, 8, 9",Dark Taupe Suede,,,38,TRUE,TRUE,TRUE
Steve Madden,7152387162245,7152387162245,7152387162245,Steve Madden Women's Hiker Lace-Up Booties - Tan Multi - Size 5 - Suede,https://www.stevemadden.com/products/hiker-tan-multi?utm_source=display&utm_medium=programmatic&utm_campaign=performance&utm_content=rtg,"The HIKER TAN MULTI lug lace-up ankle boot combines rugged durability with modern style. Featuring a sturdy lug sole for enhanced traction and a secure lace-up design, this bootie offers reliable support and comfort for urban adventures or outdoor excursions. Its versatile finish adds a refined touch to any outfit while ensuring lasting wear. Ideal for those seeking both functionality and fashion in a compact ankle boot. 2.25 inch heel height 1.5 inch platform 10.5 inch shaft circumference 6.25 inch shaft height Suede and synthetic upper material Textile and synthetic lining Synthetic sock Synthetic sole Imported Steve Madden HIKER TAN MULTI | 5 | Steve Madden Women's Hiker Lace-Up Booties - Tan Multi - Size 5 - Suede","The HIKER TAN MULTI lug lace-up ankle boot combines rugged durability with modern style. Featuring a sturdy lug sole for enhanced traction and a secure lace-up design, this bootie offers reliable support and comfort for urban adventures or outdoor excursions. Its versatile finish adds a refined touch to any outfit while ensuring lasting wear. Ideal for those seeking both functionality and fashion in a compact ankle boot. 2.25 inch heel height 1.5 inch platform 10.5 inch shaft circumference 6.25 inch shaft height Suede and synthetic upper material Textile and synthetic lining Synthetic sock Synthetic sole Imported Steve Madden HIKER TAN MULTI | 5 | Steve Madden Women's Hiker Lace-Up Booties - Tan Multi - Size 5 - Suede",39.99,149.95,https://cdn.shopify.com/s/files/1/2170/8465/files/STEVEMADDEN_SHOES_HIKER_TAN-MULTI_01.jpg,Women's Shoes > Booties,Women's Shoes > Booties,03/10/2026,,FALSE,41215297093765,,IN STOCK,,"5, 6",Tan Multi,,,39,TRUE,TRUE,TRUE
Steve Madden,7152483172485,7152483172485,7152483172485,Steve Madden Women's Stage Block Heel Boots - Black Leather - Size 9.5,https://www.stevemadden.com/products/stage-black-leather?utm_source=display&utm_medium=programmatic&utm_campaign=performance&utm_content=rtg,"The STAGE boot combines a sleek pointed toe with a distinctive scrunched design, drawing inspiration from classic Western styles. Crafted for both style and comfort, this boot offers a refined silhouette that elevates any outfit with a touch of rugged sophistication. Ideal for those seeking a modern take on Western footwear, it balances bold aesthetics with everyday wearability. 2.25 inch heel height 14.5 inch shaft circumference 9 inch shaft height Leather upper material Leather lining Leather sock Synthetic sole Imported Steve Madden STAGE BLACK LEATHER | 9.5 | Steve Madden Women's Stage Block Heel Boots - Black Leather - Size 9.5","The STAGE boot combines a sleek pointed toe with a distinctive scrunched design, drawing inspiration from classic Western styles. Crafted for both style and comfort, this boot offers a refined silhouette that elevates any outfit with a touch of rugged sophistication. Ideal for those seeking a modern take on Western footwear, it balances bold aesthetics with everyday wearability. 2.25 inch heel height 14.5 inch shaft circumference 9 inch shaft height Leather upper material Leather lining Leather sock Synthetic sole Imported Steve Madden STAGE BLACK LEATHER | 9.5 | Steve Madden Women's Stage Block Heel Boots - Black Leather - Size 9.5",69.99,169.95,https://cdn.shopify.com/s/files/1/2170/8465/files/STEVEMADDEN_SHOES_STAGE_BLACK-LEATHER_01_a260f97d-1846-49fd-89a5-eea68fc071be.jpg,Women's Shoes > Boots,Women's Shoes > Boots,03/10/2026,,FALSE,41215855788165,,IN STOCK,,"5, 7, 7.5, 9.5",Black Leather,,,40,TRUE,TRUE,TRUE
Steve Madden,7152483205253,7152483205253,7152483205253,Steve Madden Women's Stage Block Heel Boots - Cognac Leather - Size 6.5,https://www.stevemadden.com/products/stage-cognac-leather?utm_source=display&utm_medium=programmatic&utm_campaign=performance&utm_content=rtg,"The STAGE boot combines a sleek pointed toe with a distinctive scrunched design, drawing inspiration from classic Western styles. Crafted for both style and comfort, this boot offers a refined silhouette that elevates any outfit with a touch of rugged sophistication. Ideal for those seeking a modern take on Western footwear, it balances bold aesthetics with everyday wearability. 2.25 inch heel height 14.5 inch shaft circumference 9 inch shaft height Leather upper material Leather lining Leather sock Synthetic sole Imported Steve Madden STAGE COGNAC LEATHER | 6.5 | Steve Madden Women's Stage Block Heel Boots - Cognac Leather - Size 6.5","The STAGE boot combines a sleek pointed toe with a distinctive scrunched design, drawing inspiration from classic Western styles. Crafted for both style and comfort, this boot offers a refined silhouette that elevates any outfit with a touch of rugged sophistication. Ideal for those seeking a modern take on Western footwear, it balances bold aesthetics with everyday wearability. 2.25 inch heel height 14.5 inch shaft circumference 9 inch shaft height Leather upper material Leather lining Leather sock Synthetic sole Imported Steve Madden STAGE COGNAC LEATHER | 6.5 | Steve Madden Women's Stage Block Heel Boots - Cognac Leather - Size 6.5",79.95,79.95,https://cdn.shopify.com/s/files/1/2170/8465/files/STEVEMADDEN_SHOES_STAGE_COGNAC-LEATHER_01_5f333678-039c-4f32-a0f1-8d37b0bfcf2e.jpg,Women's Shoes > Boots,Women's Shoes > Boots,03/10/2026,,FALSE,41215856214149,,IN STOCK,,"10, 6, 6.5, 7, 7.5, 8, 8.5, 9, 9.5",Cognac Leather,,,41,TRUE,TRUE,TRUE
Steve Madden,7153959895173,7153959895173,7153959895173,Steve Madden Women's Nexie Ankle Booties - Leopard - Size 6 - Suede,https://www.stevemadden.com/products/nexie-leopard?utm_source=display&utm_medium=programmatic&utm_campaign=performance&utm_content=rtg,"The NEXIE ankle bootie combines refined style with versatile comfort. Crafted from quality materials, it offers a sophisticated look that pairs effortlessly with both casual and dressier outfits. Its ankle-height design provides support and a flattering silhouette, making it an essential addition to any expert wardrobe. 1.25 inch heel height 9.75 inch shaft circumference 6.25 inch shaft height Suede upper material Unlined Synthetic sock Synthetic sole Imported Steve Madden NEXIE LEOPARD | 6 | Steve Madden Women's Nexie Ankle Booties - Leopard - Size 6 - Suede","The NEXIE ankle bootie combines refined style with versatile comfort. Crafted from quality materials, it offers a sophisticated look that pairs effortlessly with both casual and dressier outfits. Its ankle-height design provides support and a flattering silhouette, making it an essential addition to any expert wardrobe. 1.25 inch heel height 9.75 inch shaft circumference 6.25 inch shaft height Suede upper material Unlined Synthetic sock Synthetic sole Imported Steve Madden NEXIE LEOPARD | 6 | Steve Madden Women's Nexie Ankle Booties - Leopard - Size 6 - Suede",39.99,159.95,https://cdn.shopify.com/s/files/1/2170/8465/files/STEVEMADDEN_SHOES_NEXIE_LEOPARD.jpg,Women's Shoes > Booties,Women's Shoes > Booties,03/10/2026,,FALSE,41220925554821,,IN STOCK,,"6, 6.5, 7",Leopard,,,42,TRUE,TRUE,TRUE
Steve Madden,7153959960709,7153959960709,7153959960709,Steve Madden Women's Nexie Ankle Booties - Black - Size 6 - Leather,https://www.stevemadden.com/products/nexie-black-leather?utm_source=display&utm_medium=programmatic&utm_campaign=performance&utm_content=rtg,"The NEXIE ankle bootie combines refined style with versatile comfort. Crafted from quality materials, it offers a sophisticated look that pairs effortlessly with both casual and dressier outfits. Its ankle-height design provides support and a flattering silhouette, making it an essential addition to any expert wardrobe. 1.25 inch heel height 9.75 inch shaft circumference 6.25 inch shaft height Leather upper material Unlined Synthetic sock Synthetic sole Imported Steve Madden NEXIE BLACK LEATHER | 6 | Steve Madden Women's Nexie Ankle Booties - Black - Size 6 - Leather","The NEXIE ankle bootie combines refined style with versatile comfort. Crafted from quality materials, it offers a sophisticated look that pairs effortlessly with both casual and dressier outfits. Its ankle-height design provides support and a flattering silhouette, making it an essential addition to any expert wardrobe. 1.25 inch heel height 9.75 inch shaft circumference 6.25 inch shaft height Leather upper material Unlined Synthetic sock Synthetic sole Imported Steve Madden NEXIE BLACK LEATHER | 6 | Steve Madden Women's Nexie Ankle Booties - Black - Size 6 - Leather",69.99,159.95,https://cdn.shopify.com/s/files/1/2170/8465/files/STEVEMADDEN_SHOES_NEXIE_BLACK-LEATHER.jpg,Women's Shoes > Booties,Women's Shoes > Booties,03/10/2026,,FALSE,41220926406789,,IN STOCK,,"5, 5.5, 6, 6.5, 7, 7.5, 8",Black,,,43,TRUE,TRUE,TRUE
Steve Madden,7154391089285,7154391089285,7154391089285,Steve Madden Women's Jeter Ankle Booties - Black Snake - Size 8.5 - Leather,https://www.stevemadden.com/products/jeter-a-black-snake?utm_source=display&utm_medium=programmatic&utm_campaign=performance&utm_content=rtg,"The JETER ankle bootie features a distinctive square-toe design that blends modern edge with classic sophistication. Crafted with a sleek finish, this boot offers both style and versatility, making it an essential addition to any expert wardrobe. Its streamlined silhouette ensures a comfortable fit while elevating your look for day-to-night wear. 2 inch heel height 9 inch shaft circumference 6.5 inch shaft height Vegan leather upper material Textile lining Vegan leather sock Synthetic sole Imported Steve Madden JETER BLACK SNAKE | 8.5 | Steve Madden Women's Jeter Ankle Booties - Black Snake - Size 8.5 - Leather","The JETER ankle bootie features a distinctive square-toe design that blends modern edge with classic sophistication. Crafted with a sleek finish, this boot offers both style and versatility, making it an essential addition to any expert wardrobe. Its streamlined silhouette ensures a comfortable fit while elevating your look for day-to-night wear. 2 inch heel height 9 inch shaft circumference 6.5 inch shaft height Vegan leather upper material Textile lining Vegan leather sock Synthetic sole Imported Steve Madden JETER BLACK SNAKE | 8.5 | Steve Madden Women's Jeter Ankle Booties - Black Snake - Size 8.5 - Leather",39.99,169.95,https://cdn.shopify.com/s/files/1/2170/8465/files/STEVEMADDEN_SHOES_JETER-A_BLACK-SNAKE.jpg,Women's Shoes > Booties,Women's Shoes > Booties,03/10/2026,,FALSE,41223292092549,,IN STOCK,,"5.5, 7.5, 8.5",Black Snake,,,44,TRUE,TRUE,TRUE
Steve Madden,7156131070085,7156131070085,7156131070085,Steve Madden Women's Winnick Block Heel Boots - Black - Size 10 - Leather,https://www.stevemadden.com/products/winnick-black-leather?utm_source=display&utm_medium=programmatic&utm_campaign=performance&utm_content=rtg,"Elevate your footwear collection with the WINNICK BLACK LEATHER boot, featuring a sophisticated cuffed fold-over design that reaches the knee for a statement look. Crafted with a modern square-toe and supported by a sturdy block heel, this boot combines style with stability, making it ideal for all-day wear. The construction offers durability and a sleek finish, perfect for pairing with both casual and tailored outfits. 2.25 inch heel height 16.5 inch shaft circumference 15.5 inch shaft height Leather upper material Textile and synthetic lining Synthetic sock Synthetic sole Imported Steve Madden WINNICK BLACK LEATHER | 10 | Steve Madden Women's Winnick Block Heel Boots - Black - Size 10 - Leather","Elevate your footwear collection with the WINNICK BLACK LEATHER boot, featuring a sophisticated cuffed fold-over design that reaches the knee for a statement look. Crafted with a modern square-toe and supported by a sturdy block heel, this boot combines style with stability, making it ideal for all-day wear. The construction offers durability and a sleek finish, perfect for pairing with both casual and tailored outfits. 2.25 inch heel height 16.5 inch shaft circumference 15.5 inch shaft height Leather upper material Textile and synthetic lining Synthetic sock Synthetic sole Imported Steve Madden WINNICK BLACK LEATHER | 10 | Steve Madden Women's Winnick Block Heel Boots - Black - Size 10 - Leather",229.95,229.95,https://cdn.shopify.com/s/files/1/2170/8465/files/STEVEMADDEN_SHOES_WINNICK_BLACK-LEATHER.jpg,Women's Shoes > Boots,Women's Shoes > Boots,03/10/2026,,FALSE,41227875188869,,IN STOCK,,"10, 11, 5, 5.5, 6, 6.5, 7, 7.5, 8, 8.5",Black,,,45,TRUE,TRUE,FALSE
Steve Madden,7254383296645,7254383296645,7254383296645,Steve Madden Women's Rue Pointed Toe Boots - Dark Taupe Suede - Size 5 - Leather,https://www.stevemadden.com/products/rue-dark-taupe-suede?utm_source=display&utm_medium=programmatic&utm_campaign=performance&utm_content=rtg,"The RUE DARK TAUPE SUEDE is an over-the-knee boot featuring a sleek pointed toe and artfully scrunched silhouette for effortless sophistication. The luxurious material drapes elegantly down the leg, creating a flattering gathered effect that adds movement and dimension. Perfect for elevating any outfit, from denim shorts to dresses, this statement boot delivers modern edge with timeless appeal. 2 inch heel height 16.5 shaft circumference 21.5 shaft height Suede upper material Vegan leather lining Vegan leather sock Synthetic sole Fit tip: If you are in between sizes, size up a half-size Imported Steve Madden RUE DARK TAUPE SUEDE | 5 | Steve Madden Women's Rue Pointed Toe Boots - Dark Taupe Suede - Size 5 - Leather","The RUE DARK TAUPE SUEDE is an over-the-knee boot featuring a sleek pointed toe and artfully scrunched silhouette for effortless sophistication. The luxurious material drapes elegantly down the leg, creating a flattering gathered effect that adds movement and dimension. Perfect for elevating any outfit, from denim shorts to dresses, this statement boot delivers modern edge with timeless appeal. 2 inch heel height 16.5 shaft circumference 21.5 shaft height Suede upper material Vegan leather lining Vegan leather sock Synthetic sole Fit tip: If you are in between sizes, size up a half-size Imported Steve Madden RUE DARK TAUPE SUEDE | 5 | Steve Madden Women's Rue Pointed Toe Boots - Dark Taupe Suede - Size 5 - Leather",299.95,299.95,https://cdn.shopify.com/s/files/1/2170/8465/files/STEVEMADDEN_SHOES_RUE_DARK-TAUPE-SUEDE_04.jpg,Women's Shoes > Boots,Women's Shoes > Boots,03/10/2026,,FALSE,41557573795973,,IN STOCK,,"10, 11, 5, 6, 7, 8, 9",Dark Taupe Suede,,,46,TRUE,TRUE,FALSE
Steve Madden,7255069556869,7255069556869,7255069556869,Steve Madden Women's Icon Cuffed Boots - Black Tan - Size 5 - Leather,https://www.stevemadden.com/products/icon-black-tan?utm_source=display&utm_medium=programmatic&utm_campaign=performance&utm_content=rtg,"Experience sleek and edgy style with ICON BLACK/TAN. With a heeled stiletto and fold-over faux fur cuff, these knee-high boots are perfect for adding a touch of glam to any outfit. The pointed-toe design adds a chic touch, making these boots a must-have for any fashion-forward shoe lover. 3.75 inch heel height 16 inch shaft circumference 16 inch shaft height Faux fur and vegan leather upper material Vegan leather and textile lining Vegan leather sock Synthetic sole Imported Steve Madden ICON BLACK/TAN | Black Tan | 5 | Steve Madden Women's Icon Cuffed Boots - Black Tan - Size 5 - Leather","Experience sleek and edgy style with ICON BLACK/TAN. With a heeled stiletto and fold-over faux fur cuff, these knee-high boots are perfect for adding a touch of glam to any outfit. The pointed-toe design adds a chic touch, making these boots a must-have for any fashion-forward shoe lover. 3.75 inch heel height 16 inch shaft circumference 16 inch shaft height Faux fur and vegan leather upper material Vegan leather and textile lining Vegan leather sock Synthetic sole Imported Steve Madden ICON BLACK/TAN | Black Tan | 5 | Steve Madden Women's Icon Cuffed Boots - Black Tan - Size 5 - Leather",199.95,199.95,https://cdn.shopify.com/s/files/1/2170/8465/files/STEVEMADDEN_SHOES_ICON_BLACK-TAN_01.jpg,Women's Shoes > Boots,Women's Shoes > Boots,03/10/2026,,FALSE,41560845811845,,IN STOCK,,"10, 11, 5, 5.5, 6, 6.5, 7, 7.5, 8, 8.5, 9, 9.5",Black Tan,,,47,TRUE,TRUE,FALSE
Steve Madden,7255069950085,7255069950085,7255069950085,Steve Madden Women's Icon Dark Cherry Cuffed Boots - Burgundy - Size 5 - Leather,https://www.stevemadden.com/products/icon-burgundy?utm_source=display&utm_medium=programmatic&utm_campaign=performance&utm_content=rtg,"Experience sleek and edgy style with ICON DARK CHERRY. With a heeled stiletto and fold-over faux fur cuff, these knee-high boots are perfect for adding a touch of glam to any outfit. The pointed-toe design adds a chic touch, making these boots a must-have for any fashion-forward shoe lover. 3.75 inch heel height 16 inch shaft circumference 16 inch shaft height Faux fur and vegan leather upper material Vegan leather and textile lining Vegan leather sock Synthetic sole Imported Steve Madden ICON DARK CHERRY | Burgundy | 5 | Steve Madden Women's Icon Dark Cherry Cuffed Boots - Burgundy - Size 5 - Leather","Experience sleek and edgy style with ICON DARK CHERRY. With a heeled stiletto and fold-over faux fur cuff, these knee-high boots are perfect for adding a touch of glam to any outfit. The pointed-toe design adds a chic touch, making these boots a must-have for any fashion-forward shoe lover. 3.75 inch heel height 16 inch shaft circumference 16 inch shaft height Faux fur and vegan leather upper material Vegan leather and textile lining Vegan leather sock Synthetic sole Imported Steve Madden ICON DARK CHERRY | Burgundy | 5 | Steve Madden Women's Icon Dark Cherry Cuffed Boots - Burgundy - Size 5 - Leather",199.95,199.95,https://cdn.shopify.com/s/files/1/2170/8465/files/STEVEMADDEN_SHOES_ICON_BURGUNDY-FUR01-1.jpg,Women's Shoes > Boots,Women's Shoes > Boots,03/10/2026,,FALSE,41560846991493,,IN STOCK,,"10, 11, 5, 5.5, 6, 6.5, 7, 7.5, 8, 8.5, 9, 9.5",Burgundy,,,48,TRUE,TRUE,FALSE
Steve Madden,7257790578821,7257790578821,7257790578821,Steve Madden Women's Mackena Ankle Booties - Olive Techno Satin - Size 5 - Leather/Satin,https://www.stevemadden.com/products/mackena-olive-techno-satin?utm_source=display&utm_medium=programmatic&utm_campaign=performance&utm_content=rtg,"The MACKENA OLIVE TECHNO SATIN is a pointed-toe ankle bootie that combines classic elegance with modern edge. This sleek design features a sharp, refined silhouette perfect for dressing up any outfit. The stiletto heel delivers confident height and that signature sophisticated look. Versatile enough for evening occasions or polished daytime wear, this bootie is an essential addition to any footwear collection. 4 inch heel height 11 inch shaft circumference 7.5 inch shaft height Vegan leather upper material Textile lining Vegan leather sock Synthetic sole Imported Steve Madden MACKENA OLIVE TECHNO SATIN | 5 | Steve Madden Women's Mackena Ankle Booties - Olive Techno Satin - Size 5 - Leather/Satin","The MACKENA OLIVE TECHNO SATIN is a pointed-toe ankle bootie that combines classic elegance with modern edge. This sleek design features a sharp, refined silhouette perfect for dressing up any outfit. The stiletto heel delivers confident height and that signature sophisticated look. Versatile enough for evening occasions or polished daytime wear, this bootie is an essential addition to any footwear collection. 4 inch heel height 11 inch shaft circumference 7.5 inch shaft height Vegan leather upper material Textile lining Vegan leather sock Synthetic sole Imported Steve Madden MACKENA OLIVE TECHNO SATIN | 5 | Steve Madden Women's Mackena Ankle Booties - Olive Techno Satin - Size 5 - Leather/Satin",129.95,129.95,https://cdn.shopify.com/s/files/1/2170/8465/files/STEVEMADDEN_SHOES_MACKENA_OLIVE01.jpg,Women's Shoes > Booties,Women's Shoes > Booties,03/10/2026,,FALSE,41568269041797,,IN STOCK,,"10, 11, 5, 5.5, 6, 6.5, 7, 7.5, 8, 8.5, 9, 9.5",Olive Techno Satin,,,49,TRUE,TRUE,FALSE
Steve Madden,7257790808197,7257790808197,7257790808197,Steve Madden Women's Mackena Ankle Booties - Black Techno Satin - Size 5 - Leather/Satin,https://www.stevemadden.com/products/mackena-black-techno-satin?utm_source=display&utm_medium=programmatic&utm_campaign=performance&utm_content=rtg,"The MACKENA BLACK TECHNO SATIN is a pointed-toe ankle bootie that combines classic elegance with modern edge. This sleek design features a sharp, refined silhouette perfect for dressing up any outfit. The stiletto heel delivers confident height and that signature sophisticated look. Versatile enough for evening occasions or polished daytime wear, this bootie is an essential addition to any footwear collection. 4 inch heel height 11 inch shaft circumference 7.5 inch shaft height Vegan leather upper material Textile lining Vegan leather sock Synthetic sole Imported Steve Madden MACKENA BLACK TECHNO SATIN | 5 | Steve Madden Women's Mackena Ankle Booties - Black Techno Satin - Size 5 - Leather/Satin","The MACKENA BLACK TECHNO SATIN is a pointed-toe ankle bootie that combines classic elegance with modern edge. This sleek design features a sharp, refined silhouette perfect for dressing up any outfit. The stiletto heel delivers confident height and that signature sophisticated look. Versatile enough for evening occasions or polished daytime wear, this bootie is an essential addition to any footwear collection. 4 inch heel height 11 inch shaft circumference 7.5 inch shaft height Vegan leather upper material Textile lining Vegan leather sock Synthetic sole Imported Steve Madden MACKENA BLACK TECHNO SATIN | 5 | Steve Madden Women's Mackena Ankle Booties - Black Techno Satin - Size 5 - Leather/Satin",129.95,129.95,https://cdn.shopify.com/s/files/1/2170/8465/files/STEVEMADDEN_SHOES_MACKENA_BLACK01.jpg,Women's Shoes > Booties,Women's Shoes > Booties,03/10/2026,,FALSE,41568271401093,,IN STOCK,,"10, 11, 5, 5.5, 6, 6.5, 7, 7.5, 8, 8.5, 9, 9.5",Black Techno Satin,,,50,TRUE,TRUE,FALSE
Steve Madden,7257838387333,7257838387333,7257838387333,Steve Madden Women's Eira Block Heel Booties - Black - Size 6 - Leather,https://www.stevemadden.com/products/eira-black-leather?utm_source=display&utm_medium=programmatic&utm_campaign=performance&utm_content=rtg,"The EIRA BLACK LEATHER is a modern ankle bootie featuring an asymmetrical square toe and sturdy block heel. This versatile style combines contemporary design with everyday comfort, making it an essential addition to any wardrobe. Perfect for dressing up or down, the sleek construction offers timeless appeal and durability for seasons to come. 3.5 inch heel height 11.5 inch shaft circumference 6.75 inch shaft height Leather upper material Textile lining Vegan leather sock Synthetic sole Imported Steve Madden EIRA BLACK LEATHER | 6 | Steve Madden Women's Eira Block Heel Booties - Black - Size 6 - Leather","The EIRA BLACK LEATHER is a modern ankle bootie featuring an asymmetrical square toe and sturdy block heel. This versatile style combines contemporary design with everyday comfort, making it an essential addition to any wardrobe. Perfect for dressing up or down, the sleek construction offers timeless appeal and durability for seasons to come. 3.5 inch heel height 11.5 inch shaft circumference 6.75 inch shaft height Leather upper material Textile lining Vegan leather sock Synthetic sole Imported Steve Madden EIRA BLACK LEATHER | 6 | Steve Madden Women's Eira Block Heel Booties - Black - Size 6 - Leather",159.95,159.95,https://cdn.shopify.com/s/files/1/2170/8465/files/STEVEMADDEN_SHOES_EIRA_BLACK-LEATHER_01.jpg,Women's Shoes > Booties,Women's Shoes > Booties,03/10/2026,,FALSE,41568332447877,,IN STOCK,,"10, 6, 6.5, 7, 7.5, 8, 8.5, 9, 9.5",Black,,,51,TRUE,TRUE,FALSE
Steve Madden,7258045841541,7258045841541,7258045841541,Steve Madden Women's Lennox Cuffed Booties - Brown Suede - Size 5 - Leather,https://www.stevemadden.com/products/lennox-brown-suede?utm_source=display&utm_medium=programmatic&utm_campaign=performance&utm_content=rtg,"The LENNOX BROWN SUEDE is a striking pointed-toe ankle boot that combines edgy style with wearable comfort. Featuring a hand scrunched, fold-over design at the shaft, this bootie delivers modern attitude with every step. Each pair is hand slouched, resulting in unique variations among pairs. The silhouette makes it an instant wardrobe essential for elevating any outfit from casual to polished. 1.5 inch heel height 8 inch shaft circumference 14.25 inch shaft height Suede upper material Vegan leather lining Vegan leather sock Synthetic sole Imported Steve Madden LENNOX BROWN SUEDE | 5 | Steve Madden Women's Lennox Cuffed Booties - Brown Suede - Size 5 - Leather","The LENNOX BROWN SUEDE is a striking pointed-toe ankle boot that combines edgy style with wearable comfort. Featuring a hand scrunched, fold-over design at the shaft, this bootie delivers modern attitude with every step. Each pair is hand slouched, resulting in unique variations among pairs. The silhouette makes it an instant wardrobe essential for elevating any outfit from casual to polished. 1.5 inch heel height 8 inch shaft circumference 14.25 inch shaft height Suede upper material Vegan leather lining Vegan leather sock Synthetic sole Imported Steve Madden LENNOX BROWN SUEDE | 5 | Steve Madden Women's Lennox Cuffed Booties - Brown Suede - Size 5 - Leather",169.95,169.95,https://cdn.shopify.com/s/files/1/2170/8465/files/STEVEMADDEN_SHOES_LENNOX_BROWN-SUEDE01.jpg,Women's Shoes > Booties,Women's Shoes > Booties,03/10/2026,,FALSE,41569647919237,,IN STOCK,,"10, 11, 5, 5.5, 6, 6.5, 7, 7.5, 8, 8.5, 9, 9.5",Brown Suede,,,52,TRUE,TRUE,FALSE
Steve Madden,7258045874309,7258045874309,7258045874309,Steve Madden Women's Lennox Cuffed Booties - Black Leather - Size 5,https://www.stevemadden.com/products/lennox-black-leather1?utm_source=display&utm_medium=programmatic&utm_campaign=performance&utm_content=rtg,"The LENNOX BLACK LEATHER is a striking pointed-toe ankle boot that combines edgy style with wearable comfort. Featuring a hand scrunched, fold-over design at the shaft, this bootie delivers modern attitude with every step. Each pair is hand slouched, resulting in unique variations among pairs. The silhouette makes it an instant wardrobe essential for elevating any outfit from casual to polished. 1.5 inch heel height 8 inch shaft circumference 14.25 inch shaft height Leather upper material Vegan leather lining Vegan leather sock Synthetic sole Imported Steve Madden LENNOX BLACK LEATHER | 5 | Steve Madden Women's Lennox Cuffed Booties - Black Leather - Size 5","The LENNOX BLACK LEATHER is a striking pointed-toe ankle boot that combines edgy style with wearable comfort. Featuring a hand scrunched, fold-over design at the shaft, this bootie delivers modern attitude with every step. Each pair is hand slouched, resulting in unique variations among pairs. The silhouette makes it an instant wardrobe essential for elevating any outfit from casual to polished. 1.5 inch heel height 8 inch shaft circumference 14.25 inch shaft height Leather upper material Vegan leather lining Vegan leather sock Synthetic sole Imported Steve Madden LENNOX BLACK LEATHER | 5 | Steve Madden Women's Lennox Cuffed Booties - Black Leather - Size 5",169.95,169.95,https://cdn.shopify.com/s/files/1/2170/8465/files/STEVEMADDEN_SHOES_LENNOX_BLACK-LEATHER01.jpg,Women's Shoes > Booties,Women's Shoes > Booties,03/10/2026,,FALSE,41569648312453,,IN STOCK,,"10, 11, 5, 5.5, 6, 6.5, 7, 7.5, 8, 8.5, 9, 9.5",Black Leather,,,53,TRUE,TRUE,FALSE
Steve Madden,7258045907077,7258045907077,7258045907077,Steve Madden Women's Lennox Cuffed Booties - Taupe Suede - Size 6 - Leather,https://www.stevemadden.com/products/lennox-taupe-suede?utm_source=display&utm_medium=programmatic&utm_campaign=performance&utm_content=rtg,"The LENNOX TAUPE SUEDE is a striking pointed-toe ankle boot that combines edgy style with wearable comfort. Featuring a hand scrunched, fold-over design at the shaft, this bootie delivers modern attitude with every step. Each pair is hand slouched, resulting in unique variations among pairs. The silhouette makes it an instant wardrobe essential for elevating any outfit from casual to polished. 1.5 inch heel height 8 inch shaft circumference 14.25 inch shaft height Suede and leather upper material Vegan leather lining Vegan leather sock Synthetic sole Imported Steve Madden LENNOX TAUPE SUEDE | 6 | Steve Madden Women's Lennox Cuffed Booties - Taupe Suede - Size 6 - Leather","The LENNOX TAUPE SUEDE is a striking pointed-toe ankle boot that combines edgy style with wearable comfort. Featuring a hand scrunched, fold-over design at the shaft, this bootie delivers modern attitude with every step. Each pair is hand slouched, resulting in unique variations among pairs. The silhouette makes it an instant wardrobe essential for elevating any outfit from casual to polished. 1.5 inch heel height 8 inch shaft circumference 14.25 inch shaft height Suede and leather upper material Vegan leather lining Vegan leather sock Synthetic sole Imported Steve Madden LENNOX TAUPE SUEDE | 6 | Steve Madden Women's Lennox Cuffed Booties - Taupe Suede - Size 6 - Leather",169.95,169.95,https://cdn.shopify.com/s/files/1/2170/8465/files/STEVEMADDEN_SHOES_LENNOX_TAUPE-SUEDE_01_8191d45d-8c19-4d27-8b2d-66bfb5df44f8.jpg,Women's Shoes > Booties,Women's Shoes > Booties,03/10/2026,,FALSE,41569648803973,,IN STOCK,,"10, 11, 6, 6.5, 7, 7.5, 8, 8.5, 9, 9.5",Taupe Suede,,,54,TRUE,TRUE,FALSE
Steve Madden,7258046136453,7258046136453,7258046136453,Steve Madden Women's Trixx Block Heel Booties - Black - Size 6 - Leather,https://www.stevemadden.com/products/trixx-black-leather?utm_source=display&utm_medium=programmatic&utm_campaign=performance&utm_content=rtg,"The TRIXX BLACK LEATHER is a sleek block heel lace-up bootie designed for everyday versatility. This ankle bootie features a sturdy block heel that delivers comfort and stability, while the lace-up closure provides a secure, customizable fit. Crafted from premium materials, it pairs effortlessly with jeans, dresses, or trousers for a polished look that transitions seamlessly from day to night. 3.75 inch heel height 10 inch shaft circumference 5 inch shaft height Leather upper material Vegan leather and textile lining Vegan leather sock Synthetic sole Imported Steve Madden TRIXX BLACK LEATHER | 6 | Steve Madden Women's Trixx Block Heel Booties - Black - Size 6 - Leather","The TRIXX BLACK LEATHER is a sleek block heel lace-up bootie designed for everyday versatility. This ankle bootie features a sturdy block heel that delivers comfort and stability, while the lace-up closure provides a secure, customizable fit. Crafted from premium materials, it pairs effortlessly with jeans, dresses, or trousers for a polished look that transitions seamlessly from day to night. 3.75 inch heel height 10 inch shaft circumference 5 inch shaft height Leather upper material Vegan leather and textile lining Vegan leather sock Synthetic sole Imported Steve Madden TRIXX BLACK LEATHER | 6 | Steve Madden Women's Trixx Block Heel Booties - Black - Size 6 - Leather",169.95,169.95,https://cdn.shopify.com/s/files/1/2170/8465/files/STEVEMADDEN_SHOES_TRIXX_BLACK-LEATHER01.jpg,Women's Shoes > Booties,Women's Shoes > Booties,03/10/2026,,FALSE,41569650999429,,IN STOCK,,"10, 6, 7, 7.5, 8, 8.5, 9, 9.5",Black,,,55,TRUE,TRUE,FALSE
Steve Madden,7258046169221,7258046169221,7258046169221,Steve Madden Women's Trixx Block Heel Booties - Cognac - Size 6 - Leather,https://www.stevemadden.com/products/trixx-cognac-leather?utm_source=display&utm_medium=programmatic&utm_campaign=performance&utm_content=rtg,"The TRIXX COGNAC LEATHER is a sleek block heel lace-up bootie designed for everyday versatility. This ankle bootie features a sturdy block heel that delivers comfort and stability, while the lace-up closure provides a secure, customizable fit. Crafted from premium materials, it pairs effortlessly with jeans, dresses, or trousers for a polished look that transitions seamlessly from day to night. 3.75 inch heel height 10 inch shaft circumference 5 inch shaft height Leather upper material Vegan leather and textile lining Vegan leather sock Synthetic sole Imported Steve Madden TRIXX COGNAC LEATHER | 6 | Steve Madden Women's Trixx Block Heel Booties - Cognac - Size 6 - Leather","The TRIXX COGNAC LEATHER is a sleek block heel lace-up bootie designed for everyday versatility. This ankle bootie features a sturdy block heel that delivers comfort and stability, while the lace-up closure provides a secure, customizable fit. Crafted from premium materials, it pairs effortlessly with jeans, dresses, or trousers for a polished look that transitions seamlessly from day to night. 3.75 inch heel height 10 inch shaft circumference 5 inch shaft height Leather upper material Vegan leather and textile lining Vegan leather sock Synthetic sole Imported Steve Madden TRIXX COGNAC LEATHER | 6 | Steve Madden Women's Trixx Block Heel Booties - Cognac - Size 6 - Leather",169.95,169.95,https://cdn.shopify.com/s/files/1/2170/8465/files/STEVEMADDEN_SHOES_TRIXX_COGNAC-LEATHER01.jpg,Women's Shoes > Booties,Women's Shoes > Booties,03/10/2026,,FALSE,41569651425413,,IN STOCK,,"10, 6, 6.5, 7, 7.5, 8, 8.5, 9, 9.5",Cognac,,,56,TRUE,TRUE,FALSE
Steve Madden,7258046234757,7258046234757,7258046234757,Steve Madden Women's Primo Square Toe Boots - Dark Green - Size 6 - Leather,https://www.stevemadden.com/products/primo-dark-green-leather?utm_source=display&utm_medium=programmatic&utm_campaign=performance&utm_content=rtg,"The PRIMO DARK GREEN LEATHER is a sophisticated square-toe boot engineered for versatile styling and enduring comfort. The structured silhouette delivers a contemporary edge while maintaining timeless appeal across seasons and occasions. Built for all-day wearability, this essential footwear piece combines refined aesthetics with practical functionality. 1 inch heel height 13.75 inch shaft circumference 10.75 inch shaft height Leather upper material Unlined Vegan leather sock Synthetic sole Imported Steve Madden PRIMO DARK GREEN LEATHER | 6 | Steve Madden Women's Primo Square Toe Boots - Dark Green - Size 6 - Leather","The PRIMO DARK GREEN LEATHER is a sophisticated square-toe boot engineered for versatile styling and enduring comfort. The structured silhouette delivers a contemporary edge while maintaining timeless appeal across seasons and occasions. Built for all-day wearability, this essential footwear piece combines refined aesthetics with practical functionality. 1 inch heel height 13.75 inch shaft circumference 10.75 inch shaft height Leather upper material Unlined Vegan leather sock Synthetic sole Imported Steve Madden PRIMO DARK GREEN LEATHER | 6 | Steve Madden Women's Primo Square Toe Boots - Dark Green - Size 6 - Leather",169.95,169.95,https://cdn.shopify.com/s/files/1/2170/8465/files/STEVEMADDEN_SHOES_PRIMO_DARK-GREEN-LEATHER_01_2dc1cf58-18a6-4cdb-b47c-f3f1b11169dd.jpg,Women's Shoes > Boots,Women's Shoes > Boots,03/10/2026,,FALSE,41569652342917,,IN STOCK,,"6, 6.5, 7, 7.5, 8, 8.5, 9",Dark Green,,,57,TRUE,TRUE,FALSE
Steve Madden,7258046365829,7258046365829,7258046365829,Steve Madden Women's Morals Lace-Up Booties - Black Nubuck - Size 5 - Leather,https://www.stevemadden.com/products/morals-black-nubuck?utm_source=display&utm_medium=programmatic&utm_campaign=performance&utm_content=rtg,"The MORALS BLACK NUBUCK bootie features a striking design that combines edgy sophistication with timeless elegance. The sharp pointed-toe styling creates a bold silhouette perfect for making a statement. The lace-up front adds dimension and visual interest, while the sleek stiletto heel elevates any outfit with refined height and attitude. A versatile choice for those who want their footwear to command attention. 4 inch heel height 11.75 shaft circumference 6.5 inch shaft height Nubuck leather and vegan leather upper material Vegan leather lining Vegan leather sock Synthetic sole Imported Steve Madden MORALS BLACK NUBUCK | 5 | Steve Madden Women's Morals Lace-Up Booties - Black Nubuck - Size 5 - Leather","The MORALS BLACK NUBUCK bootie features a striking design that combines edgy sophistication with timeless elegance. The sharp pointed-toe styling creates a bold silhouette perfect for making a statement. The lace-up front adds dimension and visual interest, while the sleek stiletto heel elevates any outfit with refined height and attitude. A versatile choice for those who want their footwear to command attention. 4 inch heel height 11.75 shaft circumference 6.5 inch shaft height Nubuck leather and vegan leather upper material Vegan leather lining Vegan leather sock Synthetic sole Imported Steve Madden MORALS BLACK NUBUCK | 5 | Steve Madden Women's Morals Lace-Up Booties - Black Nubuck - Size 5 - Leather",169.95,169.95,https://cdn.shopify.com/s/files/1/2170/8465/files/STEVEMADDEN_SHOES_MORALS-MONEY_BLACK-LEATHER01_5d38d39f-4474-4e2d-a161-1f72ce97fa1a.jpg,Women's Shoes > Booties,Women's Shoes > Booties,03/10/2026,,FALSE,41569653620869,,IN STOCK,,"10, 11, 5, 6, 6.5, 7, 7.5, 8, 8.5, 9, 9.5",Black Nubuck,,,58,TRUE,TRUE,FALSE
Steve Madden,7258046398597,7258046398597,7258046398597,Steve Madden Women's Morals Lace-Up Booties - Wheat Nubuck - Size 5 - Leather,https://www.stevemadden.com/products/morals-wheat-nubuck?utm_source=display&utm_medium=programmatic&utm_campaign=performance&utm_content=rtg,"The MORALS WHEAT NUBUCK bootie features a striking design that combines edgy sophistication with timeless elegance. The sharp pointed-toe styling creates a bold silhouette perfect for making a statement. The lace-up front adds dimension and visual interest, while the sleek stiletto heel elevates any outfit with refined height and attitude. A versatile choice for those who want their footwear to command attention. 4 inch heel height 11.75 shaft circumference 6.5 inch shaft height Nubuck leather and vegan leather upper material Vegan leather lining Vegan leather sock Synthetic sole Imported Steve Madden MORALS WHEAT NUBUCK | 5 | Steve Madden Women's Morals Lace-Up Booties - Wheat Nubuck - Size 5 - Leather","The MORALS WHEAT NUBUCK bootie features a striking design that combines edgy sophistication with timeless elegance. The sharp pointed-toe styling creates a bold silhouette perfect for making a statement. The lace-up front adds dimension and visual interest, while the sleek stiletto heel elevates any outfit with refined height and attitude. A versatile choice for those who want their footwear to command attention. 4 inch heel height 11.75 shaft circumference 6.5 inch shaft height Nubuck leather and vegan leather upper material Vegan leather lining Vegan leather sock Synthetic sole Imported Steve Madden MORALS WHEAT NUBUCK | 5 | Steve Madden Women's Morals Lace-Up Booties - Wheat Nubuck - Size 5 - Leather",169.95,169.95,https://cdn.shopify.com/s/files/1/2170/8465/files/STEVEMADDEN_SHOES_MORALS_WHEAT-NUBUCK_01.jpg,Women's Shoes > Booties,Women's Shoes > Booties,03/10/2026,,FALSE,41569654243461,,IN STOCK,,"10, 11, 12, 13, 14, 5, 5.5, 6, 6.5, 7, 7.5, 8, 8.5, 9, 9.5",Wheat Nubuck,,,59,TRUE,TRUE,FALSE
Steve Madden,7258046726277,7258046726277,7258046726277,Steve Madden Women's Jamiyah Square Toe Booties - Black - Size 5 - Leather,https://www.stevemadden.com/products/jamiyah-black-leather?utm_source=display&utm_medium=programmatic&utm_campaign=performance&utm_content=rtg,"The JAMIYAH BLACK LEATHER is a sleek ankle bootie featuring a modern square toe and convenient back zipper for easy on-and-off wear. Crafted with premium materials, this versatile style transitions seamlessly from day to night, offering both comfort and contemporary edge. Perfect for elevating any outfit with understated sophistication. 2.25 inch heel height 11.5 inch shaft circumference 6 inch shaft height Leather upper material Vegan leather and textile lining Vegan leather sock Synthetic sole Imported Steve Madden JAMIYAH BLACK LEATHER | 5 | Steve Madden Women's Jamiyah Square Toe Booties - Black - Size 5 - Leather","The JAMIYAH BLACK LEATHER is a sleek ankle bootie featuring a modern square toe and convenient back zipper for easy on-and-off wear. Crafted with premium materials, this versatile style transitions seamlessly from day to night, offering both comfort and contemporary edge. Perfect for elevating any outfit with understated sophistication. 2.25 inch heel height 11.5 inch shaft circumference 6 inch shaft height Leather upper material Vegan leather and textile lining Vegan leather sock Synthetic sole Imported Steve Madden JAMIYAH BLACK LEATHER | 5 | Steve Madden Women's Jamiyah Square Toe Booties - Black - Size 5 - Leather",149.95,149.95,https://cdn.shopify.com/s/files/1/2170/8465/files/STEVEMADDEN_SHOES_JAMIYAH-JAYLIN_BLACK-LEATHER01.jpg,Women's Shoes > Booties,Women's Shoes > Booties,03/10/2026,,FALSE,41569656537221,,IN STOCK,,"10, 11, 5, 5.5, 6, 6.5, 7, 7.5, 8, 8.5, 9, 9.5",Black,,,60,TRUE,TRUE,FALSE
Steve Madden,7258046791813,7258046791813,7258046791813,Steve Madden Women's Jamiyah Square Toe Booties - Brown Suede - Size 5 - Leather,https://www.stevemadden.com/products/jamiyah-brown-suede?utm_source=display&utm_medium=programmatic&utm_campaign=performance&utm_content=rtg,"The JAMIYAH BROWN SUEDE is a sleek ankle bootie featuring a modern square toe and convenient back zipper for easy on-and-off wear. Crafted with premium materials, this versatile style transitions seamlessly from day to night, offering both comfort and contemporary edge. Perfect for elevating any outfit with understated sophistication. 2.25 inch heel height 11.5 inch shaft circumference 6 inch shaft height Suede upper material Vegan leather and textile lining Vegan leather sock Synthetic sole Imported Steve Madden JAMIYAH BROWN SUEDE | 5 | Steve Madden Women's Jamiyah Square Toe Booties - Brown Suede - Size 5 - Leather","The JAMIYAH BROWN SUEDE is a sleek ankle bootie featuring a modern square toe and convenient back zipper for easy on-and-off wear. Crafted with premium materials, this versatile style transitions seamlessly from day to night, offering both comfort and contemporary edge. Perfect for elevating any outfit with understated sophistication. 2.25 inch heel height 11.5 inch shaft circumference 6 inch shaft height Suede upper material Vegan leather and textile lining Vegan leather sock Synthetic sole Imported Steve Madden JAMIYAH BROWN SUEDE | 5 | Steve Madden Women's Jamiyah Square Toe Booties - Brown Suede - Size 5 - Leather",149.95,149.95,https://cdn.shopify.com/s/files/1/2170/8465/files/STEVEMADDEN_SHOES_JAMIYAH-JAYLIN_BROWN-SUEDE01.jpg,Women's Shoes > Booties,Women's Shoes > Booties,03/10/2026,,FALSE,41569656995973,,IN STOCK,,"10, 11, 5, 5.5, 6, 6.5, 7, 7.5, 8, 8.5, 9, 9.5",Brown Suede,,,61,TRUE,TRUE,FALSE
Steve Madden,7258046857349,7258046857349,7258046857349,Steve Madden Women's Vinny Block Heel Booties - Black - Size 5 - Leather,https://www.stevemadden.com/products/vinny-black-leather?utm_source=display&utm_medium=programmatic&utm_campaign=performance&utm_content=rtg,"The VINNY BLACK LEATHER is a versatile ankle boot designed for everyday wear and special occasions alike. Featuring a pointed toe silhouette and a comfortable block heel, this bootie delivers both style and stability. Perfect for pairing with dresses, jeans, or skirts, this shoe transitions seamlessly from day to night. 2 inch heel height 12 inch shaft circumference 9 inch shaft height Leather upper material Textile lining Vegan leather sock Synthetic sole Imported Steve Madden VINNY BLACK LEATHER | 5 | Steve Madden Women's Vinny Block Heel Booties - Black - Size 5 - Leather","The VINNY BLACK LEATHER is a versatile ankle boot designed for everyday wear and special occasions alike. Featuring a pointed toe silhouette and a comfortable block heel, this bootie delivers both style and stability. Perfect for pairing with dresses, jeans, or skirts, this shoe transitions seamlessly from day to night. 2 inch heel height 12 inch shaft circumference 9 inch shaft height Leather upper material Textile lining Vegan leather sock Synthetic sole Imported Steve Madden VINNY BLACK LEATHER | 5 | Steve Madden Women's Vinny Block Heel Booties - Black - Size 5 - Leather",189.95,189.95,https://cdn.shopify.com/s/files/1/2170/8465/files/STEVEMADDEN_SHOES_VINNY_BLACK-LEATHER_01.jpg,Women's Shoes > Booties,Women's Shoes > Booties,03/10/2026,,FALSE,41569657847941,,IN STOCK,,"10, 5, 5.5, 6, 6.5, 7, 7.5, 8, 8.5, 9, 9.5",Black,,,62,TRUE,TRUE,FALSE
Steve Madden,7258046890117,7258046890117,7258046890117,Steve Madden Women's Vinny Block Heel Booties - Red - Size 6 - Leather,https://www.stevemadden.com/products/vinny-red-leather?utm_source=display&utm_medium=programmatic&utm_campaign=performance&utm_content=rtg,"The VINNY RED LEATHER is a versatile ankle boot designed for everyday wear and special occasions alike. Featuring a pointed toe silhouette and a comfortable block heel, this bootie delivers both style and stability. Perfect for pairing with dresses, jeans, or skirts, this shoe transitions seamlessly from day to night. 2 inch heel height 12 inch shaft circumference 7 inch shaft height Leather upper material Textile lining Vegan leather sock Synthetic sole Imported Steve Madden VINNY RED LEATHER | 6 | Steve Madden Women's Vinny Block Heel Booties - Red - Size 6 - Leather","The VINNY RED LEATHER is a versatile ankle boot designed for everyday wear and special occasions alike. Featuring a pointed toe silhouette and a comfortable block heel, this bootie delivers both style and stability. Perfect for pairing with dresses, jeans, or skirts, this shoe transitions seamlessly from day to night. 2 inch heel height 12 inch shaft circumference 7 inch shaft height Leather upper material Textile lining Vegan leather sock Synthetic sole Imported Steve Madden VINNY RED LEATHER | 6 | Steve Madden Women's Vinny Block Heel Booties - Red - Size 6 - Leather",189.95,189.95,https://cdn.shopify.com/s/files/1/2170/8465/files/STEVEMADDEN_SHOES_VINNY_RED-LEATHER_01.jpg,Women's Shoes > Booties,Women's Shoes > Booties,03/10/2026,,FALSE,41569658339461,,IN STOCK,,"10, 6, 6.5, 7, 7.5, 8, 8.5, 9, 9.5",Red,,,63,TRUE,TRUE,FALSE
Steve Madden,7258047053957,7258047053957,7258047053957,Steve Madden Women's Vinny Ostrich Block Heel Booties - Turquoise - Size 6 - Leather,https://www.stevemadden.com/products/vinny-ost-turquoise-leather?utm_source=display&utm_medium=programmatic&utm_campaign=performance&utm_content=rtg,"The VINNY OSTRICH TURQUOISE LEATHER is a versatile ankle boot designed for everyday wear and special occasions alike. Featuring a pointed toe silhouette and a comfortable block heel, this bootie delivers both style and stability. Perfect for pairing with dresses, jeans, or skirts, this shoe transitions seamlessly from day to night. 2 inch heel height 12 inch shaft circumference 7 inch shaft height Leather upper material Textile lining Vegan leather sock Synthetic sole Imported Steve Madden VINNY OSTRICH TURQUOISE LEATHER | 6 | Steve Madden Women's Vinny Ostrich Block Heel Booties - Turquoise - Size 6 - Leather","The VINNY OSTRICH TURQUOISE LEATHER is a versatile ankle boot designed for everyday wear and special occasions alike. Featuring a pointed toe silhouette and a comfortable block heel, this bootie delivers both style and stability. Perfect for pairing with dresses, jeans, or skirts, this shoe transitions seamlessly from day to night. 2 inch heel height 12 inch shaft circumference 7 inch shaft height Leather upper material Textile lining Vegan leather sock Synthetic sole Imported Steve Madden VINNY OSTRICH TURQUOISE LEATHER | 6 | Steve Madden Women's Vinny Ostrich Block Heel Booties - Turquoise - Size 6 - Leather",189.95,189.95,https://cdn.shopify.com/s/files/1/2170/8465/files/STEVEMADDEN_SHOES_VINNY-OST_TURQUOISE-LEATHER_01.jpg,Women's Shoes > Booties,Women's Shoes > Booties,03/10/2026,,FALSE,41569659781253,,IN STOCK,,"10, 11, 6, 6.5, 7, 7.5, 8, 8.5, 9, 9.5",Turquoise,,,64,TRUE,TRUE,FALSE
Steve Madden,7258688225413,7258688225413,7258688225413,Steve Madden Women's Manda Block Heel Booties - Hickory Suede - Size 5 - Leather,https://www.stevemadden.com/products/manda-hickory-suede?utm_source=display&utm_medium=programmatic&utm_campaign=performance&utm_content=rtg,"The MANDA HICKORY SUEDE ankle bootie features a modern square toe silhouette with a sleek block heel for all-day comfort and stability. A distinctive buckle detail at the ankle adds an elevated touch to this versatile style, perfect for transitioning from day to night. 3.25 inch heel height 10.25 inch shaft circumference 5.5 inch shaft height Suede and leather upper material Textile lining Vegan leather sock Synthetic sole Imported Steve Madden MANDA HICKORY SUEDE | 5 | Steve Madden Women's Manda Block Heel Booties - Hickory Suede - Size 5 - Leather","The MANDA HICKORY SUEDE ankle bootie features a modern square toe silhouette with a sleek block heel for all-day comfort and stability. A distinctive buckle detail at the ankle adds an elevated touch to this versatile style, perfect for transitioning from day to night. 3.25 inch heel height 10.25 inch shaft circumference 5.5 inch shaft height Suede and leather upper material Textile lining Vegan leather sock Synthetic sole Imported Steve Madden MANDA HICKORY SUEDE | 5 | Steve Madden Women's Manda Block Heel Booties - Hickory Suede - Size 5 - Leather",179.95,179.95,https://cdn.shopify.com/s/files/1/2170/8465/files/STEVEMADDEN_SHOES_MANDA_HICKORY-SUEDE01.jpg,Women's Shoes > Booties,Women's Shoes > Booties,03/10/2026,,FALSE,41572074160261,,IN STOCK,,"10, 11, 5, 5.5, 6, 6.5, 7, 7.5, 8, 8.5, 9, 9.5",Hickory Suede,,,65,TRUE,TRUE,FALSE
Steve Madden,7258688454789,7258688454789,7258688454789,Steve Madden Women's Manda Block Heel Booties - Taupe Suede - Size 5 - Leather,https://www.stevemadden.com/products/manda-taupe-suede?utm_source=display&utm_medium=programmatic&utm_campaign=performance&utm_content=rtg,"The MANDA TAUPE SUEDE ankle bootie features a modern square toe silhouette with a sleek block heel for all-day comfort and stability. A distinctive buckle detail at the ankle adds an elevated touch to this versatile style, perfect for transitioning from day to night. 3.25 inch heel height 10.25 inch shaft circumference 5.5 inch shaft height Suede and leather upper material Textile lining Vegan leather sock Synthetic sole Imported Steve Madden MANDA TAUPE SUEDE | 5 | Steve Madden Women's Manda Block Heel Booties - Taupe Suede - Size 5 - Leather","The MANDA TAUPE SUEDE ankle bootie features a modern square toe silhouette with a sleek block heel for all-day comfort and stability. A distinctive buckle detail at the ankle adds an elevated touch to this versatile style, perfect for transitioning from day to night. 3.25 inch heel height 10.25 inch shaft circumference 5.5 inch shaft height Suede and leather upper material Textile lining Vegan leather sock Synthetic sole Imported Steve Madden MANDA TAUPE SUEDE | 5 | Steve Madden Women's Manda Block Heel Booties - Taupe Suede - Size 5 - Leather",179.95,179.95,https://cdn.shopify.com/s/files/1/2170/8465/files/STEVEMADDEN_SHOES_MANDA_TAUPE-SUEDE01.jpg,Women's Shoes > Booties,Women's Shoes > Booties,03/10/2026,,FALSE,41572074979461,,IN STOCK,,"10, 11, 5, 5.5, 6, 6.5, 7, 7.5, 8, 8.5, 9, 9.5",Taupe Suede,,,66,TRUE,TRUE,FALSE
Steve Madden,7258688520325,7258688520325,7258688520325,Steve Madden Women's Karlson Ankle Booties - Black - Size 5 - Leather,https://www.stevemadden.com/products/karlson-black-leather?utm_source=display&utm_medium=programmatic&utm_campaign=performance&utm_content=rtg,"The KARLSON BLACK LEATHER is a pointed-toe ankle boot designed with an angular heel for a sharp, modern silhouette. This sleek style combines contemporary edge with everyday wearability, perfect for elevating any outfit from casual to polished. 2 inch heel height 10.25 inch shaft circumference 6 inch shaft height Leather upper material Textile and vegan leather lining Vegan leather sock Synthetic sole Imported Steve Madden KARLSON BLACK LEATHER | 5 | Steve Madden Women's Karlson Ankle Booties - Black - Size 5 - Leather","The KARLSON BLACK LEATHER is a pointed-toe ankle boot designed with an angular heel for a sharp, modern silhouette. This sleek style combines contemporary edge with everyday wearability, perfect for elevating any outfit from casual to polished. 2 inch heel height 10.25 inch shaft circumference 6 inch shaft height Leather upper material Textile and vegan leather lining Vegan leather sock Synthetic sole Imported Steve Madden KARLSON BLACK LEATHER | 5 | Steve Madden Women's Karlson Ankle Booties - Black - Size 5 - Leather",169.95,169.95,https://cdn.shopify.com/s/files/1/2170/8465/files/STEVEMADDEN_SHOES_KARLSON_BLACK-LEATHER01.jpg,Women's Shoes > Booties,Women's Shoes > Booties,03/10/2026,,FALSE,41572075470981,,IN STOCK,,"10, 11, 12, 5, 5.5, 6, 6.5, 7, 7.5, 8, 8.5, 9, 9.5",Black,,,67,TRUE,TRUE,FALSE
Steve Madden,7258688553093,7258688553093,7258688553093,Steve Madden Women's Karlson Dark Cherry Leather Ankle Booties - Burgundy - Size 5,https://www.stevemadden.com/products/karlson-burgundy-leather?utm_source=display&utm_medium=programmatic&utm_campaign=performance&utm_content=rtg,"The KARLSON DARK CHERRY LEATHER is a pointed-toe ankle boot designed with an angular heel for a sharp, modern silhouette. This sleek style combines contemporary edge with everyday wearability, perfect for elevating any outfit from casual to polished. 2 inch heel height 10.25 inch shaft circumference 6 inch shaft height Leather upper material Vegan leather lining Vegan leather sock Synthetic sole Imported Steve Madden KARLSON DARK CHERRY LEATHER | Burgundy Leather | 5 | Steve Madden Women's Karlson Dark Cherry Leather Ankle Booties - Burgundy - Size 5","The KARLSON DARK CHERRY LEATHER is a pointed-toe ankle boot designed with an angular heel for a sharp, modern silhouette. This sleek style combines contemporary edge with everyday wearability, perfect for elevating any outfit from casual to polished. 2 inch heel height 10.25 inch shaft circumference 6 inch shaft height Leather upper material Vegan leather lining Vegan leather sock Synthetic sole Imported Steve Madden KARLSON DARK CHERRY LEATHER | Burgundy Leather | 5 | Steve Madden Women's Karlson Dark Cherry Leather Ankle Booties - Burgundy - Size 5",169.95,169.95,https://cdn.shopify.com/s/files/1/2170/8465/files/STEVEMADDEN_SHOES_KARLSON_BURGUNDY-LEATHER_01.jpg,Women's Shoes > Booties,Women's Shoes > Booties,03/10/2026,,FALSE,41572075896965,,IN STOCK,,"10, 5, 5.5, 6, 6.5, 7, 7.5, 8, 8.5, 9, 9.5",Burgundy,,,68,TRUE,TRUE,FALSE
Steve Madden,7258688585861,7258688585861,7258688585861,Steve Madden Women's Karlson Ankle Booties - Natural Snake - Size 6.5 - Leather,https://www.stevemadden.com/products/karlson-natural-snake?utm_source=display&utm_medium=programmatic&utm_campaign=performance&utm_content=rtg,"The KARLSON NATURAL SNAKE is a pointed-toe ankle boot designed with an angular heel for a sharp, modern silhouette. This sleek style combines contemporary edge with everyday wearability, perfect for elevating any outfit from casual to polished. 2 inch heel height 10.25 inch shaft circumference 6 inch shaft height Synthetic upper material Textile and vegan leather lining Vegan leather sock Synthetic sole Imported Steve Madden KARLSON NATURAL SNAKE | 6.5 | Steve Madden Women's Karlson Ankle Booties - Natural Snake - Size 6.5 - Leather","The KARLSON NATURAL SNAKE is a pointed-toe ankle boot designed with an angular heel for a sharp, modern silhouette. This sleek style combines contemporary edge with everyday wearability, perfect for elevating any outfit from casual to polished. 2 inch heel height 10.25 inch shaft circumference 6 inch shaft height Synthetic upper material Textile and vegan leather lining Vegan leather sock Synthetic sole Imported Steve Madden KARLSON NATURAL SNAKE | 6.5 | Steve Madden Women's Karlson Ankle Booties - Natural Snake - Size 6.5 - Leather",169.95,169.95,https://cdn.shopify.com/s/files/1/2170/8465/files/STEVEMADDEN_SHOES_KARLSON_NATURAL-SNAKE-LEATHER01.jpg,Women's Shoes > Booties,Women's Shoes > Booties,03/10/2026,,FALSE,41572076421253,,IN STOCK,,"6.5, 7.5",Natural Snake,,,69,TRUE,TRUE,FALSE
Steve Madden,7258688815237,7258688815237,7258688815237,Steve Madden Women's Zami Ankle Booties - Taupe Suede - Size 5 - Leather,https://www.stevemadden.com/products/zami-taupe-suede?utm_source=display&utm_medium=programmatic&utm_campaign=performance&utm_content=rtg,"The ZAMI TAUPE SUEDE is a versatile ankle bootie featuring a modern square toe silhouette that adds contemporary edge to any outfit. Crafted in premium materials, this bootie delivers comfort and sophistication for everyday wear or elevated occasions. The sleek ankle height and refined construction make it an essential addition to your footwear collection. .75 inch heel height 10.25 inch shaft circumference 5.75 inch shaft height Suede upper material Textile lining Vegan leather sock Synthetic sole Imported Steve Madden ZAMI TAUPE SUEDE | 5 | Steve Madden Women's Zami Ankle Booties - Taupe Suede - Size 5 - Leather","The ZAMI TAUPE SUEDE is a versatile ankle bootie featuring a modern square toe silhouette that adds contemporary edge to any outfit. Crafted in premium materials, this bootie delivers comfort and sophistication for everyday wear or elevated occasions. The sleek ankle height and refined construction make it an essential addition to your footwear collection. .75 inch heel height 10.25 inch shaft circumference 5.75 inch shaft height Suede upper material Textile lining Vegan leather sock Synthetic sole Imported Steve Madden ZAMI TAUPE SUEDE | 5 | Steve Madden Women's Zami Ankle Booties - Taupe Suede - Size 5 - Leather",149.95,149.95,https://cdn.shopify.com/s/files/1/2170/8465/files/STEVEMADDEN_SHOES_ZAMI_TAUPE-SUEDE01.jpg,Women's Shoes > Booties,Women's Shoes > Booties,03/10/2026,,FALSE,41572078551173,,IN STOCK,,"10, 11, 12, 5, 5.5, 6, 6.5, 7, 7.5, 8, 8.5, 9, 9.5",Taupe Suede,,,70,TRUE,TRUE,FALSE
Steve Madden,7258688848005,7258688848005,7258688848005,Steve Madden Women's Zami Ankle Booties - Black - Size 5 - Leather,https://www.stevemadden.com/products/zami-black-leather?utm_source=display&utm_medium=programmatic&utm_campaign=performance&utm_content=rtg,"The ZAMI BLACK LEATHER is a versatile ankle bootie featuring a modern square toe silhouette that adds contemporary edge to any outfit. Crafted in premium materials, this bootie delivers comfort and sophistication for everyday wear or elevated occasions. The sleek ankle height and refined construction make it an essential addition to your footwear collection. .75 inch heel height 10.25 inch shaft circumference 5.75 inch shaft height Leather upper material Textile lining Vegan leather sock Synthetic sole Imported Steve Madden ZAMI BLACK LEATHER | 5 | Steve Madden Women's Zami Ankle Booties - Black - Size 5 - Leather","The ZAMI BLACK LEATHER is a versatile ankle bootie featuring a modern square toe silhouette that adds contemporary edge to any outfit. Crafted in premium materials, this bootie delivers comfort and sophistication for everyday wear or elevated occasions. The sleek ankle height and refined construction make it an essential addition to your footwear collection. .75 inch heel height 10.25 inch shaft circumference 5.75 inch shaft height Leather upper material Textile lining Vegan leather sock Synthetic sole Imported Steve Madden ZAMI BLACK LEATHER | 5 | Steve Madden Women's Zami Ankle Booties - Black - Size 5 - Leather",149.95,149.95,https://cdn.shopify.com/s/files/1/2170/8465/files/STEVEMADDEN_SHOES_ZAMI_BLACK-LEATHER01.jpg,Women's Shoes > Booties,Women's Shoes > Booties,03/10/2026,,FALSE,41572078977157,,IN STOCK,,"10, 11, 5, 5.5, 6, 6.5, 7, 7.5, 8, 8.5, 9, 9.5",Black,,,71,TRUE,TRUE,FALSE
Steve Madden,7258688946309,7258688946309,7258688946309,Steve Madden Women's Zami Dark Cherry Leather Ankle Booties - Burgundy - Size 5,https://www.stevemadden.com/products/zami-burgundy-leather?utm_source=display&utm_medium=programmatic&utm_campaign=performance&utm_content=rtg,"The ZAMI DARK CHERRY LEATHER is a versatile ankle bootie featuring a modern square toe silhouette that adds contemporary edge to any outfit. Crafted in premium materials, this bootie delivers comfort and sophistication for everyday wear or elevated occasions. The sleek ankle height and refined construction make it an essential addition to your footwear collection. .75 inch heel height 10.25 inch shaft circumference 5.75 inch shaft height Leather upper material Textile lining Vegan leather sock Synthetic sole Imported Steve Madden ZAMI DARK CHERRY LEATHER | Burgundy Leather | 5 | Steve Madden Women's Zami Dark Cherry Leather Ankle Booties - Burgundy - Size 5","The ZAMI DARK CHERRY LEATHER is a versatile ankle bootie featuring a modern square toe silhouette that adds contemporary edge to any outfit. Crafted in premium materials, this bootie delivers comfort and sophistication for everyday wear or elevated occasions. The sleek ankle height and refined construction make it an essential addition to your footwear collection. .75 inch heel height 10.25 inch shaft circumference 5.75 inch shaft height Leather upper material Textile lining Vegan leather sock Synthetic sole Imported Steve Madden ZAMI DARK CHERRY LEATHER | Burgundy Leather | 5 | Steve Madden Women's Zami Dark Cherry Leather Ankle Booties - Burgundy - Size 5",149.95,149.95,https://cdn.shopify.com/s/files/1/2170/8465/files/STEVEMADDEN_SHOES_ZAMI_BURGUNDY-LEATHER01.jpg,Women's Shoes > Booties,Women's Shoes > Booties,03/10/2026,,FALSE,41572079861893,,IN STOCK,,"10, 11, 12, 5, 5.5, 6, 6.5, 7, 7.5, 8, 8.5, 9, 9.5",Burgundy,,,72,TRUE,TRUE,FALSE
Steve Madden,7258689044613,7258689044613,7258689044613,Steve Madden Women's Jendi Knee High Boots - Black - Size 5 - Leather,https://www.stevemadden.com/products/jendi-black-leather?utm_source=display&utm_medium=programmatic&utm_campaign=performance&utm_content=rtg,"The JENDI BLACK LEATHER is a striking knee-high boot designed for bold, contemporary style. Crafted with premium materials, this boot features a clean square silhouette that commands attention while offering versatile wear for any season. Built for comfort and durability, this essential footwear piece transitions seamlessly from day to night, delivering both edge and elegance to your wardrobe. 2.5 inch heel height 15.25 inch shaft circumference 14 inch shaft height Leather upper material Vegan leather and textile lining Vegan leather sock Synthetic sole Imported Steve Madden JENDI BLACK LEATHER | 5 | Steve Madden Women's Jendi Knee High Boots - Black - Size 5 - Leather","The JENDI BLACK LEATHER is a striking knee-high boot designed for bold, contemporary style. Crafted with premium materials, this boot features a clean square silhouette that commands attention while offering versatile wear for any season. Built for comfort and durability, this essential footwear piece transitions seamlessly from day to night, delivering both edge and elegance to your wardrobe. 2.5 inch heel height 15.25 inch shaft circumference 14 inch shaft height Leather upper material Vegan leather and textile lining Vegan leather sock Synthetic sole Imported Steve Madden JENDI BLACK LEATHER | 5 | Steve Madden Women's Jendi Knee High Boots - Black - Size 5 - Leather",199.95,199.95,https://cdn.shopify.com/s/files/1/2170/8465/files/STEVEMADDEN_SHOES_JENDI-JANET_BLACK-LEATHER01.jpg,Women's Shoes > Boots,Women's Shoes > Boots,03/10/2026,,FALSE,41572081172613,,IN STOCK,,"10, 11, 5, 5.5, 6, 6.5, 7, 7.5, 8, 8.5, 9, 9.5",Black,,,73,TRUE,TRUE,FALSE
Steve Madden,7258689175685,7258689175685,7258689175685,Steve Madden Women's Jendi Knee High Boots - Tortoise Crocodile - Size 5 - Leather,https://www.stevemadden.com/products/jendi-tortoise-crocodile?utm_source=display&utm_medium=programmatic&utm_campaign=performance&utm_content=rtg,"The JENDI TORTOISE CROCODILE is a striking knee-high boot designed for bold, contemporary style. Crafted with premium materials, this boot features a clean square silhouette that commands attention while offering versatile wear for any season. Built for comfort and durability, this essential footwear piece transitions seamlessly from day to night, delivering both edge and elegance to your wardrobe. 2.5 inch heel height 15.25 inch shaft circumference 14 inch shaft height Leather upper material Vegan leather and textile lining Vegan leather sock Synthetic sole Imported Steve Madden JENDI TORTOISE CROCODILE | 5 | Steve Madden Women's Jendi Knee High Boots - Tortoise Crocodile - Size 5 - Leather","The JENDI TORTOISE CROCODILE is a striking knee-high boot designed for bold, contemporary style. Crafted with premium materials, this boot features a clean square silhouette that commands attention while offering versatile wear for any season. Built for comfort and durability, this essential footwear piece transitions seamlessly from day to night, delivering both edge and elegance to your wardrobe. 2.5 inch heel height 15.25 inch shaft circumference 14 inch shaft height Leather upper material Vegan leather and textile lining Vegan leather sock Synthetic sole Imported Steve Madden JENDI TORTOISE CROCODILE | 5 | Steve Madden Women's Jendi Knee High Boots - Tortoise Crocodile - Size 5 - Leather",199.95,199.95,https://cdn.shopify.com/s/files/1/2170/8465/files/STEVEMADDEN_SHOES_JENDI_TORTOISE-CROCO-LEATHER01.jpg,Women's Shoes > Boots,Women's Shoes > Boots,03/10/2026,,FALSE,41572082483333,,IN STOCK,,"10, 11, 5, 5.5, 6, 6.5, 7, 7.5, 8, 8.5, 9, 9.5",Tortoise Crocodile,,,74,TRUE,TRUE,FALSE
Steve Madden,7258689372293,7258689372293,7258689372293,Steve Madden Women's Heleena Ankle Booties - Black - Size 6 - Leather,https://www.stevemadden.com/products/heleena-black-eel?utm_source=display&utm_medium=programmatic&utm_campaign=performance&utm_content=rtg,"The HELEENA BLACK EEL is a striking stiletto ankle boot featuring a sharp pointed toe that commands attention. Sleek and sophisticated, this bootie pairs effortless elegance with bold attitude. The elevated heel creates a flattering silhouette, while the snug ankle fit provides support and structure. Perfect for transitioning from day to night, this versatile piece completes any outfit with timeless style and edge. 3.5 inch heel height 9.5 inch shaft circumference 6 inch shaft height Leather upper material Textile lining Vegan leather sock Synthetic sole Imported Steve Madden HELEENA BLACK EEL | 6 | Steve Madden Women's Heleena Ankle Booties - Black - Size 6 - Leather","The HELEENA BLACK EEL is a striking stiletto ankle boot featuring a sharp pointed toe that commands attention. Sleek and sophisticated, this bootie pairs effortless elegance with bold attitude. The elevated heel creates a flattering silhouette, while the snug ankle fit provides support and structure. Perfect for transitioning from day to night, this versatile piece completes any outfit with timeless style and edge. 3.5 inch heel height 9.5 inch shaft circumference 6 inch shaft height Leather upper material Textile lining Vegan leather sock Synthetic sole Imported Steve Madden HELEENA BLACK EEL | 6 | Steve Madden Women's Heleena Ankle Booties - Black - Size 6 - Leather",179.95,179.95,https://cdn.shopify.com/s/files/1/2170/8465/files/STEVEMADDEN_SHOES_HELEENA_BLACK-EEL-LEATHER01.jpg,Women's Shoes > Booties,Women's Shoes > Booties,03/10/2026,,FALSE,41572086612101,,IN STOCK,,"10, 11, 6, 6.5, 7, 7.5, 8, 8.5, 9, 9.5",Black,,,75,TRUE,TRUE,FALSE
Steve Madden,7258689437829,7258689437829,7258689437829,Steve Madden Women's Heleena Ankle Booties - Dark Green Eel - Size 6 - Leather,https://www.stevemadden.com/products/heleena-dark-green-eel?utm_source=display&utm_medium=programmatic&utm_campaign=performance&utm_content=rtg,"The HELEENA DARK GREEN EEL is a striking stiletto ankle boot featuring a sharp pointed toe that commands attention. Sleek and sophisticated, this bootie pairs effortless elegance with bold attitude. The elevated heel creates a flattering silhouette, while the snug ankle fit provides support and structure. Perfect for transitioning from day to night, this versatile piece completes any outfit with timeless style and edge. 3.5 inch heel height 9.5 inch shaft circumference 6 inch shaft height Leather upper material Textile lining Vegan leather sock Synthetic sole Imported Steve Madden HELEENA DARK GREEN EEL | 6 | Steve Madden Women's Heleena Ankle Booties - Dark Green Eel - Size 6 - Leather","The HELEENA DARK GREEN EEL is a striking stiletto ankle boot featuring a sharp pointed toe that commands attention. Sleek and sophisticated, this bootie pairs effortless elegance with bold attitude. The elevated heel creates a flattering silhouette, while the snug ankle fit provides support and structure. Perfect for transitioning from day to night, this versatile piece completes any outfit with timeless style and edge. 3.5 inch heel height 9.5 inch shaft circumference 6 inch shaft height Leather upper material Textile lining Vegan leather sock Synthetic sole Imported Steve Madden HELEENA DARK GREEN EEL | 6 | Steve Madden Women's Heleena Ankle Booties - Dark Green Eel - Size 6 - Leather",179.95,179.95,https://cdn.shopify.com/s/files/1/2170/8465/files/STEVEMADDEN_SHOES_HELEENA_GREEN-EEL-LEATHER01.jpg,Women's Shoes > Booties,Women's Shoes > Booties,03/10/2026,,FALSE,41572087464069,,IN STOCK,,"10, 6, 6.5, 7, 7.5, 8, 8.5, 9, 9.5",Dark Green Eel,,,76,TRUE,TRUE,FALSE
Steve Madden,7258689470597,7258689470597,7258689470597,Steve Madden Women's Heleena Ankle Booties - Red Eel - Size 6 - Leather,https://www.stevemadden.com/products/heleena-red-eel?utm_source=display&utm_medium=programmatic&utm_campaign=performance&utm_content=rtg,"The HELEENA RED EEL is a striking stiletto ankle boot featuring a sharp pointed toe that commands attention. Sleek and sophisticated, this bootie pairs effortless elegance with bold attitude. The elevated heel creates a flattering silhouette, while the snug ankle fit provides support and structure. Perfect for transitioning from day to night, this versatile piece completes any outfit with timeless style and edge. 3.5 inch heel height 9.5 inch shaft circumference 6 inch shaft height Leather upper material Textile lining Vegan leather sock Synthetic sole Imported Steve Madden HELEENA RED EEL | 6 | Steve Madden Women's Heleena Ankle Booties - Red Eel - Size 6 - Leather","The HELEENA RED EEL is a striking stiletto ankle boot featuring a sharp pointed toe that commands attention. Sleek and sophisticated, this bootie pairs effortless elegance with bold attitude. The elevated heel creates a flattering silhouette, while the snug ankle fit provides support and structure. Perfect for transitioning from day to night, this versatile piece completes any outfit with timeless style and edge. 3.5 inch heel height 9.5 inch shaft circumference 6 inch shaft height Leather upper material Textile lining Vegan leather sock Synthetic sole Imported Steve Madden HELEENA RED EEL | 6 | Steve Madden Women's Heleena Ankle Booties - Red Eel - Size 6 - Leather",179.95,179.95,https://cdn.shopify.com/s/files/1/2170/8465/files/STEVEMADDEN_SHOES_HELEENA_RED-EEL-LEATHER01.jpg,Women's Shoes > Booties,Women's Shoes > Booties,03/10/2026,,FALSE,41572087890053,,IN STOCK,,"10, 6, 6.5, 7, 7.5, 8, 8.5, 9, 9.5",Red Eel,,,77,TRUE,TRUE,FALSE
Steve Madden,7259536457861,7259536457861,7259536457861,Steve Madden Women's Trial Vintage Tan Patchwork Ankle Booties - Tan Multi - Size 6 - Leather,https://www.stevemadden.com/products/trial-patch-tan-multi?utm_source=display&utm_medium=programmatic&utm_campaign=performance&utm_content=rtg,"The TRIAL VINTAGE TAN PATCHWORK stiletto ankle boot features a sharp pointed toe and sleek silhouette that transitions seamlessly from day to night. Crafted with premium materials, this elevated bootie delivers modern edge with timeless sophistication. The stiletto heel adds instant polish to any outfit, while the ankle fit provides a flattering, streamlined look. Perfect for those who demand both style and attitude in their footwear. 3.75 inch heel height 11 inch shaft circumference 7 inch shaft height Leather and suede upper material Textile lining Vegan leather sock Synthetic sole Imported Steve Madden TRIAL VINTAGE TAN PATCHWORK | Tan Multi | 6 | Steve Madden Women's Trial Vintage Tan Patchwork Ankle Booties - Tan Multi - Size 6 - Leather","The TRIAL VINTAGE TAN PATCHWORK stiletto ankle boot features a sharp pointed toe and sleek silhouette that transitions seamlessly from day to night. Crafted with premium materials, this elevated bootie delivers modern edge with timeless sophistication. The stiletto heel adds instant polish to any outfit, while the ankle fit provides a flattering, streamlined look. Perfect for those who demand both style and attitude in their footwear. 3.75 inch heel height 11 inch shaft circumference 7 inch shaft height Leather and suede upper material Textile lining Vegan leather sock Synthetic sole Imported Steve Madden TRIAL VINTAGE TAN PATCHWORK | Tan Multi | 6 | Steve Madden Women's Trial Vintage Tan Patchwork Ankle Booties - Tan Multi - Size 6 - Leather",179.95,179.95,https://cdn.shopify.com/s/files/1/2170/8465/files/STEVEMADDEN_SHOES_TRIAL-PATCH_TAN_3899.jpg,Women's Shoes > Booties,Women's Shoes > Booties,03/10/2026,,FALSE,41574840860805,,IN STOCK,,"10, 6, 6.5, 7, 7.5, 8, 8.5, 9, 9.5",Tan Multi,,,78,TRUE,TRUE,FALSE
Steve Madden,7259808497797,7259808497797,7259808497797,Steve Madden Women's Elona Cuffed Boots - Brown - Size 5 - Leather,https://www.stevemadden.com/products/elona-brown-leather?utm_source=display&utm_medium=programmatic&utm_campaign=performance&utm_content=rtg,"The ELONA BROWN LEATHER knee-high boot features a scrunched silhouette that hugs your leg with effortless style. A sharp pointed toe and sleek stiletto heel complete this edgy design, making it perfect for adding attitude to any outfit. 4.25 inch heel height 15.5 inch shaft circumference 15 inch shaft height Leather upper material Vegan leather lining Vegan leather sock Synthetic sole Imported Steve Madden ELONA BROWN LEATHER | 5 | Steve Madden Women's Elona Cuffed Boots - Brown - Size 5 - Leather","The ELONA BROWN LEATHER knee-high boot features a scrunched silhouette that hugs your leg with effortless style. A sharp pointed toe and sleek stiletto heel complete this edgy design, making it perfect for adding attitude to any outfit. 4.25 inch heel height 15.5 inch shaft circumference 15 inch shaft height Leather upper material Vegan leather lining Vegan leather sock Synthetic sole Imported Steve Madden ELONA BROWN LEATHER | 5 | Steve Madden Women's Elona Cuffed Boots - Brown - Size 5 - Leather",249.95,249.95,https://cdn.shopify.com/s/files/1/2170/8465/files/STEVEMADDEN_SHOES_ELONA_BROWN-LEATHER01_a3bc269f-3499-4430-8695-f3b3cf06495a.jpg,Women's Shoes > Boots,Women's Shoes > Boots,03/10/2026,,FALSE,41575161692293,,IN STOCK,,"10, 11, 12, 5, 5.5, 6, 6.5, 7, 7.5, 8, 8.5, 9, 9.5",Brown,,,79,TRUE,TRUE,FALSE
Steve Madden,7259808858245,7259808858245,7259808858245,Steve Madden Women's Pegasus Black Techno Fabric Pointed Toe Boots - Black Techno Satin - Size 5 - Leather/Satin,https://www.stevemadden.com/products/pegasus-black-techno-satin?utm_source=display&utm_medium=programmatic&utm_campaign=performance&utm_content=rtg,"The PEGASUS BLACK TECHNO FABRIC is a striking over-the-knee boot that commands attention with its sleek silhouette. This stiletto-heeled design features a sharp pointed toe that elongates the leg for an elegant, sophisticated look. Crafted with premium materials, this style delivers a bold statement that elevates any outfit from day to night. 3.75 inch heel height 14 inch shaft circumference 23 inch shaft height Textile upper material Textile lining Vegan leather sock Synthetic sole Imported Steve Madden PEGASUS BLACK TECHNO FABRIC | Black Techno Satin | 5 | Steve Madden Women's Pegasus Black Techno Fabric Pointed Toe Boots - Black Techno Satin - Size 5 - Leather/Satin","The PEGASUS BLACK TECHNO FABRIC is a striking over-the-knee boot that commands attention with its sleek silhouette. This stiletto-heeled design features a sharp pointed toe that elongates the leg for an elegant, sophisticated look. Crafted with premium materials, this style delivers a bold statement that elevates any outfit from day to night. 3.75 inch heel height 14 inch shaft circumference 23 inch shaft height Textile upper material Textile lining Vegan leather sock Synthetic sole Imported Steve Madden PEGASUS BLACK TECHNO FABRIC | Black Techno Satin | 5 | Steve Madden Women's Pegasus Black Techno Fabric Pointed Toe Boots - Black Techno Satin - Size 5 - Leather/Satin",169.95,169.95,https://cdn.shopify.com/s/files/1/2170/8465/files/STEVEMADDEN_SHOES_PEGASUS-PROVOKE_BLACK-SATIN01.jpg,Women's Shoes > Boots,Women's Shoes > Boots,03/10/2026,,FALSE,41575164182661,,IN STOCK,,"10, 11, 12, 5, 5.5, 6, 6.5, 7, 7.5, 8, 8.5, 9, 9.5",Black Techno Satin,,,80,TRUE,TRUE,FALSE
Steve Madden,7259808891013,7259808891013,7259808891013,Steve Madden Women's Pegasus Pointed Toe Boots - White - Size 5 - Leather,https://www.stevemadden.com/products/pegasus-white-patent?utm_source=display&utm_medium=programmatic&utm_campaign=performance&utm_content=rtg,"The PEGASUS WHITE PATENT is a striking over-the-knee boot that commands attention with its sleek silhouette. This stiletto-heeled design features a sharp pointed toe that elongates the leg for an elegant, sophisticated look. Crafted with premium materials, this style delivers a bold statement that elevates any outfit from day to night. 3.75 inch heel height 14 inch shaft circumference 23 inch shaft height Vegan patent leather upper material Textile lining Vegan leather sock Synthetic sole Imported Steve Madden PEGASUS WHITE PATENT | 5 | Steve Madden Women's Pegasus Pointed Toe Boots - White - Size 5 - Leather","The PEGASUS WHITE PATENT is a striking over-the-knee boot that commands attention with its sleek silhouette. This stiletto-heeled design features a sharp pointed toe that elongates the leg for an elegant, sophisticated look. Crafted with premium materials, this style delivers a bold statement that elevates any outfit from day to night. 3.75 inch heel height 14 inch shaft circumference 23 inch shaft height Vegan patent leather upper material Textile lining Vegan leather sock Synthetic sole Imported Steve Madden PEGASUS WHITE PATENT | 5 | Steve Madden Women's Pegasus Pointed Toe Boots - White - Size 5 - Leather",169.95,169.95,https://cdn.shopify.com/s/files/1/2170/8465/files/STEVEMADDEN_SHOES_PEGASUS_WHITE-PATENT_01.jpg,Women's Shoes > Boots,Women's Shoes > Boots,03/10/2026,,FALSE,41575164608645,,IN STOCK,,"10, 11, 12, 5, 5.5, 6, 6.5, 7, 7.5, 8, 8.5, 9, 9.5",White,,,81,TRUE,TRUE,FALSE
Steve Madden,7259809153157,7259809153157,7259809153157,Steve Madden Women's Enella Cuffed Booties - Zebra - Size 6 - Leather,https://www.stevemadden.com/products/enella-zebra?utm_source=display&utm_medium=programmatic&utm_campaign=performance&utm_content=rtg,"The ENELLA ZEBRA is a sleek stiletto bootie that combines edgy pointed-toe styling with a sophisticated fold-over ankle design. This versatile piece transitions seamlessly from day to night, offering a modern silhouette that elevates any outfit. Perfect for those seeking a bold, contemporary ankle boot that makes a statement. 3.5 inch heel height 17.5 inch shaft circumference 4 inch shaft height Textile upper material Vegan leather and textile lining Vegan leather sock Synthetic sole Imported Steve Madden ENELLA ZEBRA | 6 | Steve Madden Women's Enella Cuffed Booties - Zebra - Size 6 - Leather","The ENELLA ZEBRA is a sleek stiletto bootie that combines edgy pointed-toe styling with a sophisticated fold-over ankle design. This versatile piece transitions seamlessly from day to night, offering a modern silhouette that elevates any outfit. Perfect for those seeking a bold, contemporary ankle boot that makes a statement. 3.5 inch heel height 17.5 inch shaft circumference 4 inch shaft height Textile upper material Vegan leather and textile lining Vegan leather sock Synthetic sole Imported Steve Madden ENELLA ZEBRA | 6 | Steve Madden Women's Enella Cuffed Booties - Zebra - Size 6 - Leather",129.95,129.95,https://cdn.shopify.com/s/files/1/2170/8465/files/STEVEMADDEN_SHOES_ENELLA_BROWN-ZEBRA01.jpg,Women's Shoes > Booties,Women's Shoes > Booties,03/10/2026,,FALSE,41575166509189,,IN STOCK,,"6, 6.5, 7",Zebra,,,82,TRUE,TRUE,FALSE
Steve Madden,7259809349765,7259809349765,7259809349765,Steve Madden Women's Enella Cuffed Booties - Black Crocodile - Size 6 - Leather,https://www.stevemadden.com/products/enella-black-crocodile?utm_source=display&utm_medium=programmatic&utm_campaign=performance&utm_content=rtg,"The ENELLA BLACK CROCODILE is a sleek stiletto bootie that combines edgy pointed-toe styling with a sophisticated fold-over ankle design. This versatile piece transitions seamlessly from day to night, offering a modern silhouette that elevates any outfit. Perfect for those seeking a bold, contemporary ankle boot that makes a statement. 3.5 inch heel height 17.5 inch shaft circumference 4 inch shaft height Vegan leather upper material Vegan leather and textile lining Vegan leather sock Synthetic sole Imported Steve Madden ENELLA BLACK CROCODILE | 6 | Steve Madden Women's Enella Cuffed Booties - Black Crocodile - Size 6 - Leather","The ENELLA BLACK CROCODILE is a sleek stiletto bootie that combines edgy pointed-toe styling with a sophisticated fold-over ankle design. This versatile piece transitions seamlessly from day to night, offering a modern silhouette that elevates any outfit. Perfect for those seeking a bold, contemporary ankle boot that makes a statement. 3.5 inch heel height 17.5 inch shaft circumference 4 inch shaft height Vegan leather upper material Vegan leather and textile lining Vegan leather sock Synthetic sole Imported Steve Madden ENELLA BLACK CROCODILE | 6 | Steve Madden Women's Enella Cuffed Booties - Black Crocodile - Size 6 - Leather",129.95,129.95,https://cdn.shopify.com/s/files/1/2170/8465/files/STEVEMADDEN_SHOES_ENELLA_BLACK-CROCO01.jpg,Women's Shoes > Booties,Women's Shoes > Booties,03/10/2026,,FALSE,41575167459461,,IN STOCK,,"10, 6, 6.5, 7, 7.5, 8, 8.5, 9.5",Black Crocodile,,,83,TRUE,TRUE,FALSE
Steve Madden,7260239790213,7260239790213,7260239790213,Steve Madden Women's Kimmens Ankle Booties - Brown - Size 5 - Leather,https://www.stevemadden.com/products/kimmens-brown?utm_source=display&utm_medium=programmatic&utm_campaign=performance&utm_content=rtg,"The KIMMENS BROWN is a tapered square toe ankle boot designed for modern style and versatility. This sleek bootie features a refined silhouette that transitions seamlessly from day to night, offering a contemporary take on a classic essential. Perfect for pairing with denim, dresses, or tailored trousers. 2 inch heel height 10 inch shaft circumference 8 inch shaft height Vegan leather upper material Textile lining Vegan leather sock Synthetic sole Imported Steve Madden KIMMENS BROWN | 5 | Steve Madden Women's Kimmens Ankle Booties - Brown - Size 5 - Leather","The KIMMENS BROWN is a tapered square toe ankle boot designed for modern style and versatility. This sleek bootie features a refined silhouette that transitions seamlessly from day to night, offering a contemporary take on a classic essential. Perfect for pairing with denim, dresses, or tailored trousers. 2 inch heel height 10 inch shaft circumference 8 inch shaft height Vegan leather upper material Textile lining Vegan leather sock Synthetic sole Imported Steve Madden KIMMENS BROWN | 5 | Steve Madden Women's Kimmens Ankle Booties - Brown - Size 5 - Leather",129.95,129.95,https://cdn.shopify.com/s/files/1/2170/8465/files/STEVEMADDEN_SHOES_KIMMENS_BROWN01.jpg,Women's Shoes > Booties,Women's Shoes > Booties,03/10/2026,,FALSE,41577458630789,,IN STOCK,,"10, 11, 12, 13, 14, 5, 5.5, 6, 6.5, 7, 7.5, 8, 8.5, 9, 9.5",Brown,,,84,TRUE,TRUE,FALSE
Steve Madden,7260240085125,7260240085125,7260240085125,Steve Madden Women's Kimmens Ankle Booties - Black - Size 5 - Leather,https://www.stevemadden.com/products/kimmens-black?utm_source=display&utm_medium=programmatic&utm_campaign=performance&utm_content=rtg,"The KIMMENS BLACK is a tapered square toe ankle boot designed for modern style and versatility. This sleek bootie features a refined silhouette that transitions seamlessly from day to night, offering a contemporary take on a classic essential. Perfect for pairing with denim, dresses, or tailored trousers. 2 inch heel height 10 inch shaft circumference 8 inch shaft height Vegan leather upper material Textile lining Vegan leather sock Synthetic sole Imported Steve Madden KIMMENS BLACK | 5 | Steve Madden Women's Kimmens Ankle Booties - Black - Size 5 - Leather","The KIMMENS BLACK is a tapered square toe ankle boot designed for modern style and versatility. This sleek bootie features a refined silhouette that transitions seamlessly from day to night, offering a contemporary take on a classic essential. Perfect for pairing with denim, dresses, or tailored trousers. 2 inch heel height 10 inch shaft circumference 8 inch shaft height Vegan leather upper material Textile lining Vegan leather sock Synthetic sole Imported Steve Madden KIMMENS BLACK | 5 | Steve Madden Women's Kimmens Ankle Booties - Black - Size 5 - Leather",129.95,129.95,https://cdn.shopify.com/s/files/1/2170/8465/files/STEVEMADDEN_SHOES_KIMMENS_BLACK-LEATHER_01_7f5155ed-59b9-432e-aa3f-a29560428e44.jpg,Women's Shoes > Booties,Women's Shoes > Booties,03/10/2026,,FALSE,41577478357125,,IN STOCK,,"10, 11, 12, 13, 14, 5, 5.5, 6, 6.5, 7, 7.5, 8, 8.5, 9, 9.5",Black,,,85,TRUE,TRUE,FALSE
Steve Madden,7260240150661,7260240150661,7260240150661,Steve Madden Women's Daxen Block Heel Booties - Black - Size 5 - Leather,https://www.stevemadden.com/products/daxen-black-leather?utm_source=display&utm_medium=programmatic&utm_campaign=performance&utm_content=rtg,"The DAXEN BLACK LEATHER is a square toe bootie that combines timeless ankle boot styling with modern comfort. Featuring a sleek silhouette and versatile design, this shoe transitions effortlessly from day to night. The Chelsea construction offers easy on-and-off convenience while maintaining a polished, sophisticated look. 1.75 inch heel height 9.75 inch shaft circumference 5.5 inch shaft height Leather upper material Vegan leather and textile lining Vegan leather sock Synthetic sole Imported Steve Madden DAXEN BLACK LEATHER | 5 | Steve Madden Women's Daxen Block Heel Booties - Black - Size 5 - Leather","The DAXEN BLACK LEATHER is a square toe bootie that combines timeless ankle boot styling with modern comfort. Featuring a sleek silhouette and versatile design, this shoe transitions effortlessly from day to night. The Chelsea construction offers easy on-and-off convenience while maintaining a polished, sophisticated look. 1.75 inch heel height 9.75 inch shaft circumference 5.5 inch shaft height Leather upper material Vegan leather and textile lining Vegan leather sock Synthetic sole Imported Steve Madden DAXEN BLACK LEATHER | 5 | Steve Madden Women's Daxen Block Heel Booties - Black - Size 5 - Leather",159.95,159.95,https://cdn.shopify.com/s/files/1/2170/8465/files/STEVEMADDEN_SHOES_DAXEN_BLACK-LEATHER_01.jpg,Women's Shoes > Booties,Women's Shoes > Booties,03/10/2026,,FALSE,41577479241861,,IN STOCK,,"10, 11, 5, 5.5, 6, 6.5, 7, 7.5, 8, 8.5, 9, 9.5",Black,,,86,TRUE,TRUE,FALSE
Steve Madden,7260240183429,7260240183429,7260240183429,Steve Madden Women's Daxen Block Heel Booties - Brown Suede - Size 5 - Leather,https://www.stevemadden.com/products/daxen-brown-suede?utm_source=display&utm_medium=programmatic&utm_campaign=performance&utm_content=rtg,"The DAXEN BROWN SUEDE is a square toe bootie that combines timeless ankle boot styling with modern comfort. Featuring a sleek silhouette and versatile design, this shoe transitions effortlessly from day to night. The Chelsea construction offers easy on-and-off convenience while maintaining a polished, sophisticated look. 1.75 inch heel height 9.75 inch shaft circumference 5.5 inch shaft height Suede upper material Vegan leather and textile lining Vegan leather sock Synthetic sole Imported Steve Madden DAXEN BROWN SUEDE | 5 | Steve Madden Women's Daxen Block Heel Booties - Brown Suede - Size 5 - Leather","The DAXEN BROWN SUEDE is a square toe bootie that combines timeless ankle boot styling with modern comfort. Featuring a sleek silhouette and versatile design, this shoe transitions effortlessly from day to night. The Chelsea construction offers easy on-and-off convenience while maintaining a polished, sophisticated look. 1.75 inch heel height 9.75 inch shaft circumference 5.5 inch shaft height Suede upper material Vegan leather and textile lining Vegan leather sock Synthetic sole Imported Steve Madden DAXEN BROWN SUEDE | 5 | Steve Madden Women's Daxen Block Heel Booties - Brown Suede - Size 5 - Leather",159.95,159.95,https://cdn.shopify.com/s/files/1/2170/8465/files/STEVEMADDEN_SHOES_DAXEN_BROWN-SUEDE_01.jpg,Women's Shoes > Booties,Women's Shoes > Booties,03/10/2026,,FALSE,41577479766149,,IN STOCK,,"10, 11, 5, 5.5, 6, 6.5, 7, 7.5, 8, 8.5, 9, 9.5",Brown Suede,,,87,TRUE,TRUE,FALSE
Steve Madden,7260240248965,7260240248965,7260240248965,Steve Madden Women's Daxen Dark Cherry Leather Block Heel Booties - Burgundy - Size 6,https://www.stevemadden.com/products/daxen-burgundy-leather?utm_source=display&utm_medium=programmatic&utm_campaign=performance&utm_content=rtg,"The DAXEN DARK CHERRY LEATHER is a square toe bootie that combines timeless ankle boot styling with modern comfort. Featuring a sleek silhouette and versatile design, this shoe transitions effortlessly from day to night. The Chelsea construction offers easy on-and-off convenience while maintaining a polished, sophisticated look. 1.75 inch heel height 9.75 inch shaft circumference 5.5 inch shaft height Leather upper material Vegan leather and textile lining Vegan leather sock Synthetic sole Imported Steve Madden DAXEN DARK CHERRY LEATHER | Burgundy Leather | 6 | Steve Madden Women's Daxen Dark Cherry Leather Block Heel Booties - Burgundy - Size 6","The DAXEN DARK CHERRY LEATHER is a square toe bootie that combines timeless ankle boot styling with modern comfort. Featuring a sleek silhouette and versatile design, this shoe transitions effortlessly from day to night. The Chelsea construction offers easy on-and-off convenience while maintaining a polished, sophisticated look. 1.75 inch heel height 9.75 inch shaft circumference 5.5 inch shaft height Leather upper material Vegan leather and textile lining Vegan leather sock Synthetic sole Imported Steve Madden DAXEN DARK CHERRY LEATHER | Burgundy Leather | 6 | Steve Madden Women's Daxen Dark Cherry Leather Block Heel Booties - Burgundy - Size 6",159.95,159.95,https://cdn.shopify.com/s/files/1/2170/8465/files/STEVEMADDEN_SHOES_DAXEN_BURGUNDY-LEATHER01.jpg,Women's Shoes > Booties,Women's Shoes > Booties,03/10/2026,,FALSE,41577480388741,,IN STOCK,,"10, 11, 6, 6.5, 7, 7.5, 8, 8.5, 9, 9.5",Burgundy,,,88,TRUE,TRUE,FALSE
Steve Madden,7260741730437,7260741730437,7260741730437,Steve Madden Women's Woodside Wedge Boots - Chestnut Suede - Size 6 - Leather,https://www.stevemadden.com/products/woodside-chestnut-suede?utm_source=display&utm_medium=programmatic&utm_campaign=performance&utm_content=rtg,"The WOODSIDE CHESTNUT SUEDE is a wedge boot featuring a fold-over shaft and rounded toe. This versatile style combines comfort with contemporary design, offering a flattering silhouette that transitions seamlessly from casual to dressed-up occasions. The wedge heel provides stability and all-day wearability, while the fold-over shaft adds visual interest and styling flexibility. 2.5 inch hidden wedge 16 inch shaft circumference 9.5 inch shaft height Suede upper material Leather and textile lining Vegan leather sock Synthetic sole Wear folded down or unfolded for versatile styling Imported Steve Madden WOODSIDE CHESTNUT SUEDE | 6 | Steve Madden Women's Woodside Wedge Boots - Chestnut Suede - Size 6 - Leather","The WOODSIDE CHESTNUT SUEDE is a wedge boot featuring a fold-over shaft and rounded toe. This versatile style combines comfort with contemporary design, offering a flattering silhouette that transitions seamlessly from casual to dressed-up occasions. The wedge heel provides stability and all-day wearability, while the fold-over shaft adds visual interest and styling flexibility. 2.5 inch hidden wedge 16 inch shaft circumference 9.5 inch shaft height Suede upper material Leather and textile lining Vegan leather sock Synthetic sole Wear folded down or unfolded for versatile styling Imported Steve Madden WOODSIDE CHESTNUT SUEDE | 6 | Steve Madden Women's Woodside Wedge Boots - Chestnut Suede - Size 6 - Leather",179.95,179.95,https://cdn.shopify.com/s/files/1/2170/8465/files/STEVEMADDEN_SHOES_WOODSIDE_CHESTNUT-SUEDE_01.jpg,Women's Shoes > Boots,Women's Shoes > Boots,03/10/2026,,FALSE,41579210506373,,IN STOCK,,"10, 11, 6, 6.5, 7, 7.5, 8, 8.5, 9, 9.5",Chestnut Suede,,,89,TRUE,TRUE,FALSE
Steve Madden,7261897425029,7261897425029,7261897425029,Steve Madden Women's Nitro Spotted Leopard Knee High Boots - Spot Leopard - Size 6 - Leather,https://www.stevemadden.com/products/nitro-h-spot-leopard?utm_source=display&utm_medium=programmatic&utm_campaign=performance&utm_content=rtg,"The NITRO SPOTTED LEOPARD is a sophisticated and versatile addition to any wardrobe. This pointed-toe heeled stiletto boot is designed for both style and comfort, ensuring a confident stride. With a knee-high height, it adds a touch of elegance to any outfit. 4 inch heel height Size 6 measurements: 13.39 inch shaft circumference, 15 inch shaft height Size 8 measurements: 13.78 inch shaft circumference, 15.82 inch shaft height Size 10 measurements: 14.17 inch shaft circumference, 16.69 inch shaft height For correct calf measurements, measure your bare calf at its widest circumference with your foot flat on the ground Leather upper material Textile lining Vegan leather sock Synthetic sole Imported Steve Madden NITRO SPOTTED LEOPARD | Spot Leopard | 6 | Steve Madden Women's Nitro Spotted Leopard Knee High Boots - Spot Leopard - Size 6 - Leather","The NITRO SPOTTED LEOPARD is a sophisticated and versatile addition to any wardrobe. This pointed-toe heeled stiletto boot is designed for both style and comfort, ensuring a confident stride. With a knee-high height, it adds a touch of elegance to any outfit. 4 inch heel height Size 6 measurements: 13.39 inch shaft circumference, 15 inch shaft height Size 8 measurements: 13.78 inch shaft circumference, 15.82 inch shaft height Size 10 measurements: 14.17 inch shaft circumference, 16.69 inch shaft height For correct calf measurements, measure your bare calf at its widest circumference with your foot flat on the ground Leather upper material Textile lining Vegan leather sock Synthetic sole Imported Steve Madden NITRO SPOTTED LEOPARD | Spot Leopard | 6 | Steve Madden Women's Nitro Spotted Leopard Knee High Boots - Spot Leopard - Size 6 - Leather",249.95,249.95,https://cdn.shopify.com/s/files/1/2170/8465/files/STEVEMADDEN_SHOES_NITRO-H_LEOPARD-PONY01.jpg,Women's Shoes > Boots,Women's Shoes > Boots,03/10/2026,,FALSE,41581270761605,,IN STOCK,,"10, 6, 6.5, 7, 7.5, 8, 8.5, 9, 9.5",Spot Leopard,,,90,TRUE,TRUE,FALSE
Steve Madden,7261899030661,7261899030661,7261899030661,Steve Madden Women's Nitro Knee High Boots - Black - Size 5 - Leather,https://www.stevemadden.com/products/nitro-black-leather?utm_source=display&utm_medium=programmatic&utm_campaign=performance&utm_content=rtg,"The NITRO BLACK LEATHER is a sophisticated and versatile addition to any wardrobe. This pointed-toe heeled stiletto boot is designed for both style and comfort, ensuring a confident stride. With a knee-high height, it adds a touch of elegance to any outfit. 4 inch heel height Size 6 measurements: 13.39 inch shaft circumference, 15 inch shaft height Size 8 measurements: 13.78 inch shaft circumference, 15.82 inch shaft height Size 10 measurements: 14.17 inch shaft circumference, 16.69 inch shaft height For correct calf measurements, measure your bare calf at its widest circumference with your foot flat on the ground Leather upper material Textile and vegan leather lining Vegan leather sock Synthetic sole Imported Steve Madden NITRO BLACK LEATHER | 5 | Steve Madden Women's Nitro Knee High Boots - Black - Size 5 - Leather","The NITRO BLACK LEATHER is a sophisticated and versatile addition to any wardrobe. This pointed-toe heeled stiletto boot is designed for both style and comfort, ensuring a confident stride. With a knee-high height, it adds a touch of elegance to any outfit. 4 inch heel height Size 6 measurements: 13.39 inch shaft circumference, 15 inch shaft height Size 8 measurements: 13.78 inch shaft circumference, 15.82 inch shaft height Size 10 measurements: 14.17 inch shaft circumference, 16.69 inch shaft height For correct calf measurements, measure your bare calf at its widest circumference with your foot flat on the ground Leather upper material Textile and vegan leather lining Vegan leather sock Synthetic sole Imported Steve Madden NITRO BLACK LEATHER | 5 | Steve Madden Women's Nitro Knee High Boots - Black - Size 5 - Leather",229.95,229.95,https://cdn.shopify.com/s/files/1/2170/8465/files/STEVEMADDEN_SHOES_NITRO_BLACK-LEATHER01.jpg,Women's Shoes > Boots,Women's Shoes > Boots,03/10/2026,,FALSE,41581273448581,,IN STOCK,,"10, 11, 12, 5, 5.5, 6, 6.5, 7, 7.5, 8, 8.5, 9, 9.5",Black,,,91,TRUE,TRUE,FALSE
Steve Madden,7261899554949,7261899554949,7261899554949,Steve Madden Women's Nitro Knee High Boots - Red Crocodile - Size 5 - Leather,https://www.stevemadden.com/products/nitro-red-crocodile?utm_source=display&utm_medium=programmatic&utm_campaign=performance&utm_content=rtg,"The NITRO RED CROCODILE is a sophisticated and versatile addition to any wardrobe. This pointed-toe heeled stiletto boot is designed for both style and comfort, ensuring a confident stride. With a knee-high height, it adds a touch of elegance to any outfit. 4 inch heel height Size 6 measurements: 13.39 inch shaft circumference, 15 inch shaft height Size 8 measurements: 13.78 inch shaft circumference, 15.82 inch shaft height Size 10 measurements: 14.17 inch shaft circumference, 16.69 inch shaft height For correct calf measurements, measure your bare calf at its widest circumference with your foot flat on the ground Vegan leather upper material Textile lining Vegan leather sock Synthetic sole Imported Steve Madden NITRO RED CROCODILE | 5 | Steve Madden Women's Nitro Knee High Boots - Red Crocodile - Size 5 - Leather","The NITRO RED CROCODILE is a sophisticated and versatile addition to any wardrobe. This pointed-toe heeled stiletto boot is designed for both style and comfort, ensuring a confident stride. With a knee-high height, it adds a touch of elegance to any outfit. 4 inch heel height Size 6 measurements: 13.39 inch shaft circumference, 15 inch shaft height Size 8 measurements: 13.78 inch shaft circumference, 15.82 inch shaft height Size 10 measurements: 14.17 inch shaft circumference, 16.69 inch shaft height For correct calf measurements, measure your bare calf at its widest circumference with your foot flat on the ground Vegan leather upper material Textile lining Vegan leather sock Synthetic sole Imported Steve Madden NITRO RED CROCODILE | 5 | Steve Madden Women's Nitro Knee High Boots - Red Crocodile - Size 5 - Leather",229.95,229.95,https://cdn.shopify.com/s/files/1/2170/8465/files/STEVEMADDEN_SHOES_NITRO_RED-CROCO01.jpg,Women's Shoes > Boots,Women's Shoes > Boots,03/10/2026,,FALSE,41581274366085,,IN STOCK,,"10, 11, 5, 5.5, 6, 6.5, 7, 7.5, 8, 8.5, 9, 9.5",Red Crocodile,,,92,TRUE,TRUE,FALSE
Steve Madden,6565154324613,6565154324613,6565154324613,Steve Madden Women's Labelle Knee High Boots - Black - Size 13 - Leather,https://www.stevemadden.com/products/labelle-black?utm_source=display&utm_medium=programmatic&utm_campaign=performance&utm_content=rtg,"The LABELLE knee-high lug boot combines rugged durability with refined style. Featuring a rounded toe and a sturdy lug sole, this boot offers excellent traction and all-day comfort. Its tall silhouette provides added protection and a bold fashion statement, making it a versatile choice for both urban and outdoor wear. Crafted for those who demand both function and sophistication in their footwear. 1.75 inch heel height 1 inch platform 12.75 inch shaft circumference 15 inch shaft height Vegan leather upper material Textile lining Vegan leather sock Synthetic sole Imported Steve Madden LABELLE BLACK | 13 | Steve Madden Women's Labelle Knee High Boots - Black - Size 13 - Leather","The LABELLE knee-high lug boot combines rugged durability with refined style. Featuring a rounded toe and a sturdy lug sole, this boot offers excellent traction and all-day comfort. Its tall silhouette provides added protection and a bold fashion statement, making it a versatile choice for both urban and outdoor wear. Crafted for those who demand both function and sophistication in their footwear. 1.75 inch heel height 1 inch platform 12.75 inch shaft circumference 15 inch shaft height Vegan leather upper material Textile lining Vegan leather sock Synthetic sole Imported Steve Madden LABELLE BLACK | 13 | Steve Madden Women's Labelle Knee High Boots - Black - Size 13 - Leather",129.95,129.95,https://cdn.shopify.com/s/files/1/2170/8465/files/STEVEMADDEN_SHOES_LABELLE_BLACK01.jpg,Women's Shoes > Boots,Women's Shoes > Boots,03/10/2026,,FALSE,41582177288325,,IN STOCK,,"10, 11, 12, 13, 14, 5, 5.5, 6, 6.5, 7, 7.5, 8, 8.5, 9, 9.5",Black,,,93,TRUE,TRUE,TRUE
Steve Madden,7262399627397,7262399627397,7262399627397,Steve Madden Women's Lyrica Block Heel Booties - Black - Size 5 - Leather,https://www.stevemadden.com/products/lyrica-black?utm_source=display&utm_medium=programmatic&utm_campaign=performance&utm_content=rtg,"The LYRICA BLACK ankle boot delivers modern edge with its striking silhouette and sturdy block heel. This versatile bootie transitions seamlessly from day to night, offering the perfect balance of comfort and contemporary style. The structured heel provides stability while the square toe create a fashion-forward look that pairs effortlessly with jeans, dresses, or tailored trousers. 3.25 inch heel height 9.5 inch shaft circumference 6 inch shaft height Vegan leather upper material Textile lining Vegan leather sock Synthetic sole Imported Steve Madden LYRICA BLACK | 5 | Steve Madden Women's Lyrica Block Heel Booties - Black - Size 5 - Leather","The LYRICA BLACK ankle boot delivers modern edge with its striking silhouette and sturdy block heel. This versatile bootie transitions seamlessly from day to night, offering the perfect balance of comfort and contemporary style. The structured heel provides stability while the square toe create a fashion-forward look that pairs effortlessly with jeans, dresses, or tailored trousers. 3.25 inch heel height 9.5 inch shaft circumference 6 inch shaft height Vegan leather upper material Textile lining Vegan leather sock Synthetic sole Imported Steve Madden LYRICA BLACK | 5 | Steve Madden Women's Lyrica Block Heel Booties - Black - Size 5 - Leather",119.95,119.95,https://cdn.shopify.com/s/files/1/2170/8465/files/STEVEMADDEN_SHOES_LYRICA_BLACK01.jpg,Women's Shoes > Booties,Women's Shoes > Booties,03/10/2026,,FALSE,41583975596165,,IN STOCK,,"10, 11, 5, 5.5, 6, 6.5, 7, 7.5, 8, 8.5, 9, 9.5",Black,,,94,TRUE,TRUE,FALSE
Steve Madden,7262400577669,7262400577669,7262400577669,Steve Madden Women's Harden Block Heel Booties - Brown - Size 5 - Leather,https://www.stevemadden.com/products/harden-brown-leather?utm_source=display&utm_medium=programmatic&utm_campaign=performance&utm_content=rtg,"Introducing our HARDEN BROWN LEATHER ankle bootie. Expertly crafted with a pointed toe, this bootie offers a sleek and stylish look. The block heel provides comfortable support for all-day wear, while the inside zipper allows for easy on and off. Step out in style with these must-have booties. 3.75 inch heel height Size 6 measurements: 10 inch shaft circumference, 5 inch shaft height Size 8 measurements: 10.75 inch shaft circumference, 5.25 inch shaft height Size 10 measurements: 11.5 inch shaft circumference, 5.5 inch shaft height Leather upper material Textile and vegan leather lining Vegan leather sock Synthetic sole Imported Steve Madden HARDEN BROWN LEATHER | 5 | Steve Madden Women's Harden Block Heel Booties - Brown - Size 5 - Leather","Introducing our HARDEN BROWN LEATHER ankle bootie. Expertly crafted with a pointed toe, this bootie offers a sleek and stylish look. The block heel provides comfortable support for all-day wear, while the inside zipper allows for easy on and off. Step out in style with these must-have booties. 3.75 inch heel height Size 6 measurements: 10 inch shaft circumference, 5 inch shaft height Size 8 measurements: 10.75 inch shaft circumference, 5.25 inch shaft height Size 10 measurements: 11.5 inch shaft circumference, 5.5 inch shaft height Leather upper material Textile and vegan leather lining Vegan leather sock Synthetic sole Imported Steve Madden HARDEN BROWN LEATHER | 5 | Steve Madden Women's Harden Block Heel Booties - Brown - Size 5 - Leather",169.95,169.95,https://cdn.shopify.com/s/files/1/2170/8465/files/STEVEMADDEN_SHOES_HARDEN_BROWN-LEATHER01_7a16004a-d703-45e8-b6bf-f3ad8674ce3b.jpg,Women's Shoes > Booties,Women's Shoes > Booties,03/10/2026,,FALSE,41583979987077,,IN STOCK,,"10, 11, 12, 5, 5.5, 6, 6.5, 7, 7.5, 8, 8.5, 9, 9.5",Brown,,,95,TRUE,TRUE,FALSE
Steve Madden,7263401181317,7263401181317,7263401181317,Steve Madden Women's Labelle Wide Calf Knee High Boots - Black - Size 8.5W - Leather,https://www.stevemadden.com/products/labelle-w-black?utm_source=display&utm_medium=programmatic&utm_campaign=performance&utm_content=rtg,"The LABELLE BLACK WIDE CALF knee-high lug boot combines rugged durability with refined style. Featuring a rounded toe and a sturdy lug sole, this boot offers excellent traction and all-day comfort. Its tall silhouette provides added protection and a bold fashion statement, making it a versatile choice for both urban and outdoor wear. Crafted for those who demand both function and sophistication in their footwear. 1.75 inch heel height 1 inch platform 12.75 inch shaft circumference 15 inch shaft height Size 6 measurements: 14.17 inch top-shaft circumference, 13.58 inch mid-shaft circumference, 14.76 inch shaft height Size 8 measurements: 15.12 inch top-shaft circumference, 14.53 inch mid-shaft circumference, 15.63 inch shaft height Size 10 measurements: 16.06 inch top-shaft circumference, 15.47 inch mid-shaft circumference, 16.5 inch shaft height For correct calf measurements, measure your bare calf at its widest circumference with your foot flat on the ground Features stretch material for a flexible fit - may allow for additional calf circumference beyond listed measurements Vegan leather upper material Textile lining Vegan leather sock Synthetic sole Imported Steve Madden LABELLE BLACK WIDE CALF | 8.5W | Steve Madden Women's Labelle Wide Calf Knee High Boots - Black - Size 8.5W - Leather","The LABELLE BLACK WIDE CALF knee-high lug boot combines rugged durability with refined style. Featuring a rounded toe and a sturdy lug sole, this boot offers excellent traction and all-day comfort. Its tall silhouette provides added protection and a bold fashion statement, making it a versatile choice for both urban and outdoor wear. Crafted for those who demand both function and sophistication in their footwear. 1.75 inch heel height 1 inch platform 12.75 inch shaft circumference 15 inch shaft height Size 6 measurements: 14.17 inch top-shaft circumference, 13.58 inch mid-shaft circumference, 14.76 inch shaft height Size 8 measurements: 15.12 inch top-shaft circumference, 14.53 inch mid-shaft circumference, 15.63 inch shaft height Size 10 measurements: 16.06 inch top-shaft circumference, 15.47 inch mid-shaft circumference, 16.5 inch shaft height For correct calf measurements, measure your bare calf at its widest circumference with your foot flat on the ground Features stretch material for a flexible fit - may allow for additional calf circumference beyond listed measurements Vegan leather upper material Textile lining Vegan leather sock Synthetic sole Imported Steve Madden LABELLE BLACK WIDE CALF | 8.5W | Steve Madden Women's Labelle Wide Calf Knee High Boots - Black - Size 8.5W - Leather",129.95,129.95,https://cdn.shopify.com/s/files/1/2170/8465/files/STEVEMADDEN_SHOES_LABELLE-W_BLACK01_28241c79-767f-45c3-8164-ac4d94e499fa.jpg,Women's Shoes > Boots,Women's Shoes > Boots,03/10/2026,,FALSE,41586020352133,,IN STOCK,,"10.0W, 11.0W, 12.0W, 13.0W, 14.0W, 5.0W, 5.5W, 6.0W, 6.5W, 7.0W, 7.5W, 8.0W, 8.5W, 9.0W, 9.5W",Black,,,96,TRUE,TRUE,FALSE
Steve Madden,7264407355525,7264407355525,7264407355525,Steve Madden Women's Lovelies Vintage Block Heel Boots - Tan - Size 6 - Leather,https://www.stevemadden.com/products/lovelies-tan-leather?utm_source=display&utm_medium=programmatic&utm_campaign=performance&utm_content=rtg,"The LOVELIES VINTAGE TAN LEATHER is a square toe boot featuring a sturdy block heel designed for all-day comfort and versatile styling. The sleek construction pairs effortlessly with dresses, jeans, or skirts, making it a wardrobe essential for any season. The structured block heel provides stability and support, while the knee-high silhouette offers modern coverage and a polished look. 3.25 inch heel height 15.25 inch shaft circumference 15 inch shaft height Leather upper material Vegan leather lining Vegan leather sock Synthetic sole Imported Steve Madden LOVELIES VINTAGE TAN LEATHER | 6 | Steve Madden Women's Lovelies Vintage Block Heel Boots - Tan - Size 6 - Leather","The LOVELIES VINTAGE TAN LEATHER is a square toe boot featuring a sturdy block heel designed for all-day comfort and versatile styling. The sleek construction pairs effortlessly with dresses, jeans, or skirts, making it a wardrobe essential for any season. The structured block heel provides stability and support, while the knee-high silhouette offers modern coverage and a polished look. 3.25 inch heel height 15.25 inch shaft circumference 15 inch shaft height Leather upper material Vegan leather lining Vegan leather sock Synthetic sole Imported Steve Madden LOVELIES VINTAGE TAN LEATHER | 6 | Steve Madden Women's Lovelies Vintage Block Heel Boots - Tan - Size 6 - Leather",229.95,229.95,https://cdn.shopify.com/s/files/1/2170/8465/files/STEVEMADDEN_SHOES_LOVELIES_TAN-LEATHER01.jpg,Women's Shoes > Boots,Women's Shoes > Boots,03/10/2026,,FALSE,41590599614597,,IN STOCK,,"10, 11, 6, 6.5, 7, 7.5, 8, 8.5, 9, 9.5",Tan,,,97,TRUE,TRUE,FALSE
Steve Madden,7264407388293,7264407388293,7264407388293,Steve Madden Women's Lovelies Dark Cherry Leather Block Heel Boots - Wine - Size 5,https://www.stevemadden.com/products/lovelies-wine-leather?utm_source=display&utm_medium=programmatic&utm_campaign=performance&utm_content=rtg,"The LOVELIES DARK CHERRY LEATHER is a square toe boot featuring a sturdy block heel designed for all-day comfort and versatile styling. The sleek construction pairs effortlessly with dresses, jeans, or skirts, making it a wardrobe essential for any season. The structured block heel provides stability and support, while the knee-high silhouette offers modern coverage and a polished look. 3.25 inch heel height 15.25 inch shaft circumference 15 inch shaft height Leather upper material Vegan leather lining Vegan leather sock Synthetic sole Imported Steve Madden LOVELIES DARK CHERRY LEATHER | Wine Leather | 5 | Steve Madden Women's Lovelies Dark Cherry Leather Block Heel Boots - Wine - Size 5","The LOVELIES DARK CHERRY LEATHER is a square toe boot featuring a sturdy block heel designed for all-day comfort and versatile styling. The sleek construction pairs effortlessly with dresses, jeans, or skirts, making it a wardrobe essential for any season. The structured block heel provides stability and support, while the knee-high silhouette offers modern coverage and a polished look. 3.25 inch heel height 15.25 inch shaft circumference 15 inch shaft height Leather upper material Vegan leather lining Vegan leather sock Synthetic sole Imported Steve Madden LOVELIES DARK CHERRY LEATHER | Wine Leather | 5 | Steve Madden Women's Lovelies Dark Cherry Leather Block Heel Boots - Wine - Size 5",229.95,229.95,https://cdn.shopify.com/s/files/1/2170/8465/files/STEVEMADDEN_SHOES_LOVELIES_WINE-LEATHER01.jpg,Women's Shoes > Boots,Women's Shoes > Boots,03/10/2026,,FALSE,41590599975045,,IN STOCK,,"10, 11, 5, 5.5, 6, 6.5, 7, 7.5, 8, 8.5, 9, 9.5",Wine,,,98,TRUE,TRUE,FALSE
Steve Madden,7264407421061,7264407421061,7264407421061,Steve Madden Women's Lovelies Block Heel Boots - Black - Size 5 - Leather,https://www.stevemadden.com/products/lovelies-black-leather?utm_source=display&utm_medium=programmatic&utm_campaign=performance&utm_content=rtg,"The LOVELIES BLACK LEATHER is a square toe boot featuring a sturdy block heel designed for all-day comfort and versatile styling. The sleek construction pairs effortlessly with dresses, jeans, or skirts, making it a wardrobe essential for any season. The structured block heel provides stability and support, while the knee-high silhouette offers modern coverage and a polished look. 3.25 inch heel height 15.25 inch shaft circumference 15 inch shaft height Leather upper material Vegan leather lining Vegan leather sock Synthetic sole Imported Steve Madden LOVELIES BLACK LEATHER | 5 | Steve Madden Women's Lovelies Block Heel Boots - Black - Size 5 - Leather","The LOVELIES BLACK LEATHER is a square toe boot featuring a sturdy block heel designed for all-day comfort and versatile styling. The sleek construction pairs effortlessly with dresses, jeans, or skirts, making it a wardrobe essential for any season. The structured block heel provides stability and support, while the knee-high silhouette offers modern coverage and a polished look. 3.25 inch heel height 15.25 inch shaft circumference 15 inch shaft height Leather upper material Vegan leather lining Vegan leather sock Synthetic sole Imported Steve Madden LOVELIES BLACK LEATHER | 5 | Steve Madden Women's Lovelies Block Heel Boots - Black - Size 5 - Leather",229.95,229.95,https://cdn.shopify.com/s/files/1/2170/8465/files/STEVEMADDEN_SHOES_LOVELIES_BLACK-LEATHER01.jpg,Women's Shoes > Boots,Women's Shoes > Boots,03/10/2026,,FALSE,41590600401029,,IN STOCK,,"10, 11, 5, 5.5, 6, 6.5, 7, 7.5, 8, 8.5, 9, 9.5",Black,,,99,TRUE,TRUE,FALSE
Steve Madden,7264407847045,7264407847045,7264407847045,Steve Madden Women's Koah2O Block Heel Booties - Black - Size 5 - Leather,https://www.stevemadden.com/products/koah2o-black?utm_source=display&utm_medium=programmatic&utm_campaign=performance&utm_content=rtg,"The KOAH2O BLACK is a water-resistant ankle boot designed with a sleek chelsea silhouette for effortless everyday wear. This versatile bootie combines style and practicality, while delivering a polished look for any occasion. Perfect for transitioning between seasons, it's a wardrobe essential that works with everything from jeans to dresses. 3 inch heel height 1.5 inch platform 10 inch shaft circumference 9 inch shaft height Vegan leather upper material Vegan leather lining Vegan leather sock Synthetic sole Imported Steve Madden KOAH2O BLACK | 5 | Steve Madden Women's Koah2O Block Heel Booties - Black - Size 5 - Leather","The KOAH2O BLACK is a water-resistant ankle boot designed with a sleek chelsea silhouette for effortless everyday wear. This versatile bootie combines style and practicality, while delivering a polished look for any occasion. Perfect for transitioning between seasons, it's a wardrobe essential that works with everything from jeans to dresses. 3 inch heel height 1.5 inch platform 10 inch shaft circumference 9 inch shaft height Vegan leather upper material Vegan leather lining Vegan leather sock Synthetic sole Imported Steve Madden KOAH2O BLACK | 5 | Steve Madden Women's Koah2O Block Heel Booties - Black - Size 5 - Leather",99.95,99.95,https://cdn.shopify.com/s/files/1/2170/8465/files/STEVEMADDEN_SHOES_KOA-H20_BLACK_01.jpg,Women's Shoes > Booties,Women's Shoes > Booties,03/10/2026,,FALSE,41590604693637,,IN STOCK,,"10, 11, 12, 13, 14, 5, 5.5, 6, 6.5, 7, 7.5, 8, 8.5, 9, 9.5",Black,,,100,TRUE,TRUE,FALSE
Steve Madden,7264407879813,7264407879813,7264407879813,Steve Madden Women's Keela Block Heel Booties - Black - Size 5 - Leather,https://www.stevemadden.com/products/keela-black?utm_source=display&utm_medium=programmatic&utm_campaign=performance&utm_content=rtg,"The KEELA BLACK ankle boot combines rugged lug sole traction with a sturdy platform and block heel for confident, all-day wear. Built for durability and style, this bootie delivers the grip and stability you need without compromising on modern design. 3.25 inch heel height 1 inch platform 10 inch shaft circumference 8 inch shaft height Vegan leather upper material Textile lining Vegan leather sock Synthetic sole Imported Steve Madden KEELA BLACK | 5 | Steve Madden Women's Keela Block Heel Booties - Black - Size 5 - Leather","The KEELA BLACK ankle boot combines rugged lug sole traction with a sturdy platform and block heel for confident, all-day wear. Built for durability and style, this bootie delivers the grip and stability you need without compromising on modern design. 3.25 inch heel height 1 inch platform 10 inch shaft circumference 8 inch shaft height Vegan leather upper material Textile lining Vegan leather sock Synthetic sole Imported Steve Madden KEELA BLACK | 5 | Steve Madden Women's Keela Block Heel Booties - Black - Size 5 - Leather",109.95,109.95,https://cdn.shopify.com/s/files/1/2170/8465/files/STEVEMADDEN_SHOES_KEELA_BLACK01.jpg,Women's Shoes > Booties,Women's Shoes > Booties,03/10/2026,,FALSE,41590605185157,,IN STOCK,,"10, 11, 12, 13, 14, 5, 5.5, 6, 6.5, 7, 7.5, 8, 8.5, 9, 9.5",Black,,,101,TRUE,TRUE,FALSE
Steve Madden,7265010352261,7265010352261,7265010352261,Steve Madden Women's Eralyn Block Heel Booties - Black - Size 5 - Leather,https://www.stevemadden.com/products/eralyn-black?utm_source=display&utm_medium=programmatic&utm_campaign=performance&utm_content=rtg,"The ERALYN BLACK is a sleek ankle boot featuring a modern square toe and sturdy block heel. This versatile bootie transitions seamlessly from day to night, offering both comfort and contemporary style. Perfect for pairing with jeans, dresses, or tailored pants, this shoe adds a polished finish to any outfit. 2.25 inch heel height 9 inch shaft circumference 8.5 inch shaft height Vegan leather upper material Textile lining Vegan leather sock Synthetic sole Imported Steve Madden ERALYN BLACK | 5 | Steve Madden Women's Eralyn Block Heel Booties - Black - Size 5 - Leather","The ERALYN BLACK is a sleek ankle boot featuring a modern square toe and sturdy block heel. This versatile bootie transitions seamlessly from day to night, offering both comfort and contemporary style. Perfect for pairing with jeans, dresses, or tailored pants, this shoe adds a polished finish to any outfit. 2.25 inch heel height 9 inch shaft circumference 8.5 inch shaft height Vegan leather upper material Textile lining Vegan leather sock Synthetic sole Imported Steve Madden ERALYN BLACK | 5 | Steve Madden Women's Eralyn Block Heel Booties - Black - Size 5 - Leather",109.95,109.95,https://cdn.shopify.com/s/files/1/2170/8465/files/STEVEMADDEN_SHOES_ERALYN_BLACK01.jpg,Women's Shoes > Booties,Women's Shoes > Booties,03/10/2026,,FALSE,41592828952709,,IN STOCK,,"10, 11, 12, 13, 5, 5.5, 6, 6.5, 7, 7.5, 8, 8.5, 9, 9.5",Black,,,102,TRUE,TRUE,FALSE
Steve Madden,7265010876549,7265010876549,7265010876549,Steve Madden Women's Eralyn Block Heel Booties - Brown - Size 5 - Leather,https://www.stevemadden.com/products/eralyn-brown?utm_source=display&utm_medium=programmatic&utm_campaign=performance&utm_content=rtg,"The ERALYN BROWN is a sleek ankle boot featuring a modern square toe and sturdy block heel. This versatile bootie transitions seamlessly from day to night, offering both comfort and contemporary style. Perfect for pairing with jeans, dresses, or tailored pants, this shoe adds a polished finish to any outfit. 2.25 inch heel height 9 inch shaft circumference 8.5 inch shaft height Vegan leather upper material Textile lining Vegan leather sock Synthetic sole Imported Steve Madden ERALYN BROWN | 5 | Steve Madden Women's Eralyn Block Heel Booties - Brown - Size 5 - Leather","The ERALYN BROWN is a sleek ankle boot featuring a modern square toe and sturdy block heel. This versatile bootie transitions seamlessly from day to night, offering both comfort and contemporary style. Perfect for pairing with jeans, dresses, or tailored pants, this shoe adds a polished finish to any outfit. 2.25 inch heel height 9 inch shaft circumference 8.5 inch shaft height Vegan leather upper material Textile lining Vegan leather sock Synthetic sole Imported Steve Madden ERALYN BROWN | 5 | Steve Madden Women's Eralyn Block Heel Booties - Brown - Size 5 - Leather",109.95,109.95,https://cdn.shopify.com/s/files/1/2170/8465/files/STEVEMADDEN_SHOES_ERALYN_BROWN01.jpg,Women's Shoes > Booties,Women's Shoes > Booties,03/10/2026,,FALSE,41592830001285,,IN STOCK,,"10, 11, 12, 13, 14, 5, 5.5, 6, 6.5, 7, 7.5, 8, 8.5, 9, 9.5",Brown,,,103,TRUE,TRUE,FALSE
Steve Madden,7265524514949,7265524514949,7265524514949,Steve Madden Women's Elona Black/gold Rhinestones Cuffed Boots - Black Gold - Size 6 - Leather,https://www.stevemadden.com/products/elona-r-black-gold?utm_source=display&utm_medium=programmatic&utm_campaign=performance&utm_content=rtg,"The ELONA BLACK/GOLD RHINESTONES knee-high boot features a scrunched silhouette that hugs your leg with effortless style. A sharp pointed toe and sleek stiletto heel complete this edgy design, making it perfect for adding attitude to any outfit. 4.25 inch heel height 15.5 inch shaft circumference 15 inch shaft height Textile upper material with stones Vegan leather lining Vegan leather sock Synthetic sole Imported Steve Madden ELONA BLACK/GOLD RHINESTONES | Black Gold | 6 | Steve Madden Women's Elona Black/gold Rhinestones Cuffed Boots - Black Gold - Size 6 - Leather","The ELONA BLACK/GOLD RHINESTONES knee-high boot features a scrunched silhouette that hugs your leg with effortless style. A sharp pointed toe and sleek stiletto heel complete this edgy design, making it perfect for adding attitude to any outfit. 4.25 inch heel height 15.5 inch shaft circumference 15 inch shaft height Textile upper material with stones Vegan leather lining Vegan leather sock Synthetic sole Imported Steve Madden ELONA BLACK/GOLD RHINESTONES | Black Gold | 6 | Steve Madden Women's Elona Black/gold Rhinestones Cuffed Boots - Black Gold - Size 6 - Leather",249.95,249.95,https://cdn.shopify.com/s/files/1/2170/8465/files/STEVEMADDEN_SHOES_ELONA-R_GOLD-BLACK01.jpg,Women's Shoes > Boots,Women's Shoes > Boots,03/10/2026,,FALSE,41594735952005,,IN STOCK,,"10, 11, 6, 6.5, 7, 7.5, 8, 8.5, 9, 9.5",Black Gold,,,104,TRUE,TRUE,FALSE
Steve Madden,7265618591877,7265618591877,7265618591877,Steve Madden Women's Lysara Knee High Boots - Taupe Multi - Size 5 - Leather,https://www.stevemadden.com/products/lysara-taupe-multi?utm_source=display&utm_medium=programmatic&utm_campaign=performance&utm_content=rtg,"The LYSARA TAUPE MULTI is a sophisticated knee-high boot featuring a pointed toe silhouette. Crafted with two-tone materials for visual interest and dimension, this versatile style transitions seamlessly from day to evening. The refined pointed toe elongates the leg, while the comfortable kitten heel provides all-day wearability. Perfect for elevating any outfit with understated luxury. 1.5 inch heel height 15.25 inch shaft circumference 15.25 inch shaft height Leather and suede upper material Textile lining Vegan leather sock Synthetic sole Imported Steve Madden LYSARA TAUPE MULTI | 5 | Steve Madden Women's Lysara Knee High Boots - Taupe Multi - Size 5 - Leather","The LYSARA TAUPE MULTI is a sophisticated knee-high boot featuring a pointed toe silhouette. Crafted with two-tone materials for visual interest and dimension, this versatile style transitions seamlessly from day to evening. The refined pointed toe elongates the leg, while the comfortable kitten heel provides all-day wearability. Perfect for elevating any outfit with understated luxury. 1.5 inch heel height 15.25 inch shaft circumference 15.25 inch shaft height Leather and suede upper material Textile lining Vegan leather sock Synthetic sole Imported Steve Madden LYSARA TAUPE MULTI | 5 | Steve Madden Women's Lysara Knee High Boots - Taupe Multi - Size 5 - Leather",199.95,199.95,https://cdn.shopify.com/s/files/1/2170/8465/files/STEVEMADDEN_SHOES_LYSARA_TAUPE-LEATHER02.jpg,Women's Shoes > Boots,Women's Shoes > Boots,03/10/2026,,FALSE,41594937114757,,IN STOCK,,"10, 11, 5, 5.5, 6, 6.5, 7, 7.5, 8, 8.5, 9, 9.5",Taupe Multi,,,105,TRUE,TRUE,FALSE
Steve Madden,7265618624645,7265618624645,7265618624645,Steve Madden Women's Lysara Knee High Boots - Black Multi - Size 5 - Leather,https://www.stevemadden.com/products/lysara-black-multi?utm_source=display&utm_medium=programmatic&utm_campaign=performance&utm_content=rtg,"The LYSARA BLACK MULTI is a sophisticated knee-high boot featuring a pointed toe silhouette. Crafted with two-tone materials for visual interest and dimension, this versatile style transitions seamlessly from day to evening. The refined pointed toe elongates the leg, while the comfortable kitten heel provides all-day wearability. Perfect for elevating any outfit with understated luxury. 1.5 inch heel height 15.25 inch shaft circumference 15.25 inch shaft height Leather and suede upper material Vegan leather lining Vegan leather sock Synthetic sole Imported Steve Madden LYSARA BLACK MULTI | 5 | Steve Madden Women's Lysara Knee High Boots - Black Multi - Size 5 - Leather","The LYSARA BLACK MULTI is a sophisticated knee-high boot featuring a pointed toe silhouette. Crafted with two-tone materials for visual interest and dimension, this versatile style transitions seamlessly from day to evening. The refined pointed toe elongates the leg, while the comfortable kitten heel provides all-day wearability. Perfect for elevating any outfit with understated luxury. 1.5 inch heel height 15.25 inch shaft circumference 15.25 inch shaft height Leather and suede upper material Vegan leather lining Vegan leather sock Synthetic sole Imported Steve Madden LYSARA BLACK MULTI | 5 | Steve Madden Women's Lysara Knee High Boots - Black Multi - Size 5 - Leather",199.95,199.95,https://cdn.shopify.com/s/files/1/2170/8465/files/STEVEMADDEN_SHOES_LYSARA_BLACK-MULTI_02.jpg,Women's Shoes > Boots,Women's Shoes > Boots,03/10/2026,,FALSE,41594937540741,,IN STOCK,,"10, 11, 5, 5.5, 6, 6.5, 7, 7.5, 8, 8.5, 9, 9.5",Black Multi,,,106,TRUE,TRUE,FALSE
Steve Madden,7265618886789,7265618886789,7265618886789,Steve Madden Women's Aubrena Block Heel Booties - Black - Size 5 - Leather,https://www.stevemadden.com/products/aubrena-black-patent?utm_source=display&utm_medium=programmatic&utm_campaign=performance&utm_content=rtg,"The AUBRENA BLACK PATENT is a sophisticated ankle boot designed for modern style. This bootie features a soft pointed-toe silhouette and a block heel for all-day comfort and stability. The sleek finish delivers a polished, versatile look that transitions seamlessly from day to evening. Perfect for elevating any outfit with understated elegance. 3.75 inch heel height 9.5 inch shaft circumference 6 inch shaft height Vegan leather upper material Textile lining Vegan leather sock Synthetic sole Imported Steve Madden AUBRENA BLACK PATENT | 5 | Steve Madden Women's Aubrena Block Heel Booties - Black - Size 5 - Leather","The AUBRENA BLACK PATENT is a sophisticated ankle boot designed for modern style. This bootie features a soft pointed-toe silhouette and a block heel for all-day comfort and stability. The sleek finish delivers a polished, versatile look that transitions seamlessly from day to evening. Perfect for elevating any outfit with understated elegance. 3.75 inch heel height 9.5 inch shaft circumference 6 inch shaft height Vegan leather upper material Textile lining Vegan leather sock Synthetic sole Imported Steve Madden AUBRENA BLACK PATENT | 5 | Steve Madden Women's Aubrena Block Heel Booties - Black - Size 5 - Leather",119.95,119.95,https://cdn.shopify.com/s/files/1/2170/8465/files/STEVEMADDEN_SHOES_AUBRENA_BLACK-PATENT01.jpg,Women's Shoes > Booties,Women's Shoes > Booties,03/10/2026,,FALSE,41594940883077,,IN STOCK,,"10, 11, 5, 5.5, 6, 6.5, 7, 7.5, 8, 8.5, 9, 9.5",Black,,,107,TRUE,TRUE,FALSE
Steve Madden,7266230206597,7266230206597,7266230206597,Steve Madden Women's Delyra Block Heel Boots - Black - Size 5 - Leather,https://www.stevemadden.com/products/delyra-black?utm_source=display&utm_medium=programmatic&utm_campaign=performance&utm_content=rtg,"The DELYRA BLACK is a striking knee-high boot designed for bold, contemporary style. This sleek silhouette combines modern edge with versatile appeal, making it an essential addition to any footwear collection. The distinctive square toe adds a fashion-forward touch that works seamlessly with dresses, jeans, or tailored pieces. Crafted for comfort and confidence, this boot delivers both attitude and wearability for everyday wear or special occasions. 1.25 inch heel height 12.75 inch shaft circumference 14.25 inch shaft height Vegan leather upper material Textile and vegan leather lining Vegan leather sock Synthetic sole Imported Steve Madden DELYRA BLACK | 5 | Steve Madden Women's Delyra Block Heel Boots - Black - Size 5 - Leather","The DELYRA BLACK is a striking knee-high boot designed for bold, contemporary style. This sleek silhouette combines modern edge with versatile appeal, making it an essential addition to any footwear collection. The distinctive square toe adds a fashion-forward touch that works seamlessly with dresses, jeans, or tailored pieces. Crafted for comfort and confidence, this boot delivers both attitude and wearability for everyday wear or special occasions. 1.25 inch heel height 12.75 inch shaft circumference 14.25 inch shaft height Vegan leather upper material Textile and vegan leather lining Vegan leather sock Synthetic sole Imported Steve Madden DELYRA BLACK | 5 | Steve Madden Women's Delyra Block Heel Boots - Black - Size 5 - Leather",149.95,149.95,https://cdn.shopify.com/s/files/1/2170/8465/files/STEVEMADDEN_SHOES_DELYRA_BLACK01.jpg,Women's Shoes > Boots,Women's Shoes > Boots,03/10/2026,,FALSE,41596371271813,,IN STOCK,,"10, 11, 12, 13, 14, 5, 5.5, 6, 6.5, 7, 7.5, 8, 8.5, 9, 9.5",Black,,,108,TRUE,TRUE,FALSE
Steve Madden,7266230304901,7266230304901,7266230304901,Steve Madden Women's Ramira Boots - Cognac - Size 6 - Leather,https://www.stevemadden.com/products/ramira-cognac-leather?utm_source=display&utm_medium=programmatic&utm_campaign=performance&utm_content=rtg,"The RAMIRA COGNAC LEATHER is a round toe boot featuring an attached knit legwarmer for enhanced comfort and warmth. Crafted with premium materials, this versatile boot transitions seamlessly from casual to dressed-up occasions. The round toe silhouette offers a flattering, modern look that complements any wardrobe. 1.5 inch heel height 15 inch shaft circumference 10.25 inch shaft height Leather upper material Unlined with textile legwarmer Vegan leather sock Synthetic sole Designed with a non-removable knit legwarmer Imported Steve Madden RAMIRA COGNAC LEATHER | 6 | Steve Madden Women's Ramira Boots - Cognac - Size 6 - Leather","The RAMIRA COGNAC LEATHER is a round toe boot featuring an attached knit legwarmer for enhanced comfort and warmth. Crafted with premium materials, this versatile boot transitions seamlessly from casual to dressed-up occasions. The round toe silhouette offers a flattering, modern look that complements any wardrobe. 1.5 inch heel height 15 inch shaft circumference 10.25 inch shaft height Leather upper material Unlined with textile legwarmer Vegan leather sock Synthetic sole Designed with a non-removable knit legwarmer Imported Steve Madden RAMIRA COGNAC LEATHER | 6 | Steve Madden Women's Ramira Boots - Cognac - Size 6 - Leather",199.95,199.95,https://cdn.shopify.com/s/files/1/2170/8465/files/STEVEMADDEN_SHOES_RAMIRA_BROWN-LEATHER_01.jpg,Women's Shoes > Boots,Women's Shoes > Boots,03/10/2026,,FALSE,41596372091013,,IN STOCK,,"10, 6, 6.5, 7, 7.5, 8, 8.5, 9, 9.5",Cognac,,,109,TRUE,TRUE,FALSE
Steve Madden,7267041083525,7267041083525,7267041083525,Steve Madden Women's Lowery Block Heel Boots - Brown Distressed - Size 5 - Leather,https://www.stevemadden.com/products/lowery-brown-distressed?utm_source=display&utm_medium=programmatic&utm_campaign=performance&utm_content=rtg,"The LOWERY BROWN DISTRESSED knee-high fold-over boot features a striking square-toe silhouette with distinctive buckle and zipper detailing that adds edge and personality to your look. Pairs effortlessly with denim, dresses, or tailored pieces for everyday versatility. 3 inch heel height 15.5 inch shaft circumference 13.75 inch shaft height Leather upper material Vegan leather lining Vegan leather sock Synthetic sole Imported Steve Madden LOWERY BROWN DISTRESSED | 5 | Steve Madden Women's Lowery Block Heel Boots - Brown Distressed - Size 5 - Leather","The LOWERY BROWN DISTRESSED knee-high fold-over boot features a striking square-toe silhouette with distinctive buckle and zipper detailing that adds edge and personality to your look. Pairs effortlessly with denim, dresses, or tailored pieces for everyday versatility. 3 inch heel height 15.5 inch shaft circumference 13.75 inch shaft height Leather upper material Vegan leather lining Vegan leather sock Synthetic sole Imported Steve Madden LOWERY BROWN DISTRESSED | 5 | Steve Madden Women's Lowery Block Heel Boots - Brown Distressed - Size 5 - Leather",199.95,199.95,https://cdn.shopify.com/s/files/1/2170/8465/files/STEVEMADDEN_SHOES_LOWERY_BROWN-DISTRESSED_01.jpg,Women's Shoes > Boots,Women's Shoes > Boots,03/10/2026,,FALSE,41601211760773,,IN STOCK,,"10, 11, 5, 5.5, 6, 6.5, 7, 7.5, 8, 8.5, 9, 9.5",Brown Distressed,,,110,TRUE,TRUE,FALSE
Steve Madden,7267041181829,7267041181829,7267041181829,Steve Madden Women's Stray Boots - Black - Size 6 - Leather,https://www.stevemadden.com/products/stray-black-leather?utm_source=display&utm_medium=programmatic&utm_campaign=performance&utm_content=rtg,"The STRAY BLACK LEATHER is a boot designed for everyday wear and versatile styling. Crafted with premium materials, this boot delivers a classic silhouette that pairs effortlessly with jeans, dresses, or casual outfits. The rounded toe provides comfort and a modern edge, while the durable construction ensures lasting wear season after season. 1.5 inch heel height 13 inch shaft circumference 9.5 inch shaft height Leather upper material Unlined Vegan leather sock Synthetic sole Imported Steve Madden STRAY BLACK LEATHER | 6 | Steve Madden Women's Stray Boots - Black - Size 6 - Leather","The STRAY BLACK LEATHER is a boot designed for everyday wear and versatile styling. Crafted with premium materials, this boot delivers a classic silhouette that pairs effortlessly with jeans, dresses, or casual outfits. The rounded toe provides comfort and a modern edge, while the durable construction ensures lasting wear season after season. 1.5 inch heel height 13 inch shaft circumference 9.5 inch shaft height Leather upper material Unlined Vegan leather sock Synthetic sole Imported Steve Madden STRAY BLACK LEATHER | 6 | Steve Madden Women's Stray Boots - Black - Size 6 - Leather",169.95,169.95,https://cdn.shopify.com/s/files/1/2170/8465/files/STEVEMADDEN_SHOES_STRAY_BLACK-LEATHER01.jpg,Women's Shoes > Boots,Women's Shoes > Boots,03/10/2026,,FALSE,41601212743813,,IN STOCK,,"10, 11, 6, 6.5, 7, 7.5, 8, 8.5, 9, 9.5",Black,,,111,TRUE,TRUE,FALSE
Steve Madden,7267659939973,7267659939973,7267659939973,Steve Madden Women's Truce Vintage Ankle Booties - Tan - Size 5 - Leather,https://www.stevemadden.com/products/truce-tan-leather?utm_source=display&utm_medium=programmatic&utm_campaign=performance&utm_content=rtg,"The TRUCE VINTAGE TAN LEATHER ankle boot features a sleek pointed toe silhouette that transitions effortlessly from day to night. Crafted in premium materials, this bootie delivers sophisticated style with a comfortable fit that works with everything from jeans to dresses. The pointed toe elongates the leg while the ankle-height cut provides versatile styling options for any season. 3.25 inch heel eight 10.5 inch shaft circumference 9 inch shaft height Leather upper material Vegan leather and textile lining Vegan leather sock Synthetic sole Imported Steve Madden TRUCE VINTAGE TAN LEATHER | 5 | Steve Madden Women's Truce Vintage Ankle Booties - Tan - Size 5 - Leather","The TRUCE VINTAGE TAN LEATHER ankle boot features a sleek pointed toe silhouette that transitions effortlessly from day to night. Crafted in premium materials, this bootie delivers sophisticated style with a comfortable fit that works with everything from jeans to dresses. The pointed toe elongates the leg while the ankle-height cut provides versatile styling options for any season. 3.25 inch heel eight 10.5 inch shaft circumference 9 inch shaft height Leather upper material Vegan leather and textile lining Vegan leather sock Synthetic sole Imported Steve Madden TRUCE VINTAGE TAN LEATHER | 5 | Steve Madden Women's Truce Vintage Ankle Booties - Tan - Size 5 - Leather",179.95,179.95,https://cdn.shopify.com/s/files/1/2170/8465/files/STEVEMADDEN_SHOES_TRUCE_TAN-LEATHER_01_4699ca57-ea36-48ec-8a80-fb246d1c645a.jpg,Women's Shoes > Booties,Women's Shoes > Booties,03/10/2026,,FALSE,41603813638277,,IN STOCK,,"10, 11, 5, 5.5, 6, 6.5, 7, 7.5, 8, 8.5, 9, 9.5",Tan,,,112,TRUE,TRUE,FALSE
Steve Madden,7267660005509,7267660005509,7267660005509,Steve Madden Women's Truce Ankle Booties - Black - Size 5 - Leather,https://www.stevemadden.com/products/truce-black-leather?utm_source=display&utm_medium=programmatic&utm_campaign=performance&utm_content=rtg,"The TRUCE BLACK LEATHER ankle boot features a sleek pointed toe silhouette that transitions effortlessly from day to night. Crafted in premium materials, this bootie delivers sophisticated style with a comfortable fit that works with everything from jeans to dresses. The pointed toe elongates the leg while the ankle-height cut provides versatile styling options for any season. 3.25 inch heel eight 10.5 inch shaft circumference 9 inch shaft height Leather upper material Vegan leather and textile lining Vegan leather sock Synthetic sole Imported Steve Madden TRUCE BLACK LEATHER | 5 | Steve Madden Women's Truce Ankle Booties - Black - Size 5 - Leather","The TRUCE BLACK LEATHER ankle boot features a sleek pointed toe silhouette that transitions effortlessly from day to night. Crafted in premium materials, this bootie delivers sophisticated style with a comfortable fit that works with everything from jeans to dresses. The pointed toe elongates the leg while the ankle-height cut provides versatile styling options for any season. 3.25 inch heel eight 10.5 inch shaft circumference 9 inch shaft height Leather upper material Vegan leather and textile lining Vegan leather sock Synthetic sole Imported Steve Madden TRUCE BLACK LEATHER | 5 | Steve Madden Women's Truce Ankle Booties - Black - Size 5 - Leather",179.95,179.95,https://cdn.shopify.com/s/files/1/2170/8465/files/STEVEMADDEN_SHOES_TRUCE_BLACK-LEATHER_01.jpg,Women's Shoes > Booties,Women's Shoes > Booties,03/10/2026,,FALSE,41603814064261,,IN STOCK,,"10, 11, 5, 5.5, 6, 6.5, 7, 7.5, 8, 8.5, 9, 9.5",Black,,,113,TRUE,TRUE,FALSE
Steve Madden,7268758782085,7268758782085,7268758782085,Steve Madden Women's Scratch Block Heel Boots - Black - Size 5 - Leather,https://www.stevemadden.com/products/scratch-black?utm_source=display&utm_medium=programmatic&utm_campaign=performance&utm_content=rtg,"Make a bold statement with the SCRATCH BLACK knee-high boot. This platform style features a sturdy block heel that delivers both comfort and confidence with every step. The sleek silhouette pairs effortlessly with any outfit, from casual denim to dressed-up looks. Built for all-day wear, this boot combines contemporary design with practical functionality. Elevate your footwear collection with a timeless piece that works as hard as you do. 6 inch heel height 2.5 inch platform 13 inch shaft circumference 15 inch shaft height Vegan leather upper material Textile lining Vegan leather sock Synthetic sole Imported Steve Madden SCRATCH BLACK | 5 | Steve Madden Women's Scratch Block Heel Boots - Black - Size 5 - Leather","Make a bold statement with the SCRATCH BLACK knee-high boot. This platform style features a sturdy block heel that delivers both comfort and confidence with every step. The sleek silhouette pairs effortlessly with any outfit, from casual denim to dressed-up looks. Built for all-day wear, this boot combines contemporary design with practical functionality. Elevate your footwear collection with a timeless piece that works as hard as you do. 6 inch heel height 2.5 inch platform 13 inch shaft circumference 15 inch shaft height Vegan leather upper material Textile lining Vegan leather sock Synthetic sole Imported Steve Madden SCRATCH BLACK | 5 | Steve Madden Women's Scratch Block Heel Boots - Black - Size 5 - Leather",169.95,169.95,https://cdn.shopify.com/s/files/1/2170/8465/files/STEVEMADDEN_SHOES_SCRATCH_BLACK_01.jpg,Women's Shoes > Boots,Women's Shoes > Boots,03/10/2026,,FALSE,41607407501445,,IN STOCK,,"10, 11, 5, 5.5, 6, 6.5, 7, 7.5, 8, 8.5, 9, 9.5",Black,,,114,TRUE,TRUE,FALSE
Steve Madden,7268758913157,7268758913157,7268758913157,Steve Madden Women's Ramble Block Heel Boots - Black Multi - Size 6 - Leather,https://www.stevemadden.com/products/ramble-black-multi?utm_source=display&utm_medium=programmatic&utm_campaign=performance&utm_content=rtg,"The RAMBLE BLACK MULTI is a knee-high boot designed for bold, everyday style. Featuring a sturdy lug sole for confident traction and a distinctive square-toe silhouette, this boot delivers modern edge. A refined buckle detail adds character, making it versatile enough to pair with dresses, jeans, or leather pants. 1.75 inch heel height 1.75 inch heel height 15.75 inch shaft circumference 14 inch shaft height Leather upper material Vegan leather lining Leather sock Synthetic sole Imported Steve Madden RAMBLE BLACK MULTI | 6 | Steve Madden Women's Ramble Block Heel Boots - Black Multi - Size 6 - Leather","The RAMBLE BLACK MULTI is a knee-high boot designed for bold, everyday style. Featuring a sturdy lug sole for confident traction and a distinctive square-toe silhouette, this boot delivers modern edge. A refined buckle detail adds character, making it versatile enough to pair with dresses, jeans, or leather pants. 1.75 inch heel height 1.75 inch heel height 15.75 inch shaft circumference 14 inch shaft height Leather upper material Vegan leather lining Leather sock Synthetic sole Imported Steve Madden RAMBLE BLACK MULTI | 6 | Steve Madden Women's Ramble Block Heel Boots - Black Multi - Size 6 - Leather",229.95,229.95,https://cdn.shopify.com/s/files/1/2170/8465/files/STEVEMADDEN_SHOES_RAMBLE_BLACK-MULTI_01.jpg,Women's Shoes > Boots,Women's Shoes > Boots,03/10/2026,,FALSE,41607408681093,,IN STOCK,,"10, 6, 6.5, 7, 7.5, 8, 8.5, 9, 9.5",Black Multi,,,115,TRUE,TRUE,TRUE
Steve Madden,7268758945925,7268758945925,7268758945925,Steve Madden Women's Ramble Block Heel Boots - Brown Multi - Size 6 - Leather,https://www.stevemadden.com/products/ramble-brown-multi?utm_source=display&utm_medium=programmatic&utm_campaign=performance&utm_content=rtg,"The RAMBLE BROWN MULTI is a knee-high boot designed for bold, everyday style. Featuring a sturdy lug sole for confident traction and a distinctive square-toe silhouette, this boot delivers modern edge. A refined buckle detail adds character, making it versatile enough to pair with dresses, jeans, or leather pants. 1.75 inch heel height 15.75 inch shaft circumference 14 inch shaft height Leather upper material Vegan leather lining Leather sock Synthetic sole Imported Steve Madden RAMBLE BROWN MULTI | 6 | Steve Madden Women's Ramble Block Heel Boots - Brown Multi - Size 6 - Leather","The RAMBLE BROWN MULTI is a knee-high boot designed for bold, everyday style. Featuring a sturdy lug sole for confident traction and a distinctive square-toe silhouette, this boot delivers modern edge. A refined buckle detail adds character, making it versatile enough to pair with dresses, jeans, or leather pants. 1.75 inch heel height 15.75 inch shaft circumference 14 inch shaft height Leather upper material Vegan leather lining Leather sock Synthetic sole Imported Steve Madden RAMBLE BROWN MULTI | 6 | Steve Madden Women's Ramble Block Heel Boots - Brown Multi - Size 6 - Leather",229.95,229.95,https://cdn.shopify.com/s/files/1/2170/8465/files/STEVEMADDEN_SHOES_RAMBLE_BROWN-MULTI_01.jpg,Women's Shoes > Boots,Women's Shoes > Boots,03/10/2026,,FALSE,41607409074309,,IN STOCK,,"10, 6, 6.5, 7, 7.5, 8, 8.5, 9, 9.5",Brown Multi,,,116,TRUE,TRUE,TRUE
Steve Madden,7268758978693,7268758978693,7268758978693,Steve Madden Women's Scorn Block Heel Boots - Black - Size 6.5 - Leather,https://www.stevemadden.com/products/scorn-black-leather?utm_source=display&utm_medium=programmatic&utm_campaign=performance&utm_content=rtg,"The SCORN BLACK LEATHER boot combines timeless style with modern comfort. Crafted from premium materials, this knee-high silhouette features a sturdy block heel and platform sole for all-day wearability. Perfect for elevating any outfit, from casual to polished looks. 6 inch heel height 2.5 inch platform 15 inch shaft circumference 14.25 inch shaft height Leather upper material Vegan leather and textile lining Vegan leather sock Synthetic sole Imported Steve Madden SCORN BLACK LEATHER | 6.5 | Steve Madden Women's Scorn Block Heel Boots - Black - Size 6.5 - Leather","The SCORN BLACK LEATHER boot combines timeless style with modern comfort. Crafted from premium materials, this knee-high silhouette features a sturdy block heel and platform sole for all-day wearability. Perfect for elevating any outfit, from casual to polished looks. 6 inch heel height 2.5 inch platform 15 inch shaft circumference 14.25 inch shaft height Leather upper material Vegan leather and textile lining Vegan leather sock Synthetic sole Imported Steve Madden SCORN BLACK LEATHER | 6.5 | Steve Madden Women's Scorn Block Heel Boots - Black - Size 6.5 - Leather",249.95,249.95,https://cdn.shopify.com/s/files/1/2170/8465/files/STEVEMADDEN_SHOES_SCORN_BLACK-LEATHER01.jpg,Women's Shoes > Boots,Women's Shoes > Boots,03/10/2026,,FALSE,41607409500293,,IN STOCK,,"10, 6.5, 7, 7.5, 8, 8.5, 9, 9.5",Black,,,117,TRUE,TRUE,FALSE
Steve Madden,7271078428805,7271078428805,7271078428805,Steve Madden Women's Riggs Rust Boot & Riggs Bag Bundle,https://www.stevemadden.com/products/riggs-rust-boot-riggs-bag-bundle?utm_source=display&utm_medium=programmatic&utm_campaign=performance&utm_content=rtg,"Effortlessly elevate your style with the RIGGS boot. With its square-toe and sleek design, this just-under-the-knee boot is a must-have for any fashion-conscious individual. This timeless boot provides both comfort and sophistication, making it the perfect addition to any outfit. 1.75 inch heel height Size 6 measurements: 14.57 inch shaft circumference, 13.25 inch shaft height Size 8 measurements: 15.51 inch shaft circumference, 14 inch shaft height Size 10 measurements: 16.44 inch shaft circumference, 14.75 inch shaft height For correct calf measurements, measure your bare calf at its widest circumference with your foot flat on the ground Leather upper material Vegan leather lining Vegan leather sock Synthetic sole Imported Expertly crafted with a slouchy satchel design, this RIGGS BAG RUST is a top-handle bag that combines style and function. Featuring dome stud details and knotted fringe decals on a gusset with rounded bottom metal aglets, it also comes with an attachable crossbody strap for versatile wear-a must-have for any fashion-forward wardrobe. Slouchy satchel bag with front slip phone pocket Top-handle straps Top zipper closure Attachable bag charms Removable and adjustable crossbody strap Fits more than the essentials, including a phone, full-size wallet, headphones, makeup pouch, and sunglasses Top-handle strap: 3 inches Crossbody strap: 24 inches 7.8in H x 11.75in W x 4in D Synthetic materials Duster bag included Imported Steve Madden RIGGS RUST BOOT & RIGGS BAG BUNDLE | Steve Madden Women's Riggs Rust Boot & Riggs Bag Bundle","Effortlessly elevate your style with the RIGGS boot. With its square-toe and sleek design, this just-under-the-knee boot is a must-have for any fashion-conscious individual. This timeless boot provides both comfort and sophistication, making it the perfect addition to any outfit. 1.75 inch heel height Size 6 measurements: 14.57 inch shaft circumference, 13.25 inch shaft height Size 8 measurements: 15.51 inch shaft circumference, 14 inch shaft height Size 10 measurements: 16.44 inch shaft circumference, 14.75 inch shaft height For correct calf measurements, measure your bare calf at its widest circumference with your foot flat on the ground Leather upper material Vegan leather lining Vegan leather sock Synthetic sole Imported Expertly crafted with a slouchy satchel design, this RIGGS BAG RUST is a top-handle bag that combines style and function. Featuring dome stud details and knotted fringe decals on a gusset with rounded bottom metal aglets, it also comes with an attachable crossbody strap for versatile wear-a must-have for any fashion-forward wardrobe. Slouchy satchel bag with front slip phone pocket Top-handle straps Top zipper closure Attachable bag charms Removable and adjustable crossbody strap Fits more than the essentials, including a phone, full-size wallet, headphones, makeup pouch, and sunglasses Top-handle strap: 3 inches Crossbody strap: 24 inches 7.8in H x 11.75in W x 4in D Synthetic materials Duster bag included Imported Steve Madden RIGGS RUST BOOT & RIGGS BAG BUNDLE | Steve Madden Women's Riggs Rust Boot & Riggs Bag Bundle",298.95,298.95,https://cdn.shopify.com/s/files/1/2170/8465/files/SM_2026_Q2_MATCHBACKS_10_RIGGS_RUST_BRIGGS_RUST_0242.jpg,Women's Shoes > Boots,Women's Shoes > Boots,03/10/2026,,FALSE,41620643643525,,IN STOCK,,"10, 11, 5, 6, 7, 7.5, 8, 8.5, 9, 9.5",Multicolor,,,118,TRUE,TRUE,FALSE
Steve Madden,7271222050949,7271222050949,7271222050949,Steve Madden Women's Joette Block Heel Boots - Black - Size 5 - Leather,https://www.stevemadden.com/products/joette-black-leather?utm_source=display&utm_medium=programmatic&utm_campaign=performance&utm_content=rtg,"The JOETTE BLACK LEATHER is a sleek boot designed for everyday versatility. Crafted from premium materials, this style combines classic sophistication with modern comfort. The sturdy block heel provides stable support and all-day wearability, while the knee-high silhouette offers elegant coverage. Perfect for dressing up or down, this boot transitions seamlessly from office to evening wear. 3.5 inch heel height 15 inch shaft circumference 14.5 inch shaft height Leather upper material Vegan leather lining Vegan leather sock Synthetic sole Imported Steve Madden JOETTE BLACK LEATHER | 5 | Steve Madden Women's Joette Block Heel Boots - Black - Size 5 - Leather","The JOETTE BLACK LEATHER is a sleek boot designed for everyday versatility. Crafted from premium materials, this style combines classic sophistication with modern comfort. The sturdy block heel provides stable support and all-day wearability, while the knee-high silhouette offers elegant coverage. Perfect for dressing up or down, this boot transitions seamlessly from office to evening wear. 3.5 inch heel height 15 inch shaft circumference 14.5 inch shaft height Leather upper material Vegan leather lining Vegan leather sock Synthetic sole Imported Steve Madden JOETTE BLACK LEATHER | 5 | Steve Madden Women's Joette Block Heel Boots - Black - Size 5 - Leather",229.95,229.95,https://cdn.shopify.com/s/files/1/2170/8465/files/STEVEMADDEN_SHOES_JOETTE_BLACK-LEATHER01.jpg,Women's Shoes > Boots,Women's Shoes > Boots,03/10/2026,,FALSE,41621346844805,,IN STOCK,,"10, 11, 5, 5.5, 6, 6.5, 7, 7.5, 8, 8.5, 9, 9.5",Black,,,119,TRUE,TRUE,FALSE
Steve Madden,7271222214789,7271222214789,7271222214789,Steve Madden Women's Joette Block Heel Boots - Brown Suede - Size 5 - Leather,https://www.stevemadden.com/products/joette-brown-suede?utm_source=display&utm_medium=programmatic&utm_campaign=performance&utm_content=rtg,"The JOETTE BROWN SUEDE is a sleek boot designed for everyday versatility. Crafted from premium materials, this style combines classic sophistication with modern comfort. The sturdy block heel provides stable support and all-day wearability, while the knee-high silhouette offers elegant coverage. Perfect for dressing up or down, this boot transitions seamlessly from office to evening wear. 3.5 inch heel height 15 inch shaft circumference 14.5 inch shaft height Suede upper material Vegan leather lining Vegan leather sock Synthetic sole Imported Steve Madden JOETTE BROWN SUEDE | 5 | Steve Madden Women's Joette Block Heel Boots - Brown Suede - Size 5 - Leather","The JOETTE BROWN SUEDE is a sleek boot designed for everyday versatility. Crafted from premium materials, this style combines classic sophistication with modern comfort. The sturdy block heel provides stable support and all-day wearability, while the knee-high silhouette offers elegant coverage. Perfect for dressing up or down, this boot transitions seamlessly from office to evening wear. 3.5 inch heel height 15 inch shaft circumference 14.5 inch shaft height Suede upper material Vegan leather lining Vegan leather sock Synthetic sole Imported Steve Madden JOETTE BROWN SUEDE | 5 | Steve Madden Women's Joette Block Heel Boots - Brown Suede - Size 5 - Leather",229.95,229.95,https://cdn.shopify.com/s/files/1/2170/8465/files/STEVEMADDEN_SHOES_JOETTE_BROWN-SUEDE01.jpg,Women's Shoes > Boots,Women's Shoes > Boots,03/10/2026,,FALSE,41621348712581,,IN STOCK,,"10, 11, 5, 5.5, 6, 6.5, 7, 7.5, 8, 8.5, 9, 9.5",Brown Suede,,,120,TRUE,TRUE,FALSE
Steve Madden,7271222935685,7271222935685,7271222935685,Steve Madden Women's Stray Wood Bottom Boots - Brown - Size 6 - Leather,https://www.stevemadden.com/products/stray-brown-leather?utm_source=display&utm_medium=programmatic&utm_campaign=performance&utm_content=rtg,"The STRAY BROWN LEATHER is a boot designed for everyday wear and versatile styling. Crafted with premium materials, this boot delivers a classic silhouette that pairs effortlessly with jeans, dresses, or casual outfits. The rounded toe provides comfort and a modern edge, while the durable construction ensures lasting wear season after season. 1.5 inch heel height 13 inch shaft circumference 9.5 inch shaft height Leather upper material Unlined Vegan leather sock Synthetic sole Imported Steve Madden STRAY BROWN LEATHER | 6 | Steve Madden Women's Stray Wood Bottom Boots - Brown - Size 6 - Leather","The STRAY BROWN LEATHER is a boot designed for everyday wear and versatile styling. Crafted with premium materials, this boot delivers a classic silhouette that pairs effortlessly with jeans, dresses, or casual outfits. The rounded toe provides comfort and a modern edge, while the durable construction ensures lasting wear season after season. 1.5 inch heel height 13 inch shaft circumference 9.5 inch shaft height Leather upper material Unlined Vegan leather sock Synthetic sole Imported Steve Madden STRAY BROWN LEATHER | 6 | Steve Madden Women's Stray Wood Bottom Boots - Brown - Size 6 - Leather",169.95,169.95,https://cdn.shopify.com/s/files/1/2170/8465/files/STEVEMADDEN_SHOES_STRAY_BROWN-LEATHER01.jpg,Women's Shoes > Boots,Women's Shoes > Boots,03/10/2026,,FALSE,41621355331717,,IN STOCK,,"10, 6, 6.5, 7, 7.5, 8, 8.5, 9, 9.5",Brown,,,121,TRUE,TRUE,FALSE
Steve Madden,7271226114181,7271226114181,7271226114181,Steve Madden Women's Vile Ankle Booties - Natural - Size 6 - Leather,https://www.stevemadden.com/products/vile-natural-leather?utm_source=display&utm_medium=programmatic&utm_campaign=performance&utm_content=rtg,"The VILE NATURAL LEATHER is a versatile ankle boot designed for everyday wear and special occasions alike. Featuring a sleek silhouette with a pointed toe and a comfortable kitten heel, this bootie offers the perfect balance of style and wearability. Whether you're heading to the office or out for the evening, this essential footwear piece delivers timeless appeal with modern sophistication. 1.75 inch heel height 10 inch shaft circumference 8 inch shaft height Leather upper material Vegan leather and textile lining Vegan leather sock Synthetic sole Imported Steve Madden VILE NATURAL LEATHER | 6 | Steve Madden Women's Vile Ankle Booties - Natural - Size 6 - Leather","The VILE NATURAL LEATHER is a versatile ankle boot designed for everyday wear and special occasions alike. Featuring a sleek silhouette with a pointed toe and a comfortable kitten heel, this bootie offers the perfect balance of style and wearability. Whether you're heading to the office or out for the evening, this essential footwear piece delivers timeless appeal with modern sophistication. 1.75 inch heel height 10 inch shaft circumference 8 inch shaft height Leather upper material Vegan leather and textile lining Vegan leather sock Synthetic sole Imported Steve Madden VILE NATURAL LEATHER | 6 | Steve Madden Women's Vile Ankle Booties - Natural - Size 6 - Leather",159.95,159.95,https://cdn.shopify.com/s/files/1/2170/8465/files/STEVEMADDEN_SHOES_RUBY_NATURAL-LEATHER01.jpg,Women's Shoes > Booties,Women's Shoes > Booties,03/10/2026,,FALSE,41621376761989,,IN STOCK,,"10, 6, 6.5, 7, 7.5, 8, 8.5, 9, 9.5",Natural,,,122,TRUE,TRUE,FALSE
Steve Madden,7271226245253,7271226245253,7271226245253,Steve Madden Women's Vile Dark Cherry Leather Ankle Booties - Burgundy - Size 5,https://www.stevemadden.com/products/vile-burgundy-leather?utm_source=display&utm_medium=programmatic&utm_campaign=performance&utm_content=rtg,"The VILE DARK CHERRY LEATHER is a versatile ankle boot designed for everyday wear and special occasions alike. Featuring a sleek silhouette with a pointed toe and a comfortable kitten heel, this bootie offers the perfect balance of style and wearability. Whether you're heading to the office or out for the evening, this essential footwear piece delivers timeless appeal with modern sophistication. 1.75 inch heel height 10 inch shaft circumference 8 inch shaft height Leather upper material Vegan leather and textile lining Vegan leather sock Synthetic sole Imported Steve Madden VILE DARK CHERRY LEATHER | Burgundy Leather | 5 | Steve Madden Women's Vile Dark Cherry Leather Ankle Booties - Burgundy - Size 5","The VILE DARK CHERRY LEATHER is a versatile ankle boot designed for everyday wear and special occasions alike. Featuring a sleek silhouette with a pointed toe and a comfortable kitten heel, this bootie offers the perfect balance of style and wearability. Whether you're heading to the office or out for the evening, this essential footwear piece delivers timeless appeal with modern sophistication. 1.75 inch heel height 10 inch shaft circumference 8 inch shaft height Leather upper material Vegan leather and textile lining Vegan leather sock Synthetic sole Imported Steve Madden VILE DARK CHERRY LEATHER | Burgundy Leather | 5 | Steve Madden Women's Vile Dark Cherry Leather Ankle Booties - Burgundy - Size 5",159.95,159.95,https://cdn.shopify.com/s/files/1/2170/8465/files/STEVEMADDEN_SHOES_RUBY_BURGUNDY-LEATHER_01.jpg,Women's Shoes > Booties,Women's Shoes > Booties,03/10/2026,,FALSE,41621378007173,,IN STOCK,,"10, 11, 12, 5, 5.5, 6, 6.5, 7, 7.5, 8, 8.5, 9, 9.5",Burgundy,,,123,TRUE,TRUE,FALSE
Steve Madden,7271226835077,7271226835077,7271226835077,Steve Madden Women's Marelyn Lace-Up Boots - Olive Multi - Size 5 - Leather,https://www.stevemadden.com/products/marelyn-olive-multi?utm_source=display&utm_medium=programmatic&utm_campaign=performance&utm_content=rtg,"The MARELYN OLIVE MULTI is a striking knee-high boot designed for bold style. Featuring a pointed toe and lace-up closure, this stiletto boot combines classic elegance with modern edge. The sleek silhouette and elevated heel create a sophisticated look perfect for any occasion, from evening wear to statement-making everyday style. 4 inch heel height 13.5 inch shaft circumference 14.5 inch shaft height Leather and vegan leather upper material Textile lining Vegan leather sock Synthetic sole Imported Steve Madden MARELYN OLIVE MULTI | 5 | Steve Madden Women's Marelyn Lace-Up Boots - Olive Multi - Size 5 - Leather","The MARELYN OLIVE MULTI is a striking knee-high boot designed for bold style. Featuring a pointed toe and lace-up closure, this stiletto boot combines classic elegance with modern edge. The sleek silhouette and elevated heel create a sophisticated look perfect for any occasion, from evening wear to statement-making everyday style. 4 inch heel height 13.5 inch shaft circumference 14.5 inch shaft height Leather and vegan leather upper material Textile lining Vegan leather sock Synthetic sole Imported Steve Madden MARELYN OLIVE MULTI | 5 | Steve Madden Women's Marelyn Lace-Up Boots - Olive Multi - Size 5 - Leather",249.95,249.95,https://cdn.shopify.com/s/files/1/2170/8465/files/STEVEMADDEN_SHOES_MARELYN-MAXINE_OLIVE-MULTI01.jpg,Women's Shoes > Boots,Women's Shoes > Boots,03/10/2026,,FALSE,41621379809413,,IN STOCK,,"10, 11, 5, 5.5, 6, 6.5, 7, 7.5, 8, 8.5, 9, 9.5",Olive Multi,,,124,TRUE,TRUE,FALSE
Steve Madden,7271227424901,7271227424901,7271227424901,Steve Madden Women's Vile Ankle Booties - Black - Size 5 - Leather,https://www.stevemadden.com/products/vile-black-leather?utm_source=display&utm_medium=programmatic&utm_campaign=performance&utm_content=rtg,"The VILE BLACK LEATHER is a versatile ankle boot designed for everyday wear and special occasions alike. Featuring a sleek silhouette with a pointed toe and a comfortable kitten heel, this bootie offers the perfect balance of style and wearability. Whether you're heading to the office or out for the evening, this essential footwear piece delivers timeless appeal with modern sophistication. 1.75 inch heel height 10 inch shaft circumference 8 inch shaft height Leather upper material Vegan leather and textile lining Vegan leather sock Synthetic sole Imported Steve Madden VILE BLACK LEATHER | 5 | Steve Madden Women's Vile Ankle Booties - Black - Size 5 - Leather","The VILE BLACK LEATHER is a versatile ankle boot designed for everyday wear and special occasions alike. Featuring a sleek silhouette with a pointed toe and a comfortable kitten heel, this bootie offers the perfect balance of style and wearability. Whether you're heading to the office or out for the evening, this essential footwear piece delivers timeless appeal with modern sophistication. 1.75 inch heel height 10 inch shaft circumference 8 inch shaft height Leather upper material Vegan leather and textile lining Vegan leather sock Synthetic sole Imported Steve Madden VILE BLACK LEATHER | 5 | Steve Madden Women's Vile Ankle Booties - Black - Size 5 - Leather",159.95,159.95,https://cdn.shopify.com/s/files/1/2170/8465/files/STEVEMADDEN_SHOES_RUBY_BLACK-LEATHER_01.jpg,Women's Shoes > Booties,Women's Shoes > Booties,03/10/2026,,FALSE,41621382463621,,IN STOCK,,"10, 11, 12, 5, 5.5, 6, 6.5, 7, 7.5, 8, 8.5, 9, 9.5",Black,,,125,TRUE,TRUE,FALSE
Steve Madden,7271228047493,7271228047493,7271228047493,Steve Madden Women's Titan Block Heel Boots - Brown Suede - Size 6 - Leather,https://www.stevemadden.com/products/titan-brown-suede?utm_source=display&utm_medium=programmatic&utm_campaign=performance&utm_content=rtg,"The TITAN BROWN SUEDE is a versatile block heel boot designed for everyday wear and confident style. Built on a sturdy platform base, this boot delivers stability and comfort with its chunky block heel that grounds your look. Perfect for transitioning between seasons, this boot combines modern silhouette with timeless appeal. 4 inch heel height 1.5 inch platform 15.5 inch shaft circumference 10 inch shaft height Suede upper material Vegan leather and textile lining Vegan leather sock Synthetic sole Wear folded down or unfolded for versatile styling Imported Steve Madden TITAN BROWN SUEDE | 6 | Steve Madden Women's Titan Block Heel Boots - Brown Suede - Size 6 - Leather","The TITAN BROWN SUEDE is a versatile block heel boot designed for everyday wear and confident style. Built on a sturdy platform base, this boot delivers stability and comfort with its chunky block heel that grounds your look. Perfect for transitioning between seasons, this boot combines modern silhouette with timeless appeal. 4 inch heel height 1.5 inch platform 15.5 inch shaft circumference 10 inch shaft height Suede upper material Vegan leather and textile lining Vegan leather sock Synthetic sole Wear folded down or unfolded for versatile styling Imported Steve Madden TITAN BROWN SUEDE | 6 | Steve Madden Women's Titan Block Heel Boots - Brown Suede - Size 6 - Leather",179.95,179.95,https://cdn.shopify.com/s/files/1/2170/8465/files/STEVEMADDEN_SHOES_TITAN-TANA_BROWN-SUEDE01.jpg,Women's Shoes > Boots,Women's Shoes > Boots,03/10/2026,,FALSE,41621385379973,,IN STOCK,,"10, 6, 6.5, 7, 7.5, 8, 8.5, 9, 9.5",Brown Suede,,,126,TRUE,TRUE,FALSE
Steve Madden,7271228145797,7271228145797,7271228145797,Steve Madden Women's Titan Block Heel Boots - Taupe Suede - Size 6 - Leather,https://www.stevemadden.com/products/titan-taupe-suede?utm_source=display&utm_medium=programmatic&utm_campaign=performance&utm_content=rtg,"The TITAN TAUPE SUEDE is a versatile block heel boot designed for everyday wear and confident style. Built on a sturdy platform base, this boot delivers stability and comfort with its chunky block heel that grounds your look. Perfect for transitioning between seasons, this boot combines modern silhouette with timeless appeal. 4 inch heel height 1.5 inch platform 15.5 inch shaft circumference 10 inch shaft height Suede upper material Vegan leather and textile lining Vegan leather sock Synthetic sole Wear folded down or unfolded for versatile styling Imported Steve Madden TITAN TAUPE SUEDE | 6 | Steve Madden Women's Titan Block Heel Boots - Taupe Suede - Size 6 - Leather","The TITAN TAUPE SUEDE is a versatile block heel boot designed for everyday wear and confident style. Built on a sturdy platform base, this boot delivers stability and comfort with its chunky block heel that grounds your look. Perfect for transitioning between seasons, this boot combines modern silhouette with timeless appeal. 4 inch heel height 1.5 inch platform 15.5 inch shaft circumference 10 inch shaft height Suede upper material Vegan leather and textile lining Vegan leather sock Synthetic sole Wear folded down or unfolded for versatile styling Imported Steve Madden TITAN TAUPE SUEDE | 6 | Steve Madden Women's Titan Block Heel Boots - Taupe Suede - Size 6 - Leather",179.95,179.95,https://cdn.shopify.com/s/files/1/2170/8465/files/STEVEMADDEN_SHOES_TITAN_TAUPE-SUEDE_01.jpg,Women's Shoes > Boots,Women's Shoes > Boots,03/10/2026,,FALSE,41621386264709,,IN STOCK,,"10, 6, 6.5, 7, 7.5, 8, 8.5, 9, 9.5",Taupe Suede,,,127,TRUE,TRUE,FALSE
Steve Madden,7271262847109,7271262847109,7271262847109,Steve Madden Women's Liberty Cuffed Boots - Black Suede - Size 5 - Leather,https://www.stevemadden.com/products/liberty-black-suede?utm_source=display&utm_medium=programmatic&utm_campaign=performance&utm_content=rtg,"The LIBERTY BLACK SUEDE is a knee-high boot with a fold-over design and wedge heel. This boot combines style with comfortable support, making it perfect for everyday wear or special occasions. The fold-over detail creates a distinctive look, while the silhouette offers versatile styling options. 3.25 inch heel height 16 inch shaft circumference 13.5 inch shaft height Suede upper material Textile lining Vegan leather sock Synthetic sole Imported Steve Madden LIBERTY BLACK SUEDE | 5 | Steve Madden Women's Liberty Cuffed Boots - Black Suede - Size 5 - Leather","The LIBERTY BLACK SUEDE is a knee-high boot with a fold-over design and wedge heel. This boot combines style with comfortable support, making it perfect for everyday wear or special occasions. The fold-over detail creates a distinctive look, while the silhouette offers versatile styling options. 3.25 inch heel height 16 inch shaft circumference 13.5 inch shaft height Suede upper material Textile lining Vegan leather sock Synthetic sole Imported Steve Madden LIBERTY BLACK SUEDE | 5 | Steve Madden Women's Liberty Cuffed Boots - Black Suede - Size 5 - Leather",229.95,229.95,https://cdn.shopify.com/s/files/1/2170/8465/files/STEVEMADDEN_SHOES_LIBERTY_BLACK-SUEDE01.jpg,Women's Shoes > Boots,Women's Shoes > Boots,03/10/2026,,FALSE,41621693530245,,IN STOCK,,"10, 11, 5, 5.5, 6, 6.5, 7, 7.5, 8, 8.5, 9, 9.5",Black Suede,,,128,TRUE,TRUE,FALSE
Steve Madden,6723755081861,6723755081861,6723755081861,Steve Madden Women's Alani Ankle Booties - Black - Size 6 - Leather,https://www.stevemadden.com/products/alani-black?utm_source=display&utm_medium=programmatic&utm_campaign=performance&utm_content=rtg,"The ALANI BLACK is a sophisticated stiletto bootie that combines edgy style with wearable elegance. This ankle boot features a peep toe design that adds a modern twist, while delicate gold detailing catches the light with every step. A convenient side zipper closure makes slipping on and off effortless, whether you're heading out for the night or transitioning from day to evening. Perfect for those who want to make a statement without compromising comfort or versatility. 4.25 inch heel height 10 inch shaft circumference 5.5 inch shaft height Vegan leather and textile upper material Vegan leather lining Vegan leather sock Synthetic sole Imported Steve Madden ALANI BLACK | 6 | Steve Madden Women's Alani Ankle Booties - Black - Size 6 - Leather","The ALANI BLACK is a sophisticated stiletto bootie that combines edgy style with wearable elegance. This ankle boot features a peep toe design that adds a modern twist, while delicate gold detailing catches the light with every step. A convenient side zipper closure makes slipping on and off effortless, whether you're heading out for the night or transitioning from day to evening. Perfect for those who want to make a statement without compromising comfort or versatility. 4.25 inch heel height 10 inch shaft circumference 5.5 inch shaft height Vegan leather and textile upper material Vegan leather lining Vegan leather sock Synthetic sole Imported Steve Madden ALANI BLACK | 6 | Steve Madden Women's Alani Ankle Booties - Black - Size 6 - Leather",169.95,169.95,https://cdn.shopify.com/s/files/1/2170/8465/files/STEVEMADDEN_SHOES_ALANI_BLACK_01_41f59de6-9dfe-48e2-b021-8f215a2098ed.jpg,Women's Shoes > Booties,Women's Shoes > Booties,03/10/2026,,FALSE,41621694447749,,IN STOCK,,"10, 6, 6.5, 7, 7.5, 8, 8.5, 9, 9.5",Black,,,129,TRUE,TRUE,FALSE
Steve Madden,7273521447045,7273521447045,7273521447045,Steve Madden Women's Riggs Knee High Boots - Brown Plaid - Size 6 - Leather,https://www.stevemadden.com/products/riggs-brown-plaid?utm_source=display&utm_medium=programmatic&utm_campaign=performance&utm_content=rtg,"Effortlessly elevate your style with the RIGGS BROWN PLAID boot. With its square-toe and sleek design, this just-under-the-knee boot is a must-have for any fashion-conscious individual. This timeless boot provides both comfort and sophistication, making it the perfect addition to any outfit. 1.75 inch heel height Size 6 measurements: 14.57 inch shaft circumference, 13.25 inch shaft height Size 8 measurements: 15.51 inch shaft circumference, 14 inch shaft height Size 10 measurements: 16.44 inch shaft circumference, 14.75 inch shaft height For correct calf measurements, measure your bare calf at its widest circumference with your foot flat on the ground Leather upper material Plaid textile lining Vegan leather sock Synthetic sole Imported Steve Madden RIGGS BROWN PLAID | 6 | Steve Madden Women's Riggs Knee High Boots - Brown Plaid - Size 6 - Leather","Effortlessly elevate your style with the RIGGS BROWN PLAID boot. With its square-toe and sleek design, this just-under-the-knee boot is a must-have for any fashion-conscious individual. This timeless boot provides both comfort and sophistication, making it the perfect addition to any outfit. 1.75 inch heel height Size 6 measurements: 14.57 inch shaft circumference, 13.25 inch shaft height Size 8 measurements: 15.51 inch shaft circumference, 14 inch shaft height Size 10 measurements: 16.44 inch shaft circumference, 14.75 inch shaft height For correct calf measurements, measure your bare calf at its widest circumference with your foot flat on the ground Leather upper material Plaid textile lining Vegan leather sock Synthetic sole Imported Steve Madden RIGGS BROWN PLAID | 6 | Steve Madden Women's Riggs Knee High Boots - Brown Plaid - Size 6 - Leather",199.95,199.95,https://cdn.shopify.com/s/files/1/2170/8465/files/STEVEMADDEN_SHOES_RIGGS_BROWN-PLAID_01.jpg,Women's Shoes > Boots,Women's Shoes > Boots,03/10/2026,,FALSE,41629794828421,,IN STOCK,,"10, 6, 6.5, 7, 7.5, 8, 8.5, 9, 9.5",Brown Plaid,,,130,TRUE,TRUE,FALSE
Steve Madden,7273521545349,7273521545349,7273521545349,Steve Madden Women's Riggs Knee High Boots - Taupe Nubuck - Size 6 - Leather,https://www.stevemadden.com/products/riggs-taupe-nubuck?utm_source=display&utm_medium=programmatic&utm_campaign=performance&utm_content=rtg,"Effortlessly elevate your style with the RIGGS TAUPE NUBUCK boot. With its square-toe and sleek design, this just-under-the-knee boot is a must-have for any fashion-conscious individual. This timeless boot provides both comfort and sophistication, making it the perfect addition to any outfit. 1.75 inch heel height Size 6 measurements: 14.57 inch shaft circumference, 13.25 inch shaft height Size 8 measurements: 15.51 inch shaft circumference, 14 inch shaft height Size 10 measurements: 16.44 inch shaft circumference, 14.75 inch shaft height For correct calf measurements, measure your bare calf at its widest circumference with your foot flat on the ground Leather upper material Unlined Vegan leather sock Synthetic sole Imported Steve Madden RIGGS TAUPE NUBUCK | 6 | Steve Madden Women's Riggs Knee High Boots - Taupe Nubuck - Size 6 - Leather","Effortlessly elevate your style with the RIGGS TAUPE NUBUCK boot. With its square-toe and sleek design, this just-under-the-knee boot is a must-have for any fashion-conscious individual. This timeless boot provides both comfort and sophistication, making it the perfect addition to any outfit. 1.75 inch heel height Size 6 measurements: 14.57 inch shaft circumference, 13.25 inch shaft height Size 8 measurements: 15.51 inch shaft circumference, 14 inch shaft height Size 10 measurements: 16.44 inch shaft circumference, 14.75 inch shaft height For correct calf measurements, measure your bare calf at its widest circumference with your foot flat on the ground Leather upper material Unlined Vegan leather sock Synthetic sole Imported Steve Madden RIGGS TAUPE NUBUCK | 6 | Steve Madden Women's Riggs Knee High Boots - Taupe Nubuck - Size 6 - Leather",199.95,199.95,https://cdn.shopify.com/s/files/1/2170/8465/files/STEVEMADDEN_SHOES_RIGGS_DARK-TAUPE-NUBUCK_04.jpg,Women's Shoes > Boots,Women's Shoes > Boots,03/10/2026,,FALSE,41629796106373,,IN STOCK,,"10, 6, 6.5, 7, 7.5, 8, 8.5, 9, 9.5",Taupe Nubuck,,,131,TRUE,TRUE,FALSE
Steve Madden,7273521709189,7273521709189,7273521709189,Steve Madden Women's Chopper Over The Knee Boots - Black - Size 6 - Leather,https://www.stevemadden.com/products/chopper-black-leather?utm_source=display&utm_medium=programmatic&utm_campaign=performance&utm_content=rtg,Make a bold statement with the CHOPPER BLACK LEATHER over-the-knee boot. This striking silhouette features distinctive buckle details that add edge and attitude to any outfit. A versatile essential for those who want to stand out. 1.5 inch heel height 16.5 inch shaft circumference 23 inch shaft height Leather upper material Textile lining Vegan leather sock Synthetic sole This versatile design can be worn scrunched or unscrunched Imported Steve Madden CHOPPER BLACK LEATHER | 6 | Steve Madden Women's Chopper Over The Knee Boots - Black - Size 6 - Leather,Make a bold statement with the CHOPPER BLACK LEATHER over-the-knee boot. This striking silhouette features distinctive buckle details that add edge and attitude to any outfit. A versatile essential for those who want to stand out. 1.5 inch heel height 16.5 inch shaft circumference 23 inch shaft height Leather upper material Textile lining Vegan leather sock Synthetic sole This versatile design can be worn scrunched or unscrunched Imported Steve Madden CHOPPER BLACK LEATHER | 6 | Steve Madden Women's Chopper Over The Knee Boots - Black - Size 6 - Leather,279.95,279.95,https://cdn.shopify.com/s/files/1/2170/8465/files/STEVEMADDEN_SHOES_CHOPPER_BLACK-LEATHER_01.jpg,Women's Shoes > Boots,Women's Shoes > Boots,03/10/2026,,FALSE,41629798334597,,IN STOCK,,"10, 6, 6.5, 7, 7.5, 8, 8.5, 9, 9.5",Black,,,132,TRUE,TRUE,FALSE
Steve Madden,7273521741957,7273521741957,7273521741957,Steve Madden Women's Marsai Block Heel Booties - Black - Size 6 - Leather,https://www.stevemadden.com/products/marsai-black-leather?utm_source=display&utm_medium=programmatic&utm_campaign=performance&utm_content=rtg,"The MARSAI BLACK LEATHER combines a sleek square-toe silhouette with a sturdy block heel, creating an ankle bootie that transitions effortlessly from day to night. The structured design offers stability and comfort, while the modern toe shape adds contemporary edge to any outfit. Perfect for layering with dresses, jeans, or leather pants. 3.25 inch heel height 10 inch shaft circumference 5.5 inch shaft height Leather upper material Textile lining Vegan leather sock Synthetic sole Imported Steve Madden MARSAI BLACK LEATHER | 6 | Steve Madden Women's Marsai Block Heel Booties - Black - Size 6 - Leather","The MARSAI BLACK LEATHER combines a sleek square-toe silhouette with a sturdy block heel, creating an ankle bootie that transitions effortlessly from day to night. The structured design offers stability and comfort, while the modern toe shape adds contemporary edge to any outfit. Perfect for layering with dresses, jeans, or leather pants. 3.25 inch heel height 10 inch shaft circumference 5.5 inch shaft height Leather upper material Textile lining Vegan leather sock Synthetic sole Imported Steve Madden MARSAI BLACK LEATHER | 6 | Steve Madden Women's Marsai Block Heel Booties - Black - Size 6 - Leather",149.95,149.95,https://cdn.shopify.com/s/files/1/2170/8465/files/STEVEMADDEN_SHOES_MARSAI_BLACK-LEATHER01.jpg,Women's Shoes > Booties,Women's Shoes > Booties,03/10/2026,,FALSE,41629798760581,,IN STOCK,,"10, 11, 6, 6.5, 7, 7.5, 8, 8.5, 9, 9.5",Black,,,133,TRUE,TRUE,FALSE
Steve Madden,7274696638597,7274696638597,7274696638597,Steve Madden Women's Mallow Knee High Boots - Off White Multi - Size 5 - Faux Fur,https://www.stevemadden.com/products/mallow-off-white-multi?utm_source=display&utm_medium=programmatic&utm_campaign=performance&utm_content=rtg,"The MALLOW MALLOW OFF WHITE MULTI is a luxurious faux fur boot that combines style with comfort. Crafted with premium materials, this knee-high boot delivers warmth and softness without compromising on fashion. Perfect for cold-weather seasons, it pairs effortlessly with any winter wardrobe. Elevate your footwear collection with this statement boot that balances texture, color, and everyday wearability. 1 inch heel height 18.5 inch shaft circumference 15 inch shaft height Faux fur upper material Textile lining Textile sock Synthetic sock Imported Steve Madden MALLOW OFF WHITE MULTI | 5 | Steve Madden Women's Mallow Knee High Boots - Off White Multi - Size 5 - Faux Fur","The MALLOW MALLOW OFF WHITE MULTI is a luxurious faux fur boot that combines style with comfort. Crafted with premium materials, this knee-high boot delivers warmth and softness without compromising on fashion. Perfect for cold-weather seasons, it pairs effortlessly with any winter wardrobe. Elevate your footwear collection with this statement boot that balances texture, color, and everyday wearability. 1 inch heel height 18.5 inch shaft circumference 15 inch shaft height Faux fur upper material Textile lining Textile sock Synthetic sock Imported Steve Madden MALLOW OFF WHITE MULTI | 5 | Steve Madden Women's Mallow Knee High Boots - Off White Multi - Size 5 - Faux Fur",109.95,109.95,https://cdn.shopify.com/s/files/1/2170/8465/files/STEVEMADDEN_SHOES_MALLOW_OFF-WHITE-MULTI-FUR01.jpg,Women's Shoes > Boots,Women's Shoes > Boots,03/10/2026,,FALSE,41631567904901,,IN STOCK,,"10, 11, 12, 5, 6, 7, 8, 9",Off White Multi,,,134,TRUE,TRUE,FALSE
Steve Madden,7274939351173,7274939351173,7274939351173,Steve Madden Women's Icon Cuffed Boots - Size 5 - Leather,https://www.stevemadden.com/products/icon-multi?utm_source=display&utm_medium=programmatic&utm_campaign=performance&utm_content=rtg,"Experience sleek and edgy style with ICON MULTI. With a heeled stiletto and fold-over faux fur cuff, these knee-high boots are perfect for adding a touch of glam to any outfit. The pointed-toe design adds a chic touch, making these boots a must-have for any fashion-forward shoe lover. 3.75 inch heel height 16 inch shaft circumference 16 inch shaft height Faux fur upper material Vegan leather and textile lining Vegan leather sock Synthetic sole Imported Steve Madden ICON MULTI | 5 | Steve Madden Women's Icon Cuffed Boots - Size 5 - Leather","Experience sleek and edgy style with ICON MULTI. With a heeled stiletto and fold-over faux fur cuff, these knee-high boots are perfect for adding a touch of glam to any outfit. The pointed-toe design adds a chic touch, making these boots a must-have for any fashion-forward shoe lover. 3.75 inch heel height 16 inch shaft circumference 16 inch shaft height Faux fur upper material Vegan leather and textile lining Vegan leather sock Synthetic sole Imported Steve Madden ICON MULTI | 5 | Steve Madden Women's Icon Cuffed Boots - Size 5 - Leather",199.95,199.95,https://cdn.shopify.com/s/files/1/2170/8465/files/STEVEMADDEN_SHOES_ICON_MULTI-FUR01.jpg,Women's Shoes > Boots,Women's Shoes > Boots,03/10/2026,,FALSE,41632558973061,,IN STOCK,,"10, 11, 5, 5.5, 6, 6.5, 7, 7.5, 8, 8.5, 9, 9.5",Multicolor,,,135,TRUE,TRUE,FALSE
Steve Madden,7274940137605,7274940137605,7274940137605,Steve Madden Women's Shaina Block Heel Booties - Snake - Size 6 - Leather,https://www.stevemadden.com/products/shaina-snake?utm_source=display&utm_medium=programmatic&utm_campaign=performance&utm_content=rtg,"The SHAINA SNAKE platform bootie combines edgy style with everyday comfort. This ankle bootie features a lace-up closure for a secure, customizable fit. The chunky block heel provides stability and a modern silhouette that works with jeans, dresses, or leather pants. Perfect for transitional seasons and versatile enough for casual outings or night-out looks. 6 inch heel height 2.5 inch platform 15.5 inch shaft circumference 10 inch shaft height Vegan leather upper material Textile lining Vegan leather sock Synthetic sole Imported Steve Madden SHAINA SNAKE | 6 | Steve Madden Women's Shaina Block Heel Booties - Snake - Size 6 - Leather","The SHAINA SNAKE platform bootie combines edgy style with everyday comfort. This ankle bootie features a lace-up closure for a secure, customizable fit. The chunky block heel provides stability and a modern silhouette that works with jeans, dresses, or leather pants. Perfect for transitional seasons and versatile enough for casual outings or night-out looks. 6 inch heel height 2.5 inch platform 15.5 inch shaft circumference 10 inch shaft height Vegan leather upper material Textile lining Vegan leather sock Synthetic sole Imported Steve Madden SHAINA SNAKE | 6 | Steve Madden Women's Shaina Block Heel Booties - Snake - Size 6 - Leather",169.95,169.95,https://cdn.shopify.com/s/files/1/2170/8465/files/STEVEMADDEN_SHOES_SHAINA_BROWN-SNAKE01.jpg,Women's Shoes > Booties,Women's Shoes > Booties,03/10/2026,,FALSE,41632565919877,,IN STOCK,,"10, 6, 6.5, 7, 7.5, 8, 8.5, 9, 9.5",Snake,,,136,TRUE,TRUE,FALSE
Steve Madden,7274940399749,7274940399749,7274940399749,Steve Madden Women's Shaina Block Heel Booties - Black - Size 6 - Leather,https://www.stevemadden.com/products/shaina-black?utm_source=display&utm_medium=programmatic&utm_campaign=performance&utm_content=rtg,"The SHAINA BLACK platform bootie combines edgy style with everyday comfort. This ankle bootie features a lace-up closure for a secure, customizable fit. The chunky block heel provides stability and a modern silhouette that works with jeans, dresses, or leather pants. Perfect for transitional seasons and versatile enough for casual outings or night-out looks. 6 inch heel height 2.5 inch platform 15.5 inch shaft circumference 10 inch shaft height Vegan leather upper material Textile lining Vegan leather sock Synthetic sole Imported Steve Madden SHAINA BLACK | 6 | Steve Madden Women's Shaina Block Heel Booties - Black - Size 6 - Leather","The SHAINA BLACK platform bootie combines edgy style with everyday comfort. This ankle bootie features a lace-up closure for a secure, customizable fit. The chunky block heel provides stability and a modern silhouette that works with jeans, dresses, or leather pants. Perfect for transitional seasons and versatile enough for casual outings or night-out looks. 6 inch heel height 2.5 inch platform 15.5 inch shaft circumference 10 inch shaft height Vegan leather upper material Textile lining Vegan leather sock Synthetic sole Imported Steve Madden SHAINA BLACK | 6 | Steve Madden Women's Shaina Block Heel Booties - Black - Size 6 - Leather",169.95,169.95,https://cdn.shopify.com/s/files/1/2170/8465/files/STEVEMADDEN_SHOES_SHAINA_BLACK_01.jpg,Women's Shoes > Booties,Women's Shoes > Booties,03/10/2026,,FALSE,41632568574085,,IN STOCK,,"10, 6, 6.5, 7, 7.5, 8, 8.5, 9, 9.5",Black,,,137,TRUE,TRUE,FALSE
Steve Madden,7274941218949,7274941218949,7274941218949,Steve Madden Women's Paulie Block Heel Booties - Black - Size 6 - Leather,https://www.stevemadden.com/products/paulie-black-leather?utm_source=display&utm_medium=programmatic&utm_campaign=performance&utm_content=rtg,"Step into effortless style with the PAULIE BLACK LEATHER, a square toe ankle bootie designed with a comfortable block heel for all-day wear. This classic boot pairs beautifully with dresses, jeans, or trousers, making it an essential addition to any wardrobe. The structured silhouette and quality craftsmanship ensure lasting comfort and timeless appeal. 1.25 inch heel height 9.75 inch shaft circumference 6 inch shaft height Leather upper material Textile and vegan leather lining Vegan leather sock Synthetic sole Imported Steve Madden PAULIE BLACK LEATHER | 6 | Steve Madden Women's Paulie Block Heel Booties - Black - Size 6 - Leather","Step into effortless style with the PAULIE BLACK LEATHER, a square toe ankle bootie designed with a comfortable block heel for all-day wear. This classic boot pairs beautifully with dresses, jeans, or trousers, making it an essential addition to any wardrobe. The structured silhouette and quality craftsmanship ensure lasting comfort and timeless appeal. 1.25 inch heel height 9.75 inch shaft circumference 6 inch shaft height Leather upper material Textile and vegan leather lining Vegan leather sock Synthetic sole Imported Steve Madden PAULIE BLACK LEATHER | 6 | Steve Madden Women's Paulie Block Heel Booties - Black - Size 6 - Leather",149.95,149.95,https://cdn.shopify.com/s/files/1/2170/8465/files/STEVEMADDEN_SHOES_PAULIE_BLACK-LEATHER01.jpg,Women's Shoes > Booties,Women's Shoes > Booties,03/10/2026,,FALSE,41632577486981,,IN STOCK,,"10, 6, 6.5, 7, 7.5, 8, 8.5, 9, 9.5",Black,,,138,TRUE,TRUE,FALSE
Steve Madden,7276273172613,7276273172613,7276273172613,Steve Madden Women's Lyrica Block Heel Booties - Umber - Size 5 - Leather,https://www.stevemadden.com/products/lyrica-umber?utm_source=display&utm_medium=programmatic&utm_campaign=performance&utm_content=rtg,"The LYRICA UMBER ankle boot delivers modern edge with its striking silhouette and sturdy block heel. This versatile bootie transitions seamlessly from day to night, offering the perfect balance of comfort and contemporary style. The structured heel provides stability while the square toe create a fashion-forward look that pairs effortlessly with jeans, dresses, or tailored trousers. 3.25 inch heel height 9.5 inch shaft circumference 6 inch shaft height Vegan suede upper material Textile lining Vegan leather sock Synthetic sole Imported Steve Madden LYRICA UMBER | 5 | Steve Madden Women's Lyrica Block Heel Booties - Umber - Size 5 - Leather","The LYRICA UMBER ankle boot delivers modern edge with its striking silhouette and sturdy block heel. This versatile bootie transitions seamlessly from day to night, offering the perfect balance of comfort and contemporary style. The structured heel provides stability while the square toe create a fashion-forward look that pairs effortlessly with jeans, dresses, or tailored trousers. 3.25 inch heel height 9.5 inch shaft circumference 6 inch shaft height Vegan suede upper material Textile lining Vegan leather sock Synthetic sole Imported Steve Madden LYRICA UMBER | 5 | Steve Madden Women's Lyrica Block Heel Booties - Umber - Size 5 - Leather",119.95,119.95,https://cdn.shopify.com/s/files/1/2170/8465/files/STEVEMADDEN_SHOES_LYRICA_UMBER-MS01.jpg,Women's Shoes > Booties,Women's Shoes > Booties,03/10/2026,,FALSE,41637568020613,,IN STOCK,,"10, 11, 5, 5.5, 6, 6.5, 7, 7.5, 8, 8.5, 9, 9.5",Umber,,,139,TRUE,TRUE,FALSE
Steve Madden,7276345360517,7276345360517,7276345360517,Steve Madden Women's York Lace-Up Booties - Pink - Size 6 - Leather,https://www.stevemadden.com/products/york-pink-velvet?utm_source=display&utm_medium=programmatic&utm_campaign=performance&utm_content=rtg,"The YORK PINK VELVET combines bold combat boot styling with refined lace-up construction, delivering edge and versatility in one silhouette. Crafted in premium materials, this bootie features a durable sole and secure lacing system perfect for everyday wear. A great way to give your looks a confident, grounded finish. 1.75 inch heel height .75 inch platform 10.5 inch shaft circumference 6 inch shaft height Textile and vegan leather upper material Vegan leather lining Vegan leather sock Synthetic sole Imported Steve Madden YORK PINK VELVET | 6 | Steve Madden Women's York Lace-Up Booties - Pink - Size 6 - Leather","The YORK PINK VELVET combines bold combat boot styling with refined lace-up construction, delivering edge and versatility in one silhouette. Crafted in premium materials, this bootie features a durable sole and secure lacing system perfect for everyday wear. A great way to give your looks a confident, grounded finish. 1.75 inch heel height .75 inch platform 10.5 inch shaft circumference 6 inch shaft height Textile and vegan leather upper material Vegan leather lining Vegan leather sock Synthetic sole Imported Steve Madden YORK PINK VELVET | 6 | Steve Madden Women's York Lace-Up Booties - Pink - Size 6 - Leather",149.95,149.95,https://cdn.shopify.com/s/files/1/2170/8465/files/STEVEMADDEN_SHOES_YORK_PINK-MULTI_01.jpg,Women's Shoes > Booties,Women's Shoes > Booties,03/10/2026,,FALSE,41637782421637,,IN STOCK,,"10, 6, 6.5, 7, 7.5, 8, 8.5, 9, 9.5",Pink,,,140,TRUE,TRUE,FALSE
Steve Madden,7276345426053,7276345426053,7276345426053,Steve Madden Women's York Lace-Up Booties - Black Nubuck - Size 6 - Leather,https://www.stevemadden.com/products/york-black-nubuck?utm_source=display&utm_medium=programmatic&utm_campaign=performance&utm_content=rtg,"The YORK BLACK NUBUCK combines bold combat boot styling with refined lace-up construction, delivering edge and versatility in one silhouette. Crafted in premium materials, this bootie features a durable sole and secure lacing system perfect for everyday wear. A great way to give your looks a confident, grounded finish. 1.75 inch heel height .75 inch platform 10.5 inch shaft circumference 6 inch shaft height Leather and vegan leather upper material Vegan leather lining Vegan leather sock Synthetic sole Imported Steve Madden YORK BLACK NUBUCK | 6 | Steve Madden Women's York Lace-Up Booties - Black Nubuck - Size 6 - Leather","The YORK BLACK NUBUCK combines bold combat boot styling with refined lace-up construction, delivering edge and versatility in one silhouette. Crafted in premium materials, this bootie features a durable sole and secure lacing system perfect for everyday wear. A great way to give your looks a confident, grounded finish. 1.75 inch heel height .75 inch platform 10.5 inch shaft circumference 6 inch shaft height Leather and vegan leather upper material Vegan leather lining Vegan leather sock Synthetic sole Imported Steve Madden YORK BLACK NUBUCK | 6 | Steve Madden Women's York Lace-Up Booties - Black Nubuck - Size 6 - Leather",149.95,149.95,https://cdn.shopify.com/s/files/1/2170/8465/files/STEVEMADDEN_SHOES_YORK_BLACK-NUBUCK_01.jpg,Women's Shoes > Booties,Women's Shoes > Booties,03/10/2026,,FALSE,41637782880389,,IN STOCK,,"10, 6, 6.5, 7, 7.5, 8, 8.5, 9, 9.5",Black Nubuck,,,141,TRUE,TRUE,FALSE
Steve Madden,7276345458821,7276345458821,7276345458821,Steve Madden Women's York Lace-Up Booties - Floral Multi - Size 6 - Leather,https://www.stevemadden.com/products/york-floral-multi?utm_source=display&utm_medium=programmatic&utm_campaign=performance&utm_content=rtg,"The YORK FLORAL MULTI combines bold combat boot styling with refined lace-up construction, delivering edge and versatility in one silhouette. Crafted in premium materials, this bootie features a durable sole and secure lacing system perfect for everyday wear. A great way to give your looks a confident, grounded finish. 1.75 inch heel height .75 inch platform 10.5 inch shaft circumference 6 inch shaft height Textile and vegan leather upper material Vegan leather lining Vegan leather sock Synthetic sole Imported Steve Madden YORK FLORAL MULTI | 6 | Steve Madden Women's York Lace-Up Booties - Floral Multi - Size 6 - Leather","The YORK FLORAL MULTI combines bold combat boot styling with refined lace-up construction, delivering edge and versatility in one silhouette. Crafted in premium materials, this bootie features a durable sole and secure lacing system perfect for everyday wear. A great way to give your looks a confident, grounded finish. 1.75 inch heel height .75 inch platform 10.5 inch shaft circumference 6 inch shaft height Textile and vegan leather upper material Vegan leather lining Vegan leather sock Synthetic sole Imported Steve Madden YORK FLORAL MULTI | 6 | Steve Madden Women's York Lace-Up Booties - Floral Multi - Size 6 - Leather",149.95,149.95,https://cdn.shopify.com/s/files/1/2170/8465/files/STEVEMADDEN_SHOES_YORK_FLORAL-MUTI01.jpg,Women's Shoes > Booties,Women's Shoes > Booties,03/10/2026,,FALSE,41637783306373,,IN STOCK,,"10, 6, 6.5, 7, 7.5, 8, 8.5, 9, 9.5",Floral Multi,,,142,TRUE,TRUE,FALSE
Steve Madden,7276345491589,7276345491589,7276345491589,Steve Madden Women's York Lace-Up Booties - Wheat Nubuck - Size 6 - Leather,https://www.stevemadden.com/products/york-wheat-nubuck?utm_source=display&utm_medium=programmatic&utm_campaign=performance&utm_content=rtg,"The YORK WHEAT NUBUCK combines bold combat boot styling with refined lace-up construction, delivering edge and versatility in one silhouette. Crafted in premium materials, this bootie features a durable sole and secure lacing system perfect for everyday wear. Perfect for giving your everyday looks a confident, grounded finish. 1.75 inch heel height .75 inch platform 10.5 inch shaft circumference 6 inch shaft height Leather and vegan leather upper material Vegan leather lining Vegan leather sock Synthetic sole Imported Steve Madden YORK WHEAT NUBUCK | 6 | Steve Madden Women's York Lace-Up Booties - Wheat Nubuck - Size 6 - Leather","The YORK WHEAT NUBUCK combines bold combat boot styling with refined lace-up construction, delivering edge and versatility in one silhouette. Crafted in premium materials, this bootie features a durable sole and secure lacing system perfect for everyday wear. Perfect for giving your everyday looks a confident, grounded finish. 1.75 inch heel height .75 inch platform 10.5 inch shaft circumference 6 inch shaft height Leather and vegan leather upper material Vegan leather lining Vegan leather sock Synthetic sole Imported Steve Madden YORK WHEAT NUBUCK | 6 | Steve Madden Women's York Lace-Up Booties - Wheat Nubuck - Size 6 - Leather",149.95,149.95,https://cdn.shopify.com/s/files/1/2170/8465/files/STEVEMADDEN_SHOES_YORK_WHEAT-NUBUCK_01.jpg,Women's Shoes > Booties,Women's Shoes > Booties,03/10/2026,,FALSE,41637783732357,,IN STOCK,,"10, 6, 6.5, 7, 7.5, 8, 8.5, 9, 9.5",Wheat Nubuck,,,143,TRUE,TRUE,FALSE
Steve Madden,7276345786501,7276345786501,7276345786501,Steve Madden Women's Lysara Knee High Boots - Zebra Multi - Size 5 - Leather,https://www.stevemadden.com/products/lysara-h-zebra-multi?utm_source=display&utm_medium=programmatic&utm_campaign=performance&utm_content=rtg,"The LYSARA ZEBRA MULTI is a sophisticated knee-high boot featuring a pointed toe silhouette. Crafted with two-tone materials for visual interest and dimension, this versatile style transitions seamlessly from day to evening. The refined pointed toe elongates the leg, while the comfortable kitten heel provides all-day wearability. Perfect for elevating any outfit with understated luxury. 1.5 inch heel height 15.25 inch shaft circumference 15.25 inch shaft height Leather and suede upper material Textile lining Vegan leather sock Synthetic sole Imported Steve Madden LYSARA ZEBRA MULTI | 5 | Steve Madden Women's Lysara Knee High Boots - Zebra Multi - Size 5 - Leather","The LYSARA ZEBRA MULTI is a sophisticated knee-high boot featuring a pointed toe silhouette. Crafted with two-tone materials for visual interest and dimension, this versatile style transitions seamlessly from day to evening. The refined pointed toe elongates the leg, while the comfortable kitten heel provides all-day wearability. Perfect for elevating any outfit with understated luxury. 1.5 inch heel height 15.25 inch shaft circumference 15.25 inch shaft height Leather and suede upper material Textile lining Vegan leather sock Synthetic sole Imported Steve Madden LYSARA ZEBRA MULTI | 5 | Steve Madden Women's Lysara Knee High Boots - Zebra Multi - Size 5 - Leather",219.95,219.95,https://cdn.shopify.com/s/files/1/2170/8465/files/STEVEMADDEN_SHOES_LYSARA-H_ZEBRA-SUEDE02.jpg,Women's Shoes > Boots,Women's Shoes > Boots,03/10/2026,,FALSE,41637787500677,,IN STOCK,,"10, 11, 5, 5.5, 6, 6.5, 7, 7.5, 8, 8.5, 9, 9.5",Zebra Multi,,,144,TRUE,TRUE,FALSE
Steve Madden,7277098434693,7277098434693,7277098434693,Steve Madden Women's Danika Ankle Booties - Cognac - Size 6 - Leather,https://www.stevemadden.com/products/danika-cognac-leather?utm_source=display&utm_medium=programmatic&utm_campaign=performance&utm_content=rtg,"The DANIKA COGNAC LEATHER is a stylish ankle bootie featuring a sharp pointed toe. Crafted from premium materials, this versatile silhouette transitions seamlessly from day to night. The structured heel provides stability and all-day wearability, while the pointed toe adds a touch of sophistication. Perfect for pairing with dresses, jeans, or professional attire, this essential bootie delivers both comfort and contemporary style. 2.25 inch heel height 13 inch shaft circumference 7 inch shaft height Leather upper matetrial Vegan leather lining Vegan leather sock Synthetic sole Imported Steve Madden DANIKA COGNAC LEATHER | 6 | Steve Madden Women's Danika Ankle Booties - Cognac - Size 6 - Leather","The DANIKA COGNAC LEATHER is a stylish ankle bootie featuring a sharp pointed toe. Crafted from premium materials, this versatile silhouette transitions seamlessly from day to night. The structured heel provides stability and all-day wearability, while the pointed toe adds a touch of sophistication. Perfect for pairing with dresses, jeans, or professional attire, this essential bootie delivers both comfort and contemporary style. 2.25 inch heel height 13 inch shaft circumference 7 inch shaft height Leather upper matetrial Vegan leather lining Vegan leather sock Synthetic sole Imported Steve Madden DANIKA COGNAC LEATHER | 6 | Steve Madden Women's Danika Ankle Booties - Cognac - Size 6 - Leather",189.95,189.95,https://cdn.shopify.com/s/files/1/2170/8465/files/STEVEMADDEN_SHOES_DANIKA_COGNAC-LEATHER_01.jpg,Women's Shoes > Booties,Women's Shoes > Booties,03/10/2026,,FALSE,41640019853445,,IN STOCK,,"10, 6, 7, 8, 9",Cognac,,,145,TRUE,TRUE,FALSE
Steve Madden,7277098467461,7277098467461,7277098467461,Steve Madden Women's Judson Block Heel Booties - Black Distressed - Size 6 - Leather,https://www.stevemadden.com/products/judson-black-distressed?utm_source=display&utm_medium=programmatic&utm_campaign=performance&utm_content=rtg,"The JUDSON BLACK DISTRESSED is a square toe ankle boot designed with a block heel for all-day comfort and stability. This versatile bootie adds modern edge to any wardrobe. Perfect for transitioning from day to night, it pairs effortlessly with jeans, dresses, or trousers for a polished, on-trend look. 1.75 inch heel height 10.5 inch shaft circumference 6.75 inch shaft height Leather upper material Textile and vegan leather lining Vegan leather sock Synthetic sole Imported Steve Madden JUDSON BLACK DISTRESSED | 6 | Steve Madden Women's Judson Block Heel Booties - Black Distressed - Size 6 - Leather","The JUDSON BLACK DISTRESSED is a square toe ankle boot designed with a block heel for all-day comfort and stability. This versatile bootie adds modern edge to any wardrobe. Perfect for transitioning from day to night, it pairs effortlessly with jeans, dresses, or trousers for a polished, on-trend look. 1.75 inch heel height 10.5 inch shaft circumference 6.75 inch shaft height Leather upper material Textile and vegan leather lining Vegan leather sock Synthetic sole Imported Steve Madden JUDSON BLACK DISTRESSED | 6 | Steve Madden Women's Judson Block Heel Booties - Black Distressed - Size 6 - Leather",179.95,179.95,https://cdn.shopify.com/s/files/1/2170/8465/files/STEVEMADDEN_SHOES_JUDSON_BLACK-DISTRESSED-LEATHER01.jpg,Women's Shoes > Booties,Women's Shoes > Booties,03/10/2026,,FALSE,41640020279429,,IN STOCK,,"10, 6, 6.5, 7, 7.5, 8, 8.5, 9, 9.5",Black Distressed,,,146,TRUE,TRUE,FALSE
Steve Madden,7277098565765,7277098565765,7277098565765,Steve Madden Women's Daciana Ankle Booties - Black - Size 6 - Leather,https://www.stevemadden.com/products/daciana-black-leather?utm_source=display&utm_medium=programmatic&utm_campaign=performance&utm_content=rtg,"The DACIANA BLACK LEATHER ankle bootie features a sleek pointed toe and an adjustable drawstring closure that lets you customize the fit to your preference. This versatile style transitions seamlessly from day to night, offering both comfort and contemporary edge for any occasion. 3 inch heel height 12 inch shaft circumference 10 inch shaft height Leather upper material Textile lining Vegan leather sock Synthetic sole Fit tip: If you are in between sizes, size up a half-size Imported Steve Madden DACIANA BLACK LEATHER | 6 | Steve Madden Women's Daciana Ankle Booties - Black - Size 6 - Leather","The DACIANA BLACK LEATHER ankle bootie features a sleek pointed toe and an adjustable drawstring closure that lets you customize the fit to your preference. This versatile style transitions seamlessly from day to night, offering both comfort and contemporary edge for any occasion. 3 inch heel height 12 inch shaft circumference 10 inch shaft height Leather upper material Textile lining Vegan leather sock Synthetic sole Fit tip: If you are in between sizes, size up a half-size Imported Steve Madden DACIANA BLACK LEATHER | 6 | Steve Madden Women's Daciana Ankle Booties - Black - Size 6 - Leather",139.99,189.95,https://cdn.shopify.com/s/files/1/2170/8465/files/STEVEMADDEN_SHOES_DACIANA_BLACK-LEATHER_01.jpg,Women's Shoes > Booties,Women's Shoes > Booties,03/10/2026,,FALSE,41640021164165,,IN STOCK,,"10, 6, 7, 8, 9",Black,,,147,TRUE,TRUE,TRUE
Steve Madden,7279146565765,7279146565765,7279146565765,Steve Madden Women's Starla Ostrich Ankle Booties - Brown - Size 5 - Leather,https://www.stevemadden.com/products/starla-ost-brown-leather?utm_source=display&utm_medium=programmatic&utm_campaign=performance&utm_content=rtg,"The STARLA OSTRICH BROWN LEATHER is an ankle bootie featuring a sleek kitten heel. This versatile style transitions effortlessly from day to night, offering a refined silhouette that flatters any outfit. The modest heel height provides all-day comfort without sacrificing sophistication, while the pointed toe adds an elegant touch to casual and dressed-up looks alike. 2.25 inch heel height 13 inch shaft circumference 7.25 inch shaft height Leather upper material Leather lining Leather sock Synthetic sole Imported Steve Madden STARLA OSTRICH BROWN LEATHER | 5 | Steve Madden Women's Starla Ostrich Ankle Booties - Brown - Size 5 - Leather","The STARLA OSTRICH BROWN LEATHER is an ankle bootie featuring a sleek kitten heel. This versatile style transitions effortlessly from day to night, offering a refined silhouette that flatters any outfit. The modest heel height provides all-day comfort without sacrificing sophistication, while the pointed toe adds an elegant touch to casual and dressed-up looks alike. 2.25 inch heel height 13 inch shaft circumference 7.25 inch shaft height Leather upper material Leather lining Leather sock Synthetic sole Imported Steve Madden STARLA OSTRICH BROWN LEATHER | 5 | Steve Madden Women's Starla Ostrich Ankle Booties - Brown - Size 5 - Leather",259.95,259.95,https://cdn.shopify.com/s/files/1/2170/8465/files/STEVEMADDEN_SHOES_STARLA_BROWN-LEATHER_01.jpg,Women's Shoes > Booties,Women's Shoes > Booties,03/10/2026,,FALSE,41642387275909,,IN STOCK,,"10, 11, 5, 6, 7, 8, 9",Brown,,,148,TRUE,TRUE,FALSE
Steve Madden,7279164424325,7279164424325,7279164424325,Steve Madden Women's Notta Knee High Boots - Black - Size 5 - Leather,https://www.stevemadden.com/products/notta-black?utm_source=display&utm_medium=programmatic&utm_campaign=performance&utm_content=rtg,"The NOTTA BLACK is a striking knee-high boot featuring a sharp pointed toe silhouette. This versatile style transitions seamlessly from day to night, offering a modern edge to any wardrobe. Perfect for elevating your seasonal rotation with contemporary flair. 3 inch heel height 13 inch shaft circumference 18 inch shaft height Vegan leather upper material Textile lining Vegan leather sock Synthetic sole Imported Steve Madden NOTTA BLACK | 5 | Steve Madden Women's Notta Knee High Boots - Black - Size 5 - Leather","The NOTTA BLACK is a striking knee-high boot featuring a sharp pointed toe silhouette. This versatile style transitions seamlessly from day to night, offering a modern edge to any wardrobe. Perfect for elevating your seasonal rotation with contemporary flair. 3 inch heel height 13 inch shaft circumference 18 inch shaft height Vegan leather upper material Textile lining Vegan leather sock Synthetic sole Imported Steve Madden NOTTA BLACK | 5 | Steve Madden Women's Notta Knee High Boots - Black - Size 5 - Leather",129.95,129.95,https://cdn.shopify.com/s/files/1/2170/8465/files/STEVEMADDEN_SHOES_NOTTA_BLACK01.jpg,Women's Shoes > Boots,Women's Shoes > Boots,03/10/2026,,FALSE,41642447274117,,IN STOCK,,"10, 11, 12, 5, 5.5, 6, 6.5, 7, 7.5, 8, 8.5, 9, 9.5",Black,,,149,TRUE,TRUE,FALSE
Steve Madden,7279164457093,7279164457093,7279164457093,Steve Madden Women's Notta Knee High Boots - Brown - Size 5 - Leather,https://www.stevemadden.com/products/notta-brown?utm_source=display&utm_medium=programmatic&utm_campaign=performance&utm_content=rtg,"The NOTTA BROWN is a striking knee-high boot featuring a sharp pointed toe silhouette. This versatile style transitions seamlessly from day to night, offering a modern edge to any wardrobe. Perfect for elevating your seasonal rotation with contemporary flair. 3 inch heel height 13 inch shaft circumference 18 inch shaft height Vegan leather upper material Textile lining Vegan leather sock Synthetic sole Imported Steve Madden NOTTA BROWN | 5 | Steve Madden Women's Notta Knee High Boots - Brown - Size 5 - Leather","The NOTTA BROWN is a striking knee-high boot featuring a sharp pointed toe silhouette. This versatile style transitions seamlessly from day to night, offering a modern edge to any wardrobe. Perfect for elevating your seasonal rotation with contemporary flair. 3 inch heel height 13 inch shaft circumference 18 inch shaft height Vegan leather upper material Textile lining Vegan leather sock Synthetic sole Imported Steve Madden NOTTA BROWN | 5 | Steve Madden Women's Notta Knee High Boots - Brown - Size 5 - Leather",129.95,129.95,https://cdn.shopify.com/s/files/1/2170/8465/files/STEVEMADDEN_SHOES_NOTTA_BROWN01.jpg,Women's Shoes > Boots,Women's Shoes > Boots,03/10/2026,,FALSE,41642447700101,,IN STOCK,,"10, 11, 12, 5, 5.5, 6, 6.5, 7, 7.5, 8, 8.5, 9, 9.5",Brown,,,150,TRUE,TRUE,FALSE
Steve Madden,7284658831493,7284658831493,7284658831493,Steve Madden Women's Odelia Block Heel Boots - Black - Size 5 - Leather,https://www.stevemadden.com/products/odelia-black-leather?utm_source=display&utm_medium=programmatic&utm_campaign=performance&utm_content=rtg,"The ODELIA BLACK LEATHER is a striking knee-high boot designed for modern edge and everyday versatility. Featuring a square toe silhouette, sturdy platform sole, and a comfortable block heel, this style delivers both confidence and stability. The sleek construction pairs effortlessly with dresses, jeans, or skirts, making it a wardrobe essential that transitions seamlessly from day to night. 3.75 inch heel height 1 inch platform 13.5 inch shaft circumference 15 inch shaft height Leather and vegan leather upper material Vegan leather and textile lining Vegan leather sock Synthetic sole Imported Steve Madden ODELIA BLACK LEATHER | 5 | Steve Madden Women's Odelia Block Heel Boots - Black - Size 5 - Leather","The ODELIA BLACK LEATHER is a striking knee-high boot designed for modern edge and everyday versatility. Featuring a square toe silhouette, sturdy platform sole, and a comfortable block heel, this style delivers both confidence and stability. The sleek construction pairs effortlessly with dresses, jeans, or skirts, making it a wardrobe essential that transitions seamlessly from day to night. 3.75 inch heel height 1 inch platform 13.5 inch shaft circumference 15 inch shaft height Leather and vegan leather upper material Vegan leather and textile lining Vegan leather sock Synthetic sole Imported Steve Madden ODELIA BLACK LEATHER | 5 | Steve Madden Women's Odelia Block Heel Boots - Black - Size 5 - Leather",189.95,189.95,https://cdn.shopify.com/s/files/1/2170/8465/files/STEVEMADDEN_SHOES_ODELIA_BLACK-LEATHER01.jpg,Women's Shoes > Boots,Women's Shoes > Boots,03/10/2026,,FALSE,41671084408965,,IN STOCK,,"10, 11, 12, 5, 5.5, 6, 6.5, 7, 7.5, 8, 8.5, 9, 9.5",Black,,,151,TRUE,TRUE,FALSE
Steve Madden,7284958494853,7284958494853,7284958494853,Steve Madden Women's Everest Knee High Boots - Black - Size 6 - Leather,https://www.stevemadden.com/products/everest-black-leather?utm_source=display&utm_medium=programmatic&utm_campaign=performance&utm_content=rtg,"The EVEREST BLACK LEATHER is a striking knee-high boot that combines edgy moto styling with practical durability. The bold buckle detail adds attitude and visual interest, while the sturdy lug sole delivers confident traction and all-day comfort. Perfect for making a statement, this boot transitions seamlessly from casual to dressed-up looks. 2 inch heel height 15 inch shaft circumference 13.5 inch shaft height Leather upper material Vegan leather lining Vegan leather sock Synthetic sole Imported Steve Madden EVEREST BLACK LEATHER | 6 | Steve Madden Women's Everest Knee High Boots - Black - Size 6 - Leather","The EVEREST BLACK LEATHER is a striking knee-high boot that combines edgy moto styling with practical durability. The bold buckle detail adds attitude and visual interest, while the sturdy lug sole delivers confident traction and all-day comfort. Perfect for making a statement, this boot transitions seamlessly from casual to dressed-up looks. 2 inch heel height 15 inch shaft circumference 13.5 inch shaft height Leather upper material Vegan leather lining Vegan leather sock Synthetic sole Imported Steve Madden EVEREST BLACK LEATHER | 6 | Steve Madden Women's Everest Knee High Boots - Black - Size 6 - Leather",199.95,199.95,https://cdn.shopify.com/s/files/1/2170/8465/files/STEVEMADDEN_SHOES_EVEREST_BLACK-LEATHER_01.jpg,Women's Shoes > Boots,Women's Shoes > Boots,03/10/2026,,FALSE,41671983071365,,IN STOCK,,"10, 6, 6.5, 7, 7.5, 8, 8.5, 9, 9.5",Black,,,152,TRUE,TRUE,FALSE
Steve Madden,7285189050501,7285189050501,7285189050501,Steve Madden Women's Canter Dark Cherry Leather Over The Knee Boots - Burgundy - Size 6,https://www.stevemadden.com/products/canter-burgundy-leather?utm_source=display&utm_medium=programmatic&utm_campaign=performance&utm_content=rtg,"The CANTER DARK CHERRY LEATHER is a tall boot designed to make a statement. Rising over-the-knee with a sleek silhouette, this style features a rounded toe and sturdy block heel for all-day comfort and stability. A timeless essential that transitions seamlessly from season to season. 1 inch heel height 14.5 inch shaft circumference 21 inch shaft height Leather upper material Textile lining Vegan leather sock Synthetic sole Imported Steve Madden CANTER DARK CHERRY LEATHER | Burgundy Leather | 6 | Steve Madden Women's Canter Dark Cherry Leather Over The Knee Boots - Burgundy - Size 6","The CANTER DARK CHERRY LEATHER is a tall boot designed to make a statement. Rising over-the-knee with a sleek silhouette, this style features a rounded toe and sturdy block heel for all-day comfort and stability. A timeless essential that transitions seamlessly from season to season. 1 inch heel height 14.5 inch shaft circumference 21 inch shaft height Leather upper material Textile lining Vegan leather sock Synthetic sole Imported Steve Madden CANTER DARK CHERRY LEATHER | Burgundy Leather | 6 | Steve Madden Women's Canter Dark Cherry Leather Over The Knee Boots - Burgundy - Size 6",279.95,279.95,https://cdn.shopify.com/s/files/1/2170/8465/files/STEVEMADDEN_SHOES_CANTER_BURGUNDY-LEATHER01.jpg,Women's Shoes > Boots,Women's Shoes > Boots,03/10/2026,,FALSE,41672767766661,,IN STOCK,,"10, 6, 6.5, 7, 7.5, 8, 8.5, 9, 9.5",Burgundy,,,153,TRUE,TRUE,FALSE
Steve Madden,7285189083269,7285189083269,7285189083269,Steve Madden Women's Canter Over The Knee Boots - Black - Size 6 - Leather,https://www.stevemadden.com/products/canter-black-leather?utm_source=display&utm_medium=programmatic&utm_campaign=performance&utm_content=rtg,"The CANTER BLACK LEATHER is a tall boot designed to make a statement. Rising over-the-knee with a sleek silhouette, this style features a rounded toe and sturdy block heel for all-day comfort and stability. A timeless essential that transitions seamlessly from season to season. 1 inch heel height 14.5 inch shaft circumference 21 inch shaft height Leather upper material Textile and vegan leather lining Vegan leather sock Synthetic sole Imported Steve Madden CANTER BLACK LEATHER | 6 | Steve Madden Women's Canter Over The Knee Boots - Black - Size 6 - Leather","The CANTER BLACK LEATHER is a tall boot designed to make a statement. Rising over-the-knee with a sleek silhouette, this style features a rounded toe and sturdy block heel for all-day comfort and stability. A timeless essential that transitions seamlessly from season to season. 1 inch heel height 14.5 inch shaft circumference 21 inch shaft height Leather upper material Textile and vegan leather lining Vegan leather sock Synthetic sole Imported Steve Madden CANTER BLACK LEATHER | 6 | Steve Madden Women's Canter Over The Knee Boots - Black - Size 6 - Leather",279.95,279.95,https://cdn.shopify.com/s/files/1/2170/8465/files/STEVEMADDEN_SHOES_CANTER_BLACK-LEATHER01.jpg,Women's Shoes > Boots,Women's Shoes > Boots,03/10/2026,,FALSE,41672768192645,,IN STOCK,,"10, 6, 6.5, 7, 7.5, 8, 8.5, 9, 9.5",Black,,,154,TRUE,TRUE,FALSE
Steve Madden,7285189148805,7285189148805,7285189148805,Steve Madden Women's Canter Dark Cherry Leather Wide Calf Over The Knee Boots - Burgundy - Size 10.0W,https://www.stevemadden.com/products/canter-w-burgundy-leather?utm_source=display&utm_medium=programmatic&utm_campaign=performance&utm_content=rtg,"The CANTER DARK CHERRY LEATHER WIDE CALF is a tall boot designed to make a statement. Rising over-the-knee with a sleek silhouette, this style features a rounded toe and sturdy block heel for all-day comfort and stability. A timeless essential that transitions seamlessly from season to season. 1 inch heel height Size 6 measurements: 14.41 inch mid-shaft circumference, 21 inch shaft height Size 8 measurements: 14.96 inch mid-shaft circumference, 21.25 inch shaft height Size 10 measurements: 15.51 inch mid-shaft circumference, 21.5 inch shaft height For correct calf measurements, measure your bare calf at its widest circumference with your foot flat on the ground Leather upper material Textile and vegan leather lining Vegan leather sock Synthetic sole Imported Steve Madden CANTER DARK CHERRY LEATHER WIDE CALF | Burgundy Leather | 10.0W | Steve Madden Women's Canter Dark Cherry Leather Wide Calf Over The Knee Boots - Burgundy - Size 10.0W","The CANTER DARK CHERRY LEATHER WIDE CALF is a tall boot designed to make a statement. Rising over-the-knee with a sleek silhouette, this style features a rounded toe and sturdy block heel for all-day comfort and stability. A timeless essential that transitions seamlessly from season to season. 1 inch heel height Size 6 measurements: 14.41 inch mid-shaft circumference, 21 inch shaft height Size 8 measurements: 14.96 inch mid-shaft circumference, 21.25 inch shaft height Size 10 measurements: 15.51 inch mid-shaft circumference, 21.5 inch shaft height For correct calf measurements, measure your bare calf at its widest circumference with your foot flat on the ground Leather upper material Textile and vegan leather lining Vegan leather sock Synthetic sole Imported Steve Madden CANTER DARK CHERRY LEATHER WIDE CALF | Burgundy Leather | 10.0W | Steve Madden Women's Canter Dark Cherry Leather Wide Calf Over The Knee Boots - Burgundy - Size 10.0W",279.95,279.95,https://cdn.shopify.com/s/files/1/2170/8465/files/STEVEMADDEN_SHOES_CANTER-W_BURGUNDY-LEATHER_01.jpg,Women's Shoes > Boots,Women's Shoes > Boots,03/10/2026,,FALSE,41672769011845,,IN STOCK,,"10.0W, 6.0W, 6.5W, 7.0W, 7.5W, 8.0W, 8.5W, 9.0W, 9.5W",Burgundy,,,155,TRUE,TRUE,FALSE
Steve Madden,7285189214341,7285189214341,7285189214341,Steve Madden Women's Canter Leather Wide Calf Over The Knee Boots - Black - Size 7.5W,https://www.stevemadden.com/products/canter-w-black-leather?utm_source=display&utm_medium=programmatic&utm_campaign=performance&utm_content=rtg,"The CANTER BLACK LEATHER WIDE CALF is a tall boot designed to make a statement. Rising over-the-knee with a sleek silhouette, this style features a rounded toe and sturdy block heel for all-day comfort and stability. A timeless essential that transitions seamlessly from season to season. 1 inch heel height Size 6 measurements: 14.41 inch mid-shaft circumference, 21 inch shaft height Size 8 measurements: 14.96 inch mid-shaft circumference, 21.25 inch shaft height Size 10 measurements: 15.51 inch mid-shaft circumference, 21.5 inch shaft height For correct calf measurements, measure your bare calf at its widest circumference with your foot flat on the ground Leather upper material Textile and vegan leather lining Vegan leather sock Synthetic sole Imported Steve Madden CANTER BLACK LEATHER WIDE CALF | 7.5W | Steve Madden Women's Canter Leather Wide Calf Over The Knee Boots - Black - Size 7.5W","The CANTER BLACK LEATHER WIDE CALF is a tall boot designed to make a statement. Rising over-the-knee with a sleek silhouette, this style features a rounded toe and sturdy block heel for all-day comfort and stability. A timeless essential that transitions seamlessly from season to season. 1 inch heel height Size 6 measurements: 14.41 inch mid-shaft circumference, 21 inch shaft height Size 8 measurements: 14.96 inch mid-shaft circumference, 21.25 inch shaft height Size 10 measurements: 15.51 inch mid-shaft circumference, 21.5 inch shaft height For correct calf measurements, measure your bare calf at its widest circumference with your foot flat on the ground Leather upper material Textile and vegan leather lining Vegan leather sock Synthetic sole Imported Steve Madden CANTER BLACK LEATHER WIDE CALF | 7.5W | Steve Madden Women's Canter Leather Wide Calf Over The Knee Boots - Black - Size 7.5W",279.95,279.95,https://cdn.shopify.com/s/files/1/2170/8465/files/STEVEMADDEN_SHOES_CANTER-W_BLACK-LEATHER_04.jpg,Women's Shoes > Boots,Women's Shoes > Boots,03/10/2026,,FALSE,41672769929349,,IN STOCK,,"10.0W, 6.0W, 6.5W, 7.0W, 7.5W, 8.0W, 8.5W, 9.0W, 9.5W",Black,,,156,TRUE,TRUE,FALSE
Steve Madden,7287999856773,7287999856773,7287999856773,Steve Madden Women's Provoque Pointed Toe Boots - Red - Size 5 - Synthetic,https://www.stevemadden.com/products/provoque-red?utm_source=display&utm_medium=programmatic&utm_campaign=performance&utm_content=rtg,"The PROVOQUE RED is a striking over-the-knee boot that commands attention with its bold silhouette and dramatic pointed toe. Luxurious fringe detailing cascades down the shaft, adding movement and edge to every step. The sleek finish makes a powerful statement, whether you're dressing up for an evening out or elevating your everyday look. Perfect for those who refuse to blend in. 4 inch heel height 17.25 inch shaft circumference 23.5 inch shaft height Textile upper material Textile lining Synthetic sock Synthetic sole Stretch shaft offers a flexible fit for a range of calf sizes Imported Steve Madden PROVOQUE RED | 5 | Steve Madden Women's Provoque Pointed Toe Boots - Red - Size 5 - Synthetic","The PROVOQUE RED is a striking over-the-knee boot that commands attention with its bold silhouette and dramatic pointed toe. Luxurious fringe detailing cascades down the shaft, adding movement and edge to every step. The sleek finish makes a powerful statement, whether you're dressing up for an evening out or elevating your everyday look. Perfect for those who refuse to blend in. 4 inch heel height 17.25 inch shaft circumference 23.5 inch shaft height Textile upper material Textile lining Synthetic sock Synthetic sole Stretch shaft offers a flexible fit for a range of calf sizes Imported Steve Madden PROVOQUE RED | 5 | Steve Madden Women's Provoque Pointed Toe Boots - Red - Size 5 - Synthetic",199.95,199.95,https://cdn.shopify.com/s/files/1/2170/8465/files/STEVEMADDEN_SHOES_PROVOQUE-PROVOKE-F_RED01.jpg,Women's Shoes > Boots,Women's Shoes > Boots,03/10/2026,,FALSE,41685409529989,,IN STOCK,,"10, 11, 5, 5.5, 6, 6.5, 7, 7.5, 8, 8.5, 9, 9.5",Red,,,157,TRUE,TRUE,FALSE
Steve Madden,7287999889541,7287999889541,7287999889541,Steve Madden Women's Provoque Pointed Toe Boots - Black - Size 5 - Synthetic,https://www.stevemadden.com/products/provoque-black?utm_source=display&utm_medium=programmatic&utm_campaign=performance&utm_content=rtg,"The PROVOQUE BLACK is a striking over-the-knee boot that commands attention with its bold silhouette and dramatic pointed toe. Luxurious fringe detailing cascades down the shaft, adding movement and edge to every step. The sleek finish makes a powerful statement, whether you're dressing up for an evening out or elevating your everyday look. Perfect for those who refuse to blend in. 4 inch heel height 17.25 inch shaft circumference 23.5 inch shaft height Textile upper material Textile lining Synthetic sock Synthetic sole Stretch shaft offers a flexible fit for a range of calf sizes Imported Steve Madden PROVOQUE BLACK | 5 | Steve Madden Women's Provoque Pointed Toe Boots - Black - Size 5 - Synthetic","The PROVOQUE BLACK is a striking over-the-knee boot that commands attention with its bold silhouette and dramatic pointed toe. Luxurious fringe detailing cascades down the shaft, adding movement and edge to every step. The sleek finish makes a powerful statement, whether you're dressing up for an evening out or elevating your everyday look. Perfect for those who refuse to blend in. 4 inch heel height 17.25 inch shaft circumference 23.5 inch shaft height Textile upper material Textile lining Synthetic sock Synthetic sole Stretch shaft offers a flexible fit for a range of calf sizes Imported Steve Madden PROVOQUE BLACK | 5 | Steve Madden Women's Provoque Pointed Toe Boots - Black - Size 5 - Synthetic",199.95,199.95,https://cdn.shopify.com/s/files/1/2170/8465/files/STEVEMADDEN_SHOES_PROVOQUE-PROVOKE-F_BLACK01.jpg,Women's Shoes > Boots,Women's Shoes > Boots,03/10/2026,,FALSE,41685409955973,,IN STOCK,,"10, 5, 5.5, 6, 6.5, 7, 7.5, 8, 8.5, 9, 9.5",Black,,,158,TRUE,TRUE,FALSE
Steve Madden,7284958953605,7284958953605,7284958953605,Steve Madden Women's Senara Platform Booties - Black - Size 6 - Leather,https://www.stevemadden.com/products/senara-black-leat?utm_source=display&utm_medium=programmatic&utm_campaign=performance&utm_content=rtg,The SENARA BLACK LEATHER ankle bootie features a striking platform and block heel that delivers both style and stability. The luxe finish adds a statement-making detail to this versatile silhouette. Perfect for elevating any outfit with confident height. 6 inch heel height 2.5 inch platform 10 inch shaft circumference 6.25 inch shaft height Leather upper material Vegan leather and textile lining Vegan leather sock Synthetic sole Imported Steve Madden SENARA BLACK LEATHER | 6 | Steve Madden Women's Senara Platform Booties - Black - Size 6 - Leather,The SENARA BLACK LEATHER ankle bootie features a striking platform and block heel that delivers both style and stability. The luxe finish adds a statement-making detail to this versatile silhouette. Perfect for elevating any outfit with confident height. 6 inch heel height 2.5 inch platform 10 inch shaft circumference 6.25 inch shaft height Leather upper material Vegan leather and textile lining Vegan leather sock Synthetic sole Imported Steve Madden SENARA BLACK LEATHER | 6 | Steve Madden Women's Senara Platform Booties - Black - Size 6 - Leather,179.95,179.95,https://cdn.shopify.com/s/files/1/2170/8465/files/STEVEMADDEN_SHOES_SENARA_BLACK-LEATHER01.jpg,Women's Shoes > Booties,Women's Shoes > Booties,03/10/2026,,FALSE,41703539441797,,IN STOCK,,"10, 11, 6, 6.5, 7, 7.5, 8, 8.5, 9, 9.5",Black,,,159,TRUE,TRUE,FALSE
Steve Madden,7292210610309,7292210610309,7292210610309,Steve Madden Women's Liberty Cuffed Boots - Taupe Suede - Size 5 - Leather,https://www.stevemadden.com/products/liberty-taupe-suede?utm_source=display&utm_medium=programmatic&utm_campaign=performance&utm_content=rtg,"The LIBERTY TAUPE SUEDE is a knee-high boot with a fold-over design and wedge heel. This boot combines style with comfortable support, making it perfect for everyday wear or special occasions. The fold-over detail creates a distinctive look, while the silhouette offers versatile styling options. 3.25 inch heel height 16 inch shaft circumference 13.5 inch shaft height Suede upper material Textile lining Vegan leather sock Synthetic sole Imported Steve Madden LIBERTY TAUPE SUEDE | 5 | Steve Madden Women's Liberty Cuffed Boots - Taupe Suede - Size 5 - Leather","The LIBERTY TAUPE SUEDE is a knee-high boot with a fold-over design and wedge heel. This boot combines style with comfortable support, making it perfect for everyday wear or special occasions. The fold-over detail creates a distinctive look, while the silhouette offers versatile styling options. 3.25 inch heel height 16 inch shaft circumference 13.5 inch shaft height Suede upper material Textile lining Vegan leather sock Synthetic sole Imported Steve Madden LIBERTY TAUPE SUEDE | 5 | Steve Madden Women's Liberty Cuffed Boots - Taupe Suede - Size 5 - Leather",229.95,229.95,https://cdn.shopify.com/s/files/1/2170/8465/files/STEVEMADDEN_SHOES_LIBERTY_TAUPE-SUEDE01.jpg,Women's Shoes > Boots,Women's Shoes > Boots,03/10/2026,,FALSE,41703649575045,,IN STOCK,,"10, 11, 5, 5.5, 6, 6.5, 7, 7.5, 8, 8.5, 9, 9.5",Taupe Suede,,,160,TRUE,TRUE,FALSE
Steve Madden,7292378939525,7292378939525,7292378939525,Steve Madden Women's Morals Lace-Up Booties - Pink Nubuck - Size 5 - Leather,https://www.stevemadden.com/products/morals-pink-nubuck?utm_source=display&utm_medium=programmatic&utm_campaign=performance&utm_content=rtg,"The MORALS PINK NUBUCK bootie features a striking design that combines edgy sophistication with timeless elegance. The sharp pointed-toe styling creates a bold silhouette perfect for making a statement. The lace-up front adds dimension and visual interest, while the sleek stiletto heel elevates any outfit with refined height and attitude. A versatile choice for those who want their footwear to command attention. 4 inch heel height 11.75 shaft circumference 6.5 inch shaft height Nubuck leather and vegan leather upper material Vegan leather lining Vegan leather sock Synthetic sole Imported Steve Madden MORALS PINK NUBUCK | 5 | Steve Madden Women's Morals Lace-Up Booties - Pink Nubuck - Size 5 - Leather","The MORALS PINK NUBUCK bootie features a striking design that combines edgy sophistication with timeless elegance. The sharp pointed-toe styling creates a bold silhouette perfect for making a statement. The lace-up front adds dimension and visual interest, while the sleek stiletto heel elevates any outfit with refined height and attitude. A versatile choice for those who want their footwear to command attention. 4 inch heel height 11.75 shaft circumference 6.5 inch shaft height Nubuck leather and vegan leather upper material Vegan leather lining Vegan leather sock Synthetic sole Imported Steve Madden MORALS PINK NUBUCK | 5 | Steve Madden Women's Morals Lace-Up Booties - Pink Nubuck - Size 5 - Leather",169.95,169.95,https://cdn.shopify.com/s/files/1/2170/8465/files/STEVEMADDEN_SHOES_MORALS_PINK-LEATHER01_d12c8fb2-8cf9-4948-a5d7-3a3d02a5c40a.jpg,Women's Shoes > Booties,Women's Shoes > Booties,03/10/2026,,FALSE,41704231633029,,IN STOCK,,"10, 11, 12, 5, 5.5, 6, 6.5, 7, 7.5, 8, 8.5, 9, 9.5",Pink Nubuck,,,161,TRUE,TRUE,FALSE
Steve Madden,7293714759813,7293714759813,7293714759813,Steve Madden Women's Woodside Faux Fur Boots - Chestnut Suede - Size 6 - Leather,https://www.stevemadden.com/products/woodside-fur-chestnut-suede?utm_source=display&utm_medium=programmatic&utm_campaign=performance&utm_content=rtg,"The WOODSIDE FAUX FUR CHESTNUT SUEDE is a wedge boot featuring a fold-over shaft and rounded toe. This versatile style combines comfort with contemporary design, offering a flattering silhouette that transitions seamlessly from casual to dressed-up occasions. The wedge heel provides stability and all-day wearability, while the fold-over shaft adds visual interest and styling flexibility. 2.5 inch hidden wedge 16 inch shaft circumference 9.5 inch shaft height Suede upper material Leather and textile lining Vegan leather sock Synthetic sole Wear folded down or unfolded for versatile styling Imported Steve Madden WOODSIDE FAUX FUR CHESTNUT SUEDE | 6 | Steve Madden Women's Woodside Faux Fur Boots - Chestnut Suede - Size 6 - Leather","The WOODSIDE FAUX FUR CHESTNUT SUEDE is a wedge boot featuring a fold-over shaft and rounded toe. This versatile style combines comfort with contemporary design, offering a flattering silhouette that transitions seamlessly from casual to dressed-up occasions. The wedge heel provides stability and all-day wearability, while the fold-over shaft adds visual interest and styling flexibility. 2.5 inch hidden wedge 16 inch shaft circumference 9.5 inch shaft height Suede upper material Leather and textile lining Vegan leather sock Synthetic sole Wear folded down or unfolded for versatile styling Imported Steve Madden WOODSIDE FAUX FUR CHESTNUT SUEDE | 6 | Steve Madden Women's Woodside Faux Fur Boots - Chestnut Suede - Size 6 - Leather",189.95,189.95,https://cdn.shopify.com/s/files/1/2170/8465/files/STEVEMADDEN_SHOES_WOODSIDE-FUR_CHESTNUT-SUEDE01.jpg,Women's Shoes > Boots,Women's Shoes > Boots,03/10/2026,,FALSE,41717086945413,,IN STOCK,,"10, 11, 6, 6.5, 7, 7.5, 8, 8.5, 9, 9.5",Chestnut Suede,,,162,TRUE,TRUE,FALSE
Steve Madden,7293714923653,7293714923653,7293714923653,Steve Madden Women's Taki Faux Fur Booties - Chestnut Suede - Size 5,https://www.stevemadden.com/products/taki-chestnut-suede?utm_source=display&utm_medium=programmatic&utm_campaign=performance&utm_content=rtg,"The TAKI CHESTNUT SUEDE is a bootie crafted with luxurious faux fur lining for warmth and comfort. Featuring a hidden wedge heel, this style delivers subtle height while maintaining a sleek silhouette perfect for everyday wear. The fur adds texture and visual interest, making it an ideal choice for colder seasons. 3 inch hidden wedge Suede upper material Faux fur lining Faux fur sock Synthetic sole Imported Steve Madden TAKI CHESTNUT SUEDE | 5 | Steve Madden Women's Taki Faux Fur Booties - Chestnut Suede - Size 5","The TAKI CHESTNUT SUEDE is a bootie crafted with luxurious faux fur lining for warmth and comfort. Featuring a hidden wedge heel, this style delivers subtle height while maintaining a sleek silhouette perfect for everyday wear. The fur adds texture and visual interest, making it an ideal choice for colder seasons. 3 inch hidden wedge Suede upper material Faux fur lining Faux fur sock Synthetic sole Imported Steve Madden TAKI CHESTNUT SUEDE | 5 | Steve Madden Women's Taki Faux Fur Booties - Chestnut Suede - Size 5",129.95,129.95,https://cdn.shopify.com/s/files/1/2170/8465/files/STEVEMADDEN_SHOES_TAKI_CHESTNUT-SUEDE01.jpg,Women's Shoes > Booties,Women's Shoes > Booties,03/10/2026,,FALSE,41717089173637,,IN STOCK,,"10, 11, 5, 5.5, 6, 6.5, 7, 7.5, 8, 8.5, 9, 9.5",Chestnut Suede,,,163,TRUE,TRUE,FALSE
Steve Madden,7293715054725,7293715054725,7293715054725,Steve Madden Women's Taki Faux Fur Booties - Taupe Suede - Size 5,https://www.stevemadden.com/products/taki-taupe-suede?utm_source=display&utm_medium=programmatic&utm_campaign=performance&utm_content=rtg,"The TAKI TAUPE SUEDE is a bootie crafted with luxurious faux fur lining for warmth and comfort. Featuring a hidden wedge heel, this style delivers subtle height while maintaining a sleek silhouette perfect for everyday wear. The fur adds texture and visual interest, making it an ideal choice for colder seasons. 3 inch hidden wedge Suede upper material Faux fur lining Faux fur sock Synthetic sole Imported Steve Madden TAKI TAUPE SUEDE | 5 | Steve Madden Women's Taki Faux Fur Booties - Taupe Suede - Size 5","The TAKI TAUPE SUEDE is a bootie crafted with luxurious faux fur lining for warmth and comfort. Featuring a hidden wedge heel, this style delivers subtle height while maintaining a sleek silhouette perfect for everyday wear. The fur adds texture and visual interest, making it an ideal choice for colder seasons. 3 inch hidden wedge Suede upper material Faux fur lining Faux fur sock Synthetic sole Imported Steve Madden TAKI TAUPE SUEDE | 5 | Steve Madden Women's Taki Faux Fur Booties - Taupe Suede - Size 5",129.95,129.95,https://cdn.shopify.com/s/files/1/2170/8465/files/STEVEMADDEN_SHOES_TAKI_TAUPE-SUEDE01.jpg,Women's Shoes > Booties,Women's Shoes > Booties,03/10/2026,,FALSE,41717089796229,,IN STOCK,,"10, 11, 5, 5.5, 6, 6.5, 7, 7.5, 8, 8.5, 9, 9.5",Taupe Suede,,,164,TRUE,TRUE,FALSE
Steve Madden,7293988012165,7293988012165,7293988012165,Steve Madden Women's Stray Wood Bottom Boots - White - Size 6 - Leather,https://www.stevemadden.com/products/stray-white-leather?utm_source=display&utm_medium=programmatic&utm_campaign=performance&utm_content=rtg,"The STRAY WHITE LEATHER is a boot designed for everyday wear and versatile styling. Crafted with premium materials, this boot delivers a classic silhouette that pairs effortlessly with jeans, dresses, or casual outfits. The rounded toe provides comfort and a modern edge, while the durable construction ensures lasting wear season after season. 1.5 inch heel height 13 inch shaft circumference 9.5 inch shaft height Leather upper material Unlined Vegan leather sock Synthetic sole Imported Steve Madden STRAY WHITE LEATHER | 6 | Steve Madden Women's Stray Wood Bottom Boots - White - Size 6 - Leather","The STRAY WHITE LEATHER is a boot designed for everyday wear and versatile styling. Crafted with premium materials, this boot delivers a classic silhouette that pairs effortlessly with jeans, dresses, or casual outfits. The rounded toe provides comfort and a modern edge, while the durable construction ensures lasting wear season after season. 1.5 inch heel height 13 inch shaft circumference 9.5 inch shaft height Leather upper material Unlined Vegan leather sock Synthetic sole Imported Steve Madden STRAY WHITE LEATHER | 6 | Steve Madden Women's Stray Wood Bottom Boots - White - Size 6 - Leather",169.95,169.95,https://cdn.shopify.com/s/files/1/2170/8465/files/STEVEMADDEN_SHOES_STRAY_WHITE-LEATHER01.jpg,Women's Shoes > Boots,Women's Shoes > Boots,03/10/2026,,FALSE,41718305194117,,IN STOCK,,"10, 6, 6.5, 7, 7.5, 8, 8.5, 9, 9.5",White,,,165,TRUE,TRUE,FALSE
Steve Madden,7294085529733,7294085529733,7294085529733,Steve Madden Women's Canter Faux Fur Boots - Cognac - Size 6 - Leather,https://www.stevemadden.com/products/canter-f-cognac-leather?utm_source=display&utm_medium=programmatic&utm_campaign=performance&utm_content=rtg,"The CANTER FAUX FUR COGNAC LEATHER is a tall boot designed to make a statement. Rising over-the-knee with a sleek silhouette, this style features a rounded toe and sturdy block heel for all-day comfort and stability. A timeless essential that transitions seamlessly from season to season. 1 inch heel height 14.5 inch shaft circumference 21 inch shaft height Leather and faux fur upper material Textile lining Vegan leather sock Synthetic sole Imported Steve Madden CANTER FAUX FUR COGNAC LEATHER | 6 | Steve Madden Women's Canter Faux Fur Boots - Cognac - Size 6 - Leather","The CANTER FAUX FUR COGNAC LEATHER is a tall boot designed to make a statement. Rising over-the-knee with a sleek silhouette, this style features a rounded toe and sturdy block heel for all-day comfort and stability. A timeless essential that transitions seamlessly from season to season. 1 inch heel height 14.5 inch shaft circumference 21 inch shaft height Leather and faux fur upper material Textile lining Vegan leather sock Synthetic sole Imported Steve Madden CANTER FAUX FUR COGNAC LEATHER | 6 | Steve Madden Women's Canter Faux Fur Boots - Cognac - Size 6 - Leather",329.95,329.95,https://cdn.shopify.com/s/files/1/2170/8465/files/STEVEMADDEN_SHOES_CANTER-F_COGNAC-LEATHER01.jpg,Women's Shoes > Boots,Women's Shoes > Boots,03/10/2026,,FALSE,41718639853701,,IN STOCK,,"10, 6, 6.5, 7, 7.5, 8, 8.5, 9, 9.5",Cognac,,,166,TRUE,TRUE,FALSE
Steve Madden,7294117773445,7294117773445,7294117773445,Steve Madden Women's Marna Knee High Boots - Brown - Size 5 - Leather,https://www.stevemadden.com/products/marna-brown-leather?utm_source=display&utm_medium=programmatic&utm_campaign=performance&utm_content=rtg,"The MARNA BROWN LEATHER is a classic knee-high riding boot crafted with a sleek round toe silhouette. This versatile style combines timeless design with everyday wearability, making it an essential addition to any footwear collection. Perfect for transitional seasons and styling effortlessly with dresses, jeans, or skirts. 1.25 inch heel height 15 inch shaft circumference 15 inch shaft height Leather upper material Leather lining Leather sock Synthetic sole Imported Steve Madden MARNA BROWN LEATHER | 5 | Steve Madden Women's Marna Knee High Boots - Brown - Size 5 - Leather","The MARNA BROWN LEATHER is a classic knee-high riding boot crafted with a sleek round toe silhouette. This versatile style combines timeless design with everyday wearability, making it an essential addition to any footwear collection. Perfect for transitional seasons and styling effortlessly with dresses, jeans, or skirts. 1.25 inch heel height 15 inch shaft circumference 15 inch shaft height Leather upper material Leather lining Leather sock Synthetic sole Imported Steve Madden MARNA BROWN LEATHER | 5 | Steve Madden Women's Marna Knee High Boots - Brown - Size 5 - Leather",199.95,199.95,https://cdn.shopify.com/s/files/1/2170/8465/files/STEVEMADDEN_SHOES_MARNA_BROWN-LEATHER_01_e23c43e6-40f1-4df4-908a-fa7f34439fdb.jpg,Women's Shoes > Boots,Women's Shoes > Boots,03/10/2026,,FALSE,41718812409989,,IN STOCK,,"10, 11, 5, 5.5, 6, 6.5, 7, 7.5, 8, 8.5, 9, 9.5",Brown,,,167,TRUE,TRUE,FALSE
Steve Madden,7294117806213,7294117806213,7294117806213,Steve Madden Women's Marna Knee High Boots - Black - Size 5 - Leather,https://www.stevemadden.com/products/marna-black-leather?utm_source=display&utm_medium=programmatic&utm_campaign=performance&utm_content=rtg,"The MARNA BLACK LEATHER is a classic knee-high riding boot crafted with a sleek round toe silhouette. This versatile style combines timeless design with everyday wearability, making it an essential addition to any footwear collection. Perfect for transitional seasons and styling effortlessly with dresses, jeans, or skirts. 1.25 inch heel height 15 inch shaft circumference 15 inch shaft height Leather upper material Leather lining Leather sock Synthetic sole Imported Steve Madden MARNA BLACK LEATHER | 5 | Steve Madden Women's Marna Knee High Boots - Black - Size 5 - Leather","The MARNA BLACK LEATHER is a classic knee-high riding boot crafted with a sleek round toe silhouette. This versatile style combines timeless design with everyday wearability, making it an essential addition to any footwear collection. Perfect for transitional seasons and styling effortlessly with dresses, jeans, or skirts. 1.25 inch heel height 15 inch shaft circumference 15 inch shaft height Leather upper material Leather lining Leather sock Synthetic sole Imported Steve Madden MARNA BLACK LEATHER | 5 | Steve Madden Women's Marna Knee High Boots - Black - Size 5 - Leather",199.95,199.95,https://cdn.shopify.com/s/files/1/2170/8465/files/STEVEMADDEN_SHOES_MARNA_BLACK-LEATHER_01_da071bf0-7766-4c75-97e2-47b15cd7985f.jpg,Women's Shoes > Boots,Women's Shoes > Boots,03/10/2026,,FALSE,41718812835973,,IN STOCK,,"10, 11, 5, 5.5, 6, 6.5, 7, 7.5, 8, 8.5, 9, 9.5",Black,,,168,TRUE,TRUE,FALSE
Steve Madden,7294118035589,7294118035589,7294118035589,Steve Madden Women's Morals Silver Rhinestones Lace-Up Booties - Silver Multi - Size 5 - Leather,https://www.stevemadden.com/products/morals-r-silver-multi?utm_source=display&utm_medium=programmatic&utm_campaign=performance&utm_content=rtg,"The MORALS SILVER RHINESTONES bootie features a striking design that combines edgy sophistication with timeless elegance. The sharp pointed-toe styling creates a bold silhouette perfect for making a statement. The lace-up front adds dimension and visual interest, while the sleek stiletto heel elevates any outfit with refined height and attitude. A versatile choice for those who want their footwear to command attention. 4 inch heel height 11.75 shaft circumference 6.5 inch shaft height Vegan leather, textile, and rhinestones upper material Vegan leather lining Vegan leather sock Synthetic sole Imported Steve Madden MORALS SILVER RHINESTONES | Silver Multi | 5 | Steve Madden Women's Morals Silver Rhinestones Lace-Up Booties - Silver Multi - Size 5 - Leather","The MORALS SILVER RHINESTONES bootie features a striking design that combines edgy sophistication with timeless elegance. The sharp pointed-toe styling creates a bold silhouette perfect for making a statement. The lace-up front adds dimension and visual interest, while the sleek stiletto heel elevates any outfit with refined height and attitude. A versatile choice for those who want their footwear to command attention. 4 inch heel height 11.75 shaft circumference 6.5 inch shaft height Vegan leather, textile, and rhinestones upper material Vegan leather lining Vegan leather sock Synthetic sole Imported Steve Madden MORALS SILVER RHINESTONES | Silver Multi | 5 | Steve Madden Women's Morals Silver Rhinestones Lace-Up Booties - Silver Multi - Size 5 - Leather",189.95,189.95,https://cdn.shopify.com/s/files/1/2170/8465/files/STEVEMADDEN_SHOES_MORALS-R_SILVER-MULTI_01.jpg,Women's Shoes > Booties,Women's Shoes > Booties,03/10/2026,,FALSE,41718815391877,,IN STOCK,,"10, 11, 12, 5, 5.5, 6, 6.5, 7, 7.5, 8, 8.5, 9, 9.5",Silver Multi,,,169,TRUE,TRUE,FALSE
Steve Madden,7295555043461,7295555043461,7295555043461,Steve Madden Women's Mackena Ankle Booties - White - Size 6 - Leather,https://www.stevemadden.com/products/mackena-white?utm_source=display&utm_medium=programmatic&utm_campaign=performance&utm_content=rtg,"The MACKENA WHITE is a pointed-toe ankle bootie that combines classic elegance with modern edge. This sleek design features a sharp, refined silhouette perfect for dressing up any outfit. The stiletto heel delivers confident height and that signature sophisticated look. Versatile enough for evening occasions or polished daytime wear, this bootie is an essential addition to any footwear collection. 4 inch heel height 11 inch shaft circumference 7.5 inch shaft height Vegan leather upper material Textile lining Vegan leather sock Synthetic sole Imported Steve Madden MACKENA WHITE | 6 | Steve Madden Women's Mackena Ankle Booties - White - Size 6 - Leather","The MACKENA WHITE is a pointed-toe ankle bootie that combines classic elegance with modern edge. This sleek design features a sharp, refined silhouette perfect for dressing up any outfit. The stiletto heel delivers confident height and that signature sophisticated look. Versatile enough for evening occasions or polished daytime wear, this bootie is an essential addition to any footwear collection. 4 inch heel height 11 inch shaft circumference 7.5 inch shaft height Vegan leather upper material Textile lining Vegan leather sock Synthetic sole Imported Steve Madden MACKENA WHITE | 6 | Steve Madden Women's Mackena Ankle Booties - White - Size 6 - Leather",129.95,129.95,https://cdn.shopify.com/s/files/1/2170/8465/files/STEVEMADDEN_SHOES_MACKENA_WHITE01.jpg,Women's Shoes > Booties,Women's Shoes > Booties,03/10/2026,,FALSE,41722834288773,,IN STOCK,,"10, 6, 6.5, 7, 7.5, 8, 8.5, 9, 9.5",White,,,170,TRUE,TRUE,FALSE
Steve Madden,7296623149189,7296623149189,7296623149189,Steve Madden Women's Nitro Knee High Boots - White - Size 6 - Leather,https://www.stevemadden.com/products/nitro-white?utm_source=display&utm_medium=programmatic&utm_campaign=performance&utm_content=rtg,"The NITRO WHITE is a sophisticated and versatile addition to any wardrobe. This pointed-toe heeled stiletto boot is designed for both style and comfort, ensuring a confident stride. With a knee-high height, it adds a touch of elegance to any outfit. 4 inch heel height Size 6 measurements: 13.39 inch shaft circumference, 15 inch shaft height Size 8 measurements: 13.78 inch shaft circumference, 15.82 inch shaft height Size 10 measurements: 14.17 inch shaft circumference, 16.69 inch shaft height For correct calf measurements, measure your bare calf at its widest circumference with your foot flat on the ground Vegan leather upper material Textile and vegan leather lining Vegan leather sock Synthetic sole Imported Steve Madden NITRO WHITE | 6 | Steve Madden Women's Nitro Knee High Boots - White - Size 6 - Leather","The NITRO WHITE is a sophisticated and versatile addition to any wardrobe. This pointed-toe heeled stiletto boot is designed for both style and comfort, ensuring a confident stride. With a knee-high height, it adds a touch of elegance to any outfit. 4 inch heel height Size 6 measurements: 13.39 inch shaft circumference, 15 inch shaft height Size 8 measurements: 13.78 inch shaft circumference, 15.82 inch shaft height Size 10 measurements: 14.17 inch shaft circumference, 16.69 inch shaft height For correct calf measurements, measure your bare calf at its widest circumference with your foot flat on the ground Vegan leather upper material Textile and vegan leather lining Vegan leather sock Synthetic sole Imported Steve Madden NITRO WHITE | 6 | Steve Madden Women's Nitro Knee High Boots - White - Size 6 - Leather",229.95,229.95,https://cdn.shopify.com/s/files/1/2170/8465/files/STEVEMADDEN_SHOES_NITRO_WHITE01.jpg,Women's Shoes > Boots,Women's Shoes > Boots,03/10/2026,,FALSE,41732622254213,,IN STOCK,,"10, 11, 12, 6, 6.5, 7, 7.5, 8, 8.5, 9, 9.5",White,,,171,TRUE,TRUE,FALSE
Steve Madden,7295642599557,7295642599557,7295642599557,Steve Madden Women's Notta Wide Calf Knee High Boots - Black - Size 6.5W - Leather,https://www.stevemadden.com/products/notta-w-black?utm_source=display&utm_medium=programmatic&utm_campaign=performance&utm_content=rtg,"The NOTTA BLACK WIDE CALF is a striking knee-high boot featuring a sharp pointed toe silhouette. This versatile style transitions seamlessly from day to night, offering a modern edge to any wardrobe. Perfect for elevating your seasonal rotation with contemporary flair. 3 inch heel height Size 6 measurements: 13.23 inch mid-shaft circumference, 14.96 inch shaft height Size 8 measurements: 14.02 inch mid-shaft circumference, 15.75 inch shaft height Size 10 measurements: 14.80 inch mid-shaft circumference, 16.54 inch shaft height For correct calf measurements, measure your bare calf at its widest circumference with your foot flat on the ground Vegan leather upper material Textile lining Vegan leather sock Synthetic sole Imported Steve Madden NOTTA BLACK WIDE CALF | 6.5W | Steve Madden Women's Notta Wide Calf Knee High Boots - Black - Size 6.5W - Leather","The NOTTA BLACK WIDE CALF is a striking knee-high boot featuring a sharp pointed toe silhouette. This versatile style transitions seamlessly from day to night, offering a modern edge to any wardrobe. Perfect for elevating your seasonal rotation with contemporary flair. 3 inch heel height Size 6 measurements: 13.23 inch mid-shaft circumference, 14.96 inch shaft height Size 8 measurements: 14.02 inch mid-shaft circumference, 15.75 inch shaft height Size 10 measurements: 14.80 inch mid-shaft circumference, 16.54 inch shaft height For correct calf measurements, measure your bare calf at its widest circumference with your foot flat on the ground Vegan leather upper material Textile lining Vegan leather sock Synthetic sole Imported Steve Madden NOTTA BLACK WIDE CALF | 6.5W | Steve Madden Women's Notta Wide Calf Knee High Boots - Black - Size 6.5W - Leather",129.95,129.95,https://cdn.shopify.com/s/files/1/2170/8465/files/STEVEMADDEN_SHOES_NOTTA-W_BLACK01.jpg,Women's Shoes > Boots,Women's Shoes > Boots,03/10/2026,,FALSE,41740253495429,,IN STOCK,,"10.0W, 11.0W, 12.0W, 5.0W, 5.5W, 6.0W, 6.5W, 7.0W, 7.5W, 8.0W, 8.5W, 9.0W, 9.5W",Black,,,172,TRUE,TRUE,FALSE
Steve Madden,7298298478725,7298298478725,7298298478725,Steve Madden Women's Steel Ankle Booties - Brown Distressed - Size 6 - Leather,https://www.stevemadden.com/products/steel-brown-distressed?utm_source=display&utm_medium=programmatic&utm_campaign=performance&utm_content=rtg,"The STEEL BROWN DISTRESSED is an edgy heeled bootie featuring a moto-inspired design with striking buckle details. This versatile style blends attitude with sophistication, offering a sleek silhouette perfect for elevating any outfit. The finish adds character and edge, while the heeled design provides lift and polish. 2.5 inch heel height 12.5 inch shaft circumference 6.25 inch shaft height Leather upper material Unlined Vegan leather sock Synthetic sole Imported Steve Madden STEEL BROWN DISTRESSED | 6 | Steve Madden Women's Steel Ankle Booties - Brown Distressed - Size 6 - Leather","The STEEL BROWN DISTRESSED is an edgy heeled bootie featuring a moto-inspired design with striking buckle details. This versatile style blends attitude with sophistication, offering a sleek silhouette perfect for elevating any outfit. The finish adds character and edge, while the heeled design provides lift and polish. 2.5 inch heel height 12.5 inch shaft circumference 6.25 inch shaft height Leather upper material Unlined Vegan leather sock Synthetic sole Imported Steve Madden STEEL BROWN DISTRESSED | 6 | Steve Madden Women's Steel Ankle Booties - Brown Distressed - Size 6 - Leather",179.95,179.95,https://cdn.shopify.com/s/files/1/2170/8465/files/STEVEMADDEN_SHOES_STEEL_BROWN-DISTRESSED_01_92fdaee1-d44d-422b-9fb3-4a25ba9efa45.jpg,Women's Shoes > Booties,Women's Shoes > Booties,03/10/2026,,FALSE,41741278642309,,IN STOCK,,"10, 11, 6, 7, 8, 9",Brown Distressed,,,173,TRUE,TRUE,FALSE
Steve Madden,7298298544261,7298298544261,7298298544261,Steve Madden Women's Steel Ankle Booties - Black Distressed - Size 6 - Leather,https://www.stevemadden.com/products/steel-black-distressed?utm_source=display&utm_medium=programmatic&utm_campaign=performance&utm_content=rtg,"The STEEL BLACK DISTRESSED is an edgy heeled bootie featuring a moto-inspired design with striking buckle details. This versatile style blends attitude with sophistication, offering a sleek silhouette perfect for elevating any outfit. The finish adds character and edge, while the heeled design provides lift and polish. 2.5 inch heel height 12.5 inch shaft circumference 6.25 inch shaft height Leather upper material Unlined Vegan leather sock Synthetic sole Imported Steve Madden STEEL BLACK DISTRESSED | 6 | Steve Madden Women's Steel Ankle Booties - Black Distressed - Size 6 - Leather","The STEEL BLACK DISTRESSED is an edgy heeled bootie featuring a moto-inspired design with striking buckle details. This versatile style blends attitude with sophistication, offering a sleek silhouette perfect for elevating any outfit. The finish adds character and edge, while the heeled design provides lift and polish. 2.5 inch heel height 12.5 inch shaft circumference 6.25 inch shaft height Leather upper material Unlined Vegan leather sock Synthetic sole Imported Steve Madden STEEL BLACK DISTRESSED | 6 | Steve Madden Women's Steel Ankle Booties - Black Distressed - Size 6 - Leather",179.95,179.95,https://cdn.shopify.com/s/files/1/2170/8465/files/STEVEMADDEN_SHOES_STEEL_BLACK-DISTRESSED_01.jpg,Women's Shoes > Booties,Women's Shoes > Booties,03/10/2026,,FALSE,41741279101061,,IN STOCK,,"10, 11, 6, 7, 8, 9",Black Distressed,,,174,TRUE,TRUE,FALSE
Steve Madden,7298467594373,7298467594373,7298467594373,Steve Madden Women's Static Block Heel Boots - Black Distressed - Size 6 - Leather,https://www.stevemadden.com/products/static-black-distressed?utm_source=display&utm_medium=programmatic&utm_campaign=performance&utm_content=rtg,"Make a bold statement in the STATIC BLACK DISTRESSED boot featuring edgy buckle straps and stud detailing throughout. This moto style pairs effortlessly with everything from skinny jeans to leather pants. Built for attitude and all-day comfort, this is the knee-high boot every style rebel needs in their rotation. 2 inch heel height 15.5 inch shaft circumference 14 inch shaft height Leather upper material Vegan leather Vegan leather Synthetic sole Imported Steve Madden STATIC BLACK DISTRESSED | 6 | Steve Madden Women's Static Block Heel Boots - Black Distressed - Size 6 - Leather","Make a bold statement in the STATIC BLACK DISTRESSED boot featuring edgy buckle straps and stud detailing throughout. This moto style pairs effortlessly with everything from skinny jeans to leather pants. Built for attitude and all-day comfort, this is the knee-high boot every style rebel needs in their rotation. 2 inch heel height 15.5 inch shaft circumference 14 inch shaft height Leather upper material Vegan leather Vegan leather Synthetic sole Imported Steve Madden STATIC BLACK DISTRESSED | 6 | Steve Madden Women's Static Block Heel Boots - Black Distressed - Size 6 - Leather",229.95,229.95,https://cdn.shopify.com/s/files/1/2170/8465/files/STEVEMADDEN_SHOES_STATIC_BLACK-DISTRESSED_01.jpg,Women's Shoes > Boots,Women's Shoes > Boots,03/10/2026,,FALSE,41742049607813,,IN STOCK,,"10, 11, 6, 7, 8, 9",Black Distressed,,,175,TRUE,TRUE,FALSE
Steve Madden,7298468380805,7298468380805,7298468380805,Steve Madden Kids' Teal Booties - Tan - Size 1 - Synthetic,https://www.stevemadden.com/products/jteal-tan?utm_source=display&utm_medium=programmatic&utm_campaign=performance&utm_content=rtg,"The KIDS' TEAL TAN moto ankle boot features eye-catching metallic charms and a scarf chain detail that adds personality to every step. This edgy bootie combines bold style with comfort, perfect for kids who want to make a statement. 1.25 inch heel height 10 inch shaft circumference 5 inch shaft height Synthetic upper material Jersey lining Jersey sock Synthetic sole Imported Steve Madden KIDS' TEAL TAN | 1 | Steve Madden Kids' Teal Booties - Tan - Size 1 - Synthetic","The KIDS' TEAL TAN moto ankle boot features eye-catching metallic charms and a scarf chain detail that adds personality to every step. This edgy bootie combines bold style with comfort, perfect for kids who want to make a statement. 1.25 inch heel height 10 inch shaft circumference 5 inch shaft height Synthetic upper material Jersey lining Jersey sock Synthetic sole Imported Steve Madden KIDS' TEAL TAN | 1 | Steve Madden Kids' Teal Booties - Tan - Size 1 - Synthetic",64.95,64.95,https://cdn.shopify.com/s/files/1/2170/8465/files/STEVEMADDEN_KIDS_JTEAL_TAN_01.jpg,Women's Shoes > Booties,Women's Shoes > Booties,03/10/2026,,FALSE,41742057930885,,IN STOCK,,"1, 13, 2, 3, 4, 5",Tan,,,176,TRUE,TRUE,FALSE
Steve Madden,7298676588677,7298676588677,7298676588677,Steve Madden Women's Semona Vintage Tan Patchwork Block Heel Booties - Tan Multi - Size 6.5 - Leather,https://www.stevemadden.com/products/semona-patch-tan-multi?utm_source=display&utm_medium=programmatic&utm_campaign=performance&utm_content=rtg,"Step into bold style with the SEMONA VINTAGE TAN PATCHWORK ankle boot. This statement piece features a striking design, paired with a round toe silhouette. The platform sole adds stability and modern edge, while the high heel elevates any outfit with effortless sophistication. Perfect for those who dare to stand out, this boot blends retro charm with contemporary flair for a look that's uniquely yours. 6 inch heel height 2.25 inch platform 10 inch shaft circumference 5.75 inch shaft height Leather, suede, and vegan leather upper material Textile lining Vegan leather sock Synthetic sole Imported Steve Madden SEMONA VINTAGE TAN PATCHWORK | Tan Multi | 6.5 | Steve Madden Women's Semona Vintage Tan Patchwork Block Heel Booties - Tan Multi - Size 6.5 - Leather","Step into bold style with the SEMONA VINTAGE TAN PATCHWORK ankle boot. This statement piece features a striking design, paired with a round toe silhouette. The platform sole adds stability and modern edge, while the high heel elevates any outfit with effortless sophistication. Perfect for those who dare to stand out, this boot blends retro charm with contemporary flair for a look that's uniquely yours. 6 inch heel height 2.25 inch platform 10 inch shaft circumference 5.75 inch shaft height Leather, suede, and vegan leather upper material Textile lining Vegan leather sock Synthetic sole Imported Steve Madden SEMONA VINTAGE TAN PATCHWORK | Tan Multi | 6.5 | Steve Madden Women's Semona Vintage Tan Patchwork Block Heel Booties - Tan Multi - Size 6.5 - Leather",199.95,199.95,https://cdn.shopify.com/s/files/1/2170/8465/files/STEVEMADDEN_SHOES_SEMONA-PATCH_TAN-MULTI-SUEDE01.jpg,Women's Shoes > Booties,Women's Shoes > Booties,03/10/2026,,FALSE,41742990606469,,IN STOCK,,"10, 6.5, 7, 7.5, 8, 8.5, 9, 9.5",Tan Multi,,,177,TRUE,TRUE,FALSE
Steve Madden,7298714894469,7298714894469,7298714894469,Steve Madden Women's Evania Block Heel Booties - Chestnut Suede - Size 5 - Leather,https://www.stevemadden.com/products/evania-chestnut-suede?utm_source=display&utm_medium=programmatic&utm_campaign=performance&utm_content=rtg,"The EVANIA CHESTNUT SUEDE ankle boot combines effortless style with wearable comfort. Featuring scrunched detailing along the shaft, dome stud embellishments, and a pointed toe silhouette, this bootie delivers edge and sophistication. The block heel provides stability and all-day wearability, making it an easy go-to for transitional dressing. 3.25 inch heel height 13.5 inch shaft circumference 7 inch shaft height Suede upper material Leather lining Leather sock Synthetic sole Imported Steve Madden EVANIA CHESTNUT SUEDE | 5 | Steve Madden Women's Evania Block Heel Booties - Chestnut Suede - Size 5 - Leather","The EVANIA CHESTNUT SUEDE ankle boot combines effortless style with wearable comfort. Featuring scrunched detailing along the shaft, dome stud embellishments, and a pointed toe silhouette, this bootie delivers edge and sophistication. The block heel provides stability and all-day wearability, making it an easy go-to for transitional dressing. 3.25 inch heel height 13.5 inch shaft circumference 7 inch shaft height Suede upper material Leather lining Leather sock Synthetic sole Imported Steve Madden EVANIA CHESTNUT SUEDE | 5 | Steve Madden Women's Evania Block Heel Booties - Chestnut Suede - Size 5 - Leather",229.95,229.95,https://cdn.shopify.com/s/files/1/2170/8465/files/STEVEMADDEN_SHOES_EVANIA_CHESTNUT-SUEDE_01.jpg,Women's Shoes > Booties,Women's Shoes > Booties,03/10/2026,,FALSE,41743208448133,,IN STOCK,,"10, 11, 5, 6, 7, 8, 9",Chestnut Suede,,,178,TRUE,TRUE,FALSE
Steve Madden,7298714927237,7298714927237,7298714927237,Steve Madden Women's Evania Block Heel Booties - Grey Suede - Size 5 - Leather,https://www.stevemadden.com/products/evania-grey-suede?utm_source=display&utm_medium=programmatic&utm_campaign=performance&utm_content=rtg,"The EVANIA GREY SUEDE ankle boot combines effortless style with wearable comfort. Featuring scrunched detailing along the shaft, dome stud embellishments, and a pointed toe silhouette, this bootie delivers edge and sophistication. The block heel provides stability and all-day wearability, making it an easy go-to for transitional dressing. 3.25 inch heel height 13.5 inch shaft circumference 7 inch shaft height Suede upper material Leather lining Leather sock Synthetic sole Imported Steve Madden EVANIA GREY SUEDE | 5 | Steve Madden Women's Evania Block Heel Booties - Grey Suede - Size 5 - Leather","The EVANIA GREY SUEDE ankle boot combines effortless style with wearable comfort. Featuring scrunched detailing along the shaft, dome stud embellishments, and a pointed toe silhouette, this bootie delivers edge and sophistication. The block heel provides stability and all-day wearability, making it an easy go-to for transitional dressing. 3.25 inch heel height 13.5 inch shaft circumference 7 inch shaft height Suede upper material Leather lining Leather sock Synthetic sole Imported Steve Madden EVANIA GREY SUEDE | 5 | Steve Madden Women's Evania Block Heel Booties - Grey Suede - Size 5 - Leather",229.95,229.95,https://cdn.shopify.com/s/files/1/2170/8465/files/STEVEMADDEN_SHOES_EVANIA_GREY-SUEDE_01.jpg,Women's Shoes > Booties,Women's Shoes > Booties,03/10/2026,,FALSE,41743208874117,,IN STOCK,,"10, 11, 5, 6, 7, 8, 9",Grey Suede,,,179,TRUE,TRUE,FALSE
Steve Madden,7298715254917,7298715254917,7298715254917,Steve Madden Women's Caro Block Heel Booties - Blue - Size 5 - Leather,https://www.stevemadden.com/products/caro-blue-leather?utm_source=display&utm_medium=programmatic&utm_campaign=performance&utm_content=rtg,"The CARO BLUE LEATHER features the distinctive tabi split-toe silhouette, offering a modern aesthetic with functional comfort. A sturdy block heel provides stable support throughout the day while maintaining a sleek profile. This bootie seamlessly combines elevated style with everyday versatility. 3 inch heel height 9.75 inch shaft circumference 5.75 inch shaft height Leather upper material Textile lining Vegan leather sock Synthetic sole Imported Steve Madden CARO BLUE LEATHER | 5 | Steve Madden Women's Caro Block Heel Booties - Blue - Size 5 - Leather","The CARO BLUE LEATHER features the distinctive tabi split-toe silhouette, offering a modern aesthetic with functional comfort. A sturdy block heel provides stable support throughout the day while maintaining a sleek profile. This bootie seamlessly combines elevated style with everyday versatility. 3 inch heel height 9.75 inch shaft circumference 5.75 inch shaft height Leather upper material Textile lining Vegan leather sock Synthetic sole Imported Steve Madden CARO BLUE LEATHER | 5 | Steve Madden Women's Caro Block Heel Booties - Blue - Size 5 - Leather",169.95,169.95,https://cdn.shopify.com/s/files/1/2170/8465/files/STEVEMADDEN_SHOES_CARO_BLUE-LEATHER02.jpg,Women's Shoes > Booties,Women's Shoes > Booties,03/10/2026,,FALSE,41743213035653,,IN STOCK,,"5, 6, 7, 8",Blue,,,180,TRUE,TRUE,FALSE
Steve Madden,7298715287685,7298715287685,7298715287685,Steve Madden Women's Caro Block Heel Booties - Pink - Size 5 - Leather,https://www.stevemadden.com/products/caro-pink-leather?utm_source=display&utm_medium=programmatic&utm_campaign=performance&utm_content=rtg,"The CARO PINK LEATHER features the distinctive tabi split-toe silhouette, offering a modern aesthetic with functional comfort. A sturdy block heel provides stable support throughout the day while maintaining a sleek profile. This bootie seamlessly combines elevated style with everyday versatility. 3 inch heel height 9.75 inch shaft circumference 5.75 inch shaft height Leather upper material Textile lining Vegan leather sock Synthetic sole Imported Steve Madden CARO PINK LEATHER | 5 | Steve Madden Women's Caro Block Heel Booties - Pink - Size 5 - Leather","The CARO PINK LEATHER features the distinctive tabi split-toe silhouette, offering a modern aesthetic with functional comfort. A sturdy block heel provides stable support throughout the day while maintaining a sleek profile. This bootie seamlessly combines elevated style with everyday versatility. 3 inch heel height 9.75 inch shaft circumference 5.75 inch shaft height Leather upper material Textile lining Vegan leather sock Synthetic sole Imported Steve Madden CARO PINK LEATHER | 5 | Steve Madden Women's Caro Block Heel Booties - Pink - Size 5 - Leather",169.95,169.95,https://cdn.shopify.com/s/files/1/2170/8465/files/STEVEMADDEN_SHOES_CARO_PINK-LEATHER02.jpg,Women's Shoes > Booties,Women's Shoes > Booties,03/10/2026,,FALSE,41743213461637,,IN STOCK,,"10, 5, 6, 7, 8, 9",Pink,,,181,TRUE,TRUE,FALSE
Steve Madden,7298715353221,7298715353221,7298715353221,Steve Madden Women's Denis Ankle Booties - Brown Distressed - Size 6 - Leather,https://www.stevemadden.com/products/denis-brown-distressed?utm_source=display&utm_medium=programmatic&utm_campaign=performance&utm_content=rtg,"The DENIS BROWN DISTRESSED is a sleek moto-inspired ankle bootie designed with edgy buckle details that add attitude to any outfit. This versatile style transitions seamlessly from day to night, offering a bold silhouette that works with everything from jeans to dresses. The buckle accent elevates the aesthetic, making it a statement piece for those who want to stand out. 1.25 inch heel height 12.5 inch shaft circumference 7.25 inch shaft height Leather upper material Unlined Synthetic sock Synthetic sole Imported Steve Madden DENIS BROWN DISTRESSED | 6 | Steve Madden Women's Denis Ankle Booties - Brown Distressed - Size 6 - Leather","The DENIS BROWN DISTRESSED is a sleek moto-inspired ankle bootie designed with edgy buckle details that add attitude to any outfit. This versatile style transitions seamlessly from day to night, offering a bold silhouette that works with everything from jeans to dresses. The buckle accent elevates the aesthetic, making it a statement piece for those who want to stand out. 1.25 inch heel height 12.5 inch shaft circumference 7.25 inch shaft height Leather upper material Unlined Synthetic sock Synthetic sole Imported Steve Madden DENIS BROWN DISTRESSED | 6 | Steve Madden Women's Denis Ankle Booties - Brown Distressed - Size 6 - Leather",179.95,179.95,https://cdn.shopify.com/s/files/1/2170/8465/files/STEVEMADDEN_SHOES_DENNIS_BROWN-LEATHER_01.jpg,Women's Shoes > Booties,Women's Shoes > Booties,03/10/2026,,FALSE,41743214182533,,IN STOCK,,"6, 6.5, 7, 7.5, 8, 9, 9.5",Brown Distressed,,,182,TRUE,TRUE,FALSE
Steve Madden,7298715385989,7298715385989,7298715385989,Steve Madden Women's Denis Ankle Booties - Black - Size 6 - Leather,https://www.stevemadden.com/products/denis-black-leather?utm_source=display&utm_medium=programmatic&utm_campaign=performance&utm_content=rtg,"The DENIS BLACK LEATHER is a sleek moto-inspired ankle bootie designed with edgy buckle details that add attitude to any outfit. This versatile style transitions seamlessly from day to night, offering a bold silhouette that works with everything from jeans to dresses. The buckle accent elevates the aesthetic, making it a statement piece for those who want to stand out. 1.25 inch heel height 12.5 inch shaft circumference 7.25 inch shaft height Leather upper material Unlined Synthetic sock Synthetic sole Imported Steve Madden DENIS BLACK LEATHER | 6 | Steve Madden Women's Denis Ankle Booties - Black - Size 6 - Leather","The DENIS BLACK LEATHER is a sleek moto-inspired ankle bootie designed with edgy buckle details that add attitude to any outfit. This versatile style transitions seamlessly from day to night, offering a bold silhouette that works with everything from jeans to dresses. The buckle accent elevates the aesthetic, making it a statement piece for those who want to stand out. 1.25 inch heel height 12.5 inch shaft circumference 7.25 inch shaft height Leather upper material Unlined Synthetic sock Synthetic sole Imported Steve Madden DENIS BLACK LEATHER | 6 | Steve Madden Women's Denis Ankle Booties - Black - Size 6 - Leather",179.95,179.95,https://cdn.shopify.com/s/files/1/2170/8465/files/STEVEMADDEN_SHOES_DENNIS_BLACK-LEATHER_01.jpg,Women's Shoes > Booties,Women's Shoes > Booties,03/10/2026,,FALSE,41743214575749,,IN STOCK,,"6, 6.5, 7, 7.5, 8, 8.5, 9, 9.5",Black,,,183,TRUE,TRUE,FALSE
Steve Madden,7300083155077,7300083155077,7300083155077,Steve Madden Women's Yuna Lace-Up Booties - Black - Size 6 - Leather,https://www.stevemadden.com/products/yuna-black-leather?utm_source=display&utm_medium=programmatic&utm_campaign=performance&utm_content=rtg,"The YUNA BLACK LEATHER is a lace-up ankle boot that combines edgy style with everyday wearability. This versatile bootie pairs effortlessly with dresses, jeans, or skirts. The ankle-height cut provides support and comfort, while the combat boot aesthetic adds an instant edge to any outfit. Perfect for transitioning from day to night, this shoe delivers both attitude and practicality. 1.5 inch heel height 10.25 inch shaft circumference 7.25 inch shaft height Leather upper material with hardware Vegan leather lining Vegan leather sock Synthetic sole Imported Steve Madden YUNA BLACK LEATHER | 6 | Steve Madden Women's Yuna Lace-Up Booties - Black - Size 6 - Leather","The YUNA BLACK LEATHER is a lace-up ankle boot that combines edgy style with everyday wearability. This versatile bootie pairs effortlessly with dresses, jeans, or skirts. The ankle-height cut provides support and comfort, while the combat boot aesthetic adds an instant edge to any outfit. Perfect for transitioning from day to night, this shoe delivers both attitude and practicality. 1.5 inch heel height 10.25 inch shaft circumference 7.25 inch shaft height Leather upper material with hardware Vegan leather lining Vegan leather sock Synthetic sole Imported Steve Madden YUNA BLACK LEATHER | 6 | Steve Madden Women's Yuna Lace-Up Booties - Black - Size 6 - Leather",149.95,149.95,https://cdn.shopify.com/s/files/1/2170/8465/files/STEVEMADDEN_SHOES_YUNA_BLACK-LEATHER_01.jpg,Women's Shoes > Booties,Women's Shoes > Booties,03/10/2026,,FALSE,41748850802821,,IN STOCK,,"10, 6, 6.5, 7, 7.5, 8, 8.5, 9, 9.5",Black,,,184,TRUE,TRUE,FALSE
Steve Madden,7300083548293,7300083548293,7300083548293,Steve Madden Women's Delmira Block Heel Boots - Black - Size 6 - Leather,https://www.stevemadden.com/products/delmira-black-leather?utm_source=display&utm_medium=programmatic&utm_campaign=performance&utm_content=rtg,"The DELMIRA BLACK LEATHER is an over-the-knee boot featuring edgy studded detailing that commands attention. Built on a sturdy wood platform sole with a block heel, this style delivers both attitude and stability for all-day wear. The sleek construction pairs effortlessly with dresses, skirts, or fitted pants for a bold, fashion-forward look. 5.25 inch heel height 1.5 inch platform 15.5 inch shaft circumference 22 inch shaft height Leather upper material Vegan leather and textile lining Vegan leather sock Synthetic sole Imported Steve Madden DELMIRA BLACK LEATHER | 6 | Steve Madden Women's Delmira Block Heel Boots - Black - Size 6 - Leather","The DELMIRA BLACK LEATHER is an over-the-knee boot featuring edgy studded detailing that commands attention. Built on a sturdy wood platform sole with a block heel, this style delivers both attitude and stability for all-day wear. The sleek construction pairs effortlessly with dresses, skirts, or fitted pants for a bold, fashion-forward look. 5.25 inch heel height 1.5 inch platform 15.5 inch shaft circumference 22 inch shaft height Leather upper material Vegan leather and textile lining Vegan leather sock Synthetic sole Imported Steve Madden DELMIRA BLACK LEATHER | 6 | Steve Madden Women's Delmira Block Heel Boots - Black - Size 6 - Leather",289.95,289.95,https://cdn.shopify.com/s/files/1/2170/8465/files/STEVEMADDEN_SHOES_DELMIRA_BLACK-LEATHER_01.jpg,Women's Shoes > Boots,Women's Shoes > Boots,03/10/2026,,FALSE,41748854145157,,IN STOCK,,"6, 7, 8",Black,,,185,TRUE,TRUE,FALSE
Steve Madden,7300444848261,7300444848261,7300444848261,Steve Madden Women's Misty Ankle Booties - Light Pink - Size 6 - Faux Fur,https://www.stevemadden.com/products/misty-light-pink?utm_source=display&utm_medium=programmatic&utm_campaign=performance&utm_content=rtg,"The MISTY LIGHT PINK is a hidden wedge bootie that combines style with comfort. This ankle boot features luxurious faux fur detailing that adds warmth and texture to any cold-weather outfit. The concealed wedge provides subtle lift while maintaining an elegant silhouette, making it perfect for all-day wear. Versatile enough for casual settings or dressed-up occasions, this bootie is an essential addition to your footwear collection. 2.5 inch hidden wedge 13 inch shaft circumference 5 inch shaft height Faux fur upper material Faux fur lining Faux fur sock Synthetic sole Imported Steve Madden MISTY LIGHT PINK | 6 | Steve Madden Women's Misty Ankle Booties - Light Pink - Size 6 - Faux Fur","The MISTY LIGHT PINK is a hidden wedge bootie that combines style with comfort. This ankle boot features luxurious faux fur detailing that adds warmth and texture to any cold-weather outfit. The concealed wedge provides subtle lift while maintaining an elegant silhouette, making it perfect for all-day wear. Versatile enough for casual settings or dressed-up occasions, this bootie is an essential addition to your footwear collection. 2.5 inch hidden wedge 13 inch shaft circumference 5 inch shaft height Faux fur upper material Faux fur lining Faux fur sock Synthetic sole Imported Steve Madden MISTY LIGHT PINK | 6 | Steve Madden Women's Misty Ankle Booties - Light Pink - Size 6 - Faux Fur",99.95,99.95,https://cdn.shopify.com/s/files/1/2170/8465/files/STEVEMADDEN_SHOES_MISTY_LT-PINK-FUR01.jpg,Women's Shoes > Booties,Women's Shoes > Booties,03/10/2026,,FALSE,41751674454149,,IN STOCK,,"10, 11, 6, 6.5, 7, 7.5, 8, 8.5, 9, 9.5",Light Pink,,,186,TRUE,TRUE,FALSE
Steve Madden,7300445569157,7300445569157,7300445569157,Steve Madden Women's Misty Ankle Booties - Brown Multi - Size 5 - Faux Fur,https://www.stevemadden.com/products/misty-brown-multi?utm_source=display&utm_medium=programmatic&utm_campaign=performance&utm_content=rtg,"The MISTY BROWN MULTI is a hidden wedge bootie that combines style with comfort. This ankle boot features luxurious faux fur detailing that adds warmth and texture to any cold-weather outfit. The concealed wedge provides subtle lift while maintaining an elegant silhouette, making it perfect for all-day wear. Versatile enough for casual settings or dressed-up occasions, this bootie is an essential addition to your footwear collection. 2.5 inch hidden wedge 13 inch shaft circumference 5 inch shaft height Faux fur upper material Faux fur lining Faux fur sock Synthetic sole Imported Steve Madden MISTY BROWN MULTI | 5 | Steve Madden Women's Misty Ankle Booties - Brown Multi - Size 5 - Faux Fur","The MISTY BROWN MULTI is a hidden wedge bootie that combines style with comfort. This ankle boot features luxurious faux fur detailing that adds warmth and texture to any cold-weather outfit. The concealed wedge provides subtle lift while maintaining an elegant silhouette, making it perfect for all-day wear. Versatile enough for casual settings or dressed-up occasions, this bootie is an essential addition to your footwear collection. 2.5 inch hidden wedge 13 inch shaft circumference 5 inch shaft height Faux fur upper material Faux fur lining Faux fur sock Synthetic sole Imported Steve Madden MISTY BROWN MULTI | 5 | Steve Madden Women's Misty Ankle Booties - Brown Multi - Size 5 - Faux Fur",99.95,99.95,https://cdn.shopify.com/s/files/1/2170/8465/files/STEVEMADDEN_SHOES_MISTY_BROWN-FUR01.jpg,Women's Shoes > Booties,Women's Shoes > Booties,03/10/2026,,FALSE,41751675961477,,IN STOCK,,"10, 11, 5, 5.5, 6, 6.5, 7, 7.5, 8, 8.5, 9, 9.5",Brown Multi,,,187,TRUE,TRUE,FALSE
Steve Madden,7301313593477,7301313593477,7301313593477,Steve Madden Women's Shermonth2O Ankle Booties - Black - Size 6 - Leather,https://www.stevemadden.com/products/shermonth2o-black-leather?utm_source=display&utm_medium=programmatic&utm_campaign=performance&utm_content=rtg,"The SHERMONTH2O BLACK LEATHER is a water-resistant bootie designed for everyday wear. This sleek ankle boot combines a sturdy lug sole with a modern platform silhouette, delivering both durability and style. Perfect for transitional seasons, this versatile shoe pairs effortlessly with casual or dressed-up looks. The Chelsea construction ensures easy on-and-off convenience without sacrificing a refined fit. 2.25 inch heel height 10 inch shaft circumference 5.75 inch shaft height Leather and textile upper material Textile and vegan leather lining Vegan leather sock Synthetic sole Imported Steve Madden SHERMONTH2O BLACK LEATHER | 6 | Steve Madden Women's Shermonth2O Ankle Booties - Black - Size 6 - Leather","The SHERMONTH2O BLACK LEATHER is a water-resistant bootie designed for everyday wear. This sleek ankle boot combines a sturdy lug sole with a modern platform silhouette, delivering both durability and style. Perfect for transitional seasons, this versatile shoe pairs effortlessly with casual or dressed-up looks. The Chelsea construction ensures easy on-and-off convenience without sacrificing a refined fit. 2.25 inch heel height 10 inch shaft circumference 5.75 inch shaft height Leather and textile upper material Textile and vegan leather lining Vegan leather sock Synthetic sole Imported Steve Madden SHERMONTH2O BLACK LEATHER | 6 | Steve Madden Women's Shermonth2O Ankle Booties - Black - Size 6 - Leather",149.95,149.95,https://cdn.shopify.com/s/files/1/2170/8465/files/STEVEMADDEN_SHOES_SHERMONTH20_BLACK-LEATHER01.jpg,Women's Shoes > Booties,Women's Shoes > Booties,03/10/2026,,FALSE,41754235535493,,IN STOCK,,"10, 6, 6.5, 7, 7.5, 8, 8.5, 9, 9.5",Black,,,188,TRUE,TRUE,FALSE
Steve Madden,7304464040069,7304464040069,7304464040069,Steve Madden Women's Buffy Lace-Up Booties - Brown - Size 6 - Leather,https://www.stevemadden.com/products/buffy-brown-leather?utm_source=display&utm_medium=programmatic&utm_campaign=performance&utm_content=rtg,"The BUFFY BROWN LEATHER combat bootie delivers style with a refined edge. This ankle-height lace-up features a structured silhouette that commands attention, whether styled with edgy outfits or denim. The secure lacing system ensures a customizable fit, while the platform sole adds both visual impact and practical elevation. Built for those who appreciate bold footwear that transitions seamlessly from day to night, this bootie combines attitude with versatility. 2.75 inch heel height 10.75 inch shaft circumference 6 inch shaft height Leather upper material Vegan leather lining Vegan leather sock Synthetic sole Imported Steve Madden BUFFY BROWN LEATHER | 6 | Steve Madden Women's Buffy Lace-Up Booties - Brown - Size 6 - Leather","The BUFFY BROWN LEATHER combat bootie delivers style with a refined edge. This ankle-height lace-up features a structured silhouette that commands attention, whether styled with edgy outfits or denim. The secure lacing system ensures a customizable fit, while the platform sole adds both visual impact and practical elevation. Built for those who appreciate bold footwear that transitions seamlessly from day to night, this bootie combines attitude with versatility. 2.75 inch heel height 10.75 inch shaft circumference 6 inch shaft height Leather upper material Vegan leather lining Vegan leather sock Synthetic sole Imported Steve Madden BUFFY BROWN LEATHER | 6 | Steve Madden Women's Buffy Lace-Up Booties - Brown - Size 6 - Leather",99.95,99.95,https://cdn.shopify.com/s/files/1/2170/8465/files/STEVEMADDEN_SHOES_BUFFY_BROWN-LEATHER_01.jpg,Women's Shoes > Booties,Women's Shoes > Booties,03/10/2026,,FALSE,41760906117253,,IN STOCK,,"10, 6, 6.5, 7, 7.5, 8, 8.5, 9, 9.5",Brown,,,189,TRUE,TRUE,FALSE
Steve Madden,7304464072837,7304464072837,7304464072837,Steve Madden Women's Buffy Lace-Up Booties - Black - Size 5 - Leather,https://www.stevemadden.com/products/buffy-black-leather1?utm_source=display&utm_medium=programmatic&utm_campaign=performance&utm_content=rtg,"The BUFFY BLACK LEATHER combat bootie delivers style with a refined edge. This ankle-height lace-up features a structured silhouette that commands attention, whether styled with edgy outfits or denim. The secure lacing system ensures a customizable fit, while the platform sole adds both visual impact and practical elevation. Built for those who appreciate bold footwear that transitions seamlessly from day to night, this bootie combines attitude with versatility. 2.75 inch heel height 10.75 inch shaft circumference 6 inch shaft height Leather upper material Vegan leather lining Vegan leather sock Synthetic sole Imported Steve Madden BUFFY BLACK LEATHER | 5 | Steve Madden Women's Buffy Lace-Up Booties - Black - Size 5 - Leather","The BUFFY BLACK LEATHER combat bootie delivers style with a refined edge. This ankle-height lace-up features a structured silhouette that commands attention, whether styled with edgy outfits or denim. The secure lacing system ensures a customizable fit, while the platform sole adds both visual impact and practical elevation. Built for those who appreciate bold footwear that transitions seamlessly from day to night, this bootie combines attitude with versatility. 2.75 inch heel height 10.75 inch shaft circumference 6 inch shaft height Leather upper material Vegan leather lining Vegan leather sock Synthetic sole Imported Steve Madden BUFFY BLACK LEATHER | 5 | Steve Madden Women's Buffy Lace-Up Booties - Black - Size 5 - Leather",99.95,99.95,https://cdn.shopify.com/s/files/1/2170/8465/files/STEVEMADDEN_SHOES_BUFFY_BLACK-LEATHER_01.jpg,Women's Shoes > Booties,Women's Shoes > Booties,03/10/2026,,FALSE,41760906477701,,IN STOCK,,"10, 11, 12, 5, 5.5, 6, 6.5, 7, 7.5, 8, 8.5, 9, 9.5",Black,,,190,TRUE,TRUE,FALSE
Steve Madden,7305457303685,7305457303685,7305457303685,Steve Madden Women's Cecil Ankle Booties - Black Suede - Size 6 - Leather,https://www.stevemadden.com/products/cecil-black-suede?utm_source=display&utm_medium=programmatic&utm_campaign=performance&utm_content=rtg,"The CECIL BLACK SUEDE is a versatile ankle boot designed for everyday wear and special occasions alike. This sleek bootie features a comfortable wedge heel that provides both style and stability, making it easy to transition from day to night. The platform construction offers a sophisticated, timeless look that pairs effortlessly with dresses, jeans, or professional attire. Perfect for adding an elevated touch to any outfit. 5 inch heel height 2 inch platform 9.5 inch shaft circumference 6 inch shaft height Suede upper material Vegan leather lining Vegan leather sock Synthetic sole Imported Steve Madden CECIL BLACK SUEDE | 6 | Steve Madden Women's Cecil Ankle Booties - Black Suede - Size 6 - Leather","The CECIL BLACK SUEDE is a versatile ankle boot designed for everyday wear and special occasions alike. This sleek bootie features a comfortable wedge heel that provides both style and stability, making it easy to transition from day to night. The platform construction offers a sophisticated, timeless look that pairs effortlessly with dresses, jeans, or professional attire. Perfect for adding an elevated touch to any outfit. 5 inch heel height 2 inch platform 9.5 inch shaft circumference 6 inch shaft height Suede upper material Vegan leather lining Vegan leather sock Synthetic sole Imported Steve Madden CECIL BLACK SUEDE | 6 | Steve Madden Women's Cecil Ankle Booties - Black Suede - Size 6 - Leather",159.95,159.95,https://cdn.shopify.com/s/files/1/2170/8465/files/STEVEMADDEN_SHOES_CECILA_BLACK_01.jpg,Women's Shoes > Booties,Women's Shoes > Booties,03/10/2026,,FALSE,41764178690181,,IN STOCK,,"10, 6, 6.5, 7, 7.5, 8, 8.5, 9, 9.5",Black Suede,,,191,TRUE,TRUE,FALSE
Steve Madden,7305457336453,7305457336453,7305457336453,Steve Madden Women's Marelyn Wide Calf Lace-Up Boots - Olive Multi - Size 7.5W - Leather,https://www.stevemadden.com/products/marelyn-w-olive-multi?utm_source=display&utm_medium=programmatic&utm_campaign=performance&utm_content=rtg,"The MARELYN OLIVE MULTI WIDE CALF is a striking knee-high boot designed for bold style. Featuring a pointed toe and lace-up closure, this stiletto boot combines classic elegance with modern edge. The sleek silhouette and elevated heel create a sophisticated look perfect for any occasion, from evening wear to statement-making everyday style. 4 inch heel height 16.5 inch shaft circumference 15.25 inch shaft height Leather and vegan leather upper material Textile lining Vegan leather sock Synthetic sole Imported Steve Madden MARELYN OLIVE MULTI WIDE CALF | 7.5W | Steve Madden Women's Marelyn Wide Calf Lace-Up Boots - Olive Multi - Size 7.5W - Leather","The MARELYN OLIVE MULTI WIDE CALF is a striking knee-high boot designed for bold style. Featuring a pointed toe and lace-up closure, this stiletto boot combines classic elegance with modern edge. The sleek silhouette and elevated heel create a sophisticated look perfect for any occasion, from evening wear to statement-making everyday style. 4 inch heel height 16.5 inch shaft circumference 15.25 inch shaft height Leather and vegan leather upper material Textile lining Vegan leather sock Synthetic sole Imported Steve Madden MARELYN OLIVE MULTI WIDE CALF | 7.5W | Steve Madden Women's Marelyn Wide Calf Lace-Up Boots - Olive Multi - Size 7.5W - Leather",249.95,249.95,https://cdn.shopify.com/s/files/1/2170/8465/files/STEVEMADDEN_SHOES_MARELYN-W_OLIVE-MULTI_01_013b2065-ef50-44c2-ba35-6caa3b25389e.jpg,Women's Shoes > Boots,Women's Shoes > Boots,03/10/2026,,FALSE,41764179050629,,IN STOCK,,"6.0W, 6.5W, 7.0W, 7.5W, 8.0W, 9.0W, 9.5W",Olive Multi,,,192,TRUE,TRUE,FALSE
Steve Madden,7307477287045,7307477287045,7307477287045,Steve Madden Women's Amias Knee High Boots - Tan Suede - Size 6 - Leather,https://www.stevemadden.com/products/amias-tan-suede?utm_source=display&utm_medium=programmatic&utm_campaign=performance&utm_content=rtg,"The AMIAS TAN SUEDE is a knee-high boot with a square toe that delivers bold, contemporary style. Crafted for modern wardrobes, this silhouette pairs effortlessly with dresses, jeans, or tailored pieces. 1 inch heel height 14 inch shaft circumference 15 inch shaft height Suede upper material Vegan leather and textile lining Vegan leather and textile sock Synthetic sole Imported Steve Madden AMIAS TAN SUEDE | 6 | Steve Madden Women's Amias Knee High Boots - Tan Suede - Size 6 - Leather","The AMIAS TAN SUEDE is a knee-high boot with a square toe that delivers bold, contemporary style. Crafted for modern wardrobes, this silhouette pairs effortlessly with dresses, jeans, or tailored pieces. 1 inch heel height 14 inch shaft circumference 15 inch shaft height Suede upper material Vegan leather and textile lining Vegan leather and textile sock Synthetic sole Imported Steve Madden AMIAS TAN SUEDE | 6 | Steve Madden Women's Amias Knee High Boots - Tan Suede - Size 6 - Leather",179.95,179.95,https://cdn.shopify.com/s/files/1/2170/8465/files/STEVEMADDEN_SHOES_AMIAS_SADDLE-SUEDE01.jpg,Women's Shoes > Boots,Women's Shoes > Boots,03/10/2026,,FALSE,41771061248133,,IN STOCK,,"10, 6, 6.5, 7, 7.5, 8, 8.5, 9, 9.5",Tan Suede,,,193,TRUE,TRUE,FALSE
Steve Madden,7307477319813,7307477319813,7307477319813,Steve Madden Women's Amias Knee High Boots - Black Suede - Size 6 - Leather,https://www.stevemadden.com/products/amias-black-suede?utm_source=display&utm_medium=programmatic&utm_campaign=performance&utm_content=rtg,"The AMIAS BLACK SUEDE is a knee-high boot with a square toe that delivers bold, contemporary style. Crafted for modern wardrobes, this silhouette pairs effortlessly with dresses, jeans, or tailored pieces. 1 inch heel height 14 inch shaft circumference 15 inch shaft height Suede upper material Vegan leather and textile lining Vegan leather and textile sock Synthetic sole Imported Steve Madden AMIAS BLACK SUEDE | 6 | Steve Madden Women's Amias Knee High Boots - Black Suede - Size 6 - Leather","The AMIAS BLACK SUEDE is a knee-high boot with a square toe that delivers bold, contemporary style. Crafted for modern wardrobes, this silhouette pairs effortlessly with dresses, jeans, or tailored pieces. 1 inch heel height 14 inch shaft circumference 15 inch shaft height Suede upper material Vegan leather and textile lining Vegan leather and textile sock Synthetic sole Imported Steve Madden AMIAS BLACK SUEDE | 6 | Steve Madden Women's Amias Knee High Boots - Black Suede - Size 6 - Leather",179.95,179.95,https://cdn.shopify.com/s/files/1/2170/8465/files/STEVEMADDEN_SHOES_AMIAS_BLACK-SUEDE01.jpg,Women's Shoes > Boots,Women's Shoes > Boots,03/10/2026,,FALSE,41771061674117,,IN STOCK,,"10, 11, 6, 6.5, 7, 7.5, 8, 8.5, 9, 9.5",Black Suede,,,194,TRUE,TRUE,FALSE
Steve Madden,7307985911941,7307985911941,7307985911941,Steve Madden Women's Ridge Platform Boots - Black - Size 5 - Leather,https://www.stevemadden.com/products/ridge-black-leather?utm_source=display&utm_medium=programmatic&utm_campaign=performance&utm_content=rtg,"The RIDGE BLACK LEATHER is a versatile boot built for everyday wear. Featuring a round toe silhouette, this style delivers both comfort and visual appeal. Striking stud detailing adds an edgy accent that elevates the classic boot aesthetic. A reliable choice for those seeking quality footwear with modern edge. 1.5 inch heel height 13.75 inch shaft circumference 11.5 inch shaft height Leather upper material Vegan leather lining Leather sock Synthetic sole Imported Steve Madden RIDGE BLACK LEATHER | 5 | Steve Madden Women's Ridge Platform Boots - Black - Size 5 - Leather","The RIDGE BLACK LEATHER is a versatile boot built for everyday wear. Featuring a round toe silhouette, this style delivers both comfort and visual appeal. Striking stud detailing adds an edgy accent that elevates the classic boot aesthetic. A reliable choice for those seeking quality footwear with modern edge. 1.5 inch heel height 13.75 inch shaft circumference 11.5 inch shaft height Leather upper material Vegan leather lining Leather sock Synthetic sole Imported Steve Madden RIDGE BLACK LEATHER | 5 | Steve Madden Women's Ridge Platform Boots - Black - Size 5 - Leather",229.95,229.95,https://cdn.shopify.com/s/files/1/2170/8465/files/STEVEMADDEN_SHOES_RIDGE_BLACK-LEATHER_01.jpg,Women's Shoes > Boots,Women's Shoes > Boots,03/10/2026,,FALSE,41774275068037,,IN STOCK,,"10, 11, 5, 6, 7, 8, 9",Black,,,195,TRUE,TRUE,FALSE
Steve Madden,7307985944709,7307985944709,7307985944709,Steve Madden Women's Ridge Platform Boots - Chestnut Suede - Size 5 - Leather,https://www.stevemadden.com/products/ridge-chestnut-suede?utm_source=display&utm_medium=programmatic&utm_campaign=performance&utm_content=rtg,"The RIDGE CHESTNUT SUEDE is a versatile boot built for everyday wear. Featuring a round toe silhouette, this style delivers both comfort and visual appeal. Striking stud detailing adds an edgy accent that elevates the classic boot aesthetic. A reliable choice for those seeking quality footwear with modern edge. 1.5 inch heel height 13.75 inch shaft circumference 11.5 inch shaft height Suede upper material Vegan leather lining Leather sock Synthetic sole Imported Steve Madden RIDGE CHESTNUT SUEDE | 5 | Steve Madden Women's Ridge Platform Boots - Chestnut Suede - Size 5 - Leather","The RIDGE CHESTNUT SUEDE is a versatile boot built for everyday wear. Featuring a round toe silhouette, this style delivers both comfort and visual appeal. Striking stud detailing adds an edgy accent that elevates the classic boot aesthetic. A reliable choice for those seeking quality footwear with modern edge. 1.5 inch heel height 13.75 inch shaft circumference 11.5 inch shaft height Suede upper material Vegan leather lining Leather sock Synthetic sole Imported Steve Madden RIDGE CHESTNUT SUEDE | 5 | Steve Madden Women's Ridge Platform Boots - Chestnut Suede - Size 5 - Leather",229.95,229.95,https://cdn.shopify.com/s/files/1/2170/8465/files/STEVEMADDEN_SHOES_RIDGE_CHESTNUT-SUEDE_01.jpg,Women's Shoes > Boots,Women's Shoes > Boots,03/10/2026,,FALSE,41774275330181,,IN STOCK,,"10, 11, 5, 6, 7, 8, 9",Chestnut Suede,,,196,TRUE,TRUE,FALSE
Steve Madden,7307986075781,7307986075781,7307986075781,Steve Madden Women's Tinsley Knee High Boots - Black - Size 7.5 - Leather,https://www.stevemadden.com/products/tinsley-black-leather?utm_source=display&utm_medium=programmatic&utm_campaign=performance&utm_content=rtg,"The TINSLEY BLACK LEATHER is a knee-high boot featuring a sophisticated pointed toe design. Crafted for modern elegance, this boot combines timeless style with contemporary edge. The sleek silhouette elongates the leg while the pointed toe adds sharp definition to any outfit. Perfect for transitioning from day to night, this versatile boot pairs effortlessly with dresses, skirts, and tailored trousers. 3 inch heel height 15.25 inch shaft circumference 15 inch shaft height Leather upper material Textile lining Vegan leather sock Synthetic sole Imported Steve Madden TINSLEY BLACK LEATHER | 7.5 | Steve Madden Women's Tinsley Knee High Boots - Black - Size 7.5 - Leather","The TINSLEY BLACK LEATHER is a knee-high boot featuring a sophisticated pointed toe design. Crafted for modern elegance, this boot combines timeless style with contemporary edge. The sleek silhouette elongates the leg while the pointed toe adds sharp definition to any outfit. Perfect for transitioning from day to night, this versatile boot pairs effortlessly with dresses, skirts, and tailored trousers. 3 inch heel height 15.25 inch shaft circumference 15 inch shaft height Leather upper material Textile lining Vegan leather sock Synthetic sole Imported Steve Madden TINSLEY BLACK LEATHER | 7.5 | Steve Madden Women's Tinsley Knee High Boots - Black - Size 7.5 - Leather",199.95,199.95,https://cdn.shopify.com/s/files/1/2170/8465/files/STEVEMADDEN_SHOES_TINSLEY_BLACK-LEATHER_01.jpg,Women's Shoes > Boots,Women's Shoes > Boots,03/10/2026,,FALSE,41774275952773,,IN STOCK,,"7.5, 8",Black,,,197,TRUE,TRUE,FALSE
Steve Madden,7307986206853,7307986206853,7307986206853,Steve Madden Women's Tinsley Vintage Knee High Boots - Tan - Size 7.5 - Leather,https://www.stevemadden.com/products/tinsley-tan-leather?utm_source=display&utm_medium=programmatic&utm_campaign=performance&utm_content=rtg,"The TINSLEY VINTAGE TAN LEATHER is a knee-high boot featuring a sophisticated pointed toe design. Crafted for modern elegance, this boot combines timeless style with contemporary edge. The sleek silhouette elongates the leg while the pointed toe adds sharp definition to any outfit. Perfect for transitioning from day to night, this versatile boot pairs effortlessly with dresses, skirts, and tailored trousers. 3 inch heel height 15.25 inch shaft circumference 15 inch shaft height Leather upper material Textile and vegan leather lining Vegan leather sock Synthetic sole Imported Steve Madden TINSLEY VINTAGE TAN LEATHER | 7.5 | Steve Madden Women's Tinsley Vintage Knee High Boots - Tan - Size 7.5 - Leather","The TINSLEY VINTAGE TAN LEATHER is a knee-high boot featuring a sophisticated pointed toe design. Crafted for modern elegance, this boot combines timeless style with contemporary edge. The sleek silhouette elongates the leg while the pointed toe adds sharp definition to any outfit. Perfect for transitioning from day to night, this versatile boot pairs effortlessly with dresses, skirts, and tailored trousers. 3 inch heel height 15.25 inch shaft circumference 15 inch shaft height Leather upper material Textile and vegan leather lining Vegan leather sock Synthetic sole Imported Steve Madden TINSLEY VINTAGE TAN LEATHER | 7.5 | Steve Madden Women's Tinsley Vintage Knee High Boots - Tan - Size 7.5 - Leather",199.95,199.95,https://cdn.shopify.com/s/files/1/2170/8465/files/STEVEMADDEN_SHOES_TINSLEY_TAN-LEATHER_01.jpg,Women's Shoes > Boots,Women's Shoes > Boots,03/10/2026,,FALSE,41774276575365,,IN STOCK,,"7.5, 9, 9.5",Tan,,,198,TRUE,TRUE,FALSE
Steve Madden,7308209291397,7308209291397,7308209291397,Steve Madden Women's Astor Boot & Autumn Fringe Bag Bundle,https://www.stevemadden.com/products/astor-boot-autumn-fringe-bag-bundle?utm_source=display&utm_medium=programmatic&utm_campaign=performance&utm_content=rtg,"The ASTOR square toe boot features a slouchy mid-calf silhouette reinforced with strap accents and substantial buckle hardware. A wide sole with a block heel provides a solid foundation for this engineer-inspired design. Square toe block heel engineer boot Slip-on style Heel harness strap with hardware Top gore with 2 buckle straps for adjustable fit 2 inch heel height Size 6 measurements: 14.57 inch shaft circumference, 11.5 inch shaft height Size 8 measurements: 15.50 inch shaft circumference, 12 inch shaft height Size 10 measurements: 16.44 inch shaft circumference, 12.5 inch shaft height For correct calf measurements, measure your bare calf at its widest circumference with your foot flat on the ground Leather upper material Leather lining Leather sock Synthetic sole Fit tip: if you are in between sizes, size up a half size Imported The AUTUMN FRINGE BAG BLACK combines luxurious suede construction with effortless sophistication. This slouchy hobo tote features a relaxed silhouette that drapes beautifully while maintaining structure. The magnetic snap closure ensures secure, convenient access to your essentials. Rich suede delivers warmth and versatility, transitioning seamlessly from day to evening. Perfect for those who appreciate quality materials and understated elegance in their everyday carry. Hobo tote fringe bag Slouchy design Mag snap closure Fits more than the essentials, including a phone, a full-size wallet, headphones, a makeup pouch, and sunglasses Shoulder strap: 10 inches 11in H x 10.75in W x 4.24in D Suede and synthetic materials Duster bag included Imported Steve Madden ASTOR BOOT & AUTUMN FRINGE BAG BUNDLE | Steve Madden Women's Astor Boot & Autumn Fringe Bag Bundle","The ASTOR square toe boot features a slouchy mid-calf silhouette reinforced with strap accents and substantial buckle hardware. A wide sole with a block heel provides a solid foundation for this engineer-inspired design. Square toe block heel engineer boot Slip-on style Heel harness strap with hardware Top gore with 2 buckle straps for adjustable fit 2 inch heel height Size 6 measurements: 14.57 inch shaft circumference, 11.5 inch shaft height Size 8 measurements: 15.50 inch shaft circumference, 12 inch shaft height Size 10 measurements: 16.44 inch shaft circumference, 12.5 inch shaft height For correct calf measurements, measure your bare calf at its widest circumference with your foot flat on the ground Leather upper material Leather lining Leather sock Synthetic sole Fit tip: if you are in between sizes, size up a half size Imported The AUTUMN FRINGE BAG BLACK combines luxurious suede construction with effortless sophistication. This slouchy hobo tote features a relaxed silhouette that drapes beautifully while maintaining structure. The magnetic snap closure ensures secure, convenient access to your essentials. Rich suede delivers warmth and versatility, transitioning seamlessly from day to evening. Perfect for those who appreciate quality materials and understated elegance in their everyday carry. Hobo tote fringe bag Slouchy design Mag snap closure Fits more than the essentials, including a phone, a full-size wallet, headphones, a makeup pouch, and sunglasses Shoulder strap: 10 inches 11in H x 10.75in W x 4.24in D Suede and synthetic materials Duster bag included Imported Steve Madden ASTOR BOOT & AUTUMN FRINGE BAG BUNDLE | Steve Madden Women's Astor Boot & Autumn Fringe Bag Bundle",257.95,257.95,https://cdn.shopify.com/s/files/1/2170/8465/files/STEVEMADDEN_HANDBAGS_BAUTUMNP_BLACK-PU_1490_01cbc79f-c0f7-4ca8-8b8b-8003b5728376.jpg,Women's Shoes > Boots,Women's Shoes > Boots,03/10/2026,,FALSE,41775808610437,,IN STOCK,,"10, 11, 12, 13, 14, 5, 5.5, 6, 6.5, 7, 7.5, 8, 8.5, 9, 9.5",Black,,,199,TRUE,TRUE,FALSE
Steve Madden,7308258082949,7308258082949,7308258082949,Steve Madden Women's Rift Cuffed Boots - Brown Suede - Size 5 - Leather,https://www.stevemadden.com/products/rift-brown-suede?utm_source=display&utm_medium=programmatic&utm_campaign=performance&utm_content=rtg,"The RIFT BROWN SUEDE is a versatile boot designed with a fold-over cuffed silhouette that transitions seamlessly from day to night. The rich upper delivers refined sophistication, while the sturdy lug sole provides reliable traction and durability. Perfect for layering or pairing with your favorite denim and jackets. 1.5 inch heel height 15.5 inch shaft circumference 12 inch shaft height Suede upper material Vegan leather lining Vegan leather sock Synthetic sole Imported Steve Madden RIFT BROWN SUEDE | 5 | Steve Madden Women's Rift Cuffed Boots - Brown Suede - Size 5 - Leather","The RIFT BROWN SUEDE is a versatile boot designed with a fold-over cuffed silhouette that transitions seamlessly from day to night. The rich upper delivers refined sophistication, while the sturdy lug sole provides reliable traction and durability. Perfect for layering or pairing with your favorite denim and jackets. 1.5 inch heel height 15.5 inch shaft circumference 12 inch shaft height Suede upper material Vegan leather lining Vegan leather sock Synthetic sole Imported Steve Madden RIFT BROWN SUEDE | 5 | Steve Madden Women's Rift Cuffed Boots - Brown Suede - Size 5 - Leather",229.95,229.95,https://cdn.shopify.com/s/files/1/2170/8465/files/STEVEMADDEN_SHOES_RIFT_BROWN-SUEDE_01.jpg,Women's Shoes > Boots,Women's Shoes > Boots,03/10/2026,,FALSE,41776170205317,,IN STOCK,,"10, 11, 5, 6, 7, 8, 9",Brown Suede,,,200,TRUE,TRUE,FALSE
Steve Madden,7308258181253,7308258181253,7308258181253,Steve Madden Women's Rift Cuffed Boots - Grey Suede - Size 5 - Leather,https://www.stevemadden.com/products/rift-grey-suede?utm_source=display&utm_medium=programmatic&utm_campaign=performance&utm_content=rtg,"The RIFT GREY SUEDE is a versatile boot designed with a fold-over cuffed silhouette that transitions seamlessly from day to night. The rich upper delivers refined sophistication, while the sturdy lug sole provides reliable traction and durability. Perfect for layering or pairing with your favorite denim and jackets. 1.5 inch heel height 15.5 inch shaft circumference 12 inch shaft height Suede upper material Vegan leather lining Vegan leather sock Synthetic sole Imported Steve Madden RIFT GREY SUEDE | 5 | Steve Madden Women's Rift Cuffed Boots - Grey Suede - Size 5 - Leather","The RIFT GREY SUEDE is a versatile boot designed with a fold-over cuffed silhouette that transitions seamlessly from day to night. The rich upper delivers refined sophistication, while the sturdy lug sole provides reliable traction and durability. Perfect for layering or pairing with your favorite denim and jackets. 1.5 inch heel height 15.5 inch shaft circumference 12 inch shaft height Suede upper material Vegan leather lining Vegan leather sock Synthetic sole Imported Steve Madden RIFT GREY SUEDE | 5 | Steve Madden Women's Rift Cuffed Boots - Grey Suede - Size 5 - Leather",229.95,229.95,https://cdn.shopify.com/s/files/1/2170/8465/files/STEVEMADDEN_SHOES_RIFT_GREY-SUEDE_01.jpg,Women's Shoes > Boots,Women's Shoes > Boots,03/10/2026,,FALSE,41776170598533,,IN STOCK,,"10, 11, 5, 6, 7, 8, 9",Grey Suede,,,201,TRUE,TRUE,FALSE
Steve Madden,7308352192645,7308352192645,7308352192645,Steve Madden Women's Icon Boot & Sefina Faux Fur Bag Bundle,https://www.stevemadden.com/products/icon-boot-sefina-faux-fur-bag-bundle?utm_source=display&utm_medium=programmatic&utm_campaign=performance&utm_content=rtg,"Experience sleek and edgy style with ICON BLACK/TAN. With a heeled stiletto and fold-over faux fur cuff, these knee-high boots are perfect for adding a touch of glam to any outfit. The pointed-toe design adds a chic touch, making these boots a must-have for any fashion-forward shoe lover. 3.75 inch heel height 16 inch shaft circumference 16 inch shaft height Faux fur and vegan leather upper material Vegan leather and textile lining Vegan leather sock Synthetic sole Imported The SEFINA FAUX FUR BAG BLACK/TAN combines vintage-inspired elegance with modern versatility. Crafted in premium materials, this oversized clutch offers generous space for everyday essentials and special occasions alike. The iconic kiss-lock metal frame adds a timeless touch, while the attachable chain strap lets you carry it as a clutch or wear it crossbody. Perfect for transitioning from day to night, this statement piece brings sophisticated style to any outfit. Oversized clutch Kiss-lock closure Attachable chain strap Fits a full day's essentials, including a laptop, tablet, books, and a water bottle Chain strap: 10 inches 11.75in H x 16.5in W x 5in D Faux fur materials Duster bag included Imported Steve Madden ICON BOOT & SEFINA FAUX FUR BAG BUNDLE | Steve Madden Women's Icon Boot & Sefina Faux Fur Bag Bundle","Experience sleek and edgy style with ICON BLACK/TAN. With a heeled stiletto and fold-over faux fur cuff, these knee-high boots are perfect for adding a touch of glam to any outfit. The pointed-toe design adds a chic touch, making these boots a must-have for any fashion-forward shoe lover. 3.75 inch heel height 16 inch shaft circumference 16 inch shaft height Faux fur and vegan leather upper material Vegan leather and textile lining Vegan leather sock Synthetic sole Imported The SEFINA FAUX FUR BAG BLACK/TAN combines vintage-inspired elegance with modern versatility. Crafted in premium materials, this oversized clutch offers generous space for everyday essentials and special occasions alike. The iconic kiss-lock metal frame adds a timeless touch, while the attachable chain strap lets you carry it as a clutch or wear it crossbody. Perfect for transitioning from day to night, this statement piece brings sophisticated style to any outfit. Oversized clutch Kiss-lock closure Attachable chain strap Fits a full day's essentials, including a laptop, tablet, books, and a water bottle Chain strap: 10 inches 11.75in H x 16.5in W x 5in D Faux fur materials Duster bag included Imported Steve Madden ICON BOOT & SEFINA FAUX FUR BAG BUNDLE | Steve Madden Women's Icon Boot & Sefina Faux Fur Bag Bundle",307.95,307.95,https://cdn.shopify.com/s/files/1/2170/8465/files/STEVEMADDEN_HANDBAGS_BSEFINAF_BLK-TAN_0357.jpg,Women's Shoes > Boots,Women's Shoes > Boots,03/10/2026,,FALSE,41776492511365,,IN STOCK,,"10, 11, 5, 5.5, 6, 6.5, 7, 7.5, 8, 8.5, 9, 9.5",Black,,,202,TRUE,TRUE,FALSE
Steve Madden,7222265774213,7222265774213,7222265774213,Steve Madden Women's Maxine Lace-Up Boots - Black Lace - Size 13 - Suede,https://www.stevemadden.com/products/maxine-black-lace?utm_source=display&utm_medium=programmatic&utm_campaign=performance&utm_content=rtg,"Make a bold statement with the MAXINE BLACK LACE, a sophisticated knee-high lace-up boot designed for those who command attention. Featuring a sharp pointed toe and striking stiletto heel, this style delivers elegance with every step. Perfect for elevating evening looks or adding dramatic flair to everyday wear, this boot is an essential piece for the fashion enthusiast. 4 inch heel height 13.5 inch shaft circumference 14.5 inch shaft height Textile, synthetic, and suede upper materials Textile and synthetic lining Synthetic sock Synthetic sole Imported Steve Madden MAXINE BLACK LACE | 13 | Steve Madden Women's Maxine Lace-Up Boots - Black Lace - Size 13 - Suede","Make a bold statement with the MAXINE BLACK LACE, a sophisticated knee-high lace-up boot designed for those who command attention. Featuring a sharp pointed toe and striking stiletto heel, this style delivers elegance with every step. Perfect for elevating evening looks or adding dramatic flair to everyday wear, this boot is an essential piece for the fashion enthusiast. 4 inch heel height 13.5 inch shaft circumference 14.5 inch shaft height Textile, synthetic, and suede upper materials Textile and synthetic lining Synthetic sock Synthetic sole Imported Steve Madden MAXINE BLACK LACE | 13 | Steve Madden Women's Maxine Lace-Up Boots - Black Lace - Size 13 - Suede",199.95,199.95,https://cdn.shopify.com/s/files/1/2170/8465/files/STEVEMADDEN_SHOES_MAXINE_BLACK-LACE_01.jpg,Women's Shoes > Boots,Women's Shoes > Boots,03/10/2026,,FALSE,41780188676229,,IN STOCK,,"10, 11, 12, 13, 14, 5, 5.5, 6, 6.5, 7, 7.5, 8, 8.5, 9, 9.5",Black Lace,,,203,TRUE,TRUE,FALSE
Steve Madden,7309866107013,7309866107013,7309866107013,Steve Madden Women's Blizzard Ankle Booties - Chocolate Brown Suede - Size 5 - Leather,https://www.stevemadden.com/products/blizzard-chocolate-brown-suede?utm_source=display&utm_medium=programmatic&utm_campaign=performance&utm_content=rtg,"The BLIZZARD CHOCOLATE BROWN SUEDE is a versatile bootie featuring a convenient front zipper and distinctive fold-over design. Lined with soft faux fur for added warmth and comfort, this style transitions seamlessly from casual outings to weekend adventures. This ankle boot delivers timeless appeal while the functional details ensure easy on-and-off wear. 2 inch heel height 1.5 inch platform 14.75 inch (folded), 12 inch (unfolded) shaft circumference 4.75 inch (folded), 8 inch (unfolded) shaft height Suede upper material Faux fur and textile lining Vegan leather sock Synthetic sole Versatile design can be worn folded or unfolded Imported Steve Madden BLIZZARD CHOCOLATE BROWN SUEDE | 5 | Steve Madden Women's Blizzard Ankle Booties - Chocolate Brown Suede - Size 5 - Leather","The BLIZZARD CHOCOLATE BROWN SUEDE is a versatile bootie featuring a convenient front zipper and distinctive fold-over design. Lined with soft faux fur for added warmth and comfort, this style transitions seamlessly from casual outings to weekend adventures. This ankle boot delivers timeless appeal while the functional details ensure easy on-and-off wear. 2 inch heel height 1.5 inch platform 14.75 inch (folded), 12 inch (unfolded) shaft circumference 4.75 inch (folded), 8 inch (unfolded) shaft height Suede upper material Faux fur and textile lining Vegan leather sock Synthetic sole Versatile design can be worn folded or unfolded Imported Steve Madden BLIZZARD CHOCOLATE BROWN SUEDE | 5 | Steve Madden Women's Blizzard Ankle Booties - Chocolate Brown Suede - Size 5 - Leather",149.95,149.95,https://cdn.shopify.com/s/files/1/2170/8465/files/STEVEMADDEN_SHOES_BLIZZARD_CHOCOLATE-BROWN-SUEDE01.jpg,Women's Shoes > Booties,Women's Shoes > Booties,03/10/2026,,FALSE,41782638444677,,IN STOCK,,"10, 11, 5, 5.5, 6, 6.5, 7, 7.5, 8, 8.5, 9, 9.5",Chocolate Brown Suede,,,204,TRUE,TRUE,FALSE
Steve Madden,7310797209733,7310797209733,7310797209733,Steve Madden Women's Marna Knee High Boots - Brown Distressed - Size 6 - Leather,https://www.stevemadden.com/products/marna-brown-distressed?utm_source=display&utm_medium=programmatic&utm_campaign=performance&utm_content=rtg,"The MARNA BROWN DISTRESSED is a classic knee-high riding boot crafted with a sleek round toe silhouette. This versatile style combines timeless design with everyday wearability, making it an essential addition to any footwear collection. Perfect for transitional seasons and styling effortlessly with dresses, jeans, or skirts. 1.25 inch heel height 15 inch shaft circumference 15 inch shaft height Leather upper material Vegan leather lining Vegan leather sock Synthetic sole Imported Steve Madden MARNA BROWN DISTRESSED | 6 | Steve Madden Women's Marna Knee High Boots - Brown Distressed - Size 6 - Leather","The MARNA BROWN DISTRESSED is a classic knee-high riding boot crafted with a sleek round toe silhouette. This versatile style combines timeless design with everyday wearability, making it an essential addition to any footwear collection. Perfect for transitional seasons and styling effortlessly with dresses, jeans, or skirts. 1.25 inch heel height 15 inch shaft circumference 15 inch shaft height Leather upper material Vegan leather lining Vegan leather sock Synthetic sole Imported Steve Madden MARNA BROWN DISTRESSED | 6 | Steve Madden Women's Marna Knee High Boots - Brown Distressed - Size 6 - Leather",199.95,199.95,https://cdn.shopify.com/s/files/1/2170/8465/files/STEVEMADDEN_SHOES_MARNA_DISTRESSED-BROWN_01.jpg,Women's Shoes > Boots,Women's Shoes > Boots,03/10/2026,,FALSE,41786335166597,,IN STOCK,,"10, 6, 6.5, 7, 7.5, 8, 9.5",Brown Distressed,,,205,TRUE,TRUE,FALSE
Steve Madden,7311622439045,7311622439045,7311622439045,Steve Madden Women's Icon Boot & Saga Faux Fur Bag Bundle,https://www.stevemadden.com/products/icon-boot-saga-faux-fur-bag-bundle?utm_source=display&utm_medium=programmatic&utm_campaign=performance&utm_content=rtg,"Experience sleek and edgy style with ICON BLACK/TAN. With a heeled stiletto and fold-over faux fur cuff, these knee-high boots are perfect for adding a touch of glam to any outfit. The pointed-toe design adds a chic touch, making these boots a must-have for any fashion-forward shoe lover. 3.75 inch heel height 16 inch shaft circumference 16 inch shaft height Faux fur and vegan leather upper material Vegan leather and textile lining Vegan leather sock Synthetic sole Imported The SAGA BAG BLACK/TAN is a luxurious shoulder bag crafted with plush faux fur that adds texture and sophistication to any outfit. Featuring a convenient magnetic snap closure, this bag keeps your essentials secure while maintaining effortless style. Perfect for transitioning from day to night, the colorway offers versatile appeal that complements any wardrobe. Shoulder bag Mag-snap closure Fits more than the essentials, including a phone, full-size wallet, headphones, makeup pouch, and sunglasses Shoulder strap: 9 inches 5in H x 14in W x 2in D Faux fur materials Duster bag included Imported Steve Madden ICON BOOT & SAGA FAUX FUR BAG BUNDLE | Steve Madden Women's Icon Boot & Saga Faux Fur Bag Bundle","Experience sleek and edgy style with ICON BLACK/TAN. With a heeled stiletto and fold-over faux fur cuff, these knee-high boots are perfect for adding a touch of glam to any outfit. The pointed-toe design adds a chic touch, making these boots a must-have for any fashion-forward shoe lover. 3.75 inch heel height 16 inch shaft circumference 16 inch shaft height Faux fur and vegan leather upper material Vegan leather and textile lining Vegan leather sock Synthetic sole Imported The SAGA BAG BLACK/TAN is a luxurious shoulder bag crafted with plush faux fur that adds texture and sophistication to any outfit. Featuring a convenient magnetic snap closure, this bag keeps your essentials secure while maintaining effortless style. Perfect for transitioning from day to night, the colorway offers versatile appeal that complements any wardrobe. Shoulder bag Mag-snap closure Fits more than the essentials, including a phone, full-size wallet, headphones, makeup pouch, and sunglasses Shoulder strap: 9 inches 5in H x 14in W x 2in D Faux fur materials Duster bag included Imported Steve Madden ICON BOOT & SAGA FAUX FUR BAG BUNDLE | Steve Madden Women's Icon Boot & Saga Faux Fur Bag Bundle",298.95,298.95,https://cdn.shopify.com/s/files/1/2170/8465/files/STEVEMADDEN_HANDBAGS_BSAGA-S_BLK-TAN_0134.jpg,Women's Shoes > Boots,Women's Shoes > Boots,03/10/2026,,FALSE,41789707255941,,IN STOCK,,"10, 11, 5, 5.5, 6, 6.5, 7, 7.5, 8, 8.5, 9, 9.5",Black,,,206,TRUE,TRUE,FALSE
Steve Madden,7311624306821,7311624306821,7311624306821,Steve Madden Women's Icon Boot & Saga Faux Fur Bag Bundle,https://www.stevemadden.com/products/icon-boot-saga-faux-fur-bag-bundle-1?utm_source=display&utm_medium=programmatic&utm_campaign=performance&utm_content=rtg,"Experience sleek and edgy style with ICON DARK CHERRY. With a heeled stiletto and fold-over faux fur cuff, these knee-high boots are perfect for adding a touch of glam to any outfit. The pointed-toe design adds a chic touch, making these boots a must-have for any fashion-forward shoe lover. 3.75 inch heel height 16 inch shaft circumference 16 inch shaft height Faux fur ad vegan leather upper material Vegan leather and textile lining Vegan leather sock Synthetic sole Imported The SAGA BAG DARK CHERRY is a luxurious shoulder bag crafted with plush faux fur that adds texture and sophistication to any outfit. Featuring a convenient magnetic snap closure, this bag keeps your essentials secure while maintaining effortless style. Perfect for transitioning from day to night, the colorway offers versatile appeal that complements any wardrobe. Shoulder bag Mag-snap closure Fits more than the essentials, including a phone, full-size wallet, headphones, makeup pouch, and sunglasses Shoulder strap: 9 inches 5in H x 14in W x 2in D Faux fur materials Duster bag included Imported Steve Madden ICON BOOT & SAGA FAUX FUR BAG BUNDLE | Steve Madden Women's Icon Boot & Saga Faux Fur Bag Bundle","Experience sleek and edgy style with ICON DARK CHERRY. With a heeled stiletto and fold-over faux fur cuff, these knee-high boots are perfect for adding a touch of glam to any outfit. The pointed-toe design adds a chic touch, making these boots a must-have for any fashion-forward shoe lover. 3.75 inch heel height 16 inch shaft circumference 16 inch shaft height Faux fur ad vegan leather upper material Vegan leather and textile lining Vegan leather sock Synthetic sole Imported The SAGA BAG DARK CHERRY is a luxurious shoulder bag crafted with plush faux fur that adds texture and sophistication to any outfit. Featuring a convenient magnetic snap closure, this bag keeps your essentials secure while maintaining effortless style. Perfect for transitioning from day to night, the colorway offers versatile appeal that complements any wardrobe. Shoulder bag Mag-snap closure Fits more than the essentials, including a phone, full-size wallet, headphones, makeup pouch, and sunglasses Shoulder strap: 9 inches 5in H x 14in W x 2in D Faux fur materials Duster bag included Imported Steve Madden ICON BOOT & SAGA FAUX FUR BAG BUNDLE | Steve Madden Women's Icon Boot & Saga Faux Fur Bag Bundle",298.95,298.95,https://cdn.shopify.com/s/files/1/2170/8465/files/STEVEMADDEN_HANDBAGS_BSAGA-S_BURGUNDY_0433_9ae4c997-8141-4e26-988d-69d67c8bc530.jpg,Women's Shoes > Boots,Women's Shoes > Boots,03/10/2026,,FALSE,41789713449093,,IN STOCK,,"10, 11, 5, 5.5, 6, 6.5, 7, 7.5, 8, 8.5, 9, 9.5",Multicolor,,,207,TRUE,TRUE,FALSE
Steve Madden,7311801876613,7311801876613,7311801876613,Steve Madden Women's Daley Block Heel Booties - Cognac - Size 6 - Leather,https://www.stevemadden.com/products/daley-cognac-leather?utm_source=display&utm_medium=programmatic&utm_campaign=performance&utm_content=rtg,"The DALEY COGNAC LEATHER chelsea bootie features a rounded square toe for modern comfort and style. This versatile ankle boot pairs effortlessly with any wardrobe, from casual denim to polished workwear. The sturdy block heel provides all-day wearability, while the elastic side panels ensure a secure, slip-on fit. 3.5 inch heel height 9.5 inch shaft circumference 6 inch shaft height Leather and textile upper material Textile and vegan leather lining vegan leather sock Synthetic sole Imported Steve Madden DALEY COGNAC LEATHER | 6 | Steve Madden Women's Daley Block Heel Booties - Cognac - Size 6 - Leather","The DALEY COGNAC LEATHER chelsea bootie features a rounded square toe for modern comfort and style. This versatile ankle boot pairs effortlessly with any wardrobe, from casual denim to polished workwear. The sturdy block heel provides all-day wearability, while the elastic side panels ensure a secure, slip-on fit. 3.5 inch heel height 9.5 inch shaft circumference 6 inch shaft height Leather and textile upper material Textile and vegan leather lining vegan leather sock Synthetic sole Imported Steve Madden DALEY COGNAC LEATHER | 6 | Steve Madden Women's Daley Block Heel Booties - Cognac - Size 6 - Leather",179.95,179.95,https://cdn.shopify.com/s/files/1/2170/8465/files/STEVEMADDEN_SHOES_DALEY_COGNAC-LEATHER01.jpg,Women's Shoes > Booties,Women's Shoes > Booties,03/10/2026,,FALSE,41790405771397,,IN STOCK,,"10, 6, 6.5, 7, 7.5, 8, 8.5, 9, 9.5",Cognac,,,208,TRUE,TRUE,FALSE
Steve Madden,7311802105989,7311802105989,7311802105989,Steve Madden Women's Daley Block Heel Booties - Black - Size 6 - Leather,https://www.stevemadden.com/products/daley-black-leather?utm_source=display&utm_medium=programmatic&utm_campaign=performance&utm_content=rtg,"The DALEY BLACK LEATHER chelsea bootie features a rounded square toe for modern comfort and style. This versatile ankle boot pairs effortlessly with any wardrobe, from casual denim to polished workwear. The sturdy block heel provides all-day wearability, while the elastic side panels ensure a secure, slip-on fit. 3.5 inch heel height 9.5 inch shaft circumference 6 inch shaft height Leather and textile upper material Textile and vegan leather lining vegan leather sock Synthetic sole Imported Steve Madden DALEY BLACK LEATHER | 6 | Steve Madden Women's Daley Block Heel Booties - Black - Size 6 - Leather","The DALEY BLACK LEATHER chelsea bootie features a rounded square toe for modern comfort and style. This versatile ankle boot pairs effortlessly with any wardrobe, from casual denim to polished workwear. The sturdy block heel provides all-day wearability, while the elastic side panels ensure a secure, slip-on fit. 3.5 inch heel height 9.5 inch shaft circumference 6 inch shaft height Leather and textile upper material Textile and vegan leather lining vegan leather sock Synthetic sole Imported Steve Madden DALEY BLACK LEATHER | 6 | Steve Madden Women's Daley Block Heel Booties - Black - Size 6 - Leather",179.95,179.95,https://cdn.shopify.com/s/files/1/2170/8465/files/STEVEMADDEN_SHOES_DALEY_BLACK-LEATHER01.jpg,Women's Shoes > Booties,Women's Shoes > Booties,03/10/2026,,FALSE,41790406393989,,IN STOCK,,"10, 11, 6, 6.5, 7, 7.5, 8, 8.5, 9, 9.5",Black,,,209,TRUE,TRUE,FALSE
Steve Madden,7317218787461,7317218787461,7317218787461,Steve Madden Women's Marna Knee High Boots - Dark Grey Suede - Size 6 - Leather,https://www.stevemadden.com/products/marna-dark-grey-suede?utm_source=display&utm_medium=programmatic&utm_campaign=performance&utm_content=rtg,"The MARNA DARK GREY SUEDE is a classic knee-high riding boot crafted with a sleek round toe silhouette. This versatile style combines timeless design with everyday wearability, making it an essential addition to any footwear collection. Perfect for transitional seasons and styling effortlessly with dresses, jeans, or skirts. 1.25 inch heel height 15 inch shaft circumference 15 inch shaft height Suede upper material Vegan leather lining Vegan leather sock Synthetic sole Imported Steve Madden MARNA DARK GREY SUEDE | 6 | Steve Madden Women's Marna Knee High Boots - Dark Grey Suede - Size 6 - Leather","The MARNA DARK GREY SUEDE is a classic knee-high riding boot crafted with a sleek round toe silhouette. This versatile style combines timeless design with everyday wearability, making it an essential addition to any footwear collection. Perfect for transitional seasons and styling effortlessly with dresses, jeans, or skirts. 1.25 inch heel height 15 inch shaft circumference 15 inch shaft height Suede upper material Vegan leather lining Vegan leather sock Synthetic sole Imported Steve Madden MARNA DARK GREY SUEDE | 6 | Steve Madden Women's Marna Knee High Boots - Dark Grey Suede - Size 6 - Leather",199.95,199.95,https://cdn.shopify.com/s/files/1/2170/8465/files/STEVEMADDEN_SHOES_MARNA_DARK-GREY-SUEDE_01.jpg,Women's Shoes > Boots,Women's Shoes > Boots,03/10/2026,,FALSE,41808689201285,,IN STOCK,,"10, 6, 6.5, 7, 7.5, 8, 8.5, 9, 9.5",Dark Grey Suede,,,210,TRUE,TRUE,FALSE
Steve Madden,7317218951301,7317218951301,7317218951301,Steve Madden Women's Jones Dark Cherry Leather Ankle Booties - Burgundy - Size 6,https://www.stevemadden.com/products/jones-burgundy-leather?utm_source=display&utm_medium=programmatic&utm_campaign=performance&utm_content=rtg,"Experience style and comfort with the JONES DARK CHERRY LEATHER ankle boot. The sleek design and front zipper detail add a touch of modernity to any outfit. Made with durable suede, these ankle booties are perfect for everyday wear. 2 inch heel height 10.25 inch shaft circumference 6.5 inch shaft height Leather upper material Vegan leather lining Vegan leather sock Synthetic sole Imported Steve Madden JONES DARK CHERRY LEATHER | Burgundy Leather | 6 | Steve Madden Women's Jones Dark Cherry Leather Ankle Booties - Burgundy - Size 6","Experience style and comfort with the JONES DARK CHERRY LEATHER ankle boot. The sleek design and front zipper detail add a touch of modernity to any outfit. Made with durable suede, these ankle booties are perfect for everyday wear. 2 inch heel height 10.25 inch shaft circumference 6.5 inch shaft height Leather upper material Vegan leather lining Vegan leather sock Synthetic sole Imported Steve Madden JONES DARK CHERRY LEATHER | Burgundy Leather | 6 | Steve Madden Women's Jones Dark Cherry Leather Ankle Booties - Burgundy - Size 6",129.95,129.95,https://cdn.shopify.com/s/files/1/2170/8465/files/STEVEMADDEN_SHOES_JONES_BURGUNDY-LEATHER_01.jpg,Women's Shoes > Booties,Women's Shoes > Booties,03/10/2026,,FALSE,41808689889413,,IN STOCK,,"10, 6, 6.5, 7, 7.5, 8, 8.5, 9, 9.5",Burgundy,,,211,TRUE,TRUE,FALSE
Steve Madden,7318757408901,7318757408901,7318757408901,Steve Madden Women's Jaxin Ankle Booties - Black - Size 5 - Leather,https://www.stevemadden.com/products/jaxin-black-leather?utm_source=display&utm_medium=programmatic&utm_campaign=performance&utm_content=rtg,"The JAXIN BLACK LEATHER is a sleek ankle boot designed for modern style. This versatile bootie pairs effortlessly with any wardrobe, from casual jeans to polished dresses. Crafted with premium materials, it features a comfortable fit that takes you from day to night. Perfect for transitional seasons, this platform shoe delivers timeless elegance with contemporary edge. 1.25 inch heel height 1 inch platform 11 inch shaft circumference 6.5 inch shaft height Leather upper material Textile and vegan leather lining Vegan leather sock Synthetic sole Imported Steve Madden JAXIN BLACK LEATHER | 5 | Steve Madden Women's Jaxin Ankle Booties - Black - Size 5 - Leather","The JAXIN BLACK LEATHER is a sleek ankle boot designed for modern style. This versatile bootie pairs effortlessly with any wardrobe, from casual jeans to polished dresses. Crafted with premium materials, it features a comfortable fit that takes you from day to night. Perfect for transitional seasons, this platform shoe delivers timeless elegance with contemporary edge. 1.25 inch heel height 1 inch platform 11 inch shaft circumference 6.5 inch shaft height Leather upper material Textile and vegan leather lining Vegan leather sock Synthetic sole Imported Steve Madden JAXIN BLACK LEATHER | 5 | Steve Madden Women's Jaxin Ankle Booties - Black - Size 5 - Leather",139.95,139.95,https://cdn.shopify.com/s/files/1/2170/8465/files/STEVEMADDEN_SHOES_JAXIN_BLACK-LEATHER_01.jpg,Women's Shoes > Booties,Women's Shoes > Booties,03/10/2026,,FALSE,41817150226565,,IN STOCK,,"10, 11, 5, 5.5, 6, 6.5, 7, 7.5, 8, 8.5, 9, 9.5",Black,,,212,TRUE,TRUE,FALSE
Steve Madden,7318763995269,7318763995269,7318763995269,Steve Madden Women's Icon Boot & Kenzi Faux Fur Bag Bundle,https://www.stevemadden.com/products/icon-boot-kenzi-faux-fur-bag-bundle?utm_source=display&utm_medium=programmatic&utm_campaign=performance&utm_content=rtg,"Experience sleek and edgy style with ICON BLACK/TAN. With a heeled stiletto and fold-over faux fur cuff, these knee-high boots are perfect for adding a touch of glam to any outfit. The pointed-toe design adds a chic touch, making these boots a must-have for any fashion-forward shoe lover. 3.75 inch heel height 16 inch shaft circumference 16 inch shaft height Faux fur ad vegan leather upper material Vegan leather and textile lining Vegan leather sock Synthetic sole Imported Steve Madden ICON BOOT & KENZI FAUX FUR BAG BUNDLE | Steve Madden Women's Icon Boot & Kenzi Faux Fur Bag Bundle","Experience sleek and edgy style with ICON BLACK/TAN. With a heeled stiletto and fold-over faux fur cuff, these knee-high boots are perfect for adding a touch of glam to any outfit. The pointed-toe design adds a chic touch, making these boots a must-have for any fashion-forward shoe lover. 3.75 inch heel height 16 inch shaft circumference 16 inch shaft height Faux fur ad vegan leather upper material Vegan leather and textile lining Vegan leather sock Synthetic sole Imported Steve Madden ICON BOOT & KENZI FAUX FUR BAG BUNDLE | Steve Madden Women's Icon Boot & Kenzi Faux Fur Bag Bundle",328.95,328.95,https://cdn.shopify.com/s/files/1/2170/8465/files/SM_2026_FALL_12_DTC_WHLS_ICON_BSAGA_SC01143_SC06173_151_ORIGINAL_27de6386-eb7f-405b-a8a9-5b211eb10170.jpg,Women's Shoes > Boots,Women's Shoes > Boots,03/10/2026,,FALSE,41817161433221,,IN STOCK,,"10, 11, 5, 5.5, 6, 6.5, 7, 7.5, 8, 8.5, 9, 9.5",Black,,,213,TRUE,TRUE,FALSE
Steve Madden,7318764585093,7318764585093,7318764585093,Steve Madden Women's Odelia Boot & Musee Bag Bundle,https://www.stevemadden.com/products/odelia-boot-musee-bag-bundle?utm_source=display&utm_medium=programmatic&utm_campaign=performance&utm_content=rtg,"The ODELIA BLACK LEATHER is a striking knee-high boot designed for modern edge and everyday versatility. Featuring a square toe silhouette, sturdy platform sole, and a comfortable block heel, this style delivers both confidence and stability. The sleek construction pairs effortlessly with dresses, jeans, or skirts, making it a wardrobe essential that transitions seamlessly from day to night. 3.75 inch heel height 1 inch platform 13.5 inch shaft circumference 15 inch shaft height Leather and vegan leather upper material Vegan leather and textile lining Vegan leather sock Synthetic sole Imported This MUSEE BAG BLACK is an asymmetrical shoulder bag that features a top-zipper closure, making it both secure and stylish. The flower bead bag charm adds a touch of whimsy. With its unique design and functional features, this bag is an ideal accessory for any fashion-forward individual. Asymmetrical shoulder bag Top-zipper closure Attachable flower bead bag charm Fits daily essentials, including a phone, small wallet, keys, small headphones, and compact makeup Shoulder strap: 9 inches 7.75in H x 9.75in W x 2.5in D Synthetic materials Duster bag included Imported Steve Madden ODELIA BOOT & MUSEE BAG BUNDLE | Steve Madden Women's Odelia Boot & Musee Bag Bundle","The ODELIA BLACK LEATHER is a striking knee-high boot designed for modern edge and everyday versatility. Featuring a square toe silhouette, sturdy platform sole, and a comfortable block heel, this style delivers both confidence and stability. The sleek construction pairs effortlessly with dresses, jeans, or skirts, making it a wardrobe essential that transitions seamlessly from day to night. 3.75 inch heel height 1 inch platform 13.5 inch shaft circumference 15 inch shaft height Leather and vegan leather upper material Vegan leather and textile lining Vegan leather sock Synthetic sole Imported This MUSEE BAG BLACK is an asymmetrical shoulder bag that features a top-zipper closure, making it both secure and stylish. The flower bead bag charm adds a touch of whimsy. With its unique design and functional features, this bag is an ideal accessory for any fashion-forward individual. Asymmetrical shoulder bag Top-zipper closure Attachable flower bead bag charm Fits daily essentials, including a phone, small wallet, keys, small headphones, and compact makeup Shoulder strap: 9 inches 7.75in H x 9.75in W x 2.5in D Synthetic materials Duster bag included Imported Steve Madden ODELIA BOOT & MUSEE BAG BUNDLE | Steve Madden Women's Odelia Boot & Musee Bag Bundle",277.95,277.95,https://cdn.shopify.com/s/files/1/2170/8465/files/SM_2026_FALL_05_DTC_ODELIA_SC09441_SC17182_BMUSEE_095_ORIGINAL.jpg,Women's Shoes > Boots,Women's Shoes > Boots,03/10/2026,,FALSE,41817165136005,,IN STOCK,,"10, 11, 12, 5, 5.5, 6, 6.5, 7, 7.5, 8, 8.5, 9, 9.5",Black,,,214,TRUE,TRUE,FALSE
Steve Madden,7319136075909,7319136075909,7319136075909,Steve Madden Women's Lochlan Dark Cherry Leather Block Heel Booties - Burgundy - Size 6,https://www.stevemadden.com/products/lochlan-burgundy-leather?utm_source=display&utm_medium=programmatic&utm_campaign=performance&utm_content=rtg,"The LOCHLAN DARK CHERRY LEATHER is a sleek ankle boot designed for everyday versatility. This bootie features a sturdy block heel that delivers comfort and stability for all-day wear. Crafted from premium materials, it combines classic style with modern functionality, making it an essential addition to any footwear collection. 3.25 inch heel height 1.25 inch platform 10.25 inch shaft circumference 5.5 inch shaft height Leather upper material Textile lining Vegan leather sock Synthetic sole Imported Steve Madden LOCHLAN DARK CHERRY LEATHER | Burgundy Leather | 6 | Steve Madden Women's Lochlan Dark Cherry Leather Block Heel Booties - Burgundy - Size 6","The LOCHLAN DARK CHERRY LEATHER is a sleek ankle boot designed for everyday versatility. This bootie features a sturdy block heel that delivers comfort and stability for all-day wear. Crafted from premium materials, it combines classic style with modern functionality, making it an essential addition to any footwear collection. 3.25 inch heel height 1.25 inch platform 10.25 inch shaft circumference 5.5 inch shaft height Leather upper material Textile lining Vegan leather sock Synthetic sole Imported Steve Madden LOCHLAN DARK CHERRY LEATHER | Burgundy Leather | 6 | Steve Madden Women's Lochlan Dark Cherry Leather Block Heel Booties - Burgundy - Size 6",169.95,169.95,https://cdn.shopify.com/s/files/1/2170/8465/files/STEVEMADDEN_SHOES_LOCHLAN_BURGUNDY-LEATHER01.jpg,Women's Shoes > Booties,Women's Shoes > Booties,03/10/2026,,FALSE,41818781155461,,IN STOCK,,"10, 11, 6, 6.5, 7, 7.5, 8, 8.5, 9, 9.5",Burgundy,,,215,TRUE,TRUE,FALSE
Steve Madden,7319136174213,7319136174213,7319136174213,Steve Madden Women's Bandita Black/cognac Knee High Boots - Black Cognac - Size 6 - Leather,https://www.stevemadden.com/products/bandita-black-cognac?utm_source=display&utm_medium=programmatic&utm_campaign=performance&utm_content=rtg,"The BANDITA BLACK/COGNAC knee-high riding boot combines timeless style with practical elegance. Crafted with a sleek silhouette, this boot features a comfortable fit designed for all-day wear. The two-tone colorway adds versatile appeal to any wardrobe, transitioning seamlessly from casual to polished looks. 1.25 inch heel height 14.75 inch shaft circumference 16 inch shaft height Leather upper material Vegan leather lining Vegan leather sock Synthetic sole Imported Steve Madden BANDITA BLACK/COGNAC | Black Cognac | 6 | Steve Madden Women's Bandita Black/cognac Knee High Boots - Black Cognac - Size 6 - Leather","The BANDITA BLACK/COGNAC knee-high riding boot combines timeless style with practical elegance. Crafted with a sleek silhouette, this boot features a comfortable fit designed for all-day wear. The two-tone colorway adds versatile appeal to any wardrobe, transitioning seamlessly from casual to polished looks. 1.25 inch heel height 14.75 inch shaft circumference 16 inch shaft height Leather upper material Vegan leather lining Vegan leather sock Synthetic sole Imported Steve Madden BANDITA BLACK/COGNAC | Black Cognac | 6 | Steve Madden Women's Bandita Black/cognac Knee High Boots - Black Cognac - Size 6 - Leather",199.95,199.95,https://cdn.shopify.com/s/files/1/2170/8465/files/STEVEMADDEN_SHOES_BANDITA_BLACK-COGNAC_01.jpg,Women's Shoes > Boots,Women's Shoes > Boots,03/10/2026,,FALSE,41818782105733,,IN STOCK,,"10, 6, 6.5, 7, 7.5, 8, 8.5, 9, 9.5",Black Cognac,,,216,TRUE,TRUE,FALSE
Steve Madden,7325283025029,7325283025029,7325283025029,Steve Madden Women's Rexx Lace-Up Boots - Black - Size 6 - Leather,https://www.stevemadden.com/products/rexx-black-leather?utm_source=display&utm_medium=programmatic&utm_campaign=performance&utm_content=rtg,"The REXX BLACK LEATHER is a versatile lace-up boot designed for everyday wear. Crafted with quality construction, this lug-soled silhouette delivers dependable traction and durability. Perfect for transitioning through seasons, it pairs effortlessly with casual and elevated looks. The lace-up fastening ensures a customizable fit, while the platform sole adds modern style and comfortable height. A wardrobe essential for those seeking both function and contemporary design. 2 inch heel height 12 inch shaft circumference 10.5 inch shaft height Leather upper material Leather lining Leather sock Synthetic sole Imported Steve Madden REXX BLACK LEATHER | 6 | Steve Madden Women's Rexx Lace-Up Boots - Black - Size 6 - Leather","The REXX BLACK LEATHER is a versatile lace-up boot designed for everyday wear. Crafted with quality construction, this lug-soled silhouette delivers dependable traction and durability. Perfect for transitioning through seasons, it pairs effortlessly with casual and elevated looks. The lace-up fastening ensures a customizable fit, while the platform sole adds modern style and comfortable height. A wardrobe essential for those seeking both function and contemporary design. 2 inch heel height 12 inch shaft circumference 10.5 inch shaft height Leather upper material Leather lining Leather sock Synthetic sole Imported Steve Madden REXX BLACK LEATHER | 6 | Steve Madden Women's Rexx Lace-Up Boots - Black - Size 6 - Leather",199.95,199.95,https://cdn.shopify.com/s/files/1/2170/8465/files/STEVEMADDEN_SHOES_REXX_BLACK-LEATHER_01.jpg,Women's Shoes > Boots,Women's Shoes > Boots,03/10/2026,,FALSE,41838095073413,,IN STOCK,,"10, 11, 6, 7, 8, 9",Black,,,217,TRUE,TRUE,FALSE
Steve Madden,7325283057797,7325283057797,7325283057797,Steve Madden Women's Rexx Lace-Up Boots - Brown Suede - Size 6 - Leather,https://www.stevemadden.com/products/rexx-brown-suede?utm_source=display&utm_medium=programmatic&utm_campaign=performance&utm_content=rtg,"The REXX BROWN SUEDE is a versatile lace-up boot designed for everyday wear. Crafted with quality construction, this lug-soled silhouette delivers dependable traction and durability. Perfect for transitioning through seasons, it pairs effortlessly with casual and elevated looks. The lace-up fastening ensures a customizable fit, while the platform sole adds modern style and comfortable height. A wardrobe essential for those seeking both function and contemporary design. 2 inch heel height 12 inch shaft circumference 10.5 inch shaft height Suede upper material Leather lining Leather sock Synthetic sole Imported Steve Madden REXX BROWN SUEDE | 6 | Steve Madden Women's Rexx Lace-Up Boots - Brown Suede - Size 6 - Leather","The REXX BROWN SUEDE is a versatile lace-up boot designed for everyday wear. Crafted with quality construction, this lug-soled silhouette delivers dependable traction and durability. Perfect for transitioning through seasons, it pairs effortlessly with casual and elevated looks. The lace-up fastening ensures a customizable fit, while the platform sole adds modern style and comfortable height. A wardrobe essential for those seeking both function and contemporary design. 2 inch heel height 12 inch shaft circumference 10.5 inch shaft height Suede upper material Leather lining Leather sock Synthetic sole Imported Steve Madden REXX BROWN SUEDE | 6 | Steve Madden Women's Rexx Lace-Up Boots - Brown Suede - Size 6 - Leather",199.95,199.95,https://cdn.shopify.com/s/files/1/2170/8465/files/STEVEMADDEN_SHOES_REXX_BROWN-SUEDE_01.jpg,Women's Shoes > Boots,Women's Shoes > Boots,03/10/2026,,FALSE,41838095499397,,IN STOCK,,"10, 11, 6, 7, 8, 9",Brown Suede,,,218,TRUE,TRUE,FALSE
Steve Madden,7325283188869,7325283188869,7325283188869,Steve Madden Women's Buffy Faux Fur Lace-Up Booties - Black - Size 6 - Leather,https://www.stevemadden.com/products/buffy-fur-black?utm_source=display&utm_medium=programmatic&utm_campaign=performance&utm_content=rtg,"The BUFFY FAUX FUR BLACK combat bootie delivers style with a refined edge. This ankle-height lace-up features a structured silhouette that commands attention, whether styled with edgy outfits or denim. The secure lacing system ensures a customizable fit, while the platform sole adds both visual impact and practical elevation. Built for those who appreciate bold footwear that transitions seamlessly from day to night, this bootie combines attitude with versatility. 2.75 inch heel height 10.75 inch shaft circumference 6 inch shaft height Vegan leather upper material Faux fur lining Vegan leather sock Synthetic sole Imported Steve Madden BUFFY FAUX FUR BLACK | 6 | Steve Madden Women's Buffy Faux Fur Lace-Up Booties - Black - Size 6 - Leather","The BUFFY FAUX FUR BLACK combat bootie delivers style with a refined edge. This ankle-height lace-up features a structured silhouette that commands attention, whether styled with edgy outfits or denim. The secure lacing system ensures a customizable fit, while the platform sole adds both visual impact and practical elevation. Built for those who appreciate bold footwear that transitions seamlessly from day to night, this bootie combines attitude with versatility. 2.75 inch heel height 10.75 inch shaft circumference 6 inch shaft height Vegan leather upper material Faux fur lining Vegan leather sock Synthetic sole Imported Steve Madden BUFFY FAUX FUR BLACK | 6 | Steve Madden Women's Buffy Faux Fur Lace-Up Booties - Black - Size 6 - Leather",119.95,119.95,https://cdn.shopify.com/s/files/1/2170/8465/files/STEVEMADDEN_SHOES_BUFFY-FUR_BLACK_01.jpg,Women's Shoes > Booties,Women's Shoes > Booties,03/10/2026,,FALSE,41838096744581,,IN STOCK,,"10, 11, 6, 6.5, 7, 7.5, 8, 8.5, 9, 9.5",Black,,,219,TRUE,TRUE,FALSE
Steve Madden,7325551263877,7325551263877,7325551263877,Steve Madden Women's Everest Boot & Elide Bag Bundle,https://www.stevemadden.com/products/everest-boot-elide-bag-bundle?utm_source=display&utm_medium=programmatic&utm_campaign=performance&utm_content=rtg,"The EVEREST BLACK LEATHER is a striking knee-high boot that combines edgy moto styling with practical durability. The bold buckle detail adds attitude and visual interest, while the sturdy lug sole delivers confident traction and all-day comfort. Perfect for making a statement, this boot transitions seamlessly from casual to dressed-up looks. 2 inch heel height 15 inch shaft circumference 13.5 inch shaft height Leather upper material Vegan leather lining Vegan leather sock Synthetic sole Imported The ELIDE BAG BLACK is a versatile mini top handle satchel designed for everyday carry. Features include a top zip closure for secure storage, a detachable crossbody strap for hands-free wear, and a convenient back wall zipper for quick access to essentials. Complete with an attachable bag charm to personalize your look. Top handle bag Zipper closure Attachable crossbody and bag charms Fits daily essentials, including a phone, small wallet, keys, small headphones, and compact makeup Top-handle strap: 3.25 inches Crossbody strap: 23-24 inches 5.5in H x 9in W x 3.25in D Synthetic materials Duster bag included Imported Steve Madden EVEREST BOOT & ELIDE BAG BUNDLE | Steve Madden Women's Everest Boot & Elide Bag Bundle","The EVEREST BLACK LEATHER is a striking knee-high boot that combines edgy moto styling with practical durability. The bold buckle detail adds attitude and visual interest, while the sturdy lug sole delivers confident traction and all-day comfort. Perfect for making a statement, this boot transitions seamlessly from casual to dressed-up looks. 2 inch heel height 15 inch shaft circumference 13.5 inch shaft height Leather upper material Vegan leather lining Vegan leather sock Synthetic sole Imported The ELIDE BAG BLACK is a versatile mini top handle satchel designed for everyday carry. Features include a top zip closure for secure storage, a detachable crossbody strap for hands-free wear, and a convenient back wall zipper for quick access to essentials. Complete with an attachable bag charm to personalize your look. Top handle bag Zipper closure Attachable crossbody and bag charms Fits daily essentials, including a phone, small wallet, keys, small headphones, and compact makeup Top-handle strap: 3.25 inches Crossbody strap: 23-24 inches 5.5in H x 9in W x 3.25in D Synthetic materials Duster bag included Imported Steve Madden EVEREST BOOT & ELIDE BAG BUNDLE | Steve Madden Women's Everest Boot & Elide Bag Bundle",277.95,277.95,https://cdn.shopify.com/s/files/1/2170/8465/files/SM_2026_Q3_MATCHBACKS_04_BELIDE_EVEREST_0337.jpg,Women's Shoes > Boots,Women's Shoes > Boots,03/10/2026,,FALSE,41839322464389,,IN STOCK,,"10, 6, 6.5, 7, 7.5, 8, 8.5, 9, 9.5",Black,,,220,TRUE,TRUE,FALSE
Steve Madden,7325553393797,7325553393797,7325553393797,Steve Madden Women's Talis Boot & Yara Bag Bundle,https://www.stevemadden.com/products/talis-boot-yara-bag-bundle?utm_source=display&utm_medium=programmatic&utm_campaign=performance&utm_content=rtg,"The TALIS BLACK LEATHER is a knee-high boot featuring a sleek pointed toe and metallic accents. This sophisticated silhouette combines timeless style with modern edge, making it a versatile addition to any wardrobe. The luxurious construction pairs seamlessly with the refined hardware for an elevated look that transitions effortlessly from day to night. 3.5 inch heel height 15.25 inch shaft circumference 14.75 inch shaft height Leather upper material Vegan leather and textile lining Vegan leather sock Synthetic sole Imported The YARA BAG BLACK features three versatile straps that let you wear it your way-as a clutch, with the top handle, or as a chain crossbody. Switch up your style effortlessly with multiple carrying options. Includes a detachable bag charm to personalize your look. Kiss-lock clutch Removable bag charm Can also be worn as a top handle or crossbody bag Fits daily essentials, including a phone, small wallet, keys, small headphones, and compact makeup 5in H x 11.5in W x 4in D Top-handle strap: 5 inch drop Crossbody strap: 15 inches Synthetic materials Duster bag included Imported Steve Madden TALIS BOOT & YARA BAG BUNDLE | Steve Madden Women's Talis Boot & Yara Bag Bundle","The TALIS BLACK LEATHER is a knee-high boot featuring a sleek pointed toe and metallic accents. This sophisticated silhouette combines timeless style with modern edge, making it a versatile addition to any wardrobe. The luxurious construction pairs seamlessly with the refined hardware for an elevated look that transitions effortlessly from day to night. 3.5 inch heel height 15.25 inch shaft circumference 14.75 inch shaft height Leather upper material Vegan leather and textile lining Vegan leather sock Synthetic sole Imported The YARA BAG BLACK features three versatile straps that let you wear it your way-as a clutch, with the top handle, or as a chain crossbody. Switch up your style effortlessly with multiple carrying options. Includes a detachable bag charm to personalize your look. Kiss-lock clutch Removable bag charm Can also be worn as a top handle or crossbody bag Fits daily essentials, including a phone, small wallet, keys, small headphones, and compact makeup 5in H x 11.5in W x 4in D Top-handle strap: 5 inch drop Crossbody strap: 15 inches Synthetic materials Duster bag included Imported Steve Madden TALIS BOOT & YARA BAG BUNDLE | Steve Madden Women's Talis Boot & Yara Bag Bundle",327.95,327.95,https://cdn.shopify.com/s/files/1/2170/8465/files/SM_2026_Q3_MATCHBACKS_05_BYARA_TALIS_0265.jpg,Women's Shoes > Boots,Women's Shoes > Boots,03/10/2026,,FALSE,41839326756997,,IN STOCK,,"10, 11, 5, 5.5, 6, 6.5, 7, 7.5, 8, 8.5, 9, 9.5",Black,,,221,TRUE,TRUE,FALSE
Steve Madden,7325554442373,7325554442373,7325554442373,Steve Madden Women's Heleena Bootie & Savanah Bag Bundle,https://www.stevemadden.com/products/heleena-bootie-savanah-bag-bundle?utm_source=display&utm_medium=programmatic&utm_campaign=performance&utm_content=rtg,"The HELEENA DARK GREEN EEL is a striking stiletto ankle boot featuring a sharp pointed toe that commands attention. Sleek and sophisticated, this bootie pairs effortless elegance with bold attitude. The elevated heel creates a flattering silhouette, while the snug ankle fit provides support and structure. Perfect for transitioning from day to night, this versatile piece completes any outfit with timeless style and edge. 3.5 inch heel height 9.5 inch shaft circumference 6 inch shaft height Leather upper material Textile lining Vegan leather sock Synthetic sole Imported The SAVANAH BAG GREEN is a cargo-inspired shoulder bag that combines practical style with versatile design. This east-west satchel features tubular straps for comfortable carrying and comes adorned with decorative bag charms. A removable scarf adds an extra styling option, letting you customize the look to match your mood. Perfect for everyday adventures or weekend getaways. Shoulder bag Non-removable padlock Zipper closure Fits more than the essentials, including a phone, a full-size wallet, headphones, a makeup pouch, and sunglasses Shoulder strap: 9 inches 7in H x 14.5in W x 5in D Synthetic materials Duster bag included Imported Steve Madden HELEENA BOOTIE & SAVANAH BAG BUNDLE | Steve Madden Women's Heleena Bootie & Savanah Bag Bundle","The HELEENA DARK GREEN EEL is a striking stiletto ankle boot featuring a sharp pointed toe that commands attention. Sleek and sophisticated, this bootie pairs effortless elegance with bold attitude. The elevated heel creates a flattering silhouette, while the snug ankle fit provides support and structure. Perfect for transitioning from day to night, this versatile piece completes any outfit with timeless style and edge. 3.5 inch heel height 9.5 inch shaft circumference 6 inch shaft height Leather upper material Textile lining Vegan leather sock Synthetic sole Imported The SAVANAH BAG GREEN is a cargo-inspired shoulder bag that combines practical style with versatile design. This east-west satchel features tubular straps for comfortable carrying and comes adorned with decorative bag charms. A removable scarf adds an extra styling option, letting you customize the look to match your mood. Perfect for everyday adventures or weekend getaways. Shoulder bag Non-removable padlock Zipper closure Fits more than the essentials, including a phone, a full-size wallet, headphones, a makeup pouch, and sunglasses Shoulder strap: 9 inches 7in H x 14.5in W x 5in D Synthetic materials Duster bag included Imported Steve Madden HELEENA BOOTIE & SAVANAH BAG BUNDLE | Steve Madden Women's Heleena Bootie & Savanah Bag Bundle",297.95,297.95,https://cdn.shopify.com/s/files/1/2170/8465/files/SM_2026_Q3_MATCHBACKS_09_BSAVANAH_HELEENA_0805.jpg,Women's Shoes > Booties,Women's Shoes > Booties,03/10/2026,,FALSE,41839330951301,,IN STOCK,,"10, 6, 6.5, 7, 7.5, 8, 8.5, 9, 9.5",Multicolor,,,222,TRUE,TRUE,FALSE
Steve Madden,7325555589253,7325555589253,7325555589253,Steve Madden Women's Rocky Boot & Olga Bag Bundle,https://www.stevemadden.com/products/rocky-boot-olga-bag-bundle?utm_source=display&utm_medium=programmatic&utm_campaign=performance&utm_content=rtg,"The ROCKY knee boot features the wide profile of an engineer boot with harness and buckle hardware adding an industrial edge and giving the design an adjustable fit. Block heel engineer boot Slip-on style Top gore with 4 adjustable buckle straps 2 inch heel height Size 6 measurements: 14.57 inch shaft circumference, 12.5 inch shaft height Size 8 measurements: 15.50 inch shaft circumference, 13 inch shaft height Size 10 measurements: 16.44 inch shaft circumference, 13.5 inch shaft height For correct calf measurements, measure your bare calf at its widest circumference with your foot flat on the ground Leather upper material Textile and synthetic lining Synthetic sock Synthetic sole This product is made with premium leather and is individually hand finished. As a result, the product can vary slightly from the pictures. Fit tip: If you are in between sizes, size up a half-size Imported The OLGA BAG BROWN DISTRESSED is a soft, slouchy tote bag that effortlessly transitions from day to night. Featuring a secure zipper closure and a detachable scarf accent, this versatile bag combines comfort with contemporary style. The relaxed silhouette makes it the perfect companion for any occasion. Slouchy tote bag Removable scarf Top zipper closure Fits a full day's essentials, including a laptop, tablet, books, and a water bottle 10in H x 18in W x 3.25in D Synthetic materials Imported Steve Madden ROCKY BOOT & OLGA BAG BUNDLE | Steve Madden Women's Rocky Boot & Olga Bag Bundle","The ROCKY knee boot features the wide profile of an engineer boot with harness and buckle hardware adding an industrial edge and giving the design an adjustable fit. Block heel engineer boot Slip-on style Top gore with 4 adjustable buckle straps 2 inch heel height Size 6 measurements: 14.57 inch shaft circumference, 12.5 inch shaft height Size 8 measurements: 15.50 inch shaft circumference, 13 inch shaft height Size 10 measurements: 16.44 inch shaft circumference, 13.5 inch shaft height For correct calf measurements, measure your bare calf at its widest circumference with your foot flat on the ground Leather upper material Textile and synthetic lining Synthetic sock Synthetic sole This product is made with premium leather and is individually hand finished. As a result, the product can vary slightly from the pictures. Fit tip: If you are in between sizes, size up a half-size Imported The OLGA BAG BROWN DISTRESSED is a soft, slouchy tote bag that effortlessly transitions from day to night. Featuring a secure zipper closure and a detachable scarf accent, this versatile bag combines comfort with contemporary style. The relaxed silhouette makes it the perfect companion for any occasion. Slouchy tote bag Removable scarf Top zipper closure Fits a full day's essentials, including a laptop, tablet, books, and a water bottle 10in H x 18in W x 3.25in D Synthetic materials Imported Steve Madden ROCKY BOOT & OLGA BAG BUNDLE | Steve Madden Women's Rocky Boot & Olga Bag Bundle",271.95,271.95,https://cdn.shopify.com/s/files/1/2170/8465/files/SM_2026_Q3_MATCHBACKS_14_BOLGA_ROCKY_0365.jpg,Women's Shoes > Boots,Women's Shoes > Boots,03/10/2026,,FALSE,41839350841477,,IN STOCK,,"10, 11, 12, 5, 5.5, 6, 6.5, 7, 7.5, 8, 8.5, 9, 9.5",Multicolor,,,223,TRUE,TRUE,FALSE
Steve Madden,7326182965381,7326182965381,7326182965381,Steve Madden Women's Scratch Boot & Luxxar Bag Bundle,https://www.stevemadden.com/products/scratch-boot-luxxar-bag-bundle?utm_source=display&utm_medium=programmatic&utm_campaign=performance&utm_content=rtg,"Make a bold statement with the SCRATCH BLACK knee-high boot. This platform style features a sturdy block heel that delivers both comfort and confidence with every step. The sleek silhouette pairs effortlessly with any outfit, from casual denim to dressed-up looks. Built for all-day wear, this boot combines contemporary design with practical functionality. Elevate your footwear collection with a timeless piece that works as hard as you do. 6 inch heel height 2.5 inch platform 13 inch shaft circumference 15 inch shaft height Vegan leather upper material Textile lining Vegan leather sock Synthetic sole Imported The LUXXAR BAG BLACK combines practical sophistication with bohemian flair. This shoulder bag features a secure top-zipper closure and comes adorned with an attachable boho charm collection-choose from padlock, horseshoe, feather, and additional designs to personalize your look. An interior organizational pouch keeps essentials accessible, while the reinforced back wall provides durability for everyday wear. Perfect for those seeking a versatile bag that transitions seamlessly from work to weekend adventures. Shoulder bag Top-zipper closure Attachable boho bag charm Fits more than the essentials, including a phone, a full-size wallet, headphones, a makeup pouch, and sunglasses Shoulder strap: 10 inches 5.5in H x 12.75in W x 3.75in D Synthetic materials Duster bag included Imported Steve Madden SCRATCH BOOT & LUXXAR BAG BUNDLE | Steve Madden Women's Scratch Boot & Luxxar Bag Bundle","Make a bold statement with the SCRATCH BLACK knee-high boot. This platform style features a sturdy block heel that delivers both comfort and confidence with every step. The sleek silhouette pairs effortlessly with any outfit, from casual denim to dressed-up looks. Built for all-day wear, this boot combines contemporary design with practical functionality. Elevate your footwear collection with a timeless piece that works as hard as you do. 6 inch heel height 2.5 inch platform 13 inch shaft circumference 15 inch shaft height Vegan leather upper material Textile lining Vegan leather sock Synthetic sole Imported The LUXXAR BAG BLACK combines practical sophistication with bohemian flair. This shoulder bag features a secure top-zipper closure and comes adorned with an attachable boho charm collection-choose from padlock, horseshoe, feather, and additional designs to personalize your look. An interior organizational pouch keeps essentials accessible, while the reinforced back wall provides durability for everyday wear. Perfect for those seeking a versatile bag that transitions seamlessly from work to weekend adventures. Shoulder bag Top-zipper closure Attachable boho bag charm Fits more than the essentials, including a phone, a full-size wallet, headphones, a makeup pouch, and sunglasses Shoulder strap: 10 inches 5.5in H x 12.75in W x 3.75in D Synthetic materials Duster bag included Imported Steve Madden SCRATCH BOOT & LUXXAR BAG BUNDLE | Steve Madden Women's Scratch Boot & Luxxar Bag Bundle",257.95,257.95,https://cdn.shopify.com/s/files/1/2170/8465/files/SM_2026_Q3_MATCHBACKS_19_BLUXXAR_SCORN_0553_b72e33c7-fe6c-4364-b400-5d04b6dce8c1.jpg,Women's Shoes > Boots,Women's Shoes > Boots,03/10/2026,,FALSE,41840724115589,,IN STOCK,,"10, 11, 5, 5.5, 6, 6.5, 7, 7.5, 8, 8.5, 9, 9.5",Black,,,224,TRUE,TRUE,FALSE
Steve Madden,7329127661701,7329127661701,7329127661701,Steve Madden Women's Haelyn Block Heel Booties - Black - Size 5 - Leather,https://www.stevemadden.com/products/haelyn-black?utm_source=display&utm_medium=programmatic&utm_campaign=performance&utm_content=rtg,"The HAELYN BLACK is a striking ankle boot featuring a modern square toe silhouette and sturdy block heel. This versatile bootie pairs bold architectural lines with everyday comfort, making it an essential addition to any wardrobe. Perfect for transitioning between seasons, the square toe design offers a contemporary edge while the block heel provides stable, all-day wearability. 2.75 inch heel height 8.75 inch shaft circumference 6.25 inch shaft height Vegan leather upper material Textile lining Vegan leather sock Synthetic sole Imported Steve Madden HAELYN BLACK | 5 | Steve Madden Women's Haelyn Block Heel Booties - Black - Size 5 - Leather","The HAELYN BLACK is a striking ankle boot featuring a modern square toe silhouette and sturdy block heel. This versatile bootie pairs bold architectural lines with everyday comfort, making it an essential addition to any wardrobe. Perfect for transitioning between seasons, the square toe design offers a contemporary edge while the block heel provides stable, all-day wearability. 2.75 inch heel height 8.75 inch shaft circumference 6.25 inch shaft height Vegan leather upper material Textile lining Vegan leather sock Synthetic sole Imported Steve Madden HAELYN BLACK | 5 | Steve Madden Women's Haelyn Block Heel Booties - Black - Size 5 - Leather",109.95,109.95,https://cdn.shopify.com/s/files/1/2170/8465/files/STEVEMADDEN_SHOES_HAELYN_BLACK01.jpg,Women's Shoes > Booties,Women's Shoes > Booties,03/10/2026,,FALSE,41855636504709,,IN STOCK,,"10, 11, 5, 5.5, 6, 6.5, 7, 7.5, 8, 8.5, 9, 9.5",Black,,,225,TRUE,TRUE,FALSE
Steve Madden,7342571192453,7342571192453,7342571192453,Steve Madden Women's Lochlan Block Heel Booties - Black - Size 5 - Leather,https://www.stevemadden.com/products/lochlan-black-leather?utm_source=display&utm_medium=programmatic&utm_campaign=performance&utm_content=rtg,"The LOCHLAN BLACK LEATHER is a sleek ankle boot designed for everyday versatility. This bootie features a sturdy block heel that delivers comfort and stability for all-day wear. Crafted from premium materials, it combines classic style with modern functionality, making it an essential addition to any footwear collection. 3.25 inch heel height 1.25 inch platform 10.25 inch shaft circumference 5.5 inch shaft height Leather upper material Textile lining Vegan leather sock Synthetic sole Imported Steve Madden LOCHLAN BLACK LEATHER | 5 | Steve Madden Women's Lochlan Block Heel Booties - Black - Size 5 - Leather","The LOCHLAN BLACK LEATHER is a sleek ankle boot designed for everyday versatility. This bootie features a sturdy block heel that delivers comfort and stability for all-day wear. Crafted from premium materials, it combines classic style with modern functionality, making it an essential addition to any footwear collection. 3.25 inch heel height 1.25 inch platform 10.25 inch shaft circumference 5.5 inch shaft height Leather upper material Textile lining Vegan leather sock Synthetic sole Imported Steve Madden LOCHLAN BLACK LEATHER | 5 | Steve Madden Women's Lochlan Block Heel Booties - Black - Size 5 - Leather",169.95,169.95,https://cdn.shopify.com/s/files/1/2170/8465/files/STEVEMADDEN_SHOES_LOCHLAN_BLACK-LEATHER01.jpg,Women's Shoes > Booties,Women's Shoes > Booties,03/10/2026,,FALSE,41933448773765,,IN STOCK,,"10, 11, 5, 5.5, 6, 6.5, 7, 7.5, 8, 8.5, 9, 9.5",Black,,,226,TRUE,TRUE,FALSE
Steve Madden,7156268728453,7156268728453,7156268728453,Steve Madden Women's Benji Cuffed Booties - Taupe Suede - Size 9,https://www.stevemadden.com/products/benji-taupe-suede?utm_source=display&utm_medium=programmatic&utm_campaign=performance&utm_content=rtg,"The BENJI ankle boot features a sophisticated cuffed fold-over design combined with a sleek moto-inspired silhouette. Its unique buckle detail on the back adds a distinctive edge, blending style with subtle functionality. Crafted for both comfort and statement-making appeal, this bootie elevates any outfit with expert craftsmanship and contemporary flair. 1.75 inch heel height 13.75 inch shaft circumference 6.5 inch shaft height Suede upper material Synthetic lining Synthetic sock Synthetic sole Imported Steve Madden BENJI TAUPE SUEDE | 9 | Steve Madden Women's Benji Cuffed Booties - Taupe Suede - Size 9","The BENJI ankle boot features a sophisticated cuffed fold-over design combined with a sleek moto-inspired silhouette. Its unique buckle detail on the back adds a distinctive edge, blending style with subtle functionality. Crafted for both comfort and statement-making appeal, this bootie elevates any outfit with expert craftsmanship and contemporary flair. 1.75 inch heel height 13.75 inch shaft circumference 6.5 inch shaft height Suede upper material Synthetic lining Synthetic sock Synthetic sole Imported Steve Madden BENJI TAUPE SUEDE | 9 | Steve Madden Women's Benji Cuffed Booties - Taupe Suede - Size 9",99.95,99.95,https://cdn.shopify.com/s/files/1/2170/8465/files/STEVEMADDEN_SHOES_BENJI_TAUPE-SUEDE_01.jpg,Women's Shoes > Booties,Women's Shoes > Booties,03/10/2026,,FALSE,41228384731269,,IN STOCK,,"10, 11, 5, 5.5, 6, 6.5, 7, 7.5, 8, 8.5, 9, 9.5",Taupe Suede,,,227,TRUE,TRUE,FALSE
Steve Madden,7156522680453,7156522680453,7156522680453,Steve Madden Women's Drift Ankle Booties - Black - Size 9 - Leather,https://www.stevemadden.com/products/drift-black-leather?utm_source=display&utm_medium=programmatic&utm_campaign=performance&utm_content=rtg,"The DRIFT ankle boot combines rugged, moto-inspired style with refined craftsmanship. Featuring a distinctive platform sole and a unique zipper design, this bootie offers both bold aesthetics and easy wearability. Crafted from premium materials, it delivers durability and a sleek finish, making it a versatile choice for elevating your footwear collection with an expert edge. 2.25 inch heel height 1.25 inch platform 11.5 inch shaft circumference 4 inch shaft height Leather upper material Synthetic lining and unlined shaft Synthetic sock Synthetic sole Imported Steve Madden DRIFT BLACK LEATHER | 9 | Steve Madden Women's Drift Ankle Booties - Black - Size 9 - Leather","The DRIFT ankle boot combines rugged, moto-inspired style with refined craftsmanship. Featuring a distinctive platform sole and a unique zipper design, this bootie offers both bold aesthetics and easy wearability. Crafted from premium materials, it delivers durability and a sleek finish, making it a versatile choice for elevating your footwear collection with an expert edge. 2.25 inch heel height 1.25 inch platform 11.5 inch shaft circumference 4 inch shaft height Leather upper material Synthetic lining and unlined shaft Synthetic sock Synthetic sole Imported Steve Madden DRIFT BLACK LEATHER | 9 | Steve Madden Women's Drift Ankle Booties - Black - Size 9 - Leather",79.99,139.95,https://cdn.shopify.com/s/files/1/2170/8465/files/STEVEMADDEN_SHOES_DRIFT_BLACK-LEATHER.jpg,Women's Shoes > Booties,Women's Shoes > Booties,03/10/2026,,FALSE,41229569654917,,IN STOCK,,"8, 9",Black,,,228,TRUE,TRUE,TRUE
Steve Madden,7158389440645,7158389440645,7158389440645,Steve Madden Women's Tyra Block Heel Booties - Black - Size 11 - Leather,https://www.stevemadden.com/products/tyra-black-leather?utm_source=display&utm_medium=programmatic&utm_campaign=performance&utm_content=rtg,"Elevate your footwear collection with the TYRA BLACK LEATHER platform block heel ankle boot. Crafted from premium materials, this bootie offers both style and stability with its sturdy block heel and platform sole. The ankle height provides versatile wearability, making it ideal for dressing up or adding edge to casual looks. Durable construction ensures lasting comfort and support, perfect for extended wear. An expert choice for those seeking a modern, confident silhouette. 4 inch heel height 1.25 inch platform Leather upper material Textile and synthetic lining Synthetic sock Synthetic sole Imported Steve Madden TYRA BLACK LEATHER | 11 | Steve Madden Women's Tyra Block Heel Booties - Black - Size 11 - Leather","Elevate your footwear collection with the TYRA BLACK LEATHER platform block heel ankle boot. Crafted from premium materials, this bootie offers both style and stability with its sturdy block heel and platform sole. The ankle height provides versatile wearability, making it ideal for dressing up or adding edge to casual looks. Durable construction ensures lasting comfort and support, perfect for extended wear. An expert choice for those seeking a modern, confident silhouette. 4 inch heel height 1.25 inch platform Leather upper material Textile and synthetic lining Synthetic sock Synthetic sole Imported Steve Madden TYRA BLACK LEATHER | 11 | Steve Madden Women's Tyra Block Heel Booties - Black - Size 11 - Leather",99.99,139.95,https://cdn.shopify.com/s/files/1/2170/8465/files/STEVEMADDEN_SHOES_TYRA_BLACK-LEATHER01.jpg,Women's Shoes > Booties,Women's Shoes > Booties,03/10/2026,,FALSE,41235293274245,,IN STOCK,,"10, 11",Black,,,229,TRUE,TRUE,TRUE
Steve Madden,7158389538949,7158389538949,7158389538949,Steve Madden Women's Fusion Block Heel Booties - Banana - Size 9.5 - Leather,https://www.stevemadden.com/products/fusion-banana-leather?utm_source=display&utm_medium=programmatic&utm_campaign=performance&utm_content=rtg,"The FUSION BANANA LEATHER bootie features a modern square-toe silhouette paired with a sturdy block heel, delivering both contemporary style and reliable support. This ankle boot design offers versatile everyday wear with a polished aesthetic. Perfect for transitioning seamlessly from office to evening occasions. 3.5 inch heel height .75 inch platform 11.25 inch shaft circumference 7.5 inch shaft height Leather upper material Leather lining Leather sock Synthetic sole Imported Steve Madden FUSION BANANA LEATHER | 9.5 | Steve Madden Women's Fusion Block Heel Booties - Banana - Size 9.5 - Leather","The FUSION BANANA LEATHER bootie features a modern square-toe silhouette paired with a sturdy block heel, delivering both contemporary style and reliable support. This ankle boot design offers versatile everyday wear with a polished aesthetic. Perfect for transitioning seamlessly from office to evening occasions. 3.5 inch heel height .75 inch platform 11.25 inch shaft circumference 7.5 inch shaft height Leather upper material Leather lining Leather sock Synthetic sole Imported Steve Madden FUSION BANANA LEATHER | 9.5 | Steve Madden Women's Fusion Block Heel Booties - Banana - Size 9.5 - Leather",119.99,149.95,https://cdn.shopify.com/s/files/1/2170/8465/files/STEVEMADDEN_WOMENS_FUSION_BANANA-LEATHER_01.jpg,Women's Shoes > Booties,Women's Shoes > Booties,03/10/2026,,FALSE,41235294683269,,IN STOCK,,"10, 9, 9.5",Banana,,,230,TRUE,TRUE,TRUE
Steve Madden,7159515414661,7159515414661,7159515414661,Steve Madden Women's Jeter Ankle Booties - Black - Size 8 - Leather,https://www.stevemadden.com/products/jeter-black?utm_source=display&utm_medium=programmatic&utm_campaign=performance&utm_content=rtg,"The JETER ankle bootie features a distinctive square-toe design that blends modern edge with classic sophistication. Crafted with a sleek finish, this boot offers both style and versatility, making it an essential addition to any expert wardrobe. Its streamlined silhouette ensures a comfortable fit while elevating your look for day-to-night wear. 2 inch heel height 9 inch shaft circumference 6.5 inch shaft height Vegan leather upper material Textile lining Vegan leather sock Synthetic sole Imported Steve Madden JETER BLACK | 8 | Steve Madden Women's Jeter Ankle Booties - Black - Size 8 - Leather","The JETER ankle bootie features a distinctive square-toe design that blends modern edge with classic sophistication. Crafted with a sleek finish, this boot offers both style and versatility, making it an essential addition to any expert wardrobe. Its streamlined silhouette ensures a comfortable fit while elevating your look for day-to-night wear. 2 inch heel height 9 inch shaft circumference 6.5 inch shaft height Vegan leather upper material Textile lining Vegan leather sock Synthetic sole Imported Steve Madden JETER BLACK | 8 | Steve Madden Women's Jeter Ankle Booties - Black - Size 8 - Leather",69.99,159.95,https://cdn.shopify.com/s/files/1/2170/8465/files/STEVEMADDEN_SHOES_JETER_BLACK_101.jpg,Women's Shoes > Booties,Women's Shoes > Booties,03/10/2026,,FALSE,41237977497733,,IN STOCK,,"8, 8.5, 9",Black,,,231,TRUE,TRUE,TRUE
Steve Madden,7159617814661,7159617814661,7159617814661,Steve Madden Women's Luca Cuffed Boots - Denim Fabric - Size 6.5 - Synthetic,https://www.stevemadden.com/products/luca-d-denim-fabric?utm_source=display&utm_medium=programmatic&utm_campaign=performance&utm_content=rtg,"The LUCA boot features a sleek pointed-toe and a comfortable kitten heel, expertly crafted from high-quality materials. This design offers a sophisticated, streamlined look that enhances any outfit, providing subtle elevation without sacrificing comfort. Ideal for professional settings or stylish everyday wear, this boot combines timeless elegance with practical wearability. 2 inch heel height 15.5 inch shaft circumference 15.5 inch shaft height Textile upper material Synthetic lining Synthetic sock Synthetic sole Imported Steve Madden LUCA DENIM FABRIC | 6.5 | Steve Madden Women's Luca Cuffed Boots - Denim Fabric - Size 6.5 - Synthetic","The LUCA boot features a sleek pointed-toe and a comfortable kitten heel, expertly crafted from high-quality materials. This design offers a sophisticated, streamlined look that enhances any outfit, providing subtle elevation without sacrificing comfort. Ideal for professional settings or stylish everyday wear, this boot combines timeless elegance with practical wearability. 2 inch heel height 15.5 inch shaft circumference 15.5 inch shaft height Textile upper material Synthetic lining Synthetic sock Synthetic sole Imported Steve Madden LUCA DENIM FABRIC | 6.5 | Steve Madden Women's Luca Cuffed Boots - Denim Fabric - Size 6.5 - Synthetic",149.99,199.95,https://cdn.shopify.com/s/files/1/2170/8465/files/STEVEMADDEN_SHOES_LUCA-D_DENIM-FABRIC.jpg,Women's Shoes > Boots,Women's Shoes > Boots,03/10/2026,,FALSE,41238351741061,,IN STOCK,,"6, 6.5, 7",Denim Fabric,,,232,TRUE,TRUE,TRUE
Steve Madden,7159927636101,7159927636101,7159927636101,Steve Madden Women's Lowa Ankle Booties - Brown - Size 11 - Leather,https://www.stevemadden.com/products/lowa-brown-leather?utm_source=display&utm_medium=programmatic&utm_campaign=performance&utm_content=rtg,"The LOWA BROWN LEATHER platform lug Chelsea ankle boot combines rugged durability with sleek style. Crafted from premium materials, this bootie features a platform lug sole that provides enhanced traction and stability. Its classic Chelsea design with elastic side panels ensures easy on-and-off wear while maintaining a streamlined silhouette. Ideal for both urban and outdoor settings, this boot delivers expert-level comfort and lasting performance. 1.5 inch heel height 9.5 inch shaft circumference 7.75 inch shaft height Leather and textile upper material Textile and synthetic lining Synthetic sock Synthetic sole Imported Steve Madden LOWA BROWN LEATHER | 11 | Steve Madden Women's Lowa Ankle Booties - Brown - Size 11 - Leather","The LOWA BROWN LEATHER platform lug Chelsea ankle boot combines rugged durability with sleek style. Crafted from premium materials, this bootie features a platform lug sole that provides enhanced traction and stability. Its classic Chelsea design with elastic side panels ensures easy on-and-off wear while maintaining a streamlined silhouette. Ideal for both urban and outdoor settings, this boot delivers expert-level comfort and lasting performance. 1.5 inch heel height 9.5 inch shaft circumference 7.75 inch shaft height Leather and textile upper material Textile and synthetic lining Synthetic sock Synthetic sole Imported Steve Madden LOWA BROWN LEATHER | 11 | Steve Madden Women's Lowa Ankle Booties - Brown - Size 11 - Leather",79.99,129.95,https://cdn.shopify.com/s/files/1/2170/8465/files/STEVEMADDEN_SHOES_LOWA_BROWN-LEATHER_01.jpg,Women's Shoes > Booties,Women's Shoes > Booties,03/10/2026,,FALSE,41239505272965,,IN STOCK,,"10, 11, 5, 5.5, 6, 6.5, 7, 7.5, 8, 8.5, 9, 9.5",Brown,,,233,TRUE,TRUE,TRUE
Steve Madden,7161667846277,7161667846277,7161667846277,Steve Madden Women's Stasia Ankle Booties - Natural Snake - Size 5.5 - Leather,https://www.stevemadden.com/products/stasia-natural-snake?utm_source=display&utm_medium=programmatic&utm_campaign=performance&utm_content=rtg,"Complete your outfit with the STASIA ankle bootie. This versatile bootie features a trendy kitten heel and pointed-toe, providing style and comfort. This shoe is the perfect addition to your wardrobe for any occasion. Elevate any look with these must-have booties. 2.5 inch heel height 9 inch shaft circumference 6.5 inch shaft height Vegan leather upper material Textile lining Vegan leather sock Synthetic sole Imported Steve Madden STASIA NATURAL SNAKE | 5.5 | Steve Madden Women's Stasia Ankle Booties - Natural Snake - Size 5.5 - Leather","Complete your outfit with the STASIA ankle bootie. This versatile bootie features a trendy kitten heel and pointed-toe, providing style and comfort. This shoe is the perfect addition to your wardrobe for any occasion. Elevate any look with these must-have booties. 2.5 inch heel height 9 inch shaft circumference 6.5 inch shaft height Vegan leather upper material Textile lining Vegan leather sock Synthetic sole Imported Steve Madden STASIA NATURAL SNAKE | 5.5 | Steve Madden Women's Stasia Ankle Booties - Natural Snake - Size 5.5 - Leather",69.99,149.95,https://cdn.shopify.com/s/files/1/2170/8465/files/STEVEMADDEN_SHOES_STASIA_NATURAL-SNAKE_01.jpg,Women's Shoes > Booties,Women's Shoes > Booties,03/10/2026,,FALSE,41244230811781,,IN STOCK,,"5, 5.5, 6",Natural Snake,,,234,TRUE,TRUE,TRUE
Steve Madden,7162437632133,7162437632133,7162437632133,Steve Madden Women's Nexie Ankle Booties - Taupe Suede - Size 7.5 - Leather,https://www.stevemadden.com/products/nexie-taupe-suede?utm_source=display&utm_medium=programmatic&utm_campaign=performance&utm_content=rtg,"The NEXIE ankle bootie combines refined style with versatile comfort. Crafted from quality materials, it offers a sophisticated look that pairs effortlessly with both casual and dressier outfits. Its ankle-height design provides support and a flattering silhouette, making it an essential addition to any expert wardrobe. 1.25 inch heel height 9.75 inch shaft circumference 6.25 inch shaft height Suede upper material Unlined Leather sock Synthetic sole Imported Steve Madden NEXIE TAUPE SUEDE | 7.5 | Steve Madden Women's Nexie Ankle Booties - Taupe Suede - Size 7.5 - Leather","The NEXIE ankle bootie combines refined style with versatile comfort. Crafted from quality materials, it offers a sophisticated look that pairs effortlessly with both casual and dressier outfits. Its ankle-height design provides support and a flattering silhouette, making it an essential addition to any expert wardrobe. 1.25 inch heel height 9.75 inch shaft circumference 6.25 inch shaft height Suede upper material Unlined Leather sock Synthetic sole Imported Steve Madden NEXIE TAUPE SUEDE | 7.5 | Steve Madden Women's Nexie Ankle Booties - Taupe Suede - Size 7.5 - Leather",69.99,159.95,https://cdn.shopify.com/s/files/1/2170/8465/files/STEVEMADDEN_SHOES_NEXIE_TAUPE-SUEDE.jpg,Women's Shoes > Booties,Women's Shoes > Booties,03/10/2026,,FALSE,41247148474501,,IN STOCK,,"5.5, 6, 6.5, 7, 7.5, 8, 9, 9.5",Taupe Suede,,,235,TRUE,TRUE,TRUE
Steve Madden,7166521507973,7166521507973,7166521507973,Steve Madden Women's Rocky Wide Calf Knee High Boots - Brown Distressed - Size 6.5W - Leather,https://www.stevemadden.com/products/rocky-w-brown-distressed?utm_source=display&utm_medium=programmatic&utm_campaign=performance&utm_content=rtg,"The ROCKY BROWN DISTRESSED WIDE CALF knee boot features the wide profile of an engineer boot with harness and buckle hardware adding an industrial edge and giving the design an adjustable fit. Block heel engineer boot Slip-on style Top gore with 4 adjustable buckle straps 2 inch heel height Size 6 measurements: 15.55 inch shaft circumference, 12.5 inch shaft height Size 8 measurements: 16.49 inch shaft circumference, 13 inch shaft height Size 10 measurements: 17.43 inch shaft circumference, 13.5 inch shaft height For correct calf measurements, measure your bare calf at its widest circumference with your foot flat on the ground Leather upper material Textile lining Synthetic sock Synthetic sole This product is made with premium leather and is individually hand finished. As a result, the product can vary slightly from the pictures. Fit tip: If you are in between sizes, size up a half-size Imported Steve Madden ROCKY BROWN DISTRESSED WIDE CALF | 6.5W | Steve Madden Women's Rocky Wide Calf Knee High Boots - Brown Distressed - Size 6.5W - Leather","The ROCKY BROWN DISTRESSED WIDE CALF knee boot features the wide profile of an engineer boot with harness and buckle hardware adding an industrial edge and giving the design an adjustable fit. Block heel engineer boot Slip-on style Top gore with 4 adjustable buckle straps 2 inch heel height Size 6 measurements: 15.55 inch shaft circumference, 12.5 inch shaft height Size 8 measurements: 16.49 inch shaft circumference, 13 inch shaft height Size 10 measurements: 17.43 inch shaft circumference, 13.5 inch shaft height For correct calf measurements, measure your bare calf at its widest circumference with your foot flat on the ground Leather upper material Textile lining Synthetic sock Synthetic sole This product is made with premium leather and is individually hand finished. As a result, the product can vary slightly from the pictures. Fit tip: If you are in between sizes, size up a half-size Imported Steve Madden ROCKY BROWN DISTRESSED WIDE CALF | 6.5W | Steve Madden Women's Rocky Wide Calf Knee High Boots - Brown Distressed - Size 6.5W - Leather",159.95,159.95,https://cdn.shopify.com/s/files/1/2170/8465/files/STEVEMADDEN_SHOES_ROCKY-W_BROWN-DISTRESSED_01-new.jpg,Women's Shoes > Boots,Women's Shoes > Boots,03/10/2026,,FALSE,41257524854917,,IN STOCK,,"6.0W, 6.5W, 7.0W",Brown Distressed,,,236,TRUE,TRUE,FALSE
Steve Madden,7166521606277,7166521606277,7166521606277,Steve Madden Women's Diablo Ankle Booties - Taupe Suede - Size 8.5,https://www.stevemadden.com/products/diablo-taupe-suede?utm_source=display&utm_medium=programmatic&utm_campaign=performance&utm_content=rtg,"Elevate your footwear collection with the DIABLO TAUPE SUEDE ankle boot. Crafted from premium materials, this bootie features sophisticated gold detailing that adds a refined touch to any outfit. Its sleek silhouette offers both style and versatility, making it an expert choice for day-to-night wear. Durable construction ensures long-lasting comfort and support, perfect for those seeking quality and elegance in one statement piece. 1.25 inch heel height 5.75 inch shaft circumference 10.5 inch shaft height Suede upper material Synthetic lining Synthetic sock Synthetic sole Imported Steve Madden DIABLO TAUPE SUEDE | 8.5 | Steve Madden Women's Diablo Ankle Booties - Taupe Suede - Size 8.5","Elevate your footwear collection with the DIABLO TAUPE SUEDE ankle boot. Crafted from premium materials, this bootie features sophisticated gold detailing that adds a refined touch to any outfit. Its sleek silhouette offers both style and versatility, making it an expert choice for day-to-night wear. Durable construction ensures long-lasting comfort and support, perfect for those seeking quality and elegance in one statement piece. 1.25 inch heel height 5.75 inch shaft circumference 10.5 inch shaft height Suede upper material Synthetic lining Synthetic sock Synthetic sole Imported Steve Madden DIABLO TAUPE SUEDE | 8.5 | Steve Madden Women's Diablo Ankle Booties - Taupe Suede - Size 8.5",49.99,129.95,https://cdn.shopify.com/s/files/1/2170/8465/files/STEVEMADDEN_SHOES_DIABLO_TAUPE-SUEDE_01.jpg,Women's Shoes > Booties,Women's Shoes > Booties,03/10/2026,,FALSE,41257525870725,,IN STOCK,,"10, 6, 6.5, 7, 7.5, 8, 8.5, 9, 9.5",Taupe Suede,,,237,TRUE,TRUE,TRUE
Steve Madden,7169606058117,7169606058117,7169606058117,Steve Madden Women's Ravine Cuffed Boots - Black - Size 10 - Leather,https://www.stevemadden.com/products/ravine-black?utm_source=display&utm_medium=programmatic&utm_campaign=performance&utm_content=rtg,"Expertly crafted and designed, the RAVINE cuffed knee-high boot features an open toe and stiletto heel for a stylish touch. The rounded toe provides comfort while the sleek design adds a touch of sophistication. Elevate your look with this must-have boot. 4 inch heel height 15.25 inch shaft circumference 11.25 inch shaft height Vegan leather upper material Vegan leather lining Vegan leather sock Synthetic sole Fit tip: If you are in between sizes, size up a half-size Imported Steve Madden RAVINE BLACK | 10 | Steve Madden Women's Ravine Cuffed Boots - Black - Size 10 - Leather","Expertly crafted and designed, the RAVINE cuffed knee-high boot features an open toe and stiletto heel for a stylish touch. The rounded toe provides comfort while the sleek design adds a touch of sophistication. Elevate your look with this must-have boot. 4 inch heel height 15.25 inch shaft circumference 11.25 inch shaft height Vegan leather upper material Vegan leather lining Vegan leather sock Synthetic sole Fit tip: If you are in between sizes, size up a half-size Imported Steve Madden RAVINE BLACK | 10 | Steve Madden Women's Ravine Cuffed Boots - Black - Size 10 - Leather",79.99,199.95,https://cdn.shopify.com/s/files/1/2170/8465/files/STEVEMADDEN_SHOES_RAVINE_BLACK-LEATHER_aba92be2-a914-4fd3-b38e-a5b7f1bc5634.jpg,Women's Shoes > Boots,Women's Shoes > Boots,03/10/2026,,FALSE,41265978081413,,IN STOCK,,"10, 12, 5, 5.5, 6, 6.5, 9, 9.5",Black,,,238,TRUE,TRUE,TRUE
Steve Madden,7172278812805,7172278812805,7172278812805,Steve Madden Women's Aria Wide Calf Knee High Boots - Black - Size 5.5W - Leather,https://www.stevemadden.com/products/aria-w-black?utm_source=display&utm_medium=programmatic&utm_campaign=performance&utm_content=rtg,"Elevate your style with our ARIA BLACK WIDE CALF knee-high heeled boot. Crafted with a sleek design, these boots will add a touch of sophistication to any outfit. You can confidently step out in style with a comfortable heel height and secure fit. Perfect for any fashion-forward individual. 4 inch heel height Size 6 measurements: 13.58 inch shaft circumference, 14.5 inch shaft height Size 8 measurements: 14.37 inch shaft circumference, 15.75 inch shaft height Size 10 measurements: 15.16 inch shaft circumference, 16.5 inch shaft height For correct calf measurements, measure your bare calf at its widest circumference with your foot flat on the ground Features stretch material for a flexible fit - may allow for additional calf circumference beyond listed measurements Vegan leather upper material Textile lining Vegan leather sock Synthetic sole Imported Steve Madden ARIA BLACK WIDE CALF | 5.5W | Steve Madden Women's Aria Wide Calf Knee High Boots - Black - Size 5.5W - Leather","Elevate your style with our ARIA BLACK WIDE CALF knee-high heeled boot. Crafted with a sleek design, these boots will add a touch of sophistication to any outfit. You can confidently step out in style with a comfortable heel height and secure fit. Perfect for any fashion-forward individual. 4 inch heel height Size 6 measurements: 13.58 inch shaft circumference, 14.5 inch shaft height Size 8 measurements: 14.37 inch shaft circumference, 15.75 inch shaft height Size 10 measurements: 15.16 inch shaft circumference, 16.5 inch shaft height For correct calf measurements, measure your bare calf at its widest circumference with your foot flat on the ground Features stretch material for a flexible fit - may allow for additional calf circumference beyond listed measurements Vegan leather upper material Textile lining Vegan leather sock Synthetic sole Imported Steve Madden ARIA BLACK WIDE CALF | 5.5W | Steve Madden Women's Aria Wide Calf Knee High Boots - Black - Size 5.5W - Leather",49.99,139.95,https://cdn.shopify.com/s/files/1/2170/8465/files/STEVEMADDEN_SHOES_ARIA-W_BLACK_01.jpg,Women's Shoes > Boots,Women's Shoes > Boots,03/10/2026,,FALSE,41274241220741,,IN STOCK,,"5.0W, 5.5W",Black,,,239,TRUE,TRUE,TRUE
Steve Madden,7113840525445,7113840525445,7113840525445,Steve Madden Women's Riggs Leather Wide Calf Knee High Boots - Black - Size 8.5W,https://www.stevemadden.com/products/riggs-w-black-leather?utm_source=display&utm_medium=programmatic&utm_campaign=performance&utm_content=rtg,"Effortlessly elevate your style with the RIGGS BLACK LEATHER WIDE CALF boot. With its square-toe and sleek design, this just-under-the-knee boot is a must-have for any fashion-conscious individual. This timeless boot provides both comfort and sophistication, making it the perfect addition to any outfit. 1.75 inch heel height Size 6 measurements: 15.16 inch shaft circumference, 13.25 inch shaft height Size 8 measurements: 16.10 inch shaft circumference, 14 inch shaft height Size 10 measurements: 17.03 inch shaft circumference, 14.75 inch shaft height For correct calf measurements, measure your bare calf at its widest circumference with your foot flat on the ground Leather upper material Synthetic lining Synthetic sock Synthetic sole Fit tip: If you are in between sizes, size up a half-size Imported Steve Madden RIGGS BLACK LEATHER WIDE CALF | 8.5W | Steve Madden Women's Riggs Leather Wide Calf Knee High Boots - Black - Size 8.5W","Effortlessly elevate your style with the RIGGS BLACK LEATHER WIDE CALF boot. With its square-toe and sleek design, this just-under-the-knee boot is a must-have for any fashion-conscious individual. This timeless boot provides both comfort and sophistication, making it the perfect addition to any outfit. 1.75 inch heel height Size 6 measurements: 15.16 inch shaft circumference, 13.25 inch shaft height Size 8 measurements: 16.10 inch shaft circumference, 14 inch shaft height Size 10 measurements: 17.03 inch shaft circumference, 14.75 inch shaft height For correct calf measurements, measure your bare calf at its widest circumference with your foot flat on the ground Leather upper material Synthetic lining Synthetic sock Synthetic sole Fit tip: If you are in between sizes, size up a half-size Imported Steve Madden RIGGS BLACK LEATHER WIDE CALF | 8.5W | Steve Madden Women's Riggs Leather Wide Calf Knee High Boots - Black - Size 8.5W",199.95,199.95,https://cdn.shopify.com/s/files/1/2170/8465/files/STEVEMADDEN_SHOES_RIGGS-W_BLACK-LEATHER_01.jpg,Women's Shoes > Boots,Women's Shoes > Boots,03/10/2026,,FALSE,41281399980165,,IN STOCK,,"10.0W, 11.0W, 6.0W, 6.5W, 7.0W, 7.5W, 8.0W, 8.5W, 9.0W, 9.5W",Black,,,240,TRUE,TRUE,FALSE
Steve Madden,7174938001541,7174938001541,7174938001541,Steve Madden Women's Skyline Block Heel Boots - Taupe Suede - Size 8,https://www.stevemadden.com/products/skyline-taupe-suede?utm_source=display&utm_medium=programmatic&utm_campaign=performance&utm_content=rtg,"Elevate your style with the SKYLINE knee-high boots. These boots feature a sleek pointed-toe design and a sturdy block heel, providing both fashion and comfort. Made with high-quality materials, they are sure to be a staple in your wardrobe for years to come. 2.5 inch heel height Size 6 measurements: 15.25 inch shaft circumference, 15.75 inch shaft height Size 8 measurements: 16 inch shaft circumference, 16.25 inch shaft height Size 10 measurements: 16.75 inch shaft circumference, 16.75 inch shaft height Suede upper material Textile and synthetic lining Synthetic sock Synthetic sole Fit tip: If you are in between sizes, size up a half-size Imported Steve Madden SKYLINE TAUPE SUEDE | 8 | Steve Madden Women's Skyline Block Heel Boots - Taupe Suede - Size 8","Elevate your style with the SKYLINE knee-high boots. These boots feature a sleek pointed-toe design and a sturdy block heel, providing both fashion and comfort. Made with high-quality materials, they are sure to be a staple in your wardrobe for years to come. 2.5 inch heel height Size 6 measurements: 15.25 inch shaft circumference, 15.75 inch shaft height Size 8 measurements: 16 inch shaft circumference, 16.25 inch shaft height Size 10 measurements: 16.75 inch shaft circumference, 16.75 inch shaft height Suede upper material Textile and synthetic lining Synthetic sock Synthetic sole Fit tip: If you are in between sizes, size up a half-size Imported Steve Madden SKYLINE TAUPE SUEDE | 8 | Steve Madden Women's Skyline Block Heel Boots - Taupe Suede - Size 8",79.99,189.95,https://cdn.shopify.com/s/files/1/2170/8465/files/STEVEMADDEN_SHOES_SKYLINE_TAUPE-SUEDE_101_d7c3a5fc-de20-4f1a-b5f8-6edea5256b56.jpg,Women's Shoes > Boots,Women's Shoes > Boots,03/10/2026,,FALSE,41283870621829,,IN STOCK,,"10, 11, 5, 5.5, 6, 6.5, 7, 7.5, 8, 8.5, 9, 9.5",Taupe Suede,,,241,TRUE,TRUE,TRUE
Steve Madden,7179176673413,7179176673413,7179176673413,Steve Madden Women's Astor Leather Wide Calf Knee High Boots - Black - Size 6.5W,https://www.stevemadden.com/products/astor-w-black-leather?utm_source=display&utm_medium=programmatic&utm_campaign=performance&utm_content=rtg,"The ASTOR BLACK LEATHER WIDE CALF square toe boot features a slouchy mid-calf silhouette reinforced with strap accents and substantial buckle hardware. A wide sole with a block heel provides a solid foundation for this engineer-inspired design. Square toe block heel engineer boot Slip-on style Heel harness strap with hardware Top gore with 2 buckle straps for adjustable fit 2 inch heel height Size 6 measurements: 15.55 inch shaft circumference, 11.5 inch shaft height Size 8 measurements: 16.49 inch shaft circumference, 12 inch shaft height Size 10 measurements: 17.43 inch shaft circumference, 12.5 inch shaft height For correct calf measurements, measure your bare calf at its widest circumference with your foot flat on the ground Leather upper material Leather lining Leather sock Synthetic sole Imported Steve Madden ASTOR BLACK LEATHER WIDE CALF | 6.5W | Steve Madden Women's Astor Leather Wide Calf Knee High Boots - Black - Size 6.5W","The ASTOR BLACK LEATHER WIDE CALF square toe boot features a slouchy mid-calf silhouette reinforced with strap accents and substantial buckle hardware. A wide sole with a block heel provides a solid foundation for this engineer-inspired design. Square toe block heel engineer boot Slip-on style Heel harness strap with hardware Top gore with 2 buckle straps for adjustable fit 2 inch heel height Size 6 measurements: 15.55 inch shaft circumference, 11.5 inch shaft height Size 8 measurements: 16.49 inch shaft circumference, 12 inch shaft height Size 10 measurements: 17.43 inch shaft circumference, 12.5 inch shaft height For correct calf measurements, measure your bare calf at its widest circumference with your foot flat on the ground Leather upper material Leather lining Leather sock Synthetic sole Imported Steve Madden ASTOR BLACK LEATHER WIDE CALF | 6.5W | Steve Madden Women's Astor Leather Wide Calf Knee High Boots - Black - Size 6.5W",159.95,159.95,https://cdn.shopify.com/s/files/1/2170/8465/files/STEVEMADDEN_SHOES_ASTOR-W_BLACK-LEATHER_01_86738942-fc52-4252-b901-257bb2d0003d.jpg,Women's Shoes > Boots,Women's Shoes > Boots,03/10/2026,,FALSE,41298931351685,,IN STOCK,,"11.0W, 6.0W, 6.5W",Black,,,242,TRUE,TRUE,FALSE
Steve Madden,7179176706181,7179176706181,7179176706181,Steve Madden Women's Astor Leather Wide Calf Knee High Boots - Brown - Size 9.5W,https://www.stevemadden.com/products/astor-w-brown-leather?utm_source=display&utm_medium=programmatic&utm_campaign=performance&utm_content=rtg,"The ASTOR BROWN LEATHER WIDE CALF square toe boot features a slouchy mid-calf silhouette reinforced with strap accents and substantial buckle hardware. A wide sole with a block heel provides a solid foundation for this engineer-inspired design. Square toe block heel engineer boot Slip-on style Heel harness strap with hardware Top gore with 2 buckle straps for adjustable fit 2 inch heel height Size 6 measurements: 15.55 inch shaft circumference, 11.5 inch shaft height Size 8 measurements: 16.49 inch shaft circumference, 12 inch shaft height Size 10 measurements: 17.43 inch shaft circumference, 12.5 inch shaft height For correct calf measurements, measure your bare calf at its widest circumference with your foot flat on the ground Leather upper material Leather lining Leather sock Synthetic sole Imported Steve Madden ASTOR BROWN LEATHER WIDE CALF | 9.5W | Steve Madden Women's Astor Leather Wide Calf Knee High Boots - Brown - Size 9.5W","The ASTOR BROWN LEATHER WIDE CALF square toe boot features a slouchy mid-calf silhouette reinforced with strap accents and substantial buckle hardware. A wide sole with a block heel provides a solid foundation for this engineer-inspired design. Square toe block heel engineer boot Slip-on style Heel harness strap with hardware Top gore with 2 buckle straps for adjustable fit 2 inch heel height Size 6 measurements: 15.55 inch shaft circumference, 11.5 inch shaft height Size 8 measurements: 16.49 inch shaft circumference, 12 inch shaft height Size 10 measurements: 17.43 inch shaft circumference, 12.5 inch shaft height For correct calf measurements, measure your bare calf at its widest circumference with your foot flat on the ground Leather upper material Leather lining Leather sock Synthetic sole Imported Steve Madden ASTOR BROWN LEATHER WIDE CALF | 9.5W | Steve Madden Women's Astor Leather Wide Calf Knee High Boots - Brown - Size 9.5W",159.95,159.95,https://cdn.shopify.com/s/files/1/2170/8465/files/STEVEMADDEN_SHOES_astor-w_brown-leather_01_1caa5923-8fc8-47cd-b784-6ca44de7e3fd.jpg,Women's Shoes > Boots,Women's Shoes > Boots,03/10/2026,,FALSE,41298931548293,,IN STOCK,,"10.0W, 11.0W, 6.0W, 6.5W, 7.0W, 8.0W, 8.5W, 9.0W, 9.5W",Brown,,,243,TRUE,TRUE,FALSE
Steve Madden,7183554936965,7183554936965,7183554936965,Steve Madden Women's Fare Ankle Booties - Black - Size 9.5 - Leather,https://www.stevemadden.com/products/fare-black-leather?utm_source=display&utm_medium=programmatic&utm_campaign=performance&utm_content=rtg,"The FARE BLACK LEATHER booties combine expert craftsmanship with a modern square toe design. These ankle provide both style and comfort, making them an ideal choice for those seeking a sleek, contemporary look in versatile footwear. 2.5 inch heel height 10 inch shaft circumference 6.5 inch shaft height Leather upper material Textile and synthetic lining Synthetic sock Synthetic sole Imported Steve Madden FARE BLACK LEATHER | 9.5 | Steve Madden Women's Fare Ankle Booties - Black - Size 9.5 - Leather","The FARE BLACK LEATHER booties combine expert craftsmanship with a modern square toe design. These ankle provide both style and comfort, making them an ideal choice for those seeking a sleek, contemporary look in versatile footwear. 2.5 inch heel height 10 inch shaft circumference 6.5 inch shaft height Leather upper material Textile and synthetic lining Synthetic sock Synthetic sole Imported Steve Madden FARE BLACK LEATHER | 9.5 | Steve Madden Women's Fare Ankle Booties - Black - Size 9.5 - Leather",119.99,159.95,https://cdn.shopify.com/s/files/1/2170/8465/files/STEVEMADDEN_SHOES_FARE_BLACK-LEATHER01.jpg,Women's Shoes > Booties,Women's Shoes > Booties,03/10/2026,,FALSE,41315201319045,,IN STOCK,,"10, 9.5",Black,,,244,TRUE,TRUE,TRUE
Steve Madden,7185214898309,7185214898309,7185214898309,Steve Madden Women's Rocky Floral Moto Boots - Tan Nubuck - Size 6 - Leather,https://www.stevemadden.com/products/rocky-floral-tan-nubuck?utm_source=display&utm_medium=programmatic&utm_campaign=performance&utm_content=rtg,"The ROCKY FLORAL TAN NUBUCK knee boot features the wide profile of an engineer boot with harness and buckle hardware adding an industrial edge and giving the design an adjustable fit. Block heel engineer boot Slip-on style Top gore with 4 adjustable buckle straps 2 inch heel height Size 6 measurements: 14.57 inch shaft circumference, 12.5 inch shaft height Size 8 measurements: 15.50 inch shaft circumference, 13 inch shaft height Size 10 measurements: 16.44 inch shaft circumference, 13.5 inch shaft height For correct calf measurements, measure your bare calf at its widest circumference with your foot flat on the ground Leather and textile upper material Leather lining Leather sock Synthetic sole This product is made with premium leather and is individually hand finished. As a result, the product can vary slightly from the pictures. Imported Steve Madden ROCKY FLORAL TAN NUBUCK | 6 | Steve Madden Women's Rocky Floral Moto Boots - Tan Nubuck - Size 6 - Leather","The ROCKY FLORAL TAN NUBUCK knee boot features the wide profile of an engineer boot with harness and buckle hardware adding an industrial edge and giving the design an adjustable fit. Block heel engineer boot Slip-on style Top gore with 4 adjustable buckle straps 2 inch heel height Size 6 measurements: 14.57 inch shaft circumference, 12.5 inch shaft height Size 8 measurements: 15.50 inch shaft circumference, 13 inch shaft height Size 10 measurements: 16.44 inch shaft circumference, 13.5 inch shaft height For correct calf measurements, measure your bare calf at its widest circumference with your foot flat on the ground Leather and textile upper material Leather lining Leather sock Synthetic sole This product is made with premium leather and is individually hand finished. As a result, the product can vary slightly from the pictures. Imported Steve Madden ROCKY FLORAL TAN NUBUCK | 6 | Steve Madden Women's Rocky Floral Moto Boots - Tan Nubuck - Size 6 - Leather",89.99,229.95,https://cdn.shopify.com/s/files/1/2170/8465/files/STEVEMADDEN_SHOES_ROCKY-FLORAL_TAN-NUBUCK_01.jpg,Women's Shoes > Boots,Women's Shoes > Boots,03/10/2026,,FALSE,41320606302341,,IN STOCK,,"6, 6.5, 7, 9, 9.5",Tan Nubuck,,,245,TRUE,TRUE,TRUE
Steve Madden,7188625981573,7188625981573,7188625981573,Steve Madden Women's Riggs Leather Wide Calf Knee High Boots - Rust - Size 7.5W,https://www.stevemadden.com/products/riggs-w-rust-leather?utm_source=display&utm_medium=programmatic&utm_campaign=performance&utm_content=rtg,"Effortlessly elevate your style with the RIGGS RUST LEATHER WIDE CALF boot. With its square-toe and sleek design, this just-under-the-knee boot is a must-have for any fashion-conscious individual. This timeless boot provides both comfort and sophistication, making it the perfect addition to any outfit. 1.75 inch heel height Size 6 measurements: 15.16 inch shaft circumference, 13.25 inch shaft height Size 8 measurements: 16.10 inch shaft circumference, 14 inch shaft height Size 10 measurements: 17.03 inch shaft circumference, 14.75 inch shaft height For correct calf measurements, measure your bare calf at its widest circumference with your foot flat on the ground Leather upper material Synthetic lining Synthetic sock Synthetic sole Fit tip: If you are in between sizes, size up a half-size Imported Steve Madden RIGGS RUST LEATHER WIDE CALF | 7.5W | Steve Madden Women's Riggs Leather Wide Calf Knee High Boots - Rust - Size 7.5W","Effortlessly elevate your style with the RIGGS RUST LEATHER WIDE CALF boot. With its square-toe and sleek design, this just-under-the-knee boot is a must-have for any fashion-conscious individual. This timeless boot provides both comfort and sophistication, making it the perfect addition to any outfit. 1.75 inch heel height Size 6 measurements: 15.16 inch shaft circumference, 13.25 inch shaft height Size 8 measurements: 16.10 inch shaft circumference, 14 inch shaft height Size 10 measurements: 17.03 inch shaft circumference, 14.75 inch shaft height For correct calf measurements, measure your bare calf at its widest circumference with your foot flat on the ground Leather upper material Synthetic lining Synthetic sock Synthetic sole Fit tip: If you are in between sizes, size up a half-size Imported Steve Madden RIGGS RUST LEATHER WIDE CALF | 7.5W | Steve Madden Women's Riggs Leather Wide Calf Knee High Boots - Rust - Size 7.5W",199.95,199.95,https://cdn.shopify.com/s/files/1/2170/8465/files/STEVEMADDEN_SHOES_RIGGS_RUST-LEATHER_01_683315ff-37ea-43c0-84f6-669fe07ed097.jpg,Women's Shoes > Boots,Women's Shoes > Boots,03/10/2026,,FALSE,41337733054597,,IN STOCK,,"10.0W, 11.0W, 6.5W, 7.0W, 7.5W, 8.0W, 8.5W, 9.0W, 9.5W",Rust,,,246,TRUE,TRUE,FALSE
Steve Madden,7205919817861,7205919817861,7205919817861,Steve Madden Women's Albany Stitch Block Heel Boots - Cognac Suede - Size 6 - Leather,https://www.stevemadden.com/products/albany-stitch-cognac-suede?utm_source=display&utm_medium=programmatic&utm_campaign=performance&utm_content=rtg,"Expertly crafted, these ALBANY STITCH COGNAC SUEDE boots boast a pointed-toe design and traditional Western style. Made from quality materials, these boots are both stylish and durable. Perfect for any occasion, these boots will elevate any outfit. 2.25 inch heel height Size 6 measurements: 13.78 inch shaft circumference, 9.5 inch shaft height Size 8 measurements: 14.72 inch shaft circumference, 9.75 inch shaft height Size 10 measurements: 15.65 inch shaft circumference, 10 inch shaft height For correct calf measurements, measure your bare calf at its widest circumference with your foot flat on the ground Leather upper material Vegan leather lining Vegan leather sock Synthetic sole Imported Steve Madden ALBANY STITCH COGNAC SUEDE | 6 | Steve Madden Women's Albany Stitch Block Heel Boots - Cognac Suede - Size 6 - Leather","Expertly crafted, these ALBANY STITCH COGNAC SUEDE boots boast a pointed-toe design and traditional Western style. Made from quality materials, these boots are both stylish and durable. Perfect for any occasion, these boots will elevate any outfit. 2.25 inch heel height Size 6 measurements: 13.78 inch shaft circumference, 9.5 inch shaft height Size 8 measurements: 14.72 inch shaft circumference, 9.75 inch shaft height Size 10 measurements: 15.65 inch shaft circumference, 10 inch shaft height For correct calf measurements, measure your bare calf at its widest circumference with your foot flat on the ground Leather upper material Vegan leather lining Vegan leather sock Synthetic sole Imported Steve Madden ALBANY STITCH COGNAC SUEDE | 6 | Steve Madden Women's Albany Stitch Block Heel Boots - Cognac Suede - Size 6 - Leather",129.99,179.95,https://cdn.shopify.com/s/files/1/2170/8465/files/STEVEMADDEN_SHOES_ALBANY-STITCH_COGNAC-SUEDE_01.jpg,Women's Shoes > Boots,Women's Shoes > Boots,03/10/2026,,FALSE,41384562983045,,IN STOCK,,"6, 6.5, 7, 7.5, 9, 9.5",Cognac Suede,,,247,TRUE,TRUE,TRUE
Steve Madden,7214063616133,7214063616133,7214063616133,Steve Madden Women's Rocky Knee High Boots - Cognac Distressed - Size 5.5 - Leather,https://www.stevemadden.com/products/rocky-cognac-distressed?utm_source=display&utm_medium=programmatic&utm_campaign=performance&utm_content=rtg,"The ROCKY COGNAC DISTRESSED knee boot features the wide profile of an engineer boot with harness and buckle hardware adding an industrial edge and giving the design an adjustable fit. Block heel engineer boot Slip-on style Top gore with 4 adjustable buckle straps 2 inch heel height Size 6 measurements: 14.57 inch shaft circumference, 12.5 inch shaft height Size 8 measurements: 15.50 inch shaft circumference, 13 inch shaft height Size 10 measurements: 16.44 inch shaft circumference, 13.5 inch shaft height Leather upper material Textile and synthetic lining Synthetic sock Synthetic sole Fit tip: If you are in between sizes, size up a half-size Imported Steve Madden ROCKY COGNAC DISTRESSED | 5.5 | Steve Madden Women's Rocky Knee High Boots - Cognac Distressed - Size 5.5 - Leather","The ROCKY COGNAC DISTRESSED knee boot features the wide profile of an engineer boot with harness and buckle hardware adding an industrial edge and giving the design an adjustable fit. Block heel engineer boot Slip-on style Top gore with 4 adjustable buckle straps 2 inch heel height Size 6 measurements: 14.57 inch shaft circumference, 12.5 inch shaft height Size 8 measurements: 15.50 inch shaft circumference, 13 inch shaft height Size 10 measurements: 16.44 inch shaft circumference, 13.5 inch shaft height Leather upper material Textile and synthetic lining Synthetic sock Synthetic sole Fit tip: If you are in between sizes, size up a half-size Imported Steve Madden ROCKY COGNAC DISTRESSED | 5.5 | Steve Madden Women's Rocky Knee High Boots - Cognac Distressed - Size 5.5 - Leather",69.99,159.95,https://cdn.shopify.com/s/files/1/2170/8465/files/STEVEMADDEN_SHOES_ROCKY_COGNAC-DISTRESSED_04.jpg,Women's Shoes > Boots,Women's Shoes > Boots,03/10/2026,,FALSE,41412291395717,,IN STOCK,,"5.5, 6",Cognac Distressed,,,248,TRUE,TRUE,TRUE
Steve Madden,7214304198789,7214304198789,7214304198789,Steve Madden Women's Bexley Knee High Boots - Black - Size 6 - Leather,https://www.stevemadden.com/products/bexley-black-leather?utm_source=display&utm_medium=programmatic&utm_campaign=performance&utm_content=rtg,"The BEXLEY BLACK LEATHER knee-high boot delivers a sophisticated silhouette with a rounded toe that flatters the foot while providing all-day comfort. The unique buckle detail at the shaft offers refined aesthetic appeal. This versatile style transitions seamlessly from casual to polished occasions, making it an essential addition to any footwear collection. 1.25 inch heel height 14.5 inch shaft circumference 16.5 inch shaft height Leather upper material Leather lining Leather sock Synthetic sole Imported Steve Madden BEXLEY BLACK LEATHER | 6 | Steve Madden Women's Bexley Knee High Boots - Black - Size 6 - Leather","The BEXLEY BLACK LEATHER knee-high boot delivers a sophisticated silhouette with a rounded toe that flatters the foot while providing all-day comfort. The unique buckle detail at the shaft offers refined aesthetic appeal. This versatile style transitions seamlessly from casual to polished occasions, making it an essential addition to any footwear collection. 1.25 inch heel height 14.5 inch shaft circumference 16.5 inch shaft height Leather upper material Leather lining Leather sock Synthetic sole Imported Steve Madden BEXLEY BLACK LEATHER | 6 | Steve Madden Women's Bexley Knee High Boots - Black - Size 6 - Leather",199.95,199.95,https://cdn.shopify.com/s/files/1/2170/8465/files/STEVEMADDEN_SHOES_BEXLEY_BLACK-LEATHER_01.jpg,Women's Shoes > Boots,Women's Shoes > Boots,03/10/2026,,FALSE,41413569216645,,IN STOCK,,"10, 6, 7, 8, 9",Black,,,249,TRUE,TRUE,FALSE
Steve Madden,7216582361221,7216582361221,7216582361221,Steve Madden Women's Primo Square Toe Boots - Black - Size 6 - Leather,https://www.stevemadden.com/products/primo-black-leat?utm_source=display&utm_medium=programmatic&utm_campaign=performance&utm_content=rtg,"The PRIMO BLACK LEATHER is a sophisticated square-toe boot engineered for versatile styling and enduring comfort. The structured silhouette delivers a contemporary edge while maintaining timeless appeal across seasons and occasions. Built for all-day wearability, this essential footwear piece combines refined aesthetics with practical functionality. 1 inch heel height 13.75 inch shaft circumference 10.75 inch shaft height Leather upper material Synthetic lining Synthetic sock Synthetic sole Imported Steve Madden PRIMO BLACK LEATHER | 6 | Steve Madden Women's Primo Square Toe Boots - Black - Size 6 - Leather","The PRIMO BLACK LEATHER is a sophisticated square-toe boot engineered for versatile styling and enduring comfort. The structured silhouette delivers a contemporary edge while maintaining timeless appeal across seasons and occasions. Built for all-day wearability, this essential footwear piece combines refined aesthetics with practical functionality. 1 inch heel height 13.75 inch shaft circumference 10.75 inch shaft height Leather upper material Synthetic lining Synthetic sock Synthetic sole Imported Steve Madden PRIMO BLACK LEATHER | 6 | Steve Madden Women's Primo Square Toe Boots - Black - Size 6 - Leather",169.95,169.95,https://cdn.shopify.com/s/files/1/2170/8465/files/STEVEMADDEN_SHOES_PRIMO_BLACK-LEATHER01.jpg,Women's Shoes > Boots,Women's Shoes > Boots,03/10/2026,,FALSE,41419792220293,,IN STOCK,,"6, 7.5, 8, 8.5, 9",Black,,,250,TRUE,TRUE,FALSE
Steve Madden,7219941802117,7219941802117,7219941802117,Steve Madden Women's Rocky Wide Calf Knee High Boots - Cognac Distressed - Size 6.0W - Leather,https://www.stevemadden.com/products/rocky-w-cognac-distressed?utm_source=display&utm_medium=programmatic&utm_campaign=performance&utm_content=rtg,"The ROCKY COGNAC DISTRESSED WIDE CALF knee boot features the wide profile of an engineer boot with harness and buckle hardware adding an industrial edge and giving the design an adjustable fit. Block heel engineer boot Slip-on style Top gore with 4 adjustable buckle straps 2 inch heel height Size 6 measurements: 15.55 inch shaft circumference, 12.5 inch shaft height Size 8 measurements: 16.49 inch shaft circumference, 13 inch shaft height Size 10 measurements: 17.43 inch shaft circumference, 13.5 inch shaft height For correct calf measurements, measure your bare calf at its widest circumference with your foot flat on the ground Leather upper material Textile and synthetic lining Synthetic sock Synthetic sole This product is made with premium leather and is individually hand finished. As a result, the product can vary slightly from the pictures. Fit tip: If you are in between sizes, size up a half-size Imported Steve Madden ROCKY COGNAC DISTRESSED WIDE CALF | 6.0W | Steve Madden Women's Rocky Wide Calf Knee High Boots - Cognac Distressed - Size 6.0W - Leather","The ROCKY COGNAC DISTRESSED WIDE CALF knee boot features the wide profile of an engineer boot with harness and buckle hardware adding an industrial edge and giving the design an adjustable fit. Block heel engineer boot Slip-on style Top gore with 4 adjustable buckle straps 2 inch heel height Size 6 measurements: 15.55 inch shaft circumference, 12.5 inch shaft height Size 8 measurements: 16.49 inch shaft circumference, 13 inch shaft height Size 10 measurements: 17.43 inch shaft circumference, 13.5 inch shaft height For correct calf measurements, measure your bare calf at its widest circumference with your foot flat on the ground Leather upper material Textile and synthetic lining Synthetic sock Synthetic sole This product is made with premium leather and is individually hand finished. As a result, the product can vary slightly from the pictures. Fit tip: If you are in between sizes, size up a half-size Imported Steve Madden ROCKY COGNAC DISTRESSED WIDE CALF | 6.0W | Steve Madden Women's Rocky Wide Calf Knee High Boots - Cognac Distressed - Size 6.0W - Leather",69.99,159.95,https://cdn.shopify.com/s/files/1/2170/8465/files/STEVEMADDEN_SHOES_ROCKY-W_COGNAC-DISTRESSED_01.jpg,Women's Shoes > Boots,Women's Shoes > Boots,03/10/2026,,FALSE,41438940725381,,IN STOCK,,"11.0W, 6.0W",Cognac Distressed,,,251,TRUE,TRUE,TRUE
Steve Madden,7219975716997,7219975716997,7219975716997,Steve Madden Women's Caro Block Heel Booties - Black - Size 5 - Leather,https://www.stevemadden.com/products/caro-black-leather?utm_source=display&utm_medium=programmatic&utm_campaign=performance&utm_content=rtg,"The CARO BLACK LEATHER features the distinctive tabi split-toe silhouette, offering a modern aesthetic with functional comfort. A sturdy block heel provides stable support throughout the day while maintaining a sleek profile. This bootie seamlessly combines elevated style with everyday versatility. 3 inch heel height 9.75 inch shaft circumference 5.75 inch shaft height Leather upper material Textile lining Synthetic sock Synthetic sole Imported Steve Madden CARO BLACK LEATHER | 5 | Steve Madden Women's Caro Block Heel Booties - Black - Size 5 - Leather","The CARO BLACK LEATHER features the distinctive tabi split-toe silhouette, offering a modern aesthetic with functional comfort. A sturdy block heel provides stable support throughout the day while maintaining a sleek profile. This bootie seamlessly combines elevated style with everyday versatility. 3 inch heel height 9.75 inch shaft circumference 5.75 inch shaft height Leather upper material Textile lining Synthetic sock Synthetic sole Imported Steve Madden CARO BLACK LEATHER | 5 | Steve Madden Women's Caro Block Heel Booties - Black - Size 5 - Leather",169.95,169.95,https://cdn.shopify.com/s/files/1/2170/8465/files/STEVEMADDEN_SHOES_CARO_BLACK-LEATHER_02.jpg,Women's Shoes > Booties,Women's Shoes > Booties,03/10/2026,,FALSE,41439145525381,,IN STOCK,,"10, 11, 12, 5, 5.5, 6, 6.5, 7, 7.5, 8, 8.5, 9, 9.5",Black,,,252,TRUE,TRUE,FALSE
Steve Madden,7221886156933,7221886156933,7221886156933,Steve Madden Women's Talis Knee High Boots - Black - Size 5 - Leather,https://www.stevemadden.com/products/talis-black-leather?utm_source=display&utm_medium=programmatic&utm_campaign=performance&utm_content=rtg,"The TALIS BLACK LEATHER is a knee-high boot featuring a sleek pointed toe and metallic accents. This sophisticated silhouette combines timeless style with modern edge, making it a versatile addition to any wardrobe. The luxurious construction pairs seamlessly with the refined hardware for an elevated look that transitions effortlessly from day to night. 3.5 inch heel height 15.25 inch shaft circumference 14.75 inch shaft height Leather upper material Vegan leather and textile lining Vegan leather sock Synthetic sole Imported Steve Madden TALIS BLACK LEATHER | 5 | Steve Madden Women's Talis Knee High Boots - Black - Size 5 - Leather","The TALIS BLACK LEATHER is a knee-high boot featuring a sleek pointed toe and metallic accents. This sophisticated silhouette combines timeless style with modern edge, making it a versatile addition to any wardrobe. The luxurious construction pairs seamlessly with the refined hardware for an elevated look that transitions effortlessly from day to night. 3.5 inch heel height 15.25 inch shaft circumference 14.75 inch shaft height Leather upper material Vegan leather and textile lining Vegan leather sock Synthetic sole Imported Steve Madden TALIS BLACK LEATHER | 5 | Steve Madden Women's Talis Knee High Boots - Black - Size 5 - Leather",249.95,249.95,https://cdn.shopify.com/s/files/1/2170/8465/files/STEVEMADDEN_SHOES_TALIS_BLACK-LEATHER_01.jpg,Women's Shoes > Boots,Women's Shoes > Boots,03/10/2026,,FALSE,41450029908101,,IN STOCK,,"10, 11, 5, 5.5, 6, 6.5, 7, 7.5, 8, 8.5, 9, 9.5",Black,,,253,TRUE,TRUE,FALSE
Steve Madden,7223382638725,7223382638725,7223382638725,Steve Madden Women's Riggs Boot & Priya Bag Bundle,https://www.stevemadden.com/products/riggs-boot-priya-bag?utm_source=display&utm_medium=programmatic&utm_campaign=performance&utm_content=rtg,"Effortlessly elevate your style with the RIGGS BANANA LEATHER boot. With its square-toe and sleek design, this just-under-the-knee boot is a must-have for any fashion-conscious individual. This timeless boot provides both comfort and sophistication, making it the perfect addition to any outfit. 1.75 inch heel height Size 6 measurements: 14.57 inch shaft circumference, 13.25 inch shaft height Size 8 measurements: 15.51 inch shaft circumference, 14 inch shaft height Size 10 measurements: 16.44 inch shaft circumference, 14.75 inch shaft height For correct calf measurements, measure your bare calf at its widest circumference with your foot flat on the ground Leather upper material Synthetic lining Synthetic sock Synthetic sole Fit tip: If you are in between sizes, size up a half-size Imported The PRIYA BAG TOBACCO is a sleek mini barrel shoulder bag designed for convenient, hands-free carrying. Featuring a top-zipper closure, it ensures your essentials stay secure while offering quick access. Its compact silhouette and rich color hue make it a versatile accessory for both day and evening wear, combining style with practical functionality. Mini barrel bag Shoulder strap Top-zipper closure Fits daily essentials, including a phone, small wallet, keys, small headphones, and compact makeup Shoulder strap: 9.75 inches 4in H x 8.5in W x 4in D Faux suede materials Duster bag included Imported Steve Madden RIGGS BOOT & PRIYA BAG BUNDLE | Tan | Steve Madden Women's Riggs Boot & Priya Bag Bundle","Effortlessly elevate your style with the RIGGS BANANA LEATHER boot. With its square-toe and sleek design, this just-under-the-knee boot is a must-have for any fashion-conscious individual. This timeless boot provides both comfort and sophistication, making it the perfect addition to any outfit. 1.75 inch heel height Size 6 measurements: 14.57 inch shaft circumference, 13.25 inch shaft height Size 8 measurements: 15.51 inch shaft circumference, 14 inch shaft height Size 10 measurements: 16.44 inch shaft circumference, 14.75 inch shaft height For correct calf measurements, measure your bare calf at its widest circumference with your foot flat on the ground Leather upper material Synthetic lining Synthetic sock Synthetic sole Fit tip: If you are in between sizes, size up a half-size Imported The PRIYA BAG TOBACCO is a sleek mini barrel shoulder bag designed for convenient, hands-free carrying. Featuring a top-zipper closure, it ensures your essentials stay secure while offering quick access. Its compact silhouette and rich color hue make it a versatile accessory for both day and evening wear, combining style with practical functionality. Mini barrel bag Shoulder strap Top-zipper closure Fits daily essentials, including a phone, small wallet, keys, small headphones, and compact makeup Shoulder strap: 9.75 inches 4in H x 8.5in W x 4in D Faux suede materials Duster bag included Imported Steve Madden RIGGS BOOT & PRIYA BAG BUNDLE | Tan | Steve Madden Women's Riggs Boot & Priya Bag Bundle",249.94,249.94,https://cdn.shopify.com/s/files/1/2170/8465/files/STEVEMADDEN_APPAREL_BP408855_YALE-WASH_01.jpg,Women's Shoes > Boots,Women's Shoes > Boots,03/10/2026,,FALSE,41457438687365,,IN STOCK,,"10, 11, 12, 5, 5.5, 6, 6.5, 7, 7.5, 8, 8.5, 9, 9.5",Tan,,,254,TRUE,TRUE,FALSE
Steve Madden,7223595958405,7223595958405,7223595958405,Steve Madden Women's Rylix Ankle Booties - Taupe Suede - Size 6,https://www.stevemadden.com/products/rylix-taupe-suede?utm_source=display&utm_medium=programmatic&utm_campaign=performance&utm_content=rtg,"The RYLIX TAUPE SUEDE wedge bootie combines sophisticated style with practical comfort, featuring a peep-toe silhouette that adds contemporary flair to your wardrobe. The wedge heel offers all-day stability, while the ankle boot effortlessly transitions from daytime to evening wear. 4 inch heel height 14.25 inch shaft circumference 5.75 inch shaft height Suede upper material Textile and synthetic lining Synthetic sock Synthetic sole Imported Steve Madden RYLIX TAUPE SUEDE | 6 | Steve Madden Women's Rylix Ankle Booties - Taupe Suede - Size 6","The RYLIX TAUPE SUEDE wedge bootie combines sophisticated style with practical comfort, featuring a peep-toe silhouette that adds contemporary flair to your wardrobe. The wedge heel offers all-day stability, while the ankle boot effortlessly transitions from daytime to evening wear. 4 inch heel height 14.25 inch shaft circumference 5.75 inch shaft height Suede upper material Textile and synthetic lining Synthetic sock Synthetic sole Imported Steve Madden RYLIX TAUPE SUEDE | 6 | Steve Madden Women's Rylix Ankle Booties - Taupe Suede - Size 6",69.99,159.95,https://cdn.shopify.com/s/files/1/2170/8465/files/STEVEMADDEN_SHOES_RYLIX_TAUPE-SUEDE01.jpg,Women's Shoes > Booties,Women's Shoes > Booties,03/10/2026,,FALSE,41459121389701,,IN STOCK,,"6, 6.5, 7, 7.5",Taupe Suede,,,255,TRUE,TRUE,TRUE
Steve Madden,7223595991173,7223595991173,7223595991173,Steve Madden Women's Rylix Ankle Booties - Brown Snake - Size 6 - Leather,https://www.stevemadden.com/products/rylix-brown-snake?utm_source=display&utm_medium=programmatic&utm_campaign=performance&utm_content=rtg,"The RYLIX BROWN SNAKE wedge bootie combines sophisticated style with practical comfort, featuring a peep-toe silhouette that adds contemporary flair to your wardrobe. The wedge heel offers all-day stability, while the ankle boot effortlessly transitions from daytime to evening wear. 4 inch heel height 14.25 inch shaft circumference 5.75 inch shaft height Leather upper material Textile and synthetic lining Synthetic sock Synthetic sole Imported Steve Madden RYLIX BROWN SNAKE | 6 | Steve Madden Women's Rylix Ankle Booties - Brown Snake - Size 6 - Leather","The RYLIX BROWN SNAKE wedge bootie combines sophisticated style with practical comfort, featuring a peep-toe silhouette that adds contemporary flair to your wardrobe. The wedge heel offers all-day stability, while the ankle boot effortlessly transitions from daytime to evening wear. 4 inch heel height 14.25 inch shaft circumference 5.75 inch shaft height Leather upper material Textile and synthetic lining Synthetic sock Synthetic sole Imported Steve Madden RYLIX BROWN SNAKE | 6 | Steve Madden Women's Rylix Ankle Booties - Brown Snake - Size 6 - Leather",69.99,159.95,https://cdn.shopify.com/s/files/1/2170/8465/files/STEVEMADDEN_SHOES_RYLIX_BROWN-SNAKE-LEATHER01.jpg,Women's Shoes > Booties,Women's Shoes > Booties,03/10/2026,,FALSE,41459121815685,,IN STOCK,,"6, 6.5, 7, 7.5, 8",Brown Snake,,,256,TRUE,TRUE,TRUE
Steve Madden,7224741036165,7224741036165,7224741036165,Steve Madden Women's Benji Cuffed Booties - Denim Fabric - Size 6 - Synthetic,https://www.stevemadden.com/products/benji-d-denim-fabric?utm_source=display&utm_medium=programmatic&utm_campaign=performance&utm_content=rtg,"The BENJI DENIM FABRIC ankle boot features a sophisticated cuffed fold-over design combined with a sleek moto-inspired silhouette. Its unique buckle detail on the back adds a distinctive edge, blending style with subtle functionality. Crafted for both comfort and statement-making appeal, this bootie elevates any outfit with expert craftsmanship and contemporary flair. 1.75 inch heel height 13.75 inch shaft circumference 6.5 inch shaft height Textile upper material Synthetic lining Synthetic sock Synthetic sole Imported Steve Madden BENJI DENIM FABRIC | 6 | Steve Madden Women's Benji Cuffed Booties - Denim Fabric - Size 6 - Synthetic","The BENJI DENIM FABRIC ankle boot features a sophisticated cuffed fold-over design combined with a sleek moto-inspired silhouette. Its unique buckle detail on the back adds a distinctive edge, blending style with subtle functionality. Crafted for both comfort and statement-making appeal, this bootie elevates any outfit with expert craftsmanship and contemporary flair. 1.75 inch heel height 13.75 inch shaft circumference 6.5 inch shaft height Textile upper material Synthetic lining Synthetic sock Synthetic sole Imported Steve Madden BENJI DENIM FABRIC | 6 | Steve Madden Women's Benji Cuffed Booties - Denim Fabric - Size 6 - Synthetic",89.99,99.95,https://cdn.shopify.com/s/files/1/2170/8465/files/STEVEMADDEN_SHOES_BENJI-D_DENIM-FABRIC_01.jpg,Women's Shoes > Booties,Women's Shoes > Booties,03/10/2026,,FALSE,41462416638085,,IN STOCK,,"6, 6.5, 7",Denim Fabric,,,257,TRUE,TRUE,TRUE
Steve Madden,7233453293701,7233453293701,7233453293701,Steve Madden Women's Caro Block Heel Booties - Brown Distressed - Size 6 - Leather,https://www.stevemadden.com/products/caro-brown-distressed?utm_source=display&utm_medium=programmatic&utm_campaign=performance&utm_content=rtg,"The CARO BROWN DISTRESSED features the distinctive tabi split-toe silhouette, offering a modern aesthetic with functional comfort. A sturdy block heel provides stable support throughout the day while maintaining a sleek profile. This bootie seamlessly combines elevated style with everyday versatility. 3 inch heel height 9.75 inch shaft circumference 5.75 inch shaft height Leather upper material Textile lining Vegan leather sock Synthetic sole Imported Steve Madden CARO BROWN DISTRESSED | 6 | Steve Madden Women's Caro Block Heel Booties - Brown Distressed - Size 6 - Leather","The CARO BROWN DISTRESSED features the distinctive tabi split-toe silhouette, offering a modern aesthetic with functional comfort. A sturdy block heel provides stable support throughout the day while maintaining a sleek profile. This bootie seamlessly combines elevated style with everyday versatility. 3 inch heel height 9.75 inch shaft circumference 5.75 inch shaft height Leather upper material Textile lining Vegan leather sock Synthetic sole Imported Steve Madden CARO BROWN DISTRESSED | 6 | Steve Madden Women's Caro Block Heel Booties - Brown Distressed - Size 6 - Leather",169.95,169.95,https://cdn.shopify.com/s/files/1/2170/8465/files/STEVEMADDEN_SHOES_CARO_BROWN-LEATHER02.jpg?width=1600,Women's Shoes > Booties,Women's Shoes > Booties,03/10/2026,,FALSE,41491134873733,,IN STOCK,,"6, 6.5, 7, 7.5",Brown Distressed,,,258,TRUE,TRUE,FALSE
Steve Madden,7241517760645,7241517760645,7241517760645,Steve Madden Women's Jones Ankle Booties - Brown Distressed - Size 6 - Leather,https://www.stevemadden.com/products/jones-brown-distressed?utm_source=display&utm_medium=programmatic&utm_campaign=performance&utm_content=rtg,"Experience style and comfort with the JONES BROWN DISTRESSED ankle boot. The sleek design and front zipper detail add a touch of modernity to any outfit. Made with durable suede, these ankle booties are perfect for everyday wear. 2 inch heel height 10.25 inch shaft circumference 6.5 inch shaft height Leather upper material Vegan leather lining Vegan leather sock Synthetic sole Imported Steve Madden JONES BROWN DISTRESSED | 6 | Steve Madden Women's Jones Ankle Booties - Brown Distressed - Size 6 - Leather","Experience style and comfort with the JONES BROWN DISTRESSED ankle boot. The sleek design and front zipper detail add a touch of modernity to any outfit. Made with durable suede, these ankle booties are perfect for everyday wear. 2 inch heel height 10.25 inch shaft circumference 6.5 inch shaft height Leather upper material Vegan leather lining Vegan leather sock Synthetic sole Imported Steve Madden JONES BROWN DISTRESSED | 6 | Steve Madden Women's Jones Ankle Booties - Brown Distressed - Size 6 - Leather",129.95,129.95,https://cdn.shopify.com/s/files/1/2170/8465/files/STEVEMADDEN_SHOES_JONES_BROWN-DISTRESSED_01_6cb7c94b-ea57-4a2e-a55c-a87e86ffe3d6.jpg,Women's Shoes > Booties,Women's Shoes > Booties,03/10/2026,,FALSE,41513448079493,,IN STOCK,,"10, 6, 6.5, 7, 7.5, 8, 8.5, 9, 9.5",Brown Distressed,,,259,TRUE,TRUE,FALSE
Steve Madden,7241891577989,7241891577989,7241891577989,Steve Madden Women's Yukon Lace-Up Booties - Black Distressed - Size 5 - Leather,https://www.stevemadden.com/products/yukon-black-distressed?utm_source=display&utm_medium=programmatic&utm_campaign=performance&utm_content=rtg,"Engineered for modern edge, the YUKON BLACK DISTRESSED moto-inspired ankle bootie combines style with refined craftsmanship. The lace-up closure delivers a customizable fit while the structured silhouette commands attention. Built with premium materials and expert construction, this versatile piece transitions seamlessly from day to night, anchoring any outfit with undeniable style and confidence. 1.25 inch heel height 9.75 inch shaft circumference 7.5 inch shaft height Leather upper material Leather lining Vegan leather sock Synthetic sole Imported Steve Madden YUKON BLACK DISTRESSED | 5 | Steve Madden Women's Yukon Lace-Up Booties - Black Distressed - Size 5 - Leather","Engineered for modern edge, the YUKON BLACK DISTRESSED moto-inspired ankle bootie combines style with refined craftsmanship. The lace-up closure delivers a customizable fit while the structured silhouette commands attention. Built with premium materials and expert construction, this versatile piece transitions seamlessly from day to night, anchoring any outfit with undeniable style and confidence. 1.25 inch heel height 9.75 inch shaft circumference 7.5 inch shaft height Leather upper material Leather lining Vegan leather sock Synthetic sole Imported Steve Madden YUKON BLACK DISTRESSED | 5 | Steve Madden Women's Yukon Lace-Up Booties - Black Distressed - Size 5 - Leather",129.95,129.95,https://cdn.shopify.com/s/files/1/2170/8465/files/STEVEMADDEN_SHOES_YUKON_BLACK-DISTRESSED_01.jpg,Women's Shoes > Booties,Women's Shoes > Booties,03/10/2026,,FALSE,41515247665285,,IN STOCK,,"10, 5, 5.5, 6, 6.5, 7, 7.5, 8, 8.5, 9, 9.5",Black Distressed,,,260,TRUE,TRUE,FALSE
Steve Madden,7249160503429,7249160503429,7249160503429,Steve Madden Women's Caro Dark Cherry Patent Block Heel Booties - Wine - Size 6 - Leather,https://www.stevemadden.com/products/caro-dark-cherry-patent?utm_source=display&utm_medium=programmatic&utm_campaign=performance&utm_content=rtg,"The CARO DARK CHERRY PATENT features the distinctive tabi split-toe silhouette, offering a modern aesthetic with functional comfort. A sturdy block heel provides stable support throughout the day while maintaining a sleek profile. This bootie seamlessly combines elevated style with everyday versatility. 3 inch heel height 9.75 inch shaft circumference 5.75 inch shaft height Vegan patent leather upper material Textile lining Synthetic sock Synthetic sole Imported Steve Madden CARO DARK CHERRY PATENT | Wine Patent | 6 | Steve Madden Women's Caro Dark Cherry Patent Block Heel Booties - Wine - Size 6 - Leather","The CARO DARK CHERRY PATENT features the distinctive tabi split-toe silhouette, offering a modern aesthetic with functional comfort. A sturdy block heel provides stable support throughout the day while maintaining a sleek profile. This bootie seamlessly combines elevated style with everyday versatility. 3 inch heel height 9.75 inch shaft circumference 5.75 inch shaft height Vegan patent leather upper material Textile lining Synthetic sock Synthetic sole Imported Steve Madden CARO DARK CHERRY PATENT | Wine Patent | 6 | Steve Madden Women's Caro Dark Cherry Patent Block Heel Booties - Wine - Size 6 - Leather",169.95,169.95,https://cdn.shopify.com/s/files/1/2170/8465/files/STEVEMADDEN_SHOES_CARO_WINE-PATENT02.jpg,Women's Shoes > Booties,Women's Shoes > Booties,03/10/2026,,FALSE,41541279875205,,IN STOCK,,"10, 6, 6.5, 7, 7.5, 8, 8.5, 9, 9.5",Wine,,,261,TRUE,TRUE,FALSE
Steve Madden,7249160568965,7249160568965,7249160568965,Steve Madden Women's Caro Block Heel Booties - Silver Crinkle - Size 6 - Leather,https://www.stevemadden.com/products/caro-silver-crinkle?utm_source=display&utm_medium=programmatic&utm_campaign=performance&utm_content=rtg,"The CARO SILVER CRINKLE features the distinctive tabi split-toe silhouette, offering a modern aesthetic with functional comfort. A sturdy block heel provides stable support throughout the day while maintaining a sleek profile. This bootie seamlessly combines elevated style with everyday versatility. 3 inch heel height 9.75 inch shaft circumference 5.75 inch shaft height Leather upper material Textile lining Synthetic sock Synthetic sole Imported Steve Madden CARO SILVER CRINKLE | 6 | Steve Madden Women's Caro Block Heel Booties - Silver Crinkle - Size 6 - Leather","The CARO SILVER CRINKLE features the distinctive tabi split-toe silhouette, offering a modern aesthetic with functional comfort. A sturdy block heel provides stable support throughout the day while maintaining a sleek profile. This bootie seamlessly combines elevated style with everyday versatility. 3 inch heel height 9.75 inch shaft circumference 5.75 inch shaft height Leather upper material Textile lining Synthetic sock Synthetic sole Imported Steve Madden CARO SILVER CRINKLE | 6 | Steve Madden Women's Caro Block Heel Booties - Silver Crinkle - Size 6 - Leather",169.95,169.95,https://cdn.shopify.com/s/files/1/2170/8465/files/STEVEMADDEN_SHOES_CARO_SILVER-LEATHER02.jpg,Women's Shoes > Booties,Women's Shoes > Booties,03/10/2026,,FALSE,41541280366725,,IN STOCK,,"6, 6.5, 7, 7.5, 8, 8.5",Silver Crinkle,,,262,TRUE,TRUE,FALSE
Steve Madden,7250828361861,7250828361861,7250828361861,Steve Madden Women's Arlene Ankle Booties - Black Multi - Size 5 - Leather,https://www.stevemadden.com/products/arlene-black-multi?utm_source=display&utm_medium=programmatic&utm_campaign=performance&utm_content=rtg,"The ARLENE BLACK MULTI is a pointed-toe stiletto bootie with Western-inspired styling. This sleek design combines a classic silhouette with modern edge, perfect for elevating any outfit from day to night. The sharp heel and refined toe create a sophisticated look, while the Western details add distinctive character. An ideal choice for those seeking a versatile bootie that makes a statement. 4 inch heel height 12.25 inch shaft circumference 6 inch shaft height Leather upper material Leather lining Leather sock Synthetic sole Imported Steve Madden ARLENE BLACK MULTI | 5 | Steve Madden Women's Arlene Ankle Booties - Black Multi - Size 5 - Leather","The ARLENE BLACK MULTI is a pointed-toe stiletto bootie with Western-inspired styling. This sleek design combines a classic silhouette with modern edge, perfect for elevating any outfit from day to night. The sharp heel and refined toe create a sophisticated look, while the Western details add distinctive character. An ideal choice for those seeking a versatile bootie that makes a statement. 4 inch heel height 12.25 inch shaft circumference 6 inch shaft height Leather upper material Leather lining Leather sock Synthetic sole Imported Steve Madden ARLENE BLACK MULTI | 5 | Steve Madden Women's Arlene Ankle Booties - Black Multi - Size 5 - Leather",289.95,289.95,https://cdn.shopify.com/s/files/1/2170/8465/files/STEVEMADDEN_SHOES_ARLENE_BLACK-MULTI_01.jpg,Women's Shoes > Booties,Women's Shoes > Booties,03/10/2026,,FALSE,41550218100869,,IN STOCK,,"10, 11, 5, 6, 7, 8, 9",Black Multi,,,263,TRUE,TRUE,FALSE
Steve Madden,7250828525701,7250828525701,7250828525701,Steve Madden Women's Evoque Ankle Booties - Brown - Size 5 - Leather,https://www.stevemadden.com/products/evoque-brown-patent?utm_source=display&utm_medium=programmatic&utm_campaign=performance&utm_content=rtg,"The EVOQUE BROWN PATENT is a wedge bootie featuring a sleek ankle silhouette with a distinctive slanted toe design. This modern style combines edgy sophistication with everyday wearability, delivering a polished look that transitions seamlessly from day to night. The wedge heel provides comfortable lift and stability, while the finish adds a lustrous, eye-catching element to any outfit. 4.75 inch heel height 9.75 inch shaft circumference 6 inch shaft height Patent leather upper material Leather lining Leather sock Synthetic sole Imported Steve Madden EVOQUE BROWN PATENT | 5 | Steve Madden Women's Evoque Ankle Booties - Brown - Size 5 - Leather","The EVOQUE BROWN PATENT is a wedge bootie featuring a sleek ankle silhouette with a distinctive slanted toe design. This modern style combines edgy sophistication with everyday wearability, delivering a polished look that transitions seamlessly from day to night. The wedge heel provides comfortable lift and stability, while the finish adds a lustrous, eye-catching element to any outfit. 4.75 inch heel height 9.75 inch shaft circumference 6 inch shaft height Patent leather upper material Leather lining Leather sock Synthetic sole Imported Steve Madden EVOQUE BROWN PATENT | 5 | Steve Madden Women's Evoque Ankle Booties - Brown - Size 5 - Leather",259.95,259.95,https://cdn.shopify.com/s/files/1/2170/8465/files/STEVEMADDEN_SHOES_EVOQUE_BROWN-PATENT-LEATHER_04.jpg,Women's Shoes > Booties,Women's Shoes > Booties,03/10/2026,,FALSE,41550218625157,,IN STOCK,,"10, 11, 5, 6, 7, 8, 9",Brown,,,264,TRUE,TRUE,FALSE
Steve Madden,7250828558469,7250828558469,7250828558469,Steve Madden Women's Evoque Ankle Booties - Black - Size 5 - Leather,https://www.stevemadden.com/products/evoque-black-patent?utm_source=display&utm_medium=programmatic&utm_campaign=performance&utm_content=rtg,"The EVOQUE BLACK PATENT is a wedge bootie featuring a sleek ankle silhouette with a distinctive slanted toe design. This modern style combines edgy sophistication with everyday wearability, delivering a polished look that transitions seamlessly from day to night. The wedge heel provides comfortable lift and stability, while the finish adds a lustrous, eye-catching element to any outfit. 4.75 inch heel height 9.75 inch shaft circumference 6 inch shaft height Patent leather upper material Leather lining Leather sock Synthetic sole Imported Steve Madden EVOQUE BLACK PATENT | 5 | Steve Madden Women's Evoque Ankle Booties - Black - Size 5 - Leather","The EVOQUE BLACK PATENT is a wedge bootie featuring a sleek ankle silhouette with a distinctive slanted toe design. This modern style combines edgy sophistication with everyday wearability, delivering a polished look that transitions seamlessly from day to night. The wedge heel provides comfortable lift and stability, while the finish adds a lustrous, eye-catching element to any outfit. 4.75 inch heel height 9.75 inch shaft circumference 6 inch shaft height Patent leather upper material Leather lining Leather sock Synthetic sole Imported Steve Madden EVOQUE BLACK PATENT | 5 | Steve Madden Women's Evoque Ankle Booties - Black - Size 5 - Leather",259.95,259.95,https://cdn.shopify.com/s/files/1/2170/8465/files/STEVEMADDEN_SHOES_EVOQUE_BLACK-PATENT-LEATHER_01.jpg,Women's Shoes > Booties,Women's Shoes > Booties,03/10/2026,,FALSE,41550218887301,,IN STOCK,,"10, 11, 5, 6, 7, 8, 9",Black,,,265,TRUE,TRUE,FALSE
Steve Madden,7250828689541,7250828689541,7250828689541,Steve Madden Women's Starla Ankle Booties - Black - Size 5 - Leather,https://www.stevemadden.com/products/starla-black-leather1?utm_source=display&utm_medium=programmatic&utm_campaign=performance&utm_content=rtg,"The STARLA BLACK LEATHER is an ankle bootie featuring a sleek kitten heel. This versatile style transitions effortlessly from day to night, offering a refined silhouette that flatters any outfit. The modest heel height provides all-day comfort without sacrificing sophistication, while the pointed toe adds an elegant touch to casual and dressed-up looks alike. 2.25 inch heel height 13 inch shaft circumference 7.25 inch shaft height Leather upper material Leather lining Leather sock Synthetic sole Imported Steve Madden STARLA BLACK LEATHER | 5 | Steve Madden Women's Starla Ankle Booties - Black - Size 5 - Leather","The STARLA BLACK LEATHER is an ankle bootie featuring a sleek kitten heel. This versatile style transitions effortlessly from day to night, offering a refined silhouette that flatters any outfit. The modest heel height provides all-day comfort without sacrificing sophistication, while the pointed toe adds an elegant touch to casual and dressed-up looks alike. 2.25 inch heel height 13 inch shaft circumference 7.25 inch shaft height Leather upper material Leather lining Leather sock Synthetic sole Imported Steve Madden STARLA BLACK LEATHER | 5 | Steve Madden Women's Starla Ankle Booties - Black - Size 5 - Leather",259.95,259.95,https://cdn.shopify.com/s/files/1/2170/8465/files/STEVEMADDEN_SHOES_STARLA_BLACK-LEATHER_01.jpg,Women's Shoes > Booties,Women's Shoes > Booties,03/10/2026,,FALSE,41550219477125,,IN STOCK,,"10, 11, 5, 6, 7, 8, 9",Black,,,266,TRUE,TRUE,FALSE
Steve Madden,7250829312133,7250829312133,7250829312133,Steve Madden Women's Remington Dark Cherry Leather Knee High Boots - Burgundy - Size 5,https://www.stevemadden.com/products/remington-burgundy-leather?utm_source=display&utm_medium=programmatic&utm_campaign=performance&utm_content=rtg,"The REMINGTON DARK CHERRY LEATHER is a knee-high riding boot that seamlessly blends comfort with contemporary style. The sleek silhouette pairs beautifully with everything from casual denim to polished dresses, making it an essential addition to any wardrobe. Versatile enough for day or night, this boot delivers understated elegance with every step. 1.5 inch heel height 14.75 inch shaft circumference 15 inch shaft height Leather upper material Leather lining Leather sock Synthetic sole Imported Steve Madden REMINGTON DARK CHERRY LEATHER | Burgundy Leather | 5 | Steve Madden Women's Remington Dark Cherry Leather Knee High Boots - Burgundy - Size 5","The REMINGTON DARK CHERRY LEATHER is a knee-high riding boot that seamlessly blends comfort with contemporary style. The sleek silhouette pairs beautifully with everything from casual denim to polished dresses, making it an essential addition to any wardrobe. Versatile enough for day or night, this boot delivers understated elegance with every step. 1.5 inch heel height 14.75 inch shaft circumference 15 inch shaft height Leather upper material Leather lining Leather sock Synthetic sole Imported Steve Madden REMINGTON DARK CHERRY LEATHER | Burgundy Leather | 5 | Steve Madden Women's Remington Dark Cherry Leather Knee High Boots - Burgundy - Size 5",249.95,249.95,https://cdn.shopify.com/s/files/1/2170/8465/files/STEVEMADDEN_SHOES_REMINGTON_BURGUNDY-LEATHER_04.jpg,Women's Shoes > Boots,Women's Shoes > Boots,03/10/2026,,FALSE,41550221312133,,IN STOCK,,"10, 11, 5, 6, 7, 8, 9",Burgundy,,,267,TRUE,TRUE,FALSE
Steve Madden,7252674740357,7252674740357,7252674740357,Steve Madden Women's Rue Pointed Toe Boots - Black Suede - Size 5 - Leather,https://www.stevemadden.com/products/rue-black-suede?utm_source=display&utm_medium=programmatic&utm_campaign=performance&utm_content=rtg,"The RUE BLACK SUEDE is an over-the-knee boot featuring a sleek pointed toe and artfully scrunched silhouette for effortless sophistication. The luxurious material drapes elegantly down the leg, creating a flattering gathered effect that adds movement and dimension. Perfect for elevating any outfit, from denim shorts to dresses, this statement boot delivers modern edge with timeless appeal. 2 inch heel height 16.5 shaft circumference 21.5 shaft height Suede upper material Vegan leather lining Vegan leather sock Synthetic sole Fit tip: If you are in between sizes, size up a half-size Imported Steve Madden RUE BLACK SUEDE | 5 | Steve Madden Women's Rue Pointed Toe Boots - Black Suede - Size 5 - Leather","The RUE BLACK SUEDE is an over-the-knee boot featuring a sleek pointed toe and artfully scrunched silhouette for effortless sophistication. The luxurious material drapes elegantly down the leg, creating a flattering gathered effect that adds movement and dimension. Perfect for elevating any outfit, from denim shorts to dresses, this statement boot delivers modern edge with timeless appeal. 2 inch heel height 16.5 shaft circumference 21.5 shaft height Suede upper material Vegan leather lining Vegan leather sock Synthetic sole Fit tip: If you are in between sizes, size up a half-size Imported Steve Madden RUE BLACK SUEDE | 5 | Steve Madden Women's Rue Pointed Toe Boots - Black Suede - Size 5 - Leather",299.95,299.95,https://cdn.shopify.com/s/files/1/2170/8465/files/STEVEMADDEN_SHOES_RUE_BLACK_01.jpg,Women's Shoes > Boots,Women's Shoes > Boots,03/10/2026,,FALSE,41553926357125,,IN STOCK,,"10, 5, 6, 7, 8, 9",Black Suede,,,268,TRUE,TRUE,FALSE
Steve Madden,7252674904197,7252674904197,7252674904197,Steve Madden Women's Penny Knee High Boots - Black - Size 5 - Leather,https://www.stevemadden.com/products/penny-black-leather1?utm_source=display&utm_medium=programmatic&utm_campaign=performance&utm_content=rtg,"The PENNY BLACK LEATHER brings a relaxed, sculptural edge to the classic knee‑high silhouette. Its slouchy, foldover shaft creates an effortless, lived‑in drape, while the streamlined shape keeps the look polished. A unique back zipper detail adds a subtle, unexpected twist-purely decorative, but striking enough to set the boot apart. The soft, gathered profile hits just below the knee and moves with you, making it an easy statement piece that elevates everything from oversized knits to sleek night‑out looks. 1.75 inch heel height 15.5 inch shaft circumference 14.5 inch shaft height Leather upper material Vegan leather lining Vegan leather sock Synthetic sole Fit tip: If you are in between sizes, size down a half-size Imported Steve Madden PENNY BLACK LEATHER | 5 | Steve Madden Women's Penny Knee High Boots - Black - Size 5 - Leather","The PENNY BLACK LEATHER brings a relaxed, sculptural edge to the classic knee‑high silhouette. Its slouchy, foldover shaft creates an effortless, lived‑in drape, while the streamlined shape keeps the look polished. A unique back zipper detail adds a subtle, unexpected twist-purely decorative, but striking enough to set the boot apart. The soft, gathered profile hits just below the knee and moves with you, making it an easy statement piece that elevates everything from oversized knits to sleek night‑out looks. 1.75 inch heel height 15.5 inch shaft circumference 14.5 inch shaft height Leather upper material Vegan leather lining Vegan leather sock Synthetic sole Fit tip: If you are in between sizes, size down a half-size Imported Steve Madden PENNY BLACK LEATHER | 5 | Steve Madden Women's Penny Knee High Boots - Black - Size 5 - Leather",229.95,229.95,https://cdn.shopify.com/s/files/1/2170/8465/files/STEVEMADDEN_SHOES_PENNY_BLACK-LEATHER_04.jpg,Women's Shoes > Boots,Women's Shoes > Boots,03/10/2026,,FALSE,41553927995525,,IN STOCK,,"10, 11, 5, 6, 7, 8, 9",Black,,,269,TRUE,TRUE,FALSE
Steve Madden,7252674936965,7252674936965,7252674936965,Steve Madden Women's Delia Block Heel Boots - Dark Brown Suede - Size 5 - Leather,https://www.stevemadden.com/products/delia-dark-brown-suede?utm_source=display&utm_medium=programmatic&utm_campaign=performance&utm_content=rtg,"The DELIA DARK BROWN SUEDE knee-high boot combines timeless style with everyday comfort. Crafted with premium materials, this cuffed design features a fold-over shaft that adds dimension and visual interest. The block heel provides stable, all-day wearability while maintaining a sophisticated silhouette. Perfect for transitioning from season to season, this versatile boot pairs effortlessly with dresses, jeans, or skirts. 3.25 inch heel height 16 inch shaft circumference 15 inch shaft height Suede upper material Vegan leather lining Vegan leather sock Synthetic sole Fit tip: If you are in between sizes, size up a half-size Imported Steve Madden DELIA DARK BROWN SUEDE | 5 | Steve Madden Women's Delia Block Heel Boots - Dark Brown Suede - Size 5 - Leather","The DELIA DARK BROWN SUEDE knee-high boot combines timeless style with everyday comfort. Crafted with premium materials, this cuffed design features a fold-over shaft that adds dimension and visual interest. The block heel provides stable, all-day wearability while maintaining a sophisticated silhouette. Perfect for transitioning from season to season, this versatile boot pairs effortlessly with dresses, jeans, or skirts. 3.25 inch heel height 16 inch shaft circumference 15 inch shaft height Suede upper material Vegan leather lining Vegan leather sock Synthetic sole Fit tip: If you are in between sizes, size up a half-size Imported Steve Madden DELIA DARK BROWN SUEDE | 5 | Steve Madden Women's Delia Block Heel Boots - Dark Brown Suede - Size 5 - Leather",259.95,259.95,https://cdn.shopify.com/s/files/1/2170/8465/files/STEVEMADDEN_SHOES_DELIA_DARK-BROWN-SUEDE_04.jpg,Women's Shoes > Boots,Women's Shoes > Boots,03/10/2026,,FALSE,41553928257669,,IN STOCK,,"10, 11, 5, 6, 7, 8, 9",Dark Brown Suede,,,270,TRUE,TRUE,FALSE
Steve Madden,7254383165573,7254383165573,7254383165573,Steve Madden Women's Rhys Cuffed Boots - Dark Taupe Suede - Size 5 - Leather,https://www.stevemadden.com/products/rhys-dark-taupe-suede?utm_source=display&utm_medium=programmatic&utm_campaign=performance&utm_content=rtg,"The RHYS DARK TAUPE SUEDE combines effortless style with modern edge. This knee-high boot features a scrunched, fold-over silhouette that drapes elegantly around the calf, while the pointed toe adds a sharp, sophisticated finish. Set on a comfortable wedge heel, it's designed for all-day wear without sacrificing attitude. Perfect for elevating any outfit from casual to polished. 3 inch heel height 15 inch shaft circumference 11.5 inch shaft height Suede upper material Vegan leather lining Vegan leather sock Synthetic sole Fit tip: If you are in between sizes, size up a half-size Imported Steve Madden RHYS DARK TAUPE SUEDE | 5 | Steve Madden Women's Rhys Cuffed Boots - Dark Taupe Suede - Size 5 - Leather","The RHYS DARK TAUPE SUEDE combines effortless style with modern edge. This knee-high boot features a scrunched, fold-over silhouette that drapes elegantly around the calf, while the pointed toe adds a sharp, sophisticated finish. Set on a comfortable wedge heel, it's designed for all-day wear without sacrificing attitude. Perfect for elevating any outfit from casual to polished. 3 inch heel height 15 inch shaft circumference 11.5 inch shaft height Suede upper material Vegan leather lining Vegan leather sock Synthetic sole Fit tip: If you are in between sizes, size up a half-size Imported Steve Madden RHYS DARK TAUPE SUEDE | 5 | Steve Madden Women's Rhys Cuffed Boots - Dark Taupe Suede - Size 5 - Leather",229.95,229.95,https://cdn.shopify.com/s/files/1/2170/8465/files/STEVEMADDEN_SHOES_RHYS_DARK-TAUPE-SUEDE_01-1.jpg,Women's Shoes > Boots,Women's Shoes > Boots,03/10/2026,,FALSE,41557572976773,,IN STOCK,,"10, 11, 5, 6, 7, 8, 9",Dark Taupe Suede,,,271,TRUE,TRUE,FALSE
