prclient,prid,pridfiltered,prid_filtered,prname,prurl,prshortdescription,prdescription,prdisplayprice,prprice,primageurl,prcategory,prsubcategory,prcreatedon,pralternativeurl,prbestseller,prsku,pravailablequantity,pravailability,prquantitysold,prsize,prcolor,prcountry,prfromprice,prposition,isactive,isdefault,pronsale
Steve Madden,6554673545349,6554673545349,6554673545349,Steve Madden Women's Lessa Block Heels - Bone - Size 10 - Synthetic,https://www.stevemadden.com/products/lessa-bone-patent?utm_source=display&utm_medium=programmatic&utm_campaign=performance&utm_content=rtg,Complement formal dresses and flirty “going-out” getups alike with LESSA - a new perfectly proportioned platform sandal with a towering heel and feminine ankle strap. 4.75 inch heel height 1.25 inch platform Synthetic upper material Synthetic lining Synthetic sole Synthetic sock Imported Steve Madden LESSA BONE PATENT | 10 | Steve Madden Women's Lessa Block Heels - Bone - Size 10 - Synthetic,Complement formal dresses and flirty “going-out” getups alike with LESSA - a new perfectly proportioned platform sandal with a towering heel and feminine ankle strap. 4.75 inch heel height 1.25 inch platform Synthetic upper material Synthetic lining Synthetic sole Synthetic sock Imported Steve Madden LESSA BONE PATENT | 10 | Steve Madden Women's Lessa Block Heels - Bone - Size 10 - Synthetic,69.99,79.99,https://cdn.shopify.com/s/files/1/2170/8465/files/STEVEMADDEN_SHOES_LESSA_BONE-PATENT_01.jpg,Women's Shoes > Heels,Women's Shoes > Heels,22/09/2026,,FALSE,39323821768837,,IN STOCK,,10,Bone,,,1,TRUE,TRUE,TRUE
Steve Madden,6636838813829,6636838813829,6636838813829,Steve Madden Women's Viable Pointed Toe Heels - Black - Size 9 - Leather,https://www.stevemadden.com/products/viable-black?utm_source=display&utm_medium=programmatic&utm_campaign=performance&utm_content=rtg,"You’ll be the bell of the ball in VIABLE, the dress heel you’ll wear for years to come. Set atop a slender stiletto heel, this pointed-toe pair features a slim embellished ankle strap and bow design. 4.25 inch heel height Textile upper material with stones Vegan leather lining Synthetic sole Synthetic sock Fit tip: If you are in between sizes, size up a half-size Imported Steve Madden VIABLE BLACK | 9 | Steve Madden Women's Viable Pointed Toe Heels - Black - Size 9 - Leather","You’ll be the bell of the ball in VIABLE, the dress heel you’ll wear for years to come. Set atop a slender stiletto heel, this pointed-toe pair features a slim embellished ankle strap and bow design. 4.25 inch heel height Textile upper material with stones Vegan leather lining Synthetic sole Synthetic sock Fit tip: If you are in between sizes, size up a half-size Imported Steve Madden VIABLE BLACK | 9 | Steve Madden Women's Viable Pointed Toe Heels - Black - Size 9 - Leather",59.99,129.95,https://cdn.shopify.com/s/files/1/2170/8465/files/STEVEMADDEN_SHOES_VIABLE_BLACK-SATIN01.jpg,Women's Shoes > Heels,Women's Shoes > Heels,22/09/2026,,FALSE,39623906558085,,IN STOCK,,"10, 8.5, 9, 9.5",Black,,,2,TRUE,TRUE,TRUE
Steve Madden,6650115915909,6650115915909,6650115915909,Steve Madden Women's Annie Thong Heels - White - Size 7 - Leather,https://www.stevemadden.com/products/annie-white?utm_source=display&utm_medium=programmatic&utm_campaign=performance&utm_content=rtg,"Perfect for dressing up or down, ANNIE has so much going for her. A simple strappy silhouette and sexy stiletto heel work in tandem to complement all your work to play looks. 3.75 inch heel height Vegan leather upper material Vegan leather lining Vegan leather sock Synthetic sole Imported Steve Madden ANNIE WHITE | 7 | Steve Madden Women's Annie Thong Heels - White - Size 7 - Leather","Perfect for dressing up or down, ANNIE has so much going for her. A simple strappy silhouette and sexy stiletto heel work in tandem to complement all your work to play looks. 3.75 inch heel height Vegan leather upper material Vegan leather lining Vegan leather sock Synthetic sole Imported Steve Madden ANNIE WHITE | 7 | Steve Madden Women's Annie Thong Heels - White - Size 7 - Leather",49.99,99.95,https://cdn.shopify.com/s/files/1/2170/8465/files/STEVEMADDEN_SHOES_ANNIE_WHITE_01.jpg,Women's Shoes > Heels,Women's Shoes > Heels,22/09/2026,,FALSE,39652710023301,,IN STOCK,,"10, 11, 7, 8, 8.5",White,,,3,TRUE,TRUE,TRUE
Steve Madden,6650115981445,6650115981445,6650115981445,Steve Madden Women's Annie Thong Heels - Black - Size 6 - Leather,https://www.stevemadden.com/products/annie-black?utm_source=display&utm_medium=programmatic&utm_campaign=performance&utm_content=rtg,"Perfect for dressing up or down, ANNIE has so much going for her. A simple strappy silhouette and sexy stiletto heel work in tandem to complement all your work to play looks. 3.75 inch heel height Vegan leather upper material Vegan leather lining Vegan leather sock Synthetic sole Imported Steve Madden ANNIE BLACK | 6 | Steve Madden Women's Annie Thong Heels - Black - Size 6 - Leather","Perfect for dressing up or down, ANNIE has so much going for her. A simple strappy silhouette and sexy stiletto heel work in tandem to complement all your work to play looks. 3.75 inch heel height Vegan leather upper material Vegan leather lining Vegan leather sock Synthetic sole Imported Steve Madden ANNIE BLACK | 6 | Steve Madden Women's Annie Thong Heels - Black - Size 6 - Leather",79.99,99.95,https://cdn.shopify.com/s/files/1/2170/8465/files/STEVEMADDEN_SHOES_ANNIE_BLACK_01.jpg,Women's Shoes > Heels,Women's Shoes > Heels,22/09/2026,,FALSE,39652710383749,,IN STOCK,,"10, 11, 5.5, 6, 6.5, 7, 7.5, 8, 8.5, 9, 9.5",Black,,,4,TRUE,TRUE,TRUE
Steve Madden,6650116210821,6650116210821,6650116210821,Steve Madden Women's Annie Thong Heels - Champagne - Size 5.5 - Leather,https://www.stevemadden.com/products/annie-champagne?utm_source=display&utm_medium=programmatic&utm_campaign=performance&utm_content=rtg,"Perfect for dressing up or down, ANNIE has so much going for her. A simple strappy silhouette and sexy stiletto heel work in tandem to complement all your work to play looks. 3.75 inch heel height Vegan leather upper material Vegan leather lining Vegan leather sock Synthetic sole Imported Steve Madden ANNIE CHAMPAGNE | 5.5 | Steve Madden Women's Annie Thong Heels - Champagne - Size 5.5 - Leather","Perfect for dressing up or down, ANNIE has so much going for her. A simple strappy silhouette and sexy stiletto heel work in tandem to complement all your work to play looks. 3.75 inch heel height Vegan leather upper material Vegan leather lining Vegan leather sock Synthetic sole Imported Steve Madden ANNIE CHAMPAGNE | 5.5 | Steve Madden Women's Annie Thong Heels - Champagne - Size 5.5 - Leather",79.99,99.95,https://cdn.shopify.com/s/files/1/2170/8465/files/STEVEMADDEN_SHOES_ANNIE_CHAMPAGNE_01.jpg,Women's Shoes > Heels,Women's Shoes > Heels,22/09/2026,,FALSE,39652711661701,,IN STOCK,,"10, 5.5, 6, 6.5, 9.5",Champagne,,,5,TRUE,TRUE,TRUE
Steve Madden,6663607615621,6663607615621,6663607615621,Steve Madden Women's Viable Pointed Toe Heels - Off White - Size 8.5 - Leather,https://www.stevemadden.com/products/viable-off-white?utm_source=display&utm_medium=programmatic&utm_campaign=performance&utm_content=rtg,"You’ll be the bell of the ball in VIABLE, the dress heel you’ll wear for years to come. Set atop a slender stiletto heel, this pointed-toe pair features a slim rhinestone-embellished ankle strap and bow design. 4.25 inch heel height Textile upper material with stones Vegan Leather lining Synthetic sole Synthetic sock Fit tip: If you are in between sizes, size up a half-size Imported Steve Madden VIABLE OFF-WHITE | 8.5 | Steve Madden Women's Viable Pointed Toe Heels - Off White - Size 8.5 - Leather","You’ll be the bell of the ball in VIABLE, the dress heel you’ll wear for years to come. Set atop a slender stiletto heel, this pointed-toe pair features a slim rhinestone-embellished ankle strap and bow design. 4.25 inch heel height Textile upper material with stones Vegan Leather lining Synthetic sole Synthetic sock Fit tip: If you are in between sizes, size up a half-size Imported Steve Madden VIABLE OFF-WHITE | 8.5 | Steve Madden Women's Viable Pointed Toe Heels - Off White - Size 8.5 - Leather",79.99,129.95,https://cdn.shopify.com/s/files/1/2170/8465/files/STEVEMADDEN_SHOES_VIABLE_WHITE01.jpg,Women's Shoes > Heels,Women's Shoes > Heels,22/09/2026,,FALSE,39696308895877,,IN STOCK,,"10, 8.5, 9.5",Off White,,,6,TRUE,TRUE,TRUE
Steve Madden,6762153869445,6762153869445,6762153869445,Steve Madden Women's Electra Thong Heels - Black - Size 6.5 - Leather,https://www.stevemadden.com/products/electra-black?utm_source=display&utm_medium=programmatic&utm_campaign=performance&utm_content=rtg,"SHARP + ELEVATED + POLISHED A unique double toe loop strap design secures the ELECTRA sandal to its square toe sole, finished with a stiletto heel. Square toe stiletto toe loop sandal Ankle strap with buckle closure Double toe loop strap 4.25 inch heel height Vegan leather upper material Vegan leather lining Synthetic sole Imported Steve Madden ELECTRA BLACK | 6.5 | Steve Madden Women's Electra Thong Heels - Black - Size 6.5 - Leather","SHARP + ELEVATED + POLISHED A unique double toe loop strap design secures the ELECTRA sandal to its square toe sole, finished with a stiletto heel. Square toe stiletto toe loop sandal Ankle strap with buckle closure Double toe loop strap 4.25 inch heel height Vegan leather upper material Vegan leather lining Synthetic sole Imported Steve Madden ELECTRA BLACK | 6.5 | Steve Madden Women's Electra Thong Heels - Black - Size 6.5 - Leather",39.99,99.95,https://cdn.shopify.com/s/files/1/2170/8465/files/STEVEMADDEN_SHOES_ELECTRA_BLACK_SIDE.jpg,Women's Shoes > Heels,Women's Shoes > Heels,22/09/2026,,FALSE,40052324368517,,IN STOCK,,"6.5, 7.5, 8, 8.5, 9.5",Black,,,7,TRUE,TRUE,TRUE
Steve Madden,6808086478981,6808086478981,6808086478981,Steve Madden Women's Bri Pointed Toe Heels - Black Lace - Size 5 - Synthetic,https://www.stevemadden.com/products/bri-black-lace?utm_source=display&utm_medium=programmatic&utm_campaign=performance&utm_content=rtg,"A grosgrain ribbon wraps around the slingback strap of the BRI point toe stiletto pump and finishes with a bow accenting the side of the shoe. Point toe stiletto slingback pump Slip-on style with slingback strap Accent bow at side 4 inch heel height Textile upper material Synthetic lining Synthetic sock Synthetic sole Fit tip: If you are in between sizes, size up a half-size Imported Steve Madden BRI BLACK LACE | 5 | Steve Madden Women's Bri Pointed Toe Heels - Black Lace - Size 5 - Synthetic","A grosgrain ribbon wraps around the slingback strap of the BRI point toe stiletto pump and finishes with a bow accenting the side of the shoe. Point toe stiletto slingback pump Slip-on style with slingback strap Accent bow at side 4 inch heel height Textile upper material Synthetic lining Synthetic sock Synthetic sole Fit tip: If you are in between sizes, size up a half-size Imported Steve Madden BRI BLACK LACE | 5 | Steve Madden Women's Bri Pointed Toe Heels - Black Lace - Size 5 - Synthetic",109.95,109.95,https://cdn.shopify.com/s/files/1/2170/8465/files/STEVEMADDEN_SHOES_BRI_BLACK-LACE_01.jpg,Women's Shoes > Heels,Women's Shoes > Heels,22/09/2026,,FALSE,40172381765765,,IN STOCK,,"10, 11, 12, 5, 5.5, 6, 6.5, 7, 7.5, 8, 8.5, 9, 9.5",Black Lace,,,8,TRUE,TRUE,FALSE
Steve Madden,6808086741125,6808086741125,6808086741125,Steve Madden Women's Bri Pointed Toe Heels - Black Suede - Size 5,https://www.stevemadden.com/products/bri-black-suede?utm_source=display&utm_medium=programmatic&utm_campaign=performance&utm_content=rtg,"A grosgrain ribbon wraps around the slingback strap of the BRI point toe stiletto pump and finishes with a bow accenting the side of the shoe. Point toe stiletto slingback pump Slip-on style with slingback strap Accent bow at side 4 inch heel height Suede and textile upper material Synthetic lining Synthetic sock Synthetic sole Fit tip: If you are in between sizes, size up a half-size Imported Steve Madden BRI BLACK SUEDE | 5 | Steve Madden Women's Bri Pointed Toe Heels - Black Suede - Size 5","A grosgrain ribbon wraps around the slingback strap of the BRI point toe stiletto pump and finishes with a bow accenting the side of the shoe. Point toe stiletto slingback pump Slip-on style with slingback strap Accent bow at side 4 inch heel height Suede and textile upper material Synthetic lining Synthetic sock Synthetic sole Fit tip: If you are in between sizes, size up a half-size Imported Steve Madden BRI BLACK SUEDE | 5 | Steve Madden Women's Bri Pointed Toe Heels - Black Suede - Size 5",109.95,109.95,https://cdn.shopify.com/s/files/1/2170/8465/files/STEVEMADDEN_SHOES_BRI_BLACK-SATIN_01.jpg,Women's Shoes > Heels,Women's Shoes > Heels,22/09/2026,,FALSE,40172386418821,,IN STOCK,,"10, 11, 12, 5, 5.5, 6, 6.5, 7, 7.5, 8, 8.5, 9, 9.5",Black Suede,,,9,TRUE,TRUE,FALSE
Steve Madden,6817461403781,6817461403781,6817461403781,Steve Madden Women's Priya Mule Heels - Black - Size 5 - Leather,https://www.stevemadden.com/products/priya-black-patent?utm_source=display&utm_medium=programmatic&utm_campaign=performance&utm_content=rtg,"DREAMY + DELICATE + CHARMING The PRIYA sandal pairs a slender stiletto heel with a retro-inspired peep toe design on the slide strap at the front. Stiletto peep toe slide sandal Slip-on style 4.25 inch heel height Patent leather upper material Leather lining Leather sock Synthetic sole Complete the look with the MODEL bag Fit tip: If you are in between sizes, size up a half-size Imported Steve Madden PRIYA BLACK PATENT | 5 | Steve Madden Women's Priya Mule Heels - Black - Size 5 - Leather","DREAMY + DELICATE + CHARMING The PRIYA sandal pairs a slender stiletto heel with a retro-inspired peep toe design on the slide strap at the front. Stiletto peep toe slide sandal Slip-on style 4.25 inch heel height Patent leather upper material Leather lining Leather sock Synthetic sole Complete the look with the MODEL bag Fit tip: If you are in between sizes, size up a half-size Imported Steve Madden PRIYA BLACK PATENT | 5 | Steve Madden Women's Priya Mule Heels - Black - Size 5 - Leather",109.95,109.95,https://cdn.shopify.com/s/files/1/2170/8465/files/STEVEMADDEN_SHOES_PRIYA_BLACK-PATENT.jpg,Women's Shoes > Heels,Women's Shoes > Heels,22/09/2026,,FALSE,40197056299141,,IN STOCK,,"10, 11, 12, 5, 5.5, 6, 6.5, 7, 7.5, 8, 8.5, 9, 9.5",Black,,,10,TRUE,TRUE,FALSE
Steve Madden,6853356880005,6853356880005,6853356880005,Steve Madden Women's Exotica Strappy Heels - Black - Size 6 - Synthetic,https://www.stevemadden.com/products/exotica-black-patent?utm_source=display&utm_medium=programmatic&utm_campaign=performance&utm_content=rtg,TIMELESS + GLAM + CHARMING Add a touch of luxury to your wardrobe with EXOTICA BLACK PATENT. This stiletto sandal with a strappy wrap around the leg provides a unique look and feel that stands out in any crowd. Stiletto dress sandal Slip-on style with coil ankle strap 4.5 inch heel height Synthetic upper material Synthetic lining Synthetic sock Synthetic sole Imported Steve Madden EXOTICA BLACK PATENT | 6 | Steve Madden Women's Exotica Strappy Heels - Black - Size 6 - Synthetic,TIMELESS + GLAM + CHARMING Add a touch of luxury to your wardrobe with EXOTICA BLACK PATENT. This stiletto sandal with a strappy wrap around the leg provides a unique look and feel that stands out in any crowd. Stiletto dress sandal Slip-on style with coil ankle strap 4.5 inch heel height Synthetic upper material Synthetic lining Synthetic sock Synthetic sole Imported Steve Madden EXOTICA BLACK PATENT | 6 | Steve Madden Women's Exotica Strappy Heels - Black - Size 6 - Synthetic,49.99,119.95,https://cdn.shopify.com/s/files/1/2170/8465/files/STEVEMADDEN_SHOES_EXOTICA_BLACK-PATENT01_35d54095-7ef5-431b-963f-5cb70925311e.jpg,Women's Shoes > Heels,Women's Shoes > Heels,22/09/2026,,FALSE,40305979752581,,IN STOCK,,"6, 6.5, 7, 7.5, 8, 8.5",Black,,,11,TRUE,TRUE,TRUE
Steve Madden,6862679801989,6862679801989,6862679801989,Steve Madden Women's Priya Mule Heels - Natural Snake - Size 6 - Synthetic,https://www.stevemadden.com/products/priya-natural-snake?utm_source=display&utm_medium=programmatic&utm_campaign=performance&utm_content=rtg,DREAMY + DELICATE + CHARMING The PRIYA NATURAL SNAKE sandal pairs a slender stiletto heel with a retro-inspired peep toe design on the slide strap at the front. Stiletto peep toe slide sandal Slip-on style 4.25 inch heel height Synthetic upper material Synthetic lining Synthetic sock Synthetic sole Imported Steve Madden PRIYA NATURAL SNAKE | 6 | Steve Madden Women's Priya Mule Heels - Natural Snake - Size 6 - Synthetic,DREAMY + DELICATE + CHARMING The PRIYA NATURAL SNAKE sandal pairs a slender stiletto heel with a retro-inspired peep toe design on the slide strap at the front. Stiletto peep toe slide sandal Slip-on style 4.25 inch heel height Synthetic upper material Synthetic lining Synthetic sock Synthetic sole Imported Steve Madden PRIYA NATURAL SNAKE | 6 | Steve Madden Women's Priya Mule Heels - Natural Snake - Size 6 - Synthetic,59.99,109.95,https://cdn.shopify.com/s/files/1/2170/8465/files/STEVEMADDEN_SHOES_PRIYA_NATURAL-SNAKE.jpg,Women's Shoes > Heels,Women's Shoes > Heels,22/09/2026,,FALSE,40337307664517,,IN STOCK,,6,Natural Snake,,,12,TRUE,TRUE,TRUE
Steve Madden,6864505241733,6864505241733,6864505241733,Steve Madden Women's Smitten Block Heels - Tan - Size 6 - Leather,https://www.stevemadden.com/products/smitten-tan-leather?utm_source=display&utm_medium=programmatic&utm_campaign=performance&utm_content=rtg,"Crafted from sleek leather, the SMITTEN slingback showcases a versatile design with a low block heel and classic ballet silhouette. Elevate your style and comfort with this timeless piece, perfect for day-to-day wear. 1.75 inch heel height Leather upper material Synthetic lining Synthetic sock Synthetic sole Imported Steve Madden SMITTEN TAN LEATHER | 6 | Steve Madden Women's Smitten Block Heels - Tan - Size 6 - Leather","Crafted from sleek leather, the SMITTEN slingback showcases a versatile design with a low block heel and classic ballet silhouette. Elevate your style and comfort with this timeless piece, perfect for day-to-day wear. 1.75 inch heel height Leather upper material Synthetic lining Synthetic sock Synthetic sole Imported Steve Madden SMITTEN TAN LEATHER | 6 | Steve Madden Women's Smitten Block Heels - Tan - Size 6 - Leather",59.99,89.95,https://cdn.shopify.com/s/files/1/2170/8465/files/STEVEMADDEN_SHOES_SMITTEN_TAN-LEATHER.jpg,Women's Shoes > Heels,Women's Shoes > Heels,22/09/2026,,FALSE,40344688099461,,IN STOCK,,"10, 6, 6.5, 7, 7.5, 8, 8.5, 9",Tan,,,13,TRUE,TRUE,TRUE
Steve Madden,6889869410437,6889869410437,6889869410437,Steve Madden Women's Bri Pearl Pointed Toe Heels - White Lace - Size 5 - Synthetic,https://www.stevemadden.com/products/bri-white-lace?utm_source=display&utm_medium=programmatic&utm_campaign=performance&utm_content=rtg,"A grosgrain ribbon wraps around the slingback strap of the BRI point toe stiletto pump and finishes with a bow accenting the side of the shoe. Point toe stiletto slingback pump Slip-on style with slingback strap Accent bow at side 4 inch heel height Textile and synthetic upper material Synthetic lining Synthetic sock Synthetic sole Fit tip: If you are in between sizes, size up a half-size Imported Steve Madden BRI WHITE LACE PEARL | 5 | Steve Madden Women's Bri Pearl Pointed Toe Heels - White Lace - Size 5 - Synthetic","A grosgrain ribbon wraps around the slingback strap of the BRI point toe stiletto pump and finishes with a bow accenting the side of the shoe. Point toe stiletto slingback pump Slip-on style with slingback strap Accent bow at side 4 inch heel height Textile and synthetic upper material Synthetic lining Synthetic sock Synthetic sole Fit tip: If you are in between sizes, size up a half-size Imported Steve Madden BRI WHITE LACE PEARL | 5 | Steve Madden Women's Bri Pearl Pointed Toe Heels - White Lace - Size 5 - Synthetic",109.95,109.95,https://cdn.shopify.com/s/files/1/2170/8465/files/STEVEMADDEN_SHOES_BRI_WHITE-LACE-PEARL.jpg,Women's Shoes > Heels,Women's Shoes > Heels,22/09/2026,,FALSE,40416095535237,,IN STOCK,,"10, 11, 12, 5, 5.5, 6, 6.5, 7, 7.5, 8, 8.5, 9, 9.5",White Lace,,,14,TRUE,TRUE,FALSE
Steve Madden,6976721322117,6976721322117,6976721322117,Steve Madden Women's Ina Strappy Heels - Black Multi - Size 6.5 - Leather,https://www.stevemadden.com/products/ina-black-multi?utm_source=display&utm_medium=programmatic&utm_campaign=performance&utm_content=rtg,"Achieve a sleek and glamorous look with the INA stiletto heels. Adorned with rhinestone embellishments and a pointed toe design, these strappy heels add a touch of elegance and sparkle to any outfit. Elevate your style with confidence and comfort in these stunning heels. 4.5 inch heel height Synthetic upper material with stones Leather lining Leather sock Synthetic sole Imported Steve Madden INA BLACK MULTI | 6.5 | Steve Madden Women's Ina Strappy Heels - Black Multi - Size 6.5 - Leather","Achieve a sleek and glamorous look with the INA stiletto heels. Adorned with rhinestone embellishments and a pointed toe design, these strappy heels add a touch of elegance and sparkle to any outfit. Elevate your style with confidence and comfort in these stunning heels. 4.5 inch heel height Synthetic upper material with stones Leather lining Leather sock Synthetic sole Imported Steve Madden INA BLACK MULTI | 6.5 | Steve Madden Women's Ina Strappy Heels - Black Multi - Size 6.5 - Leather",69.99,119.95,https://cdn.shopify.com/s/files/1/2170/8465/files/STEVEMADDEN_SHOES_INA_BLACK-MULTI_01.jpg,Women's Shoes > Heels,Women's Shoes > Heels,22/09/2026,,FALSE,40676646289541,,IN STOCK,,"6.5, 7.5, 8, 8.5, 9.5",Black Multi,,,15,TRUE,TRUE,TRUE
Steve Madden,6991906668677,6991906668677,6991906668677,Steve Madden Women's Saturn Mule Heels - Black - Size 5 - Synthetic,https://www.stevemadden.com/products/saturn-black?utm_source=display&utm_medium=programmatic&utm_campaign=performance&utm_content=rtg,"The SATURN features a sleek mule heel and a tubular double strap, with a stiletto heel. A perfect combination of style and comfort for any occasion. Expertly crafted for a sophisticated look, these heels will elevate any outfit. 4.25 inch heel height Synthetic upper material Synthetic lining Synthetic sock Synthetic sole Fit tip: If you are in between sizes, size up a half-size Imported Steve Madden SATURN BLACK | 5 | Steve Madden Women's Saturn Mule Heels - Black - Size 5 - Synthetic","The SATURN features a sleek mule heel and a tubular double strap, with a stiletto heel. A perfect combination of style and comfort for any occasion. Expertly crafted for a sophisticated look, these heels will elevate any outfit. 4.25 inch heel height Synthetic upper material Synthetic lining Synthetic sock Synthetic sole Fit tip: If you are in between sizes, size up a half-size Imported Steve Madden SATURN BLACK | 5 | Steve Madden Women's Saturn Mule Heels - Black - Size 5 - Synthetic",79.99,119.95,https://cdn.shopify.com/s/files/1/2170/8465/files/STEVEMADDEN_SHOES_SATURN_BLACK_01.jpg,Women's Shoes > Heels,Women's Shoes > Heels,22/09/2026,,FALSE,40700920987781,,IN STOCK,,"5, 5.5, 6, 6.5",Black,,,16,TRUE,TRUE,TRUE
Steve Madden,6991906701445,6991906701445,6991906701445,Steve Madden Women's Saturn Mule Heels - Bronze - Size 5 - Synthetic,https://www.stevemadden.com/products/saturn-bronze?utm_source=display&utm_medium=programmatic&utm_campaign=performance&utm_content=rtg,"The SATURN features a sleek mule heel and a tubular double strap, with a stiletto heel. A perfect combination of style and comfort for any occasion. Expertly crafted for a sophisticated look, these heels will elevate any outfit. 4.25 inch heel height Synthetic upper material Synthetic lining Synthetic sock Synthetic sole Fit tip: If you are in between sizes, size up a half-size Imported Steve Madden SATURN BRONZE | 5 | Steve Madden Women's Saturn Mule Heels - Bronze - Size 5 - Synthetic","The SATURN features a sleek mule heel and a tubular double strap, with a stiletto heel. A perfect combination of style and comfort for any occasion. Expertly crafted for a sophisticated look, these heels will elevate any outfit. 4.25 inch heel height Synthetic upper material Synthetic lining Synthetic sock Synthetic sole Fit tip: If you are in between sizes, size up a half-size Imported Steve Madden SATURN BRONZE | 5 | Steve Madden Women's Saturn Mule Heels - Bronze - Size 5 - Synthetic",69.99,119.95,https://cdn.shopify.com/s/files/1/2170/8465/files/STEVEMADDEN_SHOES_SATURN_BRONZE_01.jpg,Women's Shoes > Heels,Women's Shoes > Heels,22/09/2026,,FALSE,40700921446533,,IN STOCK,,"5, 5.5, 6, 6.5",Bronze,,,17,TRUE,TRUE,TRUE
Steve Madden,4392929656977,4392929656977,4392929656977,Steve Madden Women's Signal Mule Heels - Clear - Size 14 - Synthetic,https://www.stevemadden.com/products/signal-clear?utm_source=display&utm_medium=programmatic&utm_campaign=performance&utm_content=rtg,"Simple yet sexy, SIGNAL is a charming little slide that’ll dress up any look without distracting from it. The style’s tall stiletto heel lifts and flatters, while a flirty peep-toe puts pedis on display. 3.75 inch heel height Synthetic upper material Unlined Synthetic sock Synthetic sole Fit tip: If you are in between sizes, size up a half-size Imported Steve Madden SIGNAL CLEAR | 14 | Steve Madden Women's Signal Mule Heels - Clear - Size 14 - Synthetic","Simple yet sexy, SIGNAL is a charming little slide that’ll dress up any look without distracting from it. The style’s tall stiletto heel lifts and flatters, while a flirty peep-toe puts pedis on display. 3.75 inch heel height Synthetic upper material Unlined Synthetic sock Synthetic sole Fit tip: If you are in between sizes, size up a half-size Imported Steve Madden SIGNAL CLEAR | 14 | Steve Madden Women's Signal Mule Heels - Clear - Size 14 - Synthetic",69.99,99.95,https://cdn.shopify.com/s/files/1/2170/8465/files/STEVEMADDEN_SHOES_SIGNAL_CLEAR_01.jpg,Women's Shoes > Heels,Women's Shoes > Heels,22/09/2026,,FALSE,40731434942597,,IN STOCK,,14,Clear,,,18,TRUE,TRUE,TRUE
Steve Madden,7030007431301,7030007431301,7030007431301,Steve Madden Women's Scorpio Strappy Heels - Black Satin - Size 7.5 - Leather/Satin,https://www.stevemadden.com/products/scorpio-black-satin?utm_source=display&utm_medium=programmatic&utm_campaign=performance&utm_content=rtg,"Elevate your style with the SCORPIO. Crafted with a pointed toe, strappy heel, and stiletto, this shoe exudes sophistication and luxury. Step out in confidence and make a statement with these elegant heels that are perfect for any special occasion. 4.5 inch heel height Textile upper material Synthetic lining Leather sock Synthetic sole Imported Steve Madden SCORPIO BLACK SATIN | 7.5 | Steve Madden Women's Scorpio Strappy Heels - Black Satin - Size 7.5 - Leather/Satin","Elevate your style with the SCORPIO. Crafted with a pointed toe, strappy heel, and stiletto, this shoe exudes sophistication and luxury. Step out in confidence and make a statement with these elegant heels that are perfect for any special occasion. 4.5 inch heel height Textile upper material Synthetic lining Leather sock Synthetic sole Imported Steve Madden SCORPIO BLACK SATIN | 7.5 | Steve Madden Women's Scorpio Strappy Heels - Black Satin - Size 7.5 - Leather/Satin",49.99,99.95,https://cdn.shopify.com/s/files/1/2170/8465/files/STEVEMADDEN_SHOES_SCORPIO_BLACK-SATIN.jpg,Women's Shoes > Heels,Women's Shoes > Heels,22/09/2026,,FALSE,40782818640005,,IN STOCK,,"7.5, 9.5",Black Satin,,,19,TRUE,TRUE,TRUE
Steve Madden,7031686135941,7031686135941,7031686135941,Steve Madden Women's Benni Rhinestones Strappy Heels - Silver - Size 7 - Leather,https://www.stevemadden.com/products/benni-r-silver?utm_source=display&utm_medium=programmatic&utm_campaign=performance&utm_content=rtg,"Elevate your style with BENNI. Featuring a stunning big net bow accent at the back of the heel and intricate rhinestone detailing, these stiletto heels add a touch of glamour to any outfit. Step out in confidence and be the center of attention with these stunning statement shoes. 4 inch heel height Synthetic and textile upper material with stones Synthetic lining Leather sock Synthetic sole Imported Steve Madden BENNI SILVER RHINESTONES | 7 | Steve Madden Women's Benni Rhinestones Strappy Heels - Silver - Size 7 - Leather","Elevate your style with BENNI. Featuring a stunning big net bow accent at the back of the heel and intricate rhinestone detailing, these stiletto heels add a touch of glamour to any outfit. Step out in confidence and be the center of attention with these stunning statement shoes. 4 inch heel height Synthetic and textile upper material with stones Synthetic lining Leather sock Synthetic sole Imported Steve Madden BENNI SILVER RHINESTONES | 7 | Steve Madden Women's Benni Rhinestones Strappy Heels - Silver - Size 7 - Leather",99.97,149.95,https://cdn.shopify.com/s/files/1/2170/8465/files/STEVEMADDEN_SHOES_BENNI-R_WHITE-MULTI_b0fdbf71-f837-4fe8-b737-e227609dbfce.jpg,Women's Shoes > Heels,Women's Shoes > Heels,22/09/2026,,FALSE,40788504379525,,IN STOCK,,"11, 7",Silver,,,20,TRUE,TRUE,TRUE
Steve Madden,7034816888965,7034816888965,7034816888965,Steve Madden Women's Tia Strappy Heels - Black - Size 6 - Leather,https://www.stevemadden.com/products/tia-black?utm_source=display&utm_medium=programmatic&utm_campaign=performance&utm_content=rtg,"Step into style with the TIA stiletto heel. With daring gold hardware accents and a strappy design, this shoe will elevate any outfit. Unleash your boldness and conquer the day in these statement heels! 4.25 inch heel height Synthetic upper material with hardware Synthetic lining Leather sock Synthetic sole Imported Steve Madden TIA BLACK | 6 | Steve Madden Women's Tia Strappy Heels - Black - Size 6 - Leather","Step into style with the TIA stiletto heel. With daring gold hardware accents and a strappy design, this shoe will elevate any outfit. Unleash your boldness and conquer the day in these statement heels! 4.25 inch heel height Synthetic upper material with hardware Synthetic lining Leather sock Synthetic sole Imported Steve Madden TIA BLACK | 6 | Steve Madden Women's Tia Strappy Heels - Black - Size 6 - Leather",59.99,99.95,https://cdn.shopify.com/s/files/1/2170/8465/files/STEVEMADDEN_SHOES_TIA_BLACK_01.jpg,Women's Shoes > Heels,Women's Shoes > Heels,22/09/2026,,FALSE,40797244129413,,IN STOCK,,6,Black,,,21,TRUE,TRUE,TRUE
Steve Madden,7044631396485,7044631396485,7044631396485,Steve Madden Women's Cologne Strappy Heels - Wine - Size 5.5 - Synthetic,https://www.stevemadden.com/products/cologne-wine-patent?utm_source=display&utm_medium=programmatic&utm_campaign=performance&utm_content=rtg,"Elevate your style with our COLOGNE stiletto heels. With a daring platform and edgy square-toe design, these heels will take your look to new heights. Boldly step into any occasion and make a statement that is both fierce and elegant. 5.75 inch heel height 1.5 inch platform Synthetic upper material Synthetic lining Synthetic sock Synthetic sole Imported Steve Madden COLOGNE WINE PATENT | 5.5 | Steve Madden Women's Cologne Strappy Heels - Wine - Size 5.5 - Synthetic","Elevate your style with our COLOGNE stiletto heels. With a daring platform and edgy square-toe design, these heels will take your look to new heights. Boldly step into any occasion and make a statement that is both fierce and elegant. 5.75 inch heel height 1.5 inch platform Synthetic upper material Synthetic lining Synthetic sock Synthetic sole Imported Steve Madden COLOGNE WINE PATENT | 5.5 | Steve Madden Women's Cologne Strappy Heels - Wine - Size 5.5 - Synthetic",129.95,129.95,https://cdn.shopify.com/s/files/1/2170/8465/files/STEVEMADDEN_SHOES_COLOGNE_WINE-PATENT.jpg,Women's Shoes > Heels,Women's Shoes > Heels,22/09/2026,,FALSE,40832424607877,,IN STOCK,,"10, 5.5, 6, 6.5, 7, 7.5, 8, 8.5, 9, 9.5",Wine,,,22,TRUE,TRUE,FALSE
Steve Madden,7057364811909,7057364811909,7057364811909,Steve Madden Women's Bri Pointed Toe Heels - Black - Size 5.5 - Synthetic,https://www.stevemadden.com/products/bri-black-patent?utm_source=display&utm_medium=programmatic&utm_campaign=performance&utm_content=rtg,"A grosgrain ribbon wraps around the slingback strap of the BRI point toe stiletto pump and finishes with a bow accenting the side of the shoe. Point toe stiletto slingback pump Slip-on style with slingback strap Accent bow at side 4 inch heel height Synthetic upper material Synthetic lining Synthetic sock Synthetic sole Fit tip: If you are in between sizes, size up a half-size Imported Steve Madden BRI BLACK PATENT | 5.5 | Steve Madden Women's Bri Pointed Toe Heels - Black - Size 5.5 - Synthetic","A grosgrain ribbon wraps around the slingback strap of the BRI point toe stiletto pump and finishes with a bow accenting the side of the shoe. Point toe stiletto slingback pump Slip-on style with slingback strap Accent bow at side 4 inch heel height Synthetic upper material Synthetic lining Synthetic sock Synthetic sole Fit tip: If you are in between sizes, size up a half-size Imported Steve Madden BRI BLACK PATENT | 5.5 | Steve Madden Women's Bri Pointed Toe Heels - Black - Size 5.5 - Synthetic",69.99,109.95,https://cdn.shopify.com/s/files/1/2170/8465/files/STEVEMADDEN_SHOES_BRI_BLACK-PATENT.jpg,Women's Shoes > Heels,Women's Shoes > Heels,22/09/2026,,FALSE,40883303972997,,IN STOCK,,"10, 5.5, 6, 6.5, 7, 7.5, 8, 8.5, 9, 9.5",Black,,,23,TRUE,TRUE,TRUE
Steve Madden,7057365172357,7057365172357,7057365172357,Steve Madden Women's Bri Pointed Toe Heels - Blush - Size 6 - Synthetic,https://www.stevemadden.com/products/bri-blush-patent?utm_source=display&utm_medium=programmatic&utm_campaign=performance&utm_content=rtg,"A grosgrain ribbon wraps around the slingback strap of the BRI point toe stiletto pump and finishes with a bow accenting the side of the shoe. Point toe stiletto slingback pump Slip-on style with slingback strap Accent bow at side 4 inch heel height Textile and synthetic upper material Synthetic lining Synthetic sock Synthetic sole Fit tip: If you are in between sizes, size up a half-size Imported Steve Madden BRI BLUSH PATENT | 6 | Steve Madden Women's Bri Pointed Toe Heels - Blush - Size 6 - Synthetic","A grosgrain ribbon wraps around the slingback strap of the BRI point toe stiletto pump and finishes with a bow accenting the side of the shoe. Point toe stiletto slingback pump Slip-on style with slingback strap Accent bow at side 4 inch heel height Textile and synthetic upper material Synthetic lining Synthetic sock Synthetic sole Fit tip: If you are in between sizes, size up a half-size Imported Steve Madden BRI BLUSH PATENT | 6 | Steve Madden Women's Bri Pointed Toe Heels - Blush - Size 6 - Synthetic",79.99,109.95,https://cdn.shopify.com/s/files/1/2170/8465/files/STEVEMADDEN_SHOES_BRI_BLUSH-PATENT_01_8c6256cb-5ec7-4df6-aad2-e520829548df.jpg,Women's Shoes > Heels,Women's Shoes > Heels,22/09/2026,,FALSE,40883306201221,,IN STOCK,,"10, 11, 6, 6.5, 7, 7.5, 8, 8.5, 9, 9.5",Blush,,,24,TRUE,TRUE,TRUE
Steve Madden,7057934876805,7057934876805,7057934876805,Steve Madden Women's Jypsey Strappy Heels - Black - Size 5 - Leather,https://www.stevemadden.com/products/jypsey-black-leather?utm_source=display&utm_medium=programmatic&utm_campaign=performance&utm_content=rtg,"Enhance your outfit with these sleek JYPSEY heels. The strappy design and secure ankle strap provide a sophisticated touch, while the rounded toe and crisscross back add a unique flair. With a stunning stiletto heel, these heels are perfect for any formal or professional occasion. 4 inch heel height Leather upper material Synthetic lining Synthetic sock Synthetic sole Imported Steve Madden JYPSEY BLACK LEATHER | 5 | Steve Madden Women's Jypsey Strappy Heels - Black - Size 5 - Leather","Enhance your outfit with these sleek JYPSEY heels. The strappy design and secure ankle strap provide a sophisticated touch, while the rounded toe and crisscross back add a unique flair. With a stunning stiletto heel, these heels are perfect for any formal or professional occasion. 4 inch heel height Leather upper material Synthetic lining Synthetic sock Synthetic sole Imported Steve Madden JYPSEY BLACK LEATHER | 5 | Steve Madden Women's Jypsey Strappy Heels - Black - Size 5 - Leather",76.97,109.95,https://cdn.shopify.com/s/files/1/2170/8465/files/STEVEMADDEN_SHOES_JYPSEY_BLACK-LEATHER_35db9dbd-b14b-4d65-a855-019b5da17efa.jpg,Women's Shoes > Heels,Women's Shoes > Heels,22/09/2026,,FALSE,40884667744389,,IN STOCK,,"10, 11, 5, 5.5, 6, 6.5, 7, 7.5, 8, 8.5, 9, 9.5",Black,,,26,TRUE,TRUE,TRUE
Steve Madden,7092741243013,7092741243013,7092741243013,Steve Madden Women's Vantage Strappy Heels - White - Size 10 - Leather,https://www.stevemadden.com/products/vantage-white?utm_source=display&utm_medium=programmatic&utm_campaign=performance&utm_content=rtg,"Experience sophisticated style and comfort with VANTAGE. This modern square-toe heel features chic buckles on the straps for a secure fit. Made with top-quality materials, it's perfect for elevating any outfit. Dominate the trend game and walk with confidence in this unique slingback heel. 3.25 inch heel height Vegan leather upper material Vegan leather lining Vegan leather sock Synthetic sole Fit tip: If you are in between sizes, size down a half-size Imported Steve Madden VANTAGE WHITE | 10 | Steve Madden Women's Vantage Strappy Heels - White - Size 10 - Leather","Experience sophisticated style and comfort with VANTAGE. This modern square-toe heel features chic buckles on the straps for a secure fit. Made with top-quality materials, it's perfect for elevating any outfit. Dominate the trend game and walk with confidence in this unique slingback heel. 3.25 inch heel height Vegan leather upper material Vegan leather lining Vegan leather sock Synthetic sole Fit tip: If you are in between sizes, size down a half-size Imported Steve Madden VANTAGE WHITE | 10 | Steve Madden Women's Vantage Strappy Heels - White - Size 10 - Leather",39.99,99.95,https://cdn.shopify.com/s/files/1/2170/8465/files/STEVEMADDEN_SHOES_VANTAGE_WHITE_01.jpg,Women's Shoes > Heels,Women's Shoes > Heels,22/09/2026,,FALSE,41049041010821,,IN STOCK,,"10, 11",White,,,41,TRUE,TRUE,TRUE
Steve Madden,7095008592005,7095008592005,7095008592005,Steve Madden Women's Floria Block Heels - Banana - Size 8.5 - Leather,https://www.stevemadden.com/products/floria-banana-leather?utm_source=display&utm_medium=programmatic&utm_campaign=performance&utm_content=rtg,"Expertly crafted with a platform block heel, strappy design, and wood bottom, FLORIA shoes offer both style and comfort. The square-toe adds a touch of sophistication, making them perfect for any occasion. Elevate your look with this luxurious and versatile footwear. 5 inch heel height 1.25 inch platform Leather upper material Leather lining Synthetic sock Synthetic sole Imported Steve Madden FLORIA BANANA LEATHER | 8.5 | Steve Madden Women's Floria Block Heels - Banana - Size 8.5 - Leather","Expertly crafted with a platform block heel, strappy design, and wood bottom, FLORIA shoes offer both style and comfort. The square-toe adds a touch of sophistication, making them perfect for any occasion. Elevate your look with this luxurious and versatile footwear. 5 inch heel height 1.25 inch platform Leather upper material Leather lining Synthetic sock Synthetic sole Imported Steve Madden FLORIA BANANA LEATHER | 8.5 | Steve Madden Women's Floria Block Heels - Banana - Size 8.5 - Leather",69.99,129.95,https://cdn.shopify.com/s/files/1/2170/8465/files/STEVEMADDEN_SHOES_FLORIA_BANANA-LEATHER01.jpg,Women's Shoes > Heels,Women's Shoes > Heels,22/09/2026,,FALSE,41053759373445,,IN STOCK,,"10, 8.5, 9.5",Banana,,,43,TRUE,TRUE,TRUE
Steve Madden,7095008657541,7095008657541,7095008657541,Steve Madden Women's Edna Strappy Heels - Black - Size 5 - Leather,https://www.stevemadden.com/products/edna-black-leather?utm_source=display&utm_medium=programmatic&utm_campaign=performance&utm_content=rtg,"The EDNA is a stylish shoe that features a mule heel, strappy design, and rounded toe. Its elegant design and comfortable fit make it perfect for any occasion, while its high-quality materials ensure durability and long-lasting wear. Elevate your wardrobe with this must-have shoe. 3 inch heel height Leather upper material Unlined Synthetic sock Synthetic sole Imported Steve Madden EDNA BLACK LEATHER | 5 | Steve Madden Women's Edna Strappy Heels - Black - Size 5 - Leather","The EDNA is a stylish shoe that features a mule heel, strappy design, and rounded toe. Its elegant design and comfortable fit make it perfect for any occasion, while its high-quality materials ensure durability and long-lasting wear. Elevate your wardrobe with this must-have shoe. 3 inch heel height Leather upper material Unlined Synthetic sock Synthetic sole Imported Steve Madden EDNA BLACK LEATHER | 5 | Steve Madden Women's Edna Strappy Heels - Black - Size 5 - Leather",79.99,109.95,https://cdn.shopify.com/s/files/1/2170/8465/files/STEVEMADDEN_SHOES_EDNA_BLACK-LEATHER.jpg,Women's Shoes > Heels,Women's Shoes > Heels,22/09/2026,,FALSE,41053759635589,,IN STOCK,,"10, 11, 5, 5.5, 6, 6.5, 7, 7.5, 8, 8.5, 9, 9.5",Black,,,44,TRUE,TRUE,TRUE
Steve Madden,7096336744581,7096336744581,7096336744581,Steve Madden Women's Gleam Mule Heels - White - Size 6 - Mesh,https://www.stevemadden.com/products/gleam-white?utm_source=display&utm_medium=programmatic&utm_campaign=performance&utm_content=rtg,Introducing GLEAM - the perfect combination of style and comfort. This sleek mule features a trendy square-toe heel and a mesh design that adds a touch of modernity to any outfit. Step out with confidence knowing you're making a statement in fashion with these must-have shoes. 3 inch heel height Textile upper material Unlined Synthetic sock Synthetic sole Imported Steve Madden GLEAM WHITE | 6 | Steve Madden Women's Gleam Mule Heels - White - Size 6 - Mesh,Introducing GLEAM - the perfect combination of style and comfort. This sleek mule features a trendy square-toe heel and a mesh design that adds a touch of modernity to any outfit. Step out with confidence knowing you're making a statement in fashion with these must-have shoes. 3 inch heel height Textile upper material Unlined Synthetic sock Synthetic sole Imported Steve Madden GLEAM WHITE | 6 | Steve Madden Women's Gleam Mule Heels - White - Size 6 - Mesh,39.99,109.95,https://cdn.shopify.com/s/files/1/2170/8465/files/STEVEMADDEN_SHOES_GLEAM_WHITE_01.jpg,Women's Shoes > Heels,Women's Shoes > Heels,22/09/2026,,FALSE,41056453165189,,IN STOCK,,"10, 11, 6, 6.5, 7, 7.5, 8, 8.5, 9, 9.5",White,,,45,TRUE,TRUE,TRUE
Steve Madden,7101079519365,7101079519365,7101079519365,Steve Madden Women's Tracie Jelly Thong Heels - Pink - Size 5 - PVC,https://www.stevemadden.com/products/tracie-j-pink?utm_source=display&utm_medium=programmatic&utm_campaign=performance&utm_content=rtg,"The TRACIE is a sleek and stylish choice for any formal occasion. This heel features a comfortable kitten heel, a chic thong strap design, and a classic square toe. With a touch of exotic texture, these shoes add a unique element to your outfit while providing comfort and sophistication. 2 inch heel height PVC upper material Unlined Synthetic sock Synthetic sole Fit tip: If you are in between sizes, size down a half-size Imported Steve Madden TRACIE JELLY PINK | 5 | Steve Madden Women's Tracie Jelly Thong Heels - Pink - Size 5 - PVC","The TRACIE is a sleek and stylish choice for any formal occasion. This heel features a comfortable kitten heel, a chic thong strap design, and a classic square toe. With a touch of exotic texture, these shoes add a unique element to your outfit while providing comfort and sophistication. 2 inch heel height PVC upper material Unlined Synthetic sock Synthetic sole Fit tip: If you are in between sizes, size down a half-size Imported Steve Madden TRACIE JELLY PINK | 5 | Steve Madden Women's Tracie Jelly Thong Heels - Pink - Size 5 - PVC",39.99,59.95,https://cdn.shopify.com/s/files/1/2170/8465/files/STEVEMADDEN_SHOES_TRACIE-J_PINK_01.jpg,Women's Shoes > Heels,Women's Shoes > Heels,22/09/2026,,FALSE,41066122379397,,IN STOCK,,"11, 5, 6, 7, 8, 9",Pink,,,47,TRUE,TRUE,TRUE
Steve Madden,7101080141957,7101080141957,7101080141957,Steve Madden Women's Jypsey Strappy Heels - White - Size 5 - Leather,https://www.stevemadden.com/products/jypsey-white-leather?utm_source=display&utm_medium=programmatic&utm_campaign=performance&utm_content=rtg,"Enhance your outfit with these sleek JYPSEY heels. The strappy design and secure ankle strap provide a sophisticated touch, while the rounded toe and crisscross back add a unique flair. With a stunning stiletto heel, these heels are perfect for any formal or professional occasion. 4 inch heel height Leather upper material Synthetic lining Synthetic sock Synthetic sole Imported Steve Madden JYPSEY WHITE LEATHER | 5 | Steve Madden Women's Jypsey Strappy Heels - White - Size 5 - Leather","Enhance your outfit with these sleek JYPSEY heels. The strappy design and secure ankle strap provide a sophisticated touch, while the rounded toe and crisscross back add a unique flair. With a stunning stiletto heel, these heels are perfect for any formal or professional occasion. 4 inch heel height Leather upper material Synthetic lining Synthetic sock Synthetic sole Imported Steve Madden JYPSEY WHITE LEATHER | 5 | Steve Madden Women's Jypsey Strappy Heels - White - Size 5 - Leather",109.95,109.95,https://cdn.shopify.com/s/files/1/2170/8465/files/STEVEMADDEN_SHOES_JYPSEY_WHITE-LEATHER_01.jpg,Women's Shoes > Heels,Women's Shoes > Heels,22/09/2026,,FALSE,41066125688965,,IN STOCK,,"10, 11, 5, 5.5, 6, 6.5, 7, 7.5, 8, 8.5, 9, 9.5",White,,,48,TRUE,TRUE,FALSE
Steve Madden,7101309616261,7101309616261,7101309616261,Steve Madden Women's Tracie Jelly Thong Heels - Smoke - Size 6 - PVC,https://www.stevemadden.com/products/tracie-j-smoke?utm_source=display&utm_medium=programmatic&utm_campaign=performance&utm_content=rtg,"The TRACIE is a sleek and stylish choice for any formal occasion. This heel features a comfortable kitten heel, a chic thong strap design, and a classic square toe. With a touch of exotic texture, these shoes add a unique element to your outfit while providing comfort and sophistication. 2 inch heel height PVC upper material Unlined Synthetic sock Synthetic sole Fit tip: If you are in between sizes, size down a half-size Imported Steve Madden TRACIE JELLY SMOKE | 6 | Steve Madden Women's Tracie Jelly Thong Heels - Smoke - Size 6 - PVC","The TRACIE is a sleek and stylish choice for any formal occasion. This heel features a comfortable kitten heel, a chic thong strap design, and a classic square toe. With a touch of exotic texture, these shoes add a unique element to your outfit while providing comfort and sophistication. 2 inch heel height PVC upper material Unlined Synthetic sock Synthetic sole Fit tip: If you are in between sizes, size down a half-size Imported Steve Madden TRACIE JELLY SMOKE | 6 | Steve Madden Women's Tracie Jelly Thong Heels - Smoke - Size 6 - PVC",39.99,59.95,https://cdn.shopify.com/s/files/1/2170/8465/files/STEVEMADDEN_SHOES_TRACIE-J_SMOKE_01.jpg,Women's Shoes > Heels,Women's Shoes > Heels,22/09/2026,,FALSE,41066956193925,,IN STOCK,,"10, 11, 6, 7, 8, 9",Smoke,,,49,TRUE,TRUE,TRUE
Steve Madden,7101732290693,7101732290693,7101732290693,Steve Madden Women's Diora Block Heels - Gold - Size 8 - Leather,https://www.stevemadden.com/products/diora-gold?utm_source=display&utm_medium=programmatic&utm_campaign=performance&utm_content=rtg,"Experience timeless elegance and modern comfort with our DIORA strappy square-toe heel. Designed with a sturdy block heel, this shoe provides stability and style for all-day wear. Perfect for any occasion, add a touch of sophistication to your wardrobe with this timeless heel. 3.25 inch heel height Vegan leather upper material Vegan leather lining Vegan leather sock Synthetic sole Imported Steve Madden DIORA GOLD | 8 | Steve Madden Women's Diora Block Heels - Gold - Size 8 - Leather","Experience timeless elegance and modern comfort with our DIORA strappy square-toe heel. Designed with a sturdy block heel, this shoe provides stability and style for all-day wear. Perfect for any occasion, add a touch of sophistication to your wardrobe with this timeless heel. 3.25 inch heel height Vegan leather upper material Vegan leather lining Vegan leather sock Synthetic sole Imported Steve Madden DIORA GOLD | 8 | Steve Madden Women's Diora Block Heels - Gold - Size 8 - Leather",49.99,99.95,https://cdn.shopify.com/s/files/1/2170/8465/files/STEVEMADDEN_SHOES_DIORA_DOLD_01.jpg,Women's Shoes > Heels,Women's Shoes > Heels,22/09/2026,,FALSE,41068343623813,,IN STOCK,,"10, 11, 8, 9.5",Gold,,,51,TRUE,TRUE,TRUE
Steve Madden,7109907349637,7109907349637,7109907349637,Steve Madden Women's Wiley Heels - Blush - Size 9.5 - Synthetic,https://www.stevemadden.com/products/wiley-blush-patent?utm_source=display&utm_medium=programmatic&utm_campaign=performance&utm_content=rtg,The WILEY is a sleek and elegant shoe with a stiletto heel design and delicate ankle strap. These shoes not only add a touch of sophistication and femininity to any outfit but also provide stability and comfort. Perfect for any special occasion or night out. 4.25 inch heel height Synthetic upper material Synthetic lining Synthetic sock Synthetic sole Imported Steve Madden WILEY BLUSH PATENT | 9.5 | Steve Madden Women's Wiley Heels - Blush - Size 9.5 - Synthetic,The WILEY is a sleek and elegant shoe with a stiletto heel design and delicate ankle strap. These shoes not only add a touch of sophistication and femininity to any outfit but also provide stability and comfort. Perfect for any special occasion or night out. 4.25 inch heel height Synthetic upper material Synthetic lining Synthetic sock Synthetic sole Imported Steve Madden WILEY BLUSH PATENT | 9.5 | Steve Madden Women's Wiley Heels - Blush - Size 9.5 - Synthetic,69.99,99.95,https://cdn.shopify.com/s/files/1/2170/8465/files/STEVEMADDEN_SHOES_WILEY_BLUSH-PATENT_01.jpg,Women's Shoes > Heels,Women's Shoes > Heels,22/09/2026,,FALSE,41091260743813,,IN STOCK,,"10, 9.5",Blush,,,55,TRUE,TRUE,TRUE
Steve Madden,7137416642693,7137416642693,7137416642693,Steve Madden Women's Jypsey Strappy Heels - Silver - Size 5 - Leather,https://www.stevemadden.com/products/jypsey-silver-leather?utm_source=display&utm_medium=programmatic&utm_campaign=performance&utm_content=rtg,"Enhance your outfit with these sleek JYPSEY heels. The strappy design and secure ankle strap provide a sophisticated touch, while the rounded toe and crisscross back add a unique flair. With a stunning stiletto heel, these heels are perfect for any formal or professional occasion. 4 inch heel height Leather upper material Synthetic lining Synthetic sock Synthetic sole Imported Steve Madden JYPSEY SILVER LEATHER | 5 | Steve Madden Women's Jypsey Strappy Heels - Silver - Size 5 - Leather","Enhance your outfit with these sleek JYPSEY heels. The strappy design and secure ankle strap provide a sophisticated touch, while the rounded toe and crisscross back add a unique flair. With a stunning stiletto heel, these heels are perfect for any formal or professional occasion. 4 inch heel height Leather upper material Synthetic lining Synthetic sock Synthetic sole Imported Steve Madden JYPSEY SILVER LEATHER | 5 | Steve Madden Women's Jypsey Strappy Heels - Silver - Size 5 - Leather",109.95,109.95,https://cdn.shopify.com/s/files/1/2170/8465/files/STEVEMADDEN_SHOES_JYPSEY_SILVER-LEATHER.jpg,Women's Shoes > Heels,Women's Shoes > Heels,22/09/2026,,FALSE,41168571433093,,IN STOCK,,"10, 11, 5, 5.5, 6, 6.5, 7, 7.5, 8, 8.5, 9, 9.5",Silver,,,68,TRUE,TRUE,FALSE
Steve Madden,7139296313477,7139296313477,7139296313477,Steve Madden Women's Tia Strappy Heels - Beige Snake - Size 5.5 - Synthetic,https://www.stevemadden.com/products/tia-beige-snake?utm_source=display&utm_medium=programmatic&utm_campaign=performance&utm_content=rtg,"Step into style with the TIA stiletto heel. With daring gold hardware accents and a strappy design, this shoe will elevate any outfit. Unleash your boldness and conquer the day in these statement heels! 4.25 inch heel height Synthetic upper material with hardware Synthetic lining Synthetic sock Synthetic sole Imported Steve Madden TIA BEIGE SNAKE | 5.5 | Steve Madden Women's Tia Strappy Heels - Beige Snake - Size 5.5 - Synthetic","Step into style with the TIA stiletto heel. With daring gold hardware accents and a strappy design, this shoe will elevate any outfit. Unleash your boldness and conquer the day in these statement heels! 4.25 inch heel height Synthetic upper material with hardware Synthetic lining Synthetic sock Synthetic sole Imported Steve Madden TIA BEIGE SNAKE | 5.5 | Steve Madden Women's Tia Strappy Heels - Beige Snake - Size 5.5 - Synthetic",89.99,99.95,https://cdn.shopify.com/s/files/1/2170/8465/files/STEVEMADDEN_SHOES_TIA_BEIGE-SNAKE_01.jpg,Women's Shoes > Heels,Women's Shoes > Heels,22/09/2026,,FALSE,41174934978693,,IN STOCK,,"5.5, 6, 6.5, 7, 7.5",Beige Snake,,,69,TRUE,TRUE,TRUE
Steve Madden,7139298934917,7139298934917,7139298934917,Steve Madden Women's Casella Lace-Up Heels - Olive - Size 9.5 - Synthetic,https://www.stevemadden.com/products/casella-olive?utm_source=display&utm_medium=programmatic&utm_campaign=performance&utm_content=rtg,"Elevate your style with the CASELLA, featuring an open-toe stiletto heel that combines elegance with a modern edge. The intricate lace-up design offers a customizable fit while adding a sophisticated detail that enhances any outfit. Perfect for those seeking a refined yet bold footwear choice. 4 inch heel height 11 inch shaft circumference 6 inch shaft height Textile and synthetic upper material Synthetic lining Synthetic sock Synthetic sole Imported Steve Madden CASELLA OLIVE | 9.5 | Steve Madden Women's Casella Lace-Up Heels - Olive - Size 9.5 - Synthetic","Elevate your style with the CASELLA, featuring an open-toe stiletto heel that combines elegance with a modern edge. The intricate lace-up design offers a customizable fit while adding a sophisticated detail that enhances any outfit. Perfect for those seeking a refined yet bold footwear choice. 4 inch heel height 11 inch shaft circumference 6 inch shaft height Textile and synthetic upper material Synthetic lining Synthetic sock Synthetic sole Imported Steve Madden CASELLA OLIVE | 9.5 | Steve Madden Women's Casella Lace-Up Heels - Olive - Size 9.5 - Synthetic",149.95,149.95,https://cdn.shopify.com/s/files/1/2170/8465/files/STEVEMADDEN_SHOES_CASELLA_OLIVE_01_996cae2a-3b5f-4fe5-9bbe-fe67cf28774f.jpg,Women's Shoes > Heels,Women's Shoes > Heels,22/09/2026,,FALSE,41174945398917,,IN STOCK,,"10, 5, 5.5, 6, 6.5, 7, 7.5, 8, 8.5, 9, 9.5",Olive,,,70,TRUE,TRUE,FALSE
Steve Madden,7146234773637,7146234773637,7146234773637,Steve Madden Women's Ives Platform Heels - Black Box - Size 9.5 - Leather,https://www.stevemadden.com/products/ives-black-box?utm_source=display&utm_medium=programmatic&utm_campaign=performance&utm_content=rtg,"Elevate your style with the IVES BLACK BOX, featuring a sleek platform stiletto heel and a modern square-toe. Crafted for both sophistication and comfort, this design offers a confident stride and a contemporary edge to any outfit. Perfect for those seeking a refined yet bold statement in footwear. 5.5 inch heel height 1.5 inch platform Leather upper material Synthetic lining Synthetic sock Synthetic sole Imported Steve Madden IVES BLACK BOX | 9.5 | Steve Madden Women's Ives Platform Heels - Black Box - Size 9.5 - Leather","Elevate your style with the IVES BLACK BOX, featuring a sleek platform stiletto heel and a modern square-toe. Crafted for both sophistication and comfort, this design offers a confident stride and a contemporary edge to any outfit. Perfect for those seeking a refined yet bold statement in footwear. 5.5 inch heel height 1.5 inch platform Leather upper material Synthetic lining Synthetic sock Synthetic sole Imported Steve Madden IVES BLACK BOX | 9.5 | Steve Madden Women's Ives Platform Heels - Black Box - Size 9.5 - Leather",99.99,139.95,https://cdn.shopify.com/s/files/1/2170/8465/files/STEVEMADDEN_SHOES_IVES_BLACK-BOX-LEATHER.jpg,Women's Shoes > Heels,Women's Shoes > Heels,22/09/2026,,FALSE,41197989331077,,IN STOCK,,9.5,Black Box,,,71,TRUE,TRUE,TRUE
Steve Madden,7147022155909,7147022155909,7147022155909,Steve Madden Women's Danger Lace-Up Heels - Black Multi - Size 6 - Leather,https://www.stevemadden.com/products/danger-black-multi?utm_source=display&utm_medium=programmatic&utm_campaign=performance&utm_content=rtg,"The DANGER is a stylish and sophisticated pointed-toe stiletto heel pump. The unique strappy and lace-up design adds a touch of elegance to any outfit. With its sleek silhouette and comfortable fit, this shoe is perfect for any fashion-forward individual looking to make a statement. 3.75 inch heel height Leather, suede, and synthetic upper material Synthetic lining Synthetic sock Synthetic sole Imported Steve Madden DANGER BLACK MULTI | 6 | Steve Madden Women's Danger Lace-Up Heels - Black Multi - Size 6 - Leather","The DANGER is a stylish and sophisticated pointed-toe stiletto heel pump. The unique strappy and lace-up design adds a touch of elegance to any outfit. With its sleek silhouette and comfortable fit, this shoe is perfect for any fashion-forward individual looking to make a statement. 3.75 inch heel height Leather, suede, and synthetic upper material Synthetic lining Synthetic sock Synthetic sole Imported Steve Madden DANGER BLACK MULTI | 6 | Steve Madden Women's Danger Lace-Up Heels - Black Multi - Size 6 - Leather",89.99,129.95,https://cdn.shopify.com/s/files/1/2170/8465/files/STEVEMADDEN_SHOES_DANGER_BLACK-MUTI_01.jpg,Women's Shoes > Heels,Women's Shoes > Heels,22/09/2026,,FALSE,41200381853829,,IN STOCK,,6,Black Multi,,,73,TRUE,TRUE,TRUE
Steve Madden,7147289739397,7147289739397,7147289739397,Steve Madden Women's Malcolm Block Heels - Burgundy - Size 5.5 - Synthetic,https://www.stevemadden.com/products/malcolm-burgundy-patent?utm_source=display&utm_medium=programmatic&utm_campaign=performance&utm_content=rtg,"The MALCOLM features a sophisticated t-strap design paired with a sturdy block heel, offering both style and stability. Its unique style enhances comfort, making it an ideal choice for extended wear without sacrificing elegance. Perfect for professional or formal settings, this shoe combines classic elements with modern functionality. 3.75 inch heel height Synthetic upper material Synthetic lining Synthetic sock Synthetic sole Imported Steve Madden MALCOLM BURGUNDY PATENT | 5.5 | Steve Madden Women's Malcolm Block Heels - Burgundy - Size 5.5 - Synthetic","The MALCOLM features a sophisticated t-strap design paired with a sturdy block heel, offering both style and stability. Its unique style enhances comfort, making it an ideal choice for extended wear without sacrificing elegance. Perfect for professional or formal settings, this shoe combines classic elements with modern functionality. 3.75 inch heel height Synthetic upper material Synthetic lining Synthetic sock Synthetic sole Imported Steve Madden MALCOLM BURGUNDY PATENT | 5.5 | Steve Madden Women's Malcolm Block Heels - Burgundy - Size 5.5 - Synthetic",59.99,99.95,https://cdn.shopify.com/s/files/1/2170/8465/files/STEVEMADDEN_SHOES_MALCOLM_BURGUNDY-PATENT_01.jpg,Women's Shoes > Heels,Women's Shoes > Heels,22/09/2026,,FALSE,41202096930949,,IN STOCK,,"10, 5.5, 6.5, 7, 7.5, 8, 8.5, 9, 9.5",Burgundy,,,75,TRUE,TRUE,TRUE
Steve Madden,7154295308421,7154295308421,7154295308421,Steve Madden Women's Tia Rhinestones Strappy Heels - Black Satin - Size 7,https://www.stevemadden.com/products/tia-r-black-satin?utm_source=display&utm_medium=programmatic&utm_campaign=performance&utm_content=rtg,"Step into style with the TIA RHINESTONES BLACK SATIN stiletto heel. With daring gold hardware accents and a strappy design, this shoe will elevate any outfit. Unleash your boldness and conquer the day in these statement heels! 4.25 inch heel height Textile upper material with rhinestones and hardware Synthetic lining Synthetic sock Synthetic sole Imported Steve Madden TIA RHINESTONES BLACK SATIN | 7 | Steve Madden Women's Tia Rhinestones Strappy Heels - Black Satin - Size 7","Step into style with the TIA RHINESTONES BLACK SATIN stiletto heel. With daring gold hardware accents and a strappy design, this shoe will elevate any outfit. Unleash your boldness and conquer the day in these statement heels! 4.25 inch heel height Textile upper material with rhinestones and hardware Synthetic lining Synthetic sock Synthetic sole Imported Steve Madden TIA RHINESTONES BLACK SATIN | 7 | Steve Madden Women's Tia Rhinestones Strappy Heels - Black Satin - Size 7",49.99,129.95,https://cdn.shopify.com/s/files/1/2170/8465/files/STEVEMADDEN_SHOES_TIA-R_BLACK-SATIN_01.jpg,Women's Shoes > Heels,Women's Shoes > Heels,22/09/2026,,FALSE,41222848381061,,IN STOCK,,"6, 7",Black Satin,,,79,TRUE,TRUE,TRUE
Steve Madden,7252692500613,7252692500613,7252692500613,Steve Madden Women's Casella Lug Lace-Up Heels - Wheat - Size 6 - Leather,https://www.stevemadden.com/products/casella-lug-wheat?utm_source=display&utm_medium=programmatic&utm_campaign=performance&utm_content=rtg,"Elevate your style with the CASELLA LUG WHEAT, featuring an open-toe stiletto heel that combines elegance with a modern edge. The intricate lace-up design offers a customizable fit while adding a sophisticated detail that enhances any outfit. Perfect for those seeking a refined yet bold footwear choice. 4 inch heel height 11 inch shaft circumference 6 inch shaft height Leather, vegan leather, and textile upper material Vegan leather lining Vegan leather sock Synthetic sole Imported Steve Madden CASELLA LUG WHEAT | 6 | Steve Madden Women's Casella Lug Lace-Up Heels - Wheat - Size 6 - Leather","Elevate your style with the CASELLA LUG WHEAT, featuring an open-toe stiletto heel that combines elegance with a modern edge. The intricate lace-up design offers a customizable fit while adding a sophisticated detail that enhances any outfit. Perfect for those seeking a refined yet bold footwear choice. 4 inch heel height 11 inch shaft circumference 6 inch shaft height Leather, vegan leather, and textile upper material Vegan leather lining Vegan leather sock Synthetic sole Imported Steve Madden CASELLA LUG WHEAT | 6 | Steve Madden Women's Casella Lug Lace-Up Heels - Wheat - Size 6 - Leather",159.95,159.95,https://cdn.shopify.com/s/files/1/2170/8465/files/STEVEMADDEN_SHOES_CASELLA-LUG_WHEAT-LEATHER01.jpg,Women's Shoes > Heels,Women's Shoes > Heels,22/09/2026,,FALSE,41554011881605,,IN STOCK,,"10, 6, 6.5, 7, 7.5, 8, 8.5, 9, 9.5",Wheat,,,89,TRUE,TRUE,FALSE
Steve Madden,7254383034501,7254383034501,7254383034501,Steve Madden Women's Priya Stone Mule Heels - Olive - Size 6 - Leather,https://www.stevemadden.com/products/priya-stone-olive?utm_source=display&utm_medium=programmatic&utm_campaign=performance&utm_content=rtg,DREAMY + DELICATE + CHARMING The PRIYA STONE OLIVE sandal pairs a slender stiletto heel with a retro-inspired peep toe design on the slide strap at the front. Stiletto peep toe slide sandal Slip-on style 4.25 inch heel height Textile upper material with ornament Vegan leather lining Vegan leather sock Synthetic sole Imported Steve Madden PRIYA STONE OLIVE | 6 | Steve Madden Women's Priya Stone Mule Heels - Olive - Size 6 - Leather,DREAMY + DELICATE + CHARMING The PRIYA STONE OLIVE sandal pairs a slender stiletto heel with a retro-inspired peep toe design on the slide strap at the front. Stiletto peep toe slide sandal Slip-on style 4.25 inch heel height Textile upper material with ornament Vegan leather lining Vegan leather sock Synthetic sole Imported Steve Madden PRIYA STONE OLIVE | 6 | Steve Madden Women's Priya Stone Mule Heels - Olive - Size 6 - Leather,119.95,119.95,https://cdn.shopify.com/s/files/1/2170/8465/files/STEVEMADDEN_SHOES_PRIYA-STONE_OLIVE-MESH01.jpg,Women's Shoes > Heels,Women's Shoes > Heels,22/09/2026,,FALSE,41557571600517,,IN STOCK,,"10, 6, 6.5, 7, 7.5, 8, 8.5, 9, 9.5",Olive,,,91,TRUE,TRUE,FALSE
Steve Madden,7254383132805,7254383132805,7254383132805,Steve Madden Women's Kathy Pointed Toe Heels - Black - Size 5 - Leather,https://www.stevemadden.com/products/kathy-black-leather?utm_source=display&utm_medium=programmatic&utm_campaign=performance&utm_content=rtg,"The KATHY BLACK LEATHER is a sophisticated slingback heel that combines timeless elegance with modern edge. Featuring a pointed toe and delicate kitten heel, this style delivers just the right amount of lift for all-day comfort without sacrificing that sexy, elevated aesthetic. 2 inch heel height Leather upper material Vegan leather lining Vegan leather sock Synthetic sole Imported Steve Madden KATHY BLACK LEATHER | 5 | Steve Madden Women's Kathy Pointed Toe Heels - Black - Size 5 - Leather","The KATHY BLACK LEATHER is a sophisticated slingback heel that combines timeless elegance with modern edge. Featuring a pointed toe and delicate kitten heel, this style delivers just the right amount of lift for all-day comfort without sacrificing that sexy, elevated aesthetic. 2 inch heel height Leather upper material Vegan leather lining Vegan leather sock Synthetic sole Imported Steve Madden KATHY BLACK LEATHER | 5 | Steve Madden Women's Kathy Pointed Toe Heels - Black - Size 5 - Leather",109.95,109.95,https://cdn.shopify.com/s/files/1/2170/8465/files/STEVEMADDEN_SHOES_KATHY_BLACK-LEATHER_01.jpg,Women's Shoes > Heels,Women's Shoes > Heels,22/09/2026,,FALSE,41557572452485,,IN STOCK,,"10, 11, 5, 5.5, 6, 6.5, 7, 7.5, 8, 8.5, 9, 9.5",Black,,,92,TRUE,TRUE,FALSE
Steve Madden,7254957588613,7254957588613,7254957588613,Steve Madden Women's Santino Peep Toe Heels - Red Suede - Size 6.5 - Leather,https://www.stevemadden.com/products/santino-red-suede?utm_source=display&utm_medium=programmatic&utm_campaign=performance&utm_content=rtg,"The SANTINO RED SUEDE combines timeless elegance with modern edge. This striking stiletto heel features a peep toe design that adds a touch of allure, while the distinctive clear strap detail elevates the look with contemporary flair. Perfect for evening events or nights out, this shoe delivers confidence and style in every step. 4 inch heel height Suede upper material with PVC Vegan leather lining Vegan leather sock Synthetic sole Imported Steve Madden SANTINO RED SUEDE | 6.5 | Steve Madden Women's Santino Peep Toe Heels - Red Suede - Size 6.5 - Leather","The SANTINO RED SUEDE combines timeless elegance with modern edge. This striking stiletto heel features a peep toe design that adds a touch of allure, while the distinctive clear strap detail elevates the look with contemporary flair. Perfect for evening events or nights out, this shoe delivers confidence and style in every step. 4 inch heel height Suede upper material with PVC Vegan leather lining Vegan leather sock Synthetic sole Imported Steve Madden SANTINO RED SUEDE | 6.5 | Steve Madden Women's Santino Peep Toe Heels - Red Suede - Size 6.5 - Leather",89.99,129.95,https://cdn.shopify.com/s/files/1/2170/8465/files/STEVEMADDEN_SHOES_SANTINO_RED-SUEDE_01_7020421e-07a9-4352-93a7-80476c814ebf.jpg,Women's Shoes > Heels,Women's Shoes > Heels,22/09/2026,,FALSE,41560417501317,,IN STOCK,,6.5,Red Suede,,,97,TRUE,TRUE,TRUE
Steve Madden,7255115989125,7255115989125,7255115989125,Steve Madden Women's Morrie Dark Cherry Techno Fabric Pointed Toe Heels - Burgundy Techno Satin - Size 5 - Leather/Satin,https://www.stevemadden.com/products/morrie-burgundy-techno-satin?utm_source=display&utm_medium=programmatic&utm_campaign=performance&utm_content=rtg,"The MORRIE BURGUNDY TECHNO FABRIC is a sophisticated heel that commands attention. Its sharp pointed toe and striking stiletto heel create an elongated, flattering silhouette, while the secure ankle strap provides comfort and stability. Crafted in luxurious materials, this versatile style transitions effortlessly from evening occasions to polished daytime looks. 4.25 inch heel height Textile upper material Vegan leather lining Vegan leather sock Synthetic sole Imported Steve Madden MORRIE DARK CHERRY TECHNO FABRIC | Burgundy Techno Satin | 5 | Steve Madden Women's Morrie Dark Cherry Techno Fabric Pointed Toe Heels - Burgundy Techno Satin - Size 5 - Leather/Satin","The MORRIE BURGUNDY TECHNO FABRIC is a sophisticated heel that commands attention. Its sharp pointed toe and striking stiletto heel create an elongated, flattering silhouette, while the secure ankle strap provides comfort and stability. Crafted in luxurious materials, this versatile style transitions effortlessly from evening occasions to polished daytime looks. 4.25 inch heel height Textile upper material Vegan leather lining Vegan leather sock Synthetic sole Imported Steve Madden MORRIE DARK CHERRY TECHNO FABRIC | Burgundy Techno Satin | 5 | Steve Madden Women's Morrie Dark Cherry Techno Fabric Pointed Toe Heels - Burgundy Techno Satin - Size 5 - Leather/Satin",90.97,129.95,https://cdn.shopify.com/s/files/1/2170/8465/files/STEVEMADDEN_SHOES_MORRIE_BURGUNDY01.jpg,Women's Shoes > Heels,Women's Shoes > Heels,22/09/2026,,FALSE,41560985993349,,IN STOCK,,"10, 11, 5, 5.5, 6, 6.5, 7, 7.5, 8, 8.5, 9, 9.5",Burgundy Techno Satin,,,100,TRUE,TRUE,TRUE
Steve Madden,7255116152965,7255116152965,7255116152965,Steve Madden Women's Silvana Pointed Toe Heels - Black Nubuck - Size 6 - Leather,https://www.stevemadden.com/products/silvana-black-nubuck?utm_source=display&utm_medium=programmatic&utm_campaign=performance&utm_content=rtg,"Elevate your look with the SILVANA BLACK NUBUCK, a striking pump featuring a sleek stiletto heel and sharp pointed toe. The transparent strap detail adds a modern, edgy touch that balances sophistication with contemporary style. Perfect for dressing up any outfit, from evening events to bold daytime looks. 4 inch heel height Nubuck leather and PVC upper material Vegan leather lining Vegan leather sock Synthetic sole Imported Steve Madden SILVANA BLACK NUBUCK | 6 | Steve Madden Women's Silvana Pointed Toe Heels - Black Nubuck - Size 6 - Leather","Elevate your look with the SILVANA BLACK NUBUCK, a striking pump featuring a sleek stiletto heel and sharp pointed toe. The transparent strap detail adds a modern, edgy touch that balances sophistication with contemporary style. Perfect for dressing up any outfit, from evening events to bold daytime looks. 4 inch heel height Nubuck leather and PVC upper material Vegan leather lining Vegan leather sock Synthetic sole Imported Steve Madden SILVANA BLACK NUBUCK | 6 | Steve Madden Women's Silvana Pointed Toe Heels - Black Nubuck - Size 6 - Leather",89.99,129.95,https://cdn.shopify.com/s/files/1/2170/8465/files/STEVEMADDEN_SHOES_SILVANA_BLACK-NUBUCK_01.jpg,Women's Shoes > Heels,Women's Shoes > Heels,22/09/2026,,FALSE,41560986943621,,IN STOCK,,"10, 6, 7, 7.5, 8, 8.5, 9, 9.5",Black Nubuck,,,101,TRUE,TRUE,TRUE
Steve Madden,7255116382341,7255116382341,7255116382341,Steve Madden Women's Catnyss Thong Heels - Pink Multi - Size 6 - Leather,https://www.stevemadden.com/products/catnyss-pink-multi?utm_source=display&utm_medium=programmatic&utm_campaign=performance&utm_content=rtg,"The CATNYSS PINK MULTI features a striking stiletto heel elevated by intricate rope and knot detailing that wraps around the leg. This architectural design transforms a classic silhouette into a statement piece, combining refined craftsmanship with bold visual interest. The leg-tie construction offers a customizable fit while adding an edge. Perfect for those who appreciate footwear that merges elegance with distinctive design elements. 4.25 inch heel height Vegan leather and textile upper material with hardware Unlined Vegan leather sock Synthetic sole Imported Steve Madden CATNYSS PINK MULTI | 6 | Steve Madden Women's Catnyss Thong Heels - Pink Multi - Size 6 - Leather","The CATNYSS PINK MULTI features a striking stiletto heel elevated by intricate rope and knot detailing that wraps around the leg. This architectural design transforms a classic silhouette into a statement piece, combining refined craftsmanship with bold visual interest. The leg-tie construction offers a customizable fit while adding an edge. Perfect for those who appreciate footwear that merges elegance with distinctive design elements. 4.25 inch heel height Vegan leather and textile upper material with hardware Unlined Vegan leather sock Synthetic sole Imported Steve Madden CATNYSS PINK MULTI | 6 | Steve Madden Women's Catnyss Thong Heels - Pink Multi - Size 6 - Leather",139.95,139.95,https://cdn.shopify.com/s/files/1/2170/8465/files/STEVEMADDEN_SHOES_CATNYSS_PINK-MULTI01_0af71d21-cb8f-4de9-bdc5-93afd2680156.jpg,Women's Shoes > Heels,Women's Shoes > Heels,22/09/2026,,FALSE,41560988057733,,IN STOCK,,"10, 11, 6, 6.5, 7, 7.5, 8, 8.5, 9, 9.5",Pink Multi,,,102,TRUE,TRUE,FALSE
Steve Madden,7256347803781,7256347803781,7256347803781,Steve Madden Women's Andromeda Pointed Toe Heels - Dark Fuchsia - Size 6 - Leather,https://www.stevemadden.com/products/andromeda-dark-fuchsia-leather?utm_source=display&utm_medium=programmatic&utm_campaign=performance&utm_content=rtg,"Introducing the ANDROMEDA DARK FUCHSIA LEATHER pump. This elegant heel features a pointed-toe design and stiletto heel for a sophisticated look. The slingback strap provides a secure fit while the unique design adds a touch of luxury. Perfect for any formal occasion, these heels will elevate your outfit to the next level. 4 inch heel height Leather upper material Vegan leather lining Vegan leather sock Synthetic sole Imported Steve Madden ANDROMEDA DARK FUCHSIA LEATHER | 6 | Steve Madden Women's Andromeda Pointed Toe Heels - Dark Fuchsia - Size 6 - Leather","Introducing the ANDROMEDA DARK FUCHSIA LEATHER pump. This elegant heel features a pointed-toe design and stiletto heel for a sophisticated look. The slingback strap provides a secure fit while the unique design adds a touch of luxury. Perfect for any formal occasion, these heels will elevate your outfit to the next level. 4 inch heel height Leather upper material Vegan leather lining Vegan leather sock Synthetic sole Imported Steve Madden ANDROMEDA DARK FUCHSIA LEATHER | 6 | Steve Madden Women's Andromeda Pointed Toe Heels - Dark Fuchsia - Size 6 - Leather",119.95,119.95,https://cdn.shopify.com/s/files/1/2170/8465/files/STEVEMADDEN_SHOES_ANDROMEDA_DK-FUCHSIA-LEATHER01.jpg,Women's Shoes > Heels,Women's Shoes > Heels,22/09/2026,,FALSE,41564284125317,,IN STOCK,,"10, 6, 6.5, 7, 7.5, 8, 8.5, 9, 9.5",Dark Fuchsia,,,107,TRUE,TRUE,FALSE
Steve Madden,7256348000389,7256348000389,7256348000389,Steve Madden Women's Andromeda Pointed Toe Heels - Taupe - Size 5 - Leather,https://www.stevemadden.com/products/andromeda-taupe-leather?utm_source=display&utm_medium=programmatic&utm_campaign=performance&utm_content=rtg,"Introducing the ANDROMEDA TAUPE LEATHER pump. This elegant heel features a pointed-toe design and stiletto heel for a sophisticated look. The slingback strap provides a secure fit while the unique design adds a touch of luxury. Perfect for any formal occasion, these heels will elevate your outfit to the next level. 4 inch heel height Leather upper material Vegan leather lining Vegan leather sock Synthetic sole Imported Steve Madden ANDROMEDA TAUPE LEATHER | 5 | Steve Madden Women's Andromeda Pointed Toe Heels - Taupe - Size 5 - Leather","Introducing the ANDROMEDA TAUPE LEATHER pump. This elegant heel features a pointed-toe design and stiletto heel for a sophisticated look. The slingback strap provides a secure fit while the unique design adds a touch of luxury. Perfect for any formal occasion, these heels will elevate your outfit to the next level. 4 inch heel height Leather upper material Vegan leather lining Vegan leather sock Synthetic sole Imported Steve Madden ANDROMEDA TAUPE LEATHER | 5 | Steve Madden Women's Andromeda Pointed Toe Heels - Taupe - Size 5 - Leather",119.95,119.95,https://cdn.shopify.com/s/files/1/2170/8465/files/STEVEMADDEN_SHOES_ANDROMEDA_TAUPE-LEATHER01.jpg,Women's Shoes > Heels,Women's Shoes > Heels,22/09/2026,,FALSE,41564285468805,,IN STOCK,,"10, 11, 5, 5.5, 6, 6.5, 7, 7.5, 8, 8.5, 9, 9.5",Taupe,,,108,TRUE,TRUE,FALSE
Steve Madden,7257527812229,7257527812229,7257527812229,Steve Madden Women's Trina Mule Heels - Blue Crocodile - Size 6 - Leather,https://www.stevemadden.com/products/trina-blue-crocodile?utm_source=display&utm_medium=programmatic&utm_campaign=performance&utm_content=rtg,"The TRINA BLUE CROCODILE is a sophisticated kitten heel mule featuring a chic square toe silhouette. This versatile style combines comfort with contemporary elegance, perfect for transitioning from office to evening. An ideal choice for those seeking a refined, modern heel that works with both professional and casual wardrobes. 1.75 inch heel height Vegan leather upper material Vegan leather lining Vegan leather sock Synthetic sole Imported Steve Madden TRINA BLUE CROCODILE | 6 | Steve Madden Women's Trina Mule Heels - Blue Crocodile - Size 6 - Leather","The TRINA BLUE CROCODILE is a sophisticated kitten heel mule featuring a chic square toe silhouette. This versatile style combines comfort with contemporary elegance, perfect for transitioning from office to evening. An ideal choice for those seeking a refined, modern heel that works with both professional and casual wardrobes. 1.75 inch heel height Vegan leather upper material Vegan leather lining Vegan leather sock Synthetic sole Imported Steve Madden TRINA BLUE CROCODILE | 6 | Steve Madden Women's Trina Mule Heels - Blue Crocodile - Size 6 - Leather",79.99,109.95,https://cdn.shopify.com/s/files/1/2170/8465/files/STEVEMADDEN_SHOES_TRINA_BLUE-CROCO_01.jpg,Women's Shoes > Heels,Women's Shoes > Heels,22/09/2026,,FALSE,41566988337285,,IN STOCK,,"10, 6, 6.5, 7, 7.5, 8, 8.5, 9, 9.5",Blue Crocodile,,,115,TRUE,TRUE,TRUE
Steve Madden,7258046955653,7258046955653,7258046955653,Steve Madden Women's Knoti Block Heels - Blue Satin - Size 6 - Leather/Satin,https://www.stevemadden.com/products/knoti-blue-satin?utm_source=display&utm_medium=programmatic&utm_campaign=performance&utm_content=rtg,"Make a statement with the KNOTI BLUE SATIN, a sophisticated heel that combines modern edge with timeless elegance. The signature knot detail at the toe adds visual interest, while the generous platform and block heel deliver stability and comfort. Wrapped in luxurious satin, this ankle-strap style transitions seamlessly from cocktail hour to dinner and beyond. 4.5 inch heel height 1 inch platform Textile upper material Textile lining Vegan leather sock Synthetic sole Imported Steve Madden KNOTI BLUE SATIN | 6 | Steve Madden Women's Knoti Block Heels - Blue Satin - Size 6 - Leather/Satin","Make a statement with the KNOTI BLUE SATIN, a sophisticated heel that combines modern edge with timeless elegance. The signature knot detail at the toe adds visual interest, while the generous platform and block heel deliver stability and comfort. Wrapped in luxurious satin, this ankle-strap style transitions seamlessly from cocktail hour to dinner and beyond. 4.5 inch heel height 1 inch platform Textile upper material Textile lining Vegan leather sock Synthetic sole Imported Steve Madden KNOTI BLUE SATIN | 6 | Steve Madden Women's Knoti Block Heels - Blue Satin - Size 6 - Leather/Satin",119.95,119.95,https://cdn.shopify.com/s/files/1/2170/8465/files/STEVEMADDEN_SHOES_KNOTI_BLUE-SATIN01.jpg,Women's Shoes > Heels,Women's Shoes > Heels,22/09/2026,,FALSE,41569658896517,,IN STOCK,,"10, 6, 6.5, 7, 7.5, 8, 8.5, 9, 9.5",Blue Satin,,,121,TRUE,TRUE,FALSE
Steve Madden,7258047021189,7258047021189,7258047021189,Steve Madden Women's Knoti Block Heels - Black Satin - Size 5 - Leather/Satin,https://www.stevemadden.com/products/knoti-black-satin?utm_source=display&utm_medium=programmatic&utm_campaign=performance&utm_content=rtg,"Make a statement with the KNOTI BLACK SATIN, a sophisticated heel that combines modern edge with timeless elegance. The signature knot detail at the toe adds visual interest, while the generous platform and block heel deliver stability and comfort. Wrapped in luxurious satin, this ankle-strap style transitions seamlessly from cocktail hour to dinner and beyond. 4.5 inch heel height 1 inch platform Textile upper material Textile lining Vegan leather sock Synthetic sole Imported Steve Madden KNOTI BLACK SATIN | 5 | Steve Madden Women's Knoti Block Heels - Black Satin - Size 5 - Leather/Satin","Make a statement with the KNOTI BLACK SATIN, a sophisticated heel that combines modern edge with timeless elegance. The signature knot detail at the toe adds visual interest, while the generous platform and block heel deliver stability and comfort. Wrapped in luxurious satin, this ankle-strap style transitions seamlessly from cocktail hour to dinner and beyond. 4.5 inch heel height 1 inch platform Textile upper material Textile lining Vegan leather sock Synthetic sole Imported Steve Madden KNOTI BLACK SATIN | 5 | Steve Madden Women's Knoti Block Heels - Black Satin - Size 5 - Leather/Satin",119.95,119.95,https://cdn.shopify.com/s/files/1/2170/8465/files/STEVEMADDEN_SHOES_KNOTI_BLACK-SATIN01.jpg,Women's Shoes > Heels,Women's Shoes > Heels,22/09/2026,,FALSE,41569659289733,,IN STOCK,,"10, 11, 5, 5.5, 6, 6.5, 7, 7.5, 8, 8.5, 9, 9.5",Black Satin,,,122,TRUE,TRUE,FALSE
Steve Madden,7258689241221,7258689241221,7258689241221,Steve Madden Women's Steffi Mule Block Heels - Brown Suede - Size 6 - Leather,https://www.stevemadden.com/products/steffi-mule-brown-suede?utm_source=display&utm_medium=programmatic&utm_campaign=performance&utm_content=rtg,"The STEFFI MULE BROWN SUEDE features a graceful round‑toe silhouette with an elegant bow detail that channels ballet‑inspired sophistication. This refined heel offers a polished, feminine finish that makes it a versatile choice for elevating everyday looks or dressing up special occasions. The rounded toe provides comfort and a flattering line, while the heel offers just the right lift for all‑day wearability. 1.25 inch heel height Suede upper material Vegan leather lining Vegan leather sock Synthetic sole Imported Steve Madden STEFFI MULE BROWN SUEDE | 6 | Steve Madden Women's Steffi Mule Block Heels - Brown Suede - Size 6 - Leather","The STEFFI MULE BROWN SUEDE features a graceful round‑toe silhouette with an elegant bow detail that channels ballet‑inspired sophistication. This refined heel offers a polished, feminine finish that makes it a versatile choice for elevating everyday looks or dressing up special occasions. The rounded toe provides comfort and a flattering line, while the heel offers just the right lift for all‑day wearability. 1.25 inch heel height Suede upper material Vegan leather lining Vegan leather sock Synthetic sole Imported Steve Madden STEFFI MULE BROWN SUEDE | 6 | Steve Madden Women's Steffi Mule Block Heels - Brown Suede - Size 6 - Leather",99.95,99.95,https://cdn.shopify.com/s/files/1/2170/8465/files/STEVEMADDEN_SHOES_STEFFI-MULE-SHILLOH_BROWN-SUEDE01.jpg,Women's Shoes > Heels,Women's Shoes > Heels,22/09/2026,,FALSE,41572085301381,,IN STOCK,,"10, 11, 6, 6.5, 7, 7.5, 8, 8.5, 9, 9.5",Brown Suede,,,124,TRUE,TRUE,FALSE
Steve Madden,7258689273989,7258689273989,7258689273989,Steve Madden Women's Loren Block Heels - Snake Multi - Size 6 - Leather,https://www.stevemadden.com/products/loren-snake-multi?utm_source=display&utm_medium=programmatic&utm_campaign=performance&utm_content=rtg,"The LOREN SNAKE MULTI is a striking heel that combines contemporary style with comfortable everyday wearability. Its square-toe silhouette and block heel provide a modern edge, while the platform sole adds height and stability. An adjustable ankle strap ensures a secure fit, making this versatile piece perfect for transitioning from day to night. 4.5 inch heel height 1.5 inch platform Leather and suede upper material Vegan leather lining Vegan leather sock Synthetic sole Imported Steve Madden LOREN SNAKE MULTI | 6 | Steve Madden Women's Loren Block Heels - Snake Multi - Size 6 - Leather","The LOREN SNAKE MULTI is a striking heel that combines contemporary style with comfortable everyday wearability. Its square-toe silhouette and block heel provide a modern edge, while the platform sole adds height and stability. An adjustable ankle strap ensures a secure fit, making this versatile piece perfect for transitioning from day to night. 4.5 inch heel height 1.5 inch platform Leather and suede upper material Vegan leather lining Vegan leather sock Synthetic sole Imported Steve Madden LOREN SNAKE MULTI | 6 | Steve Madden Women's Loren Block Heels - Snake Multi - Size 6 - Leather",129.95,129.95,https://cdn.shopify.com/s/files/1/2170/8465/files/STEVEMADDEN_SHOES_LOREN_SNAKE-MULTI-LEATHER01.jpg,Women's Shoes > Heels,Women's Shoes > Heels,22/09/2026,,FALSE,41572085727365,,IN STOCK,,"10, 6, 6.5, 7, 7.5, 8, 8.5, 9, 9.5",Snake Multi,,,125,TRUE,TRUE,FALSE
Steve Madden,7258689306757,7258689306757,7258689306757,Steve Madden Women's Loren Block Heels - Black Multi - Size 6 - Leather,https://www.stevemadden.com/products/loren-black-multi?utm_source=display&utm_medium=programmatic&utm_campaign=performance&utm_content=rtg,"The LOREN BLACK MULTI is a striking heel that combines contemporary style with comfortable everyday wearability. Its square-toe silhouette and block heel provide a modern edge, while the platform sole adds height and stability. An adjustable ankle strap ensures a secure fit, making this versatile piece perfect for transitioning from day to night. 4.5 inch heel height 1.5 inch platform Leather upper material Vegan leather lining Vegan leather sock Synthetic sole Imported Steve Madden LOREN BLACK MULTI | 6 | Steve Madden Women's Loren Block Heels - Black Multi - Size 6 - Leather","The LOREN BLACK MULTI is a striking heel that combines contemporary style with comfortable everyday wearability. Its square-toe silhouette and block heel provide a modern edge, while the platform sole adds height and stability. An adjustable ankle strap ensures a secure fit, making this versatile piece perfect for transitioning from day to night. 4.5 inch heel height 1.5 inch platform Leather upper material Vegan leather lining Vegan leather sock Synthetic sole Imported Steve Madden LOREN BLACK MULTI | 6 | Steve Madden Women's Loren Block Heels - Black Multi - Size 6 - Leather",129.95,129.95,https://cdn.shopify.com/s/files/1/2170/8465/files/STEVEMADDEN_SHOES_LOREN_BLACK-LEATHER01.jpg,Women's Shoes > Heels,Women's Shoes > Heels,22/09/2026,,FALSE,41572086153349,,IN STOCK,,"10, 6, 6.5, 7, 7.5, 8, 8.5, 9, 9.5",Black Multi,,,126,TRUE,TRUE,FALSE
Steve Madden,7260206039173,7260206039173,7260206039173,Steve Madden Women's Kendrix Ostrich Dark Cherry Leather Mule Heels - Wine - Size 6,https://www.stevemadden.com/products/kendrix-ost-wine-leather?utm_source=display&utm_medium=programmatic&utm_campaign=performance&utm_content=rtg,"Crafted from luxurious materials, the KENDRIX OSTRICH DARK CHERRY LEATHER mule heel features a rounded-toe design for added comfort and elegance. Perfect for any occasion, these heels effortlessly elevate any outfit with a touch of sophistication. 3 inch heel height Leather upper material Vegan leather lining Vegan leather sock Synthetic sole Imported Steve Madden KENDRIX OSTRICH DARK CHERRY LEATHER | Wine Leather | 6 | Steve Madden Women's Kendrix Ostrich Dark Cherry Leather Mule Heels - Wine - Size 6","Crafted from luxurious materials, the KENDRIX OSTRICH DARK CHERRY LEATHER mule heel features a rounded-toe design for added comfort and elegance. Perfect for any occasion, these heels effortlessly elevate any outfit with a touch of sophistication. 3 inch heel height Leather upper material Vegan leather lining Vegan leather sock Synthetic sole Imported Steve Madden KENDRIX OSTRICH DARK CHERRY LEATHER | Wine Leather | 6 | Steve Madden Women's Kendrix Ostrich Dark Cherry Leather Mule Heels - Wine - Size 6",109.95,109.95,https://cdn.shopify.com/s/files/1/2170/8465/files/STEVEMADDEN_SHOES_KENDRIX-OST_WINE-LEATHER_01.jpg,Women's Shoes > Heels,Women's Shoes > Heels,22/09/2026,,FALSE,41577228435589,,IN STOCK,,"10, 6, 6.5, 7, 7.5, 8, 8.5, 9, 9.5",Wine,,,129,TRUE,TRUE,FALSE
Steve Madden,7260206137477,7260206137477,7260206137477,Steve Madden Women's Kendrix Ostrich Mule Heels - Cognac - Size 6 - Leather,https://www.stevemadden.com/products/kendrix-ost-cognac?utm_source=display&utm_medium=programmatic&utm_campaign=performance&utm_content=rtg,"Crafted from luxurious materials, the KENDRIX OSTRICH COGNAC mule heel features a rounded-toe design for added comfort and elegance. Perfect for any occasion, these heels effortlessly elevate any outfit with a touch of sophistication. 3 inch heel height Vegan leather upper material Vegan leather lining Vegan leather sock Synthetic sole Imported Steve Madden KENDRIX OSTRICH COGNAC | 6 | Steve Madden Women's Kendrix Ostrich Mule Heels - Cognac - Size 6 - Leather","Crafted from luxurious materials, the KENDRIX OSTRICH COGNAC mule heel features a rounded-toe design for added comfort and elegance. Perfect for any occasion, these heels effortlessly elevate any outfit with a touch of sophistication. 3 inch heel height Vegan leather upper material Vegan leather lining Vegan leather sock Synthetic sole Imported Steve Madden KENDRIX OSTRICH COGNAC | 6 | Steve Madden Women's Kendrix Ostrich Mule Heels - Cognac - Size 6 - Leather",109.95,109.95,https://cdn.shopify.com/s/files/1/2170/8465/files/STEVEMADDEN_SHOES_KENDRIX-OST_COGNAC-LEATHER_01.jpg,Women's Shoes > Heels,Women's Shoes > Heels,22/09/2026,,FALSE,41577229189253,,IN STOCK,,"10, 6, 6.5, 7, 7.5, 8, 8.5, 9, 9.5",Cognac,,,130,TRUE,TRUE,FALSE
Steve Madden,7260539912325,7260539912325,7260539912325,Steve Madden Women's Ardyn Pointed Toe Heels - Tiger - Size 6 - Leather,https://www.stevemadden.com/products/ardyn-h-tiger?utm_source=display&utm_medium=programmatic&utm_campaign=performance&utm_content=rtg,"Introducing the ARDYN TIGER, a sophisticated pointed-toe kitten heel that combines timeless elegance with everyday wearability. The refined silhouette and modest heel height make it perfect for the office, special occasions, or any moment that calls for polished style. Crafted for comfort and versatility, this essential shoe transitions seamlessly from day to night. .5 inch heel height Leather upper material Vegan leather lining Vegan leather sock Synthetic sole Imported Steve Madden ARDYN TIGER | 6 | Steve Madden Women's Ardyn Pointed Toe Heels - Tiger - Size 6 - Leather","Introducing the ARDYN TIGER, a sophisticated pointed-toe kitten heel that combines timeless elegance with everyday wearability. The refined silhouette and modest heel height make it perfect for the office, special occasions, or any moment that calls for polished style. Crafted for comfort and versatility, this essential shoe transitions seamlessly from day to night. .5 inch heel height Leather upper material Vegan leather lining Vegan leather sock Synthetic sole Imported Steve Madden ARDYN TIGER | 6 | Steve Madden Women's Ardyn Pointed Toe Heels - Tiger - Size 6 - Leather",129.95,129.95,https://cdn.shopify.com/s/files/1/2170/8465/files/STEVEMADDEN_SHOES_ARDYN_TIGER01.jpg,Women's Shoes > Heels,Women's Shoes > Heels,22/09/2026,,FALSE,41578371645573,,IN STOCK,,"10, 6, 6.5, 7, 7.5, 8, 8.5, 9, 9.5",Tiger,,,137,TRUE,TRUE,FALSE
Steve Madden,7260739633285,7260739633285,7260739633285,Steve Madden Women's Siggy Block Heels - Black - Size 6 - Leather,https://www.stevemadden.com/products/siggy-black-leather?utm_source=display&utm_medium=programmatic&utm_campaign=performance&utm_content=rtg,"The SIGGY BLACK LEATHER is a timeless Mary Jane with a graceful ballet-inspired silhouette and sturdy block heel. This classic design combines elegant simplicity with everyday comfort, featuring a secure strap across the instep and a sleek upper that pairs effortlessly with any wardrobe. Perfect for adding a touch of refined sophistication to casual or dressed-up looks. 3.5 inch heel height Leather upper material Vegan leather lining Vegan leather sock Synthetic sole Imported Steve Madden SIGGY BLACK LEATHER | 6 | Steve Madden Women's Siggy Block Heels - Black - Size 6 - Leather","The SIGGY BLACK LEATHER is a timeless Mary Jane with a graceful ballet-inspired silhouette and sturdy block heel. This classic design combines elegant simplicity with everyday comfort, featuring a secure strap across the instep and a sleek upper that pairs effortlessly with any wardrobe. Perfect for adding a touch of refined sophistication to casual or dressed-up looks. 3.5 inch heel height Leather upper material Vegan leather lining Vegan leather sock Synthetic sole Imported Steve Madden SIGGY BLACK LEATHER | 6 | Steve Madden Women's Siggy Block Heels - Black - Size 6 - Leather",119.95,119.95,https://cdn.shopify.com/s/files/1/2170/8465/files/STEVEMADDEN_SHOES_SIGGY_BLACK-LEATHER01.jpg,Women's Shoes > Heels,Women's Shoes > Heels,22/09/2026,,FALSE,41579201462405,,IN STOCK,,"10, 11, 6, 6.5, 7, 7.5, 8, 8.5, 9, 9.5",Black,,,139,TRUE,TRUE,FALSE
Steve Madden,7261900406917,7261900406917,7261900406917,Steve Madden Women's Hexx Spotted Leopard Pointed Toe Heels - Spot Leopard - Size 6 - Leather,https://www.stevemadden.com/products/hexx-h-spot-leopard?utm_source=display&utm_medium=programmatic&utm_campaign=performance&utm_content=rtg,"The HEXX SPOTTED LEOPARD is a pointed-toe pump featuring a sleek heel that combines timeless elegance with modern edge. This versatile style transitions seamlessly from office to evening, offering a flattering silhouette that elongates the leg. The refined design offers a sophisticated finishing touch to any outfit. 3 inch heel height Leather upper material Textile lining Vegan leather sock Synthetic sole Imported Steve Madden HEXX SPOTTED LEOPARD | Spot Leopard | 6 | Steve Madden Women's Hexx Spotted Leopard Pointed Toe Heels - Spot Leopard - Size 6 - Leather","The HEXX SPOTTED LEOPARD is a pointed-toe pump featuring a sleek heel that combines timeless elegance with modern edge. This versatile style transitions seamlessly from office to evening, offering a flattering silhouette that elongates the leg. The refined design offers a sophisticated finishing touch to any outfit. 3 inch heel height Leather upper material Textile lining Vegan leather sock Synthetic sole Imported Steve Madden HEXX SPOTTED LEOPARD | Spot Leopard | 6 | Steve Madden Women's Hexx Spotted Leopard Pointed Toe Heels - Spot Leopard - Size 6 - Leather",129.95,129.95,https://cdn.shopify.com/s/files/1/2170/8465/files/STEVEMADDEN_SHOES_HEXX-H_SPOTTED-LEATHER_01.jpg,Women's Shoes > Heels,Women's Shoes > Heels,22/09/2026,,FALSE,41581276496005,,IN STOCK,,"10, 6, 6.5, 7, 7.5, 8, 8.5, 9, 9.5",Spot Leopard,,,141,TRUE,TRUE,FALSE
Steve Madden,7264407912581,7264407912581,7264407912581,Steve Madden Women's Fay Gold Detail Heels - Black Suede - Size 6 - Leather,https://www.stevemadden.com/products/fay-black-suede?utm_source=display&utm_medium=programmatic&utm_campaign=performance&utm_content=rtg,"The FAY BLACK SUEDE features a sleek heel with elegant gold detailing and a secure ankle strap. A striking gold chain detail adds a touch of luxury to this versatile style, perfect for elevating any look from day to night. 4 inch heel height Suede upper material with hardware Vegan leather lining Vegan leather sock Synthetic sole Imported Steve Madden FAY BLACK SUEDE | 6 | Steve Madden Women's Fay Gold Detail Heels - Black Suede - Size 6 - Leather","The FAY BLACK SUEDE features a sleek heel with elegant gold detailing and a secure ankle strap. A striking gold chain detail adds a touch of luxury to this versatile style, perfect for elevating any look from day to night. 4 inch heel height Suede upper material with hardware Vegan leather lining Vegan leather sock Synthetic sole Imported Steve Madden FAY BLACK SUEDE | 6 | Steve Madden Women's Fay Gold Detail Heels - Black Suede - Size 6 - Leather",129.95,129.95,https://cdn.shopify.com/s/files/1/2170/8465/files/STEVEMADDEN_SHOES_FAY_BLACK-SUEDE01.jpg,Women's Shoes > Heels,Women's Shoes > Heels,22/09/2026,,FALSE,41590605742213,,IN STOCK,,"10, 6, 6.5, 7, 7.5, 8, 8.5, 9, 9.5",Black Suede,,,147,TRUE,TRUE,FALSE
Steve Madden,7265065926789,7265065926789,7265065926789,Steve Madden Women's Tallie Thong Heels - Red Suede - Size 6 - Leather,https://www.stevemadden.com/products/tallie-red-suede?utm_source=display&utm_medium=programmatic&utm_campaign=performance&utm_content=rtg,"The TALLIE RED SUEDE is a striking stiletto heel featuring a round toe silhouette with a delicate toe strap design. This bold style combines classic elegance with modern flair, perfect for making a statement at any occasion. The sleek stiletto heel provides a refined lift, while the thong strap and round toe offer a flattering, feminine look that transitions seamlessly from day to evening wear. 4.25 inch heel height Suede upper material Vegan leather lining Vegan leather sock Synthetic sole Imported Steve Madden TALLIE RED SUEDE | 6 | Steve Madden Women's Tallie Thong Heels - Red Suede - Size 6 - Leather","The TALLIE RED SUEDE is a striking stiletto heel featuring a round toe silhouette with a delicate toe strap design. This bold style combines classic elegance with modern flair, perfect for making a statement at any occasion. The sleek stiletto heel provides a refined lift, while the thong strap and round toe offer a flattering, feminine look that transitions seamlessly from day to evening wear. 4.25 inch heel height Suede upper material Vegan leather lining Vegan leather sock Synthetic sole Imported Steve Madden TALLIE RED SUEDE | 6 | Steve Madden Women's Tallie Thong Heels - Red Suede - Size 6 - Leather",129.95,129.95,https://cdn.shopify.com/s/files/1/2170/8465/files/STEVEMADDEN_SHOES_TALLIE_RED-SUEDE01.jpg,Women's Shoes > Heels,Women's Shoes > Heels,22/09/2026,,FALSE,41593036374149,,IN STOCK,,"6, 6.5, 7, 7.5, 8",Red Suede,,,150,TRUE,TRUE,FALSE
Steve Madden,7265617444997,7265617444997,7265617444997,Steve Madden Women's Casella Lace-Up Heels - Plum - Size 6 - Leather,https://www.stevemadden.com/products/casella-plum?utm_source=display&utm_medium=programmatic&utm_campaign=performance&utm_content=rtg,"Elevate your style with the CASELLA PLUM, featuring an open-toe stiletto heel that combines elegance with a modern edge. The intricate lace-up design offers a customizable fit while adding a sophisticated detail that enhances any outfit. Perfect for those seeking a refined yet bold footwear choice. 4 inch heel height 11 inch shaft circumference 6 inch shaft height Textile and vegan leather upper material Textile lining Vegan leather sock Synthetic sole Imported Steve Madden CASELLA PLUM | 6 | Steve Madden Women's Casella Lace-Up Heels - Plum - Size 6 - Leather","Elevate your style with the CASELLA PLUM, featuring an open-toe stiletto heel that combines elegance with a modern edge. The intricate lace-up design offers a customizable fit while adding a sophisticated detail that enhances any outfit. Perfect for those seeking a refined yet bold footwear choice. 4 inch heel height 11 inch shaft circumference 6 inch shaft height Textile and vegan leather upper material Textile lining Vegan leather sock Synthetic sole Imported Steve Madden CASELLA PLUM | 6 | Steve Madden Women's Casella Lace-Up Heels - Plum - Size 6 - Leather",149.95,149.95,https://cdn.shopify.com/s/files/1/2170/8465/files/STEVEMADDEN_SHOES_CASELLA_PLUM01.jpg,Women's Shoes > Heels,Women's Shoes > Heels,22/09/2026,,FALSE,41594923253893,,IN STOCK,,"10, 6, 6.5, 7, 7.5, 8, 8.5, 9, 9.5",Plum,,,153,TRUE,TRUE,FALSE
Steve Madden,7267660038277,7267660038277,7267660038277,Steve Madden Women's Jezzica Platform Heels - Gold - Size 6 - Leather,https://www.stevemadden.com/products/jezzica-gold?utm_source=display&utm_medium=programmatic&utm_campaign=performance&utm_content=rtg,"The JEZZICA GOLD combines a striking stiletto heel with a secure ankle strap for refined elegance and stability. This platform heel creates a polished, statement-making look. Perfect for occasions demanding sophisticated style and confident presence. 6 inch heel height 2 inch platform Vegan leather upper material Vegan leather lining Vegan leather sock Synthetic sole Imported Steve Madden JEZZICA GOLD | 6 | Steve Madden Women's Jezzica Platform Heels - Gold - Size 6 - Leather","The JEZZICA GOLD combines a striking stiletto heel with a secure ankle strap for refined elegance and stability. This platform heel creates a polished, statement-making look. Perfect for occasions demanding sophisticated style and confident presence. 6 inch heel height 2 inch platform Vegan leather upper material Vegan leather lining Vegan leather sock Synthetic sole Imported Steve Madden JEZZICA GOLD | 6 | Steve Madden Women's Jezzica Platform Heels - Gold - Size 6 - Leather",139.95,139.95,https://cdn.shopify.com/s/files/1/2170/8465/files/STEVEMADDEN_SHOES_JEZZICA_GOLD01.jpg,Women's Shoes > Heels,Women's Shoes > Heels,22/09/2026,,FALSE,41603814523013,,IN STOCK,,"10, 11, 6, 6.5, 7, 7.5, 8, 8.5, 9, 9.5",Gold,,,159,TRUE,TRUE,FALSE
Steve Madden,7268758847621,7268758847621,7268758847621,Steve Madden Women's Juliette Pump Heels - White Crackle - Size 6 - Leather,https://www.stevemadden.com/products/juliette-white-crackle?utm_source=display&utm_medium=programmatic&utm_campaign=performance&utm_content=rtg,"The JULIETTE WHITE CRACKLE tabi split toe heel combines traditional design with modern craftsmanship, delivering an innovative statement piece. This distinctive heel features a signature split toe that sets it apart, crafted from premium leather for a refined look. The sleek silhouette and thoughtful construction make it perfect for those seeking both style and unique footwear technology-ideal for elevated everyday wear or special occasions. 4.25 inch heel height Leather upper material Vegan leather lining Vegan leather sock Synthetic sole Imported Steve Madden JULIETTE WHITE CRACKLE | 6 | Steve Madden Women's Juliette Pump Heels - White Crackle - Size 6 - Leather","The JULIETTE WHITE CRACKLE tabi split toe heel combines traditional design with modern craftsmanship, delivering an innovative statement piece. This distinctive heel features a signature split toe that sets it apart, crafted from premium leather for a refined look. The sleek silhouette and thoughtful construction make it perfect for those seeking both style and unique footwear technology-ideal for elevated everyday wear or special occasions. 4.25 inch heel height Leather upper material Vegan leather lining Vegan leather sock Synthetic sole Imported Steve Madden JULIETTE WHITE CRACKLE | 6 | Steve Madden Women's Juliette Pump Heels - White Crackle - Size 6 - Leather",129.95,129.95,https://cdn.shopify.com/s/files/1/2170/8465/files/STEVEMADDEN_SHOES_JULIETTE_WHITE-LEATHER01.jpg,Women's Shoes > Heels,Women's Shoes > Heels,22/09/2026,,FALSE,41607408222341,,IN STOCK,,"10, 6, 6.5, 7, 7.5, 8, 8.5, 9, 9.5",White Crackle,,,160,TRUE,TRUE,FALSE
Steve Madden,7271220084869,7271220084869,7271220084869,Steve Madden Women's Aiko Mule Heels - Light Pink - Size 6 - Leather,https://www.stevemadden.com/products/aiko-light-pink?utm_source=display&utm_medium=programmatic&utm_campaign=performance&utm_content=rtg,"The AIKO LIGHT PINK is a versatile heel featuring a chic peep toe design. Perfect for transitioning from day to night, this style combines comfort with contemporary elegance. The mule silhouette provides all-day wearability. An ideal choice for those seeking a modern shoe. 3.75 inch heel height PVC upper material Unlined Vegan leather sock Synthetic sole Imported Steve Madden AIKO LIGHT PINK | 6 | Steve Madden Women's Aiko Mule Heels - Light Pink - Size 6 - Leather","The AIKO LIGHT PINK is a versatile heel featuring a chic peep toe design. Perfect for transitioning from day to night, this style combines comfort with contemporary elegance. The mule silhouette provides all-day wearability. An ideal choice for those seeking a modern shoe. 3.75 inch heel height PVC upper material Unlined Vegan leather sock Synthetic sole Imported Steve Madden AIKO LIGHT PINK | 6 | Steve Madden Women's Aiko Mule Heels - Light Pink - Size 6 - Leather",99.95,99.95,https://cdn.shopify.com/s/files/1/2170/8465/files/STEVEMADDEN_SHOES_AIKO_LT-PINK01.jpg,Women's Shoes > Heels,Women's Shoes > Heels,22/09/2026,,FALSE,41621333737605,,IN STOCK,,"10, 6, 6.5, 7, 7.5, 8, 8.5, 9, 9.5",Light Pink,,,164,TRUE,TRUE,FALSE
Steve Madden,7271221952645,7271221952645,7271221952645,Steve Madden Women's Wallace Heels - Black - Size 5 - Leather,https://www.stevemadden.com/products/wallace-black-eel?utm_source=display&utm_medium=programmatic&utm_campaign=performance&utm_content=rtg,"The WALLACE BLACK EEL is a penny loafer-style heel with a scrunched silhouette that combines classic appeal with modern comfort. The gathered fabric detail adds texture and visual interest, while the loafer-inspired design delivers timeless sophistication. Perfect for elevating everyday looks or dressing up occasions, this heel transitions seamlessly from office to evening wear. 4 inch heel height Leather upper material Microsuede lining Vegan leather sock Synthetic sole Imported Steve Madden WALLACE BLACK EEL | 5 | Steve Madden Women's Wallace Heels - Black - Size 5 - Leather","The WALLACE BLACK EEL is a penny loafer-style heel with a scrunched silhouette that combines classic appeal with modern comfort. The gathered fabric detail adds texture and visual interest, while the loafer-inspired design delivers timeless sophistication. Perfect for elevating everyday looks or dressing up occasions, this heel transitions seamlessly from office to evening wear. 4 inch heel height Leather upper material Microsuede lining Vegan leather sock Synthetic sole Imported Steve Madden WALLACE BLACK EEL | 5 | Steve Madden Women's Wallace Heels - Black - Size 5 - Leather",139.95,139.95,https://cdn.shopify.com/s/files/1/2170/8465/files/STEVEMADDEN_SHOES_WALLACE_BLACK-EEL01.jpg,Women's Shoes > Heels,Women's Shoes > Heels,22/09/2026,,FALSE,41621345468549,,IN STOCK,,"10, 5, 5.5, 6, 6.5, 7, 7.5, 8, 8.5, 9, 9.5",Black,,,165,TRUE,TRUE,FALSE
Steve Madden,7271223591045,7271223591045,7271223591045,Steve Madden Women's Dyra Wedge Heels - Black Satin - Size 6 - Leather/Satin,https://www.stevemadden.com/products/dyra-black-satin?utm_source=display&utm_medium=programmatic&utm_campaign=performance&utm_content=rtg,"The DYRA BLACK SATIN is a sophisticated slingback wedge that combines modern design with practical elegance. The material creates an airy, contemporary silhouette while the wedge heel provides comfortable all-day support and stability. The slingback strap ensures a secure fit, making this versatile style perfect for both professional and casual occasions. Crafted with attention to detail, this shoe seamlessly transitions from day to evening wear. 3.75 inch heel height Textile upper material Textile lining Vegan leather sock Synthetic sole Imported Steve Madden DYRA BLACK SATIN | 6 | Steve Madden Women's Dyra Wedge Heels - Black Satin - Size 6 - Leather/Satin","The DYRA BLACK SATIN is a sophisticated slingback wedge that combines modern design with practical elegance. The material creates an airy, contemporary silhouette while the wedge heel provides comfortable all-day support and stability. The slingback strap ensures a secure fit, making this versatile style perfect for both professional and casual occasions. Crafted with attention to detail, this shoe seamlessly transitions from day to evening wear. 3.75 inch heel height Textile upper material Textile lining Vegan leather sock Synthetic sole Imported Steve Madden DYRA BLACK SATIN | 6 | Steve Madden Women's Dyra Wedge Heels - Black Satin - Size 6 - Leather/Satin",139.95,139.95,https://cdn.shopify.com/s/files/1/2170/8465/files/STEVEMADDEN_SHOES_DYRA_BLACK-SATIN01.jpg,Women's Shoes > Heels,Women's Shoes > Heels,22/09/2026,,FALSE,41621361131653,,IN STOCK,,"10, 6, 6.5, 7, 7.5, 8, 8.5, 9, 9.5",Black Satin,,,170,TRUE,TRUE,FALSE
Steve Madden,7271829733509,7271829733509,7271829733509,Steve Madden Women's Jezzica Black/zebra Platform Heels - Black Zebra - Size 5 - Leather,https://www.stevemadden.com/products/jezzica-black-zebra?utm_source=display&utm_medium=programmatic&utm_campaign=performance&utm_content=rtg,"The JEZZICA BLACK/ZEBRA combines a striking stiletto heel with a secure ankle strap for refined elegance and stability. This platform heel creates a polished, statement-making look. Perfect for occasions demanding sophisticated style and confident presence. 6 inch heel height 2 inch platform Vegan leather upper material Vegan leather lining Vegan leather sock Synthetic sole Imported Steve Madden JEZZICA BLACK/ZEBRA | Black Zebra | 5 | Steve Madden Women's Jezzica Black/zebra Platform Heels - Black Zebra - Size 5 - Leather","The JEZZICA BLACK/ZEBRA combines a striking stiletto heel with a secure ankle strap for refined elegance and stability. This platform heel creates a polished, statement-making look. Perfect for occasions demanding sophisticated style and confident presence. 6 inch heel height 2 inch platform Vegan leather upper material Vegan leather lining Vegan leather sock Synthetic sole Imported Steve Madden JEZZICA BLACK/ZEBRA | Black Zebra | 5 | Steve Madden Women's Jezzica Black/zebra Platform Heels - Black Zebra - Size 5 - Leather",139.95,139.95,https://cdn.shopify.com/s/files/1/2170/8465/files/STEVEMADDEN_SHOES_JEZZICA_BLACK-ZEBRA_01.jpg,Women's Shoes > Heels,Women's Shoes > Heels,22/09/2026,,FALSE,41623003037829,,IN STOCK,,"10, 11, 5, 5.5, 6, 6.5, 7, 7.5, 8, 8.5, 9, 9.5",Black Zebra,,,175,TRUE,TRUE,FALSE
Steve Madden,7273521643653,7273521643653,7273521643653,Steve Madden Women's Tati Block Heels - Black - Size 5 - Leather,https://www.stevemadden.com/products/tati-black-leather?utm_source=display&utm_medium=programmatic&utm_campaign=performance&utm_content=rtg,"The TATI BLACK LEATHER is a striking platform shoe featuring a block heel and round toe silhouette. This bold design combines comfort with contemporary style, making it an ideal choice for those seeking a statement piece that transitions seamlessly from day to night. The sturdy block heel provides stability and all-day wearability, while the round toe offers a flattering, versatile shape that complements various outfits. 4.25 inch heel height 1 inch heel height Leather upper material Vegan leather lining Vegan leather sock Synthetic sole Imported Steve Madden TATI BLACK LEATHER | 5 | Steve Madden Women's Tati Block Heels - Black - Size 5 - Leather","The TATI BLACK LEATHER is a striking platform shoe featuring a block heel and round toe silhouette. This bold design combines comfort with contemporary style, making it an ideal choice for those seeking a statement piece that transitions seamlessly from day to night. The sturdy block heel provides stability and all-day wearability, while the round toe offers a flattering, versatile shape that complements various outfits. 4.25 inch heel height 1 inch heel height Leather upper material Vegan leather lining Vegan leather sock Synthetic sole Imported Steve Madden TATI BLACK LEATHER | 5 | Steve Madden Women's Tati Block Heels - Black - Size 5 - Leather",119.95,119.95,https://cdn.shopify.com/s/files/1/2170/8465/files/STEVEMADDEN_SHOES_TATI_BLACK-LEATHER01.jpg,Women's Shoes > Heels,Women's Shoes > Heels,22/09/2026,,FALSE,41629796925573,,IN STOCK,,"10, 5, 5.5, 6, 6.5, 7, 7.5, 8, 8.5, 9, 9.5",Black,,,181,TRUE,TRUE,FALSE
Steve Madden,7274734551173,7274734551173,7274734551173,Steve Madden Women's Wallace Heels - Umber Suede - Size 5 - Leather,https://www.stevemadden.com/products/wallace-umber-suede?utm_source=display&utm_medium=programmatic&utm_campaign=performance&utm_content=rtg,"The WALLACE UMBER SUEDE is a penny loafer-style heel with a scrunched silhouette that combines classic appeal with modern comfort. The gathered fabric detail adds texture and visual interest, while the loafer-inspired design delivers timeless sophistication. Perfect for elevating everyday looks or dressing up occasions, this heel transitions seamlessly from office to evening wear. 4 inch heel height Suede upper material Microsuede lining Vegan leather sock Synthetic sole Imported Steve Madden WALLACE UMBER SUEDE | 5 | Steve Madden Women's Wallace Heels - Umber Suede - Size 5 - Leather","The WALLACE UMBER SUEDE is a penny loafer-style heel with a scrunched silhouette that combines classic appeal with modern comfort. The gathered fabric detail adds texture and visual interest, while the loafer-inspired design delivers timeless sophistication. Perfect for elevating everyday looks or dressing up occasions, this heel transitions seamlessly from office to evening wear. 4 inch heel height Suede upper material Microsuede lining Vegan leather sock Synthetic sole Imported Steve Madden WALLACE UMBER SUEDE | 5 | Steve Madden Women's Wallace Heels - Umber Suede - Size 5 - Leather",139.95,139.95,https://cdn.shopify.com/s/files/1/2170/8465/files/STEVEMADDEN_SHOES_WALLACE_UMBER-SUEDE01.jpg,Women's Shoes > Heels,Women's Shoes > Heels,22/09/2026,,FALSE,41631687245957,,IN STOCK,,"10, 5, 5.5, 6, 6.5, 7, 7.5, 8, 8.5, 9, 9.5",Umber Suede,,,183,TRUE,TRUE,FALSE
Steve Madden,7277098238085,7277098238085,7277098238085,Steve Madden Women's Rosie Lace-Up Heels - Ivory Satin - Size 6 - Leather/Satin,https://www.stevemadden.com/products/rosie-ivory-satin?utm_source=display&utm_medium=programmatic&utm_campaign=performance&utm_content=rtg,"The ROSIE IVORY SATIN is a pointed-toe heel that combines elegance with playful charm. Crafted in luxurious materials, this shoe features delicate leg ties that wrap gracefully around the ankle, paired with an enchanting flower detail that adds a romantic touch. Perfect for special occasions, weddings, or any event where you want to make a sophisticated statement. A timeless style that transitions effortlessly from ceremony to celebration. 3.75 inch heel height Textile upper material Vegan leather lining Vegan leather sock Synthetic sole Imported Steve Madden ROSIE IVORY SATIN | 6 | Steve Madden Women's Rosie Lace-Up Heels - Ivory Satin - Size 6 - Leather/Satin","The ROSIE IVORY SATIN is a pointed-toe heel that combines elegance with playful charm. Crafted in luxurious materials, this shoe features delicate leg ties that wrap gracefully around the ankle, paired with an enchanting flower detail that adds a romantic touch. Perfect for special occasions, weddings, or any event where you want to make a sophisticated statement. A timeless style that transitions effortlessly from ceremony to celebration. 3.75 inch heel height Textile upper material Vegan leather lining Vegan leather sock Synthetic sole Imported Steve Madden ROSIE IVORY SATIN | 6 | Steve Madden Women's Rosie Lace-Up Heels - Ivory Satin - Size 6 - Leather/Satin",129.95,129.95,https://cdn.shopify.com/s/files/1/2170/8465/files/STEVEMADDEN_SHOES_ROSIE_IVORY-SATIN01.jpg,Women's Shoes > Heels,Women's Shoes > Heels,22/09/2026,,FALSE,41640017723525,,IN STOCK,,"10, 6, 6.5, 7, 7.5, 8, 8.5, 9, 9.5",Ivory Satin,,,188,TRUE,TRUE,FALSE
Steve Madden,7284475396229,7284475396229,7284475396229,Steve Madden Women's Crussi Platform Heels - Black Suede - Size 6 - Leather,https://www.stevemadden.com/products/crussi-black-suede?utm_source=display&utm_medium=programmatic&utm_campaign=performance&utm_content=rtg,"The CRUSSI BLACK SUEDE features an ankle strap design that keeps your foot secure and supported throughout the day. This closed-toe wedge heel combines a platform base with a lifted wedge silhouette for added height and comfort. The sleek upper delivers timeless sophistication, while the sturdy construction ensures durability with every wear. Perfect for elevating casual outfits or dressing up your everyday look. 5 inch heel height 1.75 inch platform Suede upper material Vegan leather lining Vegan leather sock Synthetic sole Imported Steve Madden CRUSSI BLACK SUEDE | 6 | Steve Madden Women's Crussi Platform Heels - Black Suede - Size 6 - Leather","The CRUSSI BLACK SUEDE features an ankle strap design that keeps your foot secure and supported throughout the day. This closed-toe wedge heel combines a platform base with a lifted wedge silhouette for added height and comfort. The sleek upper delivers timeless sophistication, while the sturdy construction ensures durability with every wear. Perfect for elevating casual outfits or dressing up your everyday look. 5 inch heel height 1.75 inch platform Suede upper material Vegan leather lining Vegan leather sock Synthetic sole Imported Steve Madden CRUSSI BLACK SUEDE | 6 | Steve Madden Women's Crussi Platform Heels - Black Suede - Size 6 - Leather",149.95,149.95,https://cdn.shopify.com/s/files/1/2170/8465/files/STEVEMADDEN_SHOES_CRUSSI_BLACK-SUEDE01.jpg,Women's Shoes > Heels,Women's Shoes > Heels,22/09/2026,,FALSE,41670516768901,,IN STOCK,,"10, 6, 6.5, 7, 7.5, 8, 8.5, 9, 9.5",Black Suede,,,193,TRUE,TRUE,FALSE
Steve Madden,7285655765125,7285655765125,7285655765125,Steve Madden Women's Sky Thong Heels - Chestnut Suede - Size 6 - Leather,https://www.stevemadden.com/products/sky-chestnut-suede?utm_source=display&utm_medium=programmatic&utm_campaign=performance&utm_content=rtg,"The SKY CHESTNUT SUEDE heel is a refined essential designed to elevate any look. Crafted from premium materials, this sandal features a sleek thong strap silhouette paired with a comfortable kitten heel for effortless wear. Its modern, minimalist design makes it the perfect slip-on style to complement both casual and dressed-up outfits. 2.25 inch heel height Suede upper material Vegan leather lining Vegan leather sock Synthetic sole Imported Steve Madden SKY CHESTNUT SUEDE | 6 | Steve Madden Women's Sky Thong Heels - Chestnut Suede - Size 6 - Leather","The SKY CHESTNUT SUEDE heel is a refined essential designed to elevate any look. Crafted from premium materials, this sandal features a sleek thong strap silhouette paired with a comfortable kitten heel for effortless wear. Its modern, minimalist design makes it the perfect slip-on style to complement both casual and dressed-up outfits. 2.25 inch heel height Suede upper material Vegan leather lining Vegan leather sock Synthetic sole Imported Steve Madden SKY CHESTNUT SUEDE | 6 | Steve Madden Women's Sky Thong Heels - Chestnut Suede - Size 6 - Leather",109.95,109.95,https://cdn.shopify.com/s/files/1/2170/8465/files/STEVEMADDEN_SHOES_SKY_CHESTNUT-SUEDE01.jpg,Women's Shoes > Heels,Women's Shoes > Heels,22/09/2026,,FALSE,41675766399109,,IN STOCK,,"10, 6, 6.5, 7, 7.5, 8, 8.5, 9, 9.5",Chestnut Suede,,,195,TRUE,TRUE,FALSE
Steve Madden,7285655797893,7285655797893,7285655797893,Steve Madden Women's Sky Thong Heels - Black - Size 6 - Leather,https://www.stevemadden.com/products/sky-black-leather?utm_source=display&utm_medium=programmatic&utm_campaign=performance&utm_content=rtg,"The SKY BLACK LEATHER heel is a refined essential designed to elevate any look. Crafted from premium materials, this sandal features a sleek thong strap silhouette paired with a comfortable kitten heel for effortless wear. Its modern, minimalist design makes it the perfect slip-on style to complement both casual and dressed-up outfits. 2.25 inch heel height Leather upper material Vegan leather lining Vegan leather sock Synthetic sole Imported Steve Madden SKY BLACK LEATHER | 6 | Steve Madden Women's Sky Thong Heels - Black - Size 6 - Leather","The SKY BLACK LEATHER heel is a refined essential designed to elevate any look. Crafted from premium materials, this sandal features a sleek thong strap silhouette paired with a comfortable kitten heel for effortless wear. Its modern, minimalist design makes it the perfect slip-on style to complement both casual and dressed-up outfits. 2.25 inch heel height Leather upper material Vegan leather lining Vegan leather sock Synthetic sole Imported Steve Madden SKY BLACK LEATHER | 6 | Steve Madden Women's Sky Thong Heels - Black - Size 6 - Leather",109.95,109.95,https://cdn.shopify.com/s/files/1/2170/8465/files/STEVEMADDEN_SHOES_SKY_BLACK-LEATHER01.jpg,Women's Shoes > Heels,Women's Shoes > Heels,22/09/2026,,FALSE,41675766825093,,IN STOCK,,"10, 6, 6.5, 7, 7.5, 8, 8.5, 9, 9.5",Black,,,196,TRUE,TRUE,FALSE
Steve Madden,7290306003077,7290306003077,7290306003077,Steve Madden Women's Wess Strappy Heels - Black - Size 6 - Leather,https://www.stevemadden.com/products/wess-black-patent?utm_source=display&utm_medium=programmatic&utm_campaign=performance&utm_content=rtg,"The WESS BLACK PATENT is a stiletto heel that combines bold style with everyday wearability. Featuring delicate straps across the vamp and a sleek stiletto silhouette, this shoe elevates any outfit from casual to sophisticated. The structured heel provides a confident lift while the strappy design adds visual interest and dimension. Perfect for nights out, work events, or whenever you want to make a statement with your footwear. 4.5 inch heel height Vegan patent leather upper material Vegan leather lining Vegan leather sock Synthetic sole Imported Steve Madden WESS BLACK PATENT | 6 | Steve Madden Women's Wess Strappy Heels - Black - Size 6 - Leather","The WESS BLACK PATENT is a stiletto heel that combines bold style with everyday wearability. Featuring delicate straps across the vamp and a sleek stiletto silhouette, this shoe elevates any outfit from casual to sophisticated. The structured heel provides a confident lift while the strappy design adds visual interest and dimension. Perfect for nights out, work events, or whenever you want to make a statement with your footwear. 4.5 inch heel height Vegan patent leather upper material Vegan leather lining Vegan leather sock Synthetic sole Imported Steve Madden WESS BLACK PATENT | 6 | Steve Madden Women's Wess Strappy Heels - Black - Size 6 - Leather",119.95,119.95,https://cdn.shopify.com/s/files/1/2170/8465/files/STEVEMADDEN_SHOES_WESS_BLACK-PATENT_01.jpg,Women's Shoes > Heels,Women's Shoes > Heels,22/09/2026,,FALSE,41691802108037,,IN STOCK,,"10, 11, 6, 6.5, 7, 7.5, 8, 8.5, 9, 9.5",Black,,,198,TRUE,TRUE,FALSE
Steve Madden,7293988896901,7293988896901,7293988896901,Steve Madden Women's Dynasty Pointed Toe Heels - Black - Size 6 - Leather,https://www.stevemadden.com/products/dynasty-black-patent?utm_source=display&utm_medium=programmatic&utm_campaign=performance&utm_content=rtg,"The DYNASTY BLACK PATENT is a pointed toe pump featuring a sleek stiletto heel that delivers timeless elegance and modern sophistication. This classic silhouette elongates the leg while the sharp toe creates a refined, polished look perfect for any occasion. The stiletto heel provides a confident lift, making it an essential addition to any footwear collection. 4.25 inch heel height Patent leather upper material Textile lining Vegan leather sock Synthetic sole Imported Steve Madden DYNASTY BLACK PATENT | 6 | Steve Madden Women's Dynasty Pointed Toe Heels - Black - Size 6 - Leather","The DYNASTY BLACK PATENT is a pointed toe pump featuring a sleek stiletto heel that delivers timeless elegance and modern sophistication. This classic silhouette elongates the leg while the sharp toe creates a refined, polished look perfect for any occasion. The stiletto heel provides a confident lift, making it an essential addition to any footwear collection. 4.25 inch heel height Patent leather upper material Textile lining Vegan leather sock Synthetic sole Imported Steve Madden DYNASTY BLACK PATENT | 6 | Steve Madden Women's Dynasty Pointed Toe Heels - Black - Size 6 - Leather",129.95,129.95,https://cdn.shopify.com/s/files/1/2170/8465/files/STEVEMADDEN_SHOES_DYNASTY_BLACK-LEATHER01.jpg,Women's Shoes > Heels,Women's Shoes > Heels,22/09/2026,,FALSE,41718309486725,,IN STOCK,,"10, 6, 6.5, 7, 7.5, 8, 8.5, 9, 9.5",Black,,,205,TRUE,TRUE,FALSE
Steve Madden,7295642534021,7295642534021,7295642534021,Steve Madden Women's Tadan Black/green Block Heels - Black Green - Size 6 - Leather,https://www.stevemadden.com/products/tadan-black-green?utm_source=display&utm_medium=programmatic&utm_campaign=performance&utm_content=rtg,"The TADAN BLACK/GREEN is a sophisticated block heel pump featuring a square toe design. The cap toe detail adds refined structure, while the sturdy block heel provides all-day comfort and stability. Perfect for elevating any outfit with modern elegance and wearable style. 3.5 inch heel height Leather and vegan patent leather upper material Vegan leather lining Vegan leather sock Synthetic sole Imported Steve Madden TADAN BLACK/GREEN | Black Green | 6 | Steve Madden Women's Tadan Black/green Block Heels - Black Green - Size 6 - Leather","The TADAN BLACK/GREEN is a sophisticated block heel pump featuring a square toe design. The cap toe detail adds refined structure, while the sturdy block heel provides all-day comfort and stability. Perfect for elevating any outfit with modern elegance and wearable style. 3.5 inch heel height Leather and vegan patent leather upper material Vegan leather lining Vegan leather sock Synthetic sole Imported Steve Madden TADAN BLACK/GREEN | Black Green | 6 | Steve Madden Women's Tadan Black/green Block Heels - Black Green - Size 6 - Leather",129.95,129.95,https://cdn.shopify.com/s/files/1/2170/8465/files/STEVEMADDEN_SHOES_TADAN_BLACK-GREEN-LEATHER01.jpg,Women's Shoes > Heels,Women's Shoes > Heels,22/09/2026,,FALSE,41723391344773,,IN STOCK,,"10, 6, 6.5, 7, 7.5, 8, 8.5, 9, 9.5",Black Green,,,208,TRUE,TRUE,FALSE
Steve Madden,7296862716037,7296862716037,7296862716037,Steve Madden Women's Suki Strappy Heels - Gold - Size 6 - Leather,https://www.stevemadden.com/products/suki-gold-leather?utm_source=display&utm_medium=programmatic&utm_campaign=performance&utm_content=rtg,"The SUKI GOLD LEATHER is a strappy heel featuring a secure ankle strap design that combines style with stability. Perfect for elevating any look, this versatile shoe transitions seamlessly from day to night. The adjustable ankle strap ensures a customized fit, while the sleek heel silhouette adds sophistication to dresses, skirts, and tailored pants alike. 3.5 inch heel height Leather upper material Vegan leather lining Vegan leather sock Synthetic sole Imported Steve Madden SUKI GOLD LEATHER | 6 | Steve Madden Women's Suki Strappy Heels - Gold - Size 6 - Leather","The SUKI GOLD LEATHER is a strappy heel featuring a secure ankle strap design that combines style with stability. Perfect for elevating any look, this versatile shoe transitions seamlessly from day to night. The adjustable ankle strap ensures a customized fit, while the sleek heel silhouette adds sophistication to dresses, skirts, and tailored pants alike. 3.5 inch heel height Leather upper material Vegan leather lining Vegan leather sock Synthetic sole Imported Steve Madden SUKI GOLD LEATHER | 6 | Steve Madden Women's Suki Strappy Heels - Gold - Size 6 - Leather",109.95,109.95,https://cdn.shopify.com/s/files/1/2170/8465/files/STEVEMADDEN_SHOES_SUKI_GOLD-LEATHER_01.jpg,Women's Shoes > Heels,Women's Shoes > Heels,22/09/2026,,FALSE,41733919867013,,IN STOCK,,"10, 6, 6.5, 7, 7.5, 8, 8.5, 9, 9.5",Gold,,,215,TRUE,TRUE,FALSE
Steve Madden,7297101955205,7297101955205,7297101955205,Steve Madden Women's Davina Lace Mule - Black Satin - Size 5 - Leather/Satin,https://www.stevemadden.com/products/davina-l-black-satin?utm_source=display&utm_medium=programmatic&utm_campaign=performance&utm_content=rtg,"The DAVINA BLACK SATIN LACE mule combines timeless elegance with modern versatility. This open-toe stiletto features a sleek round-toe silhouette that elevates any ensemble. The streamlined heel design offers a sophisticated lift while maintaining all-day wearability. Perfect for transitioning from office to evening, this essential mule delivers polished style with effortless grace. 4.25 inch heel height Textile upper material Vegan leather lining Vegan leather sock Synthetic sole Imported Steve Madden DAVINA BLACK SATIN LACE | 5 | Steve Madden Women's Davina Lace Mule - Black Satin - Size 5 - Leather/Satin","The DAVINA BLACK SATIN LACE mule combines timeless elegance with modern versatility. This open-toe stiletto features a sleek round-toe silhouette that elevates any ensemble. The streamlined heel design offers a sophisticated lift while maintaining all-day wearability. Perfect for transitioning from office to evening, this essential mule delivers polished style with effortless grace. 4.25 inch heel height Textile upper material Vegan leather lining Vegan leather sock Synthetic sole Imported Steve Madden DAVINA BLACK SATIN LACE | 5 | Steve Madden Women's Davina Lace Mule - Black Satin - Size 5 - Leather/Satin",139.95,139.95,https://cdn.shopify.com/s/files/1/2170/8465/files/STEVEMADDEN_SHOES_DAVINA-L_BLACK-SATIN01.jpg,Women's Shoes > Heels,Women's Shoes > Heels,22/09/2026,,FALSE,41735146274949,,IN STOCK,,"10, 11, 5, 5.5, 6, 6.5, 7, 7.5, 8, 8.5, 9, 9.5",Black Satin,,,217,TRUE,TRUE,FALSE
Steve Madden,7297389265029,7297389265029,7297389265029,Steve Madden Women's Izara Block Heels - Cognac - Size 6 - Leather,https://www.stevemadden.com/products/izara-cognac-patent?utm_source=display&utm_medium=programmatic&utm_campaign=performance&utm_content=rtg,"The IZARA COGNAC PATENT features a practical block heel paired with a secure ankle strap for all-day comfort and support. This heel offers a polished look that transitions effortlessly from work to weekend. The sturdy block heel provides stability without sacrificing style, while the ankle strap keeps your foot secure and adds a refined silhouette. Perfect for those seeking a versatile, supportive shoe that doesn't compromise on elegance. 2.25 inch heel height Vegan patent leather upper material Vegan leather lining Vegan leather sock Synthetic sole Imported Steve Madden IZARA COGNAC PATENT | 6 | Steve Madden Women's Izara Block Heels - Cognac - Size 6 - Leather","The IZARA COGNAC PATENT features a practical block heel paired with a secure ankle strap for all-day comfort and support. This heel offers a polished look that transitions effortlessly from work to weekend. The sturdy block heel provides stability without sacrificing style, while the ankle strap keeps your foot secure and adds a refined silhouette. Perfect for those seeking a versatile, supportive shoe that doesn't compromise on elegance. 2.25 inch heel height Vegan patent leather upper material Vegan leather lining Vegan leather sock Synthetic sole Imported Steve Madden IZARA COGNAC PATENT | 6 | Steve Madden Women's Izara Block Heels - Cognac - Size 6 - Leather",99.95,99.95,https://cdn.shopify.com/s/files/1/2170/8465/files/STEVEMADDEN_SHOES_IZARA_TAN-PATENT_01.jpg,Women's Shoes > Heels,Women's Shoes > Heels,22/09/2026,,FALSE,41736372846725,,IN STOCK,,"10, 6, 6.5, 7, 7.5, 8, 8.5, 9, 9.5",Cognac,,,220,TRUE,TRUE,FALSE
Steve Madden,7298715222149,7298715222149,7298715222149,Steve Madden Women's Gigli Block Heels - Clear - Size 6 - Leather,https://www.stevemadden.com/products/gigli-clear?utm_source=display&utm_medium=programmatic&utm_campaign=performance&utm_content=rtg,"The GIGLI CLEAR mule features a sleek block heel and geometric ornament detailing for modern, effortless style. Perfect for transitioning from day to evening, this versatile shoe combines comfort with contemporary design. 2.25 inch heel height PVC upper material with hardware Unlined Vegan leather lining Synthetic sole Imported Steve Madden GIGLI CLEAR | 6 | Steve Madden Women's Gigli Block Heels - Clear - Size 6 - Leather","The GIGLI CLEAR mule features a sleek block heel and geometric ornament detailing for modern, effortless style. Perfect for transitioning from day to evening, this versatile shoe combines comfort with contemporary design. 2.25 inch heel height PVC upper material with hardware Unlined Vegan leather lining Synthetic sole Imported Steve Madden GIGLI CLEAR | 6 | Steve Madden Women's Gigli Block Heels - Clear - Size 6 - Leather",109.95,109.95,https://cdn.shopify.com/s/files/1/2170/8465/files/STEVEMADDEN_SHOES_GIGLI_CLEAR01.jpg,Women's Shoes > Heels,Women's Shoes > Heels,22/09/2026,,FALSE,41743212675205,,IN STOCK,,"10, 6, 6.5, 7, 7.5, 8, 8.5, 9, 9.5",Clear,,,228,TRUE,TRUE,FALSE
Steve Madden,7300445831301,7300445831301,7300445831301,Steve Madden Women's Steffi Dark Cherry Patent Block Heels - Wine - Size 5 - Leather,https://www.stevemadden.com/products/steffi-wine-patent?utm_source=display&utm_medium=programmatic&utm_campaign=performance&utm_content=rtg,"The STEFFI DARK CHERRY PATENT features a graceful round‑toe silhouette with an elegant bow detail that channels ballet‑inspired sophistication. This refined heel offers a polished, feminine finish that makes it a versatile choice for elevating everyday looks or dressing up special occasions. The rounded toe provides comfort and a flattering line, while the heel offers just the right lift for all‑day wearability. 1.25 inch heel height Vegan patent leather upper material Textile lining Vegan leather sock Synthetic sole Imported Steve Madden STEFFI DARK CHERRY PATENT | Wine Patent | 5 | Steve Madden Women's Steffi Dark Cherry Patent Block Heels - Wine - Size 5 - Leather","The STEFFI DARK CHERRY PATENT features a graceful round‑toe silhouette with an elegant bow detail that channels ballet‑inspired sophistication. This refined heel offers a polished, feminine finish that makes it a versatile choice for elevating everyday looks or dressing up special occasions. The rounded toe provides comfort and a flattering line, while the heel offers just the right lift for all‑day wearability. 1.25 inch heel height Vegan patent leather upper material Textile lining Vegan leather sock Synthetic sole Imported Steve Madden STEFFI DARK CHERRY PATENT | Wine Patent | 5 | Steve Madden Women's Steffi Dark Cherry Patent Block Heels - Wine - Size 5 - Leather",109.95,109.95,https://cdn.shopify.com/s/files/1/2170/8465/files/STEVEMADDEN_SHOES_STEFFI-SHIRLEY_BURGUNDY-WINE-PATENT01.jpg,Women's Shoes > Heels,Women's Shoes > Heels,22/09/2026,,FALSE,41751676977285,,IN STOCK,,"10, 11, 12, 5, 5.5, 6, 6.5, 7, 7.5, 8, 8.5, 9, 9.5",Wine,,,230,TRUE,TRUE,FALSE
Steve Madden,7307477123205,7307477123205,7307477123205,Steve Madden Women's Pescado Thong Heels - Black/Silver - Size 6 - Leather/Satin,https://www.stevemadden.com/products/pescado-black-silver?utm_source=display&utm_medium=programmatic&utm_campaign=performance&utm_content=rtg,"The PESCADO BLACK/SILVER is a striking stiletto heel featuring an eye-catching 3D fish detail that brings dimension and artistic flair to your footwear collection. This sophisticated design combines a sleek silhouette with functional comfort through its adjustable ankle strap, while the thong construction offers a streamlined, elegant look. Perfect for making a statement at any occasion. 4.25 inch heel height Satin upper material with ornamentation Vegan leather lining Vegan leather sock Synthetic sole Imported Steve Madden PESCADO BLACK/SILVER | Black Silver | 6 | Steve Madden Women's Pescado Thong Heels - Black/Silver - Size 6 - Leather/Satin","The PESCADO BLACK/SILVER is a striking stiletto heel featuring an eye-catching 3D fish detail that brings dimension and artistic flair to your footwear collection. This sophisticated design combines a sleek silhouette with functional comfort through its adjustable ankle strap, while the thong construction offers a streamlined, elegant look. Perfect for making a statement at any occasion. 4.25 inch heel height Satin upper material with ornamentation Vegan leather lining Vegan leather sock Synthetic sole Imported Steve Madden PESCADO BLACK/SILVER | Black Silver | 6 | Steve Madden Women's Pescado Thong Heels - Black/Silver - Size 6 - Leather/Satin",139.95,139.95,https://cdn.shopify.com/s/files/1/2170/8465/files/STEVEMADDEN_SHOES_PESCADO_BLACK-SILVER-SATIN01.jpg,Women's Shoes > Heels,Women's Shoes > Heels,22/09/2026,,FALSE,41771059544197,,IN STOCK,,"6, 6.5, 7, 7.5, 8, 8.5, 9",Black/Silver,,,232,TRUE,TRUE,FALSE
Steve Madden,7307489017989,7307489017989,7307489017989,Steve Madden Women's Liandra Heel & Leena Bag Bundle,https://www.stevemadden.com/products/liandra-heel-leena-bag-bundle?utm_source=display&utm_medium=programmatic&utm_campaign=performance&utm_content=rtg,"The LIANDRA is a stylish and versatile shoe with a platform block heel and square-toe design. With its elevated heel, it provides stability and comfort, making it perfect for all-day wear. Elevate any outfit with this modern twist on a classic style. 4.75 inch heel height 1.25 inch platform Synthetic upper material Synthetic lining Synthetic sock Synthetic sole Imported The LEENA BAG GOLD features a sophisticated silhouette elevated by luxurious gold handle hardware that catches the light with every wear. This versatile clutch transitions seamlessly from day to evening, offering refined elegance without compromise. The polished gold accents provide a contemporary contrast to the bag's sleek design, making it an essential accessory for those who appreciate understated luxury and timeless style. Wavy metal clutch Mag snap closure Fits daily essentials, including a phone, small wallet, keys, small headphones, and compact makeup 3.75in H x 10in W x 1.75in D Crossbody strap: 23-24 inches Synthetic materials Duster bag included Imported Steve Madden LIANDRA HEEL & LEENA BAG BUNDLE | Steve Madden Women's Liandra Heel & Leena Bag Bundle","The LIANDRA is a stylish and versatile shoe with a platform block heel and square-toe design. With its elevated heel, it provides stability and comfort, making it perfect for all-day wear. Elevate any outfit with this modern twist on a classic style. 4.75 inch heel height 1.25 inch platform Synthetic upper material Synthetic lining Synthetic sock Synthetic sole Imported The LEENA BAG GOLD features a sophisticated silhouette elevated by luxurious gold handle hardware that catches the light with every wear. This versatile clutch transitions seamlessly from day to evening, offering refined elegance without compromise. The polished gold accents provide a contemporary contrast to the bag's sleek design, making it an essential accessory for those who appreciate understated luxury and timeless style. Wavy metal clutch Mag snap closure Fits daily essentials, including a phone, small wallet, keys, small headphones, and compact makeup 3.75in H x 10in W x 1.75in D Crossbody strap: 23-24 inches Synthetic materials Duster bag included Imported Steve Madden LIANDRA HEEL & LEENA BAG BUNDLE | Steve Madden Women's Liandra Heel & Leena Bag Bundle",207.95,207.95,https://cdn.shopify.com/s/files/1/2170/8465/files/STEVEMADDEN_HANDBAGS_BLEENA_GOLD_0639.jpg,Women's Shoes > Heels,Women's Shoes > Heels,22/09/2026,,FALSE,41771100504197,,IN STOCK,,"10, 11, 12, 5, 5.5, 6, 6.5, 7, 7.5, 8, 8.5, 9, 9.5",,,,233,TRUE,TRUE,FALSE
Steve Madden,7307986468997,7307986468997,7307986468997,Steve Madden Women's Vita Square Toe Heels - Turquoise Multi - Size 6 - Leather,https://www.stevemadden.com/products/vita-turquoise-multi?utm_source=display&utm_medium=programmatic&utm_campaign=performance&utm_content=rtg,"The VITA TURQUOISE MULTI is a sophisticated slanted square-toe stiletto pump designed with a closed-toe silhouette for timeless elegance. This sleek heel combines architectural lines with refined proportions, making it an essential piece for any wardrobe. 3.75 inch heel height Vegan leather upper material Vegan leather lining Vegan leather sock Synthetic sole Imported Steve Madden VITA TURQUOISE MULTI | 6 | Steve Madden Women's Vita Square Toe Heels - Turquoise Multi - Size 6 - Leather","The VITA TURQUOISE MULTI is a sophisticated slanted square-toe stiletto pump designed with a closed-toe silhouette for timeless elegance. This sleek heel combines architectural lines with refined proportions, making it an essential piece for any wardrobe. 3.75 inch heel height Vegan leather upper material Vegan leather lining Vegan leather sock Synthetic sole Imported Steve Madden VITA TURQUOISE MULTI | 6 | Steve Madden Women's Vita Square Toe Heels - Turquoise Multi - Size 6 - Leather",119.95,119.95,https://cdn.shopify.com/s/files/1/2170/8465/files/STEVEMADDEN_SHOES_VITA_TURQUOISE-MULTI-CROCO01_b7bf311c-1432-406b-ae23-dd7755aa4027.jpg?width=1600,Women's Shoes > Heels,Women's Shoes > Heels,22/09/2026,,FALSE,41774277722245,,IN STOCK,,"10, 6, 6.5, 7, 7.5, 8, 8.5, 9, 9.5",Turquoise Multi,,,234,TRUE,TRUE,FALSE
Steve Madden,7310983135365,7310983135365,7310983135365,Steve Madden Women's Davina Vinyl Mule Heels - Bright Multi - Size 6 - Leather,https://www.stevemadden.com/products/davina-vinyl-bright-multi?utm_source=display&utm_medium=programmatic&utm_campaign=performance&utm_content=rtg,"The DAVINA BRIGHT MULTI VINYL mule combines timeless elegance with modern versatility. This open-toe stiletto features a sleek round-toe silhouette that elevates any ensemble. The streamlined heel design offers a sophisticated lift while maintaining all-day wearability. Perfect for transitioning from office to evening, this essential mule delivers polished style with effortless grace. 4.25 inch heel height PVC and vegan leather upper material Unlined Vegan leather sock Synthetic sole Imported Steve Madden DAVINA BRIGHT MULTI VINYL | 6 | Steve Madden Women's Davina Vinyl Mule Heels - Bright Multi - Size 6 - Leather","The DAVINA BRIGHT MULTI VINYL mule combines timeless elegance with modern versatility. This open-toe stiletto features a sleek round-toe silhouette that elevates any ensemble. The streamlined heel design offers a sophisticated lift while maintaining all-day wearability. Perfect for transitioning from office to evening, this essential mule delivers polished style with effortless grace. 4.25 inch heel height PVC and vegan leather upper material Unlined Vegan leather sock Synthetic sole Imported Steve Madden DAVINA BRIGHT MULTI VINYL | 6 | Steve Madden Women's Davina Vinyl Mule Heels - Bright Multi - Size 6 - Leather",129.95,129.95,https://cdn.shopify.com/s/files/1/2170/8465/files/STEVEMADDEN_SHOES_DAVINA_VINYL-BRIGHT-MULTI_01.jpg,Women's Shoes > Heels,Women's Shoes > Heels,22/09/2026,,FALSE,41787013824645,,IN STOCK,,"10, 11, 6, 6.5, 7, 7.5, 8, 8.5, 9, 9.5",Bright Multi,,,240,TRUE,TRUE,FALSE
Steve Madden,7308225446021,7308225446021,7308225446021,Steve Madden Women's Bougie Heels - Blue Satin - Size 6 - Leather/Satin,https://www.stevemadden.com/products/bougie-blue-satin?utm_source=display&utm_medium=programmatic&utm_campaign=performance&utm_content=rtg,"The BOUGIE BLUE SATIN heel features a graceful silhouette with a round toe and delicate ankle strap for secure fit. A charming bow detail adorns the back, adding feminine appeal to this elegant satin style. Perfect for special occasions or elevated everyday wear. 4 inch heel height Textile upper material Vegan leather lining Vegan leather sock Synthetic sole Imported Steve Madden BOUGIE BLUE SATIN | 6 | Steve Madden Women's Bougie Heels - Blue Satin - Size 6 - Leather/Satin","The BOUGIE BLUE SATIN heel features a graceful silhouette with a round toe and delicate ankle strap for secure fit. A charming bow detail adorns the back, adding feminine appeal to this elegant satin style. Perfect for special occasions or elevated everyday wear. 4 inch heel height Textile upper material Vegan leather lining Vegan leather sock Synthetic sole Imported Steve Madden BOUGIE BLUE SATIN | 6 | Steve Madden Women's Bougie Heels - Blue Satin - Size 6 - Leather/Satin",79.99,119.95,https://cdn.shopify.com/s/files/1/2170/8465/files/STEVEMADDEN_SHOES_BOUGIE_BLUE-SATIN01.jpg,Women's Shoes > Heels,Women's Shoes > Heels,22/09/2026,,FALSE,41794144206981,,IN STOCK,,"10, 6, 6.5, 7, 7.5, 8, 8.5, 9, 9.5",Blue Satin,,,243,TRUE,TRUE,TRUE
Steve Madden,7308225478789,7308225478789,7308225478789,Steve Madden Women's Bougie Heels - Black Satin - Size 6 - Leather/Satin,https://www.stevemadden.com/products/bougie-black-satin?utm_source=display&utm_medium=programmatic&utm_campaign=performance&utm_content=rtg,"The BOUGIE BLACK SATIN heel features a graceful silhouette with a round toe and delicate ankle strap for secure fit. A charming bow detail adorns the back, adding feminine appeal to this elegant satin style. Perfect for special occasions or elevated everyday wear. 4 inch heel height Textile upper material Vegan leather lining Vegan leather sock Synthetic sole Imported Steve Madden BOUGIE BLACK SATIN | 6 | Steve Madden Women's Bougie Heels - Black Satin - Size 6 - Leather/Satin","The BOUGIE BLACK SATIN heel features a graceful silhouette with a round toe and delicate ankle strap for secure fit. A charming bow detail adorns the back, adding feminine appeal to this elegant satin style. Perfect for special occasions or elevated everyday wear. 4 inch heel height Textile upper material Vegan leather lining Vegan leather sock Synthetic sole Imported Steve Madden BOUGIE BLACK SATIN | 6 | Steve Madden Women's Bougie Heels - Black Satin - Size 6 - Leather/Satin",79.99,119.95,https://cdn.shopify.com/s/files/1/2170/8465/files/STEVEMADDEN_SHOES_BOUGIE_BLACK-SATIN_01.jpg,Women's Shoes > Heels,Women's Shoes > Heels,22/09/2026,,FALSE,41794144862341,,IN STOCK,,"10, 6, 6.5, 7, 7.5, 8, 8.5, 9, 9.5",Black Satin,,,244,TRUE,TRUE,TRUE
Steve Madden,7318764978309,7318764978309,7318764978309,Steve Madden Women's Steffi Heel & Vexa Bag Bundle,https://www.stevemadden.com/products/steffi-heel-vexa-bag-bundle?utm_source=display&utm_medium=programmatic&utm_campaign=performance&utm_content=rtg,"The STEFFI BLACK LEATHER features a graceful round‑toe silhouette with an elegant bow detail that channels ballet‑inspired sophistication. This refined heel offers a polished, feminine finish that makes it a versatile choice for elevating everyday looks or dressing up special occasions. The rounded toe provides comfort and a flattering line, while the heel offers just the right lift for all‑day wearability. 1.25 inch heel height Leather and textile upper material Textile lining Vegan leather sock Synthetic sole Imported The VEXA BAG BLACK is a versatile shoulder bag featuring a secure top zipper and convenient front clip closure. Removable bag charms let you personalize your look and switch up your style whenever you want. Shoulder bag Top zipper closure Removable bag charms Fits daily essentials, including a phone, small wallet, keys, small headphones, and compact makeup Shoulder strap: 10 inches 6in H x 11in W x 2in D Synthetic materials Duster bag included Imported Steve Madden STEFFI HEEL & VEXA BAG BUNDLE | Steve Madden Women's Steffi Heel & Vexa Bag Bundle","The STEFFI BLACK LEATHER features a graceful round‑toe silhouette with an elegant bow detail that channels ballet‑inspired sophistication. This refined heel offers a polished, feminine finish that makes it a versatile choice for elevating everyday looks or dressing up special occasions. The rounded toe provides comfort and a flattering line, while the heel offers just the right lift for all‑day wearability. 1.25 inch heel height Leather and textile upper material Textile lining Vegan leather sock Synthetic sole Imported The VEXA BAG BLACK is a versatile shoulder bag featuring a secure top zipper and convenient front clip closure. Removable bag charms let you personalize your look and switch up your style whenever you want. Shoulder bag Top zipper closure Removable bag charms Fits daily essentials, including a phone, small wallet, keys, small headphones, and compact makeup Shoulder strap: 10 inches 6in H x 11in W x 2in D Synthetic materials Duster bag included Imported Steve Madden STEFFI HEEL & VEXA BAG BUNDLE | Steve Madden Women's Steffi Heel & Vexa Bag Bundle",183.95,183.95,https://cdn.shopify.com/s/files/1/2170/8465/files/SM_2026_FALL_03_DTC_STEFFI_SC09663_SC01475_SC17360_191_ORIGINAL_82c3a2c3-4604-4c48-b554-bbe50037dced.jpg,Women's Shoes > Heels,Women's Shoes > Heels,22/09/2026,,FALSE,41817166741637,,IN STOCK,,"10, 11, 12, 5, 5.5, 6, 6.5, 7, 7.5, 8, 8.5, 9, 9.5",Black,,,245,TRUE,TRUE,FALSE
Steve Madden,7156131692677,7156131692677,7156131692677,Steve Madden Women's Elegant Pointed Toe Heels - Brown - Size 8 - Synthetic,https://www.stevemadden.com/products/elegant-brown?utm_source=display&utm_medium=programmatic&utm_campaign=performance&utm_content=rtg,"Elevate your style with these ELEGANT BROWN pumps, featuring a pointed toe and a sleek stiletto heel that adds sophisticated height. The ruched detailing enhances the silhouette, creating a refined look perfect for formal events or professional settings. Designed for both allure and confidence, this shoe brings expert craftsmanship and timeless design to your wardrobe. 4.25 inch heel height Textile upper material Synthetic lining Synthetic sock Synthetic sole Imported Steve Madden ELEGANT BROWN | 8 | Steve Madden Women's Elegant Pointed Toe Heels - Brown - Size 8 - Synthetic","Elevate your style with these ELEGANT BROWN pumps, featuring a pointed toe and a sleek stiletto heel that adds sophisticated height. The ruched detailing enhances the silhouette, creating a refined look perfect for formal events or professional settings. Designed for both allure and confidence, this shoe brings expert craftsmanship and timeless design to your wardrobe. 4.25 inch heel height Textile upper material Synthetic lining Synthetic sock Synthetic sole Imported Steve Madden ELEGANT BROWN | 8 | Steve Madden Women's Elegant Pointed Toe Heels - Brown - Size 8 - Synthetic",129.95,129.95,https://cdn.shopify.com/s/files/1/2170/8465/files/STEVEMADDEN_SHOES_ELEGANT_BROWN.jpg,Women's Shoes > Heels,Women's Shoes > Heels,22/09/2026,,FALSE,41227881775237,,IN STOCK,,"8, 8.5",Brown,,,256,TRUE,TRUE,FALSE
Steve Madden,7156131758213,7156131758213,7156131758213,Steve Madden Women's Elegant Pointed Toe Heels - Black - Size 9 - Synthetic,https://www.stevemadden.com/products/elegant-black?utm_source=display&utm_medium=programmatic&utm_campaign=performance&utm_content=rtg,"Elevate your style with these ELEGANT BLACK pumps, featuring a pointed toe and a sleek stiletto heel that adds sophisticated height. The ruched detailing enhances the silhouette, creating a refined look perfect for formal events or professional settings. Designed for both allure and confidence, this shoe brings expert craftsmanship and timeless design to your wardrobe. 4.25 inch heel height Textile upper material Synthetic lining Synthetic sock Synthetic sole Imported Steve Madden ELEGANT BLACK | 9 | Steve Madden Women's Elegant Pointed Toe Heels - Black - Size 9 - Synthetic","Elevate your style with these ELEGANT BLACK pumps, featuring a pointed toe and a sleek stiletto heel that adds sophisticated height. The ruched detailing enhances the silhouette, creating a refined look perfect for formal events or professional settings. Designed for both allure and confidence, this shoe brings expert craftsmanship and timeless design to your wardrobe. 4.25 inch heel height Textile upper material Synthetic lining Synthetic sock Synthetic sole Imported Steve Madden ELEGANT BLACK | 9 | Steve Madden Women's Elegant Pointed Toe Heels - Black - Size 9 - Synthetic",29.99,129.95,https://cdn.shopify.com/s/files/1/2170/8465/files/STEVEMADDEN_SHOES_ELEGANT_BLACK.jpg,Women's Shoes > Heels,Women's Shoes > Heels,22/09/2026,,FALSE,41227882496133,,IN STOCK,,9,Black,,,257,TRUE,TRUE,TRUE
Steve Madden,7158389604485,7158389604485,7158389604485,Steve Madden Women's Liandra Block Heels - Silver - Size 8.5 - Synthetic,https://www.stevemadden.com/products/liandra-silver?utm_source=display&utm_medium=programmatic&utm_campaign=performance&utm_content=rtg,"The LIANDRA is a stylish and versatile shoe with a platform block heel and square-toe design. With its elevated heel, it provides stability and comfort, making it perfect for all-day wear. Elevate any outfit with this modern twist on a classic style. 4.75 inch heel height 1.25 inch platform Synthetic upper material Synthetic lining Synthetic sock Synthetic sole Imported Steve Madden LIANDRA SILVER | 8.5 | Steve Madden Women's Liandra Block Heels - Silver - Size 8.5 - Synthetic","The LIANDRA is a stylish and versatile shoe with a platform block heel and square-toe design. With its elevated heel, it provides stability and comfort, making it perfect for all-day wear. Elevate any outfit with this modern twist on a classic style. 4.75 inch heel height 1.25 inch platform Synthetic upper material Synthetic lining Synthetic sock Synthetic sole Imported Steve Madden LIANDRA SILVER | 8.5 | Steve Madden Women's Liandra Block Heels - Silver - Size 8.5 - Synthetic",69.99,119.95,https://cdn.shopify.com/s/files/1/2170/8465/files/STEVEMADDEN_SHOES_LIANDRA_SILVER_01.jpg,Women's Shoes > Heels,Women's Shoes > Heels,22/09/2026,,FALSE,41235295010949,,IN STOCK,,"10, 11, 5.5, 6, 6.5, 7, 7.5, 8, 8.5, 9.5",Silver,,,263,TRUE,TRUE,TRUE
Steve Madden,7158389637253,7158389637253,7158389637253,Steve Madden Women's Liandra Block Heels - Black - Size 10 - Synthetic,https://www.stevemadden.com/products/liandra-black-patent?utm_source=display&utm_medium=programmatic&utm_campaign=performance&utm_content=rtg,"The LIANDRA BLACK PATENT is a stylish and versatile shoe with a platform block heel and square-toe design. With its elevated heel, it provides stability and comfort, making it perfect for all-day wear. Elevate any outfit with this modern twist on a classic style. 4.75 inch heel height 1.25 inch platform Synthetic upper material Synthetic lining Synthetic sock Synthetic sole Imported Steve Madden LIANDRA BLACK PATENT | 10 | Steve Madden Women's Liandra Block Heels - Black - Size 10 - Synthetic","The LIANDRA BLACK PATENT is a stylish and versatile shoe with a platform block heel and square-toe design. With its elevated heel, it provides stability and comfort, making it perfect for all-day wear. Elevate any outfit with this modern twist on a classic style. 4.75 inch heel height 1.25 inch platform Synthetic upper material Synthetic lining Synthetic sock Synthetic sole Imported Steve Madden LIANDRA BLACK PATENT | 10 | Steve Madden Women's Liandra Block Heels - Black - Size 10 - Synthetic",119.95,119.95,https://cdn.shopify.com/s/files/1/2170/8465/files/STEVEMADDEN_SHOES_LIANDRA_BLACK-PATENT_6d799093-ff41-437f-8179-bb71aab23ded.jpg,Women's Shoes > Heels,Women's Shoes > Heels,22/09/2026,,FALSE,41235295436933,,IN STOCK,,"10, 11, 5, 5.5, 6, 6.5, 7, 7.5, 8, 8.5, 9, 9.5",Black,,,264,TRUE,TRUE,FALSE
Steve Madden,7159928094853,7159928094853,7159928094853,Steve Madden Women's Jezzica Platform Heels - Black - Size 9 - Synthetic,https://www.stevemadden.com/products/jezzica-black-patent?utm_source=display&utm_medium=programmatic&utm_campaign=performance&utm_content=rtg,"The JEZZICA BLACK PATENT combines a striking stiletto heel with a secure ankle strap for refined elegance and stability. This platform heel creates a polished, statement-making look. Perfect for occasions demanding sophisticated style and confident presence. 6 inch heel height 2 inch platform Synthetic upper material Synthetic lining Synthetic sock Synthetic sole Imported Steve Madden JEZZICA BLACK PATENT | 9 | Steve Madden Women's Jezzica Platform Heels - Black - Size 9 - Synthetic","The JEZZICA BLACK PATENT combines a striking stiletto heel with a secure ankle strap for refined elegance and stability. This platform heel creates a polished, statement-making look. Perfect for occasions demanding sophisticated style and confident presence. 6 inch heel height 2 inch platform Synthetic upper material Synthetic lining Synthetic sock Synthetic sole Imported Steve Madden JEZZICA BLACK PATENT | 9 | Steve Madden Women's Jezzica Platform Heels - Black - Size 9 - Synthetic",139.95,139.95,https://cdn.shopify.com/s/files/1/2170/8465/files/STEVEMADDEN_SHOES_JEZZICA_BLACK-PATENT01.jpg,Women's Shoes > Heels,Women's Shoes > Heels,22/09/2026,,FALSE,41239511269509,,IN STOCK,,"10, 11, 5, 5.5, 6, 6.5, 7, 7.5, 8, 8.5, 9, 9.5",Black,,,266,TRUE,TRUE,FALSE
Steve Madden,7159928258693,7159928258693,7159928258693,Steve Madden Women's Bri Mesh Pointed Toe Heels - Blush - Size 9.5,https://www.stevemadden.com/products/bri-mesh-blush?utm_source=display&utm_medium=programmatic&utm_campaign=performance&utm_content=rtg,"A grosgrain ribbon wraps around the slingback strap of the BRI MESH BLUSH point toe stiletto pump and finishes with a bow accenting the side of the shoe. Point toe stiletto slingback pump Slip-on style with slingback strap Accent bow at side 4 inch heel height Textile upper material Synthetic lining Synthetic sock Synthetic sole Fit tip: If you are in between sizes, size up a half-size Imported Steve Madden BRI MESH BLUSH | 9.5 | Steve Madden Women's Bri Mesh Pointed Toe Heels - Blush - Size 9.5","A grosgrain ribbon wraps around the slingback strap of the BRI MESH BLUSH point toe stiletto pump and finishes with a bow accenting the side of the shoe. Point toe stiletto slingback pump Slip-on style with slingback strap Accent bow at side 4 inch heel height Textile upper material Synthetic lining Synthetic sock Synthetic sole Fit tip: If you are in between sizes, size up a half-size Imported Steve Madden BRI MESH BLUSH | 9.5 | Steve Madden Women's Bri Mesh Pointed Toe Heels - Blush - Size 9.5",59.99,129.95,https://cdn.shopify.com/s/files/1/2170/8465/files/STEVEMADDEN_SHOES_BRI-M_BLUSH01_39e7aeb1-4050-4a79-a5cb-fbe65e6c6c98.jpg,Women's Shoes > Heels,Women's Shoes > Heels,22/09/2026,,FALSE,41239513301125,,IN STOCK,,"10, 11, 6, 6.5, 7, 7.5, 8, 8.5, 9, 9.5",Blush,,,268,TRUE,TRUE,TRUE
Steve Madden,7160086626437,7160086626437,7160086626437,Steve Madden Women's Whistle Block Heels - Clear - Size 9 - PVC,https://www.stevemadden.com/products/whistle-clear?utm_source=display&utm_medium=programmatic&utm_campaign=performance&utm_content=rtg,"The WHISTLE CLEAR features a modern square-toe design paired with a sturdy block heel for balanced support and style. Its secure ankle strap ensures a comfortable fit, enhancing stability for all-day wear. Perfectly blending contemporary aesthetics with functional comfort, this shoe is a refined choice for versatile occasions. 4 inch heel height PVC upper material Unlined Synthetic sock Synthetic sole Imported Steve Madden WHISTLE CLEAR | 9 | Steve Madden Women's Whistle Block Heels - Clear - Size 9 - PVC","The WHISTLE CLEAR features a modern square-toe design paired with a sturdy block heel for balanced support and style. Its secure ankle strap ensures a comfortable fit, enhancing stability for all-day wear. Perfectly blending contemporary aesthetics with functional comfort, this shoe is a refined choice for versatile occasions. 4 inch heel height PVC upper material Unlined Synthetic sock Synthetic sole Imported Steve Madden WHISTLE CLEAR | 9 | Steve Madden Women's Whistle Block Heels - Clear - Size 9 - PVC",69.99,99.95,https://cdn.shopify.com/s/files/1/2170/8465/files/STEVEMADDEN_SHOES_WHISTLE_CLEAR.jpg,Women's Shoes > Heels,Women's Shoes > Heels,22/09/2026,,FALSE,41240203526277,,IN STOCK,,9,Clear,,,272,TRUE,TRUE,TRUE
Steve Madden,7163849539717,7163849539717,7163849539717,Steve Madden Women's Santi Mule Heels - Clear - Size 5.5 - PVC,https://www.stevemadden.com/products/santi-clear?utm_source=display&utm_medium=programmatic&utm_campaign=performance&utm_content=rtg,"The SANTI CLEAR combines modern sophistication with timeless elegance in a pointed-toe mule heel design. Its sleek silhouette elongates the leg, while the unique upper adds a contemporary, barely-there look ideal for versatile styling. Crafted for both comfort and confident wear, this heel seamlessly transitions from day to evening, offering an expert-level choice for refined wardrobes. 3.5 inch heel height PVC upper material Unlined Synthetic sock Synthetic sole Imported Steve Madden SANTI CLEAR | 5.5 | Steve Madden Women's Santi Mule Heels - Clear - Size 5.5 - PVC","The SANTI CLEAR combines modern sophistication with timeless elegance in a pointed-toe mule heel design. Its sleek silhouette elongates the leg, while the unique upper adds a contemporary, barely-there look ideal for versatile styling. Crafted for both comfort and confident wear, this heel seamlessly transitions from day to evening, offering an expert-level choice for refined wardrobes. 3.5 inch heel height PVC upper material Unlined Synthetic sock Synthetic sole Imported Steve Madden SANTI CLEAR | 5.5 | Steve Madden Women's Santi Mule Heels - Clear - Size 5.5 - PVC",76.97,109.95,https://cdn.shopify.com/s/files/1/2170/8465/files/STEVEMADDEN_SHOES_SANTI_CLEAR_01.jpg,Women's Shoes > Heels,Women's Shoes > Heels,22/09/2026,,FALSE,41250566406277,,IN STOCK,,"10, 11, 5, 5.5, 6, 6.5, 7, 7.5, 8, 8.5, 9, 9.5",Clear,,,275,TRUE,TRUE,TRUE
Steve Madden,7166521049221,7166521049221,7166521049221,Steve Madden Women's Elusive Pointed Toe Heels - Black Satin - Size 9.5,https://www.stevemadden.com/products/elusive-black-satin?utm_source=display&utm_medium=programmatic&utm_campaign=performance&utm_content=rtg,"Elevate your style with the ELUSIVE BLACK SATIN pump, featuring a sleek pointed-toe silhouette paired with a slender stiletto heel for timeless sophistication. The delicate feather ankle strap adds a unique, refined touch that enhances both elegance and comfort, making this shoe an exquisite choice for occasions that demand a standout accessory. Crafted to combine grace and modern flair, it’s perfect for those seeking a statement piece that complements any chic ensemble. 4.25 inch heel height Textile upper material with feathers Synthetic lining Synthetic sock Synthetic sole Imported Steve Madden ELUSIVE BLACK SATIN | 9.5 | Steve Madden Women's Elusive Pointed Toe Heels - Black Satin - Size 9.5","Elevate your style with the ELUSIVE BLACK SATIN pump, featuring a sleek pointed-toe silhouette paired with a slender stiletto heel for timeless sophistication. The delicate feather ankle strap adds a unique, refined touch that enhances both elegance and comfort, making this shoe an exquisite choice for occasions that demand a standout accessory. Crafted to combine grace and modern flair, it’s perfect for those seeking a statement piece that complements any chic ensemble. 4.25 inch heel height Textile upper material with feathers Synthetic lining Synthetic sock Synthetic sole Imported Steve Madden ELUSIVE BLACK SATIN | 9.5 | Steve Madden Women's Elusive Pointed Toe Heels - Black Satin - Size 9.5",69.99,129.95,https://cdn.shopify.com/s/files/1/2170/8465/files/STEVEMADDEN_SHOES_ELUSIVE_BLACK-SATIN.jpg,Women's Shoes > Heels,Women's Shoes > Heels,22/09/2026,,FALSE,41257518891141,,IN STOCK,,"8, 9.5",Black Satin,,,276,TRUE,TRUE,TRUE
Steve Madden,7166521081989,7166521081989,7166521081989,Steve Madden Women's Elusive Pointed Toe Heels - Olive Satin - Size 8,https://www.stevemadden.com/products/elusive-olive-satin?utm_source=display&utm_medium=programmatic&utm_campaign=performance&utm_content=rtg,"Elevate your style with the ELUSIVE OLIVE SATIN pump, featuring a sleek pointed-toe silhouette paired with a slender stiletto heel for timeless sophistication. The delicate feather ankle strap adds a unique, refined touch that enhances both elegance and comfort, making this shoe an exquisite choice for occasions that demand a standout accessory. Crafted to combine grace and modern flair, it’s perfect for those seeking a statement piece that complements any chic ensemble. 4.25 inch heel height Textile upper material with feathers Synthetic lining Synthetic sock Synthetic sole Imported Steve Madden ELUSIVE OLIVE SATIN | 8 | Steve Madden Women's Elusive Pointed Toe Heels - Olive Satin - Size 8","Elevate your style with the ELUSIVE OLIVE SATIN pump, featuring a sleek pointed-toe silhouette paired with a slender stiletto heel for timeless sophistication. The delicate feather ankle strap adds a unique, refined touch that enhances both elegance and comfort, making this shoe an exquisite choice for occasions that demand a standout accessory. Crafted to combine grace and modern flair, it’s perfect for those seeking a statement piece that complements any chic ensemble. 4.25 inch heel height Textile upper material with feathers Synthetic lining Synthetic sock Synthetic sole Imported Steve Madden ELUSIVE OLIVE SATIN | 8 | Steve Madden Women's Elusive Pointed Toe Heels - Olive Satin - Size 8",39.99,129.95,https://cdn.shopify.com/s/files/1/2170/8465/files/STEVEMADDEN_SHOES_ELUSIVE_OLIVE-SATING_01.jpg,Women's Shoes > Heels,Women's Shoes > Heels,22/09/2026,,FALSE,41257519349893,,IN STOCK,,"6.5, 7.5, 8",Olive Satin,,,277,TRUE,TRUE,TRUE
Steve Madden,7167773573253,7167773573253,7167773573253,Steve Madden Women's Peyton Block Heels - Silver - Size 8.5 - Leather,https://www.stevemadden.com/products/peyton-silver-leather?utm_source=display&utm_medium=programmatic&utm_campaign=performance&utm_content=rtg,"Elevate your style with PEYTON, featuring a sophisticated platform silhouette with a sturdy block heel for all-day stability. The distinctive toe cap design adds architectural interest, while the secure ankle strap ensures a confident fit. This versatile heel combines fashion-forward design with practical wearability for any occasion. 5 inch heel height 1.25 inch platform Leather and textile upper material Synthetic lining Synthetic sock Synthetic sole Imported Steve Madden PEYTON SILVER LEATHER | 8.5 | Steve Madden Women's Peyton Block Heels - Silver - Size 8.5 - Leather","Elevate your style with PEYTON, featuring a sophisticated platform silhouette with a sturdy block heel for all-day stability. The distinctive toe cap design adds architectural interest, while the secure ankle strap ensures a confident fit. This versatile heel combines fashion-forward design with practical wearability for any occasion. 5 inch heel height 1.25 inch platform Leather and textile upper material Synthetic lining Synthetic sock Synthetic sole Imported Steve Madden PEYTON SILVER LEATHER | 8.5 | Steve Madden Women's Peyton Block Heels - Silver - Size 8.5 - Leather",39.99,129.95,https://cdn.shopify.com/s/files/1/2170/8465/files/STEVEMADDEN_SHOES_PEYTON_SILVER-LEATHER_01.jpg,Women's Shoes > Heels,Women's Shoes > Heels,22/09/2026,,FALSE,41261965705349,,IN STOCK,,"8.5, 9.5",Silver,,,281,TRUE,TRUE,TRUE
Steve Madden,7169094090885,7169094090885,7169094090885,Steve Madden Women's Tracie Thong Heels - Black - Size 8.5 - Leather,https://www.stevemadden.com/products/tracie-black-leather?utm_source=display&utm_medium=programmatic&utm_campaign=performance&utm_content=rtg,"The TRACIE BLACK LEATHER is a sleek and stylish choice for any formal occasion. This heel features a comfortable kitten heel, a chic thong strap design, and a classic square toe. With a touch of exotic texture, these shoes add a unique element to your outfit while providing comfort and sophistication. 2 inch heel height Leather upper material Synthetic lining Synthetic sock Synthetic sole Imported Steve Madden TRACIE BLACK LEATHER | 8.5 | Steve Madden Women's Tracie Thong Heels - Black - Size 8.5 - Leather","The TRACIE BLACK LEATHER is a sleek and stylish choice for any formal occasion. This heel features a comfortable kitten heel, a chic thong strap design, and a classic square toe. With a touch of exotic texture, these shoes add a unique element to your outfit while providing comfort and sophistication. 2 inch heel height Leather upper material Synthetic lining Synthetic sock Synthetic sole Imported Steve Madden TRACIE BLACK LEATHER | 8.5 | Steve Madden Women's Tracie Thong Heels - Black - Size 8.5 - Leather",99.95,99.95,https://cdn.shopify.com/s/files/1/2170/8465/files/STEVEMADDEN_SHOES_TRACIE_BLACK-LEATHER_01.jpg,Women's Shoes > Heels,Women's Shoes > Heels,22/09/2026,,FALSE,41264586293381,,IN STOCK,,"10, 11, 5, 5.5, 6, 6.5, 7, 7.5, 8, 8.5, 9, 9.5",Black,,,282,TRUE,TRUE,FALSE
Steve Madden,7183296462981,7183296462981,7183296462981,Steve Madden Women's Mural Block Heels - Butter Yellow - Size 6 - Synthetic,https://www.stevemadden.com/products/mural-butter-yellow?utm_source=display&utm_medium=programmatic&utm_campaign=performance&utm_content=rtg,"The MURAL BUTTER YELLOW combines timeless Mary Jane styling with contemporary design. This square-toe silhouette features a sturdy block heel that delivers all-day comfort and stability, while the classic Mary Jane strap adds a refined touch. Crafted with premium materials, this heel transitions seamlessly from professional settings to weekend outings. 1.5 inch heel height Textile upper material Unlined Synthetic sock Synthetic sole Imported Steve Madden MURAL BUTTER YELLOW | 6 | Steve Madden Women's Mural Block Heels - Butter Yellow - Size 6 - Synthetic","The MURAL BUTTER YELLOW combines timeless Mary Jane styling with contemporary design. This square-toe silhouette features a sturdy block heel that delivers all-day comfort and stability, while the classic Mary Jane strap adds a refined touch. Crafted with premium materials, this heel transitions seamlessly from professional settings to weekend outings. 1.5 inch heel height Textile upper material Unlined Synthetic sock Synthetic sole Imported Steve Madden MURAL BUTTER YELLOW | 6 | Steve Madden Women's Mural Block Heels - Butter Yellow - Size 6 - Synthetic",49.99,89.95,https://cdn.shopify.com/s/files/1/2170/8465/files/STEVEMADDEN_SHOES_MURAL_BUTTER-YELLOW_01.jpg,Women's Shoes > Heels,Women's Shoes > Heels,22/09/2026,,FALSE,41314360164485,,IN STOCK,,"10, 6, 6.5, 7, 7.5, 8, 8.5, 9, 9.5",Butter Yellow,,,289,TRUE,TRUE,TRUE
Steve Madden,7183296495749,7183296495749,7183296495749,Steve Madden Women's Mural Block Heels - Red - Size 6 - Synthetic,https://www.stevemadden.com/products/mural-red?utm_source=display&utm_medium=programmatic&utm_campaign=performance&utm_content=rtg,"The MURAL RED combines timeless Mary Jane styling with contemporary design. This square-toe silhouette features a sturdy block heel that delivers all-day comfort and stability, while the classic Mary Jane strap adds a refined touch. Crafted with premium materials, this heel transitions seamlessly from professional settings to weekend outings. 1.5 inch heel height Textile upper material Unlined Synthetic sock Synthetic sole Imported Steve Madden MURAL RED | 6 | Steve Madden Women's Mural Block Heels - Red - Size 6 - Synthetic","The MURAL RED combines timeless Mary Jane styling with contemporary design. This square-toe silhouette features a sturdy block heel that delivers all-day comfort and stability, while the classic Mary Jane strap adds a refined touch. Crafted with premium materials, this heel transitions seamlessly from professional settings to weekend outings. 1.5 inch heel height Textile upper material Unlined Synthetic sock Synthetic sole Imported Steve Madden MURAL RED | 6 | Steve Madden Women's Mural Block Heels - Red - Size 6 - Synthetic",49.99,89.95,https://cdn.shopify.com/s/files/1/2170/8465/files/STEVEMADDEN_SHOES_MURAL_RED_01.jpg,Women's Shoes > Heels,Women's Shoes > Heels,22/09/2026,,FALSE,41314360590469,,IN STOCK,,"10, 11, 6, 6.5, 7, 7.5, 8, 8.5, 9, 9.5",Red,,,290,TRUE,TRUE,TRUE
Steve Madden,7183297478789,7183297478789,7183297478789,Steve Madden Women's Klutzy Ballet Heels - Red - Size 7.5 - Leather,https://www.stevemadden.com/products/klutzy-red-patent?utm_source=display&utm_medium=programmatic&utm_campaign=performance&utm_content=rtg,"The KLUTZY RED PATENT ballet wedge combines timeless elegance with practical comfort, featuring a sleek finish and refined round toe silhouette. A delicate bow detail at the vamp adds a touch of sophistication, making this style versatile for both professional and casual settings. The wedge heel provides stable, all-day wearability without sacrificing the graceful aesthetic of a classic ballet-inspired design. 1.5 inch heel height Leather upper material Unlined Synthetic sock Synthetic sole Imported Steve Madden KLUTZY RED PATENT | 7.5 | Steve Madden Women's Klutzy Ballet Heels - Red - Size 7.5 - Leather","The KLUTZY RED PATENT ballet wedge combines timeless elegance with practical comfort, featuring a sleek finish and refined round toe silhouette. A delicate bow detail at the vamp adds a touch of sophistication, making this style versatile for both professional and casual settings. The wedge heel provides stable, all-day wearability without sacrificing the graceful aesthetic of a classic ballet-inspired design. 1.5 inch heel height Leather upper material Unlined Synthetic sock Synthetic sole Imported Steve Madden KLUTZY RED PATENT | 7.5 | Steve Madden Women's Klutzy Ballet Heels - Red - Size 7.5 - Leather",79.99,109.95,https://cdn.shopify.com/s/files/1/2170/8465/files/STEVEMADDEN_SHOES_KLUTZY_RED-PATENT-LEATHER01.jpg,Women's Shoes > Heels,Women's Shoes > Heels,22/09/2026,,FALSE,41314371436677,,IN STOCK,,"10, 7.5, 8, 8.5, 9, 9.5",Red,,,294,TRUE,TRUE,TRUE
Steve Madden,7183297511557,7183297511557,7183297511557,Steve Madden Women's Klutzy Ballet Heels - Black - Size 10 - Leather,https://www.stevemadden.com/products/klutzy-black-patent?utm_source=display&utm_medium=programmatic&utm_campaign=performance&utm_content=rtg,"The KLUTZY BLACK PATENT ballet wedge combines timeless elegance with practical comfort, featuring a sleek finish and refined round toe silhouette. A delicate bow detail at the vamp adds a touch of sophistication, making this style versatile for both professional and casual settings. The wedge heel provides stable, all-day wearability without sacrificing the graceful aesthetic of a classic ballet-inspired design. 1.5 inch heel height Leather upper material Unlined Synthetic sock Synthetic sole Imported Steve Madden KLUTZY BLACK PATENT | 10 | Steve Madden Women's Klutzy Ballet Heels - Black - Size 10 - Leather","The KLUTZY BLACK PATENT ballet wedge combines timeless elegance with practical comfort, featuring a sleek finish and refined round toe silhouette. A delicate bow detail at the vamp adds a touch of sophistication, making this style versatile for both professional and casual settings. The wedge heel provides stable, all-day wearability without sacrificing the graceful aesthetic of a classic ballet-inspired design. 1.5 inch heel height Leather upper material Unlined Synthetic sock Synthetic sole Imported Steve Madden KLUTZY BLACK PATENT | 10 | Steve Madden Women's Klutzy Ballet Heels - Black - Size 10 - Leather",79.99,109.95,https://cdn.shopify.com/s/files/1/2170/8465/files/STEVEMADDEN_SHOES_KLUTZY_BLACK-PATENT-LEATHER01.jpg,Women's Shoes > Heels,Women's Shoes > Heels,22/09/2026,,FALSE,41314372026501,,IN STOCK,,10,Black,,,295,TRUE,TRUE,TRUE
Steve Madden,7183782379653,7183782379653,7183782379653,Steve Madden Women's Liandra Embellished Block Heels - White Mesh - Size 9,https://www.stevemadden.com/products/liandra-embellished-white-mesh?utm_source=display&utm_medium=programmatic&utm_campaign=performance&utm_content=rtg,"The LIANDRA EMBELLISHED WHITE MESH is a stylish and versatile shoe with a platform block heel and square-toe design. With its elevated heel, it provides stability and comfort, making it perfect for all-day wear. Elevate any outfit with this modern twist on a classic style. 4.75 inch heel height 1.25 inch platform Textile and synthetic upper material Synthetic lining Synthetic sock Synthetic sole Imported Steve Madden LIANDRA EMBELLISHED WHITE MESH | 9 | Steve Madden Women's Liandra Embellished Block Heels - White Mesh - Size 9","The LIANDRA EMBELLISHED WHITE MESH is a stylish and versatile shoe with a platform block heel and square-toe design. With its elevated heel, it provides stability and comfort, making it perfect for all-day wear. Elevate any outfit with this modern twist on a classic style. 4.75 inch heel height 1.25 inch platform Textile and synthetic upper material Synthetic lining Synthetic sock Synthetic sole Imported Steve Madden LIANDRA EMBELLISHED WHITE MESH | 9 | Steve Madden Women's Liandra Embellished Block Heels - White Mesh - Size 9",99.99,139.95,https://cdn.shopify.com/s/files/1/2170/8465/files/STEVEMADDEN_SHOES_LIANDRA-EMB_WHITE-MESH.jpg,Women's Shoes > Heels,Women's Shoes > Heels,22/09/2026,,FALSE,41316074520709,,IN STOCK,,"10, 11, 9, 9.5",White Mesh,,,298,TRUE,TRUE,TRUE
Steve Madden,7184682942597,7184682942597,7184682942597,Steve Madden Women's Solena Lace-Up Heels - Gold - Size 5 - Synthetic,https://www.stevemadden.com/products/solena-gold?utm_source=display&utm_medium=programmatic&utm_campaign=performance&utm_content=rtg,"The SOLENA GOLD is a strappy heel featuring a sculptured silhouette and architectural square toe. The leg-tie design creates an elegant, adjustable fit that flatters the ankle while offering customizable styling versatility. The refined heel structure provides confident support and a polished aesthetic suitable for elevated occasions and contemporary wardrobes. 4.25 inch heel height Synthetic upper material Synthetic lining Synthetic sock Synthetic sole Imported Steve Madden SOLENA GOLD | 5 | Steve Madden Women's Solena Lace-Up Heels - Gold - Size 5 - Synthetic","The SOLENA GOLD is a strappy heel featuring a sculptured silhouette and architectural square toe. The leg-tie design creates an elegant, adjustable fit that flatters the ankle while offering customizable styling versatility. The refined heel structure provides confident support and a polished aesthetic suitable for elevated occasions and contemporary wardrobes. 4.25 inch heel height Synthetic upper material Synthetic lining Synthetic sock Synthetic sole Imported Steve Madden SOLENA GOLD | 5 | Steve Madden Women's Solena Lace-Up Heels - Gold - Size 5 - Synthetic",119.99,139.95,https://cdn.shopify.com/s/files/1/2170/8465/files/STEVEMADDEN_SHOES_SOLENA_GOLD01.jpg,Women's Shoes > Heels,Women's Shoes > Heels,22/09/2026,,FALSE,41318405439621,,IN STOCK,,"10, 5, 5.5, 6, 6.5, 7, 7.5, 8, 8.5, 9, 9.5",Gold,,,302,TRUE,TRUE,TRUE
Steve Madden,7184683008133,7184683008133,7184683008133,Steve Madden Women's Edna Strappy Heels - Natural Raffia - Size 6 - Synthetic,https://www.stevemadden.com/products/edna-natural-raffia?utm_source=display&utm_medium=programmatic&utm_campaign=performance&utm_content=rtg,"The EDNA NATURAL RAFFIA is a stylish shoe that features a mule heel, strappy design, and rounded toe. Its elegant design and comfortable fit make it perfect for any occasion, while its high-quality materials ensure durability and long-lasting wear. Elevate your wardrobe with this must-have shoe. 3 inch heel height Raffia upper material Synthetic lining Synthetic sock Synthetic sole Imported Steve Madden EDNA NATURAL RAFFIA | 6 | Steve Madden Women's Edna Strappy Heels - Natural Raffia - Size 6 - Synthetic","The EDNA NATURAL RAFFIA is a stylish shoe that features a mule heel, strappy design, and rounded toe. Its elegant design and comfortable fit make it perfect for any occasion, while its high-quality materials ensure durability and long-lasting wear. Elevate your wardrobe with this must-have shoe. 3 inch heel height Raffia upper material Synthetic lining Synthetic sock Synthetic sole Imported Steve Madden EDNA NATURAL RAFFIA | 6 | Steve Madden Women's Edna Strappy Heels - Natural Raffia - Size 6 - Synthetic",79.95,79.95,https://cdn.shopify.com/s/files/1/2170/8465/files/STEVEMADDEN_SHOES_EDNA-RAF_NATURAL-RAFFIA_01.jpg,Women's Shoes > Heels,Women's Shoes > Heels,22/09/2026,,FALSE,41318406357125,,IN STOCK,,"10, 11, 6, 6.5, 7, 7.5, 8, 9, 9.5",Natural Raffia,,,304,TRUE,TRUE,FALSE
Steve Madden,7184683073669,7184683073669,7184683073669,Steve Madden Women's Eras Strappy Heels - White - Size 9 - Leather,https://www.stevemadden.com/products/eras-white-leather?utm_source=display&utm_medium=programmatic&utm_campaign=performance&utm_content=rtg,"Expertly crafted for both style and comfort, the ERAS WHITE LEATHER stiletto heel combines elegant design with a secure ankle strap and a classic round-toe shape. This must-have shoe provides stability and sophistication, making it the perfect addition to any outfit. 3.25 inch heel height Leather upper material Synthetic lining Synthetic sock Synthetic sole Imported Steve Madden ERAS WHITE LEATHER | 9 | Steve Madden Women's Eras Strappy Heels - White - Size 9 - Leather","Expertly crafted for both style and comfort, the ERAS WHITE LEATHER stiletto heel combines elegant design with a secure ankle strap and a classic round-toe shape. This must-have shoe provides stability and sophistication, making it the perfect addition to any outfit. 3.25 inch heel height Leather upper material Synthetic lining Synthetic sock Synthetic sole Imported Steve Madden ERAS WHITE LEATHER | 9 | Steve Madden Women's Eras Strappy Heels - White - Size 9 - Leather",49.99,109.95,https://cdn.shopify.com/s/files/1/2170/8465/files/STEVEMADDEN_SHOES_ERAS_WHITE-LEATHER_01.jpg,Women's Shoes > Heels,Women's Shoes > Heels,22/09/2026,,FALSE,41318407733381,,IN STOCK,,"10, 11, 9",White,,,305,TRUE,TRUE,TRUE
Steve Madden,7184810475653,7184810475653,7184810475653,Steve Madden Women's Kendrix Mule Heels - Pink Print - Size 6 - Synthetic,https://www.stevemadden.com/products/kendrix-pink-print?utm_source=display&utm_medium=programmatic&utm_campaign=performance&utm_content=rtg,"Crafted from luxurious materials, the KENDRIX PINK PRINT mule heel features a rounded-toe design for added comfort and elegance. Perfect for any occasion, these heels effortlessly elevate any outfit with a touch of sophistication. 3 inch heel height Textile upper material Synthetic lining Synthetic sock Synthetic sole Imported Steve Madden KENDRIX PINK PRINT | 6 | Steve Madden Women's Kendrix Mule Heels - Pink Print - Size 6 - Synthetic","Crafted from luxurious materials, the KENDRIX PINK PRINT mule heel features a rounded-toe design for added comfort and elegance. Perfect for any occasion, these heels effortlessly elevate any outfit with a touch of sophistication. 3 inch heel height Textile upper material Synthetic lining Synthetic sock Synthetic sole Imported Steve Madden KENDRIX PINK PRINT | 6 | Steve Madden Women's Kendrix Mule Heels - Pink Print - Size 6 - Synthetic",59.99,109.95,https://cdn.shopify.com/s/files/1/2170/8465/files/STEVEMADDEN_SHOES_KENDRIX_PINK-PRINT_01_1626c305-c627-4754-a970-77a76220406b.jpg,Women's Shoes > Heels,Women's Shoes > Heels,22/09/2026,,FALSE,41318749929605,,IN STOCK,,"10, 6",Pink Print,,,306,TRUE,TRUE,TRUE
Steve Madden,7184884531333,7184884531333,7184884531333,Steve Madden Women's Neri Lace-Up Heels - White - Size 7.5 - Synthetic,https://www.stevemadden.com/products/neri-white-patent?utm_source=display&utm_medium=programmatic&utm_campaign=performance&utm_content=rtg,"The NERI WHITE PATENT combines minimalist design with refined craftsmanship, featuring delicate straps that secure the foot while maintaining visual elegance. The stiletto heel delivers a confident lift and elongating silhouette, complemented by a round toe that ensures comfort and versatility. This heel represents the epitome of timeless sophistication for any occasion. 4.25 inch heel height Synthetic upper material Synthetic lining Synthetic sock Synthetic sole Imported Steve Madden NERI WHITE PATENT | 7.5 | Steve Madden Women's Neri Lace-Up Heels - White - Size 7.5 - Synthetic","The NERI WHITE PATENT combines minimalist design with refined craftsmanship, featuring delicate straps that secure the foot while maintaining visual elegance. The stiletto heel delivers a confident lift and elongating silhouette, complemented by a round toe that ensures comfort and versatility. This heel represents the epitome of timeless sophistication for any occasion. 4.25 inch heel height Synthetic upper material Synthetic lining Synthetic sock Synthetic sole Imported Steve Madden NERI WHITE PATENT | 7.5 | Steve Madden Women's Neri Lace-Up Heels - White - Size 7.5 - Synthetic",99.99,129.95,https://cdn.shopify.com/s/files/1/2170/8465/files/STEVEMADDEN_SHOES_NERI_WHITE-PATENT_01_85b79414-6cc3-4ec8-acd0-b3683dcf42d7.jpg,Women's Shoes > Heels,Women's Shoes > Heels,22/09/2026,,FALSE,41318968590469,,IN STOCK,,"10, 7.5, 8, 8.5, 9, 9.5",White,,,308,TRUE,TRUE,TRUE
Steve Madden,7191408836741,7191408836741,7191408836741,Steve Madden Women's Aquarian Mule Heels - Bone - Size 6 - Leather,https://www.stevemadden.com/products/aquarian-bone?utm_source=display&utm_medium=programmatic&utm_campaign=performance&utm_content=rtg,"The AQUARIAN BONE heel elevates everyday elegance with its distinctive star detail and refined round-toe silhouette. This sophisticated style combines contemporary design elements with timeless appeal, offering a versatile option that transitions seamlessly from day to evening. The star embellishment adds a touch of personality, while the rounded toe provides comfort and a flattering proportion. Perfect for those seeking a statement heel that balances modern flair with classic sophistication. 4.5 inch heel height Leather upper material with hardware Synthetic lining Synthetic sock Synthetic sole Imported Steve Madden AQUARIAN BONE | 6 | Steve Madden Women's Aquarian Mule Heels - Bone - Size 6 - Leather","The AQUARIAN BONE heel elevates everyday elegance with its distinctive star detail and refined round-toe silhouette. This sophisticated style combines contemporary design elements with timeless appeal, offering a versatile option that transitions seamlessly from day to evening. The star embellishment adds a touch of personality, while the rounded toe provides comfort and a flattering proportion. Perfect for those seeking a statement heel that balances modern flair with classic sophistication. 4.5 inch heel height Leather upper material with hardware Synthetic lining Synthetic sock Synthetic sole Imported Steve Madden AQUARIAN BONE | 6 | Steve Madden Women's Aquarian Mule Heels - Bone - Size 6 - Leather",49.99,149.95,https://cdn.shopify.com/s/files/1/2170/8465/files/STEVEMADDEN_SHOES_AQUARIAN_BONE_01.jpg,Women's Shoes > Heels,Women's Shoes > Heels,22/09/2026,,FALSE,41347042279557,,IN STOCK,,"10, 6, 6.5, 7, 7.5, 8, 8.5, 9.5",Bone,,,318,TRUE,TRUE,TRUE
Steve Madden,7191534272645,7191534272645,7191534272645,Steve Madden Women's Tracie Thong Heels - Natural Snake - Size 6.5 - Synthetic,https://www.stevemadden.com/products/tracie-natural-snake?utm_source=display&utm_medium=programmatic&utm_campaign=performance&utm_content=rtg,"The TRACIE NATURAL SNAKE is a sleek and stylish choice for any formal occasion. This heel features a comfortable kitten heel, a chic thong strap design, and a classic square toe. With a touch of exotic texture, these shoes add a unique element to your outfit while providing comfort and sophistication. 2 inch heel height Synthetic upper material Synthetic lining Synthetic sock Synthetic sole Imported Steve Madden TRACIE NATURAL SNAKE | 6.5 | Steve Madden Women's Tracie Thong Heels - Natural Snake - Size 6.5 - Synthetic","The TRACIE NATURAL SNAKE is a sleek and stylish choice for any formal occasion. This heel features a comfortable kitten heel, a chic thong strap design, and a classic square toe. With a touch of exotic texture, these shoes add a unique element to your outfit while providing comfort and sophistication. 2 inch heel height Synthetic upper material Synthetic lining Synthetic sock Synthetic sole Imported Steve Madden TRACIE NATURAL SNAKE | 6.5 | Steve Madden Women's Tracie Thong Heels - Natural Snake - Size 6.5 - Synthetic",49.99,99.95,https://cdn.shopify.com/s/files/1/2170/8465/files/STEVEMADDEN_SHOES_TRACIE_NATURAL-SANKE01.jpg,Women's Shoes > Heels,Women's Shoes > Heels,22/09/2026,,FALSE,41347734995077,,IN STOCK,,"6.5, 7.5, 8, 8.5, 9",Natural Snake,,,319,TRUE,TRUE,TRUE
Steve Madden,7191534338181,7191534338181,7191534338181,Steve Madden Women's Olyssia Platform Heels - Black - Size 8 - Synthetic,https://www.stevemadden.com/products/olyssia-black?utm_source=display&utm_medium=programmatic&utm_campaign=performance&utm_content=rtg,"The OLYSSIA BLACK delivers sophisticated elegance with its sleek stiletto heel and secure ankle strap design, offering both refined aesthetics and practical stability. This platform silhouette elevates your stride while the structured strap ensures a confident, secure fit throughout the day. 6.5 inch heel height 2.5 inch platform Synthetic upper material Synthetic lining Synthetic sock Synthetic sole Imported Steve Madden OLYSSIA BLACK | 8 | Steve Madden Women's Olyssia Platform Heels - Black - Size 8 - Synthetic","The OLYSSIA BLACK delivers sophisticated elegance with its sleek stiletto heel and secure ankle strap design, offering both refined aesthetics and practical stability. This platform silhouette elevates your stride while the structured strap ensures a confident, secure fit throughout the day. 6.5 inch heel height 2.5 inch platform Synthetic upper material Synthetic lining Synthetic sock Synthetic sole Imported Steve Madden OLYSSIA BLACK | 8 | Steve Madden Women's Olyssia Platform Heels - Black - Size 8 - Synthetic",139.95,139.95,https://cdn.shopify.com/s/files/1/2170/8465/files/STEVEMADDEN_SHOES_OLYSSIA_BLACK_01.jpg,Women's Shoes > Heels,Women's Shoes > Heels,22/09/2026,,FALSE,41347736207493,,IN STOCK,,"8, 8.5, 9, 9.5",Black,,,321,TRUE,TRUE,TRUE
Steve Madden,7191902322821,7191902322821,7191902322821,Steve Madden Women's Andromeda Crochet Pointed Toe Heels - Terracotta - Size 6 - Synthetic,https://www.stevemadden.com/products/andromeda-crochet-terracotta?utm_source=display&utm_medium=programmatic&utm_campaign=performance&utm_content=rtg,"Introducing the ANDROMEDA CROCHET TERRACOTTA pump. This elegant heel features a pointed-toe design and stiletto heel for a sophisticated look. The slingback strap provides a secure fit while the unique design adds a touch of luxury. Perfect for any formal occasion, these heels will elevate your outfit to the next level. 4 inch heel height Textile upper material Synthetic and textile lining Synthetic sock Synthetic sole Imported Steve Madden ANDROMEDA CROCHET TERRACOTTA | 6 | Steve Madden Women's Andromeda Crochet Pointed Toe Heels - Terracotta - Size 6 - Synthetic","Introducing the ANDROMEDA CROCHET TERRACOTTA pump. This elegant heel features a pointed-toe design and stiletto heel for a sophisticated look. The slingback strap provides a secure fit while the unique design adds a touch of luxury. Perfect for any formal occasion, these heels will elevate your outfit to the next level. 4 inch heel height Textile upper material Synthetic and textile lining Synthetic sock Synthetic sole Imported Steve Madden ANDROMEDA CROCHET TERRACOTTA | 6 | Steve Madden Women's Andromeda Crochet Pointed Toe Heels - Terracotta - Size 6 - Synthetic",69.99,109.95,https://cdn.shopify.com/s/files/1/2170/8465/files/STEVEMADDEN_SHOES_ANDROMEDA-CROCHET_TERRACOTTA01.jpg,Women's Shoes > Heels,Women's Shoes > Heels,22/09/2026,,FALSE,41350417547397,,IN STOCK,,"10, 6, 6.5, 7, 7.5, 8, 8.5, 9, 9.5",Terracotta,,,324,TRUE,TRUE,TRUE
Steve Madden,7191902552197,7191902552197,7191902552197,Steve Madden Women's Elegant Pointed Toe Heels - Natural Raffia - Size 6 - Synthetic,https://www.stevemadden.com/products/elegant-natural-raffia?utm_source=display&utm_medium=programmatic&utm_campaign=performance&utm_content=rtg,"Elevate your style with these ELEGANT NATURAL RAFFIA pumps, featuring a pointed toe and a sleek stiletto heel that adds sophisticated height. The unique detailing enhances the silhouette, creating a refined look perfect for formal events or professional settings. Designed for both allure and confidence, this shoe brings expert craftsmanship and timeless design to your wardrobe. 4.25 inch heel height Raffia upper material Synthetic lining Synthetic sock Synthetic sole Imported Steve Madden ELEGANT NATURAL RAFFIA | 6 | Steve Madden Women's Elegant Pointed Toe Heels - Natural Raffia - Size 6 - Synthetic","Elevate your style with these ELEGANT NATURAL RAFFIA pumps, featuring a pointed toe and a sleek stiletto heel that adds sophisticated height. The unique detailing enhances the silhouette, creating a refined look perfect for formal events or professional settings. Designed for both allure and confidence, this shoe brings expert craftsmanship and timeless design to your wardrobe. 4.25 inch heel height Raffia upper material Synthetic lining Synthetic sock Synthetic sole Imported Steve Madden ELEGANT NATURAL RAFFIA | 6 | Steve Madden Women's Elegant Pointed Toe Heels - Natural Raffia - Size 6 - Synthetic",69.99,129.95,https://cdn.shopify.com/s/files/1/2170/8465/files/STEVEMADDEN_SHOES_ELEGANT_NATURAL-RAFFIA01.jpg,Women's Shoes > Heels,Women's Shoes > Heels,22/09/2026,,FALSE,41350419579013,,IN STOCK,,"10, 6, 6.5, 7.5, 8, 8.5, 9.5",Natural Raffia,,,327,TRUE,TRUE,TRUE
Steve Madden,7192022188165,7192022188165,7192022188165,Steve Madden Women's Alyse Mesh Mule Heels - Mocha - Size 6 - Leather,https://www.stevemadden.com/products/alyse-m-mocha?utm_source=display&utm_medium=programmatic&utm_campaign=performance&utm_content=rtg,"The ALYSE MOCHA MESH square-toe mule delivers understated sophistication with its refined silhouette and kitten heel. This versatile style transitions seamlessly from office to evening, offering the comfort of a slip-on design without compromising on polish. The structured square toe provides a contemporary edge, while the delicate heel height ensures all-day wearability. An essential addition to any footwear collection. 2.5 inch heel height Textile upper material Synthetic lining Vegan leather sock Synthetic sole Imported Steve Madden ALYSE MOCHA MESH | 6 | Steve Madden Women's Alyse Mesh Mule Heels - Mocha - Size 6 - Leather","The ALYSE MOCHA MESH square-toe mule delivers understated sophistication with its refined silhouette and kitten heel. This versatile style transitions seamlessly from office to evening, offering the comfort of a slip-on design without compromising on polish. The structured square toe provides a contemporary edge, while the delicate heel height ensures all-day wearability. An essential addition to any footwear collection. 2.5 inch heel height Textile upper material Synthetic lining Vegan leather sock Synthetic sole Imported Steve Madden ALYSE MOCHA MESH | 6 | Steve Madden Women's Alyse Mesh Mule Heels - Mocha - Size 6 - Leather",69.99,109.95,https://cdn.shopify.com/s/files/1/2170/8465/files/STEVEMADDEN_SHOES_ALYSE-M_MOCHA_01.jpg,Women's Shoes > Heels,Women's Shoes > Heels,22/09/2026,,FALSE,41350933643397,,IN STOCK,,"10, 6, 6.5, 7, 7.5, 8, 8.5, 9, 9.5",Mocha,,,328,TRUE,TRUE,TRUE
Steve Madden,7192022220933,7192022220933,7192022220933,Steve Madden Women's Alyse Mesh Mule Heels - Black - Size 6 - Leather,https://www.stevemadden.com/products/alyse-m-black?utm_source=display&utm_medium=programmatic&utm_campaign=performance&utm_content=rtg,"The ALYSE BLACK MESH square-toe mule delivers understated sophistication with its refined silhouette and kitten heel. This versatile style transitions seamlessly from office to evening, offering the comfort of a slip-on design without compromising on polish. The structured square toe provides a contemporary edge, while the delicate heel height ensures all-day wearability. An essential addition to any footwear collection. 2.5 inch heel height Textile upper material Synthetic lining Vegan leather sock Synthetic sole Imported Steve Madden ALYSE BLACK MESH | 6 | Steve Madden Women's Alyse Mesh Mule Heels - Black - Size 6 - Leather","The ALYSE BLACK MESH square-toe mule delivers understated sophistication with its refined silhouette and kitten heel. This versatile style transitions seamlessly from office to evening, offering the comfort of a slip-on design without compromising on polish. The structured square toe provides a contemporary edge, while the delicate heel height ensures all-day wearability. An essential addition to any footwear collection. 2.5 inch heel height Textile upper material Synthetic lining Vegan leather sock Synthetic sole Imported Steve Madden ALYSE BLACK MESH | 6 | Steve Madden Women's Alyse Mesh Mule Heels - Black - Size 6 - Leather",49.99,109.95,https://cdn.shopify.com/s/files/1/2170/8465/files/STEVEMADDEN_SHOES_ALYSE-M_BLACK_01.jpg,Women's Shoes > Heels,Women's Shoes > Heels,22/09/2026,,FALSE,41350934069381,,IN STOCK,,"10, 6, 6.5, 7, 7.5, 8, 8.5, 9, 9.5",Black,,,329,TRUE,TRUE,TRUE
Steve Madden,7193586434181,7193586434181,7193586434181,Steve Madden Women's Improv Thong Heels - Bone - Size 7.5 - Leather,https://www.stevemadden.com/products/improv-bone-leather?utm_source=display&utm_medium=programmatic&utm_campaign=performance&utm_content=rtg,"The IMPROV BONE LEATHER combines a sophisticated square-toe silhouette with a secure slingback design, delivering both style and stability. This thong sandal features a refined heel that elevates your everyday look while maintaining comfort for all-day wear. 4 inch heel height Leather upper material Synthetic lining Synthetic sock Synthetic sole Imported Steve Madden IMPROV BONE LEATHER | 7.5 | Steve Madden Women's Improv Thong Heels - Bone - Size 7.5 - Leather","The IMPROV BONE LEATHER combines a sophisticated square-toe silhouette with a secure slingback design, delivering both style and stability. This thong sandal features a refined heel that elevates your everyday look while maintaining comfort for all-day wear. 4 inch heel height Leather upper material Synthetic lining Synthetic sock Synthetic sole Imported Steve Madden IMPROV BONE LEATHER | 7.5 | Steve Madden Women's Improv Thong Heels - Bone - Size 7.5 - Leather",99.99,129.95,https://cdn.shopify.com/s/files/1/2170/8465/files/STEVEMADDEN_SHOES_IMPROV_BONE-LEATHER_01.jpg,Women's Shoes > Heels,Women's Shoes > Heels,22/09/2026,,FALSE,41355807555717,,IN STOCK,,7.5,Bone,,,331,TRUE,TRUE,TRUE
Steve Madden,7197351182469,7197351182469,7197351182469,Steve Madden Women's Avant Lace Pointed Toe Heels - Pistachio - Size 8 - Synthetic,https://www.stevemadden.com/products/avant-lace-pistachio?utm_source=display&utm_medium=programmatic&utm_campaign=performance&utm_content=rtg,"Elevate your footwear collection with the AVANT PISTACHIO LACE heel, a sophisticated pointed-toe pump, featuring a delicate ankle strap for secure, all-day comfort. The sleek stiletto heel delivers timeless elegance and a flattering silhouette for any occasion. A versatile essential that transitions seamlessly from office to evening wear. 4.25 inch heel height Textile upper material Synthetic lining Synthetic sock Synthetic sole Imported Steve Madden AVANT PISTACHIO LACE | 8 | Steve Madden Women's Avant Lace Pointed Toe Heels - Pistachio - Size 8 - Synthetic","Elevate your footwear collection with the AVANT PISTACHIO LACE heel, a sophisticated pointed-toe pump, featuring a delicate ankle strap for secure, all-day comfort. The sleek stiletto heel delivers timeless elegance and a flattering silhouette for any occasion. A versatile essential that transitions seamlessly from office to evening wear. 4.25 inch heel height Textile upper material Synthetic lining Synthetic sock Synthetic sole Imported Steve Madden AVANT PISTACHIO LACE | 8 | Steve Madden Women's Avant Lace Pointed Toe Heels - Pistachio - Size 8 - Synthetic",69.99,129.95,https://cdn.shopify.com/s/files/1/2170/8465/files/STEVEMADDEN_SHOES_AVANT-LACE_PISTACHIO01.jpg,Women's Shoes > Heels,Women's Shoes > Heels,22/09/2026,,FALSE,41364179746949,,IN STOCK,,"8, 9.5",Pistachio,,,335,TRUE,TRUE,TRUE
Steve Madden,7197351411845,7197351411845,7197351411845,Steve Madden Women's Tracie Jelly Thong Heels - Navy - Size 8 - PVC,https://www.stevemadden.com/products/tracie-j-navy?utm_source=display&utm_medium=programmatic&utm_campaign=performance&utm_content=rtg,"The TRACIE JELLY NAVY is a sleek and stylish choice for any formal occasion. This heel features a comfortable kitten heel, a chic thong strap design, and a classic square toe. With a touch of exotic texture, these shoes add a unique element to your outfit while providing comfort and sophistication. 2 inch heel height PVC upper material Unlined Synthetic sock Synthetic sole Fit tip: If you are in between sizes, size down a half-size Imported Steve Madden TRACIE JELLY NAVY | 8 | Steve Madden Women's Tracie Jelly Thong Heels - Navy - Size 8 - PVC","The TRACIE JELLY NAVY is a sleek and stylish choice for any formal occasion. This heel features a comfortable kitten heel, a chic thong strap design, and a classic square toe. With a touch of exotic texture, these shoes add a unique element to your outfit while providing comfort and sophistication. 2 inch heel height PVC upper material Unlined Synthetic sock Synthetic sole Fit tip: If you are in between sizes, size down a half-size Imported Steve Madden TRACIE JELLY NAVY | 8 | Steve Madden Women's Tracie Jelly Thong Heels - Navy - Size 8 - PVC",39.99,59.95,https://cdn.shopify.com/s/files/1/2170/8465/files/STEVEMADDEN_SHOES_TRACIE-J_NAVY01.jpg,Women's Shoes > Heels,Women's Shoes > Heels,22/09/2026,,FALSE,41364182466693,,IN STOCK,,8,Navy,,,336,TRUE,TRUE,TRUE
Steve Madden,7197351936133,7197351936133,7197351936133,Steve Madden Women's Tracie Jelly Thong Heels - Dark Brown - Size 6 - PVC,https://www.stevemadden.com/products/tracie-j-dark-brown?utm_source=display&utm_medium=programmatic&utm_campaign=performance&utm_content=rtg,"The TRACIE JELLY DARK BROWN is a sleek and stylish choice for any formal occasion. This heel features a comfortable kitten heel, a chic thong strap design, and a classic square toe. With a touch of exotic texture, these shoes add a unique element to your outfit while providing comfort and sophistication. 2 inch heel height PVC upper material Unlined Synthetic sock Synthetic sole Fit tip: If you are in between sizes, size down a half-size Imported Steve Madden TRACIE JELLY DARK BROWN | 6 | Steve Madden Women's Tracie Jelly Thong Heels - Dark Brown - Size 6 - PVC","The TRACIE JELLY DARK BROWN is a sleek and stylish choice for any formal occasion. This heel features a comfortable kitten heel, a chic thong strap design, and a classic square toe. With a touch of exotic texture, these shoes add a unique element to your outfit while providing comfort and sophistication. 2 inch heel height PVC upper material Unlined Synthetic sock Synthetic sole Fit tip: If you are in between sizes, size down a half-size Imported Steve Madden TRACIE JELLY DARK BROWN | 6 | Steve Madden Women's Tracie Jelly Thong Heels - Dark Brown - Size 6 - PVC",39.99,59.95,https://cdn.shopify.com/s/files/1/2170/8465/files/STEVEMADDEN_SHOES_TRACIE-J_DARK-BROWN01.jpg,Women's Shoes > Heels,Women's Shoes > Heels,22/09/2026,,FALSE,41364185972869,,IN STOCK,,"10, 11, 6, 7, 8",Dark Brown,,,337,TRUE,TRUE,TRUE
Steve Madden,7199925043333,7199925043333,7199925043333,Steve Madden Women's Sofie Platform Heels - Blush Satin - Size 7.5,https://www.stevemadden.com/products/sofie-blush-satin?utm_source=display&utm_medium=programmatic&utm_campaign=performance&utm_content=rtg,"Elevate your look with SOFIE BLUSH SATIN slingback, a sophisticated ballet heel adorned with a bow. The structured platform foundation provides stability and comfort, while the refined heel adds instant polish to any ensemble. This style seamlessly transitions from day to evening, offering the perfect balance of elegance and wearability. 4 inch heel height 1.25 inch platform Textile upper material Synthetic lining Synthetic sock Synthetic sole Imported Steve Madden SOFIE BLUSH SATIN | 7.5 | Steve Madden Women's Sofie Platform Heels - Blush Satin - Size 7.5","Elevate your look with SOFIE BLUSH SATIN slingback, a sophisticated ballet heel adorned with a bow. The structured platform foundation provides stability and comfort, while the refined heel adds instant polish to any ensemble. This style seamlessly transitions from day to evening, offering the perfect balance of elegance and wearability. 4 inch heel height 1.25 inch platform Textile upper material Synthetic lining Synthetic sock Synthetic sole Imported Steve Madden SOFIE BLUSH SATIN | 7.5 | Steve Madden Women's Sofie Platform Heels - Blush Satin - Size 7.5",109.99,139.95,https://cdn.shopify.com/s/files/1/2170/8465/files/STEVEMADDEN_SHOES_SOFIE_BLUSH-SATIN01.jpg,Women's Shoes > Heels,Women's Shoes > Heels,22/09/2026,,FALSE,41369785041029,,IN STOCK,,"7.5, 8, 8.5, 9.5",Blush Satin,,,342,TRUE,TRUE,TRUE
Steve Madden,7199928647813,7199928647813,7199928647813,Steve Madden Women's Elida Block Heels - Black Suede - Size 6,https://www.stevemadden.com/products/elida-black-suede?utm_source=display&utm_medium=programmatic&utm_campaign=performance&utm_content=rtg,"The ELIDA BLACK SUEDE combines timeless elegance with contemporary comfort. This versatile heel features a sturdy block heel that provides all-day stability and support. The secure ankle strap ensures a confident fit, making it an ideal choice for both casual outings and elevated occasions. Perfect for transitioning between seasons, this design pairs effortlessly with dresses, pants, or trousers. 3 inch heel height 1 inch platform Suede upper material Synthetic lining Synthetic sock Synthetic sole Imported Steve Madden ELIDA BLACK SUEDE | 6 | Steve Madden Women's Elida Block Heels - Black Suede - Size 6","The ELIDA BLACK SUEDE combines timeless elegance with contemporary comfort. This versatile heel features a sturdy block heel that provides all-day stability and support. The secure ankle strap ensures a confident fit, making it an ideal choice for both casual outings and elevated occasions. Perfect for transitioning between seasons, this design pairs effortlessly with dresses, pants, or trousers. 3 inch heel height 1 inch platform Suede upper material Synthetic lining Synthetic sock Synthetic sole Imported Steve Madden ELIDA BLACK SUEDE | 6 | Steve Madden Women's Elida Block Heels - Black Suede - Size 6",69.99,119.95,https://cdn.shopify.com/s/files/1/2170/8465/files/STEVEMADDEN_SHOES_ELIDA_BLACK-SUEDE01.jpg,Women's Shoes > Heels,Women's Shoes > Heels,22/09/2026,,FALSE,41369812992133,,IN STOCK,,"10, 11, 6, 6.5, 7, 7.5, 8, 8.5, 9, 9.5",Black Suede,,,346,TRUE,TRUE,TRUE
Steve Madden,7199928811653,7199928811653,7199928811653,Steve Madden Women's Hartlyn Block Heels - Mocha Suede - Size 6,https://www.stevemadden.com/products/hartlyn-mocha-suede?utm_source=display&utm_medium=programmatic&utm_campaign=performance&utm_content=rtg,"The HARTLYN MOCHA SUEDE combines architectural sophistication with everyday wearability. Its square-toe silhouette delivers a modern edge, while the sturdy block heel provides reliable support and comfort for all-day wear. The adjustable ankle strap ensures a secure, customizable fit that flatters various foot shapes. Crafted in premium materials, this versatile shoe transitions seamlessly from professional settings to casual occasions, making it an essential addition to any wardrobe. 3 inch heel height Suede upper material Synthetic lining Synthetic sock Synthetic sole Imported Steve Madden HARTLYN MOCHA SUEDE | 6 | Steve Madden Women's Hartlyn Block Heels - Mocha Suede - Size 6","The HARTLYN MOCHA SUEDE combines architectural sophistication with everyday wearability. Its square-toe silhouette delivers a modern edge, while the sturdy block heel provides reliable support and comfort for all-day wear. The adjustable ankle strap ensures a secure, customizable fit that flatters various foot shapes. Crafted in premium materials, this versatile shoe transitions seamlessly from professional settings to casual occasions, making it an essential addition to any wardrobe. 3 inch heel height Suede upper material Synthetic lining Synthetic sock Synthetic sole Imported Steve Madden HARTLYN MOCHA SUEDE | 6 | Steve Madden Women's Hartlyn Block Heels - Mocha Suede - Size 6",49.99,109.95,https://cdn.shopify.com/s/files/1/2170/8465/files/STEVEMADDEN_SHOES_HARTLYN_MOCHA-SUEDE01.jpg,Women's Shoes > Heels,Women's Shoes > Heels,22/09/2026,,FALSE,41369814171781,,IN STOCK,,"10, 6, 7.5, 8, 8.5, 9, 9.5",Mocha Suede,,,347,TRUE,TRUE,TRUE
Steve Madden,7203761225861,7203761225861,7203761225861,Steve Madden Women's Listen Strappy Heels - Black Satin - Size 5.5,https://www.stevemadden.com/products/listen-black-satin?utm_source=display&utm_medium=programmatic&utm_campaign=performance&utm_content=rtg,"Elevate your style with the LISTEN BLACK SATIN ballet heels, featuring a platform sole and delicate strappy lace-up design inspired by classic ballet shoes. Crafted to provide both elegance and stability, these heels enhance your silhouette while ensuring confident wear. Their unique finish adds a touch of luxury, making them perfect for sophisticated occasions or a standout night out. 5.5 inch heel height 1.75 inch platform Textile upper material Synthetic lining Synthetic sock Synthetic sole Imported Steve Madden LISTEN BLACK SATIN | 5.5 | Steve Madden Women's Listen Strappy Heels - Black Satin - Size 5.5","Elevate your style with the LISTEN BLACK SATIN ballet heels, featuring a platform sole and delicate strappy lace-up design inspired by classic ballet shoes. Crafted to provide both elegance and stability, these heels enhance your silhouette while ensuring confident wear. Their unique finish adds a touch of luxury, making them perfect for sophisticated occasions or a standout night out. 5.5 inch heel height 1.75 inch platform Textile upper material Synthetic lining Synthetic sock Synthetic sole Imported Steve Madden LISTEN BLACK SATIN | 5.5 | Steve Madden Women's Listen Strappy Heels - Black Satin - Size 5.5",99.97,139.95,https://cdn.shopify.com/s/files/1/2170/8465/files/STEVEMADDEN_SHOES_LISTEN_BLACK-SATIN01_8294c8c6-febc-4c81-94d4-92ede3e35b78.jpg,Women's Shoes > Heels,Women's Shoes > Heels,22/09/2026,,FALSE,41381002903685,,IN STOCK,,5.5,Black Satin,,,351,TRUE,TRUE,TRUE
Steve Madden,7205723930757,7205723930757,7205723930757,Steve Madden Women's Talia Lace-Up Heels - Brown Suede - Size 6,https://www.stevemadden.com/products/talia-brown-suede?utm_source=display&utm_medium=programmatic&utm_campaign=performance&utm_content=rtg,"The TALIA BROWN SUEDE stiletto heel combines architectural design with luxurious embellishment. Cascading fringe movement adds dynamic texture, complemented by intricate bead detailing that catches light with every step. The refined stiletto heel delivers both elevation and elegance, making this an essential choice for those who appreciate sophisticated footwear craftsmanship. Perfect for occasions demanding standout style and refined execution. 4 inch heel height Suede upper material Synthetic lining Synthetic sock Synthetic sole Fit tip: If you are in between sizes, size up a half-size Imported Steve Madden TALIA BROWN SUEDE | 6 | Steve Madden Women's Talia Lace-Up Heels - Brown Suede - Size 6","The TALIA BROWN SUEDE stiletto heel combines architectural design with luxurious embellishment. Cascading fringe movement adds dynamic texture, complemented by intricate bead detailing that catches light with every step. The refined stiletto heel delivers both elevation and elegance, making this an essential choice for those who appreciate sophisticated footwear craftsmanship. Perfect for occasions demanding standout style and refined execution. 4 inch heel height Suede upper material Synthetic lining Synthetic sock Synthetic sole Fit tip: If you are in between sizes, size up a half-size Imported Steve Madden TALIA BROWN SUEDE | 6 | Steve Madden Women's Talia Lace-Up Heels - Brown Suede - Size 6",69.99,139.95,https://cdn.shopify.com/s/files/1/2170/8465/files/STEVEMADDEN_SHOES_TALIA_BROWN-SUEDE01.jpg,Women's Shoes > Heels,Women's Shoes > Heels,22/09/2026,,FALSE,41384054390917,,IN STOCK,,"10, 6, 7, 8, 9",Brown Suede,,,355,TRUE,TRUE,TRUE
Steve Madden,7208838496389,7208838496389,7208838496389,Steve Madden Women's Ginger Mule Heels - Smoke - Size 5 - Synthetic,https://www.stevemadden.com/products/ginger-smoke?utm_source=display&utm_medium=programmatic&utm_campaign=performance&utm_content=rtg,"The GINGER SMOKE features a woven lattice strap design, offering refined sophistication through its silhouette and practical kitten heel. The structured toe shape offers a modern aesthetic while maintaining comfort for all-day wear. The delicate heel height provides subtle elevation without compromising walkability, making it an ideal choice for both professional and casual settings. A versatile essential that transitions seamlessly across your wardrobe. 1.5 inch heel height Synthetic upper material Synthetic lining Synthetic sock Synthetic sole Fit tip: If you are in between sizes, size up a half-size Imported Steve Madden GINGER SMOKE | 5 | Steve Madden Women's Ginger Mule Heels - Smoke - Size 5 - Synthetic","The GINGER SMOKE features a woven lattice strap design, offering refined sophistication through its silhouette and practical kitten heel. The structured toe shape offers a modern aesthetic while maintaining comfort for all-day wear. The delicate heel height provides subtle elevation without compromising walkability, making it an ideal choice for both professional and casual settings. A versatile essential that transitions seamlessly across your wardrobe. 1.5 inch heel height Synthetic upper material Synthetic lining Synthetic sock Synthetic sole Fit tip: If you are in between sizes, size up a half-size Imported Steve Madden GINGER SMOKE | 5 | Steve Madden Women's Ginger Mule Heels - Smoke - Size 5 - Synthetic",59.99,79.95,https://cdn.shopify.com/s/files/1/2170/8465/files/STEVEMADDEN_SHOES_GINGER_SMOKE01.jpg,Women's Shoes > Heels,Women's Shoes > Heels,22/09/2026,,FALSE,41390662615173,,IN STOCK,,"10, 11, 5, 6, 8, 9",Smoke,,,357,TRUE,TRUE,TRUE
Steve Madden,7208839184517,7208839184517,7208839184517,Steve Madden Women's Ginger Mule Heels - Pink - Size 8 - Synthetic,https://www.stevemadden.com/products/ginger-pink?utm_source=display&utm_medium=programmatic&utm_campaign=performance&utm_content=rtg,"The GINGER PINK features a woven lattice strap design, offering refined sophistication through its silhouette and practical kitten heel. The structured toe shape offers a modern aesthetic while maintaining comfort for all-day wear. The delicate heel height provides subtle elevation without compromising walkability, making it an ideal choice for both professional and casual settings. A versatile essential that transitions seamlessly across your wardrobe. 1.5 inch heel height Synthetic upper material Synthetic lining Synthetic sock Synthetic sole Fit tip: If you are in between sizes, size up a half-size Imported Steve Madden GINGER PINK | 8 | Steve Madden Women's Ginger Mule Heels - Pink - Size 8 - Synthetic","The GINGER PINK features a woven lattice strap design, offering refined sophistication through its silhouette and practical kitten heel. The structured toe shape offers a modern aesthetic while maintaining comfort for all-day wear. The delicate heel height provides subtle elevation without compromising walkability, making it an ideal choice for both professional and casual settings. A versatile essential that transitions seamlessly across your wardrobe. 1.5 inch heel height Synthetic upper material Synthetic lining Synthetic sock Synthetic sole Fit tip: If you are in between sizes, size up a half-size Imported Steve Madden GINGER PINK | 8 | Steve Madden Women's Ginger Mule Heels - Pink - Size 8 - Synthetic",59.99,79.95,https://cdn.shopify.com/s/files/1/2170/8465/files/STEVEMADDEN_SHOES_GINGER_PINK01.jpg,Women's Shoes > Heels,Women's Shoes > Heels,22/09/2026,,FALSE,41390665629829,,IN STOCK,,"11, 8, 9",Pink,,,359,TRUE,TRUE,TRUE
Steve Madden,7208936636549,7208936636549,7208936636549,Steve Madden Women's Saturn Mule Heels - Tiger - Size 6 - Leather,https://www.stevemadden.com/products/saturn-h-tiger?utm_source=display&utm_medium=programmatic&utm_campaign=performance&utm_content=rtg,"The SATURN TIGER features a sleek mule heel and a tubular double strap, with a stiletto heel. A perfect combination of style and comfort for any occasion. Expertly crafted for a sophisticated look, these heels will elevate any outfit. 4.25 inch heel height Leather upper material Synthetic lining Synthetic sock Synthetic sole Imported Steve Madden SATURN TIGER | 6 | Steve Madden Women's Saturn Mule Heels - Tiger - Size 6 - Leather","The SATURN TIGER features a sleek mule heel and a tubular double strap, with a stiletto heel. A perfect combination of style and comfort for any occasion. Expertly crafted for a sophisticated look, these heels will elevate any outfit. 4.25 inch heel height Leather upper material Synthetic lining Synthetic sock Synthetic sole Imported Steve Madden SATURN TIGER | 6 | Steve Madden Women's Saturn Mule Heels - Tiger - Size 6 - Leather",69.99,119.95,https://cdn.shopify.com/s/files/1/2170/8465/files/STEVEMADDEN_SHOES_SATURN-H_TIGER_01.jpg,Women's Shoes > Heels,Women's Shoes > Heels,22/09/2026,,FALSE,41390978662533,,IN STOCK,,"6, 6.5",Tiger,,,360,TRUE,TRUE,TRUE
Steve Madden,7214022295685,7214022295685,7214022295685,Steve Madden Women's Cyra Block Heels - Black - Size 6 - Leather,https://www.stevemadden.com/products/cyra-black-leather?utm_source=display&utm_medium=programmatic&utm_campaign=performance&utm_content=rtg,"The CYRA BLACK LEATHER features a distinctive split-toe silhouette paired with a heel, delivering a modern edge to your footwear collection. This unique tabi design combines style with the comfort of a traditional heel height, making it versatile for both occasions and elevated everyday wear. 1.25 inch heel height Leather upper material Synthetic lining Synthetic sock Synthetic sole Imported Steve Madden CYRA BLACK LEATHER | 6 | Steve Madden Women's Cyra Block Heels - Black - Size 6 - Leather","The CYRA BLACK LEATHER features a distinctive split-toe silhouette paired with a heel, delivering a modern edge to your footwear collection. This unique tabi design combines style with the comfort of a traditional heel height, making it versatile for both occasions and elevated everyday wear. 1.25 inch heel height Leather upper material Synthetic lining Synthetic sock Synthetic sole Imported Steve Madden CYRA BLACK LEATHER | 6 | Steve Madden Women's Cyra Block Heels - Black - Size 6 - Leather",129.95,129.95,https://cdn.shopify.com/s/files/1/2170/8465/files/STEVEMADDEN_SHOES_CYRA_BLACK-LEATHER02.jpg,Women's Shoes > Heels,Women's Shoes > Heels,22/09/2026,,FALSE,41412156194949,,IN STOCK,,"10, 6, 7, 8, 9",Black,,,365,TRUE,TRUE,FALSE
Steve Madden,7214128889989,7214128889989,7214128889989,Steve Madden Women's Frolic Block Heels - Tan Raffia - Size 6 - Leather,https://www.stevemadden.com/products/frolic-tan-raffia?utm_source=display&utm_medium=programmatic&utm_campaign=performance&utm_content=rtg,"The FROLIC TAN RAFFIA mule delivers effortless sophistication with its square-toe silhouette and refined heel. This versatile style transitions seamlessly from casual daytime wear to evening occasions, offering the comfort of a slip-on with the polished structure of a traditional heel. The wavy toe shape provides a contemporary edge while maintaining timeless appeal. Perfect for those seeking a modern staple that balances style and wearability. 2.5 inch heel height Raffia upper material Vegan leather lining Synthetic sock Synthetic sole Imported Steve Madden FROLIC TAN RAFFIA | 6 | Steve Madden Women's Frolic Block Heels - Tan Raffia - Size 6 - Leather","The FROLIC TAN RAFFIA mule delivers effortless sophistication with its square-toe silhouette and refined heel. This versatile style transitions seamlessly from casual daytime wear to evening occasions, offering the comfort of a slip-on with the polished structure of a traditional heel. The wavy toe shape provides a contemporary edge while maintaining timeless appeal. Perfect for those seeking a modern staple that balances style and wearability. 2.5 inch heel height Raffia upper material Vegan leather lining Synthetic sock Synthetic sole Imported Steve Madden FROLIC TAN RAFFIA | 6 | Steve Madden Women's Frolic Block Heels - Tan Raffia - Size 6 - Leather",39.99,109.95,https://cdn.shopify.com/s/files/1/2170/8465/files/STEVEMADDEN_SHOES_FROLIC_TAN-RAFFIA01.jpg,Women's Shoes > Heels,Women's Shoes > Heels,22/09/2026,,FALSE,41412621369477,,IN STOCK,,"10, 11, 6, 6.5, 7, 7.5, 8, 8.5, 9, 9.5",Tan Raffia,,,366,TRUE,TRUE,TRUE
Steve Madden,7214426259589,7214426259589,7214426259589,Steve Madden Women's Retro Block Heels - White - Size 8.5 - Leather,https://www.stevemadden.com/products/retro-white-leather?utm_source=display&utm_medium=programmatic&utm_campaign=performance&utm_content=rtg,"The RETRO WHITE LEATHER showcases a classic platform design paired with a block heel for enhanced balance and comfort. Its open toe offers breathability and style, while the adjustable ankle strap ensures a secure fit. This combination delivers both elevated height and lasting support, making it the perfect heel for those seeking a refined look. 5.25 inch heel height 1.75 inch platform Leather upper material Synthetic lining Synthetic sock Synthetic sole Imported Steve Madden RETRO WHITE LEATHER | 8.5 | Steve Madden Women's Retro Block Heels - White - Size 8.5 - Leather","The RETRO WHITE LEATHER showcases a classic platform design paired with a block heel for enhanced balance and comfort. Its open toe offers breathability and style, while the adjustable ankle strap ensures a secure fit. This combination delivers both elevated height and lasting support, making it the perfect heel for those seeking a refined look. 5.25 inch heel height 1.75 inch platform Leather upper material Synthetic lining Synthetic sock Synthetic sole Imported Steve Madden RETRO WHITE LEATHER | 8.5 | Steve Madden Women's Retro Block Heels - White - Size 8.5 - Leather",89.99,139.95,https://cdn.shopify.com/s/files/1/2170/8465/files/STEVEMADDEN_SHOES_RETRO_WHITE-LEATHER01.jpg,Women's Shoes > Heels,Women's Shoes > Heels,22/09/2026,,FALSE,41414165725317,,IN STOCK,,"10, 8.5, 9, 9.5",White,,,368,TRUE,TRUE,TRUE
Steve Madden,7219012436101,7219012436101,7219012436101,Steve Madden Women's Edin Fisherman Heels - Champagne - Size 8.5 - Synthetic,https://www.stevemadden.com/products/edin-champagne?utm_source=display&utm_medium=programmatic&utm_campaign=performance&utm_content=rtg,"The EDIN CHAMPAGNE is a bold fisherman kitten heel that combines edgy style with wearable comfort. Featuring a striking caged design, this strappy silhouette wraps around the foot with geometric precision, creating visual interest from every angle. The structured heel provides stability while the open framework keeps the look modern and breathable. Perfect for those who want to make a statement without sacrificing practicality. 2.5 inch heel height Synthetic upper material Synthetic lining Synthetic sock Synthetic sole Imported Steve Madden EDIN CHAMPAGNE | 8.5 | Steve Madden Women's Edin Fisherman Heels - Champagne - Size 8.5 - Synthetic","The EDIN CHAMPAGNE is a bold fisherman kitten heel that combines edgy style with wearable comfort. Featuring a striking caged design, this strappy silhouette wraps around the foot with geometric precision, creating visual interest from every angle. The structured heel provides stability while the open framework keeps the look modern and breathable. Perfect for those who want to make a statement without sacrificing practicality. 2.5 inch heel height Synthetic upper material Synthetic lining Synthetic sock Synthetic sole Imported Steve Madden EDIN CHAMPAGNE | 8.5 | Steve Madden Women's Edin Fisherman Heels - Champagne - Size 8.5 - Synthetic",109.99,129.95,https://cdn.shopify.com/s/files/1/2170/8465/files/STEVEMADDEN_SHOES_EDIN_CHAMPAGNE_01.jpg,Women's Shoes > Heels,Women's Shoes > Heels,22/09/2026,,FALSE,41433193513093,,IN STOCK,,8.5,Champagne,,,373,TRUE,TRUE,TRUE
Steve Madden,7219122503813,7219122503813,7219122503813,Steve Madden Women's Devour Pointed Toe Heels - Black Mesh - Size 6.5 - Leather,https://www.stevemadden.com/products/devour-m-black-mesh?utm_source=display&utm_medium=programmatic&utm_campaign=performance&utm_content=rtg,"The DEVOUR BLACK MESH features a pointed toe and sleek silhouette, this heel delivers bold sophistication for any occasion. The elevated stiletto creates an elongated leg line while the refined design transitions seamlessly from office to evening. A timeless pump that commands attention with understated elegance and modern edge. 4 inch heel height Textile and vegan leather upper material with hardware Unlined Vegan leather sock Synthetic sole Imported Steve Madden DEVOUR BLACK MESH | 6.5 | Steve Madden Women's Devour Pointed Toe Heels - Black Mesh - Size 6.5 - Leather","The DEVOUR BLACK MESH features a pointed toe and sleek silhouette, this heel delivers bold sophistication for any occasion. The elevated stiletto creates an elongated leg line while the refined design transitions seamlessly from office to evening. A timeless pump that commands attention with understated elegance and modern edge. 4 inch heel height Textile and vegan leather upper material with hardware Unlined Vegan leather sock Synthetic sole Imported Steve Madden DEVOUR BLACK MESH | 6.5 | Steve Madden Women's Devour Pointed Toe Heels - Black Mesh - Size 6.5 - Leather",129.95,129.95,https://cdn.shopify.com/s/files/1/2170/8465/files/STEVEMADDEN_SHOES_DEVOUR-M_BLACK-MESH_01.jpg,Women's Shoes > Heels,Women's Shoes > Heels,22/09/2026,,FALSE,41433720029317,,IN STOCK,,"6.5, 8",Black Mesh,,,374,TRUE,TRUE,FALSE
Steve Madden,7219801424005,7219801424005,7219801424005,Steve Madden Women's Kendrix Mule Heels - White - Size 5 - Leather,https://www.stevemadden.com/products/kendrix-white-leather?utm_source=display&utm_medium=programmatic&utm_campaign=performance&utm_content=rtg,"Crafted from luxurious materials, the KENDRIX WHITE LEATHER mule heel features a rounded-toe design for added comfort and elegance. Perfect for any occasion, these heels effortlessly elevate any outfit with a touch of sophistication. 3 inch heel height Leather upper material Synthetic lining Synthetic sock Synthetic sole Imported Steve Madden KENDRIX WHITE LEATHER | 5 | Steve Madden Women's Kendrix Mule Heels - White - Size 5 - Leather","Crafted from luxurious materials, the KENDRIX WHITE LEATHER mule heel features a rounded-toe design for added comfort and elegance. Perfect for any occasion, these heels effortlessly elevate any outfit with a touch of sophistication. 3 inch heel height Leather upper material Synthetic lining Synthetic sock Synthetic sole Imported Steve Madden KENDRIX WHITE LEATHER | 5 | Steve Madden Women's Kendrix Mule Heels - White - Size 5 - Leather",109.95,109.95,https://cdn.shopify.com/s/files/1/2170/8465/files/STEVEMADDEN_SHOES_KENDRIX_WHITE-LEATHER_01.jpg,Women's Shoes > Heels,Women's Shoes > Heels,22/09/2026,,FALSE,41438417027205,,IN STOCK,,"10, 11, 5, 5.5, 6, 6.5, 7, 7.5, 8, 8.5, 9, 9.5",White,,,380,TRUE,TRUE,FALSE
Steve Madden,7219827114117,7219827114117,7219827114117,Steve Madden Women's Liandra Rhinestones Block Heels - Mocha - Size 7.5,https://www.stevemadden.com/products/liandra-r-mocha?utm_source=display&utm_medium=programmatic&utm_campaign=performance&utm_content=rtg,"The LIANDRA MOCHA RHINESTONES is a stylish and versatile shoe with a platform block heel and square-toe design. With its elevated heel, it provides stability and comfort, making it perfect for all-day wear. Elevate any outfit with this modern twist on a classic style. 4.75 inch heel height 1.25 inch platform Synthetic upper material with rhinestones Synthetic lining Synthetic sock Synthetic sole Imported Steve Madden LIANDRA MOCHA RHINESTONES | 7.5 | Steve Madden Women's Liandra Rhinestones Block Heels - Mocha - Size 7.5","The LIANDRA MOCHA RHINESTONES is a stylish and versatile shoe with a platform block heel and square-toe design. With its elevated heel, it provides stability and comfort, making it perfect for all-day wear. Elevate any outfit with this modern twist on a classic style. 4.75 inch heel height 1.25 inch platform Synthetic upper material with rhinestones Synthetic lining Synthetic sock Synthetic sole Imported Steve Madden LIANDRA MOCHA RHINESTONES | 7.5 | Steve Madden Women's Liandra Rhinestones Block Heels - Mocha - Size 7.5",99.99,129.95,https://cdn.shopify.com/s/files/1/2170/8465/files/STEVEMADDEN_SHOES_LIANDRA-R_MOCHA-MS01.jpg,Women's Shoes > Heels,Women's Shoes > Heels,22/09/2026,,FALSE,41438502224005,,IN STOCK,,"10, 7.5, 8, 8.5, 9, 9.5",Mocha,,,386,TRUE,TRUE,TRUE
Steve Madden,7219827998853,7219827998853,7219827998853,Steve Madden Women's Jelina Strappy Heels - Clear - Size 5.5 - PVC,https://www.stevemadden.com/products/jelina-clear?utm_source=display&utm_medium=programmatic&utm_campaign=performance&utm_content=rtg,"The JELINA CLEAR combines timeless fisherman styling with a modern jelly construction, delivering a distinctive silhouette that bridges classic and contemporary aesthetics. This kitten heel offers refined sophistication without sacrificing comfort, making it an ideal choice for those seeking understated elegance. The jelly design adds playful dimension while maintaining a polished appearance suitable for both casual and elevated occasions. 1.5 inch heel height PVC upper material Unlined Synthetic sock Synthetic sole Imported Steve Madden JELINA CLEAR | 5.5 | Steve Madden Women's Jelina Strappy Heels - Clear - Size 5.5 - PVC","The JELINA CLEAR combines timeless fisherman styling with a modern jelly construction, delivering a distinctive silhouette that bridges classic and contemporary aesthetics. This kitten heel offers refined sophistication without sacrificing comfort, making it an ideal choice for those seeking understated elegance. The jelly design adds playful dimension while maintaining a polished appearance suitable for both casual and elevated occasions. 1.5 inch heel height PVC upper material Unlined Synthetic sock Synthetic sole Imported Steve Madden JELINA CLEAR | 5.5 | Steve Madden Women's Jelina Strappy Heels - Clear - Size 5.5 - PVC",39.99,89.95,https://cdn.shopify.com/s/files/1/2170/8465/files/STEVEMADDEN_SHOES_JELINA_CLEAR01.jpg,Women's Shoes > Heels,Women's Shoes > Heels,22/09/2026,,FALSE,41438509826181,,IN STOCK,,"10, 5.5, 6, 6.5, 7, 7.5, 8, 8.5, 9, 9.5",Clear,,,387,TRUE,TRUE,TRUE
Steve Madden,7219975979141,7219975979141,7219975979141,Steve Madden Women's Alonso Block Heels - Black - Size 6.5 - Leather,https://www.stevemadden.com/products/alonso-black-leather-1?utm_source=display&utm_medium=programmatic&utm_campaign=performance&utm_content=rtg,"The ALONSO BLACK LEATHER combines timeless style with modern comfort. This sleek heel features a sturdy block heel for all-day wearability, a contemporary square-toe silhouette, and a secure ankle strap with buckle closure. Perfect for transitioning from office to evening, this versatile piece pairs effortlessly with dresses, jeans, or tailored trousers. A wardrobe essential that delivers both sophistication and practicality. 3.25 inch heel height Leather upper material Synthetic lining Synthetic sock Synthetic sole Imported Steve Madden ALONSO BLACK LEATHER | 6.5 | Steve Madden Women's Alonso Block Heels - Black - Size 6.5 - Leather","The ALONSO BLACK LEATHER combines timeless style with modern comfort. This sleek heel features a sturdy block heel for all-day wearability, a contemporary square-toe silhouette, and a secure ankle strap with buckle closure. Perfect for transitioning from office to evening, this versatile piece pairs effortlessly with dresses, jeans, or tailored trousers. A wardrobe essential that delivers both sophistication and practicality. 3.25 inch heel height Leather upper material Synthetic lining Synthetic sock Synthetic sole Imported Steve Madden ALONSO BLACK LEATHER | 6.5 | Steve Madden Women's Alonso Block Heels - Black - Size 6.5 - Leather",89.99,129.95,https://cdn.shopify.com/s/files/1/2170/8465/files/STEVEMADDEN_SHOES_ALONSO_BLACK-LEATHER01.jpg,Women's Shoes > Heels,Women's Shoes > Heels,22/09/2026,,FALSE,41439148179589,,IN STOCK,,"10, 6.5, 7, 7.5, 8, 8.5, 9, 9.5",Black,,,391,TRUE,TRUE,TRUE
Steve Madden,7219976011909,7219976011909,7219976011909,Steve Madden Women's Dyra Mesh Heels - Navy Multi - Size 8.5,https://www.stevemadden.com/products/dyra-navy-multi?utm_source=display&utm_medium=programmatic&utm_campaign=performance&utm_content=rtg,"The DYRA NAVY MULTI is a sophisticated slingback wedge that combines modern design with practical elegance. The mesh material creates an airy, contemporary silhouette while the wedge heel provides comfortable all-day support and stability. The slingback strap ensures a secure fit, making this versatile style perfect for both professional and casual occasions. Crafted with attention to detail, this shoe seamlessly transitions from day to evening wear. 3.75 inch heel height Textile and synthetic upper material Unlined Synthetic sock Synthetic sole Imported Steve Madden DYRA NAVY MULTI | 8.5 | Steve Madden Women's Dyra Mesh Heels - Navy Multi - Size 8.5","The DYRA NAVY MULTI is a sophisticated slingback wedge that combines modern design with practical elegance. The mesh material creates an airy, contemporary silhouette while the wedge heel provides comfortable all-day support and stability. The slingback strap ensures a secure fit, making this versatile style perfect for both professional and casual occasions. Crafted with attention to detail, this shoe seamlessly transitions from day to evening wear. 3.75 inch heel height Textile and synthetic upper material Unlined Synthetic sock Synthetic sole Imported Steve Madden DYRA NAVY MULTI | 8.5 | Steve Madden Women's Dyra Mesh Heels - Navy Multi - Size 8.5",59.99,139.95,https://cdn.shopify.com/s/files/1/2170/8465/files/STEVEMADDEN_SHOES_DYRA_NAVY01.jpg,Women's Shoes > Heels,Women's Shoes > Heels,22/09/2026,,FALSE,41439148736645,,IN STOCK,,8.5,Navy Multi,,,392,TRUE,TRUE,TRUE
Steve Madden,7220588085381,7220588085381,7220588085381,Steve Madden Women's Nola Block Heels - Natural - Size 6.5 - Synthetic,https://www.stevemadden.com/products/nola-natural?utm_source=display&utm_medium=programmatic&utm_campaign=performance&utm_content=rtg,"Step into effortless style with the NOLA NATURAL. This modern mule features a distinctive square toe and sturdy block heel for all-day comfort and stability. Thick, supportive straps keep your foot secure while delivering a bold, contemporary look. Perfect for transitioning from day to night with minimal effort. 2.25 inch heel height Raffia and synthetic upper material Textile and synthetic lining Synthetic sock Synthetic sole Imported Steve Madden NOLA NATURAL | 6.5 | Steve Madden Women's Nola Block Heels - Natural - Size 6.5 - Synthetic","Step into effortless style with the NOLA NATURAL. This modern mule features a distinctive square toe and sturdy block heel for all-day comfort and stability. Thick, supportive straps keep your foot secure while delivering a bold, contemporary look. Perfect for transitioning from day to night with minimal effort. 2.25 inch heel height Raffia and synthetic upper material Textile and synthetic lining Synthetic sock Synthetic sole Imported Steve Madden NOLA NATURAL | 6.5 | Steve Madden Women's Nola Block Heels - Natural - Size 6.5 - Synthetic",99.97,119.95,https://cdn.shopify.com/s/files/1/2170/8465/files/STEVEMADDEN_SHOES_NOLA_NATURAL-RAFFIA01.jpg,Women's Shoes > Heels,Women's Shoes > Heels,22/09/2026,,FALSE,41440811352197,,IN STOCK,,"10, 6.5, 7.5, 8, 8.5, 9, 9.5",Natural,,,396,TRUE,TRUE,TRUE
Steve Madden,7220589953157,7220589953157,7220589953157,Steve Madden Women's Zaloma Gold Detail Heels - Raffia - Size 6 - Synthetic,https://www.stevemadden.com/products/zaloma-raffia?utm_source=display&utm_medium=programmatic&utm_campaign=performance&utm_content=rtg,"The ZALOMA RAFFIA combines timeless elegance with practical design. This wedge heel features a secure ankle strap and distinctive buckle detail, delivering both stability and sophisticated style. The wedge construction provides comfortable all-day wearability while the color pairs effortlessly with any wardrobe. Perfect for transitioning from office to evening occasions. 2.25 inch heel height Raffia upper material Synthetic lining Synthetic sole Synthetic sock Imported Steve Madden ZALOMA RAFFIA | 6 | Steve Madden Women's Zaloma Gold Detail Heels - Raffia - Size 6 - Synthetic","The ZALOMA RAFFIA combines timeless elegance with practical design. This wedge heel features a secure ankle strap and distinctive buckle detail, delivering both stability and sophisticated style. The wedge construction provides comfortable all-day wearability while the color pairs effortlessly with any wardrobe. Perfect for transitioning from office to evening occasions. 2.25 inch heel height Raffia upper material Synthetic lining Synthetic sole Synthetic sock Imported Steve Madden ZALOMA RAFFIA | 6 | Steve Madden Women's Zaloma Gold Detail Heels - Raffia - Size 6 - Synthetic",69.99,99.95,https://cdn.shopify.com/s/files/1/2170/8465/files/STEVEMADDEN_SHOES_ZALOMA_RAFFIA01.jpg,Women's Shoes > Heels,Women's Shoes > Heels,22/09/2026,,FALSE,41440816791685,,IN STOCK,,"10, 11, 6, 6.5, 7.5, 8, 8.5, 9, 9.5",Raffia,,,400,TRUE,TRUE,TRUE
Steve Madden,7220991164549,7220991164549,7220991164549,Steve Madden Women's Exotica Strappy Heels - Lime - Size 6 - Synthetic,https://www.stevemadden.com/products/exotica-lime-patent?utm_source=display&utm_medium=programmatic&utm_campaign=performance&utm_content=rtg,TIMELESS + GLAM + CHARMING Add a touch of luxury to your wardrobe with EXOTICA LIME PATENT. This stiletto sandal with a strappy wrap around the leg provides a unique look and feel that stands out in any crowd. Stiletto dress sandal Slip-on style with coil ankle strap 4.5 inch heel height Synthetic upper material Synthetic lining Synthetic sock Synthetic sole Imported Steve Madden EXOTICA LIME PATENT | 6 | Steve Madden Women's Exotica Strappy Heels - Lime - Size 6 - Synthetic,TIMELESS + GLAM + CHARMING Add a touch of luxury to your wardrobe with EXOTICA LIME PATENT. This stiletto sandal with a strappy wrap around the leg provides a unique look and feel that stands out in any crowd. Stiletto dress sandal Slip-on style with coil ankle strap 4.5 inch heel height Synthetic upper material Synthetic lining Synthetic sock Synthetic sole Imported Steve Madden EXOTICA LIME PATENT | 6 | Steve Madden Women's Exotica Strappy Heels - Lime - Size 6 - Synthetic,69.99,119.95,https://cdn.shopify.com/s/files/1/2170/8465/files/STEVEMADDEN_SHOES_EXOTICA_LIME-PATENT01.jpg,Women's Shoes > Heels,Women's Shoes > Heels,22/09/2026,,FALSE,41443324919941,,IN STOCK,,"10, 6, 6.5, 7, 7.5, 8, 8.5, 9, 9.5",Lime,,,403,TRUE,TRUE,TRUE
Steve Madden,7220992475269,7220992475269,7220992475269,Steve Madden Women's Terry Thong Heels - Black Snake - Size 6 - Leather,https://www.stevemadden.com/products/terry-black-snake?utm_source=display&utm_medium=programmatic&utm_campaign=performance&utm_content=rtg,"The TERRY BLACK SNAKE is a thong kitten heel that combines timeless elegance with everyday wearability. The delicate thong strap offers a sleek, minimalist silhouette, while the modest heel provides comfortable lift without sacrificing stability. Perfect for transitioning from day to night, this versatile style pairs effortlessly with dresses, skirts, or tailored pants. 1.25 inch heel height Vegan leather upper material Vegan leather lining Vegan leather sock Synthetic sole Imported Steve Madden TERRY BLACK SNAKE | 6 | Steve Madden Women's Terry Thong Heels - Black Snake - Size 6 - Leather","The TERRY BLACK SNAKE is a thong kitten heel that combines timeless elegance with everyday wearability. The delicate thong strap offers a sleek, minimalist silhouette, while the modest heel provides comfortable lift without sacrificing stability. Perfect for transitioning from day to night, this versatile style pairs effortlessly with dresses, skirts, or tailored pants. 1.25 inch heel height Vegan leather upper material Vegan leather lining Vegan leather sock Synthetic sole Imported Steve Madden TERRY BLACK SNAKE | 6 | Steve Madden Women's Terry Thong Heels - Black Snake - Size 6 - Leather",39.99,79.95,https://cdn.shopify.com/s/files/1/2170/8465/files/STEVEMADDEN_SHOES_TERRY_BLACK01.jpg,Women's Shoes > Heels,Women's Shoes > Heels,22/09/2026,,FALSE,41443335241861,,IN STOCK,,"6, 7.5, 8.5",Black Snake,,,408,TRUE,TRUE,TRUE
Steve Madden,7222556917893,7222556917893,7222556917893,Steve Madden Women's Xtra Mesh Heels - Red - Size 5.5 - Leather,https://www.stevemadden.com/products/xtra-red?utm_source=display&utm_medium=programmatic&utm_campaign=performance&utm_content=rtg,"The XTRA RED features a breathable mesh material that keeps your feet cool and comfortable throughout the day. The delicate kitten heel provides just the right amount of lift without sacrificing wearability, making it perfect for extended wear. A secure slingback design ensures an adjustable fit that moves with you. Effortless style meets everyday comfort in this versatile essential. 2.25 inch heel height Textile upper material Unlined Vegan leather sock Synthetic sole Imported Steve Madden XTRA RED | 5.5 | Steve Madden Women's Xtra Mesh Heels - Red - Size 5.5 - Leather","The XTRA RED features a breathable mesh material that keeps your feet cool and comfortable throughout the day. The delicate kitten heel provides just the right amount of lift without sacrificing wearability, making it perfect for extended wear. A secure slingback design ensures an adjustable fit that moves with you. Effortless style meets everyday comfort in this versatile essential. 2.25 inch heel height Textile upper material Unlined Vegan leather sock Synthetic sole Imported Steve Madden XTRA RED | 5.5 | Steve Madden Women's Xtra Mesh Heels - Red - Size 5.5 - Leather",49.99,109.95,https://cdn.shopify.com/s/files/1/2170/8465/files/STEVEMADDEN_SHOES_XTRA_RED_01.jpg,Women's Shoes > Heels,Women's Shoes > Heels,22/09/2026,,FALSE,41453152338053,,IN STOCK,,"5.5, 6, 6.5, 7, 7.5, 8, 8.5",Red,,,411,TRUE,TRUE,TRUE
Steve Madden,7222556983429,7222556983429,7222556983429,Steve Madden Women's Silene Platform Heels - Black - Size 5 - Leather,https://www.stevemadden.com/products/silene-black-leather?utm_source=display&utm_medium=programmatic&utm_campaign=performance&utm_content=rtg,"The SILENE BLACK LEATHER platform heel delivers sophisticated style with architectural precision. This stiletto pump features an elevated platform sole that enhances leg line while providing stability and comfort. The streamlined silhouette pairs effortlessly with everything from tailored trousers to evening wear, making it an essential addition to any discerning wardrobe. A timeless choice for those who appreciate refined footwear craftsmanship. 5.5 inch heel height 1.5 inch platform Leather upper material Vegan leather lining Vegan leather sock Synthetic sole Imported Steve Madden SILENE BLACK LEATHER | 5 | Steve Madden Women's Silene Platform Heels - Black - Size 5 - Leather","The SILENE BLACK LEATHER platform heel delivers sophisticated style with architectural precision. This stiletto pump features an elevated platform sole that enhances leg line while providing stability and comfort. The streamlined silhouette pairs effortlessly with everything from tailored trousers to evening wear, making it an essential addition to any discerning wardrobe. A timeless choice for those who appreciate refined footwear craftsmanship. 5.5 inch heel height 1.5 inch platform Leather upper material Vegan leather lining Vegan leather sock Synthetic sole Imported Steve Madden SILENE BLACK LEATHER | 5 | Steve Madden Women's Silene Platform Heels - Black - Size 5 - Leather",149.95,149.95,https://cdn.shopify.com/s/files/1/2170/8465/files/STEVEMADDEN_SHOES_SILENE_BLACK-LEATHER_01.jpg,Women's Shoes > Heels,Women's Shoes > Heels,22/09/2026,,FALSE,41453153157253,,IN STOCK,,"10, 11, 5, 5.5, 6, 6.5, 7, 7.5, 8, 8.5, 9, 9.5",Black,,,412,TRUE,TRUE,FALSE
Steve Madden,7223251271813,7223251271813,7223251271813,Steve Madden Women's Triana Thong Heels - Tan - Size 5.5 - Leather,https://www.stevemadden.com/products/triana-tan-leather?utm_source=display&utm_medium=programmatic&utm_campaign=performance&utm_content=rtg,"The TRIANA TAN LEATHER is a sophisticated kitten heel that combines timeless elegance with modern comfort. This square-toe design features a delicate strappy silhouette with a signature toe strap and thong construction, creating a refined look that transitions seamlessly from day to evening. The modest heel height offers all-day wearability without sacrificing style, making it an essential addition to any footwear collection. 2.25 inch heel height Leather upper material Vegan leather lining Vegan leather sock Synthetic sole Imported Steve Madden TRIANA TAN LEATHER | 5.5 | Steve Madden Women's Triana Thong Heels - Tan - Size 5.5 - Leather","The TRIANA TAN LEATHER is a sophisticated kitten heel that combines timeless elegance with modern comfort. This square-toe design features a delicate strappy silhouette with a signature toe strap and thong construction, creating a refined look that transitions seamlessly from day to evening. The modest heel height offers all-day wearability without sacrificing style, making it an essential addition to any footwear collection. 2.25 inch heel height Leather upper material Vegan leather lining Vegan leather sock Synthetic sole Imported Steve Madden TRIANA TAN LEATHER | 5.5 | Steve Madden Women's Triana Thong Heels - Tan - Size 5.5 - Leather",49.99,109.95,https://cdn.shopify.com/s/files/1/2170/8465/files/STEVEMADDEN_SHOES_TRIANA_TAN-LEATHER_04.jpg,Women's Shoes > Heels,Women's Shoes > Heels,22/09/2026,,FALSE,41456726900869,,IN STOCK,,"10, 11, 5.5, 6, 6.5, 7, 7.5, 8, 8.5, 9, 9.5",Tan,,,415,TRUE,TRUE,TRUE
Steve Madden,7224801722501,7224801722501,7224801722501,Steve Madden Women's Valentin Thong Heels - Blue - Size 6.5 - Leather,https://www.stevemadden.com/products/valentin-blue-leather?utm_source=display&utm_medium=programmatic&utm_campaign=performance&utm_content=rtg,"The VALENTIN BLUE LEATHER heel features a timeless round toe silhouette with an elegant toe-strap design. The sophisticated style combines classic appeal with modern comfort, making it perfect for elevated everyday wear or special occasions. Crafted with attention to detail, this mule delivers both style and wearability for the contemporary woman. 3.25 inch heel height Leather upper material Vegan leather lining Vegan leather sock Synthetic sole Imported Steve Madden VALENTIN BLUE LEATHER | 6.5 | Steve Madden Women's Valentin Thong Heels - Blue - Size 6.5 - Leather","The VALENTIN BLUE LEATHER heel features a timeless round toe silhouette with an elegant toe-strap design. The sophisticated style combines classic appeal with modern comfort, making it perfect for elevated everyday wear or special occasions. Crafted with attention to detail, this mule delivers both style and wearability for the contemporary woman. 3.25 inch heel height Leather upper material Vegan leather lining Vegan leather sock Synthetic sole Imported Steve Madden VALENTIN BLUE LEATHER | 6.5 | Steve Madden Women's Valentin Thong Heels - Blue - Size 6.5 - Leather",79.99,109.95,https://cdn.shopify.com/s/files/1/2170/8465/files/STEVEMADDEN_SHOES_VALENTIN_BLUE-LEATHER_01.jpg,Women's Shoes > Heels,Women's Shoes > Heels,22/09/2026,,FALSE,41462589358213,,IN STOCK,,"6.5, 7.5",Blue,,,419,TRUE,TRUE,TRUE
Steve Madden,7224801820805,7224801820805,7224801820805,Steve Madden Women's Valentin Thong Heels - Black - Size 6 - Leather,https://www.stevemadden.com/products/valentin-black-leather?utm_source=display&utm_medium=programmatic&utm_campaign=performance&utm_content=rtg,"The VALENTIN BLACK LEATHER heel features a timeless round toe silhouette with an elegant toe-strap design. The sophisticated style combines classic appeal with modern comfort, making it perfect for elevated everyday wear or special occasions. Crafted with attention to detail, this mule delivers both style and wearability for the contemporary woman. 3.25 inch heel height Leather upper material Vegan leather lining Vegan leather sock Synthetic sole Imported Steve Madden VALENTIN BLACK LEATHER | 6 | Steve Madden Women's Valentin Thong Heels - Black - Size 6 - Leather","The VALENTIN BLACK LEATHER heel features a timeless round toe silhouette with an elegant toe-strap design. The sophisticated style combines classic appeal with modern comfort, making it perfect for elevated everyday wear or special occasions. Crafted with attention to detail, this mule delivers both style and wearability for the contemporary woman. 3.25 inch heel height Leather upper material Vegan leather lining Vegan leather sock Synthetic sole Imported Steve Madden VALENTIN BLACK LEATHER | 6 | Steve Madden Women's Valentin Thong Heels - Black - Size 6 - Leather",79.99,109.95,https://cdn.shopify.com/s/files/1/2170/8465/files/STEVE_MADDEN_SHOES_VALENTIN_BLACK_SIDE2.jpg,Women's Shoes > Heels,Women's Shoes > Heels,22/09/2026,,FALSE,41462590177413,,IN STOCK,,"6, 6.5, 8.5, 9.5",Black,,,420,TRUE,TRUE,TRUE
Steve Madden,7224802050181,7224802050181,7224802050181,Steve Madden Women's Cato Block Heels - Champagne - Size 6 - Leather,https://www.stevemadden.com/products/cato-champagne-leather?utm_source=display&utm_medium=programmatic&utm_campaign=performance&utm_content=rtg,"The CATO CHAMPAGNE LEATHER heel combines timeless elegance with practical comfort. Its sturdy block heel provides stability without sacrificing style, while the adjustable strap delivers a customized fit. The rounded toe creates a polished, approachable look that complements both professional and casual ensembles. 4.25 inch heel height Leather upper material with ornamentation Unlined Vegan leather sock Synthetic sole Imported Steve Madden CATO CHAMPAGNE LEATHER | 6 | Steve Madden Women's Cato Block Heels - Champagne - Size 6 - Leather","The CATO CHAMPAGNE LEATHER heel combines timeless elegance with practical comfort. Its sturdy block heel provides stability without sacrificing style, while the adjustable strap delivers a customized fit. The rounded toe creates a polished, approachable look that complements both professional and casual ensembles. 4.25 inch heel height Leather upper material with ornamentation Unlined Vegan leather sock Synthetic sole Imported Steve Madden CATO CHAMPAGNE LEATHER | 6 | Steve Madden Women's Cato Block Heels - Champagne - Size 6 - Leather",89.99,129.95,https://cdn.shopify.com/s/files/1/2170/8465/files/STEVEMADDEN_SHOES_CATO_CHAMPAGNE_01.jpg,Women's Shoes > Heels,Women's Shoes > Heels,22/09/2026,,FALSE,41462594994309,,IN STOCK,,"10, 6, 7.5, 8, 8.5, 9, 9.5",Champagne,,,421,TRUE,TRUE,TRUE
Steve Madden,7225998049413,7225998049413,7225998049413,Steve Madden Women's Davina Mule Heels - White - Size 5 - Leather,https://www.stevemadden.com/products/davina-white-patent?utm_source=display&utm_medium=programmatic&utm_campaign=performance&utm_content=rtg,"The DAVINA WHITE PATENT mule combines timeless elegance with modern versatility. This open-toe stiletto features a sleek round-toe silhouette that elevates any ensemble. The streamlined heel design offers a sophisticated lift while maintaining all-day wearability. Perfect for transitioning from office to evening, this essential mule delivers polished style with effortless grace. 4.25 inch heel height Vegan patent leather upper material Vegan leather lining Vegan leather sock Synthetic sole Imported Steve Madden DAVINA WHITE PATENT | 5 | Steve Madden Women's Davina Mule Heels - White - Size 5 - Leather","The DAVINA WHITE PATENT mule combines timeless elegance with modern versatility. This open-toe stiletto features a sleek round-toe silhouette that elevates any ensemble. The streamlined heel design offers a sophisticated lift while maintaining all-day wearability. Perfect for transitioning from office to evening, this essential mule delivers polished style with effortless grace. 4.25 inch heel height Vegan patent leather upper material Vegan leather lining Vegan leather sock Synthetic sole Imported Steve Madden DAVINA WHITE PATENT | 5 | Steve Madden Women's Davina Mule Heels - White - Size 5 - Leather",129.95,129.95,https://cdn.shopify.com/s/files/1/2170/8465/files/STEVEMADDEN_SHOES_DAVINA_WHITE-PATENT01.jpg,Women's Shoes > Heels,Women's Shoes > Heels,22/09/2026,,FALSE,41468227256453,,IN STOCK,,"10, 11, 5, 5.5, 6, 6.5, 7, 7.5, 8, 8.5, 9, 9.5",White,,,423,TRUE,TRUE,FALSE
Steve Madden,7230240751749,7230240751749,7230240751749,Steve Madden Women's Alaric Platform Heels - Red - Size 5 - Leather,https://www.stevemadden.com/products/alaric-red-leather?utm_source=display&utm_medium=programmatic&utm_campaign=performance&utm_content=rtg,"The ALARIC RED LEATHER heel delivers bold sophistication and confident style. The elevated platform provides comfortable height while the peep toe adds a flirty, modern touch. A secure ankle strap ensures stability, while the sleek stiletto heel elongates the leg for a polished finish. Perfect for nights out or special occasions when you want to make a statement. 6 inch heel height 1.5 inch platform Leather upper material Vegan leather lining Vegan leather sock Synthetic sole Imported Steve Madden ALARIC RED LEATHER | 5 | Steve Madden Women's Alaric Platform Heels - Red - Size 5 - Leather","The ALARIC RED LEATHER heel delivers bold sophistication and confident style. The elevated platform provides comfortable height while the peep toe adds a flirty, modern touch. A secure ankle strap ensures stability, while the sleek stiletto heel elongates the leg for a polished finish. Perfect for nights out or special occasions when you want to make a statement. 6 inch heel height 1.5 inch platform Leather upper material Vegan leather lining Vegan leather sock Synthetic sole Imported Steve Madden ALARIC RED LEATHER | 5 | Steve Madden Women's Alaric Platform Heels - Red - Size 5 - Leather",119.99,169.95,https://cdn.shopify.com/s/files/1/2170/8465/files/STEVEMADDEN_SHOES_ALARIC_RED-LEATHER_01.jpg,Women's Shoes > Heels,Women's Shoes > Heels,22/09/2026,,FALSE,41480425406597,,IN STOCK,,"5, 5.5, 6, 6.5, 7, 7.5, 8, 8.5, 9, 9.5",Red,,,426,TRUE,TRUE,TRUE
Steve Madden,7231365152901,7231365152901,7231365152901,Steve Madden Women's Jules Mule Heels - Black - Size 6 - Leather,https://www.stevemadden.com/products/jules-black-leather?utm_source=display&utm_medium=programmatic&utm_campaign=performance&utm_content=rtg,"The JULES BLACK LEATHER mule combines effortless style with everyday comfort. Featuring a peep toe design that adds a playful touch and a sleek heel for polished sophistication, this versatile shoe transitions seamlessly from office to evening. Perfect for those who want to make an impact without sacrificing wearability. 4.5 inch heel height Leather upper material Vegan leather lining Vegan leather sock Synthetic sole Imported Steve Madden JULES BLACK LEATHER | 6 | Steve Madden Women's Jules Mule Heels - Black - Size 6 - Leather","The JULES BLACK LEATHER mule combines effortless style with everyday comfort. Featuring a peep toe design that adds a playful touch and a sleek heel for polished sophistication, this versatile shoe transitions seamlessly from office to evening. Perfect for those who want to make an impact without sacrificing wearability. 4.5 inch heel height Leather upper material Vegan leather lining Vegan leather sock Synthetic sole Imported Steve Madden JULES BLACK LEATHER | 6 | Steve Madden Women's Jules Mule Heels - Black - Size 6 - Leather",90.97,129.95,https://cdn.shopify.com/s/files/1/2170/8465/files/STEVEMADDEN_SHOES_JULES_BLACK-LEATHER01.jpg,Women's Shoes > Heels,Women's Shoes > Heels,22/09/2026,,FALSE,41483703943301,,IN STOCK,,"10, 6, 6.5, 7, 7.5, 8, 8.5, 9, 9.5",Black,,,432,TRUE,TRUE,TRUE
Steve Madden,7233806368901,7233806368901,7233806368901,Steve Madden Women's Halea Block Heels - Denim Multi - Size 5 - Leather,https://www.stevemadden.com/products/halea-denim-multi?utm_source=display&utm_medium=programmatic&utm_campaign=performance&utm_content=rtg,The HALEA DENIM MULTI features a block heel and platform design for all-day comfort and stability. An ankle strap keeps your foot secure while the elevated heel adds a polished finish to any outfit. Perfect for transitioning from day to night with effortless style. 4.5 inch heel height 2.25 inch platform height Textile upper material Vegan leather lining Vegan leather sock Synthetic sole Imported Steve Madden HALEA DENIM MULTI | 5 | Steve Madden Women's Halea Block Heels - Denim Multi - Size 5 - Leather,The HALEA DENIM MULTI features a block heel and platform design for all-day comfort and stability. An ankle strap keeps your foot secure while the elevated heel adds a polished finish to any outfit. Perfect for transitioning from day to night with effortless style. 4.5 inch heel height 2.25 inch platform height Textile upper material Vegan leather lining Vegan leather sock Synthetic sole Imported Steve Madden HALEA DENIM MULTI | 5 | Steve Madden Women's Halea Block Heels - Denim Multi - Size 5 - Leather,69.99,149.95,https://cdn.shopify.com/s/files/1/2170/8465/files/STEVEMADDEN_SHOES_HALEA_DENIM01.jpg,Women's Shoes > Heels,Women's Shoes > Heels,22/09/2026,,FALSE,41492607500421,,IN STOCK,,"5, 5.5, 6, 7, 7.5, 8",Denim Multi,,,434,TRUE,TRUE,TRUE
Steve Madden,7236309418117,7236309418117,7236309418117,Steve Madden Women's Kendrix Mule Heels - Fawn - Size 8.5 - Leather,https://www.stevemadden.com/products/kendrix-h-fawn?utm_source=display&utm_medium=programmatic&utm_campaign=performance&utm_content=rtg,"Crafted from luxurious materials, the KENDRIX FAWN mule heel features a rounded-toe design for added comfort and elegance. Perfect for any occasion, these heels effortlessly elevate any outfit with a touch of sophistication. 3 inch heel height Leather upper material Vegan leather lining Vegan leather sock Synthetic sole Imported Steve Madden KENDRIX FAWN | 8.5 | Steve Madden Women's Kendrix Mule Heels - Fawn - Size 8.5 - Leather","Crafted from luxurious materials, the KENDRIX FAWN mule heel features a rounded-toe design for added comfort and elegance. Perfect for any occasion, these heels effortlessly elevate any outfit with a touch of sophistication. 3 inch heel height Leather upper material Vegan leather lining Vegan leather sock Synthetic sole Imported Steve Madden KENDRIX FAWN | 8.5 | Steve Madden Women's Kendrix Mule Heels - Fawn - Size 8.5 - Leather",89.99,119.95,https://cdn.shopify.com/s/files/1/2170/8465/files/STEVEMADDEN_SHOES_KENDRIX_LT-FAWN_01.jpg,Women's Shoes > Heels,Women's Shoes > Heels,22/09/2026,,FALSE,41501412294789,,IN STOCK,,8.5,Fawn,,,438,TRUE,TRUE,TRUE
Steve Madden,7241517826181,7241517826181,7241517826181,Steve Madden Women's Noir Pointed Toe Heels - Fawn - Size 7 - Leather,https://www.stevemadden.com/products/noir-h-fawn?utm_source=display&utm_medium=programmatic&utm_campaign=performance&utm_content=rtg,"Crafted from luxurious materials, these NOIR FAWN pumps add a touch of sophistication to any outfit with their sharp pointed-toe design and stiletto heel. Perfect for any occasion, these pumps offer a timeless and elegant look that will elevate your style. 4 inch heel height Leather upper material Vegan leather lining Vegan leather sock Synthetic sole Imported Steve Madden NOIR FAWN | 7 | Steve Madden Women's Noir Pointed Toe Heels - Fawn - Size 7 - Leather","Crafted from luxurious materials, these NOIR FAWN pumps add a touch of sophistication to any outfit with their sharp pointed-toe design and stiletto heel. Perfect for any occasion, these pumps offer a timeless and elegant look that will elevate your style. 4 inch heel height Leather upper material Vegan leather lining Vegan leather sock Synthetic sole Imported Steve Madden NOIR FAWN | 7 | Steve Madden Women's Noir Pointed Toe Heels - Fawn - Size 7 - Leather",89.99,129.95,https://cdn.shopify.com/s/files/1/2170/8465/files/STEVEMADDEN_SHOES_NOIR-H_FAWN_01_071544d2-51c0-4a31-8bf7-ba9bd704e8e6.jpg,Women's Shoes > Heels,Women's Shoes > Heels,22/09/2026,,FALSE,41513448636549,,IN STOCK,,"7, 7.5, 8.5",Fawn,,,443,TRUE,TRUE,TRUE
Steve Madden,7241687269509,7241687269509,7241687269509,Steve Madden Women's Alyse Heel & Anklet Bundle,https://www.stevemadden.com/products/alyse-heel-and-anklet-bundle?utm_source=display&utm_medium=programmatic&utm_campaign=performance&utm_content=rtg,"The ALYSE MOCHA MESH square-toe mule delivers understated sophistication with its refined silhouette and kitten heel. This versatile style transitions seamlessly from office to evening, offering the comfort of a slip-on design without compromising on polish. The structured square toe provides a contemporary edge, while the delicate heel height ensures all-day wearability. An essential addition to any footwear collection. 2.5 inch heel height Textile upper material Synthetic lining Vegan leather sock Synthetic sole Imported This LINK CHAIN anklet is a versatile and stylish accessory, perfect for adding a touch of sophistication to any outfit. The sturdy link chain design ensures a secure fit, while the color adds a touch of glamour. Elevate your look with this must-have accessory. Link chain anklet Lobster clasp closure Length: 9 inches + 1 inch extender Metal Materials: 99% Iron & 1% Cubic Zirconia Weight: 28g Imported Steve Madden ALYSE HEEL & ANKLET BUNDLE | Steve Madden Women's Alyse Heel & Anklet Bundle","The ALYSE MOCHA MESH square-toe mule delivers understated sophistication with its refined silhouette and kitten heel. This versatile style transitions seamlessly from office to evening, offering the comfort of a slip-on design without compromising on polish. The structured square toe provides a contemporary edge, while the delicate heel height ensures all-day wearability. An essential addition to any footwear collection. 2.5 inch heel height Textile upper material Synthetic lining Vegan leather sock Synthetic sole Imported This LINK CHAIN anklet is a versatile and stylish accessory, perfect for adding a touch of sophistication to any outfit. The sturdy link chain design ensures a secure fit, while the color adds a touch of glamour. Elevate your look with this must-have accessory. Link chain anklet Lobster clasp closure Length: 9 inches + 1 inch extender Metal Materials: 99% Iron & 1% Cubic Zirconia Weight: 28g Imported Steve Madden ALYSE HEEL & ANKLET BUNDLE | Steve Madden Women's Alyse Heel & Anklet Bundle",74.98,74.98,https://cdn.shopify.com/s/files/1/2170/8465/files/SM_2026_FEBRUARY_DTC_14_ALYSE_MESH_018.jpg,Women's Shoes > Heels,Women's Shoes > Heels,22/09/2026,,FALSE,41514660429957,,IN STOCK,,"10, 6, 6.5, 7, 7.5, 8, 8.5, 9, 9.5",,,,444,TRUE,TRUE,FALSE
Steve Madden,7241725640837,7241725640837,7241725640837,Steve Madden Women's Raquelle Block Heels - Chestnut Suede - Size 6 - Leather,https://www.stevemadden.com/products/raquelle-chestnut-suede?utm_source=display&utm_medium=programmatic&utm_campaign=performance&utm_content=rtg,"Step into effortless style with the RAQUELLE CHESTNUT SUEDE thong heel designed for all-day comfort. The sturdy block heel provides stable support, while the square-toe silhouette offers a modern edge. The delicate bead embellishment adds a touch of sophistication to the strappy design. Perfect for transitioning from day to night with understated elegance. 2.25 inch heel height Suede upper material Unlined Vegan leather sock Synthetic sole Imported Steve Madden RAQUELLE CHESTNUT SUEDE | 6 | Steve Madden Women's Raquelle Block Heels - Chestnut Suede - Size 6 - Leather","Step into effortless style with the RAQUELLE CHESTNUT SUEDE thong heel designed for all-day comfort. The sturdy block heel provides stable support, while the square-toe silhouette offers a modern edge. The delicate bead embellishment adds a touch of sophistication to the strappy design. Perfect for transitioning from day to night with understated elegance. 2.25 inch heel height Suede upper material Unlined Vegan leather sock Synthetic sole Imported Steve Madden RAQUELLE CHESTNUT SUEDE | 6 | Steve Madden Women's Raquelle Block Heels - Chestnut Suede - Size 6 - Leather",69.99,119.95,https://cdn.shopify.com/s/files/1/2170/8465/files/STEVEMADDEN_SHOES_RAQUELLE_TAN-NUBUCK_01.jpg,Women's Shoes > Heels,Women's Shoes > Heels,22/09/2026,,FALSE,41514755063941,,IN STOCK,,"10, 6, 6.5, 7, 7.5, 8, 8.5, 9, 9.5",Chestnut Suede,,,445,TRUE,TRUE,TRUE
Steve Madden,7242262741125,7242262741125,7242262741125,Steve Madden Women's Janine Block Heels - Brown - Size 6 - Leather,https://www.stevemadden.com/products/janine-brown-leather?utm_source=display&utm_medium=programmatic&utm_campaign=performance&utm_content=rtg,"The JANINE BROWN LEATHER features a sophisticated silhouette with a striking cutout design that adds contemporary flair to your everyday rotation. The slingback strap ensures a secure, comfortable fit, while the block heel provides stable, all-day wearability without sacrificing style. A versatile choice that transitions seamlessly from office to evening occasions. 3 inch heel height Leather upper material Synthetic lining Synthetic sock Synthetic sole Imported Steve Madden JANINE BROWN LEATHER | 6 | Steve Madden Women's Janine Block Heels - Brown - Size 6 - Leather","The JANINE BROWN LEATHER features a sophisticated silhouette with a striking cutout design that adds contemporary flair to your everyday rotation. The slingback strap ensures a secure, comfortable fit, while the block heel provides stable, all-day wearability without sacrificing style. A versatile choice that transitions seamlessly from office to evening occasions. 3 inch heel height Leather upper material Synthetic lining Synthetic sock Synthetic sole Imported Steve Madden JANINE BROWN LEATHER | 6 | Steve Madden Women's Janine Block Heels - Brown - Size 6 - Leather",99.99,129.95,https://cdn.shopify.com/s/files/1/2170/8465/files/STEVEMADDEN_SHOES_JANINE_BROWN-LEATHER01.jpg,Women's Shoes > Heels,Women's Shoes > Heels,22/09/2026,,FALSE,41516737462405,,IN STOCK,,6,Brown,,,446,TRUE,TRUE,TRUE
Steve Madden,7244386238597,7244386238597,7244386238597,Steve Madden Women's Larina Lace-Up Heels - Blue Satin - Size 6,https://www.stevemadden.com/products/larina-blue-satin?utm_source=display&utm_medium=programmatic&utm_campaign=performance&utm_content=rtg,"Elevate your style with the LARINA BLUE SATIN ballet heels, featuring a sophisticated square-toe and a sleek lace-up design. Crafted to combine elegance with modern edge, this satin heel offers a refined silhouette perfect for both formal occasions and chic everyday wear. Ideal for those seeking a statement piece that balances fashion-forward design with expert craftsmanship. 4 inch heel height Textile upper material Synthetic lining Synthetic sock Synthetic sole Imported Steve Madden LARINA BLUE SATIN | 6 | Steve Madden Women's Larina Lace-Up Heels - Blue Satin - Size 6","Elevate your style with the LARINA BLUE SATIN ballet heels, featuring a sophisticated square-toe and a sleek lace-up design. Crafted to combine elegance with modern edge, this satin heel offers a refined silhouette perfect for both formal occasions and chic everyday wear. Ideal for those seeking a statement piece that balances fashion-forward design with expert craftsmanship. 4 inch heel height Textile upper material Synthetic lining Synthetic sock Synthetic sole Imported Steve Madden LARINA BLUE SATIN | 6 | Steve Madden Women's Larina Lace-Up Heels - Blue Satin - Size 6",119.95,119.95,https://cdn.shopify.com/s/files/1/2170/8465/files/STEVEMADDEN_SHOES_LARINA_BLUE-SATIN_01_7effbee0-7888-4db5-9932-91f58571f7ed.jpg,Women's Shoes > Heels,Women's Shoes > Heels,22/09/2026,,FALSE,41525623226501,,IN STOCK,,"10, 11, 6, 6.5, 7, 7.5, 8, 8.5, 9, 9.5",Blue Satin,,,447,TRUE,TRUE,FALSE
Steve Madden,7245760561285,7245760561285,7245760561285,Steve Madden Women's Silene Platform Heels - Chestnut Suede - Size 5 - Leather,https://www.stevemadden.com/products/silene-chestnut-suede?utm_source=display&utm_medium=programmatic&utm_campaign=performance&utm_content=rtg,"The SILENE CHESTNUT SUEDE platform heel delivers sophisticated style with architectural precision. This stiletto pump features an elevated platform sole that enhances leg line while providing stability and comfort. The streamlined silhouette pairs effortlessly with everything from tailored trousers to evening wear, making it an essential addition to any discerning wardrobe. A timeless choice for those who appreciate refined footwear craftsmanship. 5.5 inch heel height 1.5 inch platform Suede upper material Vegan leather lining Vegan leather sock Synthetic sole Imported Steve Madden SILENE CHESTNUT SUEDE | 5 | Steve Madden Women's Silene Platform Heels - Chestnut Suede - Size 5 - Leather","The SILENE CHESTNUT SUEDE platform heel delivers sophisticated style with architectural precision. This stiletto pump features an elevated platform sole that enhances leg line while providing stability and comfort. The streamlined silhouette pairs effortlessly with everything from tailored trousers to evening wear, making it an essential addition to any discerning wardrobe. A timeless choice for those who appreciate refined footwear craftsmanship. 5.5 inch heel height 1.5 inch platform Suede upper material Vegan leather lining Vegan leather sock Synthetic sole Imported Steve Madden SILENE CHESTNUT SUEDE | 5 | Steve Madden Women's Silene Platform Heels - Chestnut Suede - Size 5 - Leather",149.95,149.95,https://cdn.shopify.com/s/files/1/2170/8465/files/STEVEMADDEN_SHOES_SILENE_CHESTNUT-SUEDE_01.jpg,Women's Shoes > Heels,Women's Shoes > Heels,22/09/2026,,FALSE,41528436949125,,IN STOCK,,"10, 11, 5, 5.5, 6, 6.5, 7, 7.5, 8, 8.5, 9, 9.5",Chestnut Suede,,,449,TRUE,TRUE,FALSE
Steve Madden,7246855078021,7246855078021,7246855078021,Steve Madden Women's Evren Lace-Up Heels - Blue Print - Size 6 - Leather,https://www.stevemadden.com/products/evren-blue-print?utm_source=display&utm_medium=programmatic&utm_campaign=performance&utm_content=rtg,"The EVREN BLUE PRINT is a striking stiletto heel that combines elegance with edge. This strappy design features leg-tie details that wrap around the ankle, creating a sophisticated silhouette perfect for evening wear or special occasions. A versatile choice for anyone seeking a bold statement shoe that transitions seamlessly from day to night. 4.5 inch heel height Textile upper material Vegan leather lining Vegan leather sock Synthetic sole Imported Steve Madden EVREN BLUE PRINT | 6 | Steve Madden Women's Evren Lace-Up Heels - Blue Print - Size 6 - Leather","The EVREN BLUE PRINT is a striking stiletto heel that combines elegance with edge. This strappy design features leg-tie details that wrap around the ankle, creating a sophisticated silhouette perfect for evening wear or special occasions. A versatile choice for anyone seeking a bold statement shoe that transitions seamlessly from day to night. 4.5 inch heel height Textile upper material Vegan leather lining Vegan leather sock Synthetic sole Imported Steve Madden EVREN BLUE PRINT | 6 | Steve Madden Women's Evren Lace-Up Heels - Blue Print - Size 6 - Leather",89.99,129.95,https://cdn.shopify.com/s/files/1/2170/8465/files/STEVEMADDEN_SHOES_EVREN_BLUE-PRINT01.jpg,Women's Shoes > Heels,Women's Shoes > Heels,22/09/2026,,FALSE,41530652131461,,IN STOCK,,"6, 7",Blue Print,,,450,TRUE,TRUE,TRUE
Steve Madden,7249945591941,7249945591941,7249945591941,Steve Madden Women's Jaine Pointed Toe Heels - Wine - Size 6 - Leather,https://www.stevemadden.com/products/jaine-wine-patent?utm_source=display&utm_medium=programmatic&utm_campaign=performance&utm_content=rtg,"The JAINE WINE PATENT is a sophisticated pump that elevates any outfit with its sharp pointed toe and commanding stiletto heel. The signature Mary Jane strap with a snap closure adds a charming, secure fit that keeps you comfortable through your day. This style bridges classic elegance with modern confidence-perfect for those moments when you want to feel polished. 4 inch heel height Vegan patent leather upper material Vegan leather lining Vegan leather sock Synthetic sole Imported Steve Madden JAINE WINE PATENT | 6 | Steve Madden Women's Jaine Pointed Toe Heels - Wine - Size 6 - Leather","The JAINE WINE PATENT is a sophisticated pump that elevates any outfit with its sharp pointed toe and commanding stiletto heel. The signature Mary Jane strap with a snap closure adds a charming, secure fit that keeps you comfortable through your day. This style bridges classic elegance with modern confidence-perfect for those moments when you want to feel polished. 4 inch heel height Vegan patent leather upper material Vegan leather lining Vegan leather sock Synthetic sole Imported Steve Madden JAINE WINE PATENT | 6 | Steve Madden Women's Jaine Pointed Toe Heels - Wine - Size 6 - Leather",119.95,119.95,https://cdn.shopify.com/s/files/1/2170/8465/files/STEVEMADDEN_SHOES_JAINE_WINE-PATENT_01_1bb9805a-4e5e-49fd-ab4f-ea7a962870b6.jpg,Women's Shoes > Heels,Women's Shoes > Heels,22/09/2026,,FALSE,41545677340805,,IN STOCK,,"10, 6, 6.5, 7, 7.5, 8, 8.5, 9, 9.5",Wine,,,453,TRUE,TRUE,FALSE
Steve Madden,7250686214277,7250686214277,7250686214277,Steve Madden Women's Mika Block Heels - Black - Size 7 - Leather,https://www.stevemadden.com/products/mika-black-patent?utm_source=display&utm_medium=programmatic&utm_campaign=performance&utm_content=rtg,"The MIKA BLACK PATENT is a sophisticated block heel pump that combines timeless elegance with everyday wearability. The sturdy block heel provides comfortable all-day support, while the material adds a polished finish perfect for both professional and evening occasions. A versatile staple that transitions seamlessly from office to night out. 4 inch heel height Patent leather upper material Leather lining Leather sock Synthetic sole Imported Steve Madden MIKA BLACK PATENT | 7 | Steve Madden Women's Mika Block Heels - Black - Size 7 - Leather","The MIKA BLACK PATENT is a sophisticated block heel pump that combines timeless elegance with everyday wearability. The sturdy block heel provides comfortable all-day support, while the material adds a polished finish perfect for both professional and evening occasions. A versatile staple that transitions seamlessly from office to night out. 4 inch heel height Patent leather upper material Leather lining Leather sock Synthetic sole Imported Steve Madden MIKA BLACK PATENT | 7 | Steve Madden Women's Mika Block Heels - Black - Size 7 - Leather",229.95,229.95,https://cdn.shopify.com/s/files/1/2170/8465/files/STEVEMADDEN_SHOES_MIKA_BLACK-PATENT-LEATHER_01.jpg,Women's Shoes > Heels,Women's Shoes > Heels,22/09/2026,,FALSE,41549346373765,,IN STOCK,,"10, 7, 8, 9",Black,,,457,TRUE,TRUE,FALSE
Steve Madden,7250686279813,7250686279813,7250686279813,Steve Madden Women's Faroh Stone Thong Heels - Natural Multi - Size 7 - Leather,https://www.stevemadden.com/products/faroh-stone-natural-multi?utm_source=display&utm_medium=programmatic&utm_campaign=performance&utm_content=rtg,"The FAROH STONE NATURAL MULTI delivers refined elegance with its rounded toe silhouette and graceful heel. This versatile style transitions seamlessly from casual daytime wear to evening occasions, offering a sophisticated alternative to traditional footwear. The thong construction provides a secure yet breathable fit, while the gently rounded toe and lifted heel create a flattering leg line. Perfect for those seeking understated luxury with everyday wearability. 2.75 inch heel height Vegan leather upper material with ornaments Vegan leather lining Vegan leather sole Synthetic sock Imported Steve Madden FAROH STONE NATURAL MULTI | 7 | Steve Madden Women's Faroh Stone Thong Heels - Natural Multi - Size 7 - Leather","The FAROH STONE NATURAL MULTI delivers refined elegance with its rounded toe silhouette and graceful heel. This versatile style transitions seamlessly from casual daytime wear to evening occasions, offering a sophisticated alternative to traditional footwear. The thong construction provides a secure yet breathable fit, while the gently rounded toe and lifted heel create a flattering leg line. Perfect for those seeking understated luxury with everyday wearability. 2.75 inch heel height Vegan leather upper material with ornaments Vegan leather lining Vegan leather sole Synthetic sock Imported Steve Madden FAROH STONE NATURAL MULTI | 7 | Steve Madden Women's Faroh Stone Thong Heels - Natural Multi - Size 7 - Leather",59.99,119.95,https://cdn.shopify.com/s/files/1/2170/8465/files/STEVEMADDEN_SHOES_FAROH-STONES_NATURAL-MULTI01.jpg,Women's Shoes > Heels,Women's Shoes > Heels,22/09/2026,,FALSE,41549346865285,,IN STOCK,,"7, 8, 8.5",Natural Multi,,,458,TRUE,TRUE,TRUE
