prclient,prid,pridfiltered,prid_filtered,prname,prurl,prshortdescription,prdescription,prdisplayprice,prprice,primageurl,prcategory,prsubcategory,prcreatedon,pralternativeurl,prbestseller,prsku,pravailablequantity,pravailability,prquantitysold,prsize,prcolor,prcountry,prfromprice,prposition,isactive,isdefault,pronsale
Steve Madden,6657692205189,6657692205189,6657692205189,Steve Madden Women's Evelyn Bag - Black - Synthetic,https://www.stevemadden.com/products/dt618175-black?utm_source=display&utm_medium=programmatic&utm_campaign=performance&utm_content=rtg,"Clever interior organization and a matching modular zip pouch give the compact EVELYN BAG surprisingly roomy storage. Reinforced edges, structured side gussets, and custom hardware add to the substantial look and feel of this top-handle design. Structured top handle bag 2 gusseted compartments Top zipper compartment with interior zipper pocket Top flap compartment with snap closure Custom branded hardware at front Oversized O-ring top handle hardware Detachable zipper pouch Detachable adjustable branded webbing crossbody strap Fits daily essentials, including a phone, small wallet, keys, small headphones, and compact makeup Top handle strap: 2.25 inches Crossbody strap: 23 inches 7.25in H x 9.25in W x 4.5in D Synthetic materials Imported Steve Madden EVELYN BAG BLACK | One Size | Steve Madden Women's Evelyn Bag - Black - Synthetic","Clever interior organization and a matching modular zip pouch give the compact EVELYN BAG surprisingly roomy storage. Reinforced edges, structured side gussets, and custom hardware add to the substantial look and feel of this top-handle design. Structured top handle bag 2 gusseted compartments Top zipper compartment with interior zipper pocket Top flap compartment with snap closure Custom branded hardware at front Oversized O-ring top handle hardware Detachable zipper pouch Detachable adjustable branded webbing crossbody strap Fits daily essentials, including a phone, small wallet, keys, small headphones, and compact makeup Top handle strap: 2.25 inches Crossbody strap: 23 inches 7.25in H x 9.25in W x 4.5in D Synthetic materials Imported Steve Madden EVELYN BAG BLACK | One Size | Steve Madden Women's Evelyn Bag - Black - Synthetic",88.00,88.00,https://cdn.shopify.com/s/files/1/2170/8465/files/STEVEMADDEN_HANDBAGS_DT618175_BLACK_01.jpg,Accessories > Top Handle Bags,Accessories > Top Handle Bags,22/09/2026,,FALSE,39673243369605,,IN STOCK,,One Size,Black,,,1,TRUE,TRUE,FALSE
Steve Madden,6943379751045,6943379751045,6943379751045,Steve Madden Women's Lohan Bag - Black - Synthetic,https://www.stevemadden.com/products/blohan-black?utm_source=display&utm_medium=programmatic&utm_campaign=performance&utm_content=rtg,"The LOHAN bag is a structured crescent hobo shoulder bag that features a distinctive statement hardware piece, elevating its stylish appeal. Designed for both function and fashion, it includes two front zip compartments and an interior back wall pocket, offering organized storage for essentials. Its shape and sturdy construction ensure it maintains form while providing comfortable shoulder carry, making it a versatile accessory for refined everyday wear. Structured shoulder bag Statement two-tone hardware piece Interior back wall Fits more than the essentials, including a phone, a full-size wallet, headphones, a makeup pouch, and sunglasses Shoulder strap: 9 inches 8in H x 9in W x 3in D Synthetic materials Duster bag included Imported Steve Madden LOHAN BAG BLACK | One Size | Steve Madden Women's Lohan Bag - Black - Synthetic","The LOHAN bag is a structured crescent hobo shoulder bag that features a distinctive statement hardware piece, elevating its stylish appeal. Designed for both function and fashion, it includes two front zip compartments and an interior back wall pocket, offering organized storage for essentials. Its shape and sturdy construction ensure it maintains form while providing comfortable shoulder carry, making it a versatile accessory for refined everyday wear. Structured shoulder bag Statement two-tone hardware piece Interior back wall Fits more than the essentials, including a phone, a full-size wallet, headphones, a makeup pouch, and sunglasses Shoulder strap: 9 inches 8in H x 9in W x 3in D Synthetic materials Duster bag included Imported Steve Madden LOHAN BAG BLACK | One Size | Steve Madden Women's Lohan Bag - Black - Synthetic",84.00,84.00,https://cdn.shopify.com/s/files/1/2170/8465/files/STEVEMADDEN_HANDBAGS_BLOHAN_BLACK_01.jpg,Accessories > Shoulder Bags,Accessories > Shoulder Bags,22/09/2026,,FALSE,40586069704837,,IN STOCK,,One Size,Black,,,3,TRUE,TRUE,FALSE
Steve Madden,7092742193285,7092742193285,7092742193285,Steve Madden Women's Juliana Bag - Bronze - Synthetic,https://www.stevemadden.com/products/bjuliana-bronze?utm_source=display&utm_medium=programmatic&utm_campaign=performance&utm_content=rtg,"Expertly crafted and versatile, the JULIANA bag is a wardrobe staple. The clutch design offers convenience and style, with a magnetic snap closure and removable crossbody chain strap. Its interior back wall slip pocket holds credit cards and valuables, making it perfect for any occasion. Clutch handbag with chain crossbody strap Mag snap closure Interior back-wall slip pocket Fits daily essentials, including a phone, small wallet, keys, small headphones, and compact makeup Removable chain crossbody strap Crossbody strap: 23-24 inches 5.5in H x 10in W x 1.25in D Synthetic materials Duster bag included Imported Steve Madden JULIANA BAG BRONZE | One Size | Steve Madden Women's Juliana Bag - Bronze - Synthetic","Expertly crafted and versatile, the JULIANA bag is a wardrobe staple. The clutch design offers convenience and style, with a magnetic snap closure and removable crossbody chain strap. Its interior back wall slip pocket holds credit cards and valuables, making it perfect for any occasion. Clutch handbag with chain crossbody strap Mag snap closure Interior back-wall slip pocket Fits daily essentials, including a phone, small wallet, keys, small headphones, and compact makeup Removable chain crossbody strap Crossbody strap: 23-24 inches 5.5in H x 10in W x 1.25in D Synthetic materials Duster bag included Imported Steve Madden JULIANA BAG BRONZE | One Size | Steve Madden Women's Juliana Bag - Bronze - Synthetic",69.00,69.00,https://cdn.shopify.com/s/files/1/2170/8465/files/STEVEMADDEN_HANDBAGS_BJULIANA_BRONZE.jpg,Accessories > Clutches,Accessories > Clutches,22/09/2026,,FALSE,41049045074053,,IN STOCK,,One Size,Bronze,,,9,TRUE,TRUE,FALSE
Steve Madden,7092743995525,7092743995525,7092743995525,Steve Madden Women's Riggs Bag - Brown Distressed - Synthetic,https://www.stevemadden.com/products/briggs-brn-distressed?utm_source=display&utm_medium=programmatic&utm_campaign=performance&utm_content=rtg,"Expertly crafted with a slouchy satchel design, this RIGGS bag is a top-handle bag that combines style and function. Featuring dome stud details and knotted fringe decals on a gusset with rounded bottom metal aglets, it also comes with an attachable crossbody strap for versatile wear-a must-have for any fashion-forward wardrobe. Slouchy satchel bag with front slip phone pocket Top-handle straps Top zipper closure Braided bag charm Removable and adjustable crossbody strap Fits more than the essentials, including a phone, full-size wallet, headphones, makeup pouch, and sunglasses Top-handle strap: 3 inches Crossbody strap: 24 inches 7.8in H x 11.75in W x 4in D Synthetic materials Duster bag included Imported Steve Madden RIGGS BAG BROWN DISTRESSED | Brn Distressed | One Size | Steve Madden Women's Riggs Bag - Brown Distressed - Synthetic","Expertly crafted with a slouchy satchel design, this RIGGS bag is a top-handle bag that combines style and function. Featuring dome stud details and knotted fringe decals on a gusset with rounded bottom metal aglets, it also comes with an attachable crossbody strap for versatile wear-a must-have for any fashion-forward wardrobe. Slouchy satchel bag with front slip phone pocket Top-handle straps Top zipper closure Braided bag charm Removable and adjustable crossbody strap Fits more than the essentials, including a phone, full-size wallet, headphones, makeup pouch, and sunglasses Top-handle strap: 3 inches Crossbody strap: 24 inches 7.8in H x 11.75in W x 4in D Synthetic materials Duster bag included Imported Steve Madden RIGGS BAG BROWN DISTRESSED | Brn Distressed | One Size | Steve Madden Women's Riggs Bag - Brown Distressed - Synthetic",99.00,99.00,https://cdn.shopify.com/s/files/1/2170/8465/files/STEVEMADDEN_HANDBAGS_BRIGGS_BROWN-DISTRESSED_01.jpg,Accessories > Crossbody Bags,Accessories > Crossbody Bags,22/09/2026,,FALSE,41049049432197,,IN STOCK,,One Size,Brown Distressed,,,10,TRUE,TRUE,FALSE
Steve Madden,7154391646341,7154391646341,7154391646341,Steve Madden Women's Denise Bag - Tan - Suede,https://www.stevemadden.com/products/bdenise-tan?utm_source=display&utm_medium=programmatic&utm_campaign=performance&utm_content=rtg,"The DENISE BAG TAN combines the relaxed silhouette of a slouchy tote with versatile hobo and bucket bag design elements. Featuring organic buckles and distinctive two-tone hardware, it offers a sophisticated touch. A magnetic snap closure ensures secure access, while thoughtful interior organization keeps essentials neatly arranged, making this bag as functional as it is stylish. Slouchy bucket tote bag Mag snap closure Two-tone hardware buckle decals Fits a full day's essentials, including a laptop, tablet, books, and a water bottle Shoulder strap: 9 inches 14in H x 10in W x 6in D Faux suede materials Duster bag included Imported Steve Madden DENISE BAG TAN | One Size | Steve Madden Women's Denise Bag - Tan - Suede","The DENISE BAG TAN combines the relaxed silhouette of a slouchy tote with versatile hobo and bucket bag design elements. Featuring organic buckles and distinctive two-tone hardware, it offers a sophisticated touch. A magnetic snap closure ensures secure access, while thoughtful interior organization keeps essentials neatly arranged, making this bag as functional as it is stylish. Slouchy bucket tote bag Mag snap closure Two-tone hardware buckle decals Fits a full day's essentials, including a laptop, tablet, books, and a water bottle Shoulder strap: 9 inches 14in H x 10in W x 6in D Faux suede materials Duster bag included Imported Steve Madden DENISE BAG TAN | One Size | Steve Madden Women's Denise Bag - Tan - Suede",104.00,104.00,https://cdn.shopify.com/s/files/1/2170/8465/files/STEVEMADDEN_HANDBAGS_BDENISE_TAN-SUEDE_01.jpg,Accessories > Totes,Accessories > Totes,22/09/2026,,FALSE,41223293763717,,IN STOCK,,One Size,Tan,,,21,TRUE,TRUE,TRUE
Steve Madden,7255070179461,7255070179461,7255070179461,Steve Madden Women's Tulum Bag - Blue Multi,https://www.stevemadden.com/products/btulum-blue-multi?utm_source=display&utm_medium=programmatic&utm_campaign=performance&utm_content=rtg,"Upgrade your summer style with the TULUM BAG BLUE MULTI. This classy straw clutch handbag features a convenient chain crossbody strap and a practical interior pouch. With its natural look and versatile design, it's the perfect accessory for any occasion. Elevate your outfit and stay organized in style. Straw clutch handbag Mag snap closure Interior pouch back wall Removable crossbody strap Fits daily essentials, including a phone, small wallet, keys, small headphones, and compact makeup Crossbody strap: 23-24 inches 6in H x 11in W x .5in D Straw materials Duster bag included Imported Steve Madden TULUM BAG BLUE MULTI | One Size | Steve Madden Women's Tulum Bag - Blue Multi","Upgrade your summer style with the TULUM BAG BLUE MULTI. This classy straw clutch handbag features a convenient chain crossbody strap and a practical interior pouch. With its natural look and versatile design, it's the perfect accessory for any occasion. Elevate your outfit and stay organized in style. Straw clutch handbag Mag snap closure Interior pouch back wall Removable crossbody strap Fits daily essentials, including a phone, small wallet, keys, small headphones, and compact makeup Crossbody strap: 23-24 inches 6in H x 11in W x .5in D Straw materials Duster bag included Imported Steve Madden TULUM BAG BLUE MULTI | One Size | Steve Madden Women's Tulum Bag - Blue Multi",39.99,58.00,https://cdn.shopify.com/s/files/1/2170/8465/files/STEVEMADDEN_HANDBAGS_BPALOMAA_BLUE-MULTI_b1a7f76e-99dc-403e-8902-e3c6a5f86042.jpg,Accessories > Clutches,Accessories > Clutches,22/09/2026,,FALSE,41560848171141,,IN STOCK,,One Size,Blue Multi,,,22,TRUE,TRUE,TRUE
Steve Madden,7255070212229,7255070212229,7255070212229,Steve Madden Women's Luciell Bag - Black - Mesh,https://www.stevemadden.com/products/bluciell-black?utm_source=display&utm_medium=programmatic&utm_campaign=performance&utm_content=rtg,"The LUCIELL BAG BLACK combines contemporary design with practical functionality. This structured silhouette features a mesh shoulder strap paired with embossed trim detailing that elevates the overall aesthetic. The reinforced bottom provides lasting shape and stability, while the top-zipper closure ensures secure storage for your essentials. Perfect for transitioning from day to evening, this piece delivers sophisticated style without compromising on everyday wearability. Shoulder bag Mesh design Top-zipper closure Structured bottom Fits daily essentials, including a phone, small wallet, keys, small headphones, and compact makeup Shoulder strap: 11 inches 6.5in H x 8.75in W x4.25in D Synthetic materials Duster bag included Imported Steve Madden LUCIELL BAG BLACK | One Size | Steve Madden Women's Luciell Bag - Black - Mesh","The LUCIELL BAG BLACK combines contemporary design with practical functionality. This structured silhouette features a mesh shoulder strap paired with embossed trim detailing that elevates the overall aesthetic. The reinforced bottom provides lasting shape and stability, while the top-zipper closure ensures secure storage for your essentials. Perfect for transitioning from day to evening, this piece delivers sophisticated style without compromising on everyday wearability. Shoulder bag Mesh design Top-zipper closure Structured bottom Fits daily essentials, including a phone, small wallet, keys, small headphones, and compact makeup Shoulder strap: 11 inches 6.5in H x 8.75in W x4.25in D Synthetic materials Duster bag included Imported Steve Madden LUCIELL BAG BLACK | One Size | Steve Madden Women's Luciell Bag - Black - Mesh",39.99,58.00,https://cdn.shopify.com/s/files/1/2170/8465/files/STEVEMADDEN_HANDBAGS_BVIXEN_BLACK_01_145f94e9-1456-4878-9611-74ae9ac2c22f.jpg,Accessories > Shoulder Bags,Accessories > Shoulder Bags,22/09/2026,,FALSE,41560848203909,,IN STOCK,,One Size,Black,,,23,TRUE,TRUE,TRUE
Steve Madden,7255070244997,7255070244997,7255070244997,Steve Madden Women's Luciell Bag - Blush - Mesh,https://www.stevemadden.com/products/bluciell-blush?utm_source=display&utm_medium=programmatic&utm_campaign=performance&utm_content=rtg,"The LUCIELL BAG BLUSH combines contemporary design with practical functionality. This structured silhouette features a mesh shoulder strap paired with embossed trim detailing that elevates the overall aesthetic. The reinforced bottom provides lasting shape and stability, while the top-zipper closure ensures secure storage for your essentials. Perfect for transitioning from day to evening, this piece delivers sophisticated style without compromising on everyday wearability. Shoulder bag Mesh design Top-zipper closure Structured bottom Fits daily essentials, including a phone, small wallet, keys, small headphones, and compact makeup Shoulder strap: 11 inches 6.5in H x 8.75in W x4.25in D Synthetic materials Duster bag included Imported Steve Madden LUCIELL BAG BLUSH | One Size | Steve Madden Women's Luciell Bag - Blush - Mesh","The LUCIELL BAG BLUSH combines contemporary design with practical functionality. This structured silhouette features a mesh shoulder strap paired with embossed trim detailing that elevates the overall aesthetic. The reinforced bottom provides lasting shape and stability, while the top-zipper closure ensures secure storage for your essentials. Perfect for transitioning from day to evening, this piece delivers sophisticated style without compromising on everyday wearability. Shoulder bag Mesh design Top-zipper closure Structured bottom Fits daily essentials, including a phone, small wallet, keys, small headphones, and compact makeup Shoulder strap: 11 inches 6.5in H x 8.75in W x4.25in D Synthetic materials Duster bag included Imported Steve Madden LUCIELL BAG BLUSH | One Size | Steve Madden Women's Luciell Bag - Blush - Mesh",39.99,58.00,https://cdn.shopify.com/s/files/1/2170/8465/files/SM_HANDBAGS_BVIXEN_BLUSH_01_92bb52d4-8199-4fcd-8e89-268ac953b352.jpg,Accessories > Shoulder Bags,Accessories > Shoulder Bags,22/09/2026,,FALSE,41560848236677,,IN STOCK,,One Size,Blush,,,24,TRUE,TRUE,TRUE
Steve Madden,7256303140997,7256303140997,7256303140997,Steve Madden Women's Dari Bag - Chocolate - Microsuede,https://www.stevemadden.com/products/bdari-chocolate?utm_source=display&utm_medium=programmatic&utm_campaign=performance&utm_content=rtg,"The DARI BAG CHOCOLATE is a versatile hobo silhouette designed for everyday ease. This spacious tote features premium metal hardware and a secure magnetic snap closure that keeps your essentials organized and protected. The relaxed, slouchy shape pairs effortlessly with any outfit, while quality craftsmanship ensures durability through daily wear. Perfect for work, weekend errands, or travel-a timeless bag that transitions seamlessly from day to night. Hobo style bag Metal ornament Mag snap closure Fits a full day's essentials, including a laptop, tablet, books, and a water bottle 21.5in H x 17in W x 1.75in D Microsuede materials Duster bag included Imported Steve Madden DARI BAG CHOCOLATE | One Size | Steve Madden Women's Dari Bag - Chocolate - Microsuede","The DARI BAG CHOCOLATE is a versatile hobo silhouette designed for everyday ease. This spacious tote features premium metal hardware and a secure magnetic snap closure that keeps your essentials organized and protected. The relaxed, slouchy shape pairs effortlessly with any outfit, while quality craftsmanship ensures durability through daily wear. Perfect for work, weekend errands, or travel-a timeless bag that transitions seamlessly from day to night. Hobo style bag Metal ornament Mag snap closure Fits a full day's essentials, including a laptop, tablet, books, and a water bottle 21.5in H x 17in W x 1.75in D Microsuede materials Duster bag included Imported Steve Madden DARI BAG CHOCOLATE | One Size | Steve Madden Women's Dari Bag - Chocolate - Microsuede",128.00,128.00,https://cdn.shopify.com/s/files/1/2170/8465/files/STEVEMADDEN_HANDBAGS_BDARI_CHOCOLATE_01.jpg,Accessories > Totes,Accessories > Totes,22/09/2026,,FALSE,41564049309829,,IN STOCK,,One Size,Chocolate,,,25,TRUE,TRUE,FALSE
Steve Madden,7256303173765,7256303173765,7256303173765,Steve Madden Women's Dari Bag - Tobacco - Microsuede,https://www.stevemadden.com/products/bdari-tobacco?utm_source=display&utm_medium=programmatic&utm_campaign=performance&utm_content=rtg,"The DARI BAG TOBACCO is a versatile hobo silhouette designed for everyday ease. This spacious tote features premium metal hardware and a secure magnetic snap closure that keeps your essentials organized and protected. The relaxed, slouchy shape pairs effortlessly with any outfit, while quality craftsmanship ensures durability through daily wear. Perfect for work, weekend errands, or travel-a timeless bag that transitions seamlessly from day to night. Hobo style bag Metal ornament Mag snap closure Fits a full day's essentials, including a laptop, tablet, books, and a water bottle 21.5in H x 17in W x 1.75in D Microsuede materials Duster bag included Imported Steve Madden DARI BAG TOBACCO | One Size | Steve Madden Women's Dari Bag - Tobacco - Microsuede","The DARI BAG TOBACCO is a versatile hobo silhouette designed for everyday ease. This spacious tote features premium metal hardware and a secure magnetic snap closure that keeps your essentials organized and protected. The relaxed, slouchy shape pairs effortlessly with any outfit, while quality craftsmanship ensures durability through daily wear. Perfect for work, weekend errands, or travel-a timeless bag that transitions seamlessly from day to night. Hobo style bag Metal ornament Mag snap closure Fits a full day's essentials, including a laptop, tablet, books, and a water bottle 21.5in H x 17in W x 1.75in D Microsuede materials Duster bag included Imported Steve Madden DARI BAG TOBACCO | One Size | Steve Madden Women's Dari Bag - Tobacco - Microsuede",59.99,128.00,https://cdn.shopify.com/s/files/1/2170/8465/files/STEVEMADDEN_HANDBAGS_BDARI_TOBACCO_01.jpg,Accessories > Totes,Accessories > Totes,22/09/2026,,FALSE,41564049342597,,IN STOCK,,One Size,Tobacco,,,26,TRUE,TRUE,TRUE
Steve Madden,7256303435909,7256303435909,7256303435909,Steve Madden Women's Sayler Bag - Dark Red - Suede,https://www.stevemadden.com/products/dt628275-dark-red?utm_source=display&utm_medium=programmatic&utm_campaign=performance&utm_content=rtg,"The SAYLER BAG DARK RED combines style with refined details. This shoulder bag features a striking beaded chain strap that adds texture and movement, highlighting unique stone details that catch the light. It also comes with an attachable crossbody strap for added versatility. The secure top zipper closure keeps your essentials protected while maintaining an elegant silhouette. Perfect for transitioning from day to evening, this piece brings sophistication to any outfit. Beaded strap detail Top zipper closure Attachable crossbody strap Fits daily essentials, including a phone, small wallet, keys, small headphones, and compact makeup Shoulder strap: 10 inches Crossbody strap: 23-24 inches 5.5in H x 10.25in W x 3in D Faux suede and synthetic materials Imported Steve Madden SAYLER BAG DARK RED | One Size | Steve Madden Women's Sayler Bag - Dark Red - Suede","The SAYLER BAG DARK RED combines style with refined details. This shoulder bag features a striking beaded chain strap that adds texture and movement, highlighting unique stone details that catch the light. It also comes with an attachable crossbody strap for added versatility. The secure top zipper closure keeps your essentials protected while maintaining an elegant silhouette. Perfect for transitioning from day to evening, this piece brings sophistication to any outfit. Beaded strap detail Top zipper closure Attachable crossbody strap Fits daily essentials, including a phone, small wallet, keys, small headphones, and compact makeup Shoulder strap: 10 inches Crossbody strap: 23-24 inches 5.5in H x 10.25in W x 3in D Faux suede and synthetic materials Imported Steve Madden SAYLER BAG DARK RED | One Size | Steve Madden Women's Sayler Bag - Dark Red - Suede",88.00,88.00,https://cdn.shopify.com/s/files/1/2170/8465/files/STEVEMADDEN_APPAREL_DT628275_DARK-RED_01.jpg,Accessories > Shoulder Bags,Accessories > Shoulder Bags,22/09/2026,,FALSE,41564049997957,,IN STOCK,,One Size,Dark Red,,,30,TRUE,TRUE,FALSE
Steve Madden,7259536687237,7259536687237,7259536687237,Steve Madden Women's Velaris Bag - Rust - Synthetic,https://www.stevemadden.com/products/bvelaris-rust?utm_source=display&utm_medium=programmatic&utm_campaign=performance&utm_content=rtg,"The VELARIS BAG RUST is a versatile satchel designed for everyday functionality. Featuring multiple cargo pockets for organized storage, a sturdy top handle for hand-carry comfort, and an attachable crossbody strap for hands-free wear. The bag includes removable charms to personalize your look, and a secure zipper closure keeps your essentials protected. Perfect for transitioning from day to night with effortless style. Top handle satchel Cargo style pockets Attachable crossbody strap and bag charms Fits daily essentials, including a phone, small wallet, keys, small headphones, and compact makeup Top handle strap: 4 inch drop Crossbody strap: 23-24 inches 7in H x 10.25in W x 4.25in D Synthetic materials Imported Steve Madden VELARIS BAG RUST | One Size | Steve Madden Women's Velaris Bag - Rust - Synthetic","The VELARIS BAG RUST is a versatile satchel designed for everyday functionality. Featuring multiple cargo pockets for organized storage, a sturdy top handle for hand-carry comfort, and an attachable crossbody strap for hands-free wear. The bag includes removable charms to personalize your look, and a secure zipper closure keeps your essentials protected. Perfect for transitioning from day to night with effortless style. Top handle satchel Cargo style pockets Attachable crossbody strap and bag charms Fits daily essentials, including a phone, small wallet, keys, small headphones, and compact makeup Top handle strap: 4 inch drop Crossbody strap: 23-24 inches 7in H x 10.25in W x 4.25in D Synthetic materials Imported Steve Madden VELARIS BAG RUST | One Size | Steve Madden Women's Velaris Bag - Rust - Synthetic",79.99,118.00,https://cdn.shopify.com/s/files/1/2170/8465/files/STEVEMADDEN_HANDBAGS_BVELARIS_RUST_03.jpg,Accessories > Top Handle Bags,Accessories > Top Handle Bags,22/09/2026,,FALSE,41574841319557,,IN STOCK,,One Size,Rust,,,32,TRUE,TRUE,TRUE
Steve Madden,7262083416197,7262083416197,7262083416197,Steve Madden Women's Irina Patchwork Bag - Dark Multi - Synthetic,https://www.stevemadden.com/products/birina-p-dark-multi?utm_source=display&utm_medium=programmatic&utm_campaign=performance&utm_content=rtg,"The IRINA PATCHWORK BAG DARK MULTI combines style and function with its unique design. This shoulder bag features a secure top zipper closure to keep your essentials protected. Removable bag charms let you personalize your look and switch up your style whenever you want. Perfect for everyday wear, this versatile handbag transitions seamlessly from work to weekend. Shoulder bag Attachable bag charms Patchwork design with distinctive prints Fits daily essentials, including a phone, small wallet, keys, small headphones, and compact makeup Shoulder strap: 11 inches 5in H x 11.25in W x 2in D Synthetic materials Duster bag included Imported Steve Madden IRINA PATCHWORK BAG DARK MULTI | One Size | Steve Madden Women's Irina Patchwork Bag - Dark Multi - Synthetic","The IRINA PATCHWORK BAG DARK MULTI combines style and function with its unique design. This shoulder bag features a secure top zipper closure to keep your essentials protected. Removable bag charms let you personalize your look and switch up your style whenever you want. Perfect for everyday wear, this versatile handbag transitions seamlessly from work to weekend. Shoulder bag Attachable bag charms Patchwork design with distinctive prints Fits daily essentials, including a phone, small wallet, keys, small headphones, and compact makeup Shoulder strap: 11 inches 5in H x 11.25in W x 2in D Synthetic materials Duster bag included Imported Steve Madden IRINA PATCHWORK BAG DARK MULTI | One Size | Steve Madden Women's Irina Patchwork Bag - Dark Multi - Synthetic",88.00,88.00,https://cdn.shopify.com/s/files/1/2170/8465/files/STEVEMADDEN_HANDBAGS_BIRINA-P_DARK-MULTI_02.jpg,Accessories > Shoulder Bags,Accessories > Shoulder Bags,22/09/2026,,FALSE,41582178402437,,IN STOCK,,One Size,Dark Multi,,,44,TRUE,TRUE,FALSE
Steve Madden,7262083678341,7262083678341,7262083678341,Steve Madden Women's Cierra Bag - Mustard - Synthetic,https://www.stevemadden.com/products/bcierra-mustard?utm_source=display&utm_medium=programmatic&utm_campaign=performance&utm_content=rtg,"The CIERRA BAG MUSTARD is a versatile east-west shoulder bag designed for everyday sophistication. Features include tubular handles for comfortable carrying, a two-way top zipper for easy access, and an attachable scarf detail that adds a polished finishing touch. Perfect as a shoulder bag for work, travel, or weekend outings, this structured silhouette combines functionality with timeless style. Shoulder bag Tubular straps Attachable scarf Fits more than the essentials, including a phone, full-size wallet, headphones, makeup pouch, and sunglasses Shoulder strap: 9.5 inches 5.25in H x 14in W x 5.25in D Synthetic materials Duster bag included Imported Steve Madden CIERRA BAG MUSTARD | One Size | Steve Madden Women's Cierra Bag - Mustard - Synthetic","The CIERRA BAG MUSTARD is a versatile east-west shoulder bag designed for everyday sophistication. Features include tubular handles for comfortable carrying, a two-way top zipper for easy access, and an attachable scarf detail that adds a polished finishing touch. Perfect as a shoulder bag for work, travel, or weekend outings, this structured silhouette combines functionality with timeless style. Shoulder bag Tubular straps Attachable scarf Fits more than the essentials, including a phone, full-size wallet, headphones, makeup pouch, and sunglasses Shoulder strap: 9.5 inches 5.25in H x 14in W x 5.25in D Synthetic materials Duster bag included Imported Steve Madden CIERRA BAG MUSTARD | One Size | Steve Madden Women's Cierra Bag - Mustard - Synthetic",128.00,128.00,https://cdn.shopify.com/s/files/1/2170/8465/files/STEVEMADDEN_HANDBAGS_BCIERRA_MUSTARD_04.jpg,Accessories > Shoulder Bags,Accessories > Shoulder Bags,22/09/2026,,FALSE,41582178926725,,IN STOCK,,One Size,Mustard,,,46,TRUE,TRUE,FALSE
Steve Madden,7271220150405,7271220150405,7271220150405,Steve Madden Women's Sparki Wallet Gift Set - Black - Synthetic,https://www.stevemadden.com/products/slg26-18-black?utm_source=display&utm_medium=programmatic&utm_campaign=performance&utm_content=rtg,"The SPARKI WALLET GIFT SET BLACK combines everyday functionality with playful style. This compact wallet features a secure zipper closure paired with a convenient magnetic snap, giving you flexible access to your essentials. The set includes an attachable dog charm that adds personality and charm appeal-perfect as a gift or a treat for yourself. Ideal for organizing cards, cash, and coins in a sleek design. Holiday gift set Wallet with zipper and mag snap closure Attachable dog charm and wristlet strap Compact design that fits just the basics: cards, cash, and a small beauty item 7.25in H x 4.5in W x 1.25in D Synthetic materials Imported Steve Madden SPARKI WALLET GIFT SET BLACK | One Size | Steve Madden Women's Sparki Wallet Gift Set - Black - Synthetic","The SPARKI WALLET GIFT SET BLACK combines everyday functionality with playful style. This compact wallet features a secure zipper closure paired with a convenient magnetic snap, giving you flexible access to your essentials. The set includes an attachable dog charm that adds personality and charm appeal-perfect as a gift or a treat for yourself. Ideal for organizing cards, cash, and coins in a sleek design. Holiday gift set Wallet with zipper and mag snap closure Attachable dog charm and wristlet strap Compact design that fits just the basics: cards, cash, and a small beauty item 7.25in H x 4.5in W x 1.25in D Synthetic materials Imported Steve Madden SPARKI WALLET GIFT SET BLACK | One Size | Steve Madden Women's Sparki Wallet Gift Set - Black - Synthetic",78.00,78.00,https://cdn.shopify.com/s/files/1/2170/8465/files/STEVEMADDEN_HANDBAGS_SLG26-18_BLACK_02.jpg,Accessories > Bags,Accessories > Bags,22/09/2026,,FALSE,41621334327429,,IN STOCK,,One Size,Black,,,48,TRUE,TRUE,FALSE
Steve Madden,7271220445317,7271220445317,7271220445317,Steve Madden Women's Zippy Wallet Gift Set - Pink - Synthetic,https://www.stevemadden.com/products/slg26-02-pink?utm_source=display&utm_medium=programmatic&utm_campaign=performance&utm_content=rtg,"The ZIPPY WALLET GIFT SET PINK is a versatile gift designed for everyday organization. This sleek wallet features dedicated card holders and a spacious cash compartment, keeping your essentials secure and accessible. The set includes a convenient wristlet strap for hands-free carrying and an attachable mini pouch charm that clips effortlessly to your bag or keys. Perfect for travel, work, or daily use-a complete wallet solution in one thoughtful package. Holiday gift set Zipper wallet with card holders and cash compartment Attachable mini pouch Wallet: 4.5in H x 8in W x 1in D Keychain pouch: 3in H x 4.25in W x 1in D Wristlet strap: 6 inches Synthetic materials Imported Steve Madden ZIPPY WALLET GIFT SET PINK | One Size | Steve Madden Women's Zippy Wallet Gift Set - Pink - Synthetic","The ZIPPY WALLET GIFT SET PINK is a versatile gift designed for everyday organization. This sleek wallet features dedicated card holders and a spacious cash compartment, keeping your essentials secure and accessible. The set includes a convenient wristlet strap for hands-free carrying and an attachable mini pouch charm that clips effortlessly to your bag or keys. Perfect for travel, work, or daily use-a complete wallet solution in one thoughtful package. Holiday gift set Zipper wallet with card holders and cash compartment Attachable mini pouch Wallet: 4.5in H x 8in W x 1in D Keychain pouch: 3in H x 4.25in W x 1in D Wristlet strap: 6 inches Synthetic materials Imported Steve Madden ZIPPY WALLET GIFT SET PINK | One Size | Steve Madden Women's Zippy Wallet Gift Set - Pink - Synthetic",78.00,78.00,https://cdn.shopify.com/s/files/1/2170/8465/files/STEVEMADDEN_HANDBAGS_SLG26-02_PINK_01.jpg,Accessories > Bags,Accessories > Bags,22/09/2026,,FALSE,41621335736453,,IN STOCK,,One Size,Pink,,,49,TRUE,TRUE,FALSE
Steve Madden,7271220740229,7271220740229,7271220740229,Steve Madden Women's Mika Bag Gift Set - Black - Synthetic,https://www.stevemadden.com/products/sg26-682-black?utm_source=display&utm_medium=programmatic&utm_campaign=performance&utm_content=rtg,"The MIKA BAG GIFT SET BLACK features everything you need in one luxurious package. This versatile shoulder bag comes complete with an attachable zip pouch for organized storage, an attachable scarf chain for personalized styling, and two interchangeable strap options so you can wear it your way. The secure zipper closure keeps your essentials protected. Perfect for gifting or treating yourself to a complete accessory solution. Holiday handbag gift set Two shoulder strap options Attachable zip pouch and bag charms Fits daily essentials, including a phone, small wallet, keys, small headphones, and compact makeup Shoulder strap: 11 inch drop Handbag: 4.25in H x 9.5in W x 2.5in D Zip pouch: 2.75in H x 4.25in W x 1.5in D Synthetic materials Imported Steve Madden MIKA BAG GIFT SET BLACK | One Size | Steve Madden Women's Mika Bag Gift Set - Black - Synthetic","The MIKA BAG GIFT SET BLACK features everything you need in one luxurious package. This versatile shoulder bag comes complete with an attachable zip pouch for organized storage, an attachable scarf chain for personalized styling, and two interchangeable strap options so you can wear it your way. The secure zipper closure keeps your essentials protected. Perfect for gifting or treating yourself to a complete accessory solution. Holiday handbag gift set Two shoulder strap options Attachable zip pouch and bag charms Fits daily essentials, including a phone, small wallet, keys, small headphones, and compact makeup Shoulder strap: 11 inch drop Handbag: 4.25in H x 9.5in W x 2.5in D Zip pouch: 2.75in H x 4.25in W x 1.5in D Synthetic materials Imported Steve Madden MIKA BAG GIFT SET BLACK | One Size | Steve Madden Women's Mika Bag Gift Set - Black - Synthetic",98.00,98.00,https://cdn.shopify.com/s/files/1/2170/8465/files/STEVEMADDEN_HANDBAGS_SG26-682_BLACK_01.jpg,Accessories > Bags,Accessories > Bags,22/09/2026,,FALSE,41621336129669,,IN STOCK,,One Size,Black,,,53,TRUE,TRUE,FALSE
Steve Madden,7271220805765,7271220805765,7271220805765,Steve Madden Women's Thorne Bag Gift Set - Black - Suede,https://www.stevemadden.com/products/sg26-664-black?utm_source=display&utm_medium=programmatic&utm_campaign=performance&utm_content=rtg,"The THORNE BAG GIFT SET BLACK is a versatile handbag designed for everyday elegance. This satchel features a structured silhouette with a convenient top handle for hand-carrying comfort. The gift set includes an attachable crossbody strap. A decorative bag charm completes the package, adding a personalized finishing touch. Perfect for gifting or treating yourself to a multi-functional accessory that adapts to your lifestyle. Holiday handbag gift set Attachable crossbody strap and bag charm Zipper closure Top-handle strap: 4 inch drop Crossbody strap: 23-24 inches Handbag: 6in H x 14.5in W x 3.25in D Ultra suede materials Imported Steve Madden THORNE BAG GIFT SET BLACK | One Size | Steve Madden Women's Thorne Bag Gift Set - Black - Suede","The THORNE BAG GIFT SET BLACK is a versatile handbag designed for everyday elegance. This satchel features a structured silhouette with a convenient top handle for hand-carrying comfort. The gift set includes an attachable crossbody strap. A decorative bag charm completes the package, adding a personalized finishing touch. Perfect for gifting or treating yourself to a multi-functional accessory that adapts to your lifestyle. Holiday handbag gift set Attachable crossbody strap and bag charm Zipper closure Top-handle strap: 4 inch drop Crossbody strap: 23-24 inches Handbag: 6in H x 14.5in W x 3.25in D Ultra suede materials Imported Steve Madden THORNE BAG GIFT SET BLACK | One Size | Steve Madden Women's Thorne Bag Gift Set - Black - Suede",88.00,88.00,https://cdn.shopify.com/s/files/1/2170/8465/files/STEVEMADDEN_HANDBAGS_SG26-664_BLACK_01.jpg,Accessories > Bags,Accessories > Bags,22/09/2026,,FALSE,41621336195205,,IN STOCK,,One Size,Black,,,55,TRUE,TRUE,FALSE
Steve Madden,7285655896197,7285655896197,7285655896197,Steve Madden Women's Lovie Bag - Pink - Satin,https://www.stevemadden.com/products/blovie-pink?utm_source=display&utm_medium=programmatic&utm_campaign=performance&utm_content=rtg,"The LOVIE BAG PINK is a sophisticated top handle bag featuring an elegant knot detail and secure magnetic snap closure. Perfect for everyday elegance or special occasions, this versatile piece combines refined design with practical functionality. The structured silhouette and premium construction make it an essential addition to any wardrobe. Top-handle bag Knot detailing Mag snap closure Fits daily essentials, including a phone, small wallet, keys, small headphones, and compact makeup Top-handle strap: 2.5 inch drop 5in H x 9.5in W x 2in D Textile materials Duster bag included Imported Steve Madden LOVIE BAG PINK | One Size | Steve Madden Women's Lovie Bag - Pink - Satin","The LOVIE BAG PINK is a sophisticated top handle bag featuring an elegant knot detail and secure magnetic snap closure. Perfect for everyday elegance or special occasions, this versatile piece combines refined design with practical functionality. The structured silhouette and premium construction make it an essential addition to any wardrobe. Top-handle bag Knot detailing Mag snap closure Fits daily essentials, including a phone, small wallet, keys, small headphones, and compact makeup Top-handle strap: 2.5 inch drop 5in H x 9.5in W x 2in D Textile materials Duster bag included Imported Steve Madden LOVIE BAG PINK | One Size | Steve Madden Women's Lovie Bag - Pink - Satin",68.00,68.00,https://cdn.shopify.com/s/files/1/2170/8465/files/STEVEMADDEN_HANDBAGS_BLOVIE_PINK_01.jpg,Accessories > Top Handle Bags,Accessories > Top Handle Bags,22/09/2026,,FALSE,41675767644293,,IN STOCK,,One Size,Pink,,,68,TRUE,TRUE,FALSE
Steve Madden,7285656027269,7285656027269,7285656027269,Steve Madden Women's Rissa Bag - Black - Synthetic,https://www.stevemadden.com/products/brissa-black?utm_source=display&utm_medium=programmatic&utm_campaign=performance&utm_content=rtg,"The RISSA BAG BLACK is a sleek clutch designed for versatile everyday carry. Featuring a convenient side zipper closure and adorned with charming details, this bag combines practical functionality with stylish appeal. Perfect for nights out or as a sophisticated everyday accessory. Clutch bag Side zipper closure Removable charms Fits daily essentials, including a phone, small wallet, keys, small headphones, and compact makeup 10in H x 6in W x 1in D Synthetic materials Duster bag included Imported Steve Madden RISSA BAG BLACK | One Size | Steve Madden Women's Rissa Bag - Black - Synthetic","The RISSA BAG BLACK is a sleek clutch designed for versatile everyday carry. Featuring a convenient side zipper closure and adorned with charming details, this bag combines practical functionality with stylish appeal. Perfect for nights out or as a sophisticated everyday accessory. Clutch bag Side zipper closure Removable charms Fits daily essentials, including a phone, small wallet, keys, small headphones, and compact makeup 10in H x 6in W x 1in D Synthetic materials Duster bag included Imported Steve Madden RISSA BAG BLACK | One Size | Steve Madden Women's Rissa Bag - Black - Synthetic",88.00,88.00,https://cdn.shopify.com/s/files/1/2170/8465/files/STEVEMADDEN_HANDBAGS_BRISSA_BLACK_03.jpg,Accessories > Clutches,Accessories > Clutches,22/09/2026,,FALSE,41675767775365,,IN STOCK,,One Size,Black,,,71,TRUE,TRUE,FALSE
Steve Madden,7290142883973,7290142883973,7290142883973,Steve Madden Women's Leena Bag - Black - Synthetic,https://www.stevemadden.com/products/bleena-black-eel?utm_source=display&utm_medium=programmatic&utm_campaign=performance&utm_content=rtg,"The LEENA BAG BLACK EEL features a sophisticated silhouette elevated by luxurious gold handle hardware that catches the light with every wear. This versatile clutch transitions seamlessly from day to evening, offering refined elegance without compromise. The polished gold accents provide a contemporary contrast to the bag's sleek design, making it an essential accessory for those who appreciate understated luxury and timeless style. Wavy metal clutch Mag snap closure Fits daily essentials, including a phone, small wallet, keys, small headphones, and compact makeup 3.75in H x 10in W x 1.75in D Crossbody strap: 23-24 inches Synthetic materials Duster bag included Imported Steve Madden LEENA BAG BLACK EEL | One Size | Steve Madden Women's Leena Bag - Black - Synthetic","The LEENA BAG BLACK EEL features a sophisticated silhouette elevated by luxurious gold handle hardware that catches the light with every wear. This versatile clutch transitions seamlessly from day to evening, offering refined elegance without compromise. The polished gold accents provide a contemporary contrast to the bag's sleek design, making it an essential accessory for those who appreciate understated luxury and timeless style. Wavy metal clutch Mag snap closure Fits daily essentials, including a phone, small wallet, keys, small headphones, and compact makeup 3.75in H x 10in W x 1.75in D Crossbody strap: 23-24 inches Synthetic materials Duster bag included Imported Steve Madden LEENA BAG BLACK EEL | One Size | Steve Madden Women's Leena Bag - Black - Synthetic",88.00,88.00,https://cdn.shopify.com/s/files/1/2170/8465/files/STEVEMADDEN_HANDBAGS_BLEENA_BLACK-EEL_04.jpg,Accessories > Clutches,Accessories > Clutches,22/09/2026,,FALSE,41690948075653,,IN STOCK,,One Size,Black,,,72,TRUE,TRUE,FALSE
Steve Madden,7290382811269,7290382811269,7290382811269,Steve Madden Women's Jordin Bag - Gold - Rhinestones,https://www.stevemadden.com/products/bjordin-gold?utm_source=display&utm_medium=programmatic&utm_campaign=performance&utm_content=rtg,"The JORDIN BAG GOLD is a stunning top handle handbag adorned with rhinestones that catch the light beautifully. Featuring a secure magnetic snap closure, this piece combines elegance with practical functionality. Perfect for adding a touch of sparkle to any outfit, whether you're heading out for an evening event or elevating your everyday style. Top-handle bag Rhinestone details Mag snap closure Attachable crossbody strap Fits only the few essentials, including lipstick, cards, and a phone Top-handle strap: 3 inch drop 4in H x 8in W x 2in D Synthetic materials with rhinestones Duster bag included Imported Steve Madden JORDIN BAG GOLD | One Size | Steve Madden Women's Jordin Bag - Gold - Rhinestones","The JORDIN BAG GOLD is a stunning top handle handbag adorned with rhinestones that catch the light beautifully. Featuring a secure magnetic snap closure, this piece combines elegance with practical functionality. Perfect for adding a touch of sparkle to any outfit, whether you're heading out for an evening event or elevating your everyday style. Top-handle bag Rhinestone details Mag snap closure Attachable crossbody strap Fits only the few essentials, including lipstick, cards, and a phone Top-handle strap: 3 inch drop 4in H x 8in W x 2in D Synthetic materials with rhinestones Duster bag included Imported Steve Madden JORDIN BAG GOLD | One Size | Steve Madden Women's Jordin Bag - Gold - Rhinestones",98.00,98.00,https://cdn.shopify.com/s/files/1/2170/8465/files/STEVEMADDEN_HANDBAGS_BJORDIN_GOLD_02.jpg,Accessories > Top Handle Bags,Accessories > Top Handle Bags,22/09/2026,,FALSE,41692086304901,,IN STOCK,,One Size,Gold,,,73,TRUE,TRUE,FALSE
Steve Madden,7290382876805,7290382876805,7290382876805,Steve Madden Women's Jordin Bag - Silver - Rhinestones,https://www.stevemadden.com/products/bjordin-silver?utm_source=display&utm_medium=programmatic&utm_campaign=performance&utm_content=rtg,"The JORDIN BAG SILVER is a stunning top handle handbag adorned with rhinestones that catch the light beautifully. Featuring a secure magnetic snap closure, this piece combines elegance with practical functionality. Perfect for adding a touch of sparkle to any outfit, whether you're heading out for an evening event or elevating your everyday style. Top-handle bag Rhinestone details Mag snap closure Attachable crossbody strap Fits only the few essentials, including lipstick, cards, and a phone Top-handle strap: 3 inch drop 4in H x 8in W x 2in D Synthetic materials with rhinestones Duster bag included Imported Steve Madden JORDIN BAG SILVER | One Size | Steve Madden Women's Jordin Bag - Silver - Rhinestones","The JORDIN BAG SILVER is a stunning top handle handbag adorned with rhinestones that catch the light beautifully. Featuring a secure magnetic snap closure, this piece combines elegance with practical functionality. Perfect for adding a touch of sparkle to any outfit, whether you're heading out for an evening event or elevating your everyday style. Top-handle bag Rhinestone details Mag snap closure Attachable crossbody strap Fits only the few essentials, including lipstick, cards, and a phone Top-handle strap: 3 inch drop 4in H x 8in W x 2in D Synthetic materials with rhinestones Duster bag included Imported Steve Madden JORDIN BAG SILVER | One Size | Steve Madden Women's Jordin Bag - Silver - Rhinestones",98.00,98.00,https://cdn.shopify.com/s/files/1/2170/8465/files/STEVEMADDEN_HANDBAGS_BJORDIN_SILVER_01-1.jpg,Accessories > Top Handle Bags,Accessories > Top Handle Bags,22/09/2026,,FALSE,41692086435973,,IN STOCK,,One Size,Silver,,,74,TRUE,TRUE,FALSE
Steve Madden,7293970972805,7293970972805,7293970972805,Steve Madden Women's Clarisa Bag,https://www.stevemadden.com/products/bclarisa-multi?utm_source=display&utm_medium=programmatic&utm_campaign=performance&utm_content=rtg,"The CLARISA BAG MULTI is a beaded shoulder bag crafted with delicate netting and intricate crochet detailing. This statement piece combines craftsmanship with modern style, featuring an inside drawstring pouch. The beaded embellishments add texture and visual interest, while the crochet elements create an airy, sophisticated look. An ideal accessory for elevating any outfit with bohemian-inspired elegance. Crochet shoulder bag Beaded detailing Drawstring pouch closure Fits more than the essentials, including a phone, full-size wallet, headphones, makeup pouch, and sunglasses Shoulder strap: 8 inches 11in H x 12in W x 1in D Crochet materials with beads Duster bag included Imported Steve Madden CLARISA BAG MULTI | One Size | Steve Madden Women's Clarisa Bag","The CLARISA BAG MULTI is a beaded shoulder bag crafted with delicate netting and intricate crochet detailing. This statement piece combines craftsmanship with modern style, featuring an inside drawstring pouch. The beaded embellishments add texture and visual interest, while the crochet elements create an airy, sophisticated look. An ideal accessory for elevating any outfit with bohemian-inspired elegance. Crochet shoulder bag Beaded detailing Drawstring pouch closure Fits more than the essentials, including a phone, full-size wallet, headphones, makeup pouch, and sunglasses Shoulder strap: 8 inches 11in H x 12in W x 1in D Crochet materials with beads Duster bag included Imported Steve Madden CLARISA BAG MULTI | One Size | Steve Madden Women's Clarisa Bag",108.00,108.00,https://cdn.shopify.com/s/files/1/2170/8465/files/STEVEMADDEN_HANDBAGS_BCLARISA_MULTI_01.jpg,Accessories > Shoulder Bags,Accessories > Shoulder Bags,22/09/2026,,FALSE,41718249029765,,IN STOCK,,One Size,Multicolor,,,76,TRUE,TRUE,FALSE
Steve Madden,7293971038341,7293971038341,7293971038341,Steve Madden Women's Dru Bag - Chocolate - Synthetic,https://www.stevemadden.com/products/bdru-chocolate?utm_source=display&utm_medium=programmatic&utm_campaign=performance&utm_content=rtg,"The DRU BAG CHOCOLATE combines structured sophistication with bohemian flair. This bucket silhouette features a functional front flap pocket and adjustable chain strap for versatile carrying. The standout element is the collection of attachable boho charms-horseshoe, feather, and padlock-allowing you to customize your look and express personal style. Perfect for those who appreciate both polish and personality in their everyday accessories. Shoulder strap hobo bag Front flap pocket Attachable boho bag charms Fits more than the essentials, including a phone, a full-size wallet, headphones, a makeup pouch, and sunglasses 8.25in H x 12in W x 5in D Synthetic materials Duster bag included Imported Steve Madden DRU BAG CHOCOLATE | One Size | Steve Madden Women's Dru Bag - Chocolate - Synthetic","The DRU BAG CHOCOLATE combines structured sophistication with bohemian flair. This bucket silhouette features a functional front flap pocket and adjustable chain strap for versatile carrying. The standout element is the collection of attachable boho charms-horseshoe, feather, and padlock-allowing you to customize your look and express personal style. Perfect for those who appreciate both polish and personality in their everyday accessories. Shoulder strap hobo bag Front flap pocket Attachable boho bag charms Fits more than the essentials, including a phone, a full-size wallet, headphones, a makeup pouch, and sunglasses 8.25in H x 12in W x 5in D Synthetic materials Duster bag included Imported Steve Madden DRU BAG CHOCOLATE | One Size | Steve Madden Women's Dru Bag - Chocolate - Synthetic",148.00,148.00,https://cdn.shopify.com/s/files/1/2170/8465/files/STEVEMADDEN_HANDBAGS_BDRU_CHOCOLATE_01.jpg,Accessories > Shoulder Bags,Accessories > Shoulder Bags,22/09/2026,,FALSE,41718249095301,,IN STOCK,,One Size,Chocolate,,,78,TRUE,TRUE,FALSE
Steve Madden,7295555141765,7295555141765,7295555141765,Steve Madden Women's Leilani Bag - Denim,https://www.stevemadden.com/products/bleiland-denim?utm_source=display&utm_medium=programmatic&utm_campaign=performance&utm_content=rtg,"The LEILANI BAG DENIM is a spacious tote bag featuring a removable charm strap that lets you customize your look. Carry it as a classic tote or add the charm strap for extra personality and style. Perfect for everyday use, work, or weekend outings. Denim tote bag Turn lock detail Expandable side gussets Removable charm strap and bunny Fits a full day's essentials, including a laptop, tablet, books, and a water bottle 11.5in H x 14in W x 7in D Textile materials Dusters bag included Imported Steve Madden LEILANI BAG DENIM | One Size | Steve Madden Women's Leilani Bag - Denim","The LEILANI BAG DENIM is a spacious tote bag featuring a removable charm strap that lets you customize your look. Carry it as a classic tote or add the charm strap for extra personality and style. Perfect for everyday use, work, or weekend outings. Denim tote bag Turn lock detail Expandable side gussets Removable charm strap and bunny Fits a full day's essentials, including a laptop, tablet, books, and a water bottle 11.5in H x 14in W x 7in D Textile materials Dusters bag included Imported Steve Madden LEILANI BAG DENIM | One Size | Steve Madden Women's Leilani Bag - Denim",139.00,139.00,https://cdn.shopify.com/s/files/1/2170/8465/files/STEVEMADDEN_HANDBAGS_BLEILAND_DENIM_01.jpg,Accessories > Totes,Accessories > Totes,22/09/2026,,FALSE,41722834714757,,IN STOCK,,One Size,Denim,,,82,TRUE,TRUE,FALSE
Steve Madden,7300083220613,7300083220613,7300083220613,Steve Madden Women's Lenores Bag - Tobacco - Suede,https://www.stevemadden.com/products/blenores-tobacco?utm_source=display&utm_medium=programmatic&utm_campaign=performance&utm_content=rtg,"The LENORES BAG TOBACCO is a slouchy tote designed for everyday versatility. This spacious bag features a magnetic snap closure for secure, effortless access. Perfect for carrying essentials in comfort and style. Tote bag Removable scarf Mag snap closure Fits a full day's essentials, including a laptop, tablet, books, and a water bottle Top-handle strap: 13 inches 17in H x 14in W x 4in D Faux suede materials Duster bag included Imported Steve Madden LENORES BAG TOBACCO | One Size | Steve Madden Women's Lenores Bag - Tobacco - Suede","The LENORES BAG TOBACCO is a slouchy tote designed for everyday versatility. This spacious bag features a magnetic snap closure for secure, effortless access. Perfect for carrying essentials in comfort and style. Tote bag Removable scarf Mag snap closure Fits a full day's essentials, including a laptop, tablet, books, and a water bottle Top-handle strap: 13 inches 17in H x 14in W x 4in D Faux suede materials Duster bag included Imported Steve Madden LENORES BAG TOBACCO | One Size | Steve Madden Women's Lenores Bag - Tobacco - Suede",124.00,124.00,https://cdn.shopify.com/s/files/1/2170/8465/files/STEVEMADDEN_HANDBAGS_BLENORES_TOBACCO_02.jpg,Accessories > Totes,Accessories > Totes,22/09/2026,,FALSE,41748851196037,,IN STOCK,,One Size,Tobacco,,,89,TRUE,TRUE,FALSE
Steve Madden,7307901894789,7307901894789,7307901894789,Steve Madden Women's Taro Bag - Tobacco - Suede,https://www.stevemadden.com/products/btaro-tobacco?utm_source=display&utm_medium=programmatic&utm_campaign=performance&utm_content=rtg,"Beautifully crafted with a structured satchel design, the TARO BAG TOBACCO is a shoulder bag designed for everyday use. It features an optional crossbody strap for versatile wear, as well as a front turnlock pocket and side cargo pockets that allow for easy access to essentials on the go. The top zipper closure creates a secure main storage compartment making it perfect for work, travel, or daily errands. Utility satchel bag Top zipper closure Back zipper pocket Fits more than the essentials, including a phone, full-size wallet, headphones, makeup pouch, and sunglasses Top handle strap drop: 9 inches Crossbody strap: 24 inches 7in H x 11in W x 5.5in D Faux suede materials Duster bag included Imported Steve Madden TARO BAG TOBACCO | One Size | Steve Madden Women's Taro Bag - Tobacco - Suede","Beautifully crafted with a structured satchel design, the TARO BAG TOBACCO is a shoulder bag designed for everyday use. It features an optional crossbody strap for versatile wear, as well as a front turnlock pocket and side cargo pockets that allow for easy access to essentials on the go. The top zipper closure creates a secure main storage compartment making it perfect for work, travel, or daily errands. Utility satchel bag Top zipper closure Back zipper pocket Fits more than the essentials, including a phone, full-size wallet, headphones, makeup pouch, and sunglasses Top handle strap drop: 9 inches Crossbody strap: 24 inches 7in H x 11in W x 5.5in D Faux suede materials Duster bag included Imported Steve Madden TARO BAG TOBACCO | One Size | Steve Madden Women's Taro Bag - Tobacco - Suede",118.00,118.00,https://cdn.shopify.com/s/files/1/2170/8465/files/STEVEMADDEN_HANDBAGS_BTARO_TOBACCO_02.jpg,Accessories > Shoulder Bags,Accessories > Shoulder Bags,22/09/2026,,FALSE,41773890666629,,IN STOCK,,One Size,Tobacco,,,94,TRUE,TRUE,FALSE
Steve Madden,7307901927557,7307901927557,7307901927557,Steve Madden Women's Taro Bag - Chocolate - Suede,https://www.stevemadden.com/products/btaro-chocolate?utm_source=display&utm_medium=programmatic&utm_campaign=performance&utm_content=rtg,"Beautifully crafted with a structured satchel design, the TARO BAG CHOCOLATE is a shoulder bag designed for everyday use. It features an optional crossbody strap for versatile wear, as well as a front turnlock pocket and side cargo pockets that allow for easy access to essentials on the go. The top zipper closure creates a secure main storage compartment making it perfect for work, travel, or daily errands. Utility satchel bag Top zipper closure Back zipper pocket Fits more than the essentials, including a phone, full-size wallet, headphones, makeup pouch, and sunglasses Top handle strap drop: 9 inches Crossbody strap: 24 inches 7in H x 11in W x 5.5in D Faux suede materials Duster bag included Imported Steve Madden TARO BAG CHOCOLATE | One Size | Steve Madden Women's Taro Bag - Chocolate - Suede","Beautifully crafted with a structured satchel design, the TARO BAG CHOCOLATE is a shoulder bag designed for everyday use. It features an optional crossbody strap for versatile wear, as well as a front turnlock pocket and side cargo pockets that allow for easy access to essentials on the go. The top zipper closure creates a secure main storage compartment making it perfect for work, travel, or daily errands. Utility satchel bag Top zipper closure Back zipper pocket Fits more than the essentials, including a phone, full-size wallet, headphones, makeup pouch, and sunglasses Top handle strap drop: 9 inches Crossbody strap: 24 inches 7in H x 11in W x 5.5in D Faux suede materials Duster bag included Imported Steve Madden TARO BAG CHOCOLATE | One Size | Steve Madden Women's Taro Bag - Chocolate - Suede",118.00,118.00,https://cdn.shopify.com/s/files/1/2170/8465/files/STEVEMADDEN_HANDBAGS_BTARO_CHOCOLATE_01.jpg,Accessories > Shoulder Bags,Accessories > Shoulder Bags,22/09/2026,,FALSE,41773890699397,,IN STOCK,,One Size,Chocolate,,,95,TRUE,TRUE,FALSE
Steve Madden,7307901960325,7307901960325,7307901960325,Steve Madden Women's Lianna Bag Bone/multi - Bone Multi - Synthetic,https://www.stevemadden.com/products/bliannam-bone-multi?utm_source=display&utm_medium=programmatic&utm_campaign=performance&utm_content=rtg,"The LIANNA BAG BONE/MULTI is a relaxed slouchy shoulder bag designed for effortless everyday style. Featuring a secure top zipper closure, it keeps your essentials protected while maintaining its soft, easy silhouette. Adorned with non‑removable bag charms-delicate hearts and luminous pearls-it brings a touch of personality to any look. This handbag pairs seamlessly with any wardrobe, making it a versatile companion for work, weekend outings, and everything in between. Slouchy shoulder bag Non-removable charms Top zipper closure Fits more than the essentials, including a phone, full-size wallet, headphones, makeup pouch, and sunglasses 8in H x 11.5in W x 4in D Synthetic materials Duster bag included Imported Steve Madden LIANNA BAG BONE/MULTI | Bone Multi | One Size | Steve Madden Women's Lianna Bag Bone/multi - Bone Multi - Synthetic","The LIANNA BAG BONE/MULTI is a relaxed slouchy shoulder bag designed for effortless everyday style. Featuring a secure top zipper closure, it keeps your essentials protected while maintaining its soft, easy silhouette. Adorned with non‑removable bag charms-delicate hearts and luminous pearls-it brings a touch of personality to any look. This handbag pairs seamlessly with any wardrobe, making it a versatile companion for work, weekend outings, and everything in between. Slouchy shoulder bag Non-removable charms Top zipper closure Fits more than the essentials, including a phone, full-size wallet, headphones, makeup pouch, and sunglasses 8in H x 11.5in W x 4in D Synthetic materials Duster bag included Imported Steve Madden LIANNA BAG BONE/MULTI | Bone Multi | One Size | Steve Madden Women's Lianna Bag Bone/multi - Bone Multi - Synthetic",89.99,128.00,https://cdn.shopify.com/s/files/1/2170/8465/files/STEVEMADDEN_HANDBAGS_BLIANNA_NATURAL-SNAKE_02_f0ca6336-eba8-4ed3-b7df-37d1ab30b62f.jpg,Accessories > Shoulder Bags,Accessories > Shoulder Bags,22/09/2026,,FALSE,41773890732165,,IN STOCK,,One Size,Bone Multi,,,96,TRUE,TRUE,TRUE
Steve Madden,7307937742981,7307937742981,7307937742981,Steve Madden Women's Theia Suede Bag - Chocolate,https://www.stevemadden.com/products/btheia-s-chocolate?utm_source=display&utm_medium=programmatic&utm_campaign=performance&utm_content=rtg,"The THEIA SUEDE BAG CHOCOLATE is a versatile top handle satchel designed for everyday elegance. Featuring a structured silhouette with a fold-over flap and secure turnlock closure, this bag keeps your essentials organized and protected. The dual top handles offer comfortable carrying, while the detachable crossbody strap provides hands-free versatility for on-the-go wear. Perfect for transitioning from work to weekend. Top-handle satchel Turnlock closure Detachable crossbody strap and charms Fits more than the essentials, including a phone, a full-size wallet, headphones, a makeup pouch, and sunglasses Top handle strap: 2.75 inches Crossbody strap: 23-24 inches 8.2in H x 11.5in W x 4.5in D Faux suede materials Duster bag included Imported Steve Madden THEIA SUEDE BAG CHOCOLATE | One Size | Steve Madden Women's Theia Suede Bag - Chocolate","The THEIA SUEDE BAG CHOCOLATE is a versatile top handle satchel designed for everyday elegance. Featuring a structured silhouette with a fold-over flap and secure turnlock closure, this bag keeps your essentials organized and protected. The dual top handles offer comfortable carrying, while the detachable crossbody strap provides hands-free versatility for on-the-go wear. Perfect for transitioning from work to weekend. Top-handle satchel Turnlock closure Detachable crossbody strap and charms Fits more than the essentials, including a phone, a full-size wallet, headphones, a makeup pouch, and sunglasses Top handle strap: 2.75 inches Crossbody strap: 23-24 inches 8.2in H x 11.5in W x 4.5in D Faux suede materials Duster bag included Imported Steve Madden THEIA SUEDE BAG CHOCOLATE | One Size | Steve Madden Women's Theia Suede Bag - Chocolate",108.00,108.00,https://cdn.shopify.com/s/files/1/2170/8465/files/STEVEMADDEN_HANDBAGS_BTHEIA-S_CHOCOLATE_01.jpg,Accessories > Top Handle Bags,Accessories > Top Handle Bags,22/09/2026,,FALSE,41774085177477,,IN STOCK,,One Size,Chocolate,,,101,TRUE,TRUE,FALSE
Steve Madden,7307937775749,7307937775749,7307937775749,Steve Madden Women's Leilani Bag - Brown Print - Synthetic,https://www.stevemadden.com/products/bleilani-brown-print?utm_source=display&utm_medium=programmatic&utm_campaign=performance&utm_content=rtg,"The LEILANI BAG BROWN PRINT is a spacious tote bag featuring a removable charm strap that lets you customize your look. Carry it as a classic tote or add the charm strap for extra personality and style. Perfect for everyday use, work, or weekend outings. Large tote bag Turn lock detail Expandable side gussets Removable charm strap and bunny Fits a full day's essentials, including a laptop, tablet, books, and a water bottle 11.5in H x 14in W x 7in D Synthetic materials Dusters bag included Imported Steve Madden LEILANI BAG BROWN PRINT | One Size | Steve Madden Women's Leilani Bag - Brown Print - Synthetic","The LEILANI BAG BROWN PRINT is a spacious tote bag featuring a removable charm strap that lets you customize your look. Carry it as a classic tote or add the charm strap for extra personality and style. Perfect for everyday use, work, or weekend outings. Large tote bag Turn lock detail Expandable side gussets Removable charm strap and bunny Fits a full day's essentials, including a laptop, tablet, books, and a water bottle 11.5in H x 14in W x 7in D Synthetic materials Dusters bag included Imported Steve Madden LEILANI BAG BROWN PRINT | One Size | Steve Madden Women's Leilani Bag - Brown Print - Synthetic",139.00,139.00,https://cdn.shopify.com/s/files/1/2170/8465/files/STEVEMADDEN_HANDBAGS_BLEILAND_BROWN-PRINT_01.jpg,Accessories > Totes,Accessories > Totes,22/09/2026,,FALSE,41774085210245,,IN STOCK,,One Size,Brown Print,,,102,TRUE,TRUE,FALSE
Steve Madden,7307937874053,7307937874053,7307937874053,Steve Madden Women's Olga Bag - Brown Distressed - Synthetic,https://www.stevemadden.com/products/bolga-p-distressed-brown?utm_source=display&utm_medium=programmatic&utm_campaign=performance&utm_content=rtg,"The OLGA BAG BROWN DISTRESSED is a soft, slouchy tote bag that effortlessly transitions from day to night. Featuring a secure zipper closure and a detachable scarf accent, this versatile bag combines comfort with contemporary style. The relaxed silhouette makes it the perfect companion for any occasion. Slouchy tote bag Removable scarf Top zipper closure Fits a full day's essentials, including a laptop, tablet, books, and a water bottle 10in H x 18in W x 3.25in D Synthetic materials Imported Steve Madden OLGA BAG BROWN DISTRESSED | Distressed Brown | One Size | Steve Madden Women's Olga Bag - Brown Distressed - Synthetic","The OLGA BAG BROWN DISTRESSED is a soft, slouchy tote bag that effortlessly transitions from day to night. Featuring a secure zipper closure and a detachable scarf accent, this versatile bag combines comfort with contemporary style. The relaxed silhouette makes it the perfect companion for any occasion. Slouchy tote bag Removable scarf Top zipper closure Fits a full day's essentials, including a laptop, tablet, books, and a water bottle 10in H x 18in W x 3.25in D Synthetic materials Imported Steve Madden OLGA BAG BROWN DISTRESSED | Distressed Brown | One Size | Steve Madden Women's Olga Bag - Brown Distressed - Synthetic",112.00,112.00,https://cdn.shopify.com/s/files/1/2170/8465/files/STEVEMADDEN_HANDBAGS_BOLGA-P_DISTRESSED-BROWN_02.jpg,Accessories > Totes,Accessories > Totes,22/09/2026,,FALSE,41774085701765,,IN STOCK,,One Size,Brown Distressed,,,103,TRUE,TRUE,FALSE
Steve Madden,7308226035845,7308226035845,7308226035845,Steve Madden Women's Larisal Bag - Beige - Synthetic,https://www.stevemadden.com/products/blarisal-beige?utm_source=display&utm_medium=programmatic&utm_campaign=performance&utm_content=rtg,"Expertly crafted for those on-the-go, the LARISAL BAG BEIGE is a small crossbody logo bag designed to fit your essentials. Featuring a convenient chain crossbody strap and a front flap with a magnetic snap closure, keeping your belongings secure has never been easier. Perfect for hands-free convenience. Small crossbody bag Front flap mag snap closure Fits daily essentials, including a phone Chain crossbody strap Crossbody strap: 23-24 inches 5in H x 8in W x 2in D Synthetic materials Duster bag included Imported Steve Madden LARISAL BAG BEIGE | One Size | Steve Madden Women's Larisal Bag - Beige - Synthetic","Expertly crafted for those on-the-go, the LARISAL BAG BEIGE is a small crossbody logo bag designed to fit your essentials. Featuring a convenient chain crossbody strap and a front flap with a magnetic snap closure, keeping your belongings secure has never been easier. Perfect for hands-free convenience. Small crossbody bag Front flap mag snap closure Fits daily essentials, including a phone Chain crossbody strap Crossbody strap: 23-24 inches 5in H x 8in W x 2in D Synthetic materials Duster bag included Imported Steve Madden LARISAL BAG BEIGE | One Size | Steve Madden Women's Larisal Bag - Beige - Synthetic",84.00,84.00,https://cdn.shopify.com/s/files/1/2170/8465/files/STEVEMADDEN_HANDBAGS_BLARISAL_BEIGE_01.jpg,Accessories > Crossbody Bags,Accessories > Crossbody Bags,22/09/2026,,FALSE,41776042016901,,IN STOCK,,One Size,Beige,,,106,TRUE,TRUE,FALSE
Steve Madden,7308257886341,7308257886341,7308257886341,Steve Madden Women's Mavi Bag - Chocolate - Faux Fur,https://www.stevemadden.com/products/bmavi-chocolate?utm_source=display&utm_medium=programmatic&utm_campaign=performance&utm_content=rtg,"The MAVI BAG CHOCOLATE is a versatile mini satchel featuring a top handle for easy carrying and an attachable crossbody strap for hands-free wear. The turnlock top closure keeps your essentials secure, while the removable bag charm adds a personalized touch. Perfect for transitioning from day to night with effortless style. Top handle bag Turnlock flap closure Attachable crossbody strap and bag charms Fits daily essentials, including a phone, small wallet, keys, small headphones, and compact makeup Top-handle strap: 6 inches Crossbody strap: 23-24 inches 4in H x 9in W x 3.25in D Faux fur materials Duster bag included Imported Steve Madden MAVI BAG CHOCOLATE | One Size | Steve Madden Women's Mavi Bag - Chocolate - Faux Fur","The MAVI BAG CHOCOLATE is a versatile mini satchel featuring a top handle for easy carrying and an attachable crossbody strap for hands-free wear. The turnlock top closure keeps your essentials secure, while the removable bag charm adds a personalized touch. Perfect for transitioning from day to night with effortless style. Top handle bag Turnlock flap closure Attachable crossbody strap and bag charms Fits daily essentials, including a phone, small wallet, keys, small headphones, and compact makeup Top-handle strap: 6 inches Crossbody strap: 23-24 inches 4in H x 9in W x 3.25in D Faux fur materials Duster bag included Imported Steve Madden MAVI BAG CHOCOLATE | One Size | Steve Madden Women's Mavi Bag - Chocolate - Faux Fur",98.00,98.00,https://cdn.shopify.com/s/files/1/2170/8465/files/STEVEMADDEN_HANDBAGS_BMAVI_CHOCOLATE_01.jpg,Accessories > Top Handle Bags,Accessories > Top Handle Bags,22/09/2026,,FALSE,41776169451653,,IN STOCK,,One Size,Chocolate,,,108,TRUE,TRUE,FALSE
Steve Madden,7308258443397,7308258443397,7308258443397,Steve Madden Women's Elide Bag - Black - Synthetic,https://www.stevemadden.com/products/belide-black?utm_source=display&utm_medium=programmatic&utm_campaign=performance&utm_content=rtg,"The ELIDE BAG BLACK is a versatile mini top handle satchel designed for everyday carry. Features include a top zip closure for secure storage, a detachable crossbody strap for hands-free wear, and a convenient back wall zipper for quick access to essentials. Complete with an attachable bag charm to personalize your look. Top handle bag Zipper closure Attachable crossbody and bag charms Fits daily essentials, including a phone, small wallet, keys, small headphones, and compact makeup Top-handle strap: 3.25 inches Crossbody strap: 23-24 inches 5.5in H x 9in W x 3.25in D Synthetic materials Duster bag included Imported Steve Madden ELIDE BAG BLACK | One Size | Steve Madden Women's Elide Bag - Black - Synthetic","The ELIDE BAG BLACK is a versatile mini top handle satchel designed for everyday carry. Features include a top zip closure for secure storage, a detachable crossbody strap for hands-free wear, and a convenient back wall zipper for quick access to essentials. Complete with an attachable bag charm to personalize your look. Top handle bag Zipper closure Attachable crossbody and bag charms Fits daily essentials, including a phone, small wallet, keys, small headphones, and compact makeup Top-handle strap: 3.25 inches Crossbody strap: 23-24 inches 5.5in H x 9in W x 3.25in D Synthetic materials Duster bag included Imported Steve Madden ELIDE BAG BLACK | One Size | Steve Madden Women's Elide Bag - Black - Synthetic",78.00,78.00,https://cdn.shopify.com/s/files/1/2170/8465/files/STEVEMADDEN_HANDBAGS_BELIDE_BLACK_01.jpg,Accessories > Top Handle Bags,Accessories > Top Handle Bags,22/09/2026,,FALSE,41776171286661,,IN STOCK,,One Size,Black,,,112,TRUE,TRUE,FALSE
Steve Madden,7308258508933,7308258508933,7308258508933,Steve Madden Women's Elide Bag - Olive - Synthetic,https://www.stevemadden.com/products/belide-olive?utm_source=display&utm_medium=programmatic&utm_campaign=performance&utm_content=rtg,"The ELIDE BAG OLIVE is a versatile mini top handle satchel designed for everyday carry. Features include a top zip closure for secure storage, a detachable crossbody strap for hands-free wear, and a convenient back wall zipper for quick access to essentials. Complete with an attachable bag charm to personalize your look. Top handle bag Zipper closure Attachable crossbody and bag charms Fits daily essentials, including a phone, small wallet, keys, small headphones, and compact makeup Top-handle strap: 3.25 inches Crossbody strap: 23-24 inches 5.5in H x 9in W x 3.25in D Synthetic materials Duster bag included Imported Steve Madden ELIDE BAG OLIVE | One Size | Steve Madden Women's Elide Bag - Olive - Synthetic","The ELIDE BAG OLIVE is a versatile mini top handle satchel designed for everyday carry. Features include a top zip closure for secure storage, a detachable crossbody strap for hands-free wear, and a convenient back wall zipper for quick access to essentials. Complete with an attachable bag charm to personalize your look. Top handle bag Zipper closure Attachable crossbody and bag charms Fits daily essentials, including a phone, small wallet, keys, small headphones, and compact makeup Top-handle strap: 3.25 inches Crossbody strap: 23-24 inches 5.5in H x 9in W x 3.25in D Synthetic materials Duster bag included Imported Steve Madden ELIDE BAG OLIVE | One Size | Steve Madden Women's Elide Bag - Olive - Synthetic",78.00,78.00,https://cdn.shopify.com/s/files/1/2170/8465/files/STEVEMADDEN_HANDBAGS_BELIDE_OLIVE_01.jpg,Accessories > Top Handle Bags,Accessories > Top Handle Bags,22/09/2026,,FALSE,41776171384965,,IN STOCK,,One Size,Olive,,,113,TRUE,TRUE,FALSE
Steve Madden,7309802307717,7309802307717,7309802307717,Steve Madden Women's Yara Bag - Black - Synthetic,https://www.stevemadden.com/products/byara-black?utm_source=display&utm_medium=programmatic&utm_campaign=performance&utm_content=rtg,"The YARA BAG BLACK features three versatile straps that let you wear it your way-as a clutch, with the top handle, or as a chain crossbody. Switch up your style effortlessly with multiple carrying options. Includes a detachable bag charm to personalize your look. Kiss-lock clutch Removable bag charm Can also be worn as a top handle or crossbody bsg Fits daily essentials, including a phone, small wallet, keys, small headphones, and compact makeup 5in H x 11.5in W x 4in D Top-handle strap: 5 inch drop Crossbody strap: 15 inches Synthetic materials Duster bag included Imported Steve Madden YARA BAG BLACK | One Size | Steve Madden Women's Yara Bag - Black - Synthetic","The YARA BAG BLACK features three versatile straps that let you wear it your way-as a clutch, with the top handle, or as a chain crossbody. Switch up your style effortlessly with multiple carrying options. Includes a detachable bag charm to personalize your look. Kiss-lock clutch Removable bag charm Can also be worn as a top handle or crossbody bsg Fits daily essentials, including a phone, small wallet, keys, small headphones, and compact makeup 5in H x 11.5in W x 4in D Top-handle strap: 5 inch drop Crossbody strap: 15 inches Synthetic materials Duster bag included Imported Steve Madden YARA BAG BLACK | One Size | Steve Madden Women's Yara Bag - Black - Synthetic",49.99,78.00,https://cdn.shopify.com/s/files/1/2170/8465/files/STEVEMADDEN_HANDBAGS_BYARA_BLACK_02.jpg,Accessories > Clutches,Accessories > Clutches,22/09/2026,,FALSE,41782381641861,,IN STOCK,,One Size,Black,,,119,TRUE,TRUE,TRUE
Steve Madden,7309802340485,7309802340485,7309802340485,Steve Madden Women's Larisal Bag Black/multi - Black Multi - Synthetic,https://www.stevemadden.com/products/blarisam-black-multi?utm_source=display&utm_medium=programmatic&utm_campaign=performance&utm_content=rtg,"Expertly crafted for those on-the-go, the LARISAL BAG BLACK/MULTI is a small crossbody logo bag designed to fit your essentials. Featuring a convenient chain crossbody strap and a front flap with a magnetic snap closure, keeping your belongings secure has never been easier. Perfect for hands-free convenience. Small crossbody bag Front flap mag snap closure Fits daily essentials, including a phone Chain crossbody strap Crossbody strap: 23-24 inches 5in H x 8in W x 2in D Synthetic materials Duster bag included Imported Steve Madden LARISAL BAG BLACK/MULTI | Black Multi | One Size | Steve Madden Women's Larisal Bag Black/multi - Black Multi - Synthetic","Expertly crafted for those on-the-go, the LARISAL BAG BLACK/MULTI is a small crossbody logo bag designed to fit your essentials. Featuring a convenient chain crossbody strap and a front flap with a magnetic snap closure, keeping your belongings secure has never been easier. Perfect for hands-free convenience. Small crossbody bag Front flap mag snap closure Fits daily essentials, including a phone Chain crossbody strap Crossbody strap: 23-24 inches 5in H x 8in W x 2in D Synthetic materials Duster bag included Imported Steve Madden LARISAL BAG BLACK/MULTI | Black Multi | One Size | Steve Madden Women's Larisal Bag Black/multi - Black Multi - Synthetic",84.00,84.00,https://cdn.shopify.com/s/files/1/2170/8465/files/STEVEMADDEN_HANDBAGS_BLARISAM_BLACK-MULTI_01.jpg,Accessories > Crossbody Bags,Accessories > Crossbody Bags,22/09/2026,,FALSE,41782381674629,,IN STOCK,,One Size,Black Multi,,,120,TRUE,TRUE,FALSE
Steve Madden,7309802537093,7309802537093,7309802537093,Steve Madden Women's Colette Bag Faux Fur - Natural,https://www.stevemadden.com/products/bcoletef-natural?utm_source=display&utm_medium=programmatic&utm_campaign=performance&utm_content=rtg,"The COLETTE BAG FAUX FUR NATURAL combines sophistication with functional design, featuring a chain shoulder strap for versatile styling options. Multiple interior compartments keep essentials organized and accessible, while the structured silhouette maintains its shape throughout the day. This piece seamlessly transitions from professional settings to weekend outings, offering both polish and practicality. Faux fur shoulder bag Multiple compartments Zipper closure Fits more than the essentials, including a phone, a full-size wallet, headphones, a makeup pouch, and sunglasses Shoulder strap: 11.5in 7.5in H x 11.5in W x 6in D Faux fur and synthetic materials Duster bag included Imported Steve Madden COLETTE BAG FAUX FUR NATURAL | One Size | Steve Madden Women's Colette Bag Faux Fur - Natural","The COLETTE BAG FAUX FUR NATURAL combines sophistication with functional design, featuring a chain shoulder strap for versatile styling options. Multiple interior compartments keep essentials organized and accessible, while the structured silhouette maintains its shape throughout the day. This piece seamlessly transitions from professional settings to weekend outings, offering both polish and practicality. Faux fur shoulder bag Multiple compartments Zipper closure Fits more than the essentials, including a phone, a full-size wallet, headphones, a makeup pouch, and sunglasses Shoulder strap: 11.5in 7.5in H x 11.5in W x 6in D Faux fur and synthetic materials Duster bag included Imported Steve Madden COLETTE BAG FAUX FUR NATURAL | One Size | Steve Madden Women's Colette Bag Faux Fur - Natural",108.00,108.00,https://cdn.shopify.com/s/files/1/2170/8465/files/STEVEMADDEN_HANDBAGS_BCOLETTEF_NATURAL_02.jpg,Accessories > Shoulder Bags,Accessories > Shoulder Bags,22/09/2026,,FALSE,41782382231685,,IN STOCK,,One Size,Natural,,,121,TRUE,TRUE,FALSE
Steve Madden,7309802602629,7309802602629,7309802602629,Steve Madden Women's Saga Bag - Brown - Faux Fur,https://www.stevemadden.com/products/bsaga-brown?utm_source=display&utm_medium=programmatic&utm_campaign=performance&utm_content=rtg,"The SAGA BAG BROWN is a luxurious shoulder bag crafted with plush faux fur that adds texture and sophistication to any outfit. Featuring a convenient magnetic snap closure, this bag keeps your essentials secure while maintaining effortless style. Perfect for transitioning from day to night, the colorway offers versatile appeal that complements any wardrobe. Shoulder bag Mag-snap closure Fits more than the essentials, including a phone, full-size wallet, headphones, makeup pouch, and sunglasses Shoulder strap: 9 inches 5in H x 14in W x 2in D Faux fur materials Duster bag included Imported Steve Madden SAGA BAG BROWN | One Size | Steve Madden Women's Saga Bag - Brown - Faux Fur","The SAGA BAG BROWN is a luxurious shoulder bag crafted with plush faux fur that adds texture and sophistication to any outfit. Featuring a convenient magnetic snap closure, this bag keeps your essentials secure while maintaining effortless style. Perfect for transitioning from day to night, the colorway offers versatile appeal that complements any wardrobe. Shoulder bag Mag-snap closure Fits more than the essentials, including a phone, full-size wallet, headphones, makeup pouch, and sunglasses Shoulder strap: 9 inches 5in H x 14in W x 2in D Faux fur materials Duster bag included Imported Steve Madden SAGA BAG BROWN | One Size | Steve Madden Women's Saga Bag - Brown - Faux Fur",88.00,88.00,https://cdn.shopify.com/s/files/1/2170/8465/files/STEVEMADDEN_HANDBAGS_BSAGA_BROWN_03.jpg,Accessories > Shoulder Bags,Accessories > Shoulder Bags,22/09/2026,,FALSE,41782382428293,,IN STOCK,,One Size,Brown,,,123,TRUE,TRUE,FALSE
Steve Madden,7309802635397,7309802635397,7309802635397,Steve Madden Women's Kova Bag - Cream - Faux Fur,https://www.stevemadden.com/products/bkova-cream?utm_source=display&utm_medium=programmatic&utm_campaign=performance&utm_content=rtg,"The KOVA BAG CREAM features a versatile design with luxurious faux fur style, top handles, and metal accents for durability and style. A detachable crossbody strap offers hands-free carrying options, while the magnetic snap closure ensures secure, easy access to your essentials. Perfect for transitioning from day to night. Top-handle bag Faux fur details Mag snap closure Fits daily essentials, including a phone, small wallet, keys, small headphones, and compact makeup Top-handle strap: 3.25 inches Crossbody strap: 23-24 inches 6.5in H x 10.25in W x 2.75in D Faux fur materials Duster bag included Imported Steve Madden KOVA BAG CREAM | One Size | Steve Madden Women's Kova Bag - Cream - Faux Fur","The KOVA BAG CREAM features a versatile design with luxurious faux fur style, top handles, and metal accents for durability and style. A detachable crossbody strap offers hands-free carrying options, while the magnetic snap closure ensures secure, easy access to your essentials. Perfect for transitioning from day to night. Top-handle bag Faux fur details Mag snap closure Fits daily essentials, including a phone, small wallet, keys, small headphones, and compact makeup Top-handle strap: 3.25 inches Crossbody strap: 23-24 inches 6.5in H x 10.25in W x 2.75in D Faux fur materials Duster bag included Imported Steve Madden KOVA BAG CREAM | One Size | Steve Madden Women's Kova Bag - Cream - Faux Fur",78.00,78.00,https://cdn.shopify.com/s/files/1/2170/8465/files/STEVEMADDEN_HANDBAGS_BKOVA_CREAM_01.jpg,Accessories > Top Handle Bags,Accessories > Top Handle Bags,22/09/2026,,FALSE,41782382461061,,IN STOCK,,One Size,Cream,,,124,TRUE,TRUE,FALSE
Steve Madden,7319195648133,7319195648133,7319195648133,Steve Madden Women's Savanah Bag - Green - Synthetic,https://www.stevemadden.com/products/bsavanah-green?utm_source=display&utm_medium=programmatic&utm_campaign=performance&utm_content=rtg,"The SAVANAH BAG GREEN is a cargo-inspired shoulder bag that combines practical style with versatile design. This east-west satchel features tubular straps for comfortable carrying and comes adorned with decorative bag charms. A removable scarf adds an extra styling option, letting you customize the look to match your mood. Perfect for everyday adventures or weekend getaways. Shoulder bag Non-removable padlock Zipper closure Fits more than the essentials, including a phone, a full-size wallet, headphones, a makeup pouch, and sunglasses Shoulder strap: 9 inches 7in H x 14.5in W x 5in D Synthetic materials Duster bag included Imported Steve Madden SAVANAH BAG GREEN | One Size | Steve Madden Women's Savanah Bag - Green - Synthetic","The SAVANAH BAG GREEN is a cargo-inspired shoulder bag that combines practical style with versatile design. This east-west satchel features tubular straps for comfortable carrying and comes adorned with decorative bag charms. A removable scarf adds an extra styling option, letting you customize the look to match your mood. Perfect for everyday adventures or weekend getaways. Shoulder bag Non-removable padlock Zipper closure Fits more than the essentials, including a phone, a full-size wallet, headphones, a makeup pouch, and sunglasses Shoulder strap: 9 inches 7in H x 14.5in W x 5in D Synthetic materials Duster bag included Imported Steve Madden SAVANAH BAG GREEN | One Size | Steve Madden Women's Savanah Bag - Green - Synthetic",118.00,118.00,https://cdn.shopify.com/s/files/1/2170/8465/files/STEVEMADDEN_HANDBAGS_BSAVANAH_GREEN_01.jpg,Accessories > Shoulder Bags,Accessories > Shoulder Bags,22/09/2026,,FALSE,41819180171397,,IN STOCK,,One Size,Green,,,134,TRUE,TRUE,FALSE
Steve Madden,7323157299333,7323157299333,7323157299333,Steve Madden Women's Riggs Bag - Cobalt - Synthetic,https://www.stevemadden.com/products/briggs-cobalt?utm_source=display&utm_medium=programmatic&utm_campaign=performance&utm_content=rtg,"Expertly crafted with a slouchy satchel design, this RIGGS BAG COBALT is a top-handle bag that combines style and function. Featuring dome stud details and knotted fringe decals on a gusset with rounded bottom metal aglets, it also comes with an attachable crossbody strap for versatile wear-a must-have for any fashion-forward wardrobe. Slouchy satchel bag with front slip phone pocket Top-handle straps Top zipper closure Attachable bag charms Removable and adjustable crossbody strap Fits more than the essentials, including a phone, full-size wallet, headphones, makeup pouch, and sunglasses Top-handle strap: 3 inches Crossbody strap: 24 inches 7.8in H x 11.75in W x 4in D Synthetic materials Duster bag included Imported Steve Madden RIGGS BAG COBALT | One Size | Steve Madden Women's Riggs Bag - Cobalt - Synthetic","Expertly crafted with a slouchy satchel design, this RIGGS BAG COBALT is a top-handle bag that combines style and function. Featuring dome stud details and knotted fringe decals on a gusset with rounded bottom metal aglets, it also comes with an attachable crossbody strap for versatile wear-a must-have for any fashion-forward wardrobe. Slouchy satchel bag with front slip phone pocket Top-handle straps Top zipper closure Attachable bag charms Removable and adjustable crossbody strap Fits more than the essentials, including a phone, full-size wallet, headphones, makeup pouch, and sunglasses Top-handle strap: 3 inches Crossbody strap: 24 inches 7.8in H x 11.75in W x 4in D Synthetic materials Duster bag included Imported Steve Madden RIGGS BAG COBALT | One Size | Steve Madden Women's Riggs Bag - Cobalt - Synthetic",129.00,129.00,https://cdn.shopify.com/s/files/1/2170/8465/files/STEVEMADDEN_HANDBAGS_BRIGGS_COBALT_02.jpg,Accessories > Crossbody Bags,Accessories > Crossbody Bags,22/09/2026,,FALSE,41832127725701,,IN STOCK,,One Size,Cobalt,,,140,TRUE,TRUE,FALSE
Steve Madden,7323157332101,7323157332101,7323157332101,Steve Madden Women's Riggs Bag - Fuchsia - Synthetic,https://www.stevemadden.com/products/briggs-fuchsia?utm_source=display&utm_medium=programmatic&utm_campaign=performance&utm_content=rtg,"Expertly crafted with a slouchy satchel design, this RIGGS BAG FUCHSIA is a top-handle bag that combines style and function. Featuring dome stud details and knotted fringe decals on a gusset with rounded bottom metal aglets, it also comes with an attachable crossbody strap for versatile wear-a must-have for any fashion-forward wardrobe. Slouchy satchel bag with front slip phone pocket Top-handle straps Top zipper closure Attachable bag charms Removable and adjustable crossbody strap Fits more than the essentials, including a phone, full-size wallet, headphones, makeup pouch, and sunglasses Top-handle strap: 3 inches Crossbody strap: 24 inches 7.8in H x 11.75in W x 4in D Synthetic materials Duster bag included Imported Steve Madden RIGGS BAG FUCHSIA | One Size | Steve Madden Women's Riggs Bag - Fuchsia - Synthetic","Expertly crafted with a slouchy satchel design, this RIGGS BAG FUCHSIA is a top-handle bag that combines style and function. Featuring dome stud details and knotted fringe decals on a gusset with rounded bottom metal aglets, it also comes with an attachable crossbody strap for versatile wear-a must-have for any fashion-forward wardrobe. Slouchy satchel bag with front slip phone pocket Top-handle straps Top zipper closure Attachable bag charms Removable and adjustable crossbody strap Fits more than the essentials, including a phone, full-size wallet, headphones, makeup pouch, and sunglasses Top-handle strap: 3 inches Crossbody strap: 24 inches 7.8in H x 11.75in W x 4in D Synthetic materials Duster bag included Imported Steve Madden RIGGS BAG FUCHSIA | One Size | Steve Madden Women's Riggs Bag - Fuchsia - Synthetic",129.00,129.00,https://cdn.shopify.com/s/files/1/2170/8465/files/STEVEMADDEN_HANDBAGS_BRIGGS_FUCHSIA_02.jpg,Accessories > Crossbody Bags,Accessories > Crossbody Bags,22/09/2026,,FALSE,41832127758469,,IN STOCK,,One Size,Fuchsia,,,141,TRUE,TRUE,FALSE
Steve Madden,7323157397637,7323157397637,7323157397637,Steve Madden Women's Riggs Bag - Red - Synthetic,https://www.stevemadden.com/products/briggs-red?utm_source=display&utm_medium=programmatic&utm_campaign=performance&utm_content=rtg,"Expertly crafted with a slouchy satchel design, this RIGGS BAG RED is a top-handle bag that combines style and function. Featuring dome stud details and knotted fringe decals on a gusset with rounded bottom metal aglets, it also comes with an attachable crossbody strap for versatile wear-a must-have for any fashion-forward wardrobe. Slouchy satchel bag with front slip phone pocket Top-handle straps Top zipper closure Attachable bag charms Removable and adjustable crossbody strap Fits more than the essentials, including a phone, full-size wallet, headphones, makeup pouch, and sunglasses Top-handle strap: 3 inches Crossbody strap: 24 inches 7.8in H x 11.75in W x 4in D Synthetic materials Duster bag included Imported Steve Madden RIGGS BAG RED | One Size | Steve Madden Women's Riggs Bag - Red - Synthetic","Expertly crafted with a slouchy satchel design, this RIGGS BAG RED is a top-handle bag that combines style and function. Featuring dome stud details and knotted fringe decals on a gusset with rounded bottom metal aglets, it also comes with an attachable crossbody strap for versatile wear-a must-have for any fashion-forward wardrobe. Slouchy satchel bag with front slip phone pocket Top-handle straps Top zipper closure Attachable bag charms Removable and adjustable crossbody strap Fits more than the essentials, including a phone, full-size wallet, headphones, makeup pouch, and sunglasses Top-handle strap: 3 inches Crossbody strap: 24 inches 7.8in H x 11.75in W x 4in D Synthetic materials Duster bag included Imported Steve Madden RIGGS BAG RED | One Size | Steve Madden Women's Riggs Bag - Red - Synthetic",129.00,129.00,https://cdn.shopify.com/s/files/1/2170/8465/files/STEVEMADDEN_HANDBAGS_BRIGGS_RED_01.jpg,Accessories > Crossbody Bags,Accessories > Crossbody Bags,22/09/2026,,FALSE,41832127824005,,IN STOCK,,One Size,Red,,,143,TRUE,TRUE,FALSE
Steve Madden,7325567484037,7325567484037,7325567484037,Steve Madden Women's Lennox Bootie & Taro Bag Bundle,https://www.stevemadden.com/products/lennox-bootie-taro-bag-bundle?utm_source=display&utm_medium=programmatic&utm_campaign=performance&utm_content=rtg,"The LENNOX BROWN SUEDE is a striking pointed-toe ankle boot that combines edgy style with wearable comfort. Featuring a scrunched, fold-over design at the shaft, this bootie delivers modern attitude with every step. The silhouette makes it an instant wardrobe essential for elevating any outfit from casual to polished. 1.5 inch heel height 8 inch shaft circumference 14.25 inch shaft height Suede upper material Vegan leather lining Vegan leather sock Synthetic sole Imported Beautifully crafted with a structured satchel design, the TARO BAG CHOCOLATE is a shoulder bag designed for everyday use. It features an optional crossbody strap for versatile wear, as well as a front turnlock pocket and side cargo pockets that allow for easy access to essentials on the go. The top zipper closure creates a secure main storage compartment making it perfect for work, travel, or daily errands. Utility satchel bag Top zipper closure Back zipper pocket Fits more than the essentials, including a phone, full-size wallet, headphones, makeup pouch, and sunglasses Top handle strap drop: 9 inches Crossbody strap: 24 inches 7in H x 11in W x 5.5in D Faux suede materials Duster bag included Imported Steve Madden LENNOX BOOTIE & TARO BAG BUNDLE | Steve Madden Women's Lennox Bootie & Taro Bag Bundle","The LENNOX BROWN SUEDE is a striking pointed-toe ankle boot that combines edgy style with wearable comfort. Featuring a scrunched, fold-over design at the shaft, this bootie delivers modern attitude with every step. The silhouette makes it an instant wardrobe essential for elevating any outfit from casual to polished. 1.5 inch heel height 8 inch shaft circumference 14.25 inch shaft height Suede upper material Vegan leather lining Vegan leather sock Synthetic sole Imported Beautifully crafted with a structured satchel design, the TARO BAG CHOCOLATE is a shoulder bag designed for everyday use. It features an optional crossbody strap for versatile wear, as well as a front turnlock pocket and side cargo pockets that allow for easy access to essentials on the go. The top zipper closure creates a secure main storage compartment making it perfect for work, travel, or daily errands. Utility satchel bag Top zipper closure Back zipper pocket Fits more than the essentials, including a phone, full-size wallet, headphones, makeup pouch, and sunglasses Top handle strap drop: 9 inches Crossbody strap: 24 inches 7in H x 11in W x 5.5in D Faux suede materials Duster bag included Imported Steve Madden LENNOX BOOTIE & TARO BAG BUNDLE | Steve Madden Women's Lennox Bootie & Taro Bag Bundle",287.95,287.95,https://cdn.shopify.com/s/files/1/2170/8465/files/SM_2026_Q3_MATCHBACKS_20_BTARO_LENNOX_0698.jpg,Accessories > Bags,Accessories > Bags,22/09/2026,,FALSE,41839393931397,,IN STOCK,,"10, 11, 5, 5.5, 6, 6.5, 7, 7.5, 8, 8.5, 9, 9.5",,,,145,TRUE,TRUE,FALSE
Steve Madden,7328744210565,7328744210565,7328744210565,Steve Madden Women's Alba Bag - Cream - Leather,https://www.stevemadden.com/products/balba-cream?utm_source=display&utm_medium=programmatic&utm_campaign=performance&utm_content=rtg,"The ALBA BAG CREAM is a slouchy satchel designed for everyday versatility. Features include a magnetic snap closure, a back zipper wall, and a drawstring gusset detail that adds dimension to the silhouette. The detachable crossbody strap offers hands-free carrying options, while the top handle makes it easy to grab and go. Perfect for transitioning from day to night. Top-handle bag Mag snap closure Attachable crossbody strap Fits more than the essentials, including a phone, full-size wallet, headphones, makeup pouch, and sunglasses Top-handle strap: 5.75 inches Crossbody strap: 23-24 inches 6.75in H x 15in W x 4.5in D Leather materials Duster bag included Imported Steve Madden ALBA BAG CREAM | One Size | Steve Madden Women's Alba Bag - Cream - Leather","The ALBA BAG CREAM is a slouchy satchel designed for everyday versatility. Features include a magnetic snap closure, a back zipper wall, and a drawstring gusset detail that adds dimension to the silhouette. The detachable crossbody strap offers hands-free carrying options, while the top handle makes it easy to grab and go. Perfect for transitioning from day to night. Top-handle bag Mag snap closure Attachable crossbody strap Fits more than the essentials, including a phone, full-size wallet, headphones, makeup pouch, and sunglasses Top-handle strap: 5.75 inches Crossbody strap: 23-24 inches 6.75in H x 15in W x 4.5in D Leather materials Duster bag included Imported Steve Madden ALBA BAG CREAM | One Size | Steve Madden Women's Alba Bag - Cream - Leather",148.00,148.00,https://cdn.shopify.com/s/files/1/2170/8465/files/STEVEMADDEN_HANDBAGS_BALBA_CREAM_03.jpg,Accessories > Top Handle Bags,Accessories > Top Handle Bags,22/09/2026,,FALSE,41852705472645,,IN STOCK,,One Size,Cream,,,147,TRUE,TRUE,FALSE
Steve Madden,7331466543237,7331466543237,7331466543237,Steve Madden Women's Nymera Bag - Black - Faux Fur,https://www.stevemadden.com/products/bnymera-black?utm_source=display&utm_medium=programmatic&utm_campaign=performance&utm_content=rtg,"The NYMERA BAG BLACK features a top handle with faux fur construction. This compact design transitions seamlessly from everyday carry to special occasion wear, delivering practical storage wrapped in refined styling. Luxe texture combines with a timeless silhouette to elevate any outfit through effortless sophistication. Top-handle handbag Mag snap flap closure Gold hardware detail Fits daily essentials, including a phone, small wallet, keys, small headphones, and compact makeup Top-handle strap: 4.5 inch drop 5in H x 11in W x 4.5in D Faux fur materials Duster bag included Imported Steve Madden NYMERA BAG BLACK | One Size | Steve Madden Women's Nymera Bag - Black - Faux Fur","The NYMERA BAG BLACK features a top handle with faux fur construction. This compact design transitions seamlessly from everyday carry to special occasion wear, delivering practical storage wrapped in refined styling. Luxe texture combines with a timeless silhouette to elevate any outfit through effortless sophistication. Top-handle handbag Mag snap flap closure Gold hardware detail Fits daily essentials, including a phone, small wallet, keys, small headphones, and compact makeup Top-handle strap: 4.5 inch drop 5in H x 11in W x 4.5in D Faux fur materials Duster bag included Imported Steve Madden NYMERA BAG BLACK | One Size | Steve Madden Women's Nymera Bag - Black - Faux Fur",78.00,78.00,https://cdn.shopify.com/s/files/1/2170/8465/files/STEVEMADDEN_HANDBAGS_BNYMERA_BLACK_02.jpg,Accessories > Top Handle Bags,Accessories > Top Handle Bags,22/09/2026,,FALSE,41865229762693,,IN STOCK,,One Size,Black,,,149,TRUE,TRUE,FALSE
Steve Madden,7185246027909,7185246027909,7185246027909,Steve Madden Women's Mishell Bag - Natural Multi - Synthetic,https://www.stevemadden.com/products/bmishell-natural-multi?utm_source=display&utm_medium=programmatic&utm_campaign=performance&utm_content=rtg,"This MISHELL BAG NATURAL MULTI is a micro mini top-handle bag with a trapezoidal shape that effortlessly transitions from day to night. Perfect for going out, this bag is a must-have for parties and events. With its sleek and chic style, you'll always make a fashionable statement. Micro mini top-handle bag Flap with mag snap closure Back slip pocket Trapezoidal shape Detachable crossbody chain Fits only the few essentials, including lipstick, cards, and a phone Crossbody strap drop: 24 inches Top handle strap drop: 2.25 inches 3.75in H x 7in W x 2in D Synthetic materials Duster bag included Imported Steve Madden MISHELL BAG NATURAL MULTI | One Size | Steve Madden Women's Mishell Bag - Natural Multi - Synthetic","This MISHELL BAG NATURAL MULTI is a micro mini top-handle bag with a trapezoidal shape that effortlessly transitions from day to night. Perfect for going out, this bag is a must-have for parties and events. With its sleek and chic style, you'll always make a fashionable statement. Micro mini top-handle bag Flap with mag snap closure Back slip pocket Trapezoidal shape Detachable crossbody chain Fits only the few essentials, including lipstick, cards, and a phone Crossbody strap drop: 24 inches Top handle strap drop: 2.25 inches 3.75in H x 7in W x 2in D Synthetic materials Duster bag included Imported Steve Madden MISHELL BAG NATURAL MULTI | One Size | Steve Madden Women's Mishell Bag - Natural Multi - Synthetic",49.99,98.00,https://cdn.shopify.com/s/files/1/2170/8465/files/STEVEMADDEN_HANDBAGS_BMISHELL_NAT-MULTI.jpg,Accessories > Top Handle Bags,Accessories > Top Handle Bags,22/09/2026,,FALSE,41320730525829,,IN STOCK,,One Size,Natural Multi,,,156,TRUE,TRUE,TRUE
Steve Madden,7200118046853,7200118046853,7200118046853,Steve Madden Women's Musee Bag - White - Synthetic,https://www.stevemadden.com/products/bmusee-white?utm_source=display&utm_medium=programmatic&utm_campaign=performance&utm_content=rtg,"This MUSEE BAG WHITE is an asymmetrical shoulder bag that features a top-zipper closure, making it both secure and stylish. The flower bead bag charm adds a touch of whimsy. With its unique design and functional features, this bag is an ideal accessory for any fashion-forward individual. Asymmetrical shoulder bag Top-zipper closure Attachable flower bead bag charm Fits daily essentials, including a phone, small wallet, keys, small headphones, and compact makeup Shoulder strap: 9 inches 7.75in H x 9.75in W x 2.5in D Synthetic materials Duster bag included Imported Steve Madden MUSEE BAG WHITE | One Size | Steve Madden Women's Musee Bag - White - Synthetic","This MUSEE BAG WHITE is an asymmetrical shoulder bag that features a top-zipper closure, making it both secure and stylish. The flower bead bag charm adds a touch of whimsy. With its unique design and functional features, this bag is an ideal accessory for any fashion-forward individual. Asymmetrical shoulder bag Top-zipper closure Attachable flower bead bag charm Fits daily essentials, including a phone, small wallet, keys, small headphones, and compact makeup Shoulder strap: 9 inches 7.75in H x 9.75in W x 2.5in D Synthetic materials Duster bag included Imported Steve Madden MUSEE BAG WHITE | One Size | Steve Madden Women's Musee Bag - White - Synthetic",88.00,88.00,https://cdn.shopify.com/s/files/1/2170/8465/files/STEVEMADDEN_HANDBAGS_BMUSEE_WHITE_01.jpg,Accessories > Shoulder Bags,Accessories > Shoulder Bags,22/09/2026,,FALSE,41370832732293,,IN STOCK,,One Size,White,,,164,TRUE,TRUE,FALSE
Steve Madden,7200118341765,7200118341765,7200118341765,Steve Madden Women's Luxxar Bag - Brown - Synthetic,https://www.stevemadden.com/products/bluxxar-brown?utm_source=display&utm_medium=programmatic&utm_campaign=performance&utm_content=rtg,"The LUXXAR BAG BROWN combines practical sophistication with bohemian flair. This shoulder bag features a secure top-zipper closure and comes adorned with an attachable boho charm collection-choose from padlock, horseshoe, feather, and additional designs to personalize your look. An interior organizational pouch keeps essentials accessible, while the reinforced back wall provides durability for everyday wear. Perfect for those seeking a versatile bag that transitions seamlessly from work to weekend adventures. Shoulder bag Top-zipper closure Attachable boho bag charm Fits more than the essentials, including a phone, a full-size wallet, headphones, a makeup pouch, and sunglasses Shoulder strap: 10 inches 5.5in H x 12.75in W x 3.75in D Synthetic materials Duster bag included Imported Steve Madden LUXXAR BAG BROWN | One Size | Steve Madden Women's Luxxar Bag - Brown - Synthetic","The LUXXAR BAG BROWN combines practical sophistication with bohemian flair. This shoulder bag features a secure top-zipper closure and comes adorned with an attachable boho charm collection-choose from padlock, horseshoe, feather, and additional designs to personalize your look. An interior organizational pouch keeps essentials accessible, while the reinforced back wall provides durability for everyday wear. Perfect for those seeking a versatile bag that transitions seamlessly from work to weekend adventures. Shoulder bag Top-zipper closure Attachable boho bag charm Fits more than the essentials, including a phone, a full-size wallet, headphones, a makeup pouch, and sunglasses Shoulder strap: 10 inches 5.5in H x 12.75in W x 3.75in D Synthetic materials Duster bag included Imported Steve Madden LUXXAR BAG BROWN | One Size | Steve Madden Women's Luxxar Bag - Brown - Synthetic",88.00,88.00,https://cdn.shopify.com/s/files/1/2170/8465/files/STEVEMADDEN_HANDBAGS_BLUXXAR_BROWN_01.jpg,Accessories > Shoulder Bags,Accessories > Shoulder Bags,22/09/2026,,FALSE,41370833027205,,IN STOCK,,One Size,Brown,,,166,TRUE,TRUE,FALSE
Steve Madden,7200118603909,7200118603909,7200118603909,Steve Madden Women's Boat Bag - Hot Pink - Synthetic,https://www.stevemadden.com/products/bboat-hot-pink?utm_source=display&utm_medium=programmatic&utm_campaign=performance&utm_content=rtg,"The BOAT BAG HOT PINK combines practical style with thoughtful details. This denim tote features a sturdy shoulder strap for everyday carry, while a decorative turnlock detail on the front adds a touch of polished sophistication. The included attachable micro bag charm offers personalization options, allowing you to customize your look. Perfect for transitioning from work to the weekend, this versatile tote offers both functionality and a fashion-forward appeal. Shoulder strap tote bag Canvas design Turnlock closure detail on the front Attachable matching micro bag charm Fits a full day's essentials, including a laptop, tablet, books, and a water bottle Shoulder strap: 11 inches 12in H x 13.5in W x 6.5in D Synthetic materials Duster bag included Imported Steve Madden BOAT BAG HOT PINK | One Size | Steve Madden Women's Boat Bag - Hot Pink - Synthetic","The BOAT BAG HOT PINK combines practical style with thoughtful details. This denim tote features a sturdy shoulder strap for everyday carry, while a decorative turnlock detail on the front adds a touch of polished sophistication. The included attachable micro bag charm offers personalization options, allowing you to customize your look. Perfect for transitioning from work to the weekend, this versatile tote offers both functionality and a fashion-forward appeal. Shoulder strap tote bag Canvas design Turnlock closure detail on the front Attachable matching micro bag charm Fits a full day's essentials, including a laptop, tablet, books, and a water bottle Shoulder strap: 11 inches 12in H x 13.5in W x 6.5in D Synthetic materials Duster bag included Imported Steve Madden BOAT BAG HOT PINK | One Size | Steve Madden Women's Boat Bag - Hot Pink - Synthetic",49.99,128.00,https://cdn.shopify.com/s/files/1/2170/8465/files/STEVEMADDEN_HANDBAGS_BBOATT_HOT-PINK.jpg,Accessories > Totes,Accessories > Totes,22/09/2026,,FALSE,41370833289349,,IN STOCK,,One Size,Hot Pink,,,169,TRUE,TRUE,TRUE
Steve Madden,7200118702213,7200118702213,7200118702213,Steve Madden Women's Luvly Bag - Light Blue,https://www.stevemadden.com/products/bluvly-light-blue?utm_source=display&utm_medium=programmatic&utm_campaign=performance&utm_content=rtg,"Introducing the LUVLY BAG LIGHT BLUE, a versatile and chic mini top-handle crochet bag. Featuring a delicate flower decal on the front, and an attachable crossbody strap for convenience. The interior includes a pouch on the back wall for organization. Elevate any outfit with this light blue bag. Mini top-handle bag Front flower decal Interior pouch back wall Removable and adjustable crossbody strap Fits daily essentials, including a phone, small wallet, keys, small headphones, and compact makeup Crossbody strap: 23-24 inches 5.5in H x 8.5in W x 5in D Crochet materials Duster bag included Imported Steve Madden LUVLY BAG LIGHT BLUE | One Size | Steve Madden Women's Luvly Bag - Light Blue","Introducing the LUVLY BAG LIGHT BLUE, a versatile and chic mini top-handle crochet bag. Featuring a delicate flower decal on the front, and an attachable crossbody strap for convenience. The interior includes a pouch on the back wall for organization. Elevate any outfit with this light blue bag. Mini top-handle bag Front flower decal Interior pouch back wall Removable and adjustable crossbody strap Fits daily essentials, including a phone, small wallet, keys, small headphones, and compact makeup Crossbody strap: 23-24 inches 5.5in H x 8.5in W x 5in D Crochet materials Duster bag included Imported Steve Madden LUVLY BAG LIGHT BLUE | One Size | Steve Madden Women's Luvly Bag - Light Blue",49.99,118.00,https://cdn.shopify.com/s/files/1/2170/8465/files/SM_HANDBAGS_BLUVLY_BLUE_04.jpg,Accessories > Top Handle Bags,Accessories > Top Handle Bags,22/09/2026,,FALSE,41370833387653,,IN STOCK,,One Size,Light Blue,,,170,TRUE,TRUE,TRUE
Steve Madden,7206778470533,7206778470533,7206778470533,Steve Madden Women's Melodie Bag - Bone Crocodile - Synthetic,https://www.stevemadden.com/products/bmelodie-bone-crocodile?utm_source=display&utm_medium=programmatic&utm_campaign=performance&utm_content=rtg,"The MELODIE BAG BONE CROCODILE features a versatile top handle paired with an attachable crossbody strap for adaptable wear. Enhanced with a charming attachable bear bag charm and a colorful scarf, it adds a sophisticated touch to your ensemble. Secure your essentials with the zipper closure, while the interior pouch on the back wall offers organized storage for smaller items. This bag blends stylish accents with practical design, perfect for refined, everyday use. Dome satchel top-handle bag Top-zipper closure Attachable bear and scarf bag charm Removable and adjustable crossbody strap Fits daily essentials, including a phone, small wallet, keys, small headphones, and compact makeup Top handle strap: 3 inches Crossbody strap: 23-24 inches 4.75in H x 8.5in W x 2.75in D Synthetic materials Duster bag included Imported Steve Madden MELODIE BAG BONE CROCODILE | One Size | Steve Madden Women's Melodie Bag - Bone Crocodile - Synthetic","The MELODIE BAG BONE CROCODILE features a versatile top handle paired with an attachable crossbody strap for adaptable wear. Enhanced with a charming attachable bear bag charm and a colorful scarf, it adds a sophisticated touch to your ensemble. Secure your essentials with the zipper closure, while the interior pouch on the back wall offers organized storage for smaller items. This bag blends stylish accents with practical design, perfect for refined, everyday use. Dome satchel top-handle bag Top-zipper closure Attachable bear and scarf bag charm Removable and adjustable crossbody strap Fits daily essentials, including a phone, small wallet, keys, small headphones, and compact makeup Top handle strap: 3 inches Crossbody strap: 23-24 inches 4.75in H x 8.5in W x 2.75in D Synthetic materials Duster bag included Imported Steve Madden MELODIE BAG BONE CROCODILE | One Size | Steve Madden Women's Melodie Bag - Bone Crocodile - Synthetic",68.00,68.00,https://cdn.shopify.com/s/files/1/2170/8465/files/STEVEMADDEN_HANDBAGS_BMELODIE_BONE-CROC_01.jpg,Accessories > Top Handle Bags,Accessories > Top Handle Bags,22/09/2026,,FALSE,41386638606469,,IN STOCK,,One Size,Bone Crocodile,,,172,TRUE,TRUE,FALSE
Steve Madden,7211702943877,7211702943877,7211702943877,Steve Madden Women's Larisas Bag - Black - Synthetic,https://www.stevemadden.com/products/blarisas-black?utm_source=display&utm_medium=programmatic&utm_campaign=performance&utm_content=rtg,"Expertly crafted for those on-the-go, the LARISAS BAG BLACK in is a small crossbody logo bag designed to fit your essentials. Featuring a convenient chain crossbody strap and a front flap with a magnetic snap closure, keeping your belongings secure has never been easier. Perfect for hands-free convenience. Small crossbody bag Front flap mag snap closure Fits daily essentials, including a phone, small wallet, keys, small headphones, and compact makeup Chain crossbody strap Crossbody strap: 23-24 inches 5in H x 8in W x 2in D Synthetic materials Duster bag included Imported Steve Madden LARISAS BAG BLACK | One Size | Steve Madden Women's Larisas Bag - Black - Synthetic","Expertly crafted for those on-the-go, the LARISAS BAG BLACK in is a small crossbody logo bag designed to fit your essentials. Featuring a convenient chain crossbody strap and a front flap with a magnetic snap closure, keeping your belongings secure has never been easier. Perfect for hands-free convenience. Small crossbody bag Front flap mag snap closure Fits daily essentials, including a phone, small wallet, keys, small headphones, and compact makeup Chain crossbody strap Crossbody strap: 23-24 inches 5in H x 8in W x 2in D Synthetic materials Duster bag included Imported Steve Madden LARISAS BAG BLACK | One Size | Steve Madden Women's Larisas Bag - Black - Synthetic",49.99,86.00,https://cdn.shopify.com/s/files/1/2170/8465/files/SM_HANDBAGS_BLARISAS_BLACK_01.jpg,Accessories > Crossbody Bags,Accessories > Crossbody Bags,22/09/2026,,FALSE,41406213030021,,IN STOCK,,One Size,Black,,,174,TRUE,TRUE,TRUE
Steve Madden,7225035751557,7225035751557,7225035751557,Steve Madden Women's Barbara Bag - White - Satin,https://www.stevemadden.com/products/bbarbara-white?utm_source=display&utm_medium=programmatic&utm_campaign=performance&utm_content=rtg,"The BARBARA BAG WHITE combines refined elegance with practical sophistication. This clutch features a soft, rounded silhouette with contemporary, clean lines, crafted from luxurious fabric with an exceptional hand feel. Custom metal bracelet hardware provides ergonomic comfort and distinctive style, while the magnetic snap closure ensures secure closure. The interior card slot keeps essentials organized, and the removable chain crossbody strap offers versatile styling options-carry it as a clutch or wear it hands-free. A timeless piece that transitions seamlessly from day to evening. Soft clutch Mag snap closure Metal hardware bracelet strap Removable chain crossbody strap Fits more than the essentials, including a phone, a full-size wallet, headphones, a makeup pouch, and sunglasses Crossbody strap: 23-24 inches 5.5in H x 11in W x 3.5in D Satin finish fabric materials Duster bag included Imported Steve Madden BARBARA BAG WHITE | One Size | Steve Madden Women's Barbara Bag - White - Satin","The BARBARA BAG WHITE combines refined elegance with practical sophistication. This clutch features a soft, rounded silhouette with contemporary, clean lines, crafted from luxurious fabric with an exceptional hand feel. Custom metal bracelet hardware provides ergonomic comfort and distinctive style, while the magnetic snap closure ensures secure closure. The interior card slot keeps essentials organized, and the removable chain crossbody strap offers versatile styling options-carry it as a clutch or wear it hands-free. A timeless piece that transitions seamlessly from day to evening. Soft clutch Mag snap closure Metal hardware bracelet strap Removable chain crossbody strap Fits more than the essentials, including a phone, a full-size wallet, headphones, a makeup pouch, and sunglasses Crossbody strap: 23-24 inches 5.5in H x 11in W x 3.5in D Satin finish fabric materials Duster bag included Imported Steve Madden BARBARA BAG WHITE | One Size | Steve Madden Women's Barbara Bag - White - Satin",54.99,78.00,https://cdn.shopify.com/s/files/1/2170/8465/files/STEVEMADDEN_HANDBAGS_BBARBARA_WHITE_01_5194f051-adb8-46d9-a62e-1f56ab9769cf.jpg,Accessories > Clutches,Accessories > Clutches,22/09/2026,,FALSE,41463805837445,,IN STOCK,,One Size,White,,,183,TRUE,TRUE,TRUE
Steve Madden,7230479663237,7230479663237,7230479663237,Steve Madden Women's Benny Bag - Black - Synthetic,https://www.stevemadden.com/products/benny-black?utm_source=display&utm_medium=programmatic&utm_campaign=performance&utm_content=rtg,"The BENNY BAG BLACK combines sophisticated design with practical versatility. This shoulder strap tote features a detachable card case for organized essentials, while the signature curb chain swap system with dog clips allows you to customize your look effortlessly. Transition from day to evening by simply swapping chain styles, or remove the strap entirely for a clutch-like silhouette. Crafted for the modern professional who values both function and fashion-forward styling. Shoulder strap tote bag Curb chain swag with dog clips Attatchable cardcase Fits more than the essentials, including a phone, a full-size wallet, headphones, a makeup pouch, and sunglasses Shoulder strap: 11 inches 11in H x 10.75in W 2.75in D Synthetic materials Duster bag included Imported Steve Madden BENNY BAG BLACK | One Size | Steve Madden Women's Benny Bag - Black - Synthetic","The BENNY BAG BLACK combines sophisticated design with practical versatility. This shoulder strap tote features a detachable card case for organized essentials, while the signature curb chain swap system with dog clips allows you to customize your look effortlessly. Transition from day to evening by simply swapping chain styles, or remove the strap entirely for a clutch-like silhouette. Crafted for the modern professional who values both function and fashion-forward styling. Shoulder strap tote bag Curb chain swag with dog clips Attatchable cardcase Fits more than the essentials, including a phone, a full-size wallet, headphones, a makeup pouch, and sunglasses Shoulder strap: 11 inches 11in H x 10.75in W 2.75in D Synthetic materials Duster bag included Imported Steve Madden BENNY BAG BLACK | One Size | Steve Madden Women's Benny Bag - Black - Synthetic",88.00,88.00,https://cdn.shopify.com/s/files/1/2170/8465/files/STEVEMADDEN_HANDBAGS_BENNY_BLACK_0262.jpg,Accessories > Totes,Accessories > Totes,22/09/2026,,FALSE,41481238052997,,IN STOCK,,One Size,Black,,,187,TRUE,TRUE,FALSE
Steve Madden,7230479696005,7230479696005,7230479696005,Steve Madden Women's Irina Bag - Tobacco - Synthetic,https://www.stevemadden.com/products/birina-d-tobacco?utm_source=display&utm_medium=programmatic&utm_campaign=performance&utm_content=rtg,"The IRINA PATCHWORK BAG TOBACCO combines style and function with its unique design. This shoulder bag features a secure top zipper closure to keep your essentials protected. Removable bag charms let you personalize your look and switch up your style whenever you want. Perfect for everyday wear, this versatile handbag transitions seamlessly from work to weekend. Shoulder bag Attachable bag charms Stud details Fits daily essentials, including a phone, small wallet, keys, small headphones, and compact makeup Shoulder strap: 11 inches 5in H x 11.25in W x 2in D Synthetic materials Duster bag included Imported Steve Madden IRINA BAG TOBACCO | One Size | Steve Madden Women's Irina Bag - Tobacco - Synthetic","The IRINA PATCHWORK BAG TOBACCO combines style and function with its unique design. This shoulder bag features a secure top zipper closure to keep your essentials protected. Removable bag charms let you personalize your look and switch up your style whenever you want. Perfect for everyday wear, this versatile handbag transitions seamlessly from work to weekend. Shoulder bag Attachable bag charms Stud details Fits daily essentials, including a phone, small wallet, keys, small headphones, and compact makeup Shoulder strap: 11 inches 5in H x 11.25in W x 2in D Synthetic materials Duster bag included Imported Steve Madden IRINA BAG TOBACCO | One Size | Steve Madden Women's Irina Bag - Tobacco - Synthetic",54.99,78.00,https://cdn.shopify.com/s/files/1/2170/8465/files/STEVEMADDEN_HANDBAGS_BIRINA_TOBACCO_01.jpg,Accessories > Shoulder Bags,Accessories > Shoulder Bags,22/09/2026,,FALSE,41481238085765,,IN STOCK,,One Size,Tobacco,,,188,TRUE,TRUE,TRUE
Steve Madden,7230859313285,7230859313285,7230859313285,Steve Madden Women's Cierra Bag - Brown - Synthetic,https://www.stevemadden.com/products/bcierra-brown?utm_source=display&utm_medium=programmatic&utm_campaign=performance&utm_content=rtg,"The CIERRA BAG BROWN is a versatile east-west shoulder bag designed for everyday sophistication. Features include tubular handles for comfortable carrying, a two-way top zipper for easy access, and an attachable scarf detail that adds a polished finishing touch. Perfect as a shoulder bag for work, travel, or weekend outings, this structured silhouette combines functionality with timeless style. Shoulder bag Tubular straps Attachable scarf Fits more than the essentials, including a phone, full-size wallet, headphones, makeup pouch, and sunglasses Shoulder strap: 9.5 inches 5.25in H x 14in W x 5.25in D Synthetic materials Duster bag included Imported Steve Madden CIERRA BAG BROWN | One Size | Steve Madden Women's Cierra Bag - Brown - Synthetic","The CIERRA BAG BROWN is a versatile east-west shoulder bag designed for everyday sophistication. Features include tubular handles for comfortable carrying, a two-way top zipper for easy access, and an attachable scarf detail that adds a polished finishing touch. Perfect as a shoulder bag for work, travel, or weekend outings, this structured silhouette combines functionality with timeless style. Shoulder bag Tubular straps Attachable scarf Fits more than the essentials, including a phone, full-size wallet, headphones, makeup pouch, and sunglasses Shoulder strap: 9.5 inches 5.25in H x 14in W x 5.25in D Synthetic materials Duster bag included Imported Steve Madden CIERRA BAG BROWN | One Size | Steve Madden Women's Cierra Bag - Brown - Synthetic",59.99,128.00,https://cdn.shopify.com/s/files/1/2170/8465/files/STEVEMADDEN_HANDBAGS_BCIERRA_BROWN_01.jpg,Accessories > Shoulder Bags,Accessories > Shoulder Bags,22/09/2026,,FALSE,41482645209221,,IN STOCK,,One Size,Brown,,,189,TRUE,TRUE,TRUE
Steve Madden,7230859542661,7230859542661,7230859542661,Steve Madden Women's Andre Bag - Black - Rhinestones,https://www.stevemadden.com/products/bandre-black?utm_source=display&utm_medium=programmatic&utm_campaign=performance&utm_content=rtg,"The ANDRE BAG BLACK is an eye-catching handbag that combines sheer mesh construction with luxe details. Delicate rhinestones catch the light across the body, while a charming bow tie closure adds a playful finishing touch. The top handle design makes it easy to carry, perfect for evening events or adding a touch of glamour to any outfit. A statement piece that elevates your look with understated sophistication. Top handle sheer handbag All-over rhinestone retail Tie closure Fits daily essentials, including a phone, small wallet, keys, small headphones, and compact makeup Top handle strap: 5.25 inch drop 6.5in H x 9.5 W x 4in D Textile materials Duster bag included Imported Steve Madden ANDRE BAG BLACK | One Size | Steve Madden Women's Andre Bag - Black - Rhinestones","The ANDRE BAG BLACK is an eye-catching handbag that combines sheer mesh construction with luxe details. Delicate rhinestones catch the light across the body, while a charming bow tie closure adds a playful finishing touch. The top handle design makes it easy to carry, perfect for evening events or adding a touch of glamour to any outfit. A statement piece that elevates your look with understated sophistication. Top handle sheer handbag All-over rhinestone retail Tie closure Fits daily essentials, including a phone, small wallet, keys, small headphones, and compact makeup Top handle strap: 5.25 inch drop 6.5in H x 9.5 W x 4in D Textile materials Duster bag included Imported Steve Madden ANDRE BAG BLACK | One Size | Steve Madden Women's Andre Bag - Black - Rhinestones",69.99,98.00,https://cdn.shopify.com/s/files/1/2170/8465/files/STEVEMADDEN_HANDBAGS_BANDRE_BLACK_01.jpg,Accessories > Top Handle Bags,Accessories > Top Handle Bags,22/09/2026,,FALSE,41482646192261,,IN STOCK,,One Size,Black,,,190,TRUE,TRUE,TRUE
Steve Madden,7230915543173,7230915543173,7230915543173,Steve Madden Women's Peach Jelly Bag - Yellow - Synthetic,https://www.stevemadden.com/products/bpeach-j-yellow?utm_source=display&utm_medium=programmatic&utm_campaign=performance&utm_content=rtg,"The PEACH JELLY BAG YELLOW is a contemporary essential for the modern minimalist. This compact jelly silhouette showcases a structured tubular design anchored by a refined top handle, perfect for hand-carry versatility. The removable chain crossbody strap adapts to your lifestyle, whether you prefer shoulder wear or hand-held styling. Thoughtfully proportioned to slip your phone inside with room to spare, the unlined interior eliminates unnecessary compartments for streamlined simplicity. A sophisticated accent piece that elevates any wardrobe with its bold color and architectural construction. Mini jelly bag Top-zipper closure Tubular top handle straps Removable and adjustable chain crossbody strap Fits daily essentials, including a phone, small wallet, keys, small headphones, and compact makeup Top-handle strap: 3 inches Crossbody strap: 23-24 inches 4.75in H x 8in W x 3.5in D Synthetic materials Duster bag included Imported Steve Madden PEACH JELLY BAG YELLOW | One Size | Steve Madden Women's Peach Jelly Bag - Yellow - Synthetic","The PEACH JELLY BAG YELLOW is a contemporary essential for the modern minimalist. This compact jelly silhouette showcases a structured tubular design anchored by a refined top handle, perfect for hand-carry versatility. The removable chain crossbody strap adapts to your lifestyle, whether you prefer shoulder wear or hand-held styling. Thoughtfully proportioned to slip your phone inside with room to spare, the unlined interior eliminates unnecessary compartments for streamlined simplicity. A sophisticated accent piece that elevates any wardrobe with its bold color and architectural construction. Mini jelly bag Top-zipper closure Tubular top handle straps Removable and adjustable chain crossbody strap Fits daily essentials, including a phone, small wallet, keys, small headphones, and compact makeup Top-handle strap: 3 inches Crossbody strap: 23-24 inches 4.75in H x 8in W x 3.5in D Synthetic materials Duster bag included Imported Steve Madden PEACH JELLY BAG YELLOW | One Size | Steve Madden Women's Peach Jelly Bag - Yellow - Synthetic",59.99,68.00,https://cdn.shopify.com/s/files/1/2170/8465/files/STEVEMADDEN_HANDBAGS_BPEACH-J_YELLOW_0352.jpg,Accessories > Top Handle Bags,Accessories > Top Handle Bags,22/09/2026,,FALSE,41482850107525,,IN STOCK,,One Size,Yellow,,,195,TRUE,TRUE,TRUE
Steve Madden,7230915575941,7230915575941,7230915575941,Steve Madden Women's Tanzie Woven Bag - Tobacco - Suede,https://www.stevemadden.com/products/btanziew-tobacco?utm_source=display&utm_medium=programmatic&utm_campaign=performance&utm_content=rtg,"The TANZIE WOVEN BAG TOBACCO combines timeless style with practical functionality. This shoulder bag features a strap with two-tone buckle detail that adds visual interest to any outfit. The secure zipper closure keeps your essentials protected while you're on the go. Perfect for everyday wear, this handbag transitions seamlessly from work to weekend adventures. Shoulder bag Two tone adjustable strap buckle Top-zipper closure Fits daily essentials, including a phone, small wallet, keys, small headphones, and compact makeup Shoulder strap: 12 inches 5in H x 10in W x 3in D Faux suede materials Duster bag included Imported Steve Madden TANZIE WOVEN BAG TOBACCO | One Size | Steve Madden Women's Tanzie Woven Bag - Tobacco - Suede","The TANZIE WOVEN BAG TOBACCO combines timeless style with practical functionality. This shoulder bag features a strap with two-tone buckle detail that adds visual interest to any outfit. The secure zipper closure keeps your essentials protected while you're on the go. Perfect for everyday wear, this handbag transitions seamlessly from work to weekend adventures. Shoulder bag Two tone adjustable strap buckle Top-zipper closure Fits daily essentials, including a phone, small wallet, keys, small headphones, and compact makeup Shoulder strap: 12 inches 5in H x 10in W x 3in D Faux suede materials Duster bag included Imported Steve Madden TANZIE WOVEN BAG TOBACCO | One Size | Steve Madden Women's Tanzie Woven Bag - Tobacco - Suede",39.99,88.00,https://cdn.shopify.com/s/files/1/2170/8465/files/STEVEMADDEN_HANDBAGS_BTANZIEW_TOBACCO_03.jpg,Accessories > Shoulder Bags,Accessories > Shoulder Bags,22/09/2026,,FALSE,41482850140293,,IN STOCK,,One Size,Tobacco,,,196,TRUE,TRUE,TRUE
Steve Madden,7231977652357,7231977652357,7231977652357,Steve Madden Women's Sefina Bag - Black - Synthetic,https://www.stevemadden.com/products/bsefina-black?utm_source=display&utm_medium=programmatic&utm_campaign=performance&utm_content=rtg,"The SEFINA BAG BLACK combines vintage-inspired elegance with modern versatility. Crafted in premium materials, this oversized clutch offers generous space for everyday essentials and special occasions alike. The iconic kiss-lock metal frame adds a timeless touch, while the attachable chain strap lets you carry it as a clutch or wear it crossbody. Perfect for transitioning from day to night, this statement piece brings sophisticated style to any outfit. Oversized clutch Kiss-lock closure Attachable chain strap Fits a full day's essentials, including a laptop, tablet, books, and a water bottle Chain strap: 10 inches 11.75in H x 16.5in W x 5in D Synthetic materials Duster bag included Imported Steve Madden SEFINA BAG BLACK | One Size | Steve Madden Women's Sefina Bag - Black - Synthetic","The SEFINA BAG BLACK combines vintage-inspired elegance with modern versatility. Crafted in premium materials, this oversized clutch offers generous space for everyday essentials and special occasions alike. The iconic kiss-lock metal frame adds a timeless touch, while the attachable chain strap lets you carry it as a clutch or wear it crossbody. Perfect for transitioning from day to night, this statement piece brings sophisticated style to any outfit. Oversized clutch Kiss-lock closure Attachable chain strap Fits a full day's essentials, including a laptop, tablet, books, and a water bottle Chain strap: 10 inches 11.75in H x 16.5in W x 5in D Synthetic materials Duster bag included Imported Steve Madden SEFINA BAG BLACK | One Size | Steve Madden Women's Sefina Bag - Black - Synthetic",98.00,98.00,https://cdn.shopify.com/s/files/1/2170/8465/files/STEVEMADDEN_HANDBAGS_BSEFINA_BLACK_02-1.jpg,Accessories > Clutches,Accessories > Clutches,22/09/2026,,FALSE,41488804741253,,IN STOCK,,One Size,Black,,,198,TRUE,TRUE,FALSE
Steve Madden,7235062759557,7235062759557,7235062759557,Steve Madden Women's Larisa Woven Bag - Chocolate - Microsuede,https://www.stevemadden.com/products/blarisaw-chocolate?utm_source=display&utm_medium=programmatic&utm_campaign=performance&utm_content=rtg,"Expertly crafted for those on-the-go, the LARISA WOVEN BAG CHOCOLATE in is a small crossbody logo bag designed to fit your essentials. Featuring a convenient chain crossbody strap and a front flap with a magnetic snap closure, keeping your belongings secure has never been easier. Perfect for hands-free convenience. Small crossbody bag Front flap mag snap closure Fits daily essentials, including a phone, small wallet, keys, small headphones, and compact makeup Chain crossbody strap Crossbody strap: 23-24 inches 5in H x 8in W x 2in D Microsuede materials Duster bag included Imported Steve Madden LARISA WOVEN BAG CHOCOLATE | One Size | Steve Madden Women's Larisa Woven Bag - Chocolate - Microsuede","Expertly crafted for those on-the-go, the LARISA WOVEN BAG CHOCOLATE in is a small crossbody logo bag designed to fit your essentials. Featuring a convenient chain crossbody strap and a front flap with a magnetic snap closure, keeping your belongings secure has never been easier. Perfect for hands-free convenience. Small crossbody bag Front flap mag snap closure Fits daily essentials, including a phone, small wallet, keys, small headphones, and compact makeup Chain crossbody strap Crossbody strap: 23-24 inches 5in H x 8in W x 2in D Microsuede materials Duster bag included Imported Steve Madden LARISA WOVEN BAG CHOCOLATE | One Size | Steve Madden Women's Larisa Woven Bag - Chocolate - Microsuede",39.99,84.00,https://cdn.shopify.com/s/files/1/2170/8465/files/STEVEMADDEN_HANDBAGS_BLARISAW_CHOCOLATE_01.jpg,Accessories > Crossbody Bags,Accessories > Crossbody Bags,22/09/2026,,FALSE,41496539594885,,IN STOCK,,One Size,Chocolate,,,201,TRUE,TRUE,TRUE
Steve Madden,7235446603909,7235446603909,7235446603909,Steve Madden Women's Mariela Bag - White - Satin,https://www.stevemadden.com/products/bmariela-white?utm_source=display&utm_medium=programmatic&utm_campaign=performance&utm_content=rtg,"The MARIELA BAG WHITE is a sophisticated satin clutch with a drawstring and magnetic snap closure. Featuring a beaded strap and an attachable crossbody strap, this bag adapts to your needs. The luxe satin finish and thoughtful design details make it an essential piece for evening occasions and refined everyday wear. Satin clutch Marble beads Removable beaded strap and crossbody chain strap Fits only the few essentials, including lipstick, cards, and a phone Top handle strap: 4 inch drop Crossbody strap: 23-24 inches 5in H x 8.75in W x 2.75in D Textile materials Duster bag included Imported Steve Madden MARIELA BAG WHITE | One Size | Steve Madden Women's Mariela Bag - White - Satin","The MARIELA BAG WHITE is a sophisticated satin clutch with a drawstring and magnetic snap closure. Featuring a beaded strap and an attachable crossbody strap, this bag adapts to your needs. The luxe satin finish and thoughtful design details make it an essential piece for evening occasions and refined everyday wear. Satin clutch Marble beads Removable beaded strap and crossbody chain strap Fits only the few essentials, including lipstick, cards, and a phone Top handle strap: 4 inch drop Crossbody strap: 23-24 inches 5in H x 8.75in W x 2.75in D Textile materials Duster bag included Imported Steve Madden MARIELA BAG WHITE | One Size | Steve Madden Women's Mariela Bag - White - Satin",79.99,108.00,https://cdn.shopify.com/s/files/1/2170/8465/files/STEVEMADDEN_HANDBAGS_BMARIELA_WHITE_04.jpg,Accessories > Clutches,Accessories > Clutches,22/09/2026,,FALSE,41498407862405,,IN STOCK,,One Size,White,,,202,TRUE,TRUE,TRUE
Steve Madden,7235498508421,7235498508421,7235498508421,Steve Madden Women's Misha Bag - Black - Mesh,https://www.stevemadden.com/products/bmisha-black?utm_source=display&utm_medium=programmatic&utm_campaign=performance&utm_content=rtg,"The MISHA BAG BLACK is a versatile tote designed for everyday elegance. Its mesh construction offers breathable style perfect for beach trips, shopping, or casual outings. The included beaded bag charm adds a personalized touch, while the secure zipper closure keeps your essentials protected. Lightweight and spacious, this tote transitions effortlessly from day to night. Mesh tote bag Zipper closure Attachable beaded charms Fits a full day's essentials, including a laptop, tablet, books, and a water bottle Top handle strap: 11.5 inch drop 17.5in H x 17in W x 18.25in D Synthetic materials Duster bag included Imported Steve Madden MISHA BAG BLACK | One Size | Steve Madden Women's Misha Bag - Black - Mesh","The MISHA BAG BLACK is a versatile tote designed for everyday elegance. Its mesh construction offers breathable style perfect for beach trips, shopping, or casual outings. The included beaded bag charm adds a personalized touch, while the secure zipper closure keeps your essentials protected. Lightweight and spacious, this tote transitions effortlessly from day to night. Mesh tote bag Zipper closure Attachable beaded charms Fits a full day's essentials, including a laptop, tablet, books, and a water bottle Top handle strap: 11.5 inch drop 17.5in H x 17in W x 18.25in D Synthetic materials Duster bag included Imported Steve Madden MISHA BAG BLACK | One Size | Steve Madden Women's Misha Bag - Black - Mesh",54.99,78.00,https://cdn.shopify.com/s/files/1/2170/8465/files/STEVEMADDEN_HANDBAGS_BMISHA_BLACK_01.jpg,Accessories > Totes,Accessories > Totes,22/09/2026,,FALSE,41498597326981,,IN STOCK,,One Size,Black,,,203,TRUE,TRUE,TRUE
Steve Madden,7238523584645,7238523584645,7238523584645,Steve Madden Women's Lohan Bag - Zebra - Synthetic,https://www.stevemadden.com/products/blohan1-zebra?utm_source=display&utm_medium=programmatic&utm_campaign=performance&utm_content=rtg,"The LOHAN BAG ZEBRA is a structured crescent hobo shoulder bag that features a distinctive statement hardware piece, elevating its stylish appeal. Designed for both function and fashion, it includes two front zip compartments and an interior back wall pocket, offering organized storage for essentials. Its shape and sturdy construction ensure it maintains form while providing comfortable shoulder carry, making it a versatile accessory for refined everyday wear. Structured shoulder bag Statement two-tone hardware piece Interior back wall Fits more than the essentials, including a phone, a full-size wallet, headphones, a makeup pouch, and sunglasses Shoulder strap: 9 inches 8in H x 9in W x 3in D Synthetic materials Duster bag included Imported Steve Madden LOHAN BAG ZEBRA | One Size | Steve Madden Women's Lohan Bag - Zebra - Synthetic","The LOHAN BAG ZEBRA is a structured crescent hobo shoulder bag that features a distinctive statement hardware piece, elevating its stylish appeal. Designed for both function and fashion, it includes two front zip compartments and an interior back wall pocket, offering organized storage for essentials. Its shape and sturdy construction ensure it maintains form while providing comfortable shoulder carry, making it a versatile accessory for refined everyday wear. Structured shoulder bag Statement two-tone hardware piece Interior back wall Fits more than the essentials, including a phone, a full-size wallet, headphones, a makeup pouch, and sunglasses Shoulder strap: 9 inches 8in H x 9in W x 3in D Synthetic materials Duster bag included Imported Steve Madden LOHAN BAG ZEBRA | One Size | Steve Madden Women's Lohan Bag - Zebra - Synthetic",49.99,84.00,https://cdn.shopify.com/s/files/1/2170/8465/files/STEVEMADDEN_HANDBAGS_BLOHAN1_ZEBRA_01.jpg,Accessories > Shoulder Bags,Accessories > Shoulder Bags,22/09/2026,,FALSE,41504213991557,,IN STOCK,,One Size,Zebra,,,204,TRUE,TRUE,TRUE
Steve Madden,7249651957893,7249651957893,7249651957893,Steve Madden Women's Larisa Bag - Denim - Synthetic,https://www.stevemadden.com/products/blarisad-denim?utm_source=display&utm_medium=programmatic&utm_campaign=performance&utm_content=rtg,"Expertly crafted for those on-the-go, the LARISA BAG DENIM in is a small crossbody logo bag designed to fit your essentials. Featuring a convenient chain crossbody strap and a front flap with a magnetic snap closure, keeping your belongings secure has never been easier. Perfect for hands-free convenience. Small crossbody bag Front flap mag snap closure Fits daily essentials, including a phone, small wallet, keys, small headphones, and compact makeup Chain crossbody strap Crossbody strap: 23-24 inches 5in H x 8in W x 2in D Denim and synthetic materials Duster bag included Imported Steve Madden LARISA BAG DENIM | One Size | Steve Madden Women's Larisa Bag - Denim - Synthetic","Expertly crafted for those on-the-go, the LARISA BAG DENIM in is a small crossbody logo bag designed to fit your essentials. Featuring a convenient chain crossbody strap and a front flap with a magnetic snap closure, keeping your belongings secure has never been easier. Perfect for hands-free convenience. Small crossbody bag Front flap mag snap closure Fits daily essentials, including a phone, small wallet, keys, small headphones, and compact makeup Chain crossbody strap Crossbody strap: 23-24 inches 5in H x 8in W x 2in D Denim and synthetic materials Duster bag included Imported Steve Madden LARISA BAG DENIM | One Size | Steve Madden Women's Larisa Bag - Denim - Synthetic",59.99,84.00,https://cdn.shopify.com/s/files/1/2170/8465/files/STEVEMADDEN_HANDBAGS_BLARISAD_DENIM_01.jpg,Accessories > Crossbody Bags,Accessories > Crossbody Bags,22/09/2026,,FALSE,41544209105029,,IN STOCK,,One Size,Denim,,,208,TRUE,TRUE,TRUE
Steve Madden,7250619564165,7250619564165,7250619564165,Steve Madden Women's Seren Bag - Rust - Synthetic,https://www.stevemadden.com/products/bseren-rust?utm_source=display&utm_medium=programmatic&utm_campaign=performance&utm_content=rtg,"The SEREN BAG RUST is a shoulder bag designed for everyday versatility. It features a secure top zipper closure and an integrated beaded strap that adds distinctive character. The beads showcase unique marble detailing, creating a one-of-a-kind accent that elevates any look. Structured shoulder bag Integrated bead strap Top-zipper closure Fits daily essentials, including a phone, small wallet, keys, small headphones, and compact makeup Shoulder strap: 11.5 inches 6in H x 11.25in W x 1.5in D Synthetic materials Duster bag included Imported Steve Madden SEREN BAG RUST | One Size | Steve Madden Women's Seren Bag - Rust - Synthetic","The SEREN BAG RUST is a shoulder bag designed for everyday versatility. It features a secure top zipper closure and an integrated beaded strap that adds distinctive character. The beads showcase unique marble detailing, creating a one-of-a-kind accent that elevates any look. Structured shoulder bag Integrated bead strap Top-zipper closure Fits daily essentials, including a phone, small wallet, keys, small headphones, and compact makeup Shoulder strap: 11.5 inches 6in H x 11.25in W x 1.5in D Synthetic materials Duster bag included Imported Steve Madden SEREN BAG RUST | One Size | Steve Madden Women's Seren Bag - Rust - Synthetic",54.99,78.00,https://cdn.shopify.com/s/files/1/2170/8465/files/STEVEMADDEN_HANDBAGS_BSEREN_RUST_01.jpg,Accessories > Shoulder Bags,Accessories > Shoulder Bags,22/09/2026,,FALSE,41549033832581,,IN STOCK,,One Size,Rust,,,212,TRUE,TRUE,TRUE
Steve Madden,7250619629701,7250619629701,7250619629701,Steve Madden Women's Seren Bag - Black - Synthetic,https://www.stevemadden.com/products/bseren-black?utm_source=display&utm_medium=programmatic&utm_campaign=performance&utm_content=rtg,"The SEREN BAG BLACK is a shoulder bag designed for everyday versatility. It features a secure top zipper closure and an integrated beaded strap that adds distinctive character. The beads showcase unique marble detailing, creating a one-of-a-kind accent that elevates any look. Structured shoulder bag Integrated bead strap Top-zipper closure Fits daily essentials, including a phone, small wallet, keys, small headphones, and compact makeup Shoulder strap: 11.5 inches 6in H x 11.25in W x 1.5in D Synthetic materials Duster bag included Imported Steve Madden SEREN BAG BLACK | One Size | Steve Madden Women's Seren Bag - Black - Synthetic","The SEREN BAG BLACK is a shoulder bag designed for everyday versatility. It features a secure top zipper closure and an integrated beaded strap that adds distinctive character. The beads showcase unique marble detailing, creating a one-of-a-kind accent that elevates any look. Structured shoulder bag Integrated bead strap Top-zipper closure Fits daily essentials, including a phone, small wallet, keys, small headphones, and compact makeup Shoulder strap: 11.5 inches 6in H x 11.25in W x 1.5in D Synthetic materials Duster bag included Imported Steve Madden SEREN BAG BLACK | One Size | Steve Madden Women's Seren Bag - Black - Synthetic",54.99,78.00,https://cdn.shopify.com/s/files/1/2170/8465/files/STEVEMADDEN_HANDBAGS_BSEREN_BLACK_03.jpg,Accessories > Shoulder Bags,Accessories > Shoulder Bags,22/09/2026,,FALSE,41549034225797,,IN STOCK,,One Size,Black,,,214,TRUE,TRUE,TRUE
Steve Madden,7250619728005,7250619728005,7250619728005,Steve Madden Women's Larisa Woven Bag - Tobacco - Microsuede,https://www.stevemadden.com/products/blarisaw-tobacco?utm_source=display&utm_medium=programmatic&utm_campaign=performance&utm_content=rtg,"Expertly crafted for those on-the-go, the LARISA WOVEN BAG TOBACCO in is a small crossbody logo bag designed to fit your essentials. Featuring a convenient chain crossbody strap and a front flap with a magnetic snap closure, keeping your belongings secure has never been easier. Perfect for hands-free convenience. Small crossbody bag Front flap mag snap closure Fits daily essentials, including a phone, small wallet, keys, small headphones, and compact makeup Chain crossbody strap Crossbody strap: 23-24 inches 5in H x 8in W x 2in D Microsuede materials Duster bag included Imported Steve Madden LARISA WOVEN BAG TOBACCO | One Size | Steve Madden Women's Larisa Woven Bag - Tobacco - Microsuede","Expertly crafted for those on-the-go, the LARISA WOVEN BAG TOBACCO in is a small crossbody logo bag designed to fit your essentials. Featuring a convenient chain crossbody strap and a front flap with a magnetic snap closure, keeping your belongings secure has never been easier. Perfect for hands-free convenience. Small crossbody bag Front flap mag snap closure Fits daily essentials, including a phone, small wallet, keys, small headphones, and compact makeup Chain crossbody strap Crossbody strap: 23-24 inches 5in H x 8in W x 2in D Microsuede materials Duster bag included Imported Steve Madden LARISA WOVEN BAG TOBACCO | One Size | Steve Madden Women's Larisa Woven Bag - Tobacco - Microsuede",39.99,84.00,https://cdn.shopify.com/s/files/1/2170/8465/files/STEVEMADDEN_HANDBAGS_BLARISAW_TOBACCO_01.jpg,Accessories > Crossbody Bags,Accessories > Crossbody Bags,22/09/2026,,FALSE,41549034487941,,IN STOCK,,One Size,Tobacco,,,217,TRUE,TRUE,TRUE
